frame_idx,active_event,nearest_trigger,distance_to_trigger,semantic_score,base_budget,final_budget_after_rescue,configured_semantic_refine_iterations,minimum_semantic_refine_iterations,base_sqp_iterations,semantic_refine_iterations,actual_sqp_iterations,semantic_body_parts,frame_wall_time,mesh_time,optimization_time,collision_check_time,jacobian_time,solver_time,coarse_total_cost,final_total_cost,coarse_left_hand_object_error,coarse_right_hand_object_error,semantic_vertex_weight_mean,semantic_vertex_weight_max,semantic_boosted_vertex_count,semantic_weight_l1,semantic_weight_l2,is_critical_interaction_neighborhood,penetration_depth,raw_penetration_depth,raw_penetration_pair_count,expected_contact_penetration_depth,expected_contact_penetration_pair_count,illegal_penetration_depth,illegal_penetration_pair_count,left_hand_box_signed_distance,right_hand_box_signed_distance,self_collision_violation,joint_limit_violation,foot_sticking_error,velocity_limit_violation,final_laplacian_error,left_hand_demo_object_distance,left_hand_robot_object_distance,left_hand_object_error,left_hand_local_laplacian_error,left_hand_object_neighbor_laplacian_error,right_hand_demo_object_distance,right_hand_robot_object_distance,right_hand_object_error,right_hand_local_laplacian_error,right_hand_object_neighbor_laplacian_error,pelvis_robot_position,left_hand_robot_position,right_hand_robot_position
0,,place,27,2.6602064159439866e-40,50,50,0,0,50,0,50,,1.8318470150697976,0.002640580991283059,1.8174440420698375,0.011733581079170108,,1.8174440420698375,1.1843197111200612,1.1843197111200612,,,1.0,1.0,0,0.0,0.0,False,0.0014683117942896062,0.028121296152426145,17,0.0031038711506328753,13,0.0,0,0.08330191633362816,0.14348423131428412,,0.0,0.0,,0.02216287178401527,0.222575568590948,0.261747590605622,0.03917202201467404,0.0673238599442344,0.018941533531892946,0.2745051197479645,0.29032930133646623,0.01582418158850174,0.05567150598183199,0.017795206513540027,0.6347837536785604|0.8022254605390892|0.7704831134259317,0.8535500641405531|0.6324761172535904|0.5958030154155177,0.39922125349784665|0.6539254724494161|0.6124329095519923
1,,place,26,2.005008781961654e-37,2,2,0,0,2,0,2,,0.0942166531458497,0.0026742960326373577,0.08008178696036339,0.011431536171585321,,0.08008178696036339,0.7522796835342794,0.7522796835342794,,,1.0,1.0,0,0.0,0.0,False,0.0008618065140983122,0.02986117164111296,14,0.0031473427068362536,10,0.0,0,0.05648909465402596,0.1167468985500193,,0.0,0.001602318679462273,,0.021507266009788615,0.19466303616604216,0.23410059979236628,0.03943756362632411,0.06194177950250897,0.017485154122083155,0.24702061277048,0.2616260927172897,0.01460547994680969,0.050360143801756664,0.01662527632596058,0.634966888976732|0.8105347363590003|0.7586585046929529,0.8672929556770137|0.6428567156554494|0.5585341868628808,0.38948802865318943|0.651589451840023|0.5742381828494985
2,,place,25,1.1769109439216723e-34,2,2,0,0,2,0,2,,0.09892310597933829,0.002671821042895317,0.08435890800319612,0.011863987892866135,,0.08435890800319612,0.709602344328849,0.709602344328849,,,1.0,1.0,0,0.0,0.0,False,0.0007487152207827988,0.031437388656473386,13,0.0031186797000378186,9,0.0,0,0.02860719478903917,0.0839065590072785,,0.0,0.0014978421665217195,,0.021087189445256328,0.16702964198679293,0.202932966071004,0.03590332408421107,0.057363093150882165,0.017921863145598006,0.218889967517298,0.2265190818468393,0.007629114329541303,0.04472889725629413,0.016585712127882048,0.6289277224485098|0.8226474256496064|0.7420897088742396,0.8722882118988076|0.6521594976035633|0.5165103220982952,0.3871825105964536|0.6413949335485624|0.5310731163130751
3,,place,24,5.380186160021138e-32,2,2,0,0,2,0,2,,0.10349694499745965,0.002654584124684334,0.08869842998683453,0.012115956982597709,,0.08869842998683453,0.6998206170528202,0.6998206170528202,,,1.0,1.0,0,0.0,0.0,False,0.0007018770111012138,0.0328528541989456,12,0.003141146459411881,8,0.0,0,0.004958148041380284,0.05140771081711115,,0.0,0.0015619835780543287,,0.021011448692806432,0.14084248028933713,0.16683538439888795,0.025992904109550824,0.05219048139124675,0.018696247419196513,0.19075423092319974,0.19196754400807706,0.001213313084877321,0.03489736616887677,0.01697826045487717,0.6210297949400098|0.837664692260075|0.7208131733401721,0.8783624223808002|0.6549530795325477|0.47193090582124697,0.38664312361107217|0.6272751502309634|0.48529909523863407
4,,place,23,1.915478951967148e-29,2,2,0,0,2,0,2,,0.10614929185248911,0.0026499771047383547,0.0911513390019536,0.012320013018324971,,0.0911513390019536,0.7085496583745072,0.7085496583745072,,,1.0,1.0,0,0.0,0.0,False,0.0006260714993968908,0.03436358549959159,12,0.0031371618314882943,7,0.0,0,-0.01047609259449267,0.024137390268547776,,0.0,0.0017885666411128754,,0.02119042076120044,0.11775434054355444,0.13857745438438213,0.02082311384082769,0.046695318316322704,0.01877883826563073,0.16346603677236926,0.16396418394455087,0.0004981471721816066,0.03006702956716749,0.017990794179886947,0.6114696524006547|0.856425911343671|0.6941627244571237,0.8841320130919756|0.6536976876786562|0.43091239002955395,0.38582344185935796|0.6164025512374487|0.4386099492443654
5,,place,22,5.311092249679095e-27,2,2,0,0,2,0,2,,0.10860054800286889,0.002699719974771142,0.09338999795727432,0.012482080142945051,,0.09338999795727432,0.6766850317717439,0.6766850317717439,,,1.0,1.0,0,0.0,0.0,False,0.0010008670982612697,0.036167791746331224,12,0.0031110539474660526,8,0.0,0,-0.018151751295768292,0.008951794349103537,,0.0,0.0015608839938536885,,0.021002829083921495,0.09956860049399487,0.1192094638987996,0.01964086340480474,0.041378817738600644,0.018866397540957144,0.13873854643006756,0.14932867065857738,0.010590124228509828,0.03035751275903562,0.018172175016847997,0.6082095963737044|0.8692279747617605|0.6657605500984335,0.890545225358443|0.6505504520730025|0.3918645542743151,0.3839301644196605|0.6000560874288536|0.39632159337380923
6,,place,21,1.146876582225596e-24,2,2,0,0,2,0,2,,0.13650870299898088,0.00265178713016212,0.12050500512123108,0.013323115184903145,,0.12050500512123108,0.6992529091391538,0.6992529091391538,,,1.0,1.0,0,0.0,0.0,False,0.0036578880462905528,0.03596268638391392,13,0.0031355946968038007,8,0.0036578880462905528,1,-0.017400105934010313,-0.0036286812678341107,,0.0,0.0015628022324350598,,0.021295095489415886,0.08879512663570269,0.09942560020845251,0.010630473572749821,0.0415662312835575,0.019653698105941923,0.11883766528894972,0.1373073448076454,0.018469679518695672,0.030835580818325548,0.018528863670964874,0.6074562507821675|0.8837596554823388|0.6437505947948661,0.8957232853569064|0.648159672577739|0.35367273351812506,0.38924121589623695|0.586092826612217|0.363767518324596
7,,place,20,1.9287498479639178e-22,2,2,0,0,2,0,2,,0.11806969786994159,0.0026869610883295536,0.10230114217847586,0.013053512899205089,,0.10230114217847586,0.7074627970385987,0.7074627970385987,,,1.0,1.0,0,0.0,0.0,False,0.0018857452903573296,0.03566209475692944,11,0.0031557274893412313,6,0.0018857452903573296,1,-0.020145008612081128,-0.010882618161749846,,0.0,0.001396962169584826,,0.021476682015098104,0.08391605980249676,0.0863859747898572,0.002469914987360433,0.03758451731862834,0.019518196820789577,0.10638536290407621,0.11996975972545915,0.013584396821382932,0.03056428062376838,0.018730206637811816,0.6062538915689463|0.8902650156532012|0.6264220759030295,0.897427045285449|0.6391273693405009|0.3190177385036814,0.39679789117385494|0.5730265980672671|0.3310253351934326
8,,place,19,2.5261637809256925e-20,2,2,0,0,2,0,2,,0.12011757004074752,0.0026292719412595034,0.10428399289958179,0.013176718028262258,,0.10428399289958179,0.7051894185467226,0.7051894185467226,,,1.0,1.0,0,0.0,0.0,False,0.002305498241134435,0.03620982883466786,11,0.002967420815621097,6,0.002305498241134435,1,-0.015931205081123778,-0.008213483296691138,,0.0,0.0012910031851725292,,0.02140330787140613,0.08027341396293271,0.08595208698073552,0.00567867301780281,0.03744310913310918,0.0192776960309166,0.09965398132270455,0.11184166655337087,0.012187685230666323,0.031058068915877597,0.019146308339215958,0.6033463693646861|0.8956986822384848|0.6108150463755321,0.8988085519123039|0.6328592841767233|0.29184650685421754,0.40218801468729326|0.5626605571483149|0.2969061674420498
9,,place,18,2.576757109154981e-18,2,2,0,0,2,0,2,,0.12334800907410681,0.002670101821422577,0.10722819995135069,0.013420229079201818,,0.10722819995135069,0.7018754661568866,0.7018754661568866,,,1.0,1.0,0,0.0,0.0,False,0.001533302122629962,0.03686399436899085,11,0.003008943902417044,6,0.001533302122629962,1,-0.00558360861268703,-0.0012594512170061023,,0.0,0.0013383544504652891,,0.021394802621883285,0.078574444051005,0.09613889881150146,0.017564454760496465,0.03753199458127525,0.018929072729802095,0.08475699918663318,0.10273025182010269,0.017973252633469508,0.03297958275018331,0.020030206663700444,0.6081977572619031|0.9000853260807489|0.5968546974538681,0.903390101134821|0.6271762190105515|0.2670946256821265,0.40694880083114465|0.556082220311537|0.26809012084716727
10,,place,17,2.0469717131642043e-16,2,2,0,0,2,0,2,,0.12421001913025975,0.002654516836628318,0.10822576400823891,0.013302617939189076,,0.10822576400823891,0.7104086435643786,0.7104086435643786,,,1.0,1.0,0,0.0,0.0,False,0.0012120535921872622,0.0367984950888785,9,0.002972382152683306,4,0.0012120535921872622,1,0.004879292878303687,0.0006239387669211283,,0.0,0.0013141811688290972,,0.021475314307965763,0.0745574537008932,0.0891784742205152,0.014621020519621997,0.03649702549476431,0.018774687527446012,0.07821379770334051,0.10072394867785564,0.022510150974515128,0.03461866903648352,0.01988608661575895,0.611892174371548|0.902737836666427|0.5861750124589183,0.903620968773634|0.6214196330386529|0.2447267690545019,0.41235959604772493|0.5462624542755335|0.2441712325363451
11,,place,16,1.2664165549094176e-14,2,2,0,0,2,0,2,,0.1279680619481951,0.0026823540683835745,0.11189553397707641,0.013361084973439574,,0.11189553397707641,0.7185037541991662,0.7185037541991662,,,1.0,1.0,0,0.0,0.0,False,0.0011435599984130698,0.037052626931522586,9,0.003018469779875105,4,0.000971860796007043,1,-0.0014729612175496953,-0.014334074497636351,,0.0,0.0013408134528106734,,0.02156262005303591,0.07612232754810105,0.08637155940316564,0.010249231855064586,0.03713989933853254,0.018865829243610854,0.07599210873720244,0.10245389534098337,0.02646178660378093,0.03435310921002296,0.019288706617125076,0.6146328245874043|0.9052677484494823|0.5753828453643128,0.9037712629409472|0.6162757490968863|0.22609088281143963,0.4191528593255201|0.5427896683554365|0.22112135488410525
12,,place,15,6.101936677605324e-13,2,2,0,0,2,0,2,,0.13001046003773808,0.002711622044444084,0.11407730495557189,0.013192154932767153,,0.11407730495557189,0.7156676869649502,0.7156676869649502,,,1.0,1.0,0,0.0,0.0,False,0.0014293184678338365,0.03763497730599211,9,0.0030128680476467218,4,0.0009096829230521714,1,-0.011197962151587859,-0.026834269175079584,,0.0,0.0013488077379023074,,0.021504494398301967,0.07950557536863648,0.08667925064706887,0.007173675278432393,0.03717975270278908,0.01897390490033029,0.06475706662099791,0.08667709887053515,0.021920032249537244,0.03326271309308891,0.018703699375542098,0.6143959370844736|0.9063649586426501|0.5629405952647443,0.9024537270197873|0.6106094281363312|0.2061768111427761,0.42781464136699093|0.5356005880071925|0.19864682541277004
13,,place,14,2.289734845645553e-11,2,2,0,0,2,0,2,,0.1329209180548787,0.0026574749499559402,0.11659000301733613,0.013644029852002859,,0.11659000301733613,0.7258478274567395,0.7258478274567395,,,1.0,1.0,0,0.0,0.0,False,0.0019417335780628764,0.03807184063935404,9,0.003035093538967387,4,0.0019417335780628764,1,-0.018979879542809996,-0.03060453402980201,,0.0,0.0013593070553072023,,0.021628027096141412,0.0731831569668558,0.09072790763980779,0.017544750672951984,0.036740712143749715,0.018694122532117625,0.059706961524533954,0.07884240716506599,0.019135445640532038,0.03437767773024829,0.019319718784799326,0.6161347919888712|0.908178897414854|0.5526212423109983,0.9011001226559111|0.603400286370067|0.18813568813187959,0.4327677565901478|0.5303931309277929|0.1796648550169431
14,,place,13,6.691586091292782e-10,2,2,0,0,2,0,2,,0.13564211898483336,0.0026470839511603117,0.11927011492662132,0.013697481015697122,,0.11927011492662132,0.7245474067329476,0.7245474067329476,,,1.0,1.0,0,0.0,0.0,False,0.0012634383220410106,0.03870685202967386,10,0.0030380263466471824,4,0.0012634383220410106,1,-0.024556701367213662,-0.03486196312382539,,0.0,0.001361712640461341,,0.021674082620929548,0.06960966218364845,0.0879619618505322,0.01835229966688376,0.034986228502398874,0.01874748453527757,0.058226961794825144,0.07483562897488509,0.016608667180059947,0.03494497070348431,0.019867455063621246,0.6174744029038667|0.9086052650668685|0.5425933878471674,0.8993971857739279|0.599130509478117|0.1724124032651031,0.4377044683917314|0.5304744509493455|0.15990001195636372
15,,place,12,1.522997974471263e-08,2,2,0,0,2,0,2,,0.16403784207068384,0.0026621439028531313,0.14740579016506672,0.013942016055807471,,0.14740579016506672,0.734129132142353,0.734129132142353,,,1.0,1.0,0,0.0,0.0,False,0.0012498244901483803,0.03910420764942199,11,0.002990893649162163,5,0.0011243719417362852,1,-0.02821344573771789,-0.029366034414451292,,0.0,0.0013654222403795592,,0.02174556973182232,0.06819076923508341,0.08015845007106515,0.011967680835981737,0.03459744451205666,0.018650055899255696,0.051732893876668254,0.07633284417306775,0.024599950296399498,0.03887460786380722,0.020220640442255716,0.620188717973258|0.908405295427289|0.5334851728020207,0.8973573598182761|0.590410231272087|0.16024805766615913,0.4378105405501557|0.5284745322876652|0.14466913375508644
16,,place,11,2.699578503363014e-07,2,2,0,0,2,0,2,,0.14478282304480672,0.002600074978545308,0.12776820012368262,0.014385543996468186,,0.12776820012368262,0.7376145498658657,0.7376145498658657,,,1.0,1.0,0,0.0,0.0,False,0.001698123124608028,0.03955477408960312,13,0.002996716034210256,5,0.001698123124608028,4,-0.032832457917480795,-0.028242141152128752,,0.0,0.0013712685292047756,,0.021791482488192307,0.06402632931514866,0.07468395594018791,0.010657626625039246,0.03709006719080638,0.01916577430598857,0.04456511921968228,0.07144824397528289,0.02688312475560061,0.03974292223460906,0.020184413821017926,0.6211402689799816|0.9086922433825229|0.5263914046020509,0.8942653429439859|0.5859981068049479|0.15100560736689547,0.44044514288795983|0.5258177947884368|0.1351412202445502
17,,place,10,3.726653172078671e-06,2,2,0,0,2,0,2,,0.14925314206629992,0.002637851983308792,0.1320348479785025,0.014551165979355574,,0.1320348479785025,0.7500853878289155,0.7500853878289155,,,1.0,1.0,0,0.0,0.0,False,0.0011772639658210599,0.03923726448386666,13,0.0030182819769577485,5,0.0011772639658210599,4,-0.038209263861146425,-0.02711817988309484,,0.0,0.0014140710351752967,,0.021928711277590312,0.058311006527179424,0.07119781447936228,0.01288680795218286,0.040522084510377435,0.019286691156993007,0.039410877470981445,0.0711325477500791,0.031721670279097655,0.047948726717257945,0.02057767181295513,0.6209069886931626|0.9117415798877277|0.5225942800725343,0.8914759806289279|0.5840013673714138|0.14719512939008977,0.4407770731815354|0.522218792435379|0.13528225293366783
18,,place,9,4.006529739295107e-05,2,2,0,0,2,0,2,,0.14866520697250962,0.002608628012239933,0.13157818792387843,0.014449753798544407,,0.13157818792387843,0.7678662059191788,0.7678662059191788,,,1.0,1.0,0,0.0,0.0,False,0.001321118474280611,0.03880554348764326,14,0.003035532063797697,6,0.001321118474280611,4,-0.04430633182958488,-0.027155372618357987,,0.0,0.001401082761741787,,0.02212966977463644,0.05258928045085924,0.06690247743839281,0.014313196987533569,0.04166162594218941,0.019290550129803526,0.034969496022889825,0.07084487966694661,0.035875383644056784,0.056464940059257625,0.021418704918332844,0.6200537831766954|0.9136718807928338|0.5191975374401575,0.8877032718270358|0.5815031804448051|0.14253084618118664,0.4411048706739509|0.5216666342626602|0.1353115768403887
19,,place,8,0.00033546262790251185,2,2,0,0,2,0,2,,0.14833078207448125,0.0025908888783305883,0.13154399092309177,0.014168336987495422,,0.13154399092309177,0.7852481659756051,0.7852481659756051,,,1.0,1.0,0,0.0,0.0,False,0.0010819165646006879,0.03833920029352725,14,0.0029856556847730753,6,0.0010819165646006879,4,-0.0318549005327764,-0.02663930620047239,,0.0,0.0014002760109245514,,0.02217543760906513,0.04693967049141904,0.07346044146228173,0.026520770970862688,0.04765754921197729,0.01861133788141124,0.03153757446137274,0.07138964351333865,0.039852069051965915,0.0637993754588952,0.021439797969328094,0.6195896927885832|0.9147028341144555|0.5157788536603145,0.8938973360917231|0.5825521064406667|0.137416123932692,0.44055804918948854|0.5199969425487834|0.135185599620616
20,,place,7,0.002187491118182885,2,2,0,0,2,0,2,,0.16953659593127668,0.0026752471458166838,0.1525535739492625,0.014280519913882017,,0.1525535739492625,0.8239429273653974,0.8239429273653974,,,0.9999999999999999,1.0058545514223352,33,0.11534226633353084,0.013313806911114945,False,0.0011416432391763015,0.03815942829523086,15,0.0029824674316329125,6,0.0011416432391763015,5,-0.02903024344281313,-0.025964203082107673,,0.0,0.0014149235761175291,,0.02259612466293122,0.042137197001041356,0.07231028231839425,0.03017308531735289,0.05434318161906493,0.019871996947301834,0.030081807189030255,0.07216980447361322,0.04208799728458297,0.06824690107530439,0.02126937058549984,0.6189239360038367|0.9137194595704167|0.5143007603100642,0.8934616015545562|0.5781343504490611|0.1363443570451909,0.43992898342427766|0.5177167792224577|0.13488174684030027
21,,place,6,0.011108996538242306,2,2,0,0,2,0,2,,0.14503769995644689,0.002671116031706333,0.12820410612039268,0.014134349999949336,,0.12820410612039268,0.8631496124048127,0.8631496124048127,,,1.0000000000000007,1.0297459462280403,32,0.5752808241383943,0.06709345924065611,False,0.0011468074619191276,0.03810763855514246,15,0.0029389578279449546,6,0.001130528022275687,5,-0.027489455762340853,-0.02458073679223638,,0.0,0.0014144450705433872,,0.0229787978204955,0.03866287067761362,0.07047871083090633,0.03181584015329271,0.05802830333004431,0.020205430451794973,0.029937430837878223,0.07244454813893123,0.042507117301053,0.07341321308179238,0.021993838817045724,0.6172506324157676|0.9141895587702384|0.5114017667332565,0.892061836320544|0.5744356608748332|0.13674860847487727,0.44007205990494713|0.513535664670128|0.13507622404030567
22,,place,5,0.04393693362340742,2,2,0,0,2,0,2,,0.14518064493313432,0.002680256962776184,0.1282031110022217,0.014268842991441488,,0.1282031110022217,0.8731650534443269,0.8731650534443269,,,1.0,1.1164548899299982,32,2.2522149586461717,0.2626697887165595,False,0.0017171616119555783,0.038078615910229735,15,0.0029502151468231153,6,0.0017171616119555783,5,-0.02675779821499802,-0.02418499826968734,,0.0,0.0014164861200147139,,0.023009685575666065,0.03735674281998337,0.06919158737593167,0.0318348445559483,0.060450689497503325,0.020393000787349257,0.03126426443896467,0.07250325583058355,0.04123899139161888,0.07490962543396401,0.02158763689421661,0.6186959941961891|0.9139797908239796|0.508967798460734,0.8908975269330686|0.57001597736998|0.1369921541726909,0.4399646553253127|0.5128639847136468|0.13525841700962876
23,,place,4,0.1353352832366127,2,2,0,0,2,0,2,,0.14708554185926914,0.002628717105835676,0.1300872729625553,0.014340501045808196,,0.1300872729625553,0.9146742192339515,0.9146742192339515,,,1.0000000000000002,1.3488602678802157,32,6.746889840945535,0.7868716625878156,False,0.0011274818046585755,0.03820834315706839,15,0.003077930906285109,6,0.0011274818046585755,5,-0.026694850467919196,-0.02362500176195681,,0.0,0.0014143272078924356,,0.023215200135353393,0.036789626405801315,0.06824235643202485,0.031452730026223535,0.06277205655430913,0.02060158402380868,0.032377184243247814,0.07269921028208397,0.04032202603883615,0.07616880531174466,0.02174413893514616,0.6178864775669789|0.9137702260936843|0.5059774050564894,0.8899650847040292|0.5669992141636959|0.13734129413417281,0.44001030912688854|0.5114186451310434|0.13538787011720155
24,,place,3,0.32465246735834974,2,2,0,0,2,0,2,right_hand|left_hand,0.146412342088297,0.002594719873741269,0.12941146595403552,0.014374271035194397,,0.12941146595403552,0.9567740666153284,0.9567740666153284,,,1.0000000000000002,1.7918509818470136,32,15.31424423144903,1.7860592219165954,False,0.0010752231243257582,0.03814462656114648,14,0.003059761113823445,6,0.0010752231243257582,4,-0.027399817389657244,-0.023853095579399408,,0.0,0.001414426109505042,,0.02332938549406903,0.03570710406711344,0.06699197434508396,0.031284870277970514,0.06368178279661359,0.02067626511489809,0.031150753970617714,0.0722067004015886,0.04105594643097088,0.07704885373330535,0.021785138454883085,0.6177819640661047|0.9125863253322695|0.5043187812706175,0.8887081531067265|0.5645078209282922|0.13766815045375042,0.4405700771941586|0.5115203411879113|0.13546063114009202
25,,place,2,0.6065306597126334,2,2,0,0,2,0,2,right_hand|left_hand,0.1698586440179497,0.0026873198803514242,0.15277577890083194,0.014364205999299884,,0.15277577890083194,1.0295236412686697,1.0295236412686697,,,0.9999999999999998,2.3908582394906035,30,25.849391074777134,3.083590044948387,False,0.001053769283980599,0.038202088733212514,15,0.00284940048380658,6,0.0010142573045589798,5,-0.026143044851787423,-0.024699900336239367,,0.0,0.0014145709030621342,,0.02343962608713951,0.031443064163288646,0.06697416835933774,0.035531104196049094,0.06811569155064559,0.021115485488116648,0.026889081374842517,0.07110297684161351,0.044213895466771,0.07806057833254826,0.022287827667072508,0.6171048615674989|0.9101164238217013|0.504189020473309,0.8885515682133089|0.5601972426181357|0.13776395884864898,0.4419337185229528|0.511191550053732|0.13544289516073282
26,,place,1,0.8824969025845955,2,2,0,0,2,0,2,right_hand|left_hand,0.145337879890576,0.0026895070914179087,0.12837636517360806,0.014239392010495067,,0.12837636517360806,1.0711123873896409,1.0711123873896409,,,1.0,2.928383982443302,28,34.30428758544505,4.197335426745566,False,0.0010940637466125003,0.0380280366363826,15,0.0011607672289883075,6,0.0010919307189353883,5,-0.027744239925880265,-0.029532530630195453,,0.0,0.0014137164246941414,,0.02344878206270247,0.02728719847017925,0.06580147300504757,0.038514274534868324,0.06926172115446619,0.020857628260676025,0.024626742472030148,0.06855915545214195,0.0439324129801118,0.07656282167332686,0.021743648601012164,0.6169676131213964|0.9068029248669635|0.5049221239583678,0.88835615986071|0.561074273687396|0.13792593460859406,0.4438954900281239|0.5186671409045069|0.13473635316855373
27,place,place,0,1.0,2,2,0,0,2,0,2,right_hand|left_hand,0.14412995497696102,0.0026492809411138296,0.12719205091707408,0.01425816398113966,,0.12719205091707408,1.0577767507411158,1.0577767507411158,,,1.0,3.1081081081081083,29,38.35135135135135,4.631656956757916,True,0.0010229772694305556,0.03827643549585974,14,0.000999356499111509,5,0.0010229772694305556,5,-0.0314563940307373,-0.031691694019114536,,0.0,0.0014137277251039843,,0.02345031000000067,0.026344933036570133,0.06351529078179058,0.03717035774522044,0.06661614918060711,0.02054283058265434,0.024136155590451434,0.06682318943814443,0.042687033847693,0.07377606005539651,0.02157952671079298,0.6165832985067086|0.9056487307828247|0.5038206250984442,0.887160938190236|0.5642864636514954|0.13808420394056922,0.4460157007261012|0.5188059845260796|0.13441938631735037
28,place,place,1,0.8824969025845955,2,2,0,0,2,0,2,right_hand|left_hand,0.1448062709532678,0.0026446159463375807,0.12757609807886183,0.014554257038980722,,0.12757609807886183,1.0193167568877533,1.0193167568877533,,,1.0000000000000002,2.910452766797455,29,34.75554456519984,4.197394722719348,True,0.0015972595232656706,0.038251440677286724,15,0.0015972595232656706,6,0.0011588544127987543,5,-0.0342352107323709,-0.03394780642065243,,0.0,0.0014140275883161005,,0.02326691475550717,0.02473398841874053,0.062287223150058066,0.03755323473131754,0.06554495219097045,0.020427843409652806,0.022772098598587653,0.06431215765884067,0.041540059060253015,0.07095804513904945,0.021457164205728744,0.6177217587812149|0.9071241671156078|0.5048278002648394,0.8862778217458862|0.5664376253200053|0.13802463441993806,0.4489098457486446|0.5174507626288911|0.13449173754051807
29,place,place,2,0.6065306597126334,2,2,0,0,2,0,2,right_hand|left_hand,0.14494418492540717,0.0026534730568528175,0.12776852794922888,0.014486741973087192,,0.12776852794922888,0.9657104757045375,0.9657104757045375,,,1.0,2.4015987003921806,29,25.498314818673133,3.0794077145693457,True,0.0015854248003762672,0.03790398755050611,14,0.0015854248003762672,5,0.001220717713606101,5,-0.034456637096852205,-0.03450193191437734,,0.0,0.001415642455725253,,0.02327909207434564,0.025322629422426395,0.062245027619817025,0.03692239819739063,0.06132276992877293,0.020599529979504396,0.022617856403851232,0.06340012975118309,0.04078227334733185,0.06914042098226125,0.02146039625993738,0.6181590897783678|0.9087555879024753|0.5075082007221228,0.8846914759585394|0.561981194682651|0.13792024301882505,0.44932418546166003|0.5155659203684176|0.1347641070339426
30,place,place,3,0.32465246735834974,2,2,0,0,2,0,2,right_hand|left_hand,0.1466922948602587,0.0026906151324510574,0.12933557317592204,0.014633469982072711,,0.12933557317592204,0.8965414282352693,0.8965414282352693,,,0.9999999999999998,1.8057332306982972,29,14.658146850780556,1.7702507328259944,True,0.0009998134242489715,0.037860205263266694,14,0.0009998134242489715,5,0.0009996739294082235,5,-0.03485493643040449,-0.035528098394461693,,0.0,0.0014146855327126953,,0.0230421077892423,0.02569152784587973,0.0631560015882939,0.03746447374241417,0.05713624933642985,0.019988598435831388,0.02207419619357838,0.06197759025588875,0.03990339406231037,0.0663882001258475,0.02146831459152179,0.6195003705223477|0.9079946604507174|0.5095620249188796,0.8832184299705119|0.5616329606244106|0.13784079445768255,0.44994079542123006|0.5114158220195613|0.1351525868144853
31,place,place,4,0.25,2,2,0,0,2,0,2,right_hand|left_hand,0.16911830590106547,0.00264355493709445,0.15181571803987026,0.014622836839407682,,0.15181571803987026,0.8433607564092725,0.8433607564092725,,,1.0000000000000002,1.6361788617886177,28,11.317073170731707,1.3847118098070739,True,0.0012024159833507186,0.03796411290858151,14,0.0010009687506366272,5,0.0012024159833507186,5,-0.03546947615529383,-0.036540525312837246,,0.0,0.001127197061926237,,0.02277001329294381,0.025699321141880678,0.0645490419579961,0.03884972081611542,0.052681677532436494,0.019489244002770523,0.021329846123886942,0.06087405375585995,0.03954420763197301,0.05953947839061385,0.02034920960812889,0.6212916688067596|0.9071076701829717|0.5123654272828462,0.8818653041924802|0.5624235414032779|0.13792237167933669,0.45108374275665014|0.5102899102388123|0.13518995319677657
32,place,place,5,0.25,2,2,0,0,2,0,2,right_hand|left_hand,0.14553274493664503,0.0026759810280054808,0.12842679512687027,0.014399344101548195,,0.12842679512687027,0.7883435493738592,0.7883435493738592,,,1.0,1.6328600405679514,29,11.513184584178498,1.390436571197103,True,0.00168230578575429,0.038772530884705725,15,0.0010215443121558837,6,0.00168230578575429,5,-0.03767764794553585,-0.03277237796018717,,0.0,0.0012628251024982815,,0.022338050805084157,0.02620099128199984,0.06699560995015921,0.04079461866815937,0.045175709106846415,0.018538606882398365,0.02211831179660422,0.06155019695967685,0.03943188516307263,0.05458900734258326,0.020763677910757197,0.62351694783514|0.8996576525444803|0.5171276183766381,0.8786988630889832|0.5606395893134112|0.13800267812582873,0.45150186982537777|0.505683517367791|0.13480694161430418
33,,place,6,0.011108996538242306,2,2,0,0,2,0,2,,0.150024875998497,0.002669725101441145,0.13275388604961336,0.014571029925718904,,0.13275388604961336,0.7299058392261054,0.7299058392261054,,,0.9999999999999999,1.0301426137593812,28,0.5362110971636922,0.06560864523810099,True,0.0010021071025717414,0.04061551524878229,12,0.0010021071025717414,6,0.0009985911676745896,2,-0.036298006206946454,-0.03245825919021783,,0.0,0.001272067381991366,,0.021913214495639613,0.026911834767950258,0.06233294798103778,0.035421113213087524,0.040383018422037995,0.0182665358453654,0.022946397203677464,0.054403481551549095,0.03145708434787163,0.046046232353853446,0.0201949570241552,0.6221087365268524|0.8912454201902967|0.5215567969373875,0.8761351866716146|0.5571006057760823|0.13896159548942671,0.45392261296101144|0.507280248391393|0.13445684269801983
34,,place,7,0.002187491118182885,2,2,0,0,2,0,2,,0.149071061052382,0.0026504830457270145,0.131947424961254,0.014440687838941813,,0.131947424961254,0.7119508569619033,0.7119508569619033,,,0.9999999999999998,1.0059310355129158,29,0.10789922298499333,0.013030888590827468,True,0.0010613424088486596,0.040790236297613885,11,0.0010613424088486596,6,0.0006915906189705889,1,-0.0339062050530039,-0.032939362734177635,,0.0,0.001410248781175312,,0.021729141316115617,0.027928037298889173,0.06680051089898556,0.03887247360009639,0.045580042702052105,0.01788360961530534,0.024002788856349398,0.05000580313281744,0.02600301427646804,0.03998951065146215,0.021233154343830232,0.6234015698670682|0.8925899604259583|0.5337124555005109,0.879249705003221|0.5566604956252746|0.1568548288179277,0.4574320469939296|0.5038767375800162|0.14347613660698127
35,,lift,8,0.00033546262790251185,2,2,0,0,2,0,2,,0.146725928876549,0.0026047530118376017,0.12962843105196953,0.014462488004937768,,0.12962843105196953,0.7037926918900176,0.7037926918900176,,,1.0,1.0,0,0.0,0.0,True,0.0013680101514959991,0.039852669900986515,9,0.0013680101514959991,5,0.0,0,-0.03383352707552412,-0.030346091064885172,,0.0,0.001278390819215977,,0.021770360316202365,0.029322161609551225,0.06566879163467162,0.0363466300251204,0.0455698326130889,0.017922633934791942,0.025333554594958,0.05083622512069837,0.025502670525740366,0.0394248606827551,0.021126468295412336,0.6223520767780266|0.8938834462966773|0.5497205350016843,0.878618209199252|0.5489007952404368|0.17504734161616964,0.45532728282331325|0.5039057078308917|0.158904005348335
36,,lift,7,0.002187491118182885,2,2,0,0,2,0,2,,0.1456704440061003,0.00261736405082047,0.12896616593934596,0.0140577950514853,,0.12896616593934596,0.6898811399983676,0.6898811399983676,,,1.0,1.005931035512916,29,0.10789922298498067,0.01303088859082747,True,0.0015203541177334183,0.038534724133836906,11,0.0015203541177334183,6,0.0005679193628829182,1,-0.03384240780100711,-0.03268540178320123,,0.0,0.0014091316942440183,,0.021594548248748978,0.03130343505431578,0.06402374595748836,0.03272031090317258,0.042626977984515764,0.01781840637002218,0.026588516920129236,0.04998111423054989,0.023392597310420656,0.03727032506111898,0.020844741826901516,0.6232810478891502|0.8946559643710341|0.5696465788120563,0.8773576373458428|0.5399662710274564|0.19425534651738863,0.4550273496657105|0.5023752764801163|0.18177237584489556
37,,lift,6,0.011108996538242306,2,2,0,0,2,0,2,,0.16350407409481704,0.0025453560519963503,0.14727894496172667,0.013651002198457718,,0.14727894496172667,0.6752334117644576,0.6752334117644576,,,0.9999999999999999,1.0299442418010791,30,0.5565199923158638,0.06638761830619909,True,0.0016660648203266452,0.03729110640239705,10,0.0016660648203266452,5,0.0005122619254267907,1,-0.034125356130569884,-0.02967431091117234,,0.0,0.0014800572737763745,,0.02147367280134335,0.03375589518207893,0.06420029470265869,0.030444399520579757,0.04004670921255167,0.017948114097572954,0.02796416232611147,0.05200051677358457,0.0240363544474731,0.03829076663481024,0.020493968258001007,0.6194399386907555|0.8945296540262606|0.5897429366489323,0.8756592526796091|0.5344710888810371|0.21805378092422645,0.4508133178892015|0.5008732417476112|0.2028523589348586
38,,lift,5,0.04393693362340742,2,2,0,0,2,0,2,,0.1408155409153551,0.0026442210655659437,0.12377380207180977,0.01436661183834076,,0.12377380207180977,0.6503911921489619,0.6503911921489619,,,1.0000000000000004,1.1177186161281916,29,2.1415732857167,0.25863580963092203,True,0.0018901935109674022,0.03567981120915498,11,0.0018901935109674022,6,0.0005219722371663932,1,-0.0349775831041228,-0.03098891808079607,,0.0,0.001415980761584833,,0.021294058326722473,0.036744128846563404,0.0639145261244887,0.027170397277925293,0.036289744147414385,0.018667417746570512,0.02991824115629804,0.05031983135544607,0.020401590199148032,0.035666191253289896,0.021507300830806302,0.6184747010246144|0.8923326464377552|0.6091911425719154,0.8718271676572926|0.5343562327173774|0.2404394557503652,0.45020685316166703|0.499676476683155|0.2258138947864317
39,,lift,4,0.1353352832366127,2,2,0,0,2,0,2,,0.1348774190992117,0.0026129179168492556,0.1182176589500159,0.014017757028341293,,0.1182176589500159,0.642142030583959,0.642142030583959,,,1.0000000000000002,1.3519128807587415,30,6.540374439824842,0.7802053616867516,True,0.002131874534695488,0.03392624637367661,11,0.002131874534695488,6,0.0011006453235287567,1,-0.033935701541699004,-0.03204168284846709,,0.0,0.0014160007927923133,,0.021244554370189468,0.03939630956635782,0.0632968812860413,0.023900571719683482,0.03379553173277803,0.01840727398488302,0.03153447099792206,0.04913635451939089,0.017601883521468832,0.03276724811400958,0.021275754072340065,0.6162079769231743|0.8913105311148755|0.6297387435140749,0.8691840036026738|0.5291384531922378|0.2695248968443961,0.44834069081729777|0.494721651508176|0.2537119670203228
40,,lift,3,0.32465246735834974,2,2,0,0,2,0,2,right_hand|left_hand,0.13061849400401115,0.00270288810133934,0.11357655888423324,0.014308133162558079,,0.11357655888423324,0.6460016713908238,0.6460016713908238,,,1.0000000000000002,1.7964546205367078,31,15.106945705664012,1.7812972742601678,True,0.003282823314742764,0.03267816096134982,13,0.003282823314742764,6,0.0010770986742746902,1,-0.03189242334095432,-0.03134258912370669,,0.0,0.001440911899494957,,0.021334798775728515,0.041099633093159775,0.06313107033217921,0.022031437239019437,0.033951951874293174,0.018840104710210494,0.033285816620185815,0.04918163884073083,0.015895822220545017,0.03103801046327576,0.021366263101890656,0.6129686086536429|0.890853823442034|0.6465718645590403,0.8649178669614017|0.5295926813609929|0.2959068287635194,0.44523380210686325|0.489698181301225|0.28391326230048836
41,,lift,2,0.6065306597126334,2,2,0,0,2,0,2,right_hand|left_hand,0.12989308894611895,0.0026641669683158398,0.11310092196799815,0.014098081970587373,,0.11310092196799815,0.643845434747937,0.643845434747937,,,0.9999999999999998,2.3696629645130556,32,26.489015779708804,3.0893428495600377,True,0.0021437838939429993,0.031990198816778226,13,0.0021437838939429993,6,0.0011134061539098544,1,-0.031110628735907753,-0.028770919993878152,,0.0,0.0014026491209376225,,0.021408689761101964,0.043174152491047266,0.062169981578775055,0.01899582908772779,0.03175346614979558,0.018765930180365143,0.03532677739183851,0.05094343364535919,0.015616656253520683,0.029803199621456822,0.021279598421267906,0.6069273111290739|0.8890436793341242|0.6608837549111543,0.8601958937634608|0.5280890665349384|0.32680170954270327,0.44107638397747606|0.48889981538315447|0.3118905307780667
42,,lift,1,0.8824969025845955,2,2,0,0,2,0,2,right_hand|left_hand,0.12928900495171547,0.002689830958843231,0.11278634984046221,0.013783692149445415,,0.11278634984046221,0.6407907777834041,0.6407907777834041,,,1.0,2.8752411487978984,31,35.569090177198824,4.194039259491304,True,0.002059130746796284,0.03142038336829381,14,0.002059130746796284,8,0.0,0,-0.02948673839553173,-0.026921821344922492,,0.0,0.00140793187479062,,0.02138649997219822,0.04431518889612136,0.0629123593934413,0.01859717049731993,0.03212325686121843,0.01860063341826008,0.03730398362212385,0.052051137727955915,0.014747154105832064,0.02780471384778873,0.021278097073582785,0.6039814405663113|0.8898240635103692|0.6730720880370064,0.8567766011501697|0.5271310068806854|0.35847478919795533,0.43740754796281534|0.48355026594782924|0.3443012743971905
43,lift,lift,0,1.0,2,2,0,0,2,0,2,right_hand|left_hand,0.12908029393292964,0.0026885399129241705,0.112549995072186,0.013809144031256437,,0.112549995072186,0.6572438252048013,0.6572438252048013,,,0.9999999999999999,3.0666666666666664,31,39.2,4.62216880311012,True,0.0025853756798980554,0.030277433409003712,13,0.0025853756798980554,7,0.0,0,-0.0284340493593227,-0.02583585630958396,,0.0,0.0014581401912899376,,0.02140998260393267,0.04515242212278731,0.06613232077226455,0.02097989864947724,0.03494902763299204,0.01857964008468018,0.038905617084151564,0.053404897271631176,0.014499280187479612,0.028309610388380382,0.021476436843532738,0.5975929149818957|0.8979529077191256|0.6844529198509969,0.854894924767964|0.5305006765857971|0.3945867882296097,0.4315336645163492|0.4842409106953693|0.3795993195909122
44,lift,lift,1,0.8824969025845955,2,2,0,0,2,0,2,right_hand|left_hand,0.15305107412859797,0.002691863104701042,0.13666065712459385,0.01366583094932139,,0.13666065712459385,0.6407938092970693,0.6407938092970693,,,1.0,2.8752411487978984,31,35.569090177198824,4.194039259491304,True,0.0021047912672053914,0.029642817998692172,13,0.0021047912672053914,7,0.0,0,-0.028027034426065356,-0.0253978407352502,,0.0,0.0015568933271339954,,0.021302933379883364,0.04558979301930462,0.06564436365377267,0.020054570634468055,0.034908378393772165,0.018397130703562362,0.039558003577122504,0.053525596526996,0.013967592949873493,0.02740990296724901,0.021081976994153314,0.5900346546755997|0.8976845194263889|0.6958092331811235,0.8500687778713724|0.5289507710789684|0.42606296431490026,0.42785023079964163|0.483412251409607|0.41096515542018314
45,lift,lift,2,0.6065306597126334,2,2,0,0,2,0,2,right_hand|left_hand,0.12817746493965387,0.002675581956282258,0.11204862594604492,0.013421491021290421,,0.11204862594604492,0.6537906619846321,0.6537906619846321,,,1.0,2.380213418126144,31,26.17953193090881,3.0868932594661196,True,0.0014545500313984938,0.029624814374968778,16,0.0014545500313984938,10,0.0,0,-0.026728079406428407,-0.02586731756661287,,0.0,0.001578504469039835,,0.021464853345670217,0.045321410987796004,0.06778333485333372,0.02246192386553772,0.038173701149288364,0.01855399312804944,0.03955574037981286,0.05336435530777454,0.013808614927961677,0.027646810666737957,0.02133145570336826,0.5830563015434078|0.8941506523755212|0.7064243913955294,0.8474825956714696|0.5290870747639101|0.4591899859025116,0.4233885045128887|0.48337373891379876|0.4427732670272859
46,lift,lift,3,0.32465246735834974,2,2,0,0,2,0,2,right_hand|left_hand,0.12807149696163833,0.0026977830566465855,0.11178750707767904,0.013554276200011373,,0.11178750707767904,0.6743151924425137,0.6743151924425137,,,1.0000000000000002,1.7964546205367078,31,15.10694570566401,1.7812972742601678,True,0.001346329606375242,0.029776777621468714,16,0.001346329606375242,10,0.0,0,-0.027974014320761853,-0.025851685127163293,,0.0,0.001492981466280972,,0.021731529185390754,0.045371744869698076,0.06772322093087997,0.022351476061181895,0.0390969712900892,0.01838986896811346,0.039796004214663484,0.05458672401717107,0.014790719802507589,0.029076541331072753,0.021579759275647106,0.5750105482387942|0.8857111889116909|0.7152899562351225,0.8417805296201823|0.5298126476554592|0.49070276873363616,0.41686920710380804|0.483950977780431|0.47422291779485737
47,lift,lift,4,0.25,2,2,0,0,2,0,2,right_hand|left_hand,0.1277743368409574,0.0026876030024141073,0.11130138905718923,0.013755121966823936,,0.11130138905718923,0.6976022324599797,0.6976022324599797,,,1.0,1.6262626262626265,31,11.878787878787875,1.4006572130636732,True,0.0022201289504326233,0.03048481248813026,13,0.0022201289504326233,9,0.0,0,-0.02768080915944182,-0.027030941944181208,,0.0,0.0014602588608497189,,0.022020095980072648,0.04539990454306814,0.06992764657391064,0.0245277420308425,0.04216375161585225,0.018827621075862576,0.04030086310138736,0.05430475580742685,0.014003892706039488,0.02860709395935848,0.02166542472580746,0.5665088005423454|0.8792050028715903|0.720522320234846,0.8375672350571971|0.5319935261564024|0.5214690929082156,0.4118892809657696|0.4834310137215141|0.5044559819633919
48,lift,lift,5,0.25,2,2,0,0,2,0,2,right_hand|left_hand,0.12777126603759825,0.0026823601219803095,0.11157887103036046,0.013478584121912718,,0.11157887103036046,0.7331513753015907,0.7331513753015907,,,1.0,1.6262626262626265,31,11.878787878787875,1.4006572130636732,True,0.003941418821993295,0.03166485005092751,15,0.003941418821993295,10,0.0001088157565077158,1,-0.027805772338926005,-0.02599918415907787,,0.0,0.0014382334387189639,,0.022439758617338493,0.045355222799172264,0.07094720731673264,0.025591984517560375,0.044098317536630294,0.01863431629271139,0.04045546363171159,0.05526020105722261,0.01480473742551102,0.028947056410100095,0.022196983963161217,0.5564176129645823|0.8699556378922846|0.72317902756377,0.8318391748596997|0.5327184590823851|0.548311517190238,0.4064435429711784|0.48403557175602707|0.5291826187372046
49,lift,lift,6,0.25,2,2,0,0,2,0,2,right_hand|left_hand,0.12717692297883332,0.0026965460274368525,0.11087164795026183,0.013577246107161045,,0.11087164795026183,0.7362265457095265,0.7362265457095265,,,1.0,1.6262626262626265,31,11.878787878787875,1.4006572130636732,True,0.002453638562096669,0.03298661357053376,15,0.002453638562096669,10,0.0011602352868859134,2,-0.02769192909719642,-0.02394874780342704,,0.0,0.0014439483569185312,,0.022436992579118353,0.04411848653710435,0.07143485214726393,0.027316365610159578,0.04516919903329058,0.018430710942502593,0.04059159351652607,0.057405988710732055,0.016814395194205987,0.031164570546301923,0.021452514049240267,0.5512798077051364|0.8607254851079743|0.725181738109614,0.8262812590058873|0.5307012633528703|0.5710659358507333,0.3997625486230606|0.4853395986484952|0.5524158086423332
50,lift,lift,7,0.25,2,2,0,0,2,0,2,right_hand|left_hand,0.1268017089460045,0.0026690650265663862,0.11085894796997309,0.013242727844044566,,0.11085894796997309,0.7338584540860902,0.7338584540860902,,,1.0000000000000002,1.622983870967742,32,12.048387096774194,1.4051710654596452,True,0.0014189138452069504,0.03327246332015815,13,0.0014189138452069504,9,0.0009038028313888974,2,-0.029978007843968868,-0.021945621974740703,,0.0,0.0014466145196644269,,0.022383369497753287,0.04299833347474767,0.07138177026963054,0.028383436794882866,0.04673478172704079,0.017790130717037212,0.039546160245616836,0.05937175988825112,0.019825599642634285,0.03404245845829584,0.0206924723095651,0.5440115577738015|0.8509981386882427|0.7288384810553651,0.8184343323861906|0.5293953684582896|0.5900730665508696,0.39391811116693504|0.4871251782686016|0.5713309332907843
51,lift,lift,8,0.25,2,2,0,0,2,0,2,right_hand|left_hand,0.12506788899190724,0.0026691120583564043,0.10904672206379473,0.013320655096322298,,0.10904672206379473,0.7576244062410332,0.7576244062410332,,,1.0,1.6197183098591548,33,12.209255533199196,1.4092983939419408,True,0.002874014844567563,0.034331949565055336,14,0.002874014844567563,10,0.0009191104933861244,2,-0.03215678337029715,-0.02314795687078508,,0.0,0.0014281514728825542,,0.02266870495531261,0.0430331024640381,0.07471044113372118,0.03167733866968307,0.04858966221390418,0.01739947922667,0.0389231022401135,0.059147649335966467,0.020224547095852967,0.034464142596269176,0.021202146129877267,0.538091676672398|0.838314108703784|0.7310344636669712,0.8111363572300401|0.5308429925663886|0.6057264322892874,0.38898071990117344|0.4849811737367739|0.5911981079013484
52,lift,lift,9,0.25,2,2,0,0,2,0,2,right_hand|left_hand,0.12002539820969105,0.002670090179890394,0.10414069099351764,0.013182410039007664,,0.10414069099351764,0.7308841255120786,0.7308841255120786,,,1.0,1.6164658634538154,34,12.361445783132522,1.4130469440546405,True,0.001426746441205995,0.034475315753247415,14,0.001426746441205995,10,0.000958026823031824,2,-0.03137910646510278,-0.023332589820929783,,0.0,0.001390177177597703,,0.022290639775021454,0.04354814501566332,0.07778430707047229,0.03423616205480897,0.05183767889561356,0.016918985428982427,0.03888576392798141,0.06008621480762004,0.02120045087963863,0.035645396568697245,0.020924060988341896,0.5331483104675692|0.8227568839734168|0.7310416853325075,0.8068284909086851|0.5276460568996827|0.6190523141213204,0.38307847960963687|0.4866155921440616|0.6077626543101875
53,lift,release,9,0.25,2,2,0,0,2,0,2,right_hand|left_hand,0.11937610479071736,0.002674862975254655,0.1036606749985367,0.01300981710664928,,0.1036606749985367,0.7257796832984464,0.7257796832984464,,,0.9999999999999999,1.6132264529058116,35,12.50501002004008,1.4164240194884878,True,0.0033123115698610317,0.0349973280074965,15,0.0033123115698610317,10,0.0010265497273266172,3,-0.029960502195347516,-0.023167009979781383,,0.0,0.0013675080286648473,,0.0221856402762948,0.0439225774101812,0.08231543798794932,0.038392860577768126,0.054164134815927446,0.01640868810648073,0.03883741285180156,0.06058846278127361,0.02175104992947205,0.035947296063351626,0.020813005311326946,0.5285139610188926|0.8110984875509128|0.7318569813325848,0.8016850021117934|0.5267000127747232|0.6289480539905993,0.3782287380415953|0.4841037495046777|0.6206799978718027
54,lift,release,8,0.25,2,2,0,0,2,0,2,right_hand|left_hand,0.14320301893167198,0.0026861729566007853,0.12704394897446036,0.013440286042168736,,0.12704394897446036,0.7160363767676969,0.7160363767676969,,,0.9999999999999999,1.6132264529058116,35,12.50501002004008,1.4164240194884878,True,0.0014451778340241056,0.035567998720629185,15,0.0014451778340241056,10,0.0010192970243797644,3,-0.02949115755781051,-0.02332717549260188,,0.0,0.0013629274066994596,,0.022086688029276942,0.04456305780223359,0.08291371719200909,0.0383506593897755,0.05455533678264076,0.016388733545543054,0.03914922911374541,0.060497216036720466,0.021347986922975057,0.03537535300959886,0.020629902619298365,0.5236712046805613|0.7963530263767321|0.7332990141891782,0.7973240285874801|0.5203642679240922|0.6396160837845712,0.3734875371173535|0.4783698846410222|0.6335002258215618
55,lift,release,7,0.25,2,2,0,0,2,0,2,right_hand|left_hand,0.11881532799452543,0.0027212619315832853,0.10292481887154281,0.013135467190295458,,0.10292481887154281,0.7105941184480782,0.7105941184480782,,,0.9999999999999999,1.6132264529058116,35,12.50501002004008,1.4164240194884878,True,0.0014461161765054638,0.0357742143328941,14,0.0014461161765054638,9,0.0010286894196892965,3,-0.02909639298431621,-0.023419126466263762,,0.0,0.0013516385996741498,,0.022026281846626417,0.045977777571562344,0.08400022246209102,0.038022444890528674,0.0545018411023096,0.016273843881820363,0.039528284363214,0.06051501430966021,0.020986729946446216,0.03459816188833118,0.020860131185672925,0.5195008167689595|0.7823584431871936|0.7343713633419761,0.7931159631592983|0.5143323109121394|0.64898497160435,0.36927629576255994|0.47208267432742645|0.6426882509109364
56,lift,release,6,0.25,2,2,0,0,2,0,2,right_hand|left_hand,0.11844350211322308,0.002788347890600562,0.10282909590750933,0.01279458892531693,,0.10282909590750933,0.7160053718362475,0.7160053718362475,,,0.9999999999999999,1.6132264529058116,35,12.50501002004008,1.4164240194884878,True,0.0014984836029950377,0.03620153948494162,14,0.0014482583144758109,9,0.0014984836029950377,3,-0.02948345121531304,-0.023541766903422356,,0.0,0.001352327279216852,,0.02215328744042928,0.046856424441654033,0.08429894512233901,0.03744252068068498,0.05447290547042389,0.016825055929573174,0.040072941428593856,0.06034409445068624,0.020271153022092384,0.03354915742864576,0.021041154809847567,0.517544328078807|0.7685864718120975|0.7354768171486001,0.7881494472340306|0.5075354127070075|0.6567609196909138,0.3658100905987533|0.4639490208181361|0.6489124582748174
57,lift,release,5,0.25,2,2,0,0,2,0,2,right_hand|left_hand,0.11703330208547413,0.0026838169433176517,0.10135846305638552,0.012956910068169236,,0.10135846305638552,0.7186048103674856,0.7186048103674856,,,0.9999999999999999,1.6132264529058116,35,12.50501002004008,1.4164240194884878,True,0.0023745763172989993,0.03674368948723905,16,0.0023745763172989993,11,0.0017114907310086386,2,-0.029864525964800492,-0.023935845650747467,,0.0,0.0013556763745786612,,0.022239879301495284,0.047106205861016825,0.08414855654102377,0.03704235068000694,0.05521922267545946,0.017119978706384424,0.04059147177297748,0.06014239576785971,0.01955092399488223,0.03290023243104464,0.0213732828931638,0.5141016437673173|0.7551719341363494|0.7367294902589194,0.7848371095771002|0.4987435272207299|0.6645017257433332,0.36258939945006324|0.4546211961413482|0.6531268407170371
58,lift,release,4,0.25,2,2,0,0,2,0,2,right_hand|left_hand,0.11836452805437148,0.0026855869218707085,0.10269953799434006,0.01294707995839417,,0.10269953799434006,0.7273173134072252,0.7273173134072252,,,0.9999999999999999,1.6132264529058116,35,12.50501002004008,1.4164240194884878,True,0.0016912582706679578,0.037507249374896606,16,0.0016912582706679578,11,0.0009701410854752041,2,-0.029411722562947773,-0.024712735458210844,,0.0,0.0013353974271953818,,0.02237444150129611,0.04747470353695365,0.08497229782438596,0.037497594287432316,0.056582942315237285,0.017274307670198417,0.041238220421284645,0.05948579485748599,0.01824757443620134,0.031712830290683815,0.021633167245157934,0.5133313670216602|0.7423134797154884|0.7351732999060842,0.7816403114074654|0.4887533718189221|0.6668719396963684,0.36043345142792116|0.4446005052145526|0.6545364030784377
59,lift,release,3,0.32465246735834974,2,2,0,0,2,0,2,right_hand|left_hand,0.11656727315858006,0.0026853641029447317,0.10104597685858607,0.01280304417014122,,0.10104597685858607,0.7290256672635916,0.7290256672635916,,,1.0000000000000002,1.7781805544880556,35,15.868779934658395,1.797433270617648,True,0.0014859447175724662,0.0384399332935412,18,0.0014859447175724662,13,0.0010602677070736116,2,-0.02913491863309048,-0.02369602328923115,,0.0,0.0013374425104822649,,0.022403938001845352,0.04783961738034645,0.08502078300947567,0.03718116562912922,0.05659767981015459,0.017002977262338802,0.041370924921126,0.05988602844275374,0.01851510352162774,0.031959644795404606,0.02177964272925523,0.5113964639341945|0.7298258153990789|0.7321095417723548,0.7778158200943526|0.4764885100863772|0.6662584098219262,0.35760295635565775|0.43304947560107027|0.6524012598163808
60,lift,release,2,0.6065306597126334,2,2,0,0,2,0,2,right_hand|left_hand,0.11852868204005063,0.0027771159075200558,0.10247735190205276,0.01324029010720551,,0.10247735190205276,0.7319144332766163,0.7319144332766163,,,1.0000000000000004,2.3385654261222752,35,27.29623614053267,3.091804360741831,True,0.0017252572517768017,0.039545769838089134,18,0.0017252572517768017,14,0.0011845773347453764,1,-0.028836908105070336,-0.026715544166810545,,0.0,0.0013423256818487278,,0.02242168838862634,0.04849226055337269,0.083760951199442,0.035268690646069314,0.05573609062673333,0.016790302212712938,0.041350422090621605,0.05603359213197644,0.014683170041354832,0.032013864030919464,0.021896876749577687,0.5097126143546347|0.7168941640201762|0.7278603581817762,0.773936911302634|0.4612218653136899|0.663954396228037,0.3577347092516027|0.41570492999301634|0.652102422631722
61,lift,release,1,0.8824969025845955,2,2,0,0,2,0,2,right_hand|left_hand,0.12049569585360587,0.0027835851069539785,0.10425869398750365,0.01342025212943554,,0.10425869398750365,0.7224683883307872,0.7224683883307872,,,1.0,2.7908301873992154,36,37.10835011266569,4.167163520441786,True,0.0017772249935309181,0.04058879833643028,14,0.0017772249935309181,10,0.0011350200780547853,1,-0.02883703129022841,-0.026900534268424536,,0.0,0.001335686146509071,,0.022300380271503425,0.04899456267311318,0.08217223858815315,0.033177675915039964,0.054173110727202815,0.01667709116264029,0.04132883089483988,0.05487627219818975,0.013547441303349873,0.030216673098141633,0.021889854004958888,0.5079005042473685|0.7027213911656961|0.7229881242254738,0.7701152394603611|0.44570279203154406|0.6625028595250039,0.35532960488153104|0.39878254095436866|0.6501070635005283
62,lift|release,release,0,1.0,2,2,0,0,2,0,2,right_hand|left_hand,0.12027478311210871,0.0027861560229212046,0.10403595212846994,0.013417086098343134,,0.10403595212846994,0.7093653234226897,0.7093653234226897,,,1.0,2.967741935483871,36,40.77419354838709,4.5788274448849045,True,0.0017079683976529147,0.04158345809504929,14,0.0017079683976529147,10,0.0010716154199635758,1,-0.028776845678319063,-0.027048612356807666,,0.0,0.0013362252994600576,,0.022179672239108706,0.049394518204468864,0.08072084015714819,0.03132632195267932,0.05263218487011456,0.016426413045657437,0.04091367850967092,0.05402273042048602,0.0131090519108151,0.02930060020529068,0.021697876848672325,0.5090765100384763|0.6872107201553109|0.7188335317716902,0.7665088953698882|0.4298849206152057|0.6609412091790391,0.35314131106087954|0.3831420830208381|0.648711420205944
63,lift|release,release,1,0.8824969025845955,2,2,0,0,2,0,2,right_hand|left_hand,0.12044557393528521,0.0028057508170604706,0.10452143917791545,0.013087149010971189,,0.10452143917791545,0.6990907147356425,0.6990907147356425,,,1.0,2.7908301873992154,36,37.10835011266569,4.167163520441786,True,0.0019422589477734453,0.04227736608088922,11,0.0019422589477734453,7,0.0009844203319433614,1,-0.02883326806542641,-0.025052215019748303,,0.0,0.0013277388186485304,,0.022038071851794308,0.049733938832591626,0.08046296201145094,0.03072902317885931,0.0516259456206689,0.01642902807823656,0.04040591621269891,0.05520828161643092,0.014802365403732011,0.030493094477864035,0.021458394787087557,0.5101742805178099|0.6699128376869141|0.7159058688631056,0.7634778467484161|0.41484677657341995|0.6599494635587293,0.35025033646068293|0.36946740073154716|0.6463797272791076
64,lift|release,release,2,0.6065306597126334,2,2,0,0,2,0,2,right_hand|left_hand,0.1181957689113915,0.0027706478722393513,0.10278198611922562,0.012610252015292645,,0.10278198611922562,0.6952721393065577,0.6952721393065577,,,1.0,2.328380167328632,36,27.525779204973627,3.09106771458294,True,0.001689757363794512,0.04278836812854542,11,0.001689757363794512,7,0.0011589098838836326,1,-0.028228033831963373,-0.025817632471209606,,0.0,0.0013078769160900288,,0.021945940696170976,0.05013678328391289,0.08249756519266344,0.032360781908750545,0.05201206918778232,0.016541988719618914,0.03949828466078453,0.0569122735716999,0.01741398891091537,0.03266403504606333,0.02131447616482976,0.5103824285192831|0.6509434954612633|0.7151294464469521,0.7603284697478093|0.40089758112677554|0.6574863778538259,0.34601587262252037|0.3589691008645004|0.6496147471901251
65,lift,release,3,0.32465246735834974,2,2,0,0,2,0,2,right_hand|left_hand,0.1169099509716034,0.002751855179667473,0.10147126414813101,0.012656114064157009,,0.10147126414813101,0.6887333222115484,0.6887333222115484,,,1.0000000000000002,1.7781805544880556,35,15.868779934658395,1.797433270617648,True,0.0018906664473631735,0.042693266326853246,10,0.0017395642581759102,5,0.0018906664473631735,2,-0.02888102668130088,-0.02446609731956606,,0.0,0.00124510714477986,,0.021877822561275954,0.05044326989977869,0.08326607973579468,0.032822809836015994,0.05172719764832295,0.01684482546859698,0.03849170584953987,0.05867141899915471,0.020179713149614843,0.0354412214764225,0.020979710677679706,0.5121322053150497|0.6291774843323553|0.7164958860680907,0.7582549333140154|0.38483157432121|0.6597978663010153,0.34235846928040053|0.3449551626457731|0.6522007279783966
66,lift,release,4,0.25,2,2,0,0,2,0,2,right_hand|left_hand,0.12040376081131399,0.002739759860560298,0.10486803017556667,0.012765578925609589,,0.10486803017556667,0.6985670564686164,0.6985670564686164,,,0.9999999999999999,1.6132264529058116,35,12.50501002004008,1.4164240194884878,True,0.0032570686091152323,0.04232611768435218,10,0.0017136747443796327,5,0.0032570686091152323,2,-0.029524562553346456,-0.02590299212180902,,0.0,0.0014262358063404348,,0.022024638528210103,0.051031612626181985,0.08492167433370294,0.03389006170752096,0.05182326858994417,0.017070826529881792,0.0376196995923931,0.05725198467611412,0.019632285083721022,0.03602948787027857,0.02139900199106238,0.5149130304295081|0.6086979456504269|0.719176471864471,0.7567048550924801|0.3672320289510604|0.6624592662348371,0.3406520050184083|0.32642323881151103|0.6580540767020946
67,lift,release,5,0.25,2,2,0,0,2,0,2,right_hand|left_hand,0.12086715921759605,0.0027140630409121513,0.1048607190605253,0.013260948937386274,,0.1048607190605253,0.7062832446884664,0.7062832446884664,,,0.9999999999999999,1.6132264529058116,35,12.50501002004008,1.4164240194884878,True,0.0017053105991420361,0.04213318076165626,11,0.0017053105991420361,6,0.0009474578637342634,2,-0.029789235560155447,-0.026957380143160847,,0.0,0.0014356937691274133,,0.022197135745845475,0.052160158948375626,0.08507784273473358,0.032917683786357954,0.05097359726807061,0.01713800330318398,0.037032972472281,0.05694759781946484,0.019914625347183836,0.03424418956444499,0.02177334352780282,0.5176549196613385|0.5880190894767019|0.7192795857534698,0.7556392919731845|0.3463985622152957|0.6652270917760744,0.3392967138337054|0.30898221321591757|0.662745885271483
68,lift,release,6,0.25,2,2,0,0,2,0,2,right_hand|left_hand,0.142765301046893,0.002748186932876706,0.12725872616283596,0.012725770939141512,,0.12725872616283596,0.7163851540042101,0.7163851540042101,,,0.9999999999999999,1.6132264529058116,35,12.50501002004008,1.4164240194884878,True,0.002507159799020761,0.04276503604565726,9,0.0016666101085276927,4,0.002507159799020761,2,-0.03001930602849967,-0.027191190212850103,,0.0,0.001436113685233009,,0.022322715553207032,0.053379002177505394,0.08437084932319659,0.030991847145691198,0.04956281123617819,0.01716449846535302,0.03671912429589608,0.057825059717512034,0.021105935421615957,0.03546813360609392,0.021778755851065236,0.5206603346576494|0.567652361685406|0.7202103258416154,0.7545863333192107|0.3236924782735945|0.6683918370575025,0.33720193683871147|0.29217018236293923|0.6683782098486574
69,lift,release,7,0.25,2,2,0,0,2,0,2,right_hand|left_hand,0.11981424782425165,0.0027510349173098803,0.1042334649246186,0.012797124916687608,,0.1042334649246186,0.7575538804097982,0.7575538804097982,,,0.9999999999999999,1.6132264529058116,35,12.50501002004008,1.4164240194884878,True,0.002121754185776953,0.04337934715529884,10,0.0018734653757699754,4,0.002121754185776953,2,-0.029929641370204152,-0.027289160820028968,,0.0,0.001452885921639806,,0.022640176412475354,0.05388450247948265,0.08352099478922083,0.02963649230973818,0.04965612347027208,0.017053520175939217,0.03700867742774968,0.059011025433293465,0.022002348005543786,0.03658867143357713,0.021988775442301475,0.5237553672165852|0.547879184748846|0.7209691976626054,0.7541815525056502|0.3015356817311934|0.6723363315897619,0.3356839740037703|0.2762667346274739|0.6735495298524282
70,lift,release,8,0.25,2,2,0,0,2,0,2,right_hand|left_hand,0.1151880060788244,0.0027136809658259153,0.09989729709923267,0.012545024044811726,,0.09989729709923267,0.854463648841635,0.854463648841635,,,0.9999999999999999,1.6132264529058116,35,12.50501002004008,1.4164240194884878,True,0.002224022632378142,0.04445905922591689,9,0.0015803923543529774,3,0.002224022632378142,2,-0.030045820241161536,-0.020644118930437827,,0.0,0.0014236734418796658,,0.023254250986402228,0.054745524450562334,0.08353429248798289,0.028788768037420552,0.048636739947964525,0.016953148051788176,0.03771509751251009,0.06877923826896237,0.03106414075645228,0.042556976519522054,0.02248009561962819,0.5255421846287994|0.5289185944276679|0.721611023251513,0.7539527291513342|0.27826115474610447|0.6774750677921382,0.33219042140611976|0.2702691277645749|0.6708317329679031
71,lift,release,9,0.25,2,2,0,0,2,0,2,right_hand|left_hand,0.1106424059253186,0.0027213338762521744,0.0954453288577497,0.012445058906450868,,0.0954453288577497,0.7350311565182119,0.7350311565182119,,,0.9999999999999999,1.6132264529058116,35,12.50501002004008,1.4164240194884878,True,0.0042897276875680235,0.040765028283356874,8,0.0042897276875680235,4,0.0010879574905579836,1,-0.03122779737990733,-0.030163013677459105,,0.0,0.001390181675050254,,0.02232726100040105,0.055322868465104334,0.08058692146897306,0.025264053003868726,0.04908443451327854,0.017435021978810625,0.03816458677540281,0.05759889398348122,0.019434307208078407,0.03325284771086619,0.021248648515511427,0.5259030073074463|0.4994980526535694|0.7284269016461521,0.7537117427428357|0.2586037973539391|0.6865267660641977,0.3364570313579409|0.24332242937175697|0.6837168808810239
72,lift,release,10,0.25,2,2,0,0,2,0,2,right_hand|left_hand,0.10721127106808126,0.002671985886991024,0.09210559399798512,0.012402716092765331,,0.09210559399798512,0.6972989161462168,0.6972989161462168,,,0.9999999999999999,1.6132264529058116,35,12.50501002004008,1.4164240194884878,True,0.004526994302929341,0.03599934650117545,9,0.004526994302929341,6,0.0009598510754598721,1,-0.03031247396680392,-0.030050794530819047,,0.0,0.0012793163915322061,,0.022058369424277986,0.055568303809093826,0.08070684236763814,0.025138538558544317,0.04997134788954524,0.017298247901096638,0.03799352123234755,0.05752290613861177,0.019529384906264213,0.033014254897911405,0.020874741611328528,0.5298888932360445|0.4792831745916933|0.7306841688847548,0.7527544469394019|0.2384215139533834|0.6880851080559441,0.3354782062147729|0.22508767792160547|0.6878621771211263
73,lift,release,11,0.25,2,2,0,0,2,0,2,right_hand|left_hand,0.1090351811144501,0.0026492381002753973,0.09365122416056693,0.012703038984909654,,0.09365122416056693,0.6660950205770345,0.6660950205770345,,,0.9999999999999999,1.6132264529058116,35,12.50501002004008,1.4164240194884878,True,0.004539801592591958,0.035353759811725505,11,0.004539801592591958,8,0.0009612493241598213,1,-0.030370345599767035,-0.029786918464051126,,0.0,0.001144749684271487,,0.021811588872299233,0.05525468948402768,0.08174889036512992,0.026494200881102235,0.0482872569196402,0.01752215507675774,0.037862509163204494,0.05794400966437414,0.020081500501169643,0.03363978397235072,0.020500299403699854,0.5333414888674399|0.4606494221135001|0.7332336471038144,0.7515796565522271|0.21500722351809545|0.69128243965014,0.3338523197291037|0.20799913624910693|0.6924959309740645
74,lift,release,12,0.25,2,2,0,0,2,0,2,right_hand|left_hand,0.10923626204021275,0.0026637190021574497,0.09362692688591778,0.012915614992380142,,0.09362692688591778,0.6675768850670012,0.6675768850670012,,,0.9999999999999999,1.6132264529058116,35,12.50501002004008,1.4164240194884878,True,0.004105868347137401,0.036053044289855674,11,0.004105868347137401,8,0.0009828993443087436,1,-0.030707084438065024,-0.029239025142841157,,0.0,0.001134362162611416,,0.021875689204199036,0.0552517462021013,0.08212071943238376,0.026868973230282464,0.046291406613120624,0.0182498884071662,0.03773448116883345,0.057720095946367525,0.019985614777534078,0.03402452191014931,0.019722673384157945,0.5362288532864381|0.4409328375497665|0.7334322069032856,0.7497986685471443|0.19298120547472397|0.6937987183728961,0.33260440411687486|0.18977891538027614|0.695307596032497
75,lift,release,13,0.25,2,2,0,0,2,0,2,right_hand|left_hand,0.11086538899689913,0.002686833031475544,0.09531792206689715,0.01282994612120092,,0.09531792206689715,0.6839889701681792,0.6839889701681792,,,0.9999999999999999,1.6132264529058116,35,12.50501002004008,1.4164240194884878,True,0.0014378750729827743,0.03627941822888986,10,0.0014378750729827743,7,0.0009649629452565256,1,-0.030578003070228732,-0.020507630556011236,,0.0,0.0011213109302573652,,0.0220257238028429,0.05504233004156982,0.08291950896202947,0.027877178920459655,0.045540302852617544,0.01825229671848567,0.03780574298591345,0.06572783906292431,0.027922096077010863,0.043134604720588214,0.019412731130513998,0.5388092085166305|0.4233907672610675|0.7340086510249907,0.748629121259512|0.17137794713008778|0.695875244234552,0.327556539451197|0.1784133729067245|0.6913415654630116
76,lift,release,14,0.25,2,2,0,0,2,0,2,right_hand|left_hand,0.11603587516583502,0.0026682850439101458,0.09950283286161721,0.013831815915182233,,0.09950283286161721,0.6797210802599984,0.6797210802599984,,,0.9999999999999999,1.6132264529058116,35,12.50501002004008,1.4164240194884878,True,0.0014382661907024752,0.03671661091449438,13,0.0014382661907024752,7,0.0009476097725695798,1,-0.030579074880174417,-0.020010079736941577,,0.0,0.0011147660482677003,,0.021937019174870304,0.05502234518738768,0.0831313511394697,0.028109005952082024,0.04543435339062837,0.018046588232385093,0.037929833137146575,0.06592798465876644,0.027998151521619864,0.04302871466130581,0.018985672219277685,0.5394919219326803|0.4041864623303726|0.7330199478327964,0.747118283259784|0.1510492018102184|0.6963310485465031,0.32680902963046893|0.16161988686103881|0.691422629912163
77,lift,release,15,0.25,2,2,0,0,2,0,2,right_hand|left_hand,0.12317323591560125,0.002688222797587514,0.1062630049418658,0.014188805827870965,,0.1062630049418658,0.6662459874940846,0.6662459874940846,,,0.9999999999999999,1.6132264529058116,35,12.50501002004008,1.4164240194884878,True,0.0014373011073856648,0.03748430569931496,13,0.0014373011073856648,8,0.0008950706959533067,1,-0.030385829162314693,-0.02003456036587714,,0.0,0.001427015272827519,,0.0216872831680326,0.054896188116882357,0.08384207557889196,0.028945887462009608,0.045125505978682035,0.018175378308875903,0.037866171346140474,0.06604241759970682,0.028176246253566344,0.04311836474090631,0.01837278814388665,0.5362118846720118|0.38398172284120513|0.7321186501790273,0.7461993115036938|0.1296386442290959|0.697283362161534,0.3258471498442776|0.14505845731189376|0.6916557775228834
78,lift,release,16,0.25,2,2,0,0,2,0,2,right_hand|left_hand,0.12538212887011468,0.0027166809886693954,0.108481225091964,0.014152346877381206,,0.108481225091964,0.6676443765876261,0.6676443765876261,,,0.9999999999999999,1.6132264529058116,35,12.50501002004008,1.4164240194884878,True,0.0014362811423456676,0.04082886449208653,15,0.0014362811423456676,9,0.0007189213406282174,1,-0.030011008244231974,-0.019889583956025803,,0.0,0.001426861060512971,,0.02162776197756241,0.05424781529848365,0.08325063095521763,0.02900281565673398,0.04914609845305765,0.017994614695680547,0.038394989384729065,0.06602047099459495,0.02762548160986588,0.04350164801207253,0.01850688084046116,0.5392289479545683|0.3672214264006582|0.7307529970273949,0.7448163966616607|0.11036127983938497|0.6942815185675342,0.32495424639986625|0.12852286623540415|0.6912926442291264
79,lift,release,17,0.25,2,2,0,0,2,0,2,right_hand|left_hand,0.12421139003708959,0.0026991970371454954,0.10806371597573161,0.013416864909231663,,0.10806371597573161,0.6791753734254264,0.6791753734254264,,,0.9999999999999999,1.6132264529058116,35,12.50501002004008,1.4164240194884878,True,0.001662127572331272,0.03861105140801552,12,0.001662127572331272,9,0.0009390518137928072,1,-0.030166873812067507,-0.01969415991984036,,0.0,0.0014262757367455626,,0.02179529470578983,0.053541845803466416,0.08193920041157275,0.028397354608106336,0.05061156442945521,0.018220576997865206,0.03885015828802071,0.06664784012488333,0.02779768183686262,0.04441779778403017,0.018960014288326523,0.5388110197184323|0.3509158158782402|0.7315645031745457,0.7441221801605338|0.09080205055441001|0.6929791364887257,0.3236042017103832|0.11322907616919231|0.6904162915897955
80,lift,release,18,0.25,2,2,0,0,2,0,2,right_hand|left_hand,0.1419367000926286,0.002678623888641596,0.12643441604450345,0.012791835935786366,,0.12643441604450345,0.7136977697289093,0.7136977697289093,,,0.9999999999999999,1.6132264529058116,35,12.50501002004008,1.4164240194884878,True,0.0014391636360943302,0.03921275565387303,14,0.0014391636360943302,10,0.0009238109565324892,1,-0.03002286924058062,-0.020003137567817575,,0.0,0.0014530521119602566,,0.022106015183231683,0.05281163420317074,0.08109816181937624,0.028286527616205495,0.05266976749010572,0.018482465452467282,0.03909757151750115,0.0663703466399804,0.027272775122479248,0.04429417092359593,0.019338376105563247,0.5390904243894349|0.3344204540445718|0.7299726807590984,0.7428605921973532|0.07092610630250695|0.6894411690051266,0.3231836367275354|0.09671100018928512|0.6866608514807303
81,lift,release,19,0.25,2,2,0,0,2,0,2,right_hand|left_hand,0.11890898807905614,0.002690790919587016,0.10354694700799882,0.012640029191970825,,0.10354694700799882,0.7296289548705396,0.7296289548705396,,,0.9999999999999999,1.6132264529058116,35,12.50501002004008,1.4164240194884878,True,0.0014338164450450573,0.03946918664207305,17,0.0014338164450450573,13,0.0009654843619988362,1,-0.03005263510408618,-0.020151178218284826,,0.0,0.0014590109719387354,,0.0222259065697848,0.05296259291520634,0.08110947052697878,0.028146877611772446,0.054844702734297854,0.018782082660209268,0.03961493467729736,0.06643114839306043,0.026816213715763065,0.04365524305991432,0.01938812845823105,0.5388113391095366|0.31820515696333773|0.7286195636758405,0.7418876252271154|0.049840175210919144|0.6869270332458043,0.3222428024441445|0.08068988273430319|0.6818088457049294
82,lift,release,20,0.25,2,2,0,0,2,0,2,right_hand|left_hand,0.1194260090123862,0.0027147321961820126,0.10363874491304159,0.013041198020800948,,0.10363874491304159,0.7210058152835032,0.7210058152835032,,,0.9999999999999999,1.6132264529058116,35,12.50501002004008,1.4164240194884878,True,0.0014365831642125758,0.039976680492419064,14,0.0014365831642125758,10,0.0009584054864236469,1,-0.029879189405642492,-0.020448615708950513,,0.0,0.0014270785866956964,,0.022125325064073238,0.05349538631266275,0.08160141026399038,0.028106023951327636,0.05516533386206947,0.0187557955278808,0.03953561794581501,0.0659138425317326,0.02637822458591759,0.04319650114394302,0.01931627231139953,0.5374119857413833|0.3002801015105639|0.7260687656968389,0.740319385307957|0.028888704778608602|0.6829949585061739,0.32104247612070413|0.06352299486058957|0.6764636800344802
83,lift,release,21,0.25,2,2,0,0,2,0,2,right_hand|left_hand,0.11829865304753184,0.002760889008641243,0.10252090101130307,0.012986059067770839,,0.10252090101130307,0.700164885099812,0.700164885099812,,,1.0000000000000002,1.61,36,12.640000000000004,1.4194365079143205,True,0.0016335679202833173,0.04068564373075276,14,0.0016335679202833173,10,0.000919144204312286,1,-0.030024224272105826,-0.02086746365390013,,0.0,0.0014153108223845304,,0.02191000333536948,0.05423468429844837,0.08288331974267249,0.02864863544422412,0.054307162679241835,0.018521554680458515,0.03948351861285519,0.06521960016898032,0.025736081556125126,0.04272082813765665,0.01952732618667586,0.5346670313297606|0.2807351406995093|0.7235494320367842,0.7381313308424213|0.0066545195228865164|0.6798071986918344,0.31886901550867774|0.04506250672919649|0.6719450779693261
84,lift,release,22,0.25,2,2,0,0,2,0,2,right_hand|left_hand,0.11917352606542408,0.0026939709205180407,0.10301629104651511,0.01342995697632432,,0.10301629104651511,0.6897213489547818,0.6897213489547818,,,1.0000000000000002,1.61,36,12.640000000000004,1.4194365079143205,True,0.0017418474815780877,0.0414273622291256,12,0.0017418474815780877,8,0.0009430401599241911,1,-0.029934079425720128,-0.021247763622234572,,0.0,0.0014133350669332926,,0.021767651475729934,0.05392009683769248,0.08307715790360821,0.029157061065915736,0.054810493742847716,0.018491812344742557,0.03952623391725996,0.06481132102897603,0.02528508711171607,0.04265850192560675,0.019774709356975867,0.5315504608223585|0.2602138349156307|0.7225253898972174,0.7359550051350285|-0.012990161271491302|0.6767915819339818,0.3163529099731048|0.026121480736888948|0.6681062639636126
85,lift,release,23,0.25,2,2,0,0,2,0,2,right_hand|left_hand,0.11860283208079636,0.0027103000320494175,0.10270418412983418,0.013156625907868147,,0.10270418412983418,0.6998328109338353,0.6998328109338353,,,1.0000000000000002,1.61,36,12.640000000000004,1.4194365079143205,True,0.004246723032906227,0.04150804758245369,10,0.004246723032906227,6,0.0010017413082716031,1,-0.030149547761549655,-0.02896180574270879,,0.0,0.001417688450366483,,0.02196348851685345,0.052944634894628216,0.08311322662413637,0.03016859172950815,0.054699714388239166,0.018621006355073064,0.03941355537398549,0.056719940133665304,0.017306384759679813,0.03552088393594094,0.02054342962219949,0.529575823521101|0.23801306140408743|0.7226056055783345,0.733439652076818|-0.03283058627726168|0.675208992669071,0.316340072280142|-0.0013068303486212483|0.6716778607258156
86,lift,release,24,0.25,2,2,0,0,2,0,2,right_hand|left_hand,0.12184014194644988,0.002739862073212862,0.1060152449645102,0.013053215108811855,,0.1060152449645102,0.7210811836278102,0.7210811836278102,,,1.0000000000000002,1.61,36,12.640000000000004,1.4194365079143205,True,0.0017154900535610168,0.04177457704224338,8,0.0017154900535610168,4,0.0009660604656011179,1,-0.03062053027086975,-0.026696708205333763,,0.0,0.0013878011738865915,,0.02220688292387735,0.052335570968175225,0.08198510952345106,0.029649538555275835,0.05539547475394673,0.018969669262297286,0.03957457891397682,0.059068911730567546,0.01949433281659073,0.036791100694731974,0.020556569780595845,0.5269651231867488|0.21765569331623358|0.7241429829138717,0.7312809372101703|-0.05123124889482317|0.675213980803009,0.3116569089870456|-0.021782159091038835|0.6688656044956183
87,lift,release,25,0.25,2,2,0,0,2,0,2,right_hand|left_hand,0.12092701205983758,0.002711357083171606,0.10529919900000095,0.012881651055067778,,0.10529919900000095,0.7514121969003661,0.7514121969003661,,,1.0000000000000002,1.61,36,12.640000000000004,1.4194365079143205,True,0.0020722096586898026,0.041884072466590205,8,0.0020722096586898026,4,0.0009266824203273127,1,-0.03165701754484651,-0.027563145228565844,,0.0,0.001437916585010153,,0.02257953840441855,0.05202448067509307,0.08082722901044546,0.028802748335352395,0.0548832579483858,0.01920177026929026,0.0394933665107388,0.058708711272849316,0.019215344762110516,0.036042216654969345,0.02071598680841825,0.5229417863225962|0.19493805426745184|0.7269300361768126,0.7296967697310448|-0.07065656976001541|0.678576258944598,0.30936170444798705|-0.04458554351258493|0.6687667166064549
88,lift,release,26,0.25,2,2,0,0,2,0,2,right_hand|left_hand,0.1201682451646775,0.0027360981330275536,0.10445252689532936,0.012939923908561468,,0.10445252689532936,0.7729145164789616,0.7729145164789616,,,1.0000000000000002,1.61,36,12.640000000000004,1.4194365079143205,True,0.0019441486088624949,0.04241451686407413,8,0.0019441486088624949,4,0.0009310047855562026,1,-0.03169832377524884,-0.02723725703969393,,0.0,0.0014289055143715589,,0.02280750584404082,0.05167485160244185,0.08090899219221516,0.029234140589773312,0.05194320008375517,0.019361509064977134,0.039589975463028844,0.05905966862538786,0.01946969316235902,0.035420734019430404,0.020534009600365867,0.5173216227681864|0.17340652555192793|0.7261996341961027,0.7286091039622801|-0.09007986809733483|0.679862380240292,0.30758688199544654|-0.06758104448205864|0.6677812948327547
89,lift,release,27,0.25,2,2,0,0,2,0,2,right_hand|left_hand,0.1173071269877255,0.0027515150140970945,0.10136269079521298,0.013160397997125983,,0.10136269079521298,0.7461645089964729,0.7461645089964729,,,1.0000000000000002,1.61,36,12.640000000000004,1.4194365079143205,True,0.005154596808127673,0.040438194530130256,8,0.005154596808127673,4,0.0009304287696794422,1,-0.03105952621307928,-0.030238405571637372,,0.0,0.0013600013164029587,,0.022323539872509613,0.051297621187728105,0.08298333253696062,0.031685711349232516,0.050023445884297,0.018771964573471297,0.0399114196952542,0.05806591799835905,0.018154498303104852,0.034816050054385865,0.020928737161539195,0.5202531999772422|0.148457316381896|0.7293439721992939,0.7281087605741839|-0.11102255727298663|0.6800793935633572,0.3086065387136847|-0.08784828227708419|0.67178728471485
90,lift,release,28,0.25,2,2,0,0,2,0,2,right_hand|left_hand,0.11188568989746273,0.0027321549132466316,0.09606325207278132,0.013056837022304535,,0.09606325207278132,0.7337217755505197,0.7337217755505197,,,1.0000000000000002,1.61,36,12.640000000000004,1.4194365079143205,True,0.0051608311592586525,0.03695553215733888,8,0.0051608311592586525,4,0.0009513305990661303,1,-0.03157642466684507,-0.029898383435376985,,0.0,0.0012505155689050557,,0.02236029793215948,0.05108688241584495,0.08388186144999396,0.03279497903414901,0.04945079172998084,0.018343191006901773,0.03907005146331291,0.057708185099008664,0.018638133635695754,0.03509516049693171,0.02079237821249496,0.516250198353249|0.1252151922621636|0.7319151149754324,0.7275202097987653|-0.131837344748185|0.6832418602853263,0.30798299501882276|-0.11244122373606831|0.6739790754323882
91,lift,release,29,0.25,2,2,0,0,2,0,2,right_hand|left_hand,0.13419527001678944,0.0027351181488484144,0.11829897714778781,0.013124217046424747,,0.11829897714778781,0.7037855074682989,0.7037855074682989,,,0.9999999999999999,1.6132264529058116,35,12.50501002004008,1.4164240194884878,True,0.0019591587293279755,0.033297791435799196,9,0.0019591587293279755,5,0.0009100374466376876,1,-0.030551336438680465,-0.027330963027321076,,0.0,0.0011900433672568408,,0.021986931614347904,0.05120678272609865,0.08379425976601058,0.03258747703991193,0.05000884207942837,0.01735440841029938,0.039043695649939224,0.05822666870237799,0.019182973052438768,0.03492406880718345,0.020063882386072242,0.511035387104049|0.1039502418464252|0.7312583702717634,0.7280495611193663|-0.14782871681666562|0.6824101323071319,0.30783351744139636|-0.13786547138284422|0.6734642546901596
92,lift,release,30,0.25,2,2,0,0,2,0,2,right_hand|left_hand,0.11217414191924036,0.0028001139871776104,0.09642560896463692,0.012916459003463387,,0.09642560896463692,0.6921951430853223,0.6921951430853223,,,0.9999999999999999,1.6132264529058116,35,12.50501002004008,1.4164240194884878,True,0.0014235677073708881,0.034066223857328076,10,0.0014235677073708881,5,0.000981828551794628,1,-0.030382412656523528,-0.026952875254936615,,0.0,0.001172920862071669,,0.021923022353938986,0.05176764694933557,0.08469936651396119,0.03293171956462562,0.05137393505958219,0.01674693323141078,0.03899495115191409,0.05782866920357444,0.01883371805166035,0.033817654230077446,0.020300197175608672,0.5059719476365194|0.0826314736006924|0.7303535610923734,0.7288985406196625|-0.16603990140035765|0.6838139915125141,0.30891887067293733|-0.1637433741031784|0.6760501091586646
93,lift,release,31,0.25,2,2,0,0,2,0,2,right_hand|left_hand,0.11394626693800092,0.0026864069513976574,0.09826776594854891,0.01295970706269145,,0.09826776594854891,0.684535035067143,0.684535035067143,,,0.9999999999999999,1.6132264529058116,35,12.50501002004008,1.4164240194884878,True,0.001918530207813532,0.0349301315292857,12,0.0014479564338431526,7,0.001918530207813532,2,-0.030640221047118388,-0.026764301413155778,,0.0,0.001159886047900691,,0.021815154363474573,0.05251810766007785,0.08374732727140613,0.031229219611328282,0.05094327017086859,0.016566293397801524,0.03902641846104848,0.05803725473591446,0.01901083627486598,0.033439183086341,0.020178292296473926,0.5020107147654094|0.06288218359759745|0.7313101405415947,0.7296143110667511|-0.18142053974425656|0.68609008142935,0.3103719192196472|-0.18838635044225213|0.6792630111828127
94,lift,release,32,0.25,2,2,0,0,2,0,2,right_hand|left_hand,0.1119059668853879,0.0026579981204122305,0.09597893501631916,0.013238356914371252,,0.09597893501631916,0.6808137998390187,0.6808137998390187,,,0.9999999999999999,1.6132264529058116,35,12.50501002004008,1.4164240194884878,True,0.0014084847459468475,0.03570493055399662,12,0.0014084847459468475,8,0.001006238344665067,2,-0.030591818881470445,-0.027243817712463425,,0.0,0.001156689222145878,,0.021799393063694127,0.05337867936515988,0.08308709000017098,0.029708410635011097,0.050511095186345716,0.01659795550393779,0.03923634126538478,0.05752884005023836,0.018292498784853582,0.03321907568589586,0.020188138596998955,0.5004036476312769|0.042905179337156346|0.7320999536639117,0.7311000096853972|-0.19619507709028158|0.688638941285079,0.3124333185533422|-0.21289318077853786|0.6836481444254006
95,,release,33,7.61489029373637e-60,2,2,0,0,2,0,2,,0.11256972793489695,0.002635361161082983,0.09638276789337397,0.013520051026716828,,0.09638276789337397,0.6766419987741733,0.6766419987741733,,,1.0,1.0,0,0.0,0.0,True,0.0019238417811278385,0.036304771800144825,12,0.0019238417811278385,8,0.00099394055821167,1,-0.031199621393424692,-0.027189923018962503,,0.0,0.0011701453528060683,,0.021780562973738395,0.05324327289408438,0.07987364595204753,0.026630373057963154,0.05151625967967796,0.016648342390162094,0.039320056580962465,0.05874028354337763,0.019420226962415167,0.03457746118057912,0.02034617838302236,0.499840341412365|0.02075670989031376|0.734775906420574,0.732773812326652|-0.20778788699280287|0.6933026255307687,0.3139378316893429|-0.2344564418408016|0.6879511842799501
96,,release,34,1.7556880978548265e-63,2,2,0,0,2,0,2,,0.11883167806081474,0.002628922928124666,0.10197351011447608,0.014198028948158026,,0.10197351011447608,0.6697141824406159,0.6697141824406159,,,1.0,1.0,0,0.0,0.0,True,0.001966577864098207,0.03716592978832686,12,0.001966577864098207,8,0.0009716739646889738,1,-0.031080594546839535,-0.027198242286788243,,0.0,0.0011579552567596877,,0.021644742369102687,0.05264279447243873,0.07918932752290654,0.026546533050467815,0.050418700676136755,0.016658743511707767,0.039595738524436035,0.05883375016408741,0.019238011639651373,0.03450868472886682,0.020301257410879424,0.4992273442149233|0.0006262541676305059|0.7344582927182084,0.7344457380558919|-0.22211165526264207|0.6963061680379448,0.31620304578730496|-0.2577676173926119|0.6909540813772048
97,,release,35,3.1525171551450254e-67,2,2,0,0,2,0,2,,0.12634213990531862,0.0026460730005055666,0.10878152400255203,0.014884572010487318,,0.10878152400255203,0.664865965788059,0.664865965788059,,,1.0,1.0,0,0.0,0.0,True,0.0018922471356848936,0.0378855697224226,19,0.0018922471356848936,10,0.0009413342233116767,1,-0.031071233513813468,-0.02683980315517509,,0.0,0.0014174970739950004,,0.02158567275421448,0.05186772513673518,0.07884599391793648,0.026978268781201298,0.051153033920194955,0.01678672162030361,0.039767764578703284,0.06004593018806915,0.020278165609365864,0.035400389111227955,0.02065824356711782,0.4964326071629067|-0.01715220248941827|0.7333231055027478,0.7354315430924487|-0.23704701823487145|0.6963627876795644,0.31739913467317127|-0.2789962754021655|0.693704192118611
98,,release,36,4.408531331463226e-71,2,2,0,0,2,0,2,,0.12597322091460228,0.0026779761537909508,0.10954984417185187,0.013714096043258905,,0.10954984417185187,0.6660119571566109,0.6660119571566109,,,1.0,1.0,0,0.0,0.0,True,0.001851442839110002,0.03806522848421057,13,0.001851442839110002,10,0.0009604436859131094,1,-0.030855451093172448,-0.027086617944705793,,0.0,0.0014178170006725254,,0.021640299591718527,0.05101938130571162,0.07862490654730715,0.027605525241595534,0.05162977180946611,0.016946208735304884,0.040257295241883505,0.061000867617506935,0.02074357237562343,0.035967115478537204,0.020995092059472052,0.4956539021812612|-0.033204438245703086|0.7342628299195259,0.7372808789596547|-0.25304169237685326|0.6973839795804785,0.3193465014926238|-0.298204103322832|0.6948823496601386
99,,contact,36,4.408531331463226e-71,2,2,0,0,2,0,2,,0.12022178410552442,0.0026282970793545246,0.10476557584479451,0.012797439005225897,,0.10476557584479451,0.6809426282578551,0.6809426282578551,,,1.0,1.0,0,0.0,0.0,True,0.0018326121742667303,0.03827509488397299,14,0.0018326121742667303,10,0.0009363837486777299,1,-0.030713526721449114,-0.021325542924527596,,0.0,0.0014355771684041744,,0.0218553963164736,0.05020037318986627,0.07791890834088605,0.027718535151019782,0.051699290545803314,0.01705448904878646,0.040929933158895,0.06800506366405702,0.02707513050516202,0.04230414232227977,0.021112350515212534,0.4946440179780817|-0.04870141648375003|0.7351966099834606,0.7386849141166579|-0.26893905795312595|0.6962220088166514,0.316891723998664|-0.31233465609504474|0.6918058759794834
100,,contact,35,3.1525171551450254e-67,2,2,0,0,2,0,2,,0.11876574694178998,0.0026397460605949163,0.10330191813409328,0.01279267412610352,,0.10330191813409328,0.6842446424646588,0.6842446424646588,,,1.0,1.0,0,0.0,0.0,True,0.0014553022699071647,0.03845956667663189,18,0.0014553022699071647,14,0.0009894236919295862,1,-0.0308157654028669,-0.021464552973856854,,0.0,0.0014309681313254298,,0.02190147457324034,0.049869754028211734,0.0771571577180931,0.02728740368988137,0.05113237522400142,0.017098937611416874,0.04117591618043275,0.06815024513979362,0.026974328959360867,0.042616899110511086,0.021479503496400692,0.4937278558018734|-0.06478777969677148|0.734474020799853,0.7394548136263762|-0.2853915406559012|0.6937788608735778,0.31844626478141363|-0.3309232049970771|0.6904469759475134
101,,contact,34,1.7556880978548265e-63,2,2,0,0,2,0,2,,0.11871384805999696,0.00264805112965405,0.10337753291241825,0.012658088933676481,,0.10337753291241825,0.6786115907776298,0.6786115907776298,,,1.0,1.0,0,0.0,0.0,True,0.002110087854653983,0.038693217777184624,17,0.002110087854653983,13,0.000934237151033232,1,-0.03163744823821979,-0.022194955254489557,,0.0,0.0014223599442648221,,0.021853796817980786,0.05012815757372075,0.07729050444057362,0.027162346866852864,0.04979323878292752,0.017132152053846154,0.041063160271135754,0.06746793568940743,0.026404775418271673,0.04246775053277988,0.02161951939604303,0.4950516951732955|-0.080897318614465|0.7329669891763946,0.7399351588265625|-0.30357421346325975|0.6907439993594062,0.31988598128685175|-0.3491460607171236|0.6890647337149812
102,,contact,33,7.61489029373637e-60,2,2,0,0,2,0,2,,0.11796366306953132,0.00269393902271986,0.10293253208510578,0.012307901168242097,,0.10293253208510578,0.6763044040343239,0.6763044040343239,,,1.0,1.0,0,0.0,0.0,True,0.001409467255648937,0.03899055579176408,12,0.001409467255648937,8,0.0009390085799937942,1,-0.03083123260540077,-0.023521598920869025,,0.0,0.0014177815643902749,,0.021884348259053166,0.050887856121957245,0.07790644166153476,0.02701858553957752,0.04988580755330246,0.017308537233537362,0.04023130942507063,0.0654298091417595,0.025198499716688867,0.04360184724586781,0.0215882671427386,0.49717490698735994|-0.0973136555784377|0.7320133895234232,0.7404705674516083|-0.3212907977694458|0.6857421787323331,0.320276504167566|-0.3692741815582103|0.689795864820458
103,,contact,32,2.572209372642415e-56,2,2,0,0,2,0,2,,0.11743609607219696,0.002628304995596409,0.10196937900036573,0.01280669798143208,,0.10196937900036573,0.6787685279995835,0.6787685279995835,,,1.0,1.0,0,0.0,0.0,True,0.0024542870853421495,0.03959221281295644,13,0.0024542870853421495,9,0.0009457243913402191,1,-0.0317984601087371,-0.023196493419737507,,0.0,0.0014142481318807352,,0.02194721067262812,0.052053548970268836,0.07841564567717062,0.02636209670690178,0.04847324075455303,0.017818122222629032,0.0391092353510085,0.06506370131506518,0.025954465964056685,0.04438161199575463,0.021512357751276755,0.5015828172202901|-0.11360343853525122|0.7306621593573375,0.7404264046617279|-0.3404810881998814|0.6821022775083977,0.3201391150029316|-0.38659708215375055|0.6873868845198793
104,,contact,31,6.766675675168404e-53,2,2,0,0,2,0,2,,0.1440941239707172,0.0026879089418798685,0.12865774799138308,0.012717122910544276,,0.12865774799138308,0.687400794320343,0.687400794320343,,,1.0,1.0,0,0.0,0.0,True,0.001510238720812046,0.04012314331936351,13,0.001510238720812046,9,0.0009245306210077658,1,-0.031465062169026226,-0.02309144808274688,,0.0,0.0014111803056493979,,0.02207058851334882,0.05296771424189847,0.07976781114912464,0.026800096907226165,0.046991730190691534,0.01796743412626919,0.03796130654290091,0.0653576176119077,0.027396311069006786,0.04598875229823561,0.021554027846029385,0.5055997776128265|-0.13114783062559668|0.7306560237589595,0.7412397587746026|-0.361925949445366|0.6791335019123352,0.31961712844800316|-0.401512522089119|0.6854372348008577
105,,contact,30,1.3863432936411706e-49,2,2,0,0,2,0,2,,0.12127226195298135,0.0026585611049085855,0.10585023113526404,0.012732127914205194,,0.10585023113526404,0.6960643642657505,0.6960643642657505,,,1.0,1.0,0,0.0,0.0,True,0.0014902190534401179,0.04046050897104139,13,0.0014902190534401179,8,0.0009826951716822296,2,-0.0322725291481305,-0.021201834616102033,,0.0,0.001408085082224084,,0.02220064784549064,0.05350023260415402,0.08024602308381724,0.026745790479663224,0.04498656372917824,0.018072609699624643,0.03711203527518356,0.06853613617745288,0.031424100902269325,0.047183501183001075,0.02161616570145458,0.5102765384330638|-0.14731055115878808|0.7303683909698006,0.7405019506920673|-0.3850820100038379|0.6759906169720323,0.31939069111327983|-0.41062374525639983|0.6794229707955591
106,,contact,29,2.2120380336009962e-46,2,2,0,0,2,0,2,,0.11963092791847885,0.0026278409641236067,0.10437042778357863,0.012602099915966392,,0.10437042778357863,0.7102549829685889,0.7102549829685889,,,1.0,1.0,0,0.0,0.0,True,0.0019762272515850554,0.0397844631469918,11,0.0014621581278689115,6,0.0019762272515850554,2,-0.03430481978627853,-0.02032171648644976,,0.0,0.0013161205233373117,,0.022363602991567397,0.05412634430526514,0.08031327627375057,0.026186931968485427,0.04254076953277251,0.01808507626430112,0.03634802915806794,0.07076730988843703,0.034419280730369095,0.04807109636255297,0.02108841594777611,0.5157999563771736|-0.16570806938399135|0.7313269782291781,0.7400669779035252|-0.4088497105350591|0.6764001372414975,0.31864356529425913|-0.4191968898724804|0.6769839587758133
107,,contact,28,2.7487850079102147e-43,2,2,0,0,2,0,2,,0.11850568512454629,0.0026030659209936857,0.10329092596657574,0.012579872971400619,,0.10329092596657574,0.7241192635795891,0.7241192635795891,,,1.0,1.0,0,0.0,0.0,True,0.001432749276034078,0.038567773994360954,12,0.001432749276034078,7,0.0009569394560529632,2,-0.033383378163742705,-0.02010978945314079,,0.0,0.0014243114912916206,,0.022412074064975727,0.05482173867011342,0.08226582950364869,0.027444090833535273,0.044098930944526216,0.01856335875575448,0.03560123242083103,0.0714778122871174,0.03587657986628637,0.04809773471972861,0.02164531662905544,0.5203418516652397|-0.18462624958774085|0.7318222826612075,0.7416657724110363|-0.43322413965162143|0.6781520634085552,0.31782884056360816|-0.42829106704920744|0.6759096063345958
108,,contact,27,2.6602064159439866e-40,2,2,0,0,2,0,2,,0.11849414487369359,0.0026517410296946764,0.10309544391930103,0.012715053046122193,,0.10309544391930103,0.7284397068217151,0.7284397068217151,,,1.0,1.0,0,0.0,0.0,True,0.0014109558342962798,0.03921210607182188,12,0.0014109558342962798,7,0.0013671248332733643,2,-0.03440988746337226,-0.019780969369605828,,0.0,0.001425288517319316,,0.022277767204848312,0.0552368818839593,0.08123565044063014,0.025998768556670833,0.04307772911599339,0.018271560583171483,0.03496290298900075,0.07156737290082466,0.0366044699118239,0.04810622819540459,0.02091901611882592,0.5272581637167918|-0.2037550934603407|0.7326371743755246,0.7394764672637071|-0.4565390221601829|0.6804547215244766,0.3162901970359879|-0.43758231280349863|0.6757245893613631
109,,contact,26,2.005008781961654e-37,2,2,0,0,2,0,2,,0.11591191194020212,0.002605584915727377,0.10073807905428112,0.012535535963252187,,0.10073807905428112,0.7628726555510181,0.7628726555510181,,,1.0,1.0,0,0.0,0.0,True,0.0014937972952395878,0.040313834374333585,13,0.0014937972952395878,8,0.0009547320132698017,2,-0.03502321093769645,-0.020408487085934013,,0.0,0.0014168757792559277,,0.022540610407002833,0.056012868311818176,0.08044320929800823,0.024430340986190055,0.04395121112478388,0.018226426937065447,0.03483913335289958,0.07090395913174483,0.03606482577884525,0.04718746698765932,0.02134204337953283,0.5337849685330215|-0.22002075819647854|0.7321737200080671,0.7364764609997249|-0.4795025458072289|0.6810420746514949,0.3140256235212948|-0.4462305310690565|0.6761833687997215
110,,contact,25,1.1769109439216723e-34,2,2,0,0,2,0,2,,0.11307149194180965,0.00267222011461854,0.09780527697876096,0.012561260955408216,,0.09780527697876096,0.7106526071423902,0.7106526071423902,,,1.0,1.0,0,0.0,0.0,True,0.0018515311435712695,0.037601217201064324,13,0.0014308864622704781,8,0.0018515311435712695,2,-0.03651835242107637,-0.020167419391842856,,0.0,0.0012048961912512841,,0.02195088965802138,0.05608804471666944,0.07962092339263568,0.02353287867596624,0.04359025012276234,0.018522070725915843,0.03515241213300122,0.068761276699017,0.03360886456601577,0.04440593118199657,0.020579454475653458,0.533745046172333|-0.23955519834228134|0.7340927760264955,0.7312872567652595|-0.5037153157650884|0.6846983679911188,0.30860279880108815|-0.4597901792225048|0.6786005351451951
111,,contact,24,5.380186160021138e-32,2,2,0,0,2,0,2,,0.10882967081852257,0.002645778004080057,0.09357986017130315,0.012574096908792853,,0.09357986017130315,0.6881781528007083,0.6881781528007083,,,1.0,1.0,0,0.0,0.0,True,0.0014362636542428371,0.03659407885324384,12,0.0014362636542428371,8,0.0009773106198121967,1,-0.03564026289601685,-0.02063403090130933,,0.0,0.0012077705635653746,,0.02186742947158726,0.05577113393807282,0.07936200149480167,0.023590867556728852,0.044518530763265736,0.018430144266027515,0.03572954787296409,0.06877187883376222,0.03304233096079813,0.0449817816917697,0.020369241431479872,0.5406481407896931|-0.25542704279674483|0.7356329223767373,0.7267524456277041|-0.5259457094615282|0.6843188722571081,0.3049363789748434|-0.46711859656228344|0.6796394371871659
112,,contact,23,1.915478951967148e-29,2,2,0,0,2,0,2,,0.10992192197591066,0.0026215140242129564,0.09466917184181511,0.012601021910086274,,0.09466917184181511,0.6889483805271336,0.6889483805271336,,,1.0,1.0,0,0.0,0.0,True,0.0014375186865251272,0.03600439623983573,13,0.0014375186865251272,8,0.0009671551812091839,2,-0.03388442762356014,-0.020882199694256087,,0.0,0.0012008597939268584,,0.02200037251999047,0.055248476280676646,0.08176310932549369,0.02651463304481704,0.04184862964506103,0.01897365472915862,0.03602896960882871,0.06870842450146238,0.032679454892633665,0.04506746054992188,0.02013904257411836,0.5443528231902875|-0.2693586237258123|0.7344970070728455,0.7187343768163481|-0.553569962319189|0.6844702714187232,0.3005376326789012|-0.4746311989475467|0.679906518198583
113,,contact,22,5.311092249679095e-27,2,2,0,0,2,0,2,,0.11006480199284852,0.0026063919067382812,0.09465860505588353,0.01277007581666112,,0.09465860505588353,0.6822640074881404,0.6822640074881404,,,1.0,1.0,0,0.0,0.0,True,0.001436354641835176,0.03650400771068993,11,0.001436354641835176,8,0.0009568927386174181,1,-0.03348262196880647,-0.02076316497647035,,0.0,0.0012094246882833311,,0.02191821613732397,0.05566647986554079,0.07930426270614072,0.023637782840599926,0.03943908695040883,0.018856307461500663,0.03583825587427293,0.06887022100760362,0.03303196513333069,0.046148927507096545,0.019565854612390247,0.5482663138623077|-0.2838743980140121|0.7348434239302006,0.7103254174626018|-0.5780091045812767|0.6871362743781865,0.29592439251073777|-0.4799557735637459|0.6814157954903752
114,,contact,21,1.146876582225596e-24,2,2,0,0,2,0,2,,0.11393793392926455,0.002620553132146597,0.09813226503320038,0.013154807034879923,,0.09813226503320038,0.678739246627531,0.678739246627531,,,1.0,1.0,0,0.0,0.0,True,0.0014366680777442853,0.037280196648951214,12,0.0014366680777442853,8,0.0009437279335741816,2,-0.03314719656202669,-0.02129849562496844,,0.0,0.001217502313482776,,0.02187778081622475,0.0558757900289848,0.07759194758892878,0.021716157559943973,0.037466800235917905,0.01902844773848762,0.035844354745566666,0.06778088731671106,0.03193653257114439,0.04867142113479107,0.019239961637649412,0.5502111781494745|-0.2991592858962789|0.7353414820564428,0.7017361289591496|-0.600225669875895|0.6899239920542071,0.2914593932865355|-0.48687687449563183|0.6839295125679307
115,,contact,20,1.9287498479639178e-22,2,2,0,0,2,0,2,,0.11932826205156744,0.002663486171513796,0.10334144602529705,0.013293856987729669,,0.10334144602529705,0.6677490468244093,0.6677490468244093,,,1.0,1.0,0,0.0,0.0,True,0.001543556227654272,0.03735406093156818,12,0.001543556227654272,8,0.0012035585646300029,2,-0.03308004578792634,-0.02193631512240657,,0.0,0.0012280227911529178,,0.021695962004886382,0.05593824760482853,0.07690322641583977,0.02096497881101124,0.035592267784549145,0.019063658063062847,0.03589319932958406,0.06656414997607389,0.03067095064648983,0.0484609034852203,0.018241119158324694,0.5511691881170818|-0.3148659860431071|0.7359002622017502,0.6931073530278007|-0.6200388958222324|0.6910188482592942,0.28712349860332825|-0.49312520980144076|0.6867751737507333
116,,contact,19,2.5261637809256925e-20,2,2,0,0,2,0,2,,0.14657022501341999,0.0026662470772862434,0.12961286096833646,0.014259896939620376,,0.12961286096833646,0.6579963159578633,0.6579963159578633,,,1.0,1.0,0,0.0,0.0,True,0.0014302408996544475,0.03659463678349015,15,0.0014302408996544475,9,0.0009502882092098375,1,-0.0333735041916885,-0.020631385771785915,,0.0,0.0013854766483233467,,0.02147804597464317,0.056955765568527744,0.0781732787728868,0.02121751320435905,0.03674467059665647,0.018697270071930644,0.03528753059383781,0.06723584597782085,0.031948315383983045,0.04904692481125878,0.0186232511411294,0.5534434951799834|-0.33004640564805865|0.7367774677543933,0.6862412650042782|-0.6371823824738327|0.6942253831890814,0.282956880354454|-0.4978126206821114|0.6848539032021521
117,,contact,18,2.576757109154981e-18,2,2,0,0,2,0,2,,0.1271526049822569,0.002680146135389805,0.11008961382322013,0.014352046884596348,,0.11008961382322013,0.6424454708552172,0.6424454708552172,,,1.0,1.0,0,0.0,0.0,True,0.002310431648294489,0.036798744759165114,17,0.0018250350682644037,10,0.002310431648294489,2,-0.03364622066193057,-0.021195205723978816,,0.0,0.001436886189031449,,0.021288008368319757,0.0570566810003831,0.07685730744833891,0.019800626447955806,0.03635837967148898,0.01865595752932163,0.03500568239384986,0.06557077961178578,0.030565097217935926,0.04922806608303119,0.018277582624214233,0.5548265771527545|-0.3443445575501728|0.7388428640220985,0.6769415846364562|-0.6545164589811888|0.6932467494901171,0.2786573058713316|-0.5047783097806519|0.685532303425898
118,,contact,17,2.0469717131642043e-16,2,2,0,0,2,0,2,,0.12452777498401701,0.0026702438481152058,0.108128413092345,0.013699959963560104,,0.108128413092345,0.6522787457872293,0.6522787457872293,,,1.0,1.0,0,0.0,0.0,False,0.0014395311393584874,0.03700571115938117,14,0.0014395311393584874,9,0.0009220364524779728,2,-0.03366296160712956,-0.022377413397745016,,0.0,0.0014428406814858978,,0.021485604610200545,0.05576177716425725,0.07904389412836899,0.023282116964111733,0.03930137497645074,0.01885475115709741,0.03483489255930243,0.06298502955118852,0.028150136991886093,0.04864260157529589,0.019354078988876967,0.5539661785570447|-0.356375195839161|0.7403530833805877,0.6707152620339523|-0.668699321541689|0.6910624385525383,0.27355071186310964|-0.5140746858214337|0.6845461044367805
119,,contact,16,1.2664165549094176e-14,2,2,0,0,2,0,2,,0.12329959496855736,0.0026664298493415117,0.10676187206991017,0.013837597100064158,,0.10676187206991017,0.650881517051613,0.650881517051613,,,1.0,1.0,0,0.0,0.0,False,0.0036433334777564164,0.03720923805142953,19,0.0036433334777564164,14,0.0009602542856247676,2,-0.03352872080498237,-0.030060278749516556,,0.0,0.0014449226574992481,,0.021539436186112274,0.05475018218066663,0.07897132217948294,0.02422113999881631,0.04021489149751312,0.01921575333176478,0.03552033205987898,0.05581934336683738,0.020299011306958402,0.04161315931618851,0.019822785626103453,0.55258634627608|-0.36878671374209526|0.7404521550971895,0.6630746932104814|-0.6837586818015394|0.688633129855143,0.2711097379726247|-0.5269671170977496|0.6839822011223837
120,,contact,15,6.101936677605324e-13,2,2,0,0,2,0,2,,0.12329847388900816,0.0026639970019459724,0.10696118208579719,0.013644155114889145,,0.10696118208579719,0.6465086201107555,0.6465086201107555,,,1.0,1.0,0,0.0,0.0,False,0.0014142037549305098,0.03758498019293091,15,0.0014142037549305098,11,0.0009371151028076535,1,-0.0333605284598395,-0.028073312838531095,,0.0,0.001416387205062601,,0.021496307360297597,0.0535846723992566,0.07947962879991967,0.02589495640066307,0.04165350787503091,0.019359993491096582,0.036018969630686425,0.05616510159372188,0.020146131963035455,0.04118222021887394,0.019921743510376608,0.553443968790663|-0.3792279703634018|0.7391650975426455,0.656546211775607|-0.6976915970801714|0.6845048901775779,0.26414657872442343|-0.536353492382354|0.677389388671374
121,,contact,14,2.289734845645553e-11,2,2,0,0,2,0,2,,0.12250037817284465,0.002632727148011327,0.10646300693042576,0.013374631991609931,,0.10646300693042576,0.6444768204291507,0.6444768204291507,,,1.0,1.0,0,0.0,0.0,False,0.0015648837784084622,0.03827612085534027,13,0.0015648837784084622,9,0.0009405588865208508,1,-0.03292592157907137,-0.027900392738887447,,0.0,0.0014114926287263222,,0.021496615926989374,0.05216890439881354,0.07906210691994474,0.0268932025211312,0.042167248262504786,0.01949512841527236,0.03670326799095206,0.05611202220808807,0.01940875421713601,0.04062321381974958,0.020089776374448965,0.5512066779706517|-0.3889880131798221|0.7375451706216617,0.6497389858572353|-0.7105575020732349|0.6793804144805056,0.2581175444250431|-0.5456762178170518|0.6696296524605324
122,,contact,13,6.691586091292782e-10,2,2,0,0,2,0,2,,0.12684403895400465,0.0026924170088022947,0.11093706218525767,0.01318472484126687,,0.11093706218525767,0.6628818830296338,0.6628818830296338,,,1.0,1.0,0,0.0,0.0,False,0.001588480011793597,0.039394618417827015,11,0.001588480011793597,7,0.0009921921876327178,1,-0.03314013022192697,-0.027711823508942857,,0.0,0.0014136359345088903,,0.021811668014655894,0.05039925341482985,0.07833964660637595,0.0279403931915461,0.04329150474173717,0.01992595681907608,0.03737979340805761,0.05713165562381462,0.01975186221575701,0.04089917115578058,0.020400604746390067,0.5485577725187006|-0.3989234692044177|0.7380061350240241,0.643497696697205|-0.722609051441257|0.6729205270360159,0.251925305850424|-0.5544712241230237|0.6617881021439102
123,,contact,12,1.522997974471263e-08,2,2,0,0,2,0,2,,0.12694463902153075,0.002652167808264494,0.11110622086562216,0.013153456849977374,,0.11110622086562216,0.6822633552639588,0.6822633552639588,,,1.0,1.0,0,0.0,0.0,False,0.0015780152770552176,0.04030309891627351,9,0.0015780152770552176,4,0.001046361210552571,2,-0.033118483818375566,-0.027788366708799472,,0.0,0.0014022428467731418,,0.0220988035499004,0.048590236256571745,0.07688908359110423,0.028298847334532487,0.04336067382964857,0.020293382004295882,0.03783253773622625,0.05734525225052784,0.019512714514301588,0.040899953292298986,0.02024502295464207,0.5461142706620139|-0.41060976182532294|0.7372870678853333,0.6379052568888036|-0.7358682885833775|0.6673993984555681,0.2465270637254821|-0.5654591876485848|0.6527463099882311
124,,contact,11,2.699578503363014e-07,2,2,0,0,2,0,2,,0.12691669911146164,0.00267719104886055,0.11102389195002615,0.013186766998842359,,0.11102389195002615,0.7025984427633317,0.7025984427633317,,,1.0,1.0,0,0.0,0.0,False,0.0015668562179632604,0.040905498759786885,9,0.0015668562179632604,4,0.0009578090251645133,2,-0.03337087789947546,-0.027865093057874546,,0.0,0.0014037740929543332,,0.022282620872330614,0.046601115321645445,0.07744363898404226,0.030842523662396815,0.04512354932423124,0.020790849961274917,0.0381141854321234,0.0574888091710994,0.019374623738976,0.0405647801491011,0.020432031403362052,0.5421002146394788|-0.421457629090268|0.7337385291311527,0.6342361289576012|-0.7459010207010563|0.6610972482773924,0.24197357421124674|-0.5771808016730482|0.6425424334069794
125,,contact,10,3.726653172078671e-06,2,2,0,0,2,0,2,,0.12686460698023438,0.002647743094712496,0.11100609321147203,0.013181110844016075,,0.11100609321147203,0.7172121938222227,0.7172121938222227,,,1.0,1.0,0,0.0,0.0,False,0.0015522551604526917,0.04190626481050297,8,0.0015522551604526917,3,0.000991254101300243,2,-0.03409771705999631,-0.027770639618621473,,0.0,0.0014296642888630014,,0.022317476777336177,0.044502139896591894,0.07996057608508968,0.03545843618849778,0.047594393287413515,0.01971812713694275,0.03819874678334629,0.058176177603821315,0.019977430820475026,0.04090298271769373,0.020466121279306214,0.5357271151704506|-0.4314956532947716|0.7316424900287598,0.6324559712633028|-0.7532969002671416|0.6548950516770595,0.23830356848592027|-0.5880646424419709|0.6334289988212373
126,,contact,9,4.006529739295107e-05,2,2,0,0,2,0,2,,0.12646276084706187,0.0027247651014477015,0.11040733102709055,0.013298240955919027,,0.11040733102709055,0.7313651902652802,0.7313651902652802,,,1.0,1.0,0,0.0,0.0,False,0.0015709273552340607,0.04288670267106462,9,0.0015709273552340607,4,0.0009691951480295946,2,-0.034093384266785876,-0.030235620005935715,,0.0,0.001421964970638951,,0.0223215927145484,0.043265443969175484,0.08126095823999054,0.03799551427081505,0.04968449261570055,0.018701644667742857,0.03873991025243634,0.0571328298023074,0.01839291954987106,0.038175262987847375,0.02031158043059664,0.5257249172756955|-0.43727751273292587|0.7268781557321149,0.6304787944621013|-0.7637706019978766|0.6482123703153023,0.2356329548286763|-0.6008977874487339|0.6272072764456411
127,,contact,8,0.00033546262790251185,2,2,0,0,2,0,2,,0.12344437604770064,0.002735452027991414,0.10751652508042753,0.013161862967535853,,0.10751652508042753,0.6740386734826875,0.6740386734826875,,,1.0,1.0,0,0.0,0.0,False,0.0015779043317354843,0.04243388986957278,9,0.0015779043317354843,4,0.000974240645464447,2,-0.03415376675878434,-0.03022235430814213,,0.0,0.00139812857813521,,0.021457878565593592,0.04252775919215564,0.07898811419071494,0.036460354998559305,0.049535503288693924,0.016959774726036964,0.03946046908564276,0.057431039064163594,0.017970569978520833,0.03768179320970686,0.020399786166190696,0.5242152979972753|-0.44699305626058816|0.7217407900424692,0.6268793438186457|-0.7817246653670582|0.6454327706300035,0.23361678993100157|-0.6117493352099258|0.6185743255460392
128,,contact,7,0.002187491118182885,2,2,0,0,2,0,2,,0.14374047191813588,0.002737472066655755,0.12785435910336673,0.013118122005835176,,0.12785435910336673,0.658612422159561,0.658612422159561,,,1.0000000000000002,1.0058163137383729,35,0.11860718211583854,0.013434460377360291,False,0.001589934611707651,0.04223364750264666,9,0.001589934611707651,4,0.0009726934483343802,2,-0.0342985419901396,-0.029570605927373705,,0.0,0.0012708337408623817,,0.021369249415616808,0.04177182841045491,0.08022278467010131,0.0384509562596464,0.05194925250991131,0.01691290314322025,0.03929337046680483,0.057535797833726116,0.018242427366921284,0.0364101596995755,0.020697709314301177,0.5205937796095914|-0.4512981858449176|0.7182510792713036,0.6252377559945388|-0.7929195269562376|0.638721693049119,0.2303284305108902|-0.6240334023252809|0.6090336456830597
129,,contact,6,0.011108996538242306,2,2,0,0,2,0,2,,0.12166317901574075,0.002722195815294981,0.10568314581178129,0.013228256022557616,,0.10568314581178129,0.6603502411713121,0.6603502411713121,,,0.9999999999999999,1.0294486459943677,35,0.6005214085125918,0.06802017318428118,False,0.0015689164763933693,0.04199905903935039,9,0.0015689164763933693,4,0.0009870194535560317,2,-0.03462867526978464,-0.029878939636295954,,0.0,0.001425614563978966,,0.02142993294311449,0.041129601799476265,0.08181835508553426,0.04068875328605799,0.053913672839813846,0.016771982634375338,0.0391301753395377,0.05603426772227601,0.01690409238273831,0.034181905542125086,0.021205951107118315,0.5213139854041973|-0.4585506986897852|0.7174786913582841,0.6234686467413936|-0.8039041421099852|0.6319332777785353,0.22775101206860704|-0.637150821634619|0.5993380622102776
130,,contact,5,0.04393693362340742,2,2,0,0,2,0,2,,0.12268384313210845,0.002703489037230611,0.10665997117757797,0.013290117960423231,,0.10665997117757797,0.6610067790279923,0.6610067790279923,,,0.9999999999999999,1.115613992165196,34,2.3183053282376047,0.2650073718659795,False,0.0015583708372866427,0.04137035504139541,9,0.0015583708372866427,4,0.0009089587425997747,2,-0.034979419531861566,-0.029620053031353066,,0.0,0.0014266436456996806,,0.021413067873427265,0.04000050704978831,0.08265599719785312,0.04265549014806481,0.055358137913362374,0.01700776014531599,0.03899501941497049,0.05592238973335639,0.016927370318385905,0.034249582891552714,0.020946168113557897,0.520237401027559|-0.46311579296404237|0.7166231503065599,0.6210631240639617|-0.8143103159477397|0.6246291063962325,0.22482934923763823|-0.6472931359824106|0.5892684331106345
131,,contact,4,0.1353352832366127,2,2,0,0,2,0,2,,0.12487899092957377,0.002704733982682228,0.1084858130197972,0.013655077898874879,,0.1084858130197972,0.6567177498755372,0.6567177498755372,,,1.0000000000000002,1.3458214095148935,34,6.93445145594034,0.7926827986320427,False,0.0015373485954437542,0.04061241865833354,9,0.0015373485954437542,4,0.0008526509231410878,2,-0.03503258319556757,-0.030070913924378218,,0.0,0.0010060199958822388,,0.021336014233419378,0.03896155319826337,0.08146902745825149,0.042507474259988125,0.05428574178330835,0.01737469336088947,0.037822671556629286,0.054700357036189855,0.016877685479560568,0.03352430459224783,0.02079296183965409,0.5210539766466631|-0.46799555370774876|0.7168392470403389,0.6168058193595455|-0.8269978015983636|0.6150775195364473,0.22244233382643464|-0.6569194380078263|0.5774748074252399
132,,contact,3,0.32465246735834974,2,2,0,0,2,0,2,right_hand|left_hand,0.1268377359956503,0.0027225580997765064,0.11041216901503503,0.013673204928636551,,0.11041216901503503,0.657229604330208,0.657229604330208,,,0.9999999999999998,1.782714127914704,34,15.695075477012754,1.7941168718113885,False,0.004279563772622688,0.039496497049982954,11,0.004279563772622688,6,0.0008083828163288065,2,-0.03449924838474594,-0.03004271082875931,,0.0,0.001350664690844337,,0.02124606933111967,0.037777260080334885,0.07890015739310091,0.04112289731276603,0.05219317867242892,0.01712345481999973,0.0369565349353064,0.05249125395956544,0.015534719024259042,0.03130417690099978,0.02070609819736519,0.5246774573562498|-0.47196739953369904|0.7153992343762274,0.6115924830307029|-0.8405514257080842|0.6013436597752978,0.21955814665027862|-0.6690170437597172|0.5631728467907294
133,,contact,2,0.6065306597126334,2,2,0,0,2,0,2,right_hand|left_hand,0.12586346198804677,0.0027068869676440954,0.10947627201676369,0.013646364910528064,,0.10947627201676369,0.6557104550696563,0.6557104550696563,,,0.9999999999999998,2.3592056293151793,33,26.77811609962504,3.0909629100132197,False,0.0015046995033924648,0.035079543150362186,11,0.0015046995033924648,5,0.0009227618419599404,3,-0.03418204170946737,-0.027848855795330252,,0.0,0.0013719294795958253,,0.02116421218850021,0.03688969202023942,0.07506655865417634,0.03817686663393692,0.04811505644016495,0.016777291001260533,0.03739512761863865,0.05216162466420378,0.014766497045565131,0.028963363550907305,0.020785071776250046,0.5279908827670047|-0.4750629845394497|0.7142992582772552,0.60440177003785|-0.8561837887082452|0.5865243070718618,0.21739491260636049|-0.6771478874447195|0.5447011696538699
134,,contact,1,0.8824969025845955,2,2,0,0,2,0,2,right_hand|left_hand,0.1271129548549652,0.002744529163464904,0.10999350110068917,0.014338012086227536,,0.10999350110068917,0.6532519038450453,0.6532519038450453,,,1.0000000000000002,2.8408713497431926,33,36.26755633195352,4.186316581861904,False,0.0015015601478169278,0.030273635683347705,12,0.0015015601478169278,6,0.0012642174559099467,2,-0.033672553107786385,-0.027686336432241276,,0.0,0.0013739967658597276,,0.021175699377432095,0.03636324980399681,0.07108626783153624,0.03472301802753943,0.04467047762226719,0.016641205494512208,0.03783063549552053,0.051796642915823636,0.013966007420303107,0.027276160007026075,0.020690197220142533,0.5313132917930454|-0.47784740167357065|0.7110402925770922,0.5959871419345948|-0.8713590817098743|0.5681519971391054,0.21490311358336478|-0.6829725600239802|0.5291012810725056
135,contact,contact,0,1.0,2,2,0,0,2,0,2,right_hand|left_hand,0.13060810999013484,0.0027704089879989624,0.11343102809041739,0.014376376988366246,,0.11343102809041739,0.6338078023577314,0.6338078023577314,,,1.0000000000000002,3.0263157894736845,33,39.92105263157895,4.608034880191742,False,0.0015008933059766742,0.030295047393530783,17,0.0015008933059766742,11,0.0004907514456194972,2,-0.033050571694875686,-0.029527045034788202,,0.0,0.0014139281026464654,,0.02114175629220441,0.03716821007807109,0.06954846920463834,0.032380259126567244,0.04191987682781234,0.016566948538012556,0.03738867590478526,0.050383939294139354,0.012995263389354098,0.024933903193770247,0.020900833553517472,0.5337585194702263|-0.4792415933625885|0.7076344318279838,0.5876755440059277|-0.8847783369462745|0.5482204518255301,0.21130578834140581|-0.6903823342797087|0.5133596932923915
136,contact,contact,1,0.8824969025845955,2,2,0,0,2,0,2,right_hand|left_hand,0.13340670196339488,0.002659182995557785,0.11625714809633791,0.014460318023338914,,0.11625714809633791,0.6250676045597594,0.6250676045597594,,,1.0000000000000002,2.8408713497431926,33,36.26755633195352,4.186316581861904,False,0.0034655812149533283,0.03009552489858297,15,0.0034655812149533283,10,0.0004219994722587661,1,-0.03293470097476536,-0.02988612976797178,,0.0,0.0014182660304798702,,0.021158773959418606,0.03780495403265198,0.07012264929861517,0.03231769526596319,0.04151170228297678,0.01688431098248727,0.0368517681028159,0.050752073287607107,0.013900305184791205,0.02578764547580722,0.020876750822814105,0.5362681433744897|-0.4849018253294999|0.7064145097336901,0.580850542479904|-0.8964450201301234|0.5279122945356831,0.20753381086936215|-0.6932186400943194|0.495929101709592
137,contact,contact,2,0.6065306597126334,2,2,0,0,2,0,2,right_hand|left_hand,0.13278849702328444,0.002732774941250682,0.11562088318169117,0.014404551824554801,,0.11562088318169117,0.623916969501955,0.623916969501955,,,0.9999999999999999,2.3696629645130556,32,26.489015779708804,3.0893428495600377,False,0.001455889341574139,0.029622363007763386,16,0.001455889341574139,11,0.0005251233695644508,1,-0.03399513092784723,-0.03052246113706758,,0.0,0.0014141104830093644,,0.021155137954457094,0.03760201398436941,0.07194204389463311,0.034340029910263706,0.041903522067186456,0.016717253891244382,0.035277974634717206,0.0515647045551341,0.016286729920416895,0.028609618205809605,0.02105446017339161,0.5389680859907631|-0.49279744511220597|0.7068223984114671,0.5739489679499952|-0.9083013531561516|0.5096060351012789,0.20351166504002077|-0.6949183964533343|0.4778382279478067
138,contact,contact,3,0.32465246735834974,2,2,0,0,2,0,2,right_hand|left_hand,0.12977577885612845,0.002690065884962678,0.11265882896259427,0.01439714408479631,,0.11265882896259427,0.6210991741340192,0.6210991741340192,,,1.0000000000000002,1.7918509818470136,32,15.31424423144903,1.7860592219165954,False,0.0014482725317824519,0.029402400135310314,17,0.0014482725317824519,11,0.0006169649004737765,1,-0.03482207854221642,-0.030932349407178705,,0.0,0.0014116130858843178,,0.021118923417335858,0.03719016018660909,0.0751469071277326,0.03795674694112351,0.04520176100072863,0.017174204113750594,0.03349995747610454,0.05307950344123735,0.01957954596513281,0.03261144703685392,0.02068067197323374,0.5409124804697333|-0.49834743831226913|0.7041520720405874,0.5691467093646508|-0.9167571475807259|0.4874809049278723,0.19989392154370048|-0.6956035963793238|0.45849631171707744
139,contact,contact,4,0.25,2,2,0,0,2,0,2,right_hand|left_hand,0.1514635649509728,0.002731796819716692,0.1345107990782708,0.014187111053615808,,0.1345107990782708,0.6194632868948641,0.6194632868948641,,,1.0,1.622983870967742,32,12.048387096774194,1.4051710654596452,False,0.0014353904342825734,0.028974285600941063,18,0.0014353904342825734,11,5.633642503606595e-05,1,-0.03567759445654595,-0.02855155303555179,,0.0,0.0014147941908772073,,0.02108061455015811,0.037038735688581556,0.07682767518624473,0.03978893949766317,0.04647461625948038,0.01735439001475969,0.032157867581038,0.05520012701565028,0.02304225943461228,0.036410061538109856,0.020125773266957594,0.5435848633647443|-0.5064628659445959|0.7013772450074772,0.5638604101015066|-0.924902800282638|0.4617513898692134,0.19673798104803866|-0.6953837449805179|0.43350189649969445
140,contact,contact,5,0.25,2,2,0,0,2,0,2,right_hand|left_hand,0.12845966685563326,0.0027201389893889427,0.11140423407778144,0.014303350122645497,,0.11140423407778144,0.6235380971090879,0.6235380971090879,,,1.0,1.6262626262626265,31,11.878787878787874,1.4006572130636732,False,0.001435352737565121,0.028990763908908063,20,0.001435352737565121,13,0.00031756833484630764,1,-0.03597948455812272,-0.031456719329623795,,0.0,0.001414001536097779,,0.021114737061077797,0.03578640923127751,0.07709652736260393,0.04131011813132642,0.047352788838849656,0.017664024577587777,0.0300754923830141,0.05499167019255117,0.02491617780953707,0.036400236473859864,0.019026891414335462,0.5462648727917271|-0.5123763497425755|0.6955010976060072,0.5580959903055047|-0.9335947786151584|0.4336114665474869,0.19183823792715488|-0.703981789513552|0.41287536602133995
141,contact,contact,6,0.25,2,2,0,0,2,0,2,right_hand|left_hand,0.12808219715952873,0.002659922931343317,0.11141289211809635,0.01397917396388948,,0.11141289211809635,0.638095057376386,0.638095057376386,,,1.0,1.6262626262626265,31,11.878787878787874,1.4006572130636732,False,0.0019007595791544069,0.029198427529249227,21,0.0019007595791544069,14,5.866090690272163e-05,1,-0.03695804975394168,-0.03142291097415395,,0.0,0.0014157169466325957,,0.02122609985418031,0.03574854234825055,0.0769443503143145,0.04119580796606395,0.04695416924959189,0.017693328366058,0.029128209657845315,0.0551007086058536,0.025972498948008287,0.03725339006939096,0.018978363905158887,0.5507490197036988|-0.5179254257192245|0.6871909821136637,0.5526223896162857|-0.9420386748816956|0.4047490280394773,0.1900714653675077|-0.7078630309827713|0.3859154192312733
142,contact,contact,7,0.25,2,2,0,0,2,0,2,right_hand|left_hand,0.1317461719736457,0.0026785838417708874,0.11500259884633124,0.014035227010026574,,0.11500259884633124,0.65715852896628,0.65715852896628,,,1.0,1.622983870967742,32,12.048387096774194,1.4051710654596454,False,0.0026302419775760394,0.02926455411480075,21,0.0026302419775760394,14,0.00019604062388002552,1,-0.037560691242537914,-0.0315910450728758,,0.0,0.0014140022906867155,,0.021343325188937508,0.03462375263846536,0.07661029003541005,0.04198653739694469,0.0476347285966811,0.018496173315074013,0.028020788934438465,0.05563858774215258,0.027617798807714113,0.03854158819001617,0.0188917325274462,0.5536869004020922|-0.5255991771314774|0.680160194143621,0.546343044813767|-0.9542608463165811|0.37826494386315485,0.18987557435244637|-0.7108635461183025|0.35857989143823654
143,contact,contact,8,0.25,2,2,0,0,2,0,2,right_hand|left_hand,0.1328794788569212,0.002715223003178835,0.11577449506148696,0.0143578858114779,,0.11577449506148696,0.6716169362764021,0.6716169362764021,,,1.0,1.622983870967742,32,12.048387096774194,1.4051710654596454,False,0.003938576460493948,0.029487928397429752,21,0.003938576460493948,14,0.0006541072180776264,1,-0.03951090261910828,-0.03160424358714131,,0.0,0.0014210932248506555,,0.021389723081808826,0.03369328420338895,0.07448064631938277,0.04078736211599382,0.05027861041128709,0.018340772312105447,0.026296471248980664,0.05595880555064151,0.029662334301660848,0.039822347122752115,0.01905426980932426,0.5549825198253282|-0.531407895506436|0.6710397042358399,0.5431813763276534|-0.9615750804985599|0.3497047148903505,0.19000350184750656|-0.7140334185969334|0.33029037086209134
144,contact,contact,9,0.25,2,2,0,0,2,0,2,right_hand|left_hand,0.13273479300551116,0.002667421940714121,0.11577046988531947,0.014265818987041712,,0.11577046988531947,0.6971672829215783,0.6971672829215783,,,1.0,1.622983870967742,32,12.048387096774194,1.4051710654596454,False,0.0014339274230770402,0.030377622705820312,21,0.0014339274230770402,14,0.0006019415303275405,1,-0.03962177031577774,-0.03178421151854849,,0.0,0.001383129144170994,,0.02148517155486484,0.033285469857844606,0.07414231922027181,0.04085684936242721,0.05253663369310061,0.018009887267702546,0.025350095900338942,0.056111714072173524,0.030761618171834582,0.040435112060837435,0.01895260661131421,0.5574753258303718|-0.5370898055739314|0.6594284192434635,0.5413517884797157|-0.9691633214681955|0.3206760409025716,0.1901501613739421|-0.717720432664689|0.30256327301941244
145,contact,contact,10,0.25,2,2,0,0,2,0,2,right_hand|left_hand,0.1321441330946982,0.0026330698747187853,0.11525008687749505,0.014231398003175855,,0.11525008687749505,0.7196350935677759,0.7196350935677759,,,1.0000000000000002,1.6164658634538154,34,12.361445783132522,1.4130469440546405,False,0.0014601543914133167,0.0320055094581167,21,0.0014601543914133167,14,0.0006317904648284883,1,-0.039100320586173964,-0.031733229022869125,,0.0,0.0014157670209151959,,0.021671106656748446,0.032705732092806486,0.07272323159045851,0.04001749949765203,0.05286940479951955,0.017387085657891144,0.024063446130862132,0.05639182310915784,0.032328376978295714,0.04141539605539982,0.01880345964462606,0.5617136827157045|-0.5432382950303378|0.6469448834096578,0.5388952007842049|-0.9771414512817475|0.295339731408797,0.19007262615616122|-0.720494574822623|0.27552615011397363
146,contact,contact,11,0.25,2,2,0,0,2,0,2,right_hand|left_hand,0.13207078608684242,0.0027320440858602524,0.11510545294731855,0.014203728875145316,,0.11510545294731855,0.7498834187869043,0.7498834187869043,,,1.0000000000000002,1.6164658634538154,34,12.361445783132522,1.4130469440546405,False,0.0014441960769522415,0.0331384837652057,21,0.0014441960769522415,14,0.0012329594641943414,1,-0.03880033344245426,-0.032267009418948334,,0.0,0.0014170606327229126,,0.02199279252758851,0.03168998651567943,0.0724030662279741,0.04071307971229467,0.05394935680772022,0.01764826164623853,0.02323291434889417,0.056318048438760995,0.033085134089866824,0.04086730904767801,0.019366438700682116,0.5599329111627208|-0.544500596306936|0.6328853148583802,0.5367801585906881|-0.9828946092753235|0.27022908516674676,0.1899803228626821|-0.7236418179933617|0.2489662442676714
147,contact,contact,12,0.25,2,2,0,0,2,0,2,right_hand|left_hand,0.13117134291678667,0.0026240318547934294,0.11408329894766212,0.014432232826948166,,0.11408329894766212,0.7961744558080839,0.7961744558080839,,,1.0000000000000002,1.6164658634538154,34,12.361445783132522,1.4130469440546405,False,0.001569154484085386,0.0343932919023488,20,0.001569154484085386,14,0.0007549777733946855,1,-0.03838679309064119,-0.03237844618169028,,0.0,0.0013748960260934863,,0.022364836258938637,0.030619936521373375,0.07097216340837358,0.0403522268870002,0.05528807728143326,0.01739439195112973,0.02300405103576325,0.05707145896222115,0.0340674079264579,0.040994664093533355,0.01997230961289232,0.560045879537183|-0.5487468843269233|0.6208648761795997,0.53223429649111|-0.9905471508448848|0.24813697255738426,0.19013326003871364|-0.7244196372611155|0.22543566790790542
148,contact,contact,13,0.25,2,2,0,0,2,0,2,right_hand|left_hand,0.15881847799755633,0.0026778660248965025,0.1413889389950782,0.014718945138156414,,0.1413889389950782,0.8095687689784022,0.8095687689784022,,,1.0000000000000002,1.6197183098591548,33,12.209255533199196,1.4092983939419406,False,0.0014577392022064317,0.035789789276824,20,0.0014577392022064317,14,0.0005983432485774792,1,-0.038303088966936016,-0.032752415207614405,,0.0,0.0013774706401081082,,0.022510260126191475,0.030423132318076654,0.071001441895821,0.040578309577744345,0.05449171007534074,0.01749836242343196,0.022649022153710126,0.05764976734657067,0.03500074519286055,0.040864761692327056,0.020050930861529336,0.5608590160245118|-0.5549294256749281|0.6090149429553248,0.5287999714463141|-0.9952140368544552|0.22560525852420635,0.19033838563797023|-0.7249969592446847|0.2042685016828164
149,contact,contact,14,0.25,2,2,0,0,2,0,2,right_hand|left_hand,0.13985294220037758,0.0026888069696724415,0.12221258506178856,0.014919007895514369,,0.12221258506178856,0.8208055551080398,0.8208055551080398,,,1.0,1.622983870967742,32,12.048387096774194,1.4051710654596454,False,0.0014460472458334636,0.03706191588246746,19,0.0014460472458334636,14,0.0008336039490463715,1,-0.03875770765237441,-0.03255918114416545,,0.0,0.0013819704556003612,,0.022577487019282604,0.029357986456967522,0.07089523208847828,0.04153724563151076,0.05436135388233476,0.017931681533815323,0.022605804200706885,0.05894781927013584,0.036342015069428954,0.04281451170284161,0.020472843284484083,0.5616372067736958|-0.5599852639040754|0.5972858376617087,0.5250273855799766|-0.9987930011548668|0.20555899039623451,0.18935115509813824|-0.7266391711305421|0.18502392669939768
150,contact,contact,15,0.25,2,2,0,0,2,0,2,right_hand|left_hand,0.14815772301517427,0.002660416066646576,0.13059448404237628,0.014869907172396779,,0.13059448404237628,0.8314652705738511,0.8314652705738511,,,1.0,1.622983870967742,32,12.048387096774194,1.4051710654596454,False,0.0014459502831335805,0.03856428564193884,18,0.0014459502831335805,13,0.0007918743089259384,1,-0.03858954433474615,-0.031993218964572634,,0.0,0.0013840362611053686,,0.022886875541783317,0.028421487278345592,0.0711936951225585,0.042772207844212914,0.05142720636569031,0.017996618026619483,0.022795398613914934,0.059334697206466,0.03653929859255107,0.04292909382268182,0.020881540778284684,0.5648689864428195|-0.5651970982757769|0.5854449288428732,0.5196059807790014|-1.0034686276201314|0.18715914038015968,0.19023368493870074|-0.7245035250871362|0.16888421929290856
151,contact,contact,16,0.25,2,2,0,0,2,0,2,right_hand|left_hand,0.15163086098618805,0.0026690049562603235,0.13385043013840914,0.015079435892403126,,0.13385043013840914,0.8329711351821965,0.8329711351821965,,,1.0000000000000002,1.6197183098591548,33,12.209255533199197,1.4092983939419408,False,0.0037594107346167888,0.03951930077175625,19,0.0037594107346167888,14,0.000521125563052699,1,-0.03851154365101195,-0.032581418529128214,,0.0,0.0013891505317253658,,0.022893959939101607,0.027491255393820906,0.07120840335465119,0.04371714796083028,0.051089108446547925,0.01801340587822995,0.024166264173624576,0.05769468624684266,0.03352842207321809,0.040893220601921215,0.021803027295970435,0.5645770912063985|-0.5669607847124106|0.5754158422485408,0.5156001794020433|-1.0062183092602568|0.1735075829286845,0.1899758543795177|-0.7232289655087258|0.15658048341888942
152,contact,contact,17,0.25,2,2,0,0,2,0,2,right_hand|left_hand,0.15422406303696334,0.002702970989048481,0.13641747389920056,0.015072177862748504,,0.13641747389920056,0.8346627726524787,0.8346627726524787,,,1.0000000000000002,1.6197183098591548,33,12.209255533199197,1.4092983939419408,False,0.00419139792321041,0.0404236839225208,20,0.00419139792321041,14,0.0008378689649670423,2,-0.03857511990499418,-0.03272851673412447,,0.0,0.0013935363459980942,,0.022983063922595533,0.02702965980338548,0.07083683235041502,0.04380717254702954,0.04801264391851861,0.018076330363405654,0.023788094968484014,0.0571648214440393,0.033376726475555285,0.041436413537553576,0.021767924226760892,0.5650332949750635|-0.5683216952423563|0.5651309173745895,0.5098916333141292|-1.0089750979182315|0.15925202199441088,0.1891499157346672|-0.7209813914318111|0.14513183730122203
153,contact,contact,18,0.25,2,2,0,0,2,0,2,right_hand|left_hand,0.15516258589923382,0.0027237199246883392,0.13718737289309502,0.01522099506109953,,0.13718737289309502,0.8424837824292387,0.8424837824292387,,,1.0000000000000002,1.6197183098591548,33,12.209255533199197,1.4092983939419408,False,0.00443426949030698,0.041117701955669994,20,0.00443426949030698,14,0.0012047408398273979,2,-0.03929605647882539,-0.03267666770626043,,0.0,0.0014014111335402815,,0.02311511045929921,0.02688294377487423,0.06975991745961901,0.04287697368474479,0.04628145699837961,0.01844926680261154,0.023580982661257258,0.05713459699095843,0.03355361432970117,0.04276682510002869,0.02172831671130117,0.5646855889104576|-0.5693769876843061|0.5573944944644905,0.5060876746617502|-1.00929553146511|0.14769859965444052,0.18702696861503787|-0.7188311023865487|0.1376242895801792
154,contact,contact,19,0.25,2,2,0,0,2,0,2,right_hand|left_hand,0.1754536300431937,0.0026924049016088247,0.15734477806836367,0.015385636826977134,,0.15734477806836367,0.8377450323374517,0.8377450323374517,,,1.0000000000000002,1.6197183098591548,33,12.209255533199197,1.4092983939419408,False,0.0014497370998149406,0.04177279106136936,20,0.0014497370998149406,14,0.0014182377034634014,2,-0.03930724805231378,-0.03321761853517735,,0.0,0.0014021996572689762,,0.02308030902600636,0.027578374618385686,0.06847730281500122,0.04089892819661554,0.0457641542308129,0.01855117172597539,0.023521168087791845,0.05680734292458725,0.033286174836795406,0.046434088693123377,0.021941162314354692,0.565930570341928|-0.5731342556662703|0.5535844862430503,0.5033962816964642|-1.0095118204092395|0.13999903321114465,0.18429028133752726|-0.7167819744644882|0.13765972951057232
155,contact,contact,20,0.25,2,2,0,0,2,0,2,right_hand|left_hand,0.1539461298380047,0.0026680459268391132,0.13594454596750438,0.015302242012694478,,0.13594454596750438,0.8345106057632196,0.8345106057632196,,,1.0000000000000002,1.6197183098591548,33,12.209255533199197,1.4092983939419408,False,0.001433940134130101,0.04219622838061482,20,0.0021489751312105954,12,0.001278217137902743,4,-0.03834974041473771,-0.03529123199251849,,0.0,0.001416970028553419,,0.022965271949420402,0.028482638957139813,0.06618152398959455,0.037698885032454735,0.04654726043864467,0.01780319680263668,0.02312318671560958,0.056754945467961546,0.03363175875235197,0.04816319593799495,0.02177595964745208,0.5647471219067779|-0.5716411421435602|0.5509507155560349,0.5022664389251026|-1.0089336351585352|0.13799990351112712,0.18346401268530094|-0.7143324349038247|0.1376461871491808
156,contact,contact,21,0.25,2,2,0,0,2,0,2,right_hand|left_hand,0.15118652116507292,0.002684656996279955,0.13312136195600033,0.01534883095882833,,0.13312136195600033,0.8333681379736035,0.8333681379736035,,,1.0000000000000002,1.6197183098591548,33,12.209255533199197,1.4092983939419408,False,0.0014360220992112593,0.04261583398058444,20,0.007328516060234547,12,0.001148374842396993,4,-0.038606807853563296,-0.03419083899199293,,0.0,0.0014079766541459278,,0.022851052844686207,0.029430555194348028,0.06309600851890194,0.033665453324553916,0.047227304093676724,0.01776679198785347,0.022366269712316186,0.058700747296656204,0.03633447758434002,0.05157663931486801,0.02167809251883831,0.5638587012875106|-0.5719947445109971|0.5492568621740578,0.4991104440976302|-1.0091272268990752|0.13799856884766767,0.1815413978639973|-0.7117559565916823|0.1376334512419738
157,contact,contact,22,0.25,2,2,0,0,2,0,2,right_hand|left_hand,0.15046907193027437,0.002654201118275523,0.13265915890224278,0.015124470926821232,,0.13265915890224278,0.8334994081780043,0.8334994081780043,,,1.0000000000000002,1.6164658634538154,34,12.361445783132522,1.4130469440546405,False,0.001435617986773885,0.04299873277822128,21,0.008619395416428366,12,0.0010745296965049833,4,-0.038538655791340304,-0.033364288261161335,,0.0,0.0013994859545244883,,0.02279846082063551,0.029674758276009964,0.06210667452689682,0.03243191625088686,0.04738180080639677,0.01787262946005965,0.022004248975370743,0.059629916996980656,0.03762566802160991,0.053570766443029216,0.021677211139728415,0.5633499766353192|-0.5733364728084568|0.5479505116071042,0.497912833465235|-1.0090862243761565|0.13800794276625536,0.18127501723892203|-0.7101245194727185|0.13758665215404217
158,contact,contact,23,0.25,2,2,0,0,2,0,2,right_hand|left_hand,0.15081713907420635,0.0026661870069801807,0.13315325300209224,0.014967274852097034,,0.13315325300209224,0.8398883770771254,0.8398883770771254,,,1.0000000000000002,1.6164658634538154,34,12.361445783132522,1.4130469440546405,False,0.0014352696958701977,0.04337297714069782,20,0.00670149025878225,11,0.0012428825941063343,4,-0.0382950387889327,-0.032122744021043204,,0.0,0.0013904493929499555,,0.022840127797604706,0.028822959556492993,0.06144671651585588,0.032623756959362885,0.048096847276568946,0.017801796989153493,0.023525633929019848,0.06035750276014832,0.036831868831128475,0.054077730729490646,0.02179970467119241,0.5626082522922276|-0.5752100855103179|0.546701674896495,0.49590134521921525|-1.010914788226616|0.13801305231453215,0.18217061799449685|-0.7089497027078027|0.13749384290338051
159,contact,contact,24,0.25,2,2,0,0,2,0,2,right_hand|left_hand,0.15074555412866175,0.002688197884708643,0.13311618915759027,0.014909925172105432,,0.13311618915759027,0.8353817908609823,0.8353817908609823,,,0.9999999999999999,1.6132264529058116,35,12.505010020040082,1.4164240194884878,True,0.006039596345286169,0.04375748264088425,20,0.006064336136306719,11,0.006039596345286169,4,-0.037424656515595345,-0.031092894687315464,,0.0,0.0013821157339414024,,0.022777271363450077,0.028222029035005217,0.06111014686716895,0.032888117832163735,0.04821527985418119,0.017831707491847246,0.02496753139055983,0.06118429738842092,0.03621676599786109,0.05353745977033487,0.021762032349712083,0.5612178861956789|-0.5781140523917985|0.545949940526132,0.4925960231436399|-1.0143038131517539|0.13803321994405543,0.18227625297092714|-0.7086537431199119|0.1373974690700529
160,contact,contact,25,0.25,2,2,0,0,2,0,2,right_hand|left_hand,0.15049423393793404,0.002706903964281082,0.13258875184692442,0.01516144908964634,,0.13258875184692442,0.8452477752494132,0.8452477752494132,,,1.0,1.61,36,12.640000000000002,1.4194365079143205,True,0.0014355106211156494,0.04361100817634481,20,0.0059366206472082905,11,0.0011994116429433627,4,-0.03644869801543038,-0.030558369017887443,,0.0,0.0014144097356341213,,0.02284877780992546,0.027716878355266827,0.06344545184177387,0.03572857348650704,0.05139058871444329,0.017805516101823363,0.026678162967446153,0.06123156495353562,0.03455340198608947,0.05498213699124668,0.022367475445332925,0.5626276960392016|-0.5802652361460261|0.5441540363659242,0.49477246621178983|-1.0151681302745805|0.13803698448065088,0.18243185269040157|-0.7092957417065366|0.1372500315028475
161,contact,contact,26,0.25,2,2,0,0,2,0,2,right_hand|left_hand,0.15143192117102444,0.002692073117941618,0.13335452717728913,0.015349634923040867,,0.13335452717728913,0.8429632787116765,0.8429632787116765,,,1.0,1.61,36,12.640000000000002,1.4194365079143205,True,0.0016582655274813701,0.04358598436902897,21,0.005039517427734258,13,0.0016582655274813701,3,-0.035368758588997906,-0.029387223167331555,,0.0,0.0014081397588560666,,0.022819365170392073,0.027859850731173672,0.06334981697410914,0.035489966242935475,0.05091409815502284,0.017774753180304997,0.028178550168756502,0.06243763123109095,0.034259081062334454,0.05600483560104982,0.021879818794986385,0.5612868381702946|-0.5818198243538251|0.5433992832642084,0.49152482034055917|-1.0183740267193253|0.13801736963945987,0.18259448023109479|-0.7075019335078039|0.13684717761614354
162,contact,contact,27,0.25,2,2,0,0,2,0,2,right_hand|left_hand,0.15063606901094317,0.002734636887907982,0.1329589979723096,0.014910480938851833,,0.1329589979723096,0.8357672790659864,0.8357672790659864,,,1.0,1.61,36,12.640000000000002,1.4194365079143205,True,0.0017481267032637554,0.04355324389760365,20,0.0034113582408976384,12,0.0017481267032637554,3,-0.03512256908939371,-0.02977411441372979,,0.0,0.0013990250592892137,,0.02276194937807055,0.029374126293451857,0.06302709681104003,0.03365297051758817,0.04990199741141409,0.017785460603679006,0.029207366910765007,0.06251385221145647,0.03330648530069147,0.055206688510423485,0.021889385690264534,0.558853809070191|-0.5835586892403621|0.5436716663800619,0.49017513772442284|-1.0195461677242075|0.1380057709959983,0.1826834951762957|-0.7071527780804718|0.1361008768910664
163,contact,contact,28,0.25,2,2,0,0,2,0,2,right_hand|left_hand,0.1499803971964866,0.002719692885875702,0.13185661705210805,0.015365550993010402,,0.13185661705210805,0.8263006200476564,0.8263006200476564,,,1.0,1.6067864271457086,37,12.766467065868268,1.4220909044319094,True,0.0017112618808220875,0.04353574955216888,20,0.0027335402352362537,12,0.0017112618808220875,3,-0.03530141914579943,-0.029491414646244607,,0.0,0.0013227235652714037,,0.022733677443511378,0.03150428727660695,0.06253529857116814,0.031031011294561192,0.04812758021487867,0.017911046087113854,0.03064899263967678,0.06297055651919742,0.032321563879520634,0.0526406267238839,0.021727229047204907,0.5575710563348789|-0.5849146419498821|0.5432380711997409,0.48897691080620215|-1.020637970557532|0.1379842934881979,0.1803282929952688|-0.7095269728957041|0.13553327072946159
164,contact,contact,29,0.25,2,2,0,0,2,0,2,right_hand|left_hand,0.1505307569168508,0.002715670969337225,0.13252502609975636,0.015255731996148825,,0.13252502609975636,0.8048040024539351,0.8048040024539351,,,1.0000000000000002,1.603585657370518,38,12.88446215139442,1.4243933328699407,True,0.0014355522705655557,0.0435485351888375,20,0.0033070616425555366,12,0.0010222990786706299,3,-0.03520268346038158,-0.030567494168851184,,0.0,0.001337194783436005,,0.022553509832236293,0.0342397784909616,0.06229741259198778,0.02805763410102618,0.045984205563157715,0.01793714724454162,0.03187776298455548,0.06254442882025596,0.030666665835700477,0.0481696734046421,0.021268412755464053,0.5564361007697806|-0.5869107769962367|0.5434846652296069,0.48822216907407073|-1.0214169071293127|0.13790371110675073,0.1795872569537253|-0.7116349652091185|0.1351971678823911
165,contact,contact,30,0.25,2,2,0,0,2,0,2,right_hand|left_hand,0.15048999106511474,0.002674048999324441,0.1328435861505568,0.014935567043721676,,0.1328435861505568,0.788652562799992,0.788652562799992,,,1.0,1.6003976143141152,39,12.99403578528827,1.4263495651435611,True,0.0014357284369289243,0.04325901574030014,20,0.0036989498235192875,12,0.0009997866043287146,3,-0.03663848144098658,-0.029755805988532558,,0.0,0.0013362143494959507,,0.022437256207666845,0.03852701768521481,0.06175191017544892,0.023224892490234107,0.042494030714885465,0.018119012578799776,0.03195709422104406,0.06326815579530312,0.03131106157425906,0.04440897826779707,0.020505580740566215,0.5552261492923266|-0.5874393172954462|0.5444598727444924,0.48940320594160924|-1.0194249647293183|0.1377741946629252,0.17974687703867204|-0.7101777469232217|0.13483747863881124
166,contact,contact,31,0.25,2,2,0,0,2,0,2,right_hand|left_hand,0.17203093809075654,0.0026834961026906967,0.15428957203403115,0.015020865947008133,,0.15428957203403115,0.7802230472671019,0.7802230472671019,,,1.0000000000000002,1.5972222222222223,40,13.095238095238093,1.4279650388505283,True,0.0014357357991723226,0.04313069705851691,20,0.0033454913191396374,12,0.0009999039373121965,3,-0.03749145125774689,-0.028761378426985118,,0.0,0.0013175075049157074,,0.022466255072371044,0.044143587607936095,0.06152428011905183,0.017380692511115736,0.038088848617486265,0.018295755891811715,0.032630351534713914,0.06397255969416989,0.03134220815945597,0.03997220374039153,0.02042555331791416,0.5539357927398832|-0.5875773006009363|0.545495222247365,0.49035415173476266|-1.017976267294328|0.13764362683589354,0.17774315547418162|-0.7117911072062162|0.13523856293057654
167,contact,contact,32,0.25,2,2,0,0,2,0,2,right_hand|left_hand,0.14988169609569013,0.0026713861152529716,0.13210075697861612,0.015076940879225731,,0.13210075697861612,0.7704965315266008,0.7704965315266008,,,1.0000000000000002,1.5940594059405941,41,13.188118811881182,1.4292448732649492,True,0.001435724906185834,0.04304475054291934,19,0.0032885224614347397,12,0.001046929596452334,2,-0.03885586498520155,-0.0281568140677404,,0.0,0.0013444218762285805,,0.02247383256069699,0.05102108597820686,0.061167530975013776,0.01014644499680692,0.029758604080203897,0.017956640365142943,0.03403831060581309,0.06500625351925582,0.03096794291344273,0.03658614007753904,0.02067881174767927,0.5533343941215265|-0.5880164313220994|0.5478257682380666,0.4915127522822256|-1.015951822620119|0.13755066031251717,0.17785607553410182|-0.7111089246854589|0.1388830977741799
168,contact,contact,33,0.25,2,2,0,0,2,0,2,right_hand|left_hand,0.14889842900447547,0.002672427101060748,0.131429853849113,0.01476435805670917,,0.131429853849113,0.7561587302718152,0.7561587302718152,,,1.0,1.5877712031558187,43,13.349112426035497,1.4308165955412897,True,0.0014356333599745835,0.04253613857785962,16,0.00327682267585247,11,0.0006697383653667677,1,-0.0384923422032486,-0.026375169077523353,,0.0,0.001414178586441947,,0.022364181196572557,0.057945770332680925,0.06211535163331078,0.004169581300629853,0.027143971263399513,0.018182531580607147,0.03768593914257465,0.06984334732876024,0.03215740818618559,0.03353357855362136,0.02033808273618769,0.5508287087157142|-0.5857687294703045|0.5549750538531865,0.4943013391311416|-1.0142893537278885|0.14262628843898578,0.17677704705317446|-0.7109762248301487|0.15093252546581662
169,contact,contact,34,0.25,2,2,0,0,2,0,2,right_hand|left_hand,0.147528967121616,0.0027160479221493006,0.13045923109166324,0.014320560032501817,,0.13045923109166324,0.7430088503475191,0.7430088503475191,,,1.0,1.5846456692913384,44,13.417322834645672,1.4311172545229103,True,0.0014352599030004153,0.04219940402588532,15,0.0033650770584381373,10,0.0009696463787458032,1,-0.03140748214263844,-0.024890290361700096,,0.0,0.0014143193566927227,,0.022261734395819167,0.06520212713187788,0.0677677084608626,0.002565581328984712,0.0226920980358337,0.018413190254202606,0.04522794336980984,0.07322801999055316,0.028000076620743317,0.029804514317804322,0.02015094686592023,0.5475796936974204|-0.5863594741681337|0.5633763490955219,0.5004209281253529|-1.0151901762001383|0.14748707581569073,0.17867159967818935|-0.7079537188960647|0.16302305670784883
170,contact,contact,35,0.25,2,2,0,0,2,0,2,right_hand|left_hand,0.14402207313105464,0.002690044930204749,0.12699218792840838,0.014309107093140483,,0.12699218792840838,0.7243380310204729,0.7243380310204729,,,1.0000000000000002,1.581532416502947,45,13.477406679764238,1.431099839234898,True,0.0014354245679792585,0.041752997145556914,13,0.0033603405169984057,9,0.0,0,-0.020470039851479882,-0.031725714961712725,,0.0,0.0014141395961561882,,0.022103449483502135,0.07218582435300443,0.07721192807123177,0.005026103718227343,0.020420290096531866,0.018385518708554215,0.049393140583701305,0.06941261036302172,0.02001946977932042,0.023557732858542072,0.02011286656916289,0.5454287250034008|-0.5857325927079842|0.5719910864084718,0.5090764927480058|-1.0169316418424454|0.15712358296221254,0.18482556636250488|-0.7023399364677397|0.17637649264649796
171,contact,contact,36,0.25,2,2,0,0,2,0,2,right_hand|left_hand,0.1425059479661286,0.0027087898924946785,0.12537646782584488,0.014388246927410364,,0.12537646782584488,0.7160727449441652,0.7160727449441652,,,1.0000000000000002,1.581532416502947,45,13.477406679764238,1.431099839234898,False,0.001433030753405222,0.04080082332626456,13,0.0033176622921406163,9,0.0,0,-0.006770533857210381,-0.031293522101718096,,0.0,0.0014136872059109444,,0.021956153284475314,0.0817515852275083,0.09199258243683316,0.01024099720932485,0.02041229274942599,0.01897791099323474,0.05656154740956927,0.07329497067018267,0.016733423260613403,0.021691247258614228,0.01986193707850824,0.5430968171372289|-0.5859668132845358|0.5835738994107186,0.5218777166172806|-1.0163233675036143|0.17338744682796098,0.18752303039016446|-0.6959564323870313|0.19316253824618485
172,,contact,37,4.801277241771782e-75,2,2,0,0,2,0,2,,0.13887981604784727,0.0026661951560527086,0.12213242496363819,0.014051806880161166,,0.12213242496363819,0.7267308383593042,0.7267308383593042,,,1.0,1.0,0,0.0,0.0,False,0.001435906710118614,0.03990152083441137,13,0.0032773474505289335,9,0.0,0,0.013014969765452022,-0.012966239501370325,,0.0,0.0014138408802762948,,0.021840782455732184,0.08741630480404104,0.09629150051168532,0.008875195707644279,0.024872935329671966,0.01893174598905181,0.06847629255171706,0.09173578140299292,0.023259488851275864,0.027368018680485863,0.02042903814012398,0.5431799523304979|-0.5847312500019707|0.5963864295463948,0.5388941637179242|-1.0138047409573008|0.19450081083217435,0.18531645881431769|-0.6805117446089981|0.21454387761335608
173,,contact,38,4.0723586257611754e-79,2,2,0,0,2,0,2,,0.13283817586489022,0.0025413630064576864,0.11678622593171895,0.013479575049132109,,0.11678622593171895,0.7163229210880394,0.7163229210880394,,,1.0,1.0,0,0.0,0.0,False,0.0014171063470833287,0.03928283434081359,13,0.003212840348059298,9,0.0,0,0.027413770062043596,-0.00011567814030222223,,0.0,0.0014135348611148332,,0.02176233374169763,0.08849723896939748,0.10110221952397459,0.012604980554577108,0.024408524511111224,0.019300881509590275,0.07654651471494775,0.09833175790864192,0.021785243193694168,0.02785215770704474,0.020215048180414256,0.5441249870872351|-0.5858966999899551|0.6081394309940227,0.553725610065008|-1.0088226546380925|0.2117793414099201,0.18678625664032117|-0.6687790214292152|0.23228776207098603
174,,contact,39,2.6900579025827697e-83,2,2,0,0,2,0,2,,0.12743176496587694,0.002663266146555543,0.11192816006951034,0.012811993947252631,,0.11192816006951034,0.698763616101332,0.698763616101332,,,1.0,1.0,0,0.0,0.0,False,0.0014105144914924837,0.03852251347016375,13,0.0032808881487431663,9,0.0,0,0.04399522543402945,0.01479785878362705,,0.0,0.0014132021859543243,,0.0215865509712058,0.09535643335873249,0.10413892603068087,0.008782492671948375,0.024316049363248885,0.019192920015285053,0.08196116553129464,0.09961217787143918,0.017651012340144545,0.028065267471817677,0.020186432656848514,0.5449900995340917|-0.583270316966315|0.6191853619775622,0.5695519990665475|-1.0027491367983121|0.23218261576090612,0.18893775919744277|-0.656751631407787|0.25159235136922176
175,,contact,40,1.3838965267367376e-87,2,2,0,0,2,0,2,,0.12248591217212379,0.0026472280733287334,0.10684644407592714,0.012961565982550383,,0.10684644407592714,0.7044731851922282,0.7044731851922282,,,1.0,1.0,0,0.0,0.0,False,0.0014654802589735283,0.03779345152674585,14,0.0032480913721732174,9,0.0,0,0.044699448195887115,0.014757151010536873,,0.0,0.0014130972976897189,,0.021635461202868758,0.10933019893862801,0.11388603939289924,0.004555840454271223,0.024709045186852137,0.01929876736204961,0.09345158665985749,0.10471544995349046,0.011263863293632964,0.02648194793946638,0.02041138773851399,0.5478904794803651|-0.582535539776658|0.6306395541542168,0.5866536760044738|-0.9951630065072298|0.2555511719769365,0.19230146486386498|-0.6454362243053923|0.27147058014176684
176,,contact,41,5.544622590477945e-92,2,2,0,0,2,0,2,,0.11903808498755097,0.002550064120441675,0.10410504206083715,0.012353695929050446,,0.10410504206083715,0.7010295155630618,0.7010295155630618,,,1.0,1.0,0,0.0,0.0,False,0.0014028329709214853,0.03701181919265836,13,0.0032414610302861635,8,0.0,0,0.047491414418310285,0.013759167711921094,,0.0,0.0014167237242305722,,0.021610689756611876,0.11992225228588647,0.13101311789288303,0.011090865606996556,0.02571451840343277,0.019404190946899363,0.10911909928107438,0.11500920038962328,0.005890101108548901,0.025030081864292144,0.020385932635307958,0.5475714854579474|-0.5859727365668965|0.6441033495623856,0.6069646420364229|-0.9819544460238046|0.2823793036976053,0.19588304917291255|-0.6342141862823213|0.29478122544449004
177,,contact,42,1.73008220968259e-96,2,2,0,0,2,0,2,,0.11452886881306767,0.0026039399672299623,0.099682685919106,0.01221369206905365,,0.099682685919106,0.6961131781944546,0.6961131781944546,,,1.0,1.0,0,0.0,0.0,False,0.001390599170335849,0.03606956817940277,13,0.003209678411143918,8,0.0,0,0.05388529077062465,0.019048634283613808,,0.0,0.0010378979370199138,,0.02146995399734141,0.12856650670278466,0.1306283313229866,0.0020618246202019352,0.026358781248704142,0.01945750235493182,0.11736156216501047,0.1270528319443394,0.009691269779328923,0.025240278614931628,0.019159154636131024,0.5479252197413416|-0.5925204930038667|0.6602843971544492,0.6252360171617993|-0.9691267152263798|0.31152503716280683,0.204745859796484|-0.6187533808651335|0.32581688913198503
178,,contact,43,4.204243584226447e-101,2,2,0,0,2,0,2,,0.11181138013489544,0.0026371360290795565,0.09679412003606558,0.01235119509510696,,0.09679412003606558,0.6749715295928204,0.6749715295928204,,,1.0,1.0,0,0.0,0.0,False,0.0013999823684014527,0.03526322897089712,14,0.0032372118068071387,9,0.0,0,0.0658651610522103,0.029009153865397153,,0.0,0.0014133345735107712,,0.02127117853960369,0.1450407403415181,0.13600122857584362,0.009039511765674468,0.026728153067418634,0.019351889465754824,0.12793315693065788,0.14051137758871793,0.012578220658060052,0.026101996348208586,0.019135591885040205,0.542671286303277|-0.5978706480542757|0.6735472116907505,0.641979385274174|-0.9576184807340982|0.3424022186113136,0.21058208954378757|-0.6060963501632359|0.3513463645035716
179,,contact,44,7.9567438919514e-106,2,2,0,0,2,0,2,,0.13281158707104623,0.002694228198379278,0.11770277889445424,0.012385773938149214,,0.11770277889445424,0.6599370218698121,0.6599370218698121,,,1.0,1.0,0,0.0,0.0,False,0.0014218451072780074,0.034375950234159125,14,0.0032177457428858303,9,0.0,0,0.08248704511751903,0.03942803359190883,,0.0,0.0014126057317968303,,0.021146298296775716,0.16799531309944574,0.1496773985773111,0.018317914522134632,0.027324188641205845,0.019298765360141586,0.1430239994661397,0.15140287198936764,0.008378872523227943,0.026100180450804655,0.019161256007044738,0.5382626021962581|-0.5981235756111621|0.685056448446117,0.657224320308716|-0.9438348433040226|0.37794161338484783,0.21729267821373915|-0.5946458169107308|0.37814102557275525
180,,contact,45,1.172760333284856e-110,2,2,0,0,2,0,2,,0.11402881192043424,0.004557702923193574,0.09682276588864625,0.012618347071111202,,0.09682276588864625,0.6640775173408883,0.6640775173408883,,,1.0,1.0,0,0.0,0.0,False,0.0014211178813508321,0.03327846749202906,14,0.0032865042744878725,9,0.0,0,0.10263662618106828,0.05088400526705783,,0.0,0.0013923730177885518,,0.021190640033069575,0.19553606696033513,0.17101515051003077,0.024520916450304353,0.027518715699440855,0.01949523479055532,0.1612148843364886,0.16003326777992408,0.0011816165565645131,0.024520785631225242,0.019244761010314967,0.5345154437090383|-0.6014487556136742|0.6961579646256834,0.6715029854376737|-0.9303993747983795|0.4122195044511021,0.22671864583189177|-0.5853105933207244|0.4072914683308528
181,,contact,46,1.3461998461573202e-115,2,2,0,0,2,0,2,,0.10109224286861718,0.0026824160013347864,0.08603210793808103,0.012334547936916351,,0.08603210793808103,0.666544721396912,0.666544721396912,,,1.0,1.0,0,0.0,0.0,False,0.0014207466843215479,0.032050356522533824,15,0.0033173785393516286,9,0.0,0,0.12413896761734478,0.06580747342588822,,0.0,0.0014106136608759605,,0.021220286274150877,0.2254965775237558,0.19663711593352137,0.02885946159023442,0.027321232295401874,0.019644173561757683,0.18111092103285248,0.17511059362489406,0.006000327407958417,0.02528673625888917,0.019317266217334077,0.5336151000670796|-0.6048971865064507|0.7066042440435845,0.6846049397745693|-0.9162722073274746|0.44593804853173785,0.23118661669837026|-0.5776647756509451|0.4360565665722798
182,,contact,47,1.2034725377003785e-120,2,2,0,0,2,0,2,,0.10433441889472306,0.005263161147013307,0.08684243098832667,0.012199253076687455,,0.08684243098832667,0.682275459864033,0.682275459864033,,,1.0,1.0,0,0.0,0.0,False,0.001420267801156061,0.030663148473061425,15,0.003268673999005517,9,0.0,0,0.14398115496264907,0.07851848417294605,,0.0,0.0013839655827133214,,0.02147846531340451,0.2560121685361162,0.22274353665184218,0.03326863188427401,0.028354938255932438,0.019768605527606817,0.2015446298344794,0.18850349845770126,0.013041131376778148,0.024510475801020823,0.019764394874654378,0.5315506495651716|-0.6101490334412535|0.7173165657489511,0.6947234776628394|-0.9044390240634077|0.47772628163002084,0.24063170236169903|-0.5754671847584881|0.46589621860244534
183,,contact,48,8.378942533819369e-126,2,2,0,0,2,0,2,,0.10230161505751312,0.0035393419675529003,0.08644626499153674,0.01228717202320695,,0.08644626499153674,0.6922328973114495,0.6922328973114495,,,1.0,1.0,0,0.0,0.0,False,0.0014199957544904496,0.02956629773363742,11,0.003248747666651869,7,0.0,0,0.16523324318021082,0.09310955232366425,,0.0,0.0014122128547086044,,0.02160610660226194,0.2856512034311202,0.2500499652295256,0.03560123820159461,0.028740137792582696,0.020124996914522814,0.22180153031505706,0.20465219159436043,0.017149338720696627,0.02396563683960342,0.019897301738094498,0.5283960919135227|-0.6119470482063776|0.7269079192374105,0.7039396185191313|-0.8913325630371409|0.5089470452133996,0.24538724976443213|-0.5732961790109964|0.49176840796348015
184,,contact,49,4.543270750163927e-131,2,2,0,0,2,0,2,,0.10313753900118172,0.004436594899743795,0.08621966512873769,0.012452185852453113,,0.08621966512873769,0.7137658945116457,0.7137658945116457,,,1.0,1.0,0,0.0,0.0,False,0.0014194715656712133,0.029505191571971595,11,0.003252260322485906,7,0.0,0,0.1861466663670175,0.11209035185225247,,0.0,0.0014104597378106773,,0.02191168090423498,0.3130544755253803,0.27792730639052593,0.035127169134854364,0.026959721969404358,0.01951657256781399,0.24108689094692043,0.224589354638929,0.016497536307991417,0.024665784361607823,0.02033689854833422,0.5226094006130503|-0.6161990751091817|0.7365865615547311,0.7108124237404362|-0.8774618071710946|0.5406786556380716,0.25133770550441525|-0.5694214387045254|0.5191466658096847
185,,contact,50,1.918555668934785e-136,2,2,0,0,2,0,2,,0.1075780859682709,0.004549209959805012,0.09063227195292711,0.012367701856419444,,0.09063227195292711,0.7256461647525756,0.7256461647525756,,,1.0,1.0,0,0.0,0.0,False,0.001446711615725984,0.029427465577706063,11,0.003276638306620089,7,0.0,0,0.19906282164179956,0.13163895278396076,,0.0,0.0014208527069967099,,0.022094637019453276,0.33778397384238973,0.29853696650490613,0.0392470073374836,0.027542631842310115,0.019383848757756297,0.2589417099700439,0.24533229959201594,0.013609410378027958,0.026476103338306727,0.020057382389112467,0.5187572110687536|-0.6227846531594846|0.7458800716845492,0.7137644760317067|-0.8644289114299548|0.564296255706241,0.254951144711788|-0.5689249073586321|0.547188334286631
186,,contact,51,6.3096689141609595e-142,2,2,0,0,2,0,2,,0.09456546884030104,0.003053319873288274,0.07937090820632875,0.01211362099274993,,0.07937090820632875,0.6708631591038172,0.6708631591038172,,,1.0,1.0,0,0.0,0.0,False,0.001375682217831145,0.029074001015131273,11,0.0032708946587824417,7,0.0,0,0.21433143179491054,0.1471641410563489,,0.0,0.001417117212673514,,0.021441316973699356,0.359344136490238,0.3220604824219844,0.037283654068253624,0.02508053830565211,0.019343914606323676,0.27530081417143243,0.2630028254182914,0.012297988753141031,0.027631382640419328,0.019989149403561165,0.5249881564279837|-0.6398846263185474|0.75567174413945,0.7140272393038147|-0.8571857479113403|0.5928552632893201,0.2621343706857584|-0.5704879069252768|0.572043740709058
187,,contact,52,1.616088413820251e-147,2,2,0,0,2,0,2,,0.09106935490854084,0.0026907790452241898,0.0762250442057848,0.012123407796025276,,0.0762250442057848,0.6647706414944254,0.6647706414944254,,,1.0,1.0,0,0.0,0.0,False,0.0014357497462544992,0.0288646407568168,11,0.003246855073097632,7,0.0,0,0.22036881779202666,0.15711226260547662,,0.0,0.0014188105612338519,,0.021438870064369057,0.3770095537397474,0.3365966264180187,0.04041292732172874,0.01839777977519527,0.020584383860431963,0.2895092066965269,0.2776218841844822,0.011887322512044718,0.02676520419880656,0.01935853400087354,0.5228873703893363|-0.6530487143591829|0.7642376367980986,0.7066960905894877|-0.8463182483118169|0.6140949703966649,0.26327325208531466|-0.5795904795585848|0.5947317820322289
188,,contact,53,3.223666022005199e-153,2,2,0,0,2,0,2,,0.08934528985992074,0.002721955068409443,0.07439091894775629,0.012201857985928655,,0.07439091894775629,0.6400900393505622,0.6400900393505622,,,1.0,1.0,0,0.0,0.0,False,0.0014104907212110739,0.02843832225473583,11,0.0032757478639100224,7,0.0,0,0.24529939231973152,0.16454432251324036,,0.0,0.0014429856372046663,,0.021063582089146743,0.39003915902423797,0.3630912418904492,0.026947917133788746,0.013738806120708158,0.033608643288708155,0.30052213316320486,0.2880964591563826,0.012425674006822263,0.02409545903017288,0.019507175098034815,0.5185650508886054|-0.6671880837673774|0.770483506652717,0.7085941856671768|-0.8250702971393744|0.6407440097890347,0.26717566696782363|-0.5884647278854094|0.6117304612372079
189,,contact,54,5.007965706612792e-159,2,2,0,0,2,0,2,,0.09263943112455308,0.002684804843738675,0.07780878897756338,0.012116315076127648,,0.07780878897756338,0.6280557950666334,0.6280557950666334,,,1.0,1.0,0,0.0,0.0,False,0.0013782190545651163,0.027971447714308817,11,0.0032510369856921795,7,0.0,0,0.24971031070993988,0.16837680427941493,,0.0,0.001443427536615495,,0.020982471134751827,0.3983120323993477,0.3717761335895675,0.02653589880978019,0.013443388648597723,0.03141553650249363,0.3083592293239548,0.29675444505034815,0.011604784273606672,0.021113312229581797,0.018831974064328506,0.520448938489829|-0.6878444088358663|0.7722727855473298,0.7087417481516285|-0.8252833361854526|0.6508560826129993,0.2745994480930213|-0.6054165683696222|0.6294565872125947
190,,contact,55,6.058973183256686e-165,2,2,0,0,2,0,2,,0.09322510799393058,0.0026937650982290506,0.07853223197162151,0.011970267863944173,,0.07853223197162151,0.597161072731044,0.597161072731044,,,1.0,1.0,0,0.0,0.0,False,0.00139766320786585,0.02742963484017147,11,0.00328116008836285,7,0.0,0,0.2535722639154603,0.17104183805527384,,0.0,0.001149000442942803,,0.02062344908855171,0.40278409391672254,0.37872725813468566,0.02405683578203688,0.01252979628732439,0.03020592954259913,0.31361655247816944,0.30513918283640523,0.00847736964176421,0.02102070760125158,0.018464115078565872,0.5234044861782882|-0.7061997521409538|0.772614012034456,0.707303488841863|-0.8249257849576463|0.659620864906752,0.2771109082350867|-0.6151274530124904|0.6420387838686307
191,,contact,56,5.709040105864101e-171,2,2,0,0,2,0,2,,0.10498887719586492,0.004568332806229591,0.08841324411332607,0.011978206923231483,,0.08841324411332607,0.5791462881035552,0.5791462881035552,,,1.0,1.0,0,0.0,0.0,False,0.00140505871033407,0.027012553603333378,11,0.003271797423049755,7,0.0,0,0.25875352658635187,0.16833481879789325,,0.0,0.001256436539681693,,0.020444153178961737,0.4038420920325744,0.38589303125826835,0.017949060774306025,0.015265597175074686,,0.3166459060158779,0.308166196017876,0.008479709998001905,0.018918918840699437,0.018114437403643862,0.5265024315733454|-0.7207741054373135|0.7728135269937182,0.7080041352744342|-0.8236845930303264|0.6672769042025906,0.2836461800342099|-0.626211221239258|0.6493013966848522
192,,contact,57,4.189416482625785e-177,2,2,0,0,2,0,2,,0.09278646809980273,0.002705003833398223,0.0784069700166583,0.011647016974166036,,0.0784069700166583,0.5798818080717185,0.5798818080717185,,,1.0,1.0,0,0.0,0.0,False,0.0013955876770700044,0.02799249400769563,11,0.0032728570565166704,7,0.0,0,0.2558255691473583,0.1619390481927283,,0.0,0.0012896132611669683,,0.020593196614421178,0.40227656445836085,0.38490170676774615,0.017374857690614698,0.017499885319778266,,0.3184100408027123,0.3088210373572923,0.009589003445419964,0.01515793630297769,0.018904794361223724,0.532510747441202|-0.7376178801295803|0.7712142730365369,0.7085137371894976|-0.8357849958671322|0.6678121230342366,0.29190080877431374|-0.6406254340271977|0.65430066666124
193,,contact,58,2.394254760948756e-183,2,2,0,0,2,0,2,,0.1004324599634856,0.0045149128418415785,0.08438495709560812,0.01150133996270597,,0.08438495709560812,0.5734901858962865,0.5734901858962865,,,1.0,1.0,0,0.0,0.0,False,0.0014084240800693835,0.028715538262395895,11,0.0032953839276314845,7,0.0,0,0.2475396512358028,0.15832200258585694,,0.0,0.0014151577492873555,,0.020505508093234526,0.39822651118405494,0.37913137899738064,0.019095132186674302,0.01788919833492558,0.021220685032348394,0.3193566613925735,0.3110247655751726,0.008331895817400903,0.015311610189803154,0.0199142271577977,0.5361454841879403|-0.7567385283837512|0.7695120056829586,0.7078947305648308|-0.8616906628624131|0.6642482304534216,0.29663917249652144|-0.6560049408408024|0.6598138473178593
194,,contact,59,1.065647478940987e-189,2,2,0,0,2,0,2,,0.09756322810426354,0.003942688927054405,0.0814437810331583,0.01214400096796453,,0.0814437810331583,0.5687335057845643,0.5687335057845643,,,1.0,1.0,0,0.0,0.0,False,0.0014051821102183462,0.02899606339180144,13,0.0033404760773517728,8,0.0,0,0.2393176411270037,0.15426766260915414,,0.0,0.0012240463713730342,,0.020410643071551868,0.3923473930866343,0.3742415830228722,0.018105810063762107,0.01916927838689345,0.02174780227905461,0.31994222454913385,0.3125566793261649,0.00738554522296897,0.014255926398479174,0.02013926880935943,0.5418769438323657|-0.7743779668152436|0.7684577859424631,0.7055387855154173|-0.8857319445358218|0.6607494122564023,0.30311870856231|-0.6730607027095274|0.6640348122552296
195,,contact,60,3.693883068487256e-196,2,2,0,0,2,0,2,,0.11397404596209526,0.004929149057716131,0.09646852104924619,0.01254704687744379,,0.09646852104924619,0.5666715313791354,0.5666715313791354,,,1.0,1.0,0,0.0,0.0,False,0.00191063743866424,0.02917638436053499,13,0.003311939486839499,6,0.0,0,0.2359274962250808,0.1542129619184287,,0.0,0.0014260487771293776,,0.020308633695195602,0.3863443280470266,0.37306705708392035,0.013277270963106269,0.020588029805303453,0.021386691458517595,0.3212678924959147,0.31650036040455826,0.004767532091356441,0.01178300763995449,0.01933136807592624,0.5520153735058769|-0.7913086704798563|0.7691217576013004,0.7075285267656976|-0.9122568658482217|0.6570534378313553,0.3186131405311559|-0.6917941422982609|0.6697095917353126
