frame,geom_a,geom_b,body_a,body_b,signed_distance,penetration_depth,pair_type,expected_contact,illegal_penetration
0,ground,right_ankle_roll_sphere_2_link,world,right_ankle_roll_sphere_2_link,-0.0006835589638036479,0.0006835589638036479,foot-ground,True,False
0,ground,left_ankle_roll_sphere_5_link,world,left_ankle_roll_sphere_5_link,-0.0007550751540372274,0.0007550751540372274,foot-ground,True,False
0,left_ankle_intermediate_1_link,left_ankle_roll_link,left_ankle_intermediate_1_link,left_ankle_roll_link,-0.0021510294128936347,0.0021510294128936347,self-collision,False,False
0,ground,right_ankle_roll_link,world,right_ankle_roll_link,-0.0014463704650740615,0.0014463704650740615,foot-ground,True,False
0,ground,left_ankle_roll_sphere_1_link,world,left_ankle_roll_sphere_1_link,-0.0005990226807956979,0.0005990226807956979,foot-ground,True,False
0,ground,right_ankle_roll_sphere_3_link,world,right_ankle_roll_sphere_3_link,-0.0009929834106444406,0.0009929834106444406,foot-ground,True,False
0,ground,left_ankle_roll_sphere_2_link,world,left_ankle_roll_sphere_2_link,-0.0009998678891717369,0.0009998678891717369,foot-ground,True,False
0,ground,right_ankle_roll_sphere_4_link,world,right_ankle_roll_sphere_4_link,-0.0006198875371770931,0.0006198875371770931,foot-ground,True,False
0,ground,largebox,world,largebox_link,-0.0031038711506328753,0.0031038711506328753,object-ground,True,False
0,ground,right_ankle_roll_sphere_5_link,world,right_ankle_roll_sphere_5_link,-0.0008026025205181064,0.0008026025205181064,foot-ground,True,False
0,right_knee_link,right_ankle_roll_link,right_knee_link,right_ankle_roll_link,-0.023422146515978917,0.023422146515978917,self-collision,False,False
0,right_ankle_intermediate_1_link,right_ankle_roll_link,right_ankle_intermediate_1_link,right_ankle_roll_link,-0.001944741827599919,0.001944741827599919,self-collision,False,False
0,ground,left_ankle_roll_link,world,left_ankle_roll_link,-0.0014683117942896062,0.0014683117942896062,foot-ground,True,False
0,left_knee_link,left_ankle_roll_link,left_knee_link,left_ankle_roll_link,-0.028121296152426145,0.028121296152426145,self-collision,False,False
0,ground,left_ankle_roll_sphere_3_link,world,left_ankle_roll_sphere_3_link,-0.0005192385691112347,0.0005192385691112347,foot-ground,True,False
0,ground,right_ankle_roll_sphere_1_link,world,right_ankle_roll_sphere_1_link,-0.0009944721916931047,0.0009944721916931047,foot-ground,True,False
0,ground,left_ankle_roll_sphere_4_link,world,left_ankle_roll_sphere_4_link,-0.0010002528191624836,0.0010002528191624836,foot-ground,True,False
1,ground,left_ankle_roll_sphere_5_link,world,left_ankle_roll_sphere_5_link,-0.00017445926468511157,0.00017445926468511157,foot-ground,True,False
1,left_ankle_intermediate_1_link,left_ankle_roll_link,left_ankle_intermediate_1_link,left_ankle_roll_link,-0.00195804799977245,0.00195804799977245,self-collision,False,False
1,ground,right_ankle_roll_link,world,right_ankle_roll_link,-0.0007543228536851104,0.0007543228536851104,foot-ground,True,False
1,ground,left_ankle_roll_sphere_1_link,world,left_ankle_roll_sphere_1_link,-2.1638158440864634e-05,2.1638158440864634e-05,foot-ground,True,False
1,ground,right_ankle_roll_sphere_3_link,world,right_ankle_roll_sphere_3_link,-0.00029720597746698673,0.00029720597746698673,foot-ground,True,False
1,ground,left_ankle_roll_sphere_2_link,world,left_ankle_roll_sphere_2_link,-0.0003942779889770402,0.0003942779889770402,foot-ground,True,False
1,ground,largebox,world,largebox_link,-0.0031473427068362536,0.0031473427068362536,object-ground,True,False
1,ground,right_ankle_roll_sphere_5_link,world,right_ankle_roll_sphere_5_link,-9.469691869699436e-05,9.469691869699436e-05,foot-ground,True,False
1,right_knee_link,right_ankle_roll_link,right_knee_link,right_ankle_roll_link,-0.0244088721890455,0.0244088721890455,self-collision,False,False
1,right_ankle_intermediate_1_link,right_ankle_roll_link,right_ankle_intermediate_1_link,right_ankle_roll_link,-0.0024532720757080018,0.0024532720757080018,self-collision,False,False
1,ground,left_ankle_roll_link,world,left_ankle_roll_link,-0.0008618065140983122,0.0008618065140983122,foot-ground,True,False
1,left_knee_link,left_ankle_roll_link,left_knee_link,left_ankle_roll_link,-0.02986117164111296,0.02986117164111296,self-collision,False,False
1,ground,right_ankle_roll_sphere_1_link,world,right_ankle_roll_sphere_1_link,-0.0002994927216673554,0.0002994927216673554,foot-ground,True,False
1,ground,left_ankle_roll_sphere_4_link,world,left_ankle_roll_sphere_4_link,-0.00040156935343037877,0.00040156935343037877,foot-ground,True,False
2,ground,left_ankle_roll_sphere_5_link,world,left_ankle_roll_sphere_5_link,-9.673787791915616e-05,9.673787791915616e-05,foot-ground,True,False
2,left_ankle_intermediate_1_link,left_ankle_roll_link,left_ankle_intermediate_1_link,left_ankle_roll_link,-0.002024592944106382,0.002024592944106382,self-collision,False,False
2,ground,right_ankle_roll_link,world,right_ankle_roll_link,-0.0006770888994928753,0.0006770888994928753,foot-ground,True,False
2,ground,right_ankle_roll_sphere_3_link,world,right_ankle_roll_sphere_3_link,-0.00022878828049177537,0.00022878828049177537,foot-ground,True,False
2,ground,left_ankle_roll_sphere_2_link,world,left_ankle_roll_sphere_2_link,-0.0002922340768641068,0.0002922340768641068,foot-ground,True,False
2,ground,largebox,world,largebox_link,-0.0031186797000378186,0.0031186797000378186,object-ground,True,False
2,ground,right_ankle_roll_sphere_5_link,world,right_ankle_roll_sphere_5_link,-4.24762516266523e-05,4.24762516266523e-05,foot-ground,True,False
2,right_knee_link,right_ankle_roll_link,right_knee_link,right_ankle_roll_link,-0.026846139923947798,0.026846139923947798,self-collision,False,False
2,right_ankle_intermediate_1_link,right_ankle_roll_link,right_ankle_intermediate_1_link,right_ankle_roll_link,-0.0023695047340207415,0.0023695047340207415,self-collision,False,False
2,ground,left_ankle_roll_link,world,left_ankle_roll_link,-0.0007487152207827988,0.0007487152207827988,foot-ground,True,False
2,left_knee_link,left_ankle_roll_link,left_knee_link,left_ankle_roll_link,-0.031437388656473386,0.031437388656473386,self-collision,False,False
2,ground,right_ankle_roll_sphere_1_link,world,right_ankle_roll_sphere_1_link,-0.00022034741327362894,0.00022034741327362894,foot-ground,True,False
2,ground,left_ankle_roll_sphere_4_link,world,left_ankle_roll_sphere_4_link,-0.00029477083704914763,0.00029477083704914763,foot-ground,True,False
3,pelvis_contour_link,right_hip_roll_link,pelvis_contour_link,right_hip_roll_link,-0.0009640322019569825,0.0009640322019569825,self-collision,False,False
3,ground,left_ankle_roll_sphere_5_link,world,left_ankle_roll_sphere_5_link,-5.577464882540028e-05,5.577464882540028e-05,foot-ground,True,False
3,ground,right_ankle_roll_link,world,right_ankle_roll_link,-0.000613813009079027,0.000613813009079027,foot-ground,True,False
3,ground,right_ankle_roll_sphere_3_link,world,right_ankle_roll_sphere_3_link,-0.00016848445938994188,0.00016848445938994188,foot-ground,True,False
3,ground,left_ankle_roll_sphere_2_link,world,left_ankle_roll_sphere_2_link,-0.000246375317427292,0.000246375317427292,foot-ground,True,False
3,ground,largebox,world,largebox_link,-0.003141146459411881,0.003141146459411881,object-ground,True,False
3,right_knee_link,right_ankle_roll_link,right_knee_link,right_ankle_roll_link,-0.028902095599976946,0.028902095599976946,self-collision,False,False
3,right_ankle_intermediate_1_link,right_ankle_roll_link,right_ankle_intermediate_1_link,right_ankle_roll_link,-0.002174167277352257,0.002174167277352257,self-collision,False,False
3,ground,left_ankle_roll_link,world,left_ankle_roll_link,-0.0007018770111012138,0.0007018770111012138,foot-ground,True,False
3,left_knee_link,left_ankle_roll_link,left_knee_link,left_ankle_roll_link,-0.0328528541989456,0.0328528541989456,self-collision,False,False
3,ground,right_ankle_roll_sphere_1_link,world,right_ankle_roll_sphere_1_link,-0.00015563744042802318,0.00015563744042802318,foot-ground,True,False
3,ground,left_ankle_roll_sphere_4_link,world,left_ankle_roll_sphere_4_link,-0.0002493623282723697,0.0002493623282723697,foot-ground,True,False
4,pelvis_contour_link,right_hip_roll_link,pelvis_contour_link,right_hip_roll_link,-0.003948229503443854,0.003948229503443854,self-collision,False,False
4,ground,right_ankle_roll_link,world,right_ankle_roll_link,-0.0006169229539316201,0.0006169229539316201,foot-ground,True,False
4,ground,right_ankle_roll_sphere_3_link,world,right_ankle_roll_sphere_3_link,-0.00016057144460471153,0.00016057144460471153,foot-ground,True,False
4,ground,left_ankle_roll_sphere_2_link,world,left_ankle_roll_sphere_2_link,-0.00016016805734399547,0.00016016805734399547,foot-ground,True,False
4,pelvis_contour_link,left_hip_roll_link,pelvis_contour_link,left_hip_roll_link,-0.0030276198687383543,0.0030276198687383543,self-collision,False,False
4,ground,largebox,world,largebox_link,-0.0031371618314882943,0.0031371618314882943,object-ground,True,False
4,right_knee_link,right_ankle_roll_link,right_knee_link,right_ankle_roll_link,-0.03110786774236965,0.03110786774236965,self-collision,False,False
4,right_ankle_intermediate_1_link,right_ankle_roll_link,right_ankle_intermediate_1_link,right_ankle_roll_link,-0.0019377428397491236,0.0019377428397491236,self-collision,False,False
4,ground,left_ankle_roll_link,world,left_ankle_roll_link,-0.0006260714993968908,0.0006260714993968908,foot-ground,True,False
4,left_knee_link,left_ankle_roll_link,left_knee_link,left_ankle_roll_link,-0.03436358549959159,0.03436358549959159,self-collision,False,False
4,ground,right_ankle_roll_sphere_1_link,world,right_ankle_roll_sphere_1_link,-0.00016316376195492626,0.00016316376195492626,foot-ground,True,False
4,ground,left_ankle_roll_sphere_4_link,world,left_ankle_roll_sphere_4_link,-0.0001642023859512792,0.0001642023859512792,foot-ground,True,False
5,pelvis_contour_link,right_hip_roll_link,pelvis_contour_link,right_hip_roll_link,-0.00525046469014126,0.00525046469014126,self-collision,False,False
5,ground,right_ankle_roll_link,world,right_ankle_roll_link,-0.0009044907119012853,0.0009044907119012853,foot-ground,True,False
5,ground,right_ankle_roll_sphere_3_link,world,right_ankle_roll_sphere_3_link,-0.00042630330429962223,0.00042630330429962223,foot-ground,True,False
5,ground,left_ankle_roll_sphere_2_link,world,left_ankle_roll_sphere_2_link,-0.0004379938350753598,0.0004379938350753598,foot-ground,True,False
5,pelvis_contour_link,left_hip_roll_link,pelvis_contour_link,left_hip_roll_link,-0.005187049288440063,0.005187049288440063,self-collision,False,False
5,ground,largebox,world,largebox_link,-0.0031110539474660526,0.0031110539474660526,object-ground,True,False
5,ground,right_ankle_roll_sphere_5_link,world,right_ankle_roll_sphere_5_link,-0.00012557512543207635,0.00012557512543207635,foot-ground,True,False
5,right_knee_link,right_ankle_roll_link,right_knee_link,right_ankle_roll_link,-0.033355195076882005,0.033355195076882005,self-collision,False,False
5,ground,left_ankle_roll_link,world,left_ankle_roll_link,-0.0010008670982612697,0.0010008670982612697,foot-ground,True,False
5,left_knee_link,left_ankle_roll_link,left_knee_link,left_ankle_roll_link,-0.036167791746331224,0.036167791746331224,self-collision,False,False
5,ground,right_ankle_roll_sphere_1_link,world,right_ankle_roll_sphere_1_link,-0.00041211865562877214,0.00041211865562877214,foot-ground,True,False
5,ground,left_ankle_roll_sphere_4_link,world,left_ankle_roll_sphere_4_link,-0.0004348245163911203,0.0004348245163911203,foot-ground,True,False
6,pelvis_contour_link,right_hip_roll_link,pelvis_contour_link,right_hip_roll_link,-0.006206603130100505,0.006206603130100505,self-collision,False,False
6,ground,left_ankle_roll_sphere_5_link,world,left_ankle_roll_sphere_5_link,-2.786559662703008e-05,2.786559662703008e-05,foot-ground,True,False
6,ground,right_ankle_roll_link,world,right_ankle_roll_link,-0.0014961521780334705,0.0014961521780334705,foot-ground,True,False
6,ground,right_ankle_roll_sphere_3_link,world,right_ankle_roll_sphere_3_link,-0.0008745010611640935,0.0008745010611640935,foot-ground,True,False
6,pelvis_contour_link,left_hip_roll_link,pelvis_contour_link,left_hip_roll_link,-0.006696868842781437,0.006696868842781437,self-collision,False,False
6,ground,largebox,world,largebox_link,-0.0031355946968038007,0.0031355946968038007,object-ground,True,False
6,ground,right_ankle_roll_sphere_5_link,world,right_ankle_roll_sphere_5_link,-5.5618916673850875e-05,5.5618916673850875e-05,foot-ground,True,False
6,right_knee_link,right_ankle_roll_link,right_knee_link,right_ankle_roll_link,-0.03446956878210858,0.03446956878210858,self-collision,False,False
6,ground,left_ankle_roll_link,world,left_ankle_roll_link,-0.0008038814279248095,0.0008038814279248095,foot-ground,True,False
6,left_knee_link,left_ankle_roll_link,left_knee_link,left_ankle_roll_link,-0.03596268638391392,0.03596268638391392,self-collision,False,False
6,left_hip_yaw_link,largebox,left_hip_yaw_link,largebox_link,-0.0036578880462905528,0.0036578880462905528,other-body-box,False,True
6,ground,right_ankle_roll_sphere_1_link,world,right_ankle_roll_sphere_1_link,-0.0008571413582298777,0.0008571413582298777,foot-ground,True,False
6,ground,left_ankle_roll_sphere_4_link,world,left_ankle_roll_sphere_4_link,-0.0003459875366980279,0.0003459875366980279,foot-ground,True,False
7,pelvis_contour_link,right_hip_roll_link,pelvis_contour_link,right_hip_roll_link,-0.00641101164005492,0.00641101164005492,self-collision,False,False
7,ground,right_ankle_roll_link,world,right_ankle_roll_link,-0.0014640398955797183,0.0014640398955797183,foot-ground,True,False
7,ground,right_ankle_roll_sphere_3_link,world,right_ankle_roll_sphere_3_link,-0.000499634775229448,0.000499634775229448,foot-ground,True,False
7,pelvis_contour_link,left_hip_roll_link,pelvis_contour_link,left_hip_roll_link,-0.007201187443198628,0.007201187443198628,self-collision,False,False
7,ground,largebox,world,largebox_link,-0.0031557274893412313,0.0031557274893412313,object-ground,True,False
7,right_knee_link,right_ankle_roll_link,right_knee_link,right_ankle_roll_link,-0.03552218471230145,0.03552218471230145,self-collision,False,False
7,ground,left_ankle_roll_link,world,left_ankle_roll_link,-0.0009351012811879833,0.0009351012811879833,foot-ground,True,False
7,left_knee_link,left_ankle_roll_link,left_knee_link,left_ankle_roll_link,-0.03566209475692944,0.03566209475692944,self-collision,False,False
7,left_hip_yaw_link,largebox,left_hip_yaw_link,largebox_link,-0.0018857452903573296,0.0018857452903573296,other-body-box,False,True
7,ground,right_ankle_roll_sphere_1_link,world,right_ankle_roll_sphere_1_link,-0.0009695171899613995,0.0009695171899613995,foot-ground,True,False
7,ground,left_ankle_roll_sphere_4_link,world,left_ankle_roll_sphere_4_link,-0.0003908988705601272,0.0003908988705601272,foot-ground,True,False
8,pelvis_contour_link,right_hip_roll_link,pelvis_contour_link,right_hip_roll_link,-0.005896862895135191,0.005896862895135191,self-collision,False,False
8,ground,right_ankle_roll_link,world,right_ankle_roll_link,-0.0010471221329552624,0.0010471221329552624,foot-ground,True,False
8,ground,right_ankle_roll_sphere_3_link,world,right_ankle_roll_sphere_3_link,-0.00033709488110809146,0.00033709488110809146,foot-ground,True,False
8,pelvis_contour_link,left_hip_roll_link,pelvis_contour_link,left_hip_roll_link,-0.008061937663067356,0.008061937663067356,self-collision,False,False
8,ground,largebox,world,largebox_link,-0.002967420815621097,0.002967420815621097,object-ground,True,False
8,right_knee_link,right_ankle_roll_link,right_knee_link,right_ankle_roll_link,-0.03620982883466786,0.03620982883466786,self-collision,False,False
8,ground,left_ankle_roll_link,world,left_ankle_roll_link,-0.0009843697811100435,0.0009843697811100435,foot-ground,True,False
8,left_knee_link,left_ankle_roll_link,left_knee_link,left_ankle_roll_link,-0.03492674453542152,0.03492674453542152,self-collision,False,False
8,left_hip_yaw_link,largebox,left_hip_yaw_link,largebox_link,-0.002305498241134435,0.002305498241134435,other-body-box,False,True
8,ground,right_ankle_roll_sphere_1_link,world,right_ankle_roll_sphere_1_link,-0.0003815530529002178,0.0003815530529002178,foot-ground,True,False
8,ground,left_ankle_roll_sphere_4_link,world,left_ankle_roll_sphere_4_link,-0.00034427410467454105,0.00034427410467454105,foot-ground,True,False
9,pelvis_contour_link,right_hip_roll_link,pelvis_contour_link,right_hip_roll_link,-0.005587544086025062,0.005587544086025062,self-collision,False,False
9,ground,right_ankle_roll_link,world,right_ankle_roll_link,-0.0015040944342478262,0.0015040944342478262,foot-ground,True,False
9,ground,right_ankle_roll_sphere_3_link,world,right_ankle_roll_sphere_3_link,-0.00042493884288927804,0.00042493884288927804,foot-ground,True,False
9,pelvis_contour_link,left_hip_roll_link,pelvis_contour_link,left_hip_roll_link,-0.0088840169975056,0.0088840169975056,self-collision,False,False
9,ground,largebox,world,largebox_link,-0.003008943902417044,0.003008943902417044,object-ground,True,False
9,right_knee_link,right_ankle_roll_link,right_knee_link,right_ankle_roll_link,-0.03686399436899085,0.03686399436899085,self-collision,False,False
9,ground,left_ankle_roll_link,world,left_ankle_roll_link,-0.0009939814476197933,0.0009939814476197933,foot-ground,True,False
9,left_knee_link,left_ankle_roll_link,left_knee_link,left_ankle_roll_link,-0.03457649397304524,0.03457649397304524,self-collision,False,False
9,left_hip_yaw_link,largebox,left_hip_yaw_link,largebox_link,-0.001533302122629962,0.001533302122629962,other-body-box,False,True
9,ground,right_ankle_roll_sphere_1_link,world,right_ankle_roll_sphere_1_link,-0.0009828986011699318,0.0009828986011699318,foot-ground,True,False
9,ground,left_ankle_roll_sphere_4_link,world,left_ankle_roll_sphere_4_link,-0.00018358588747846138,0.00018358588747846138,foot-ground,True,False
10,pelvis_contour_link,right_hip_roll_link,pelvis_contour_link,right_hip_roll_link,-0.005921892853707339,0.005921892853707339,self-collision,False,False
10,ground,right_ankle_roll_link,world,right_ankle_roll_link,-0.0011576554514964449,0.0011576554514964449,foot-ground,True,False
10,ground,right_ankle_roll_sphere_3_link,world,right_ankle_roll_sphere_3_link,-0.0006857273881217081,0.0006857273881217081,foot-ground,True,False
10,pelvis_contour_link,left_hip_roll_link,pelvis_contour_link,left_hip_roll_link,-0.00946007184776787,0.00946007184776787,self-collision,False,False
10,ground,largebox,world,largebox_link,-0.002972382152683306,0.002972382152683306,object-ground,True,False
10,right_knee_link,right_ankle_roll_link,right_knee_link,right_ankle_roll_link,-0.0367984950888785,0.0367984950888785,self-collision,False,False
10,ground,left_ankle_roll_link,world,left_ankle_roll_link,-0.0009862401491567765,0.0009862401491567765,foot-ground,True,False
10,left_knee_link,left_ankle_roll_link,left_knee_link,left_ankle_roll_link,-0.033676351363198326,0.033676351363198326,self-collision,False,False
10,left_hip_yaw_link,largebox,left_hip_yaw_link,largebox_link,-0.0012120535921872622,0.0012120535921872622,other-body-box,False,True
11,pelvis_contour_link,right_hip_roll_link,pelvis_contour_link,right_hip_roll_link,-0.006434922669093762,0.006434922669093762,self-collision,False,False
11,ground,right_ankle_roll_link,world,right_ankle_roll_link,-0.0011435599984130698,0.0011435599984130698,foot-ground,True,False
11,ground,right_ankle_roll_sphere_3_link,world,right_ankle_roll_sphere_3_link,-0.0006894569379045047,0.0006894569379045047,foot-ground,True,False
11,pelvis_contour_link,left_hip_roll_link,pelvis_contour_link,left_hip_roll_link,-0.009570968311301664,0.009570968311301664,self-collision,False,False
11,ground,largebox,world,largebox_link,-0.003018469779875105,0.003018469779875105,object-ground,True,False
11,right_knee_link,right_ankle_roll_link,right_knee_link,right_ankle_roll_link,-0.037052626931522586,0.037052626931522586,self-collision,False,False
11,ground,left_ankle_roll_link,world,left_ankle_roll_link,-0.0009893339392825773,0.0009893339392825773,foot-ground,True,False
11,left_knee_link,left_ankle_roll_link,left_knee_link,left_ankle_roll_link,-0.03332545578425661,0.03332545578425661,self-collision,False,False
11,left_hip_yaw_link,largebox,left_hip_yaw_link,largebox_link,-0.000971860796007043,0.000971860796007043,other-body-box,False,True
12,pelvis_contour_link,right_hip_roll_link,pelvis_contour_link,right_hip_roll_link,-0.005282408175905487,0.005282408175905487,self-collision,False,False
12,ground,right_ankle_roll_link,world,right_ankle_roll_link,-0.0014293184678338365,0.0014293184678338365,foot-ground,True,False
12,ground,right_ankle_roll_sphere_3_link,world,right_ankle_roll_sphere_3_link,-0.0009832726190595982,0.0009832726190595982,foot-ground,True,False
12,pelvis_contour_link,left_hip_roll_link,pelvis_contour_link,left_hip_roll_link,-0.009790221124384588,0.009790221124384588,self-collision,False,False
12,ground,largebox,world,largebox_link,-0.0030128680476467218,0.0030128680476467218,object-ground,True,False
12,right_knee_link,right_ankle_roll_link,right_knee_link,right_ankle_roll_link,-0.03763497730599211,0.03763497730599211,self-collision,False,False
12,ground,left_ankle_roll_link,world,left_ankle_roll_link,-0.000998289670121777,0.000998289670121777,foot-ground,True,False
12,left_knee_link,left_ankle_roll_link,left_knee_link,left_ankle_roll_link,-0.033821641230315,0.033821641230315,self-collision,False,False
12,left_hip_yaw_link,largebox,left_hip_yaw_link,largebox_link,-0.0009096829230521714,0.0009096829230521714,other-body-box,False,True
13,pelvis_contour_link,right_hip_roll_link,pelvis_contour_link,right_hip_roll_link,-0.005922493457557174,0.005922493457557174,self-collision,False,False
13,ground,right_ankle_roll_link,world,right_ankle_roll_link,-0.001443431625730976,0.001443431625730976,foot-ground,True,False
13,ground,right_ankle_roll_sphere_3_link,world,right_ankle_roll_sphere_3_link,-0.0009858879278821396,0.0009858879278821396,foot-ground,True,False
13,pelvis_contour_link,left_hip_roll_link,pelvis_contour_link,left_hip_roll_link,-0.007686885079054226,0.007686885079054226,self-collision,False,False
13,ground,largebox,world,largebox_link,-0.003035093538967387,0.003035093538967387,object-ground,True,False
13,right_knee_link,right_ankle_roll_link,right_knee_link,right_ankle_roll_link,-0.03807184063935404,0.03807184063935404,self-collision,False,False
13,ground,left_ankle_roll_link,world,left_ankle_roll_link,-0.0009942490824770556,0.0009942490824770556,foot-ground,True,False
13,left_knee_link,left_ankle_roll_link,left_knee_link,left_ankle_roll_link,-0.033445820435312246,0.033445820435312246,self-collision,False,False
13,left_hip_yaw_link,largebox,left_hip_yaw_link,largebox_link,-0.0019417335780628764,0.0019417335780628764,other-body-box,False,True
14,pelvis_contour_link,right_hip_roll_link,pelvis_contour_link,right_hip_roll_link,-0.0055994482735223505,0.0055994482735223505,self-collision,False,False
14,left_ankle_intermediate_1_link,left_ankle_roll_link,left_ankle_intermediate_1_link,left_ankle_roll_link,-0.002599416907229271,0.002599416907229271,self-collision,False,False
14,ground,right_ankle_roll_link,world,right_ankle_roll_link,-0.0011451072402246416,0.0011451072402246416,foot-ground,True,False
14,ground,right_ankle_roll_sphere_3_link,world,right_ankle_roll_sphere_3_link,-0.0006726036417767948,0.0006726036417767948,foot-ground,True,False
14,pelvis_contour_link,left_hip_roll_link,pelvis_contour_link,left_hip_roll_link,-0.008337172014327113,0.008337172014327113,self-collision,False,False
14,ground,largebox,world,largebox_link,-0.0030380263466471824,0.0030380263466471824,object-ground,True,False
14,right_knee_link,right_ankle_roll_link,right_knee_link,right_ankle_roll_link,-0.03870685202967386,0.03870685202967386,self-collision,False,False
14,ground,left_ankle_roll_link,world,left_ankle_roll_link,-0.0009989556808532654,0.0009989556808532654,foot-ground,True,False
14,left_knee_link,left_ankle_roll_link,left_knee_link,left_ankle_roll_link,-0.033338098617066186,0.033338098617066186,self-collision,False,False
14,left_hip_yaw_link,largebox,left_hip_yaw_link,largebox_link,-0.0012634383220410106,0.0012634383220410106,other-body-box,False,True
15,pelvis_contour_link,right_hip_roll_link,pelvis_contour_link,right_hip_roll_link,-0.004528240020924057,0.004528240020924057,self-collision,False,False
15,right_rubber_hand_link,largebox,right_rubber_hand_link,largebox_link,-0.0008229425561506465,0.0008229425561506465,hand-box,True,False
15,ground,right_ankle_roll_link,world,right_ankle_roll_link,-0.001208492599715602,0.001208492599715602,foot-ground,True,False
15,ground,right_ankle_roll_sphere_3_link,world,right_ankle_roll_sphere_3_link,-0.00045827390755373825,0.00045827390755373825,foot-ground,True,False
15,pelvis_contour_link,left_hip_roll_link,pelvis_contour_link,left_hip_roll_link,-0.008367699208645801,0.008367699208645801,self-collision,False,False
15,ground,largebox,world,largebox_link,-0.002990893649162163,0.002990893649162163,object-ground,True,False
15,right_knee_link,right_ankle_roll_link,right_knee_link,right_ankle_roll_link,-0.039842589221603636,0.039842589221603636,self-collision,False,False
15,ground,left_ankle_roll_link,world,left_ankle_roll_link,-0.0009972105734967346,0.0009972105734967346,foot-ground,True,False
15,left_knee_link,left_ankle_roll_link,left_knee_link,left_ankle_roll_link,-0.03376190530119816,0.03376190530119816,self-collision,False,False
15,left_hip_yaw_link,largebox,left_hip_yaw_link,largebox_link,-0.0010225049350584825,0.0010225049350584825,other-body-box,False,True
16,pelvis_contour_link,right_hip_roll_link,pelvis_contour_link,right_hip_roll_link,-0.004393552331875383,0.004393552331875383,self-collision,False,False
16,right_rubber_hand_link,largebox,right_rubber_hand_link,largebox_link,-0.0009567868005510155,0.0009567868005510155,hand-box,True,False
16,right_hip_yaw_link,largebox,right_hip_yaw_link,largebox_link,-0.0007547078268139717,0.0007547078268139717,other-body-box,False,True
16,left_shoulder_yaw_link,largebox,left_shoulder_yaw_link,largebox_link,-0.0012797698222672682,0.0012797698222672682,other-body-box,False,True
16,ground,right_ankle_roll_link,world,right_ankle_roll_link,-0.000996777088132901,0.000996777088132901,foot-ground,True,False
16,ground,right_ankle_roll_sphere_3_link,world,right_ankle_roll_sphere_3_link,-0.00039150589229496307,0.00039150589229496307,foot-ground,True,False
16,pelvis_contour_link,left_hip_roll_link,pelvis_contour_link,left_hip_roll_link,-0.00945341389540759,0.00945341389540759,self-collision,False,False
16,ground,largebox,world,largebox_link,-0.002996716034210256,0.002996716034210256,object-ground,True,False
16,right_knee_link,right_ankle_roll_link,right_knee_link,right_ankle_roll_link,-0.039913302472387696,0.039913302472387696,self-collision,False,False
16,ground,right_rubber_hand_link,world,right_rubber_hand_link,-0.0009857009054467514,0.0009857009054467514,robot-ground-excluding-foot,False,True
16,ground,left_ankle_roll_link,world,left_ankle_roll_link,-0.0009979123529168313,0.0009979123529168313,foot-ground,True,False
16,left_knee_link,left_ankle_roll_link,left_knee_link,left_ankle_roll_link,-0.03431020866382534,0.03431020866382534,self-collision,False,False
16,left_hip_yaw_link,largebox,left_hip_yaw_link,largebox_link,-0.0011307588187519368,0.0011307588187519368,other-body-box,False,True
17,pelvis_contour_link,right_hip_roll_link,pelvis_contour_link,right_hip_roll_link,-0.004542143116202463,0.004542143116202463,self-collision,False,False
17,right_rubber_hand_link,largebox,right_rubber_hand_link,largebox_link,-0.0010272993249425127,0.0010272993249425127,hand-box,True,False
17,right_hip_yaw_link,largebox,right_hip_yaw_link,largebox_link,-0.0009706962471526942,0.0009706962471526942,other-body-box,False,True
17,left_shoulder_yaw_link,largebox,left_shoulder_yaw_link,largebox_link,-0.0011847978935106002,0.0011847978935106002,other-body-box,False,True
17,ground,right_ankle_roll_link,world,right_ankle_roll_link,-0.0010011441197008072,0.0010011441197008072,foot-ground,True,False
17,ground,right_ankle_roll_sphere_3_link,world,right_ankle_roll_sphere_3_link,-0.0004585706040746247,0.0004585706040746247,foot-ground,True,False
17,pelvis_contour_link,left_hip_roll_link,pelvis_contour_link,left_hip_roll_link,-0.00824153393939904,0.00824153393939904,self-collision,False,False
17,ground,largebox,world,largebox_link,-0.0030182819769577485,0.0030182819769577485,object-ground,True,False
17,right_knee_link,right_ankle_roll_link,right_knee_link,right_ankle_roll_link,-0.03944371748488443,0.03944371748488443,self-collision,False,False
17,ground,right_rubber_hand_link,world,right_rubber_hand_link,-0.0009997394869097898,0.0009997394869097898,robot-ground-excluding-foot,False,True
17,ground,left_ankle_roll_link,world,left_ankle_roll_link,-0.0009951535966036679,0.0009951535966036679,foot-ground,True,False
17,left_knee_link,left_ankle_roll_link,left_knee_link,left_ankle_roll_link,-0.03463836598063494,0.03463836598063494,self-collision,False,False
17,left_hip_yaw_link,largebox,left_hip_yaw_link,largebox_link,-0.0010661568432080298,0.0010661568432080298,other-body-box,False,True
18,pelvis_contour_link,right_hip_roll_link,pelvis_contour_link,right_hip_roll_link,-0.00512474902401111,0.00512474902401111,self-collision,False,False
18,right_rubber_hand_link,largebox,right_rubber_hand_link,largebox_link,-0.0010330779543975543,0.0010330779543975543,hand-box,True,False
18,right_hip_yaw_link,largebox,right_hip_yaw_link,largebox_link,-0.0007305051709268484,0.0007305051709268484,other-body-box,False,True
18,left_shoulder_yaw_link,largebox,left_shoulder_yaw_link,largebox_link,-0.0011792655261449458,0.0011792655261449458,other-body-box,False,True
18,ground,right_ankle_roll_link,world,right_ankle_roll_link,-0.0010026249405179592,0.0010026249405179592,foot-ground,True,False
18,ground,right_ankle_roll_sphere_3_link,world,right_ankle_roll_sphere_3_link,-0.0005217976233438141,0.0005217976233438141,foot-ground,True,False
18,pelvis_contour_link,left_hip_roll_link,pelvis_contour_link,left_hip_roll_link,-0.008178356365300704,0.008178356365300704,self-collision,False,False
18,ground,largebox,world,largebox_link,-0.003035532063797697,0.003035532063797697,object-ground,True,False
18,right_knee_link,right_ankle_roll_link,right_knee_link,right_ankle_roll_link,-0.03891328428120616,0.03891328428120616,self-collision,False,False
18,ground,right_rubber_hand_link,world,right_rubber_hand_link,-0.0010009267890487838,0.0010009267890487838,robot-ground-excluding-foot,False,True
18,ground,left_ankle_roll_link,world,left_ankle_roll_link,-0.0009929510254549148,0.0009929510254549148,foot-ground,True,False
18,left_knee_link,left_ankle_roll_link,left_knee_link,left_ankle_roll_link,-0.034861726518494285,0.034861726518494285,self-collision,False,False
18,left_rubber_hand_link,largebox,left_rubber_hand_link,largebox_link,-0.0001452291341509926,0.0001452291341509926,hand-box,True,False
18,left_hip_yaw_link,largebox,left_hip_yaw_link,largebox_link,-0.0011517686011998512,0.0011517686011998512,other-body-box,False,True
19,pelvis_contour_link,right_hip_roll_link,pelvis_contour_link,right_hip_roll_link,-0.00566019186079543,0.00566019186079543,self-collision,False,False
19,right_rubber_hand_link,largebox,right_rubber_hand_link,largebox_link,-0.0010259033391485373,0.0010259033391485373,hand-box,True,False
19,right_hip_yaw_link,largebox,right_hip_yaw_link,largebox_link,-0.000969986773935394,0.000969986773935394,other-body-box,False,True
19,left_shoulder_yaw_link,largebox,left_shoulder_yaw_link,largebox_link,-0.000835683071214538,0.000835683071214538,other-body-box,False,True
19,ground,right_ankle_roll_link,world,right_ankle_roll_link,-0.0009989375145862955,0.0009989375145862955,foot-ground,True,False
19,ground,right_ankle_roll_sphere_3_link,world,right_ankle_roll_sphere_3_link,-0.000554927190444021,0.000554927190444021,foot-ground,True,False
19,pelvis_contour_link,left_hip_roll_link,pelvis_contour_link,left_hip_roll_link,-0.007909441221220531,0.007909441221220531,self-collision,False,False
19,ground,largebox,world,largebox_link,-0.0029856556847730753,0.0029856556847730753,object-ground,True,False
19,right_knee_link,right_ankle_roll_link,right_knee_link,right_ankle_roll_link,-0.03842834383968555,0.03842834383968555,self-collision,False,False
19,ground,right_rubber_hand_link,world,right_rubber_hand_link,-0.0009989662824509,0.0009989662824509,robot-ground-excluding-foot,False,True
19,ground,left_ankle_roll_link,world,left_ankle_roll_link,-0.0009934276080215132,0.0009934276080215132,foot-ground,True,False
19,left_knee_link,left_ankle_roll_link,left_knee_link,left_ankle_roll_link,-0.03504217226247883,0.03504217226247883,self-collision,False,False
19,left_rubber_hand_link,largebox,left_rubber_hand_link,largebox_link,-0.0004973836293222927,0.0004973836293222927,hand-box,True,False
19,left_hip_yaw_link,largebox,left_hip_yaw_link,largebox_link,-0.0011151744444691525,0.0011151744444691525,other-body-box,False,True
20,pelvis_contour_link,right_hip_roll_link,pelvis_contour_link,right_hip_roll_link,-0.0059452185949112335,0.0059452185949112335,self-collision,False,False
20,right_rubber_hand_link,largebox,right_rubber_hand_link,largebox_link,-0.0010161496041158485,0.0010161496041158485,hand-box,True,False
20,right_hip_yaw_link,largebox,right_hip_yaw_link,largebox_link,-0.0010072489768099824,0.0010072489768099824,other-body-box,False,True
20,left_shoulder_yaw_link,largebox,left_shoulder_yaw_link,largebox_link,-0.0011702544586232322,0.0011702544586232322,other-body-box,False,True
20,ground,right_ankle_roll_link,world,right_ankle_roll_link,-0.0009992890130040427,0.0009992890130040427,foot-ground,True,False
20,ground,right_ankle_roll_sphere_3_link,world,right_ankle_roll_sphere_3_link,-0.0005669813775125735,0.0005669813775125735,foot-ground,True,False
20,pelvis_contour_link,left_hip_roll_link,pelvis_contour_link,left_hip_roll_link,-0.007882925860417403,0.007882925860417403,self-collision,False,False
20,ground,largebox,world,largebox_link,-0.0029824674316329125,0.0029824674316329125,object-ground,True,False
20,right_knee_link,right_ankle_roll_link,right_knee_link,right_ankle_roll_link,-0.03823998554921826,0.03823998554921826,self-collision,False,False
20,ground,left_rubber_hand_link,world,left_rubber_hand_link,-0.0009821379433334054,0.0009821379433334054,robot-ground-excluding-foot,False,True
20,ground,right_rubber_hand_link,world,right_rubber_hand_link,-0.0009980348590205579,0.0009980348590205579,robot-ground-excluding-foot,False,True
20,ground,left_ankle_roll_link,world,left_ankle_roll_link,-0.000998635537455786,0.000998635537455786,foot-ground,True,False
20,left_knee_link,left_ankle_roll_link,left_knee_link,left_ankle_roll_link,-0.035101426387138784,0.035101426387138784,self-collision,False,False
20,left_rubber_hand_link,largebox,left_rubber_hand_link,largebox_link,-0.0004818887889757595,0.0004818887889757595,hand-box,True,False
20,left_hip_yaw_link,largebox,left_hip_yaw_link,largebox_link,-0.0011604122327202593,0.0011604122327202593,other-body-box,False,True
21,pelvis_contour_link,right_hip_roll_link,pelvis_contour_link,right_hip_roll_link,-0.006324554100529192,0.006324554100529192,self-collision,False,False
21,right_rubber_hand_link,largebox,right_rubber_hand_link,largebox_link,-0.0010217257089441684,0.0010217257089441684,hand-box,True,False
21,right_hip_yaw_link,largebox,right_hip_yaw_link,largebox_link,-0.0009934077494888754,0.0009934077494888754,other-body-box,False,True
21,left_shoulder_yaw_link,largebox,left_shoulder_yaw_link,largebox_link,-0.001053518143450713,0.001053518143450713,other-body-box,False,True
21,ground,right_ankle_roll_link,world,right_ankle_roll_link,-0.0009995367740502012,0.0009995367740502012,foot-ground,True,False
21,ground,right_ankle_roll_sphere_3_link,world,right_ankle_roll_sphere_3_link,-0.0005652406077956236,0.0005652406077956236,foot-ground,True,False
21,pelvis_contour_link,left_hip_roll_link,pelvis_contour_link,left_hip_roll_link,-0.007992485875099181,0.007992485875099181,self-collision,False,False
21,ground,largebox,world,largebox_link,-0.0029389578279449546,0.0029389578279449546,object-ground,True,False
21,right_knee_link,right_ankle_roll_link,right_knee_link,right_ankle_roll_link,-0.03817272542105077,0.03817272542105077,self-collision,False,False
21,ground,left_rubber_hand_link,world,left_rubber_hand_link,-0.00099753913455565,0.00099753913455565,robot-ground-excluding-foot,False,True
21,ground,right_rubber_hand_link,world,right_rubber_hand_link,-0.0009994962122989448,0.0009994962122989448,robot-ground-excluding-foot,False,True
21,ground,left_ankle_roll_link,world,left_ankle_roll_link,-0.00099708195115078,0.00099708195115078,foot-ground,True,False
21,left_knee_link,left_ankle_roll_link,left_knee_link,left_ankle_roll_link,-0.03499646168536799,0.03499646168536799,self-collision,False,False
21,left_rubber_hand_link,largebox,left_rubber_hand_link,largebox_link,-0.0009023908857563046,0.0009023908857563046,hand-box,True,False
21,left_hip_yaw_link,largebox,left_hip_yaw_link,largebox_link,-0.0011232289834601505,0.0011232289834601505,other-body-box,False,True
22,pelvis_contour_link,right_hip_roll_link,pelvis_contour_link,right_hip_roll_link,-0.00649538102041404,0.00649538102041404,self-collision,False,False
22,right_rubber_hand_link,largebox,right_rubber_hand_link,largebox_link,-0.0009792484391713957,0.0009792484391713957,hand-box,True,False
22,right_hip_yaw_link,largebox,right_hip_yaw_link,largebox_link,-0.0008932150102661518,0.0008932150102661518,other-body-box,False,True
22,left_shoulder_yaw_link,largebox,left_shoulder_yaw_link,largebox_link,-0.0006834738945560026,0.0006834738945560026,other-body-box,False,True
22,ground,right_ankle_roll_link,world,right_ankle_roll_link,-0.000999756924568218,0.000999756924568218,foot-ground,True,False
22,ground,right_ankle_roll_sphere_3_link,world,right_ankle_roll_sphere_3_link,-0.000575307215426586,0.000575307215426586,foot-ground,True,False
22,pelvis_contour_link,left_hip_roll_link,pelvis_contour_link,left_hip_roll_link,-0.007452771251831247,0.007452771251831247,self-collision,False,False
22,ground,largebox,world,largebox_link,-0.0029502151468231153,0.0029502151468231153,object-ground,True,False
22,right_knee_link,right_ankle_roll_link,right_knee_link,right_ankle_roll_link,-0.03817958200871663,0.03817958200871663,self-collision,False,False
22,ground,left_rubber_hand_link,world,left_rubber_hand_link,-0.00099742764882646,0.00099742764882646,robot-ground-excluding-foot,False,True
22,ground,right_rubber_hand_link,world,right_rubber_hand_link,-0.0009979725787167687,0.0009979725787167687,robot-ground-excluding-foot,False,True
22,ground,left_ankle_roll_link,world,left_ankle_roll_link,-0.0009939753418313976,0.0009939753418313976,foot-ground,True,False
22,left_knee_link,left_ankle_roll_link,left_knee_link,left_ankle_roll_link,-0.03461696653808205,0.03461696653808205,self-collision,False,False
22,left_rubber_hand_link,largebox,left_rubber_hand_link,largebox_link,-0.0009373833337439769,0.0009373833337439769,hand-box,True,False
22,left_hip_yaw_link,largebox,left_hip_yaw_link,largebox_link,-0.0017138292409063643,0.0017138292409063643,other-body-box,False,True
23,pelvis_contour_link,right_hip_roll_link,pelvis_contour_link,right_hip_roll_link,-0.006474618442399979,0.006474618442399979,self-collision,False,False
23,right_rubber_hand_link,largebox,right_rubber_hand_link,largebox_link,-0.0009413948106129777,0.0009413948106129777,hand-box,True,False
23,right_hip_yaw_link,largebox,right_hip_yaw_link,largebox_link,-0.0010010135978181234,0.0010010135978181234,other-body-box,False,True
23,left_shoulder_yaw_link,largebox,left_shoulder_yaw_link,largebox_link,-0.0011543865604269066,0.0011543865604269066,other-body-box,False,True
23,ground,right_ankle_roll_link,world,right_ankle_roll_link,-0.00100666222318075,0.00100666222318075,foot-ground,True,False
23,ground,right_ankle_roll_sphere_3_link,world,right_ankle_roll_sphere_3_link,-0.0005819744958975052,0.0005819744958975052,foot-ground,True,False
23,pelvis_contour_link,left_hip_roll_link,pelvis_contour_link,left_hip_roll_link,-0.0069885412987888,0.0069885412987888,self-collision,False,False
23,ground,largebox,world,largebox_link,-0.003077930906285109,0.003077930906285109,object-ground,True,False
23,right_knee_link,right_ankle_roll_link,right_knee_link,right_ankle_roll_link,-0.03836075354361654,0.03836075354361654,self-collision,False,False
23,ground,left_rubber_hand_link,world,left_rubber_hand_link,-0.000998108805103537,0.000998108805103537,robot-ground-excluding-foot,False,True
23,ground,right_rubber_hand_link,world,right_rubber_hand_link,-0.000999785987102833,0.000999785987102833,robot-ground-excluding-foot,False,True
23,ground,left_ankle_roll_link,world,left_ankle_roll_link,-0.0009997083371732982,0.0009997083371732982,foot-ground,True,False
23,left_knee_link,left_ankle_roll_link,left_knee_link,left_ankle_roll_link,-0.034263856401360565,0.034263856401360565,self-collision,False,False
23,left_rubber_hand_link,largebox,left_rubber_hand_link,largebox_link,-0.0009579612430949541,0.0009579612430949541,hand-box,True,False
23,left_hip_yaw_link,largebox,left_hip_yaw_link,largebox_link,-0.0010314093118501538,0.0010314093118501538,other-body-box,False,True
24,pelvis_contour_link,right_hip_roll_link,pelvis_contour_link,right_hip_roll_link,-0.005575130497559089,0.005575130497559089,self-collision,False,False
24,right_rubber_hand_link,largebox,right_rubber_hand_link,largebox_link,-0.0011101365588103707,0.0011101365588103707,hand-box,True,False
24,right_hip_yaw_link,largebox,right_hip_yaw_link,largebox_link,-0.0009970218461991115,0.0009970218461991115,other-body-box,False,True
24,left_shoulder_yaw_link,largebox,left_shoulder_yaw_link,largebox_link,-0.0007952719959571641,0.0007952719959571641,other-body-box,False,True
24,ground,right_ankle_roll_link,world,right_ankle_roll_link,-0.0009999113818054337,0.0009999113818054337,foot-ground,True,False
24,ground,right_ankle_roll_sphere_3_link,world,right_ankle_roll_sphere_3_link,-0.0005829538806730065,0.0005829538806730065,foot-ground,True,False
24,pelvis_contour_link,left_hip_roll_link,pelvis_contour_link,left_hip_roll_link,-0.006873472833920841,0.006873472833920841,self-collision,False,False
24,ground,largebox,world,largebox_link,-0.003059761113823445,0.003059761113823445,object-ground,True,False
24,right_knee_link,right_ankle_roll_link,right_knee_link,right_ankle_roll_link,-0.03832925831736808,0.03832925831736808,self-collision,False,False
24,ground,left_rubber_hand_link,world,left_rubber_hand_link,-0.0009973682126994954,0.0009973682126994954,robot-ground-excluding-foot,False,True
24,ground,right_rubber_hand_link,world,right_rubber_hand_link,-0.0009998813151942398,0.0009998813151942398,robot-ground-excluding-foot,False,True
24,ground,left_ankle_roll_link,world,left_ankle_roll_link,-0.0009998989199464584,0.0009998989199464584,foot-ground,True,False
24,left_knee_link,left_ankle_roll_link,left_knee_link,left_ankle_roll_link,-0.034267437300357,0.034267437300357,self-collision,False,False
24,left_rubber_hand_link,largebox,left_rubber_hand_link,largebox_link,-0.0010004208783980922,0.0010004208783980922,hand-box,True,False
24,left_hip_yaw_link,largebox,left_hip_yaw_link,largebox_link,-0.00099725640186335,0.00099725640186335,other-body-box,False,True
25,pelvis_contour_link,right_hip_roll_link,pelvis_contour_link,right_hip_roll_link,-0.005918429899023692,0.005918429899023692,self-collision,False,False
25,right_rubber_hand_link,largebox,right_rubber_hand_link,largebox_link,-0.0010021073799268698,0.0010021073799268698,hand-box,True,False
25,right_hip_yaw_link,largebox,right_hip_yaw_link,largebox_link,-0.001078340668851846,0.001078340668851846,other-body-box,False,True
25,left_shoulder_yaw_link,largebox,left_shoulder_yaw_link,largebox_link,-0.0014048287546716831,0.0014048287546716831,other-body-box,False,True
25,ground,right_ankle_roll_link,world,right_ankle_roll_link,-0.001007539236750718,0.001007539236750718,foot-ground,True,False
25,ground,right_ankle_roll_sphere_3_link,world,right_ankle_roll_sphere_3_link,-0.0005941835686805201,0.0005941835686805201,foot-ground,True,False
25,pelvis_contour_link,left_hip_roll_link,pelvis_contour_link,left_hip_roll_link,-0.0064371679241461005,0.0064371679241461005,self-collision,False,False
25,ground,largebox,world,largebox_link,-0.00284940048380658,0.00284940048380658,object-ground,True,False
25,right_knee_link,right_ankle_roll_link,right_knee_link,right_ankle_roll_link,-0.03838908486173867,0.03838908486173867,self-collision,False,False
25,ground,left_rubber_hand_link,world,left_rubber_hand_link,-0.0009783526945622983,0.0009783526945622983,robot-ground-excluding-foot,False,True
25,ground,right_rubber_hand_link,world,right_rubber_hand_link,-0.0009952406256569651,0.0009952406256569651,robot-ground-excluding-foot,False,True
25,ground,left_ankle_roll_link,world,left_ankle_roll_link,-0.0009968210486625759,0.0009968210486625759,foot-ground,True,False
25,left_knee_link,left_ankle_roll_link,left_knee_link,left_ankle_roll_link,-0.03402296272779634,0.03402296272779634,self-collision,False,False
25,left_rubber_hand_link,largebox,left_rubber_hand_link,largebox_link,-0.0006685036168324332,0.0006685036168324332,hand-box,True,False
25,left_hip_yaw_link,largebox,left_hip_yaw_link,largebox_link,-0.0010982621962890432,0.0010982621962890432,other-body-box,False,True
26,pelvis_contour_link,right_hip_roll_link,pelvis_contour_link,right_hip_roll_link,-0.0061415442381417,0.0061415442381417,self-collision,False,False
26,right_rubber_hand_link,largebox,right_rubber_hand_link,largebox_link,-0.001098899242168272,0.001098899242168272,hand-box,True,False
26,left_ankle_intermediate_1_link,left_ankle_roll_link,left_ankle_intermediate_1_link,left_ankle_roll_link,-0.0029550343784607302,0.0029550343784607302,self-collision,False,False
26,right_hip_yaw_link,largebox,right_hip_yaw_link,largebox_link,-0.00101049840062728,0.00101049840062728,other-body-box,False,True
26,left_shoulder_yaw_link,largebox,left_shoulder_yaw_link,largebox_link,-0.0010105474049865448,0.0010105474049865448,other-body-box,False,True
26,ground,right_ankle_roll_link,world,right_ankle_roll_link,-0.0009987407498651402,0.0009987407498651402,foot-ground,True,False
26,ground,right_ankle_roll_sphere_3_link,world,right_ankle_roll_sphere_3_link,-0.0005995788627471089,0.0005995788627471089,foot-ground,True,False
26,pelvis_contour_link,left_hip_roll_link,pelvis_contour_link,left_hip_roll_link,-0.007034707529909562,0.007034707529909562,self-collision,False,False
26,ground,largebox,world,largebox_link,-0.0011607672289883075,0.0011607672289883075,object-ground,True,False
26,right_knee_link,right_ankle_roll_link,right_knee_link,right_ankle_roll_link,-0.03822559151126284,0.03822559151126284,self-collision,False,False
26,ground,left_rubber_hand_link,world,left_rubber_hand_link,-0.0009999929311817757,0.0009999929311817757,robot-ground-excluding-foot,False,True
26,ground,right_rubber_hand_link,world,right_rubber_hand_link,-0.0009948879424901413,0.0009948879424901413,robot-ground-excluding-foot,False,True
26,ground,left_ankle_roll_link,world,left_ankle_roll_link,-0.0009997115652471134,0.0009997115652471134,foot-ground,True,False
26,left_knee_link,left_ankle_roll_link,left_knee_link,left_ankle_roll_link,-0.03390765988394165,0.03390765988394165,self-collision,False,False
26,left_rubber_hand_link,largebox,left_rubber_hand_link,largebox_link,-0.0008644621056195789,0.0008644621056195789,hand-box,True,False
26,left_hip_yaw_link,largebox,left_hip_yaw_link,largebox_link,-0.001086810534776328,0.001086810534776328,other-body-box,False,True
27,pelvis_contour_link,right_hip_roll_link,pelvis_contour_link,right_hip_roll_link,-0.006255441122673386,0.006255441122673386,self-collision,False,False
27,right_rubber_hand_link,largebox,right_rubber_hand_link,largebox_link,-0.0009980254114682063,0.0009980254114682063,hand-box,True,False
27,right_hip_yaw_link,largebox,right_hip_yaw_link,largebox_link,-0.001012513137611512,0.001012513137611512,other-body-box,False,True
27,left_shoulder_yaw_link,largebox,left_shoulder_yaw_link,largebox_link,-0.0010095393161410199,0.0010095393161410199,other-body-box,False,True
27,ground,right_ankle_roll_link,world,right_ankle_roll_link,-0.0009987019860804858,0.0009987019860804858,foot-ground,True,False
27,ground,right_ankle_roll_sphere_3_link,world,right_ankle_roll_sphere_3_link,-0.0006134033638015941,0.0006134033638015941,foot-ground,True,False
27,pelvis_contour_link,left_hip_roll_link,pelvis_contour_link,left_hip_roll_link,-0.006977057570533893,0.006977057570533893,self-collision,False,False
27,right_knee_link,right_ankle_roll_link,right_knee_link,right_ankle_roll_link,-0.038102874622839206,0.038102874622839206,self-collision,False,False
27,ground,left_rubber_hand_link,world,left_rubber_hand_link,-0.0009547241406017287,0.0009547241406017287,robot-ground-excluding-foot,False,True
27,ground,right_rubber_hand_link,world,right_rubber_hand_link,-0.0009984964290052772,0.0009984964290052772,robot-ground-excluding-foot,False,True
27,ground,left_ankle_roll_link,world,left_ankle_roll_link,-0.0009975790778638527,0.0009975790778638527,foot-ground,True,False
27,left_knee_link,left_ankle_roll_link,left_knee_link,left_ankle_roll_link,-0.03402775931854776,0.03402775931854776,self-collision,False,False
27,left_rubber_hand_link,largebox,left_rubber_hand_link,largebox_link,-0.0014897436424159832,0.0014897436424159832,hand-box,True,False
27,left_hip_yaw_link,largebox,left_hip_yaw_link,largebox_link,-0.0009288139315848237,0.0009288139315848237,other-body-box,False,True
28,pelvis_contour_link,right_hip_roll_link,pelvis_contour_link,right_hip_roll_link,-0.0063834467237446485,0.0063834467237446485,self-collision,False,False
28,right_rubber_hand_link,largebox,right_rubber_hand_link,largebox_link,-0.0010042516320940276,0.0010042516320940276,hand-box,True,False
28,left_ankle_intermediate_1_link,left_ankle_roll_link,left_ankle_intermediate_1_link,left_ankle_roll_link,-0.002984231478446689,0.002984231478446689,self-collision,False,False
28,right_hip_yaw_link,largebox,right_hip_yaw_link,largebox_link,-0.0009991246253721053,0.0009991246253721053,other-body-box,False,True
28,left_shoulder_yaw_link,largebox,left_shoulder_yaw_link,largebox_link,-0.0010252796185632185,0.0010252796185632185,other-body-box,False,True
28,ground,right_ankle_roll_link,world,right_ankle_roll_link,-0.000999618796357675,0.000999618796357675,foot-ground,True,False
28,ground,right_ankle_roll_sphere_3_link,world,right_ankle_roll_sphere_3_link,-0.0006256773444995199,0.0006256773444995199,foot-ground,True,False
28,pelvis_contour_link,left_hip_roll_link,pelvis_contour_link,left_hip_roll_link,-0.006973172799443192,0.006973172799443192,self-collision,False,False
28,ground,largebox,world,largebox_link,-6.949847258658215e-05,6.949847258658215e-05,object-ground,True,False
28,right_knee_link,right_ankle_roll_link,right_knee_link,right_ankle_roll_link,-0.03797293490170073,0.03797293490170073,self-collision,False,False
28,ground,left_rubber_hand_link,world,left_rubber_hand_link,-0.0009985480356412973,0.0009985480356412973,robot-ground-excluding-foot,False,True
28,ground,right_rubber_hand_link,world,right_rubber_hand_link,-0.0009995711107504551,0.0009995711107504551,robot-ground-excluding-foot,False,True
28,ground,left_ankle_roll_link,world,left_ankle_roll_link,-0.0009995213936963426,0.0009995213936963426,foot-ground,True,False
28,left_knee_link,left_ankle_roll_link,left_knee_link,left_ankle_roll_link,-0.0339958239973748,0.0339958239973748,self-collision,False,False
28,left_rubber_hand_link,largebox,left_rubber_hand_link,largebox_link,-0.0010862384582862455,0.0010862384582862455,hand-box,True,False
28,left_hip_yaw_link,largebox,left_hip_yaw_link,largebox_link,-0.000973802634772758,0.000973802634772758,other-body-box,False,True
29,pelvis_contour_link,right_hip_roll_link,pelvis_contour_link,right_hip_roll_link,-0.006463015414536782,0.006463015414536782,self-collision,False,False
29,right_rubber_hand_link,largebox,right_rubber_hand_link,largebox_link,-0.0010028478701670507,0.0010028478701670507,hand-box,True,False
29,right_hip_yaw_link,largebox,right_hip_yaw_link,largebox_link,-0.0011837179742174853,0.0011837179742174853,other-body-box,False,True
29,left_shoulder_yaw_link,largebox,left_shoulder_yaw_link,largebox_link,-0.0010146974018964833,0.0010146974018964833,other-body-box,False,True
29,ground,right_ankle_roll_link,world,right_ankle_roll_link,-0.0009988145414277297,0.0009988145414277297,foot-ground,True,False
29,ground,right_ankle_roll_sphere_3_link,world,right_ankle_roll_sphere_3_link,-0.0006223472362896177,0.0006223472362896177,foot-ground,True,False
29,pelvis_contour_link,left_hip_roll_link,pelvis_contour_link,left_hip_roll_link,-0.007117768279267314,0.007117768279267314,self-collision,False,False
29,right_knee_link,right_ankle_roll_link,right_knee_link,right_ankle_roll_link,-0.037618111144299554,0.037618111144299554,self-collision,False,False
29,ground,left_rubber_hand_link,world,left_rubber_hand_link,-0.0009985140625345945,0.0009985140625345945,robot-ground-excluding-foot,False,True
29,ground,right_rubber_hand_link,world,right_rubber_hand_link,-0.0009974949596330968,0.0009974949596330968,robot-ground-excluding-foot,False,True
29,ground,left_ankle_roll_link,world,left_ankle_roll_link,-0.0009992431944246677,0.0009992431944246677,foot-ground,True,False
29,left_knee_link,left_ankle_roll_link,left_knee_link,left_ankle_roll_link,-0.034236288170803736,0.034236288170803736,self-collision,False,False
29,left_rubber_hand_link,largebox,left_rubber_hand_link,largebox_link,-0.0010002487564315932,0.0010002487564315932,hand-box,True,False
29,left_hip_yaw_link,largebox,left_hip_yaw_link,largebox_link,-0.0010184772805261338,0.0010184772805261338,other-body-box,False,True
30,pelvis_contour_link,right_hip_roll_link,pelvis_contour_link,right_hip_roll_link,-0.0064343147697280695,0.0064343147697280695,self-collision,False,False
30,right_rubber_hand_link,largebox,right_rubber_hand_link,largebox_link,-0.0009969447744927057,0.0009969447744927057,hand-box,True,False
30,right_hip_yaw_link,largebox,right_hip_yaw_link,largebox_link,-0.0009668361206526949,0.0009668361206526949,other-body-box,False,True
30,left_shoulder_yaw_link,largebox,left_shoulder_yaw_link,largebox_link,-0.0006017655248289344,0.0006017655248289344,other-body-box,False,True
30,ground,right_ankle_roll_link,world,right_ankle_roll_link,-0.0009989432810119797,0.0009989432810119797,foot-ground,True,False
30,ground,right_ankle_roll_sphere_3_link,world,right_ankle_roll_sphere_3_link,-0.0006050563378656821,0.0006050563378656821,foot-ground,True,False
30,pelvis_contour_link,left_hip_roll_link,pelvis_contour_link,left_hip_roll_link,-0.007155037803774036,0.007155037803774036,self-collision,False,False
30,right_knee_link,right_ankle_roll_link,right_knee_link,right_ankle_roll_link,-0.03760724635034493,0.03760724635034493,self-collision,False,False
30,ground,left_rubber_hand_link,world,left_rubber_hand_link,-0.0009965822420797271,0.0009965822420797271,robot-ground-excluding-foot,False,True
30,ground,right_rubber_hand_link,world,right_rubber_hand_link,-0.0009994616613206025,0.0009994616613206025,robot-ground-excluding-foot,False,True
30,ground,left_ankle_roll_link,world,left_ankle_roll_link,-0.0009991715291166395,0.0009991715291166395,foot-ground,True,False
30,left_knee_link,left_ankle_roll_link,left_knee_link,left_ankle_roll_link,-0.034591277567939144,0.034591277567939144,self-collision,False,False
30,left_rubber_hand_link,largebox,left_rubber_hand_link,largebox_link,-0.0009092214973182994,0.0009092214973182994,hand-box,True,False
30,left_hip_yaw_link,largebox,left_hip_yaw_link,largebox_link,-0.0008987297438335512,0.0008987297438335512,other-body-box,False,True
31,pelvis_contour_link,right_hip_roll_link,pelvis_contour_link,right_hip_roll_link,-0.006380784835994482,0.006380784835994482,self-collision,False,False
31,right_rubber_hand_link,largebox,right_rubber_hand_link,largebox_link,-0.0010372785241263976,0.0010372785241263976,hand-box,True,False
31,right_hip_yaw_link,largebox,right_hip_yaw_link,largebox_link,-0.0013026148016990063,0.0013026148016990063,other-body-box,False,True
31,left_shoulder_yaw_link,largebox,left_shoulder_yaw_link,largebox_link,-0.004971175827625421,0.004971175827625421,other-body-box,False,True
31,ground,right_ankle_roll_link,world,right_ankle_roll_link,-0.0009978308610541775,0.0009978308610541775,foot-ground,True,False
31,ground,right_ankle_roll_sphere_3_link,world,right_ankle_roll_sphere_3_link,-0.0006011088810625271,0.0006011088810625271,foot-ground,True,False
31,pelvis_contour_link,left_hip_roll_link,pelvis_contour_link,left_hip_roll_link,-0.006779953213820675,0.006779953213820675,self-collision,False,False
31,right_knee_link,right_ankle_roll_link,right_knee_link,right_ankle_roll_link,-0.037823694557508586,0.037823694557508586,self-collision,False,False
31,ground,left_rubber_hand_link,world,left_rubber_hand_link,-0.0009968333496229165,0.0009968333496229165,robot-ground-excluding-foot,False,True
31,ground,right_rubber_hand_link,world,right_rubber_hand_link,-0.0009940956548912389,0.0009940956548912389,robot-ground-excluding-foot,False,True
31,ground,left_ankle_roll_link,world,left_ankle_roll_link,-0.0009975859879308713,0.0009975859879308713,foot-ground,True,False
31,left_knee_link,left_ankle_roll_link,left_knee_link,left_ankle_roll_link,-0.0357347289975265,0.0357347289975265,self-collision,False,False
31,left_rubber_hand_link,largebox,left_rubber_hand_link,largebox_link,-0.0010531581678219215,0.0010531581678219215,hand-box,True,False
31,left_hip_yaw_link,largebox,left_hip_yaw_link,largebox_link,-0.0013875251257730592,0.0013875251257730592,other-body-box,False,True
32,pelvis_contour_link,right_hip_roll_link,pelvis_contour_link,right_hip_roll_link,-0.006311762732403248,0.006311762732403248,self-collision,False,False
32,right_rubber_hand_link,largebox,right_rubber_hand_link,largebox_link,-0.0009316493297760325,0.0009316493297760325,hand-box,True,False
32,right_hip_yaw_link,largebox,right_hip_yaw_link,largebox_link,-0.001573796703478833,0.001573796703478833,other-body-box,False,True
32,left_shoulder_yaw_link,largebox,left_shoulder_yaw_link,largebox_link,-0.0006240480128444081,0.0006240480128444081,other-body-box,False,True
32,ground,right_ankle_roll_link,world,right_ankle_roll_link,-0.0010299948142805798,0.0010299948142805798,foot-ground,True,False
32,ground,right_ankle_roll_sphere_3_link,world,right_ankle_roll_sphere_3_link,-0.0006353445969807065,0.0006353445969807065,foot-ground,True,False
32,pelvis_contour_link,left_hip_roll_link,pelvis_contour_link,left_hip_roll_link,-0.006680575260819652,0.006680575260819652,self-collision,False,False
32,right_knee_link,right_ankle_roll_link,right_knee_link,right_ankle_roll_link,-0.03848271641880682,0.03848271641880682,self-collision,False,False
32,ground,left_rubber_hand_link,world,left_rubber_hand_link,-0.0009897771222658336,0.0009897771222658336,robot-ground-excluding-foot,False,True
32,ground,right_rubber_hand_link,world,right_rubber_hand_link,-0.0009858043182409265,0.0009858043182409265,robot-ground-excluding-foot,False,True
32,ground,left_ankle_roll_link,world,left_ankle_roll_link,-0.0009911572023646592,0.0009911572023646592,foot-ground,True,False
32,left_knee_link,left_ankle_roll_link,left_knee_link,left_ankle_roll_link,-0.037565787931858774,0.037565787931858774,self-collision,False,False
32,left_rubber_hand_link,largebox,left_rubber_hand_link,largebox_link,-0.0009204097036750597,0.0009204097036750597,hand-box,True,False
32,left_hip_yaw_link,largebox,left_hip_yaw_link,largebox_link,-0.0008746121717344429,0.0008746121717344429,other-body-box,False,True
33,pelvis_contour_link,right_hip_roll_link,pelvis_contour_link,right_hip_roll_link,-0.0055159215007133805,0.0055159215007133805,self-collision,False,False
33,right_rubber_hand_link,largebox,right_rubber_hand_link,largebox_link,-0.0013206661805707787,0.0013206661805707787,hand-box,True,False
33,left_shoulder_yaw_link,largebox,left_shoulder_yaw_link,largebox_link,-7.130345328833221e-05,7.130345328833221e-05,other-body-box,False,True
33,ground,right_ankle_roll_link,world,right_ankle_roll_link,-0.000991791827235737,0.000991791827235737,foot-ground,True,False
33,ground,right_ankle_roll_sphere_3_link,world,right_ankle_roll_sphere_3_link,-0.0005790816078382983,0.0005790816078382983,foot-ground,True,False
33,pelvis_contour_link,left_hip_roll_link,pelvis_contour_link,left_hip_roll_link,-0.008116129351123005,0.008116129351123005,self-collision,False,False
33,right_knee_link,right_ankle_roll_link,right_knee_link,right_ankle_roll_link,-0.03944464746962645,0.03944464746962645,self-collision,False,False
33,ground,right_rubber_hand_link,world,right_rubber_hand_link,-0.0009612221505828911,0.0009612221505828911,robot-ground-excluding-foot,False,True
33,ground,left_ankle_roll_link,world,left_ankle_roll_link,-0.0009723539407620191,0.0009723539407620191,foot-ground,True,False
33,left_knee_link,left_ankle_roll_link,left_knee_link,left_ankle_roll_link,-0.039976286462998695,0.039976286462998695,self-collision,False,False
33,left_rubber_hand_link,largebox,left_rubber_hand_link,largebox_link,-0.0007962165504811214,0.0007962165504811214,hand-box,True,False
33,ground,left_ankle_roll_sphere_4_link,world,left_ankle_roll_sphere_4_link,-0.00041160787401331705,0.00041160787401331705,foot-ground,True,False
34,pelvis_contour_link,right_hip_roll_link,pelvis_contour_link,right_hip_roll_link,-0.006992061081357526,0.006992061081357526,self-collision,False,False
34,right_rubber_hand_link,largebox,right_rubber_hand_link,largebox_link,-0.000983869248089811,0.000983869248089811,hand-box,True,False
34,left_shoulder_yaw_link,largebox,left_shoulder_yaw_link,largebox_link,-0.0010766575402526984,0.0010766575402526984,other-body-box,False,True
34,ground,right_ankle_roll_link,world,right_ankle_roll_link,-0.0010204633474582142,0.0010204633474582142,foot-ground,True,False
34,ground,right_ankle_roll_sphere_3_link,world,right_ankle_roll_sphere_3_link,-0.0003984954364629088,0.0003984954364629088,foot-ground,True,False
34,pelvis_contour_link,left_hip_roll_link,pelvis_contour_link,left_hip_roll_link,-0.0075781120043765665,0.0075781120043765665,self-collision,False,False
34,right_knee_link,right_ankle_roll_link,right_knee_link,right_ankle_roll_link,-0.03943796973289135,0.03943796973289135,self-collision,False,False
34,ground,left_ankle_roll_link,world,left_ankle_roll_link,-0.0010319869712856616,0.0010319869712856616,foot-ground,True,False
34,left_knee_link,left_ankle_roll_link,left_knee_link,left_ankle_roll_link,-0.04043060129281095,0.04043060129281095,self-collision,False,False
34,left_rubber_hand_link,largebox,left_rubber_hand_link,largebox_link,-0.0013183037319174917,0.0013183037319174917,hand-box,True,False
34,ground,left_ankle_roll_sphere_4_link,world,left_ankle_roll_sphere_4_link,-0.0005931161146404294,0.0005931161146404294,foot-ground,True,False
35,pelvis_contour_link,right_hip_roll_link,pelvis_contour_link,right_hip_roll_link,-0.008089748832443525,0.008089748832443525,self-collision,False,False
35,right_rubber_hand_link,largebox,right_rubber_hand_link,largebox_link,-0.0009082062273870345,0.0009082062273870345,hand-box,True,False
35,left_shoulder_yaw_link,largebox,left_shoulder_yaw_link,largebox_link,-0.0006488316592184462,0.0006488316592184462,other-body-box,False,True
35,ground,right_ankle_roll_link,world,right_ankle_roll_link,-0.0010232591528433616,0.0010232591528433616,foot-ground,True,False
35,ground,right_ankle_roll_sphere_3_link,world,right_ankle_roll_sphere_3_link,-0.00016865486966547837,0.00016865486966547837,foot-ground,True,False
35,pelvis_contour_link,left_hip_roll_link,pelvis_contour_link,left_hip_roll_link,-0.007302657249977654,0.007302657249977654,self-collision,False,False
35,right_knee_link,right_ankle_roll_link,right_knee_link,right_ankle_roll_link,-0.03891314362807419,0.03891314362807419,self-collision,False,False
35,ground,left_ankle_roll_link,world,left_ankle_roll_link,-0.0010722570440770546,0.0010722570440770546,foot-ground,True,False
35,left_knee_link,left_ankle_roll_link,left_knee_link,left_ankle_roll_link,-0.03971360086615308,0.03971360086615308,self-collision,False,False
35,left_rubber_hand_link,largebox,left_rubber_hand_link,largebox_link,-0.0003122371291612025,0.0003122371291612025,hand-box,True,False
35,ground,left_ankle_roll_sphere_4_link,world,left_ankle_roll_sphere_4_link,-0.0006005908193066024,0.0006005908193066024,foot-ground,True,False
36,pelvis_contour_link,right_hip_roll_link,pelvis_contour_link,right_hip_roll_link,-0.007579167375843049,0.007579167375843049,self-collision,False,False
36,right_rubber_hand_link,largebox,right_rubber_hand_link,largebox_link,-0.000929041009885806,0.000929041009885806,hand-box,True,False
36,left_shoulder_yaw_link,largebox,left_shoulder_yaw_link,largebox_link,-0.0007449714863846796,0.0007449714863846796,other-body-box,False,True
36,ground,right_ankle_roll_link,world,right_ankle_roll_link,-0.001009848895534328,0.001009848895534328,foot-ground,True,False
36,ground,right_ankle_roll_sphere_3_link,world,right_ankle_roll_sphere_3_link,-5.664543623498924e-05,5.664543623498924e-05,foot-ground,True,False
36,pelvis_contour_link,left_hip_roll_link,pelvis_contour_link,left_hip_roll_link,-0.008484075596408902,0.008484075596408902,self-collision,False,False
36,right_knee_link,right_ankle_roll_link,right_knee_link,right_ankle_roll_link,-0.037681100638439324,0.037681100638439324,self-collision,False,False
36,ground,left_ankle_roll_link,world,left_ankle_roll_link,-0.0011011948827161812,0.0011011948827161812,foot-ground,True,False
36,left_knee_link,left_ankle_roll_link,left_knee_link,left_ankle_roll_link,-0.03850335822685766,0.03850335822685766,self-collision,False,False
36,left_rubber_hand_link,largebox,left_rubber_hand_link,largebox_link,-0.0005173478073152854,0.0005173478073152854,hand-box,True,False
36,ground,left_ankle_roll_sphere_4_link,world,left_ankle_roll_sphere_4_link,-0.0006003444938038225,0.0006003444938038225,foot-ground,True,False
37,pelvis_contour_link,right_hip_roll_link,pelvis_contour_link,right_hip_roll_link,-0.00803142321376786,0.00803142321376786,self-collision,False,False
37,right_rubber_hand_link,largebox,right_rubber_hand_link,largebox_link,-0.0007237491578063193,0.0007237491578063193,hand-box,True,False
37,left_shoulder_yaw_link,largebox,left_shoulder_yaw_link,largebox_link,-0.0011385769550828206,0.0011385769550828206,other-body-box,False,True
37,ground,right_ankle_roll_link,world,right_ankle_roll_link,-0.0011685128447291755,0.0011685128447291755,foot-ground,True,False
37,ground,right_ankle_roll_sphere_3_link,world,right_ankle_roll_sphere_3_link,-0.00032449820004516305,0.00032449820004516305,foot-ground,True,False
37,pelvis_contour_link,left_hip_roll_link,pelvis_contour_link,left_hip_roll_link,-0.007084778025957458,0.007084778025957458,self-collision,False,False
37,right_knee_link,right_ankle_roll_link,right_knee_link,right_ankle_roll_link,-0.03631406216467298,0.03631406216467298,self-collision,False,False
37,ground,left_ankle_roll_link,world,left_ankle_roll_link,-0.0016346262221676733,0.0016346262221676733,foot-ground,True,False
37,left_knee_link,left_ankle_roll_link,left_knee_link,left_ankle_roll_link,-0.03735611350421261,0.03735611350421261,self-collision,False,False
37,left_rubber_hand_link,largebox,left_rubber_hand_link,largebox_link,-0.0011841954259112636,0.0011841954259112636,hand-box,True,False
37,ground,left_ankle_roll_sphere_4_link,world,left_ankle_roll_sphere_4_link,-0.0009902187027100466,0.0009902187027100466,foot-ground,True,False
38,pelvis_contour_link,right_hip_roll_link,pelvis_contour_link,right_hip_roll_link,-0.007228526814525238,0.007228526814525238,self-collision,False,False
38,right_rubber_hand_link,largebox,right_rubber_hand_link,largebox_link,-0.00023310347180056923,0.00023310347180056923,hand-box,True,False
38,left_shoulder_yaw_link,largebox,left_shoulder_yaw_link,largebox_link,-0.0008803057294562155,0.0008803057294562155,other-body-box,False,True
38,ground,right_ankle_roll_link,world,right_ankle_roll_link,-0.001882922225041897,0.001882922225041897,foot-ground,True,False
38,ground,right_ankle_roll_sphere_3_link,world,right_ankle_roll_sphere_3_link,-0.0009647847266066071,0.0009647847266066071,foot-ground,True,False
38,pelvis_contour_link,left_hip_roll_link,pelvis_contour_link,left_hip_roll_link,-0.007266114739942306,0.007266114739942306,self-collision,False,False
38,right_knee_link,right_ankle_roll_link,right_knee_link,right_ankle_roll_link,-0.03499948546558945,0.03499948546558945,self-collision,False,False
38,ground,left_ankle_roll_link,world,left_ankle_roll_link,-0.0010635513926110195,0.0010635513926110195,foot-ground,True,False
38,left_knee_link,left_ankle_roll_link,left_knee_link,left_ankle_roll_link,-0.0358953318075044,0.0358953318075044,self-collision,False,False
38,left_rubber_hand_link,largebox,left_rubber_hand_link,largebox_link,-0.0016474137412196138,0.0016474137412196138,hand-box,True,False
38,ground,left_ankle_roll_sphere_4_link,world,left_ankle_roll_sphere_4_link,-0.0005626836296566502,0.0005626836296566502,foot-ground,True,False
39,pelvis_contour_link,right_hip_roll_link,pelvis_contour_link,right_hip_roll_link,-0.007262984148811172,0.007262984148811172,self-collision,False,False
39,right_rubber_hand_link,largebox,right_rubber_hand_link,largebox_link,-0.0011111657839817934,0.0011111657839817934,hand-box,True,False
39,ground,right_ankle_roll_link,world,right_ankle_roll_link,-0.0018370412744851128,0.0018370412744851128,foot-ground,True,False
39,ground,right_ankle_roll_sphere_3_link,world,right_ankle_roll_sphere_3_link,-0.0009623539944786331,0.0009623539944786331,foot-ground,True,False
39,pelvis_contour_link,left_hip_roll_link,pelvis_contour_link,left_hip_roll_link,-0.008277579496066667,0.008277579496066667,self-collision,False,False
39,right_knee_link,right_ankle_roll_link,right_knee_link,right_ankle_roll_link,-0.03335448332019017,0.03335448332019017,self-collision,False,False
39,ground,left_ankle_roll_link,world,left_ankle_roll_link,-0.001017549420746909,0.001017549420746909,foot-ground,True,False
39,left_knee_link,left_ankle_roll_link,left_knee_link,left_ankle_roll_link,-0.03417535899830346,0.03417535899830346,self-collision,False,False
39,left_rubber_hand_link,largebox,left_rubber_hand_link,largebox_link,-0.0013802845455219426,0.0013802845455219426,hand-box,True,False
39,ground,left_ankle_roll_sphere_4_link,world,left_ankle_roll_sphere_4_link,-0.0005305755588302262,0.0005305755588302262,foot-ground,True,False
40,pelvis_contour_link,right_hip_roll_link,pelvis_contour_link,right_hip_roll_link,-0.007599458500222395,0.007599458500222395,self-collision,False,False
40,right_rubber_hand_link,largebox,right_rubber_hand_link,largebox_link,-0.0012719668361463182,0.0012719668361463182,hand-box,True,False
40,left_ankle_intermediate_1_link,left_ankle_roll_link,left_ankle_intermediate_1_link,left_ankle_roll_link,-0.002479103727689169,0.002479103727689169,self-collision,False,False
40,ground,right_ankle_roll_link,world,right_ankle_roll_link,-0.0017959298775392235,0.0017959298775392235,foot-ground,True,False
40,ground,right_ankle_roll_sphere_3_link,world,right_ankle_roll_sphere_3_link,-0.0009670537928202589,0.0009670537928202589,foot-ground,True,False
40,pelvis_contour_link,left_hip_roll_link,pelvis_contour_link,left_hip_roll_link,-0.006825297659507984,0.006825297659507984,self-collision,False,False
40,right_knee_link,right_ankle_roll_link,right_knee_link,right_ankle_roll_link,-0.03179926871928607,0.03179926871928607,self-collision,False,False
40,right_ankle_intermediate_1_link,right_ankle_roll_link,right_ankle_intermediate_1_link,right_ankle_roll_link,-0.0023249298918886913,0.0023249298918886913,self-collision,False,False
40,ground,left_ankle_roll_link,world,left_ankle_roll_link,-0.0010093843367257153,0.0010093843367257153,foot-ground,True,False
40,left_knee_link,left_ankle_roll_link,left_knee_link,left_ankle_roll_link,-0.0327900423087194,0.0327900423087194,self-collision,False,False
40,left_rubber_hand_link,largebox,left_rubber_hand_link,largebox_link,-0.0007978791834637178,0.0007978791834637178,hand-box,True,False
40,ground,left_ankle_roll_sphere_4_link,world,left_ankle_roll_sphere_4_link,-0.0005284663154801498,0.0005284663154801498,foot-ground,True,False
41,pelvis_contour_link,right_hip_roll_link,pelvis_contour_link,right_hip_roll_link,-0.0071005107797341566,0.0071005107797341566,self-collision,False,False
41,left_ankle_intermediate_1_link,left_ankle_roll_link,left_ankle_intermediate_1_link,left_ankle_roll_link,-0.002537303886914588,0.002537303886914588,self-collision,False,False
41,ground,right_ankle_roll_link,world,right_ankle_roll_link,-0.001722354794697855,0.001722354794697855,foot-ground,True,False
41,ground,right_ankle_roll_sphere_3_link,world,right_ankle_roll_sphere_3_link,-0.0009652949551096591,0.0009652949551096591,foot-ground,True,False
41,pelvis_contour_link,left_hip_roll_link,pelvis_contour_link,left_hip_roll_link,-0.006630163676775061,0.006630163676775061,self-collision,False,False
41,right_knee_link,right_ankle_roll_link,right_knee_link,right_ankle_roll_link,-0.03049227418142142,0.03049227418142142,self-collision,False,False
41,right_ankle_intermediate_1_link,right_ankle_roll_link,right_ankle_intermediate_1_link,right_ankle_roll_link,-0.0022251986080387143,0.0022251986080387143,self-collision,False,False
41,ground,left_ankle_roll_link,world,left_ankle_roll_link,-0.001076953782119073,0.001076953782119073,foot-ground,True,False
41,left_knee_link,left_ankle_roll_link,left_knee_link,left_ankle_roll_link,-0.03174310291887181,0.03174310291887181,self-collision,False,False
41,left_rubber_hand_link,largebox,left_rubber_hand_link,largebox_link,-0.0006242837128564854,0.0006242837128564854,hand-box,True,False
41,ground,left_ankle_roll_sphere_4_link,world,left_ankle_roll_sphere_4_link,-0.0005803187766974345,0.0005803187766974345,foot-ground,True,False
42,pelvis_contour_link,right_hip_roll_link,pelvis_contour_link,right_hip_roll_link,-0.00750165074613833,0.00750165074613833,self-collision,False,False
42,right_rubber_hand_link,largebox,right_rubber_hand_link,largebox_link,-0.0014186650884052548,0.0014186650884052548,hand-box,True,False
42,left_ankle_intermediate_1_link,left_ankle_roll_link,left_ankle_intermediate_1_link,left_ankle_roll_link,-0.002484503542809366,0.002484503542809366,self-collision,False,False
42,ground,right_ankle_roll_link,world,right_ankle_roll_link,-0.0015499088285685046,0.0015499088285685046,foot-ground,True,False
42,ground,right_ankle_roll_sphere_3_link,world,right_ankle_roll_sphere_3_link,-0.0008609995481977202,0.0008609995481977202,foot-ground,True,False
42,pelvis_contour_link,left_hip_roll_link,pelvis_contour_link,left_hip_roll_link,-0.0061173541887836885,0.0061173541887836885,self-collision,False,False
42,right_knee_link,right_ankle_roll_link,right_knee_link,right_ankle_roll_link,-0.029343460344863487,0.029343460344863487,self-collision,False,False
42,right_ankle_intermediate_1_link,right_ankle_roll_link,right_ankle_intermediate_1_link,right_ankle_roll_link,-0.002227184248082964,0.002227184248082964,self-collision,False,False
42,ground,left_ankle_roll_link,world,left_ankle_roll_link,-0.0010578220219271267,0.0010578220219271267,foot-ground,True,False
42,left_knee_link,left_ankle_roll_link,left_knee_link,left_ankle_roll_link,-0.03100046689004249,0.03100046689004249,self-collision,False,False
42,ground,left_ankle_roll_sphere_4_link,world,left_ankle_roll_sphere_4_link,-0.0005355970881150791,0.0005355970881150791,foot-ground,True,False
43,pelvis_contour_link,right_hip_roll_link,pelvis_contour_link,right_hip_roll_link,-0.006978809904389052,0.006978809904389052,self-collision,False,False
43,right_rubber_hand_link,largebox,right_rubber_hand_link,largebox_link,-0.0012303727603911047,0.0012303727603911047,hand-box,True,False
43,left_ankle_intermediate_1_link,left_ankle_roll_link,left_ankle_intermediate_1_link,left_ankle_roll_link,-0.0024174599493021753,0.0024174599493021753,self-collision,False,False
43,ground,right_ankle_roll_link,world,right_ankle_roll_link,-0.0018032640638467184,0.0018032640638467184,foot-ground,True,False
43,ground,right_ankle_roll_sphere_3_link,world,right_ankle_roll_sphere_3_link,-0.0008995353107177735,0.0008995353107177735,foot-ground,True,False
43,pelvis_contour_link,left_hip_roll_link,pelvis_contour_link,left_hip_roll_link,-0.006180998771010887,0.006180998771010887,self-collision,False,False
43,right_knee_link,right_ankle_roll_link,right_knee_link,right_ankle_roll_link,-0.02893739940456494,0.02893739940456494,self-collision,False,False
43,right_ankle_intermediate_1_link,right_ankle_roll_link,right_ankle_intermediate_1_link,right_ankle_roll_link,-0.0022270795479713557,0.0022270795479713557,self-collision,False,False
43,ground,left_ankle_roll_link,world,left_ankle_roll_link,-0.0014675113004086887,0.0014675113004086887,foot-ground,True,False
43,left_knee_link,left_ankle_roll_link,left_knee_link,left_ankle_roll_link,-0.030568280166374417,0.030568280166374417,self-collision,False,False
43,left_rubber_hand_link,largebox,left_rubber_hand_link,largebox_link,-0.003635661823419345,0.003635661823419345,hand-box,True,False
43,ground,right_ankle_roll_sphere_1_link,world,right_ankle_roll_sphere_1_link,-0.00017892923044676972,0.00017892923044676972,foot-ground,True,False
43,ground,left_ankle_roll_sphere_4_link,world,left_ankle_roll_sphere_4_link,-0.000902276170318443,0.000902276170318443,foot-ground,True,False
44,pelvis_contour_link,right_hip_roll_link,pelvis_contour_link,right_hip_roll_link,-0.005751542111296901,0.005751542111296901,self-collision,False,False
44,right_rubber_hand_link,largebox,right_rubber_hand_link,largebox_link,-0.0018802299082244234,0.0018802299082244234,hand-box,True,False
44,left_ankle_intermediate_1_link,left_ankle_roll_link,left_ankle_intermediate_1_link,left_ankle_roll_link,-0.0023622585743480196,0.0023622585743480196,self-collision,False,False
44,ground,right_ankle_roll_link,world,right_ankle_roll_link,-0.0017359129566867394,0.0017359129566867394,foot-ground,True,False
44,ground,right_ankle_roll_sphere_3_link,world,right_ankle_roll_sphere_3_link,-0.0009123910146442938,0.0009123910146442938,foot-ground,True,False
44,pelvis_contour_link,left_hip_roll_link,pelvis_contour_link,left_hip_roll_link,-0.004789013064857378,0.004789013064857378,self-collision,False,False
44,right_knee_link,right_ankle_roll_link,right_knee_link,right_ankle_roll_link,-0.028483113887037836,0.028483113887037836,self-collision,False,False
44,right_ankle_intermediate_1_link,right_ankle_roll_link,right_ankle_intermediate_1_link,right_ankle_roll_link,-0.0023307194370180417,0.0023307194370180417,self-collision,False,False
44,ground,left_ankle_roll_link,world,left_ankle_roll_link,-0.0014761905131968033,0.0014761905131968033,foot-ground,True,False
44,left_knee_link,left_ankle_roll_link,left_knee_link,left_ankle_roll_link,-0.030070857005855045,0.030070857005855045,self-collision,False,False
44,left_rubber_hand_link,largebox,left_rubber_hand_link,largebox_link,-0.0014646920977776645,0.0014646920977776645,hand-box,True,False
44,ground,right_ankle_roll_sphere_1_link,world,right_ankle_roll_sphere_1_link,-0.00022158069443766176,0.00022158069443766176,foot-ground,True,False
44,ground,left_ankle_roll_sphere_4_link,world,left_ankle_roll_sphere_4_link,-0.000916868486740728,0.000916868486740728,foot-ground,True,False
45,pelvis_contour_link,right_hip_roll_link,pelvis_contour_link,right_hip_roll_link,-0.00381441608694201,0.00381441608694201,self-collision,False,False
45,right_rubber_hand_link,largebox,right_rubber_hand_link,largebox_link,-0.0013593973836878298,0.0013593973836878298,hand-box,True,False
45,left_ankle_intermediate_1_link,left_ankle_roll_link,left_ankle_intermediate_1_link,left_ankle_roll_link,-0.0021854521376268587,0.0021854521376268587,self-collision,False,False
45,ground,right_ankle_roll_link,world,right_ankle_roll_link,-0.0015719674268040613,0.0015719674268040613,foot-ground,True,False
45,ground,right_ankle_roll_sphere_3_link,world,right_ankle_roll_sphere_3_link,-0.0008692039153349552,0.0008692039153349552,foot-ground,True,False
45,pelvis_contour_link,left_hip_roll_link,pelvis_contour_link,left_hip_roll_link,-0.003943914831036302,0.003943914831036302,self-collision,False,False
45,right_knee_link,right_ankle_roll_link,right_knee_link,right_ankle_roll_link,-0.028295863942775917,0.028295863942775917,self-collision,False,False
45,right_ankle_intermediate_1_link,right_ankle_roll_link,right_ankle_intermediate_1_link,right_ankle_roll_link,-0.0022686370098972397,0.0022686370098972397,self-collision,False,False
45,ground,left_ankle_roll_link,world,left_ankle_roll_link,-0.0012872812327366437,0.0012872812327366437,foot-ground,True,False
45,left_knee_link,left_ankle_roll_link,left_knee_link,left_ankle_roll_link,-0.02940863879771588,0.02940863879771588,self-collision,False,False
45,left_rubber_hand_link,largebox,left_rubber_hand_link,largebox_link,-0.0018582499307253642,0.0018582499307253642,hand-box,True,False
45,ground,right_ankle_roll_sphere_1_link,world,right_ankle_roll_sphere_1_link,-0.00023856768974881825,0.00023856768974881825,foot-ground,True,False
45,ground,left_ankle_roll_sphere_4_link,world,left_ankle_roll_sphere_4_link,-0.0008465268144602868,0.0008465268144602868,foot-ground,True,False
46,pelvis_contour_link,right_hip_roll_link,pelvis_contour_link,right_hip_roll_link,-0.0025425008306517866,0.0025425008306517866,self-collision,False,False
46,right_rubber_hand_link,largebox,right_rubber_hand_link,largebox_link,-0.0011560655668192699,0.0011560655668192699,hand-box,True,False
46,left_ankle_intermediate_1_link,left_ankle_roll_link,left_ankle_intermediate_1_link,left_ankle_roll_link,-0.0021598234823078655,0.0021598234823078655,self-collision,False,False
46,ground,right_ankle_roll_link,world,right_ankle_roll_link,-0.001409852110277332,0.001409852110277332,foot-ground,True,False
46,ground,right_ankle_roll_sphere_3_link,world,right_ankle_roll_sphere_3_link,-0.00091532446174421,0.00091532446174421,foot-ground,True,False
46,pelvis_contour_link,left_hip_roll_link,pelvis_contour_link,left_hip_roll_link,-0.0012268066055991511,0.0012268066055991511,self-collision,False,False
46,ground,right_ankle_roll_sphere_5_link,world,right_ankle_roll_sphere_5_link,-0.00019920755582464571,0.00019920755582464571,foot-ground,True,False
46,right_knee_link,right_ankle_roll_link,right_knee_link,right_ankle_roll_link,-0.028803304314495876,0.028803304314495876,self-collision,False,False
46,right_ankle_intermediate_1_link,right_ankle_roll_link,right_ankle_intermediate_1_link,right_ankle_roll_link,-0.0021489688121736766,0.0021489688121736766,self-collision,False,False
46,ground,left_ankle_roll_link,world,left_ankle_roll_link,-0.001497162474389857,0.001497162474389857,foot-ground,True,False
46,left_knee_link,left_ankle_roll_link,left_knee_link,left_ankle_roll_link,-0.030060303565874608,0.030060303565874608,self-collision,False,False
46,left_rubber_hand_link,largebox,left_rubber_hand_link,largebox_link,-0.00202915466057374,0.00202915466057374,hand-box,True,False
46,ground,right_ankle_roll_sphere_1_link,world,right_ankle_roll_sphere_1_link,-0.00045965672744636196,0.00045965672744636196,foot-ground,True,False
46,ground,left_ankle_roll_sphere_4_link,world,left_ankle_roll_sphere_4_link,-0.0009216941004205502,0.0009216941004205502,foot-ground,True,False
47,ground,right_ankle_roll_sphere_2_link,world,right_ankle_roll_sphere_2_link,-0.00037095999604730683,0.00037095999604730683,foot-ground,True,False
47,pelvis_contour_link,right_hip_roll_link,pelvis_contour_link,right_hip_roll_link,-0.00042339864996027154,0.00042339864996027154,self-collision,False,False
47,right_rubber_hand_link,largebox,right_rubber_hand_link,largebox_link,-0.0007176376843419374,0.0007176376843419374,hand-box,True,False
47,left_ankle_intermediate_1_link,left_ankle_roll_link,left_ankle_intermediate_1_link,left_ankle_roll_link,-0.0021996789021929974,0.0021996789021929974,self-collision,False,False
47,ground,right_ankle_roll_link,world,right_ankle_roll_link,-0.001460224818756916,0.001460224818756916,foot-ground,True,False
47,ground,right_ankle_roll_sphere_3_link,world,right_ankle_roll_sphere_3_link,-0.0009606245223520394,0.0009606245223520394,foot-ground,True,False
47,ground,right_ankle_roll_sphere_4_link,world,right_ankle_roll_sphere_4_link,-0.0002551393135941686,0.0002551393135941686,foot-ground,True,False
47,ground,right_ankle_roll_sphere_5_link,world,right_ankle_roll_sphere_5_link,-0.0006011724769860475,0.0006011724769860475,foot-ground,True,False
47,right_knee_link,right_ankle_roll_link,right_knee_link,right_ankle_roll_link,-0.029755879532347068,0.029755879532347068,self-collision,False,False
47,right_ankle_intermediate_1_link,right_ankle_roll_link,right_ankle_intermediate_1_link,right_ankle_roll_link,-0.002119294156948684,0.002119294156948684,self-collision,False,False
47,ground,left_ankle_roll_link,world,left_ankle_roll_link,-0.0015658580626052472,0.0015658580626052472,foot-ground,True,False
47,left_knee_link,left_ankle_roll_link,left_knee_link,left_ankle_roll_link,-0.030661491266976232,0.030661491266976232,self-collision,False,False
47,left_rubber_hand_link,largebox,left_rubber_hand_link,largebox_link,-0.0014250063028169863,0.0014250063028169863,hand-box,True,False
47,ground,right_ankle_roll_sphere_1_link,world,right_ankle_roll_sphere_1_link,-0.0009588643366788612,0.0009588643366788612,foot-ground,True,False
47,ground,left_ankle_roll_sphere_4_link,world,left_ankle_roll_sphere_4_link,-0.0009536232149308958,0.0009536232149308958,foot-ground,True,False
48,ground,right_ankle_roll_sphere_2_link,world,right_ankle_roll_sphere_2_link,-0.0006706182941033636,0.0006706182941033636,foot-ground,True,False
48,right_rubber_hand_link,largebox,right_rubber_hand_link,largebox_link,-0.00068280651320414,0.00068280651320414,hand-box,True,False
48,left_ankle_intermediate_1_link,left_ankle_roll_link,left_ankle_intermediate_1_link,left_ankle_roll_link,-0.0021147559718082964,0.0021147559718082964,self-collision,False,False
48,left_shoulder_yaw_link,largebox,left_shoulder_yaw_link,largebox_link,-0.0004061381052503088,0.0004061381052503088,other-body-box,False,True
48,torso_link,largebox,torso_link,largebox_link,-0.000606049214867857,0.000606049214867857,other-body-box,False,True
48,ground,right_ankle_roll_link,world,right_ankle_roll_link,-0.00142750503853796,0.00142750503853796,foot-ground,True,False
48,ground,right_ankle_roll_sphere_3_link,world,right_ankle_roll_sphere_3_link,-0.0009764936317575084,0.0009764936317575084,foot-ground,True,False
48,ground,right_ankle_roll_sphere_4_link,world,right_ankle_roll_sphere_4_link,-0.0006111727535912546,0.0006111727535912546,foot-ground,True,False
48,ground,right_ankle_roll_sphere_5_link,world,right_ankle_roll_sphere_5_link,-0.0007904211769098812,0.0007904211769098812,foot-ground,True,False
48,right_knee_link,right_ankle_roll_link,right_knee_link,right_ankle_roll_link,-0.031008995698112746,0.031008995698112746,self-collision,False,False
48,right_ankle_intermediate_1_link,right_ankle_roll_link,right_ankle_intermediate_1_link,right_ankle_roll_link,-0.0021039712290418094,0.0021039712290418094,self-collision,False,False
48,ground,left_ankle_roll_link,world,left_ankle_roll_link,-0.0014912239590744447,0.0014912239590744447,foot-ground,True,False
48,left_knee_link,left_ankle_roll_link,left_knee_link,left_ankle_roll_link,-0.031209827216137687,0.031209827216137687,self-collision,False,False
48,left_rubber_hand_link,largebox,left_rubber_hand_link,largebox_link,-0.0013112695191631746,0.0013112695191631746,hand-box,True,False
48,ground,right_ankle_roll_sphere_1_link,world,right_ankle_roll_sphere_1_link,-0.0009750523592419102,0.0009750523592419102,foot-ground,True,False
48,ground,left_ankle_roll_sphere_4_link,world,left_ankle_roll_sphere_4_link,-0.0009748276805161297,0.0009748276805161297,foot-ground,True,False
49,ground,right_ankle_roll_sphere_2_link,world,right_ankle_roll_sphere_2_link,-0.0006664482235023165,0.0006664482235023165,foot-ground,True,False
49,right_rubber_hand_link,largebox,right_rubber_hand_link,largebox_link,-0.001511126475050334,0.001511126475050334,hand-box,True,False
49,left_ankle_intermediate_1_link,left_ankle_roll_link,left_ankle_intermediate_1_link,left_ankle_roll_link,-0.0019234445789602511,0.0019234445789602511,self-collision,False,False
49,left_shoulder_yaw_link,largebox,left_shoulder_yaw_link,largebox_link,-0.0009380557721911098,0.0009380557721911098,other-body-box,False,True
49,torso_link,largebox,torso_link,largebox_link,-0.0006143670830991849,0.0006143670830991849,other-body-box,False,True
49,ground,right_ankle_roll_link,world,right_ankle_roll_link,-0.0014279580873567295,0.0014279580873567295,foot-ground,True,False
49,ground,right_ankle_roll_sphere_3_link,world,right_ankle_roll_sphere_3_link,-0.0009760810698847154,0.0009760810698847154,foot-ground,True,False
49,ground,right_ankle_roll_sphere_4_link,world,right_ankle_roll_sphere_4_link,-0.0006058156045221355,0.0006058156045221355,foot-ground,True,False
49,ground,right_ankle_roll_sphere_5_link,world,right_ankle_roll_sphere_5_link,-0.0007874451414936262,0.0007874451414936262,foot-ground,True,False
49,right_knee_link,right_ankle_roll_link,right_knee_link,right_ankle_roll_link,-0.032013061147326854,0.032013061147326854,self-collision,False,False
49,right_ankle_intermediate_1_link,right_ankle_roll_link,right_ankle_intermediate_1_link,right_ankle_roll_link,-0.0020234443672597913,0.0020234443672597913,self-collision,False,False
49,ground,left_ankle_roll_link,world,left_ankle_roll_link,-0.001035808410727146,0.001035808410727146,foot-ground,True,False
49,left_knee_link,left_ankle_roll_link,left_knee_link,left_ankle_roll_link,-0.03225375981395501,0.03225375981395501,self-collision,False,False
49,left_rubber_hand_link,largebox,left_rubber_hand_link,largebox_link,-0.0012606494548031283,0.0012606494548031283,hand-box,True,False
49,ground,right_ankle_roll_sphere_1_link,world,right_ankle_roll_sphere_1_link,-0.0009750027779711337,0.0009750027779711337,foot-ground,True,False
49,ground,left_ankle_roll_sphere_4_link,world,left_ankle_roll_sphere_4_link,-0.0004700174120056298,0.0004700174120056298,foot-ground,True,False
50,ground,right_ankle_roll_sphere_2_link,world,right_ankle_roll_sphere_2_link,-0.0006671168223402876,0.0006671168223402876,foot-ground,True,False
50,right_rubber_hand_link,largebox,right_rubber_hand_link,largebox_link,-0.000872332317440605,0.000872332317440605,hand-box,True,False
50,left_shoulder_yaw_link,largebox,left_shoulder_yaw_link,largebox_link,-0.0011407058003605336,0.0011407058003605336,other-body-box,False,True
50,ground,right_ankle_roll_link,world,right_ankle_roll_link,-0.001424197529681124,0.001424197529681124,foot-ground,True,False
50,ground,right_ankle_roll_sphere_3_link,world,right_ankle_roll_sphere_3_link,-0.0009729178520060241,0.0009729178520060241,foot-ground,True,False
50,ground,right_ankle_roll_sphere_4_link,world,right_ankle_roll_sphere_4_link,-0.0006071260851863531,0.0006071260851863531,foot-ground,True,False
50,ground,right_ankle_roll_sphere_5_link,world,right_ankle_roll_sphere_5_link,-0.0007865504286057234,0.0007865504286057234,foot-ground,True,False
50,right_knee_link,right_ankle_roll_link,right_knee_link,right_ankle_roll_link,-0.03258030145961227,0.03258030145961227,self-collision,False,False
50,right_ankle_intermediate_1_link,right_ankle_roll_link,right_ankle_intermediate_1_link,right_ankle_roll_link,-0.0020564607912584576,0.0020564607912584576,self-collision,False,False
50,ground,left_ankle_roll_link,world,left_ankle_roll_link,-0.0009879845174329514,0.0009879845174329514,foot-ground,True,False
50,left_knee_link,left_ankle_roll_link,left_knee_link,left_ankle_roll_link,-0.032911508746826856,0.032911508746826856,self-collision,False,False
50,left_rubber_hand_link,largebox,left_rubber_hand_link,largebox_link,-0.0009468027208849178,0.0009468027208849178,hand-box,True,False
50,ground,right_ankle_roll_sphere_1_link,world,right_ankle_roll_sphere_1_link,-0.000971943294690014,0.000971943294690014,foot-ground,True,False
50,ground,left_ankle_roll_sphere_4_link,world,left_ankle_roll_sphere_4_link,-0.0003647785042302258,0.0003647785042302258,foot-ground,True,False
51,ground,right_ankle_roll_sphere_2_link,world,right_ankle_roll_sphere_2_link,-0.0006666081698713374,0.0006666081698713374,foot-ground,True,False
51,right_rubber_hand_link,largebox,right_rubber_hand_link,largebox_link,-0.0011027951546354053,0.0011027951546354053,hand-box,True,False
51,left_shoulder_yaw_link,largebox,left_shoulder_yaw_link,largebox_link,-0.0010376721994569127,0.0010376721994569127,other-body-box,False,True
51,torso_link,largebox,torso_link,largebox_link,-0.00024861042004011014,0.00024861042004011014,other-body-box,False,True
51,ground,right_ankle_roll_link,world,right_ankle_roll_link,-0.0014299628492424193,0.0014299628492424193,foot-ground,True,False
51,ground,right_ankle_roll_sphere_3_link,world,right_ankle_roll_sphere_3_link,-0.0009768614874376023,0.0009768614874376023,foot-ground,True,False
51,ground,right_ankle_roll_sphere_4_link,world,right_ankle_roll_sphere_4_link,-0.0006036246476499888,0.0006036246476499888,foot-ground,True,False
51,ground,right_ankle_roll_sphere_5_link,world,right_ankle_roll_sphere_5_link,-0.000786492426103908,0.000786492426103908,foot-ground,True,False
51,right_knee_link,right_ankle_roll_link,right_knee_link,right_ankle_roll_link,-0.03296362439070963,0.03296362439070963,self-collision,False,False
51,ground,left_ankle_roll_link,world,left_ankle_roll_link,-0.0009860916966532504,0.0009860916966532504,foot-ground,True,False
51,left_knee_link,left_ankle_roll_link,left_knee_link,left_ankle_roll_link,-0.03417166095488253,0.03417166095488253,self-collision,False,False
51,ground,right_ankle_roll_sphere_1_link,world,right_ankle_roll_sphere_1_link,-0.0009776388696943498,0.0009776388696943498,foot-ground,True,False
51,ground,left_ankle_roll_sphere_4_link,world,left_ankle_roll_sphere_4_link,-0.0002913383144189539,0.0002913383144189539,foot-ground,True,False
52,ground,right_ankle_roll_sphere_2_link,world,right_ankle_roll_sphere_2_link,-0.0006760850190191776,0.0006760850190191776,foot-ground,True,False
52,right_rubber_hand_link,largebox,right_rubber_hand_link,largebox_link,-0.0011232875780329277,0.0011232875780329277,hand-box,True,False
52,left_shoulder_yaw_link,largebox,left_shoulder_yaw_link,largebox_link,-0.0010399231768018768,0.0010399231768018768,other-body-box,False,True
52,torso_link,largebox,torso_link,largebox_link,-0.0008856491760119156,0.0008856491760119156,other-body-box,False,True
52,ground,right_ankle_roll_link,world,right_ankle_roll_link,-0.0014388687641266433,0.0014388687641266433,foot-ground,True,False
52,ground,right_ankle_roll_sphere_3_link,world,right_ankle_roll_sphere_3_link,-0.0009862049554075448,0.0009862049554075448,foot-ground,True,False
52,ground,right_ankle_roll_sphere_4_link,world,right_ankle_roll_sphere_4_link,-0.00061395430492056,0.00061395430492056,foot-ground,True,False
52,ground,right_ankle_roll_sphere_5_link,world,right_ankle_roll_sphere_5_link,-0.0007964196505689898,0.0007964196505689898,foot-ground,True,False
52,right_knee_link,right_ankle_roll_link,right_knee_link,right_ankle_roll_link,-0.03384442009601471,0.03384442009601471,self-collision,False,False
52,ground,left_ankle_roll_link,world,left_ankle_roll_link,-0.0010785904259075982,0.0010785904259075982,foot-ground,True,False
52,left_knee_link,left_ankle_roll_link,left_knee_link,left_ankle_roll_link,-0.034299608999015935,0.034299608999015935,self-collision,False,False
52,ground,right_ankle_roll_sphere_1_link,world,right_ankle_roll_sphere_1_link,-0.0009862938944249977,0.0009862938944249977,foot-ground,True,False
53,ground,right_ankle_roll_sphere_2_link,world,right_ankle_roll_sphere_2_link,-0.0009975995884374663,0.0009975995884374663,foot-ground,True,False
53,right_rubber_hand_link,largebox,right_rubber_hand_link,largebox_link,-0.0009868336616941503,0.0009868336616941503,hand-box,True,False
53,left_shoulder_yaw_link,largebox,left_shoulder_yaw_link,largebox_link,-0.0009573992455454844,0.0009573992455454844,other-body-box,False,True
53,torso_link,largebox,torso_link,largebox_link,-0.000999216959244681,0.000999216959244681,other-body-box,False,True
53,ground,right_ankle_roll_link,world,right_ankle_roll_link,-0.0014506579329766935,0.0014506579329766935,foot-ground,True,False
53,ground,right_ankle_roll_sphere_3_link,world,right_ankle_roll_sphere_3_link,-0.0006251594825856339,0.0006251594825856339,foot-ground,True,False
53,ground,right_ankle_roll_sphere_4_link,world,right_ankle_roll_sphere_4_link,-0.0009975961186778652,0.0009975961186778652,foot-ground,True,False
53,ground,right_ankle_roll_sphere_5_link,world,right_ankle_roll_sphere_5_link,-0.0008077260528552071,0.0008077260528552071,foot-ground,True,False
53,right_knee_link,right_ankle_roll_link,right_knee_link,right_ankle_roll_link,-0.034285630709430054,0.034285630709430054,self-collision,False,False
53,left_wrist_pitch_link,largebox,left_wrist_pitch_link,largebox_link,-0.0012393099146739556,0.0012393099146739556,other-body-box,False,True
53,ground,left_ankle_roll_link,world,left_ankle_roll_link,-0.0009999983797649506,0.0009999983797649506,foot-ground,True,False
53,left_knee_link,left_ankle_roll_link,left_knee_link,left_ankle_roll_link,-0.03479091032482101,0.03479091032482101,self-collision,False,False
53,left_rubber_hand_link,largebox,left_rubber_hand_link,largebox_link,-0.000770607851791269,0.000770607851791269,hand-box,True,False
53,ground,right_ankle_roll_sphere_1_link,world,right_ankle_roll_sphere_1_link,-0.0006872357250272748,0.0006872357250272748,foot-ground,True,False
53,ground,left_ankle_roll_sphere_4_link,world,left_ankle_roll_sphere_4_link,-0.0002704666161576731,0.0002704666161576731,foot-ground,True,False
54,ground,right_ankle_roll_sphere_2_link,world,right_ankle_roll_sphere_2_link,-0.0009901426122620903,0.0009901426122620903,foot-ground,True,False
54,right_rubber_hand_link,largebox,right_rubber_hand_link,largebox_link,-0.001100974126000867,0.001100974126000867,hand-box,True,False
54,left_shoulder_yaw_link,largebox,left_shoulder_yaw_link,largebox_link,-0.0008759096242782066,0.0008759096242782066,other-body-box,False,True
54,torso_link,largebox,torso_link,largebox_link,-0.0010207190634402147,0.0010207190634402147,other-body-box,False,True
54,ground,right_ankle_roll_link,world,right_ankle_roll_link,-0.0014428560425894556,0.0014428560425894556,foot-ground,True,False
54,ground,right_ankle_roll_sphere_3_link,world,right_ankle_roll_sphere_3_link,-0.0006178959179059347,0.0006178959179059347,foot-ground,True,False
54,ground,right_ankle_roll_sphere_4_link,world,right_ankle_roll_sphere_4_link,-0.0009896960809120765,0.0009896960809120765,foot-ground,True,False
54,ground,right_ankle_roll_sphere_5_link,world,right_ankle_roll_sphere_5_link,-0.0008000983666716878,0.0008000983666716878,foot-ground,True,False
54,right_knee_link,right_ankle_roll_link,right_knee_link,right_ankle_roll_link,-0.03463111754053011,0.03463111754053011,self-collision,False,False
54,ground,left_ankle_roll_link,world,left_ankle_roll_link,-0.0010135886617661238,0.0010135886617661238,foot-ground,True,False
54,left_knee_link,left_ankle_roll_link,left_knee_link,left_ankle_roll_link,-0.03535835037542501,0.03535835037542501,self-collision,False,False
54,left_rubber_hand_link,largebox,left_rubber_hand_link,largebox_link,-0.0016834760517561581,0.0016834760517561581,hand-box,True,False
54,ground,right_ankle_roll_sphere_1_link,world,right_ankle_roll_sphere_1_link,-0.0006803091430903066,0.0006803091430903066,foot-ground,True,False
54,ground,left_ankle_roll_sphere_4_link,world,left_ankle_roll_sphere_4_link,-0.0003479004038610843,0.0003479004038610843,foot-ground,True,False
55,ground,right_ankle_roll_sphere_2_link,world,right_ankle_roll_sphere_2_link,-0.0009926995628104602,0.0009926995628104602,foot-ground,True,False
55,right_rubber_hand_link,largebox,right_rubber_hand_link,largebox_link,-0.0010289681741603718,0.0010289681741603718,hand-box,True,False
55,torso_link,largebox,torso_link,largebox_link,-0.0009944304076377891,0.0009944304076377891,other-body-box,False,True
55,ground,right_ankle_roll_link,world,right_ankle_roll_link,-0.0014430314728902417,0.0014430314728902417,foot-ground,True,False
55,ground,right_ankle_roll_sphere_3_link,world,right_ankle_roll_sphere_3_link,-0.0006194279324179463,0.0006194279324179463,foot-ground,True,False
55,ground,right_ankle_roll_sphere_4_link,world,right_ankle_roll_sphere_4_link,-0.0009887147842721376,0.0009887147842721376,foot-ground,True,False
55,ground,right_ankle_roll_sphere_5_link,world,right_ankle_roll_sphere_5_link,-0.0007999821015380422,0.0007999821015380422,foot-ground,True,False
55,right_knee_link,right_ankle_roll_link,right_knee_link,right_ankle_roll_link,-0.035131762656079424,0.035131762656079424,self-collision,False,False
55,ground,left_ankle_roll_link,world,left_ankle_roll_link,-0.00100000782614771,0.00100000782614771,foot-ground,True,False
55,left_knee_link,left_ankle_roll_link,left_knee_link,left_ankle_roll_link,-0.03560587328492812,0.03560587328492812,self-collision,False,False
55,left_rubber_hand_link,largebox,left_rubber_hand_link,largebox_link,-0.0017019164219848754,0.0017019164219848754,hand-box,True,False
55,ground,right_ankle_roll_sphere_1_link,world,right_ankle_roll_sphere_1_link,-0.0006849605195986324,0.0006849605195986324,foot-ground,True,False
56,ground,right_ankle_roll_sphere_2_link,world,right_ankle_roll_sphere_2_link,-0.0009924377444190694,0.0009924377444190694,foot-ground,True,False
56,right_rubber_hand_link,largebox,right_rubber_hand_link,largebox_link,-0.0009989632782816393,0.0009989632782816393,hand-box,True,False
56,torso_link,largebox,torso_link,largebox_link,-0.0010709734892708767,0.0010709734892708767,other-body-box,False,True
56,ground,right_ankle_roll_link,world,right_ankle_roll_link,-0.0014443608778480742,0.0014443608778480742,foot-ground,True,False
56,ground,right_ankle_roll_sphere_3_link,world,right_ankle_roll_sphere_3_link,-0.000620109058513253,0.000620109058513253,foot-ground,True,False
56,ground,right_ankle_roll_sphere_4_link,world,right_ankle_roll_sphere_4_link,-0.000990869449900871,0.000990869449900871,foot-ground,True,False
56,ground,right_ankle_roll_sphere_5_link,world,right_ankle_roll_sphere_5_link,-0.0008016698431717066,0.0008016698431717066,foot-ground,True,False
56,right_knee_link,right_ankle_roll_link,right_knee_link,right_ankle_roll_link,-0.03558954837519698,0.03558954837519698,self-collision,False,False
56,left_wrist_pitch_link,largebox,left_wrist_pitch_link,largebox_link,-0.0009947530657165304,0.0009947530657165304,other-body-box,False,True
56,ground,left_ankle_roll_link,world,left_ankle_roll_link,-0.0013147447741977195,0.0013147447741977195,foot-ground,True,False
56,left_knee_link,left_ankle_roll_link,left_knee_link,left_ankle_roll_link,-0.03501738163095569,0.03501738163095569,self-collision,False,False
56,left_rubber_hand_link,largebox,left_rubber_hand_link,largebox_link,-0.0009930539054663207,0.0009930539054663207,hand-box,True,False
56,ground,right_ankle_roll_sphere_1_link,world,right_ankle_roll_sphere_1_link,-0.0006834707515960539,0.0006834707515960539,foot-ground,True,False
57,ground,right_ankle_roll_sphere_2_link,world,right_ankle_roll_sphere_2_link,-0.000993081470939859,0.000993081470939859,foot-ground,True,False
57,right_rubber_hand_link,largebox,right_rubber_hand_link,largebox_link,-0.001007792792561621,0.001007792792561621,hand-box,True,False
57,left_ankle_intermediate_1_link,left_ankle_roll_link,left_ankle_intermediate_1_link,left_ankle_roll_link,-0.0030175147614006914,0.0030175147614006914,self-collision,False,False
57,torso_link,largebox,torso_link,largebox_link,-0.000953577954406315,0.000953577954406315,other-body-box,False,True
57,ground,right_ankle_roll_link,world,right_ankle_roll_link,-0.0014450012158357395,0.0014450012158357395,foot-ground,True,False
57,ground,right_ankle_roll_sphere_3_link,world,right_ankle_roll_sphere_3_link,-0.0006211901193835618,0.0006211901193835618,foot-ground,True,False
57,ground,right_ankle_roll_sphere_4_link,world,right_ankle_roll_sphere_4_link,-0.0009915972002328645,0.0009915972002328645,foot-ground,True,False
57,ground,right_ankle_roll_sphere_5_link,world,right_ankle_roll_sphere_5_link,-0.0008025875977559277,0.0008025875977559277,foot-ground,True,False
57,right_knee_link,right_ankle_roll_link,right_knee_link,right_ankle_roll_link,-0.03613165757734768,0.03613165757734768,self-collision,False,False
57,ground,left_ankle_roll_link,world,left_ankle_roll_link,-0.002647007424406038,0.002647007424406038,foot-ground,True,False
57,left_knee_link,left_ankle_roll_link,left_knee_link,left_ankle_roll_link,-0.03323736164903826,0.03323736164903826,self-collision,False,False
57,left_rubber_hand_link,largebox,left_rubber_hand_link,largebox_link,-0.0018059383383479677,0.0018059383383479677,hand-box,True,False
57,left_wrist_yaw_link,largebox,left_wrist_yaw_link,largebox_link,-0.0006232727203611677,0.0006232727203611677,other-body-box,False,True
57,ground,right_ankle_roll_sphere_1_link,world,right_ankle_roll_sphere_1_link,-0.0006844089035654413,0.0006844089035654413,foot-ground,True,False
57,ground,left_ankle_roll_sphere_4_link,world,left_ankle_roll_sphere_4_link,-0.0009843636175778893,0.0009843636175778893,foot-ground,True,False
58,ground,right_ankle_roll_sphere_2_link,world,right_ankle_roll_sphere_2_link,-0.0009920126764712397,0.0009920126764712397,foot-ground,True,False
58,right_rubber_hand_link,largebox,right_rubber_hand_link,largebox_link,-0.0013201826000478756,0.0013201826000478756,hand-box,True,False
58,left_ankle_intermediate_1_link,left_ankle_roll_link,left_ankle_intermediate_1_link,left_ankle_roll_link,-0.003010954973926769,0.003010954973926769,self-collision,False,False
58,torso_link,largebox,torso_link,largebox_link,-0.0009977807371238795,0.0009977807371238795,other-body-box,False,True
58,ground,right_ankle_roll_link,world,right_ankle_roll_link,-0.00144565658572475,0.00144565658572475,foot-ground,True,False
58,ground,right_ankle_roll_sphere_3_link,world,right_ankle_roll_sphere_3_link,-0.0006225450163522576,0.0006225450163522576,foot-ground,True,False
58,ground,left_ankle_roll_sphere_2_link,world,left_ankle_roll_sphere_2_link,-0.00019508375184635728,0.00019508375184635728,foot-ground,True,False
58,ground,right_ankle_roll_sphere_4_link,world,right_ankle_roll_sphere_4_link,-0.0009934313281267293,0.0009934313281267293,foot-ground,True,False
58,ground,right_ankle_roll_sphere_5_link,world,right_ankle_roll_sphere_5_link,-0.0008045189321227433,0.0008045189321227433,foot-ground,True,False
58,right_knee_link,right_ankle_roll_link,right_knee_link,right_ankle_roll_link,-0.03688665336418337,0.03688665336418337,self-collision,False,False
58,ground,left_ankle_roll_link,world,left_ankle_roll_link,-0.002030656587740303,0.002030656587740303,foot-ground,True,False
58,left_knee_link,left_ankle_roll_link,left_knee_link,left_ankle_roll_link,-0.03038557722564067,0.03038557722564067,self-collision,False,False
58,left_rubber_hand_link,largebox,left_rubber_hand_link,largebox_link,-0.0008719312754226216,0.0008719312754226216,hand-box,True,False
58,ground,right_ankle_roll_sphere_1_link,world,right_ankle_roll_sphere_1_link,-0.0006829407499925116,0.0006829407499925116,foot-ground,True,False
58,ground,left_ankle_roll_sphere_4_link,world,left_ankle_roll_sphere_4_link,-0.0009814974367161984,0.0009814974367161984,foot-ground,True,False
59,ground,right_ankle_roll_sphere_2_link,world,right_ankle_roll_sphere_2_link,-0.000991799056122701,0.000991799056122701,foot-ground,True,False
59,right_rubber_hand_link,largebox,right_rubber_hand_link,largebox_link,-0.0013153045327513463,0.0013153045327513463,hand-box,True,False
59,ground,left_ankle_roll_sphere_5_link,world,left_ankle_roll_sphere_5_link,-0.0008863543436896963,0.0008863543436896963,foot-ground,True,False
59,left_ankle_intermediate_1_link,left_ankle_roll_link,left_ankle_intermediate_1_link,left_ankle_roll_link,-0.0029666621588238518,0.0029666621588238518,self-collision,False,False
59,torso_link,largebox,torso_link,largebox_link,-0.000930146559513817,0.000930146559513817,other-body-box,False,True
59,ground,right_ankle_roll_link,world,right_ankle_roll_link,-0.0014454116889476253,0.0014454116889476253,foot-ground,True,False
59,ground,left_ankle_roll_sphere_1_link,world,left_ankle_roll_sphere_1_link,-0.0002828033552420622,0.0002828033552420622,foot-ground,True,False
59,ground,right_ankle_roll_sphere_3_link,world,right_ankle_roll_sphere_3_link,-0.0006223996017035533,0.0006223996017035533,foot-ground,True,False
59,ground,left_ankle_roll_sphere_2_link,world,left_ankle_roll_sphere_2_link,-0.0005302606846804307,0.0005302606846804307,foot-ground,True,False
59,ground,right_ankle_roll_sphere_4_link,world,right_ankle_roll_sphere_4_link,-0.0009931878151288,0.0009931878151288,foot-ground,True,False
59,ground,right_ankle_roll_sphere_5_link,world,right_ankle_roll_sphere_5_link,-0.0008043219132656673,0.0008043219132656673,foot-ground,True,False
59,right_knee_link,right_ankle_roll_link,right_knee_link,right_ankle_roll_link,-0.037767819630855404,0.037767819630855404,self-collision,False,False
59,ground,left_ankle_roll_link,world,left_ankle_roll_link,-0.0013845991991260978,0.0013845991991260978,foot-ground,True,False
59,left_knee_link,left_ankle_roll_link,left_knee_link,left_ankle_roll_link,-0.027578266292096087,0.027578266292096087,self-collision,False,False
59,left_rubber_hand_link,largebox,left_rubber_hand_link,largebox_link,-0.0009809058248606006,0.0009809058248606006,hand-box,True,False
59,ground,left_ankle_roll_sphere_3_link,world,left_ankle_roll_sphere_3_link,-0.0006873723330026267,0.0006873723330026267,foot-ground,True,False
59,ground,right_ankle_roll_sphere_1_link,world,right_ankle_roll_sphere_1_link,-0.0006828088782683287,0.0006828088782683287,foot-ground,True,False
59,ground,left_ankle_roll_sphere_4_link,world,left_ankle_roll_sphere_4_link,-0.0009843211283286695,0.0009843211283286695,foot-ground,True,False
60,ground,right_ankle_roll_sphere_2_link,world,right_ankle_roll_sphere_2_link,-0.00040597289054330587,0.00040597289054330587,foot-ground,True,False
60,right_rubber_hand_link,largebox,right_rubber_hand_link,largebox_link,-0.0010380259557822985,0.0010380259557822985,hand-box,True,False
60,ground,left_ankle_roll_sphere_5_link,world,left_ankle_roll_sphere_5_link,-0.0006321505047734528,0.0006321505047734528,foot-ground,True,False
60,left_ankle_intermediate_1_link,left_ankle_roll_link,left_ankle_intermediate_1_link,left_ankle_roll_link,-0.0030205332407801516,0.0030205332407801516,self-collision,False,False
60,torso_link,largebox,torso_link,largebox_link,-0.0010254875424654392,0.0010254875424654392,other-body-box,False,True
60,ground,right_ankle_roll_link,world,right_ankle_roll_link,-0.001420925736367016,0.001420925736367016,foot-ground,True,False
60,ground,left_ankle_roll_sphere_1_link,world,left_ankle_roll_sphere_1_link,-0.000980476725293034,0.000980476725293034,foot-ground,True,False
60,ground,right_ankle_roll_sphere_3_link,world,right_ankle_roll_sphere_3_link,-0.0008613609431167143,0.0008613609431167143,foot-ground,True,False
60,ground,left_ankle_roll_sphere_2_link,world,left_ankle_roll_sphere_2_link,-0.00039511063514790275,0.00039511063514790275,foot-ground,True,False
60,ground,right_ankle_roll_sphere_4_link,world,right_ankle_roll_sphere_4_link,-0.0009964918367275115,0.0009964918367275115,foot-ground,True,False
60,ground,right_ankle_roll_sphere_5_link,world,right_ankle_roll_sphere_5_link,-0.0009970743944377946,0.0009970743944377946,foot-ground,True,False
60,right_knee_link,right_ankle_roll_link,right_knee_link,right_ankle_roll_link,-0.03858234286538051,0.03858234286538051,self-collision,False,False
60,ground,left_ankle_roll_link,world,left_ankle_roll_link,-0.001486339296606215,0.001486339296606215,foot-ground,True,False
60,left_knee_link,left_ankle_roll_link,left_knee_link,left_ankle_roll_link,-0.025384415274054273,0.025384415274054273,self-collision,False,False
60,left_rubber_hand_link,largebox,left_rubber_hand_link,largebox_link,-0.0011805657719858031,0.0011805657719858031,hand-box,True,False
60,left_wrist_yaw_link,largebox,left_wrist_yaw_link,largebox_link,-0.00039004866590475196,0.00039004866590475196,other-body-box,False,True
60,ground,left_ankle_roll_sphere_3_link,world,left_ankle_roll_sphere_3_link,-0.0009892273352233747,0.0009892273352233747,foot-ground,True,False
60,ground,right_ankle_roll_sphere_1_link,world,right_ankle_roll_sphere_1_link,-0.0002933638125343077,0.0002933638125343077,foot-ground,True,False
60,ground,left_ankle_roll_sphere_4_link,world,left_ankle_roll_sphere_4_link,-0.00028678802704921926,0.00028678802704921926,foot-ground,True,False
61,ground,right_ankle_roll_sphere_2_link,world,right_ankle_roll_sphere_2_link,-0.00040179790584697877,0.00040179790584697877,foot-ground,True,False
61,right_rubber_hand_link,largebox,right_rubber_hand_link,largebox_link,-0.0010429112230486842,0.0010429112230486842,hand-box,True,False
61,left_ankle_intermediate_1_link,left_ankle_roll_link,left_ankle_intermediate_1_link,left_ankle_roll_link,-0.0024365958424758943,0.0024365958424758943,self-collision,False,False
61,torso_link,largebox,torso_link,largebox_link,-0.0010165554829816431,0.0010165554829816431,other-body-box,False,True
61,ground,right_ankle_roll_link,world,right_ankle_roll_link,-0.001417834642063135,0.001417834642063135,foot-ground,True,False
61,ground,left_ankle_roll_sphere_1_link,world,left_ankle_roll_sphere_1_link,-0.00040555265712702553,0.00040555265712702553,foot-ground,True,False
61,ground,right_ankle_roll_sphere_3_link,world,right_ankle_roll_sphere_3_link,-0.0008584743936283423,0.0008584743936283423,foot-ground,True,False
61,ground,right_ankle_roll_sphere_4_link,world,right_ankle_roll_sphere_4_link,-0.0009932405442379588,0.0009932405442379588,foot-ground,True,False
61,ground,right_ankle_roll_sphere_5_link,world,right_ankle_roll_sphere_5_link,-0.0009941177190319955,0.0009941177190319955,foot-ground,True,False
61,right_knee_link,right_ankle_roll_link,right_knee_link,right_ankle_roll_link,-0.03936427589074093,0.03936427589074093,self-collision,False,False
61,ground,left_ankle_roll_link,world,left_ankle_roll_link,-0.0016893943894216307,0.0016893943894216307,foot-ground,True,False
61,left_knee_link,left_ankle_roll_link,left_knee_link,left_ankle_roll_link,-0.024092619626929213,0.024092619626929213,self-collision,False,False
61,left_rubber_hand_link,largebox,left_rubber_hand_link,largebox_link,-0.00127697172660729,0.00127697172660729,hand-box,True,False
61,left_wrist_yaw_link,largebox,left_wrist_yaw_link,largebox_link,-0.0009645185790104344,0.0009645185790104344,other-body-box,False,True
61,ground,left_ankle_roll_sphere_3_link,world,left_ankle_roll_sphere_3_link,-0.0009922076467870867,0.0009922076467870867,foot-ground,True,False
61,ground,right_ankle_roll_sphere_1_link,world,right_ankle_roll_sphere_1_link,-0.000289492780338965,0.000289492780338965,foot-ground,True,False
62,left_ankle_intermediate_1_link,left_ankle_roll_link,left_ankle_intermediate_1_link,left_ankle_roll_link,-0.0020143465893961987,0.0020143465893961987,self-collision,False,False
62,torso_link,largebox,torso_link,largebox_link,-0.001047758136206653,0.001047758136206653,other-body-box,False,True
62,ground,right_ankle_roll_link,world,right_ankle_roll_link,-0.0014230226931334633,0.0014230226931334633,foot-ground,True,False
62,ground,left_ankle_roll_sphere_1_link,world,left_ankle_roll_sphere_1_link,-0.00024791073881393327,0.00024791073881393327,foot-ground,True,False
62,ground,right_ankle_roll_sphere_3_link,world,right_ankle_roll_sphere_3_link,-0.0009926535971885439,0.0009926535971885439,foot-ground,True,False
62,ground,right_ankle_roll_sphere_4_link,world,right_ankle_roll_sphere_4_link,-0.0006566980973737096,0.0006566980973737096,foot-ground,True,False
62,ground,right_ankle_roll_sphere_5_link,world,right_ankle_roll_sphere_5_link,-0.0009440479549362715,0.0009440479549362715,foot-ground,True,False
62,right_knee_link,right_ankle_roll_link,right_knee_link,right_ankle_roll_link,-0.04019701289368771,0.04019701289368771,self-collision,False,False
62,ground,left_ankle_roll_link,world,left_ankle_roll_link,-0.0015452886432828356,0.0015452886432828356,foot-ground,True,False
62,left_knee_link,left_ankle_roll_link,left_knee_link,left_ankle_roll_link,-0.023203128435376058,0.023203128435376058,self-collision,False,False
62,left_rubber_hand_link,largebox,left_rubber_hand_link,largebox_link,-0.0011586334374405344,0.0011586334374405344,hand-box,True,False
62,left_wrist_yaw_link,largebox,left_wrist_yaw_link,largebox_link,-0.00038803204215882847,0.00038803204215882847,other-body-box,False,True
62,ground,left_ankle_roll_sphere_3_link,world,left_ankle_roll_sphere_3_link,-0.0002611895328876344,0.0002611895328876344,foot-ground,True,False
63,right_rubber_hand_link,largebox,right_rubber_hand_link,largebox_link,-0.0012022752131713305,0.0012022752131713305,hand-box,True,False
63,left_ankle_intermediate_1_link,left_ankle_roll_link,left_ankle_intermediate_1_link,left_ankle_roll_link,-0.0019574399917660634,0.0019574399917660634,self-collision,False,False
63,torso_link,largebox,torso_link,largebox_link,-0.0010255836894688813,0.0010255836894688813,other-body-box,False,True
63,ground,right_ankle_roll_link,world,right_ankle_roll_link,-0.0014231084959181566,0.0014231084959181566,foot-ground,True,False
63,ground,left_ankle_roll_sphere_1_link,world,left_ankle_roll_sphere_1_link,-0.00033786124766388686,0.00033786124766388686,foot-ground,True,False
63,ground,right_ankle_roll_sphere_3_link,world,right_ankle_roll_sphere_3_link,-0.0009924537101765494,0.0009924537101765494,foot-ground,True,False
63,ground,right_ankle_roll_sphere_5_link,world,right_ankle_roll_sphere_5_link,-0.00022912320369792,0.00022912320369792,foot-ground,True,False
63,right_knee_link,right_ankle_roll_link,right_knee_link,right_ankle_roll_link,-0.04096119018895536,0.04096119018895536,self-collision,False,False
63,ground,left_ankle_roll_link,world,left_ankle_roll_link,-0.0009978075703377803,0.0009978075703377803,foot-ground,True,False
63,left_knee_link,left_ankle_roll_link,left_knee_link,left_ankle_roll_link,-0.022832773538508544,0.022832773538508544,self-collision,False,False
63,left_rubber_hand_link,largebox,left_rubber_hand_link,largebox_link,-0.0009307333827357905,0.0009307333827357905,hand-box,True,False
63,left_wrist_yaw_link,largebox,left_wrist_yaw_link,largebox_link,-0.0025974468675551005,0.0025974468675551005,other-body-box,False,True
64,right_rubber_hand_link,largebox,right_rubber_hand_link,largebox_link,-0.0012982955519684064,0.0012982955519684064,hand-box,True,False
64,left_ankle_intermediate_1_link,left_ankle_roll_link,left_ankle_intermediate_1_link,left_ankle_roll_link,-0.001868064880349088,0.001868064880349088,self-collision,False,False
64,torso_link,largebox,torso_link,largebox_link,-0.0010020197804780223,0.0010020197804780223,other-body-box,False,True
64,ground,right_ankle_roll_link,world,right_ankle_roll_link,-0.0010047876025292002,0.0010047876025292002,foot-ground,True,False
64,ground,left_ankle_roll_sphere_1_link,world,left_ankle_roll_sphere_1_link,-0.00030328643584384956,0.00030328643584384956,foot-ground,True,False
64,ground,right_ankle_roll_sphere_3_link,world,right_ankle_roll_sphere_3_link,-0.0005373359082016761,0.0005373359082016761,foot-ground,True,False
64,right_knee_link,right_ankle_roll_link,right_knee_link,right_ankle_roll_link,-0.04169807282506846,0.04169807282506846,self-collision,False,False
64,ground,left_ankle_roll_link,world,left_ankle_roll_link,-0.0009992878643410724,0.0009992878643410724,foot-ground,True,False
64,left_knee_link,left_ankle_roll_link,left_knee_link,left_ankle_roll_link,-0.022644288945526794,0.022644288945526794,self-collision,False,False
64,left_rubber_hand_link,largebox,left_rubber_hand_link,largebox_link,-0.0007584282460783576,0.0007584282460783576,hand-box,True,False
64,left_wrist_yaw_link,largebox,left_wrist_yaw_link,largebox_link,-0.0024537224206602343,0.0024537224206602343,other-body-box,False,True
65,right_rubber_hand_link,largebox,right_rubber_hand_link,largebox_link,-0.0012767870205912246,0.0012767870205912246,hand-box,True,False
65,left_ankle_intermediate_1_link,left_ankle_roll_link,left_ankle_intermediate_1_link,left_ankle_roll_link,-0.0020314741932983132,0.0020314741932983132,self-collision,False,False
65,torso_link,largebox,torso_link,largebox_link,-0.0010061581907645223,0.0010061581907645223,other-body-box,False,True
65,ground,right_ankle_roll_link,world,right_ankle_roll_link,-0.0010396925032771093,0.0010396925032771093,foot-ground,True,False
65,ground,left_ankle_roll_sphere_1_link,world,left_ankle_roll_sphere_1_link,-0.0009911733759267556,0.0009911733759267556,foot-ground,True,False
65,ground,right_ankle_roll_sphere_3_link,world,right_ankle_roll_sphere_3_link,-0.0005958842774179849,0.0005958842774179849,foot-ground,True,False
65,right_knee_link,right_ankle_roll_link,right_knee_link,right_ankle_roll_link,-0.04188241135811768,0.04188241135811768,self-collision,False,False
65,ground,left_ankle_roll_link,world,left_ankle_roll_link,-0.0017114526287119528,0.0017114526287119528,foot-ground,True,False
65,left_knee_link,left_ankle_roll_link,left_knee_link,left_ankle_roll_link,-0.022988412803006994,0.022988412803006994,self-collision,False,False
65,left_rubber_hand_link,largebox,left_rubber_hand_link,largebox_link,-0.0007047427228573377,0.0007047427228573377,hand-box,True,False
65,left_wrist_yaw_link,largebox,left_wrist_yaw_link,largebox_link,-0.002748432258917771,0.002748432258917771,other-body-box,False,True
66,left_ankle_intermediate_1_link,left_ankle_roll_link,left_ankle_intermediate_1_link,left_ankle_roll_link,-0.0023348711461561866,0.0023348711461561866,self-collision,False,False
66,torso_link,largebox,torso_link,largebox_link,-0.00036112743273132575,0.00036112743273132575,other-body-box,False,True
66,ground,right_ankle_roll_link,world,right_ankle_roll_link,-0.000996517007008084,0.000996517007008084,foot-ground,True,False
66,ground,left_ankle_roll_sphere_1_link,world,left_ankle_roll_sphere_1_link,-0.0009941110117023142,0.0009941110117023142,foot-ground,True,False
66,ground,right_ankle_roll_sphere_3_link,world,right_ankle_roll_sphere_3_link,-0.00042577435866097534,0.00042577435866097534,foot-ground,True,False
66,right_knee_link,right_ankle_roll_link,right_knee_link,right_ankle_roll_link,-0.04166760118968185,0.04166760118968185,self-collision,False,False
66,ground,left_ankle_roll_link,world,left_ankle_roll_link,-0.0017066017364792234,0.0017066017364792234,foot-ground,True,False
66,left_knee_link,left_ankle_roll_link,left_knee_link,left_ankle_roll_link,-0.02384152319840939,0.02384152319840939,self-collision,False,False
66,left_rubber_hand_link,largebox,left_rubber_hand_link,largebox_link,-0.0006972230809280111,0.0006972230809280111,hand-box,True,False
66,left_wrist_yaw_link,largebox,left_wrist_yaw_link,largebox_link,-0.002384595407755166,0.002384595407755166,other-body-box,False,True
67,right_rubber_hand_link,largebox,right_rubber_hand_link,largebox_link,-0.0007804812251890753,0.0007804812251890753,hand-box,True,False
67,left_ankle_intermediate_1_link,left_ankle_roll_link,left_ankle_intermediate_1_link,left_ankle_roll_link,-0.0028388489024808172,0.0028388489024808172,self-collision,False,False
67,torso_link,largebox,torso_link,largebox_link,-0.0008959450531270952,0.0008959450531270952,other-body-box,False,True
67,ground,left_ankle_roll_sphere_1_link,world,left_ankle_roll_sphere_1_link,-0.0009933784897325727,0.0009933784897325727,foot-ground,True,False
67,right_knee_link,right_ankle_roll_link,right_knee_link,right_ankle_roll_link,-0.0417008252812221,0.0417008252812221,self-collision,False,False
67,ground,left_ankle_roll_link,world,left_ankle_roll_link,-0.0016758472515839042,0.0016758472515839042,foot-ground,True,False
67,left_knee_link,left_ankle_roll_link,left_knee_link,left_ankle_roll_link,-0.025085085821056674,0.025085085821056674,self-collision,False,False
67,left_wrist_yaw_link,largebox,left_wrist_yaw_link,largebox_link,-0.0006675943812601837,0.0006675943812601837,other-body-box,False,True
68,right_rubber_hand_link,largebox,right_rubber_hand_link,largebox_link,-0.0016431005252047909,0.0016431005252047909,hand-box,True,False
68,left_ankle_intermediate_1_link,left_ankle_roll_link,left_ankle_intermediate_1_link,left_ankle_roll_link,-0.0034052639628697756,0.0034052639628697756,self-collision,False,False
68,torso_link,largebox,torso_link,largebox_link,-0.0009958091391340795,0.0009958091391340795,other-body-box,False,True
68,ground,left_ankle_roll_sphere_1_link,world,left_ankle_roll_sphere_1_link,-0.000994146437610535,0.000994146437610535,foot-ground,True,False
68,right_knee_link,right_ankle_roll_link,right_knee_link,right_ankle_roll_link,-0.04248240517913213,0.04248240517913213,self-collision,False,False
68,ground,left_ankle_roll_link,world,left_ankle_roll_link,-0.0016404143409683193,0.0016404143409683193,foot-ground,True,False
68,left_knee_link,left_ankle_roll_link,left_knee_link,left_ankle_roll_link,-0.027419606242151506,0.027419606242151506,self-collision,False,False
69,right_rubber_hand_link,largebox,right_rubber_hand_link,largebox_link,-0.005490797417636931,0.005490797417636931,hand-box,True,False
69,left_ankle_intermediate_1_link,left_ankle_roll_link,left_ankle_intermediate_1_link,left_ankle_roll_link,-0.003340039306810774,0.003340039306810774,self-collision,False,False
69,torso_link,largebox,torso_link,largebox_link,-0.0010619081125078367,0.0010619081125078367,other-body-box,False,True
69,ground,left_ankle_roll_sphere_1_link,world,left_ankle_roll_sphere_1_link,-0.0009940381395895257,0.0009940381395895257,foot-ground,True,False
69,right_knee_link,right_ankle_roll_link,right_knee_link,right_ankle_roll_link,-0.04318819799219756,0.04318819799219756,self-collision,False,False
69,right_ankle_intermediate_1_link,right_ankle_roll_link,right_ankle_intermediate_1_link,right_ankle_roll_link,-9.554330409813905e-05,9.554330409813905e-05,self-collision,False,False
69,ground,left_ankle_roll_link,world,left_ankle_roll_link,-0.0015964057809705473,0.0015964057809705473,foot-ground,True,False
69,left_knee_link,left_ankle_roll_link,left_knee_link,left_ankle_roll_link,-0.0292186454700199,0.0292186454700199,self-collision,False,False
69,left_rubber_hand_link,largebox,left_rubber_hand_link,largebox_link,-0.0004573774954957782,0.0004573774954957782,hand-box,True,False
69,left_wrist_yaw_link,largebox,left_wrist_yaw_link,largebox_link,-6.093644482824123e-05,6.093644482824123e-05,other-body-box,False,True
70,right_rubber_hand_link,largebox,right_rubber_hand_link,largebox_link,-0.001009266772479242,0.001009266772479242,hand-box,True,False
70,ground,left_ankle_roll_link,world,left_ankle_roll_link,-0.001556243676874309,0.001556243676874309,foot-ground,True,False
70,left_knee_link,left_ankle_roll_link,left_knee_link,left_ankle_roll_link,-0.030460265114674617,0.030460265114674617,self-collision,False,False
70,torso_link,largebox,torso_link,largebox_link,-0.0009686427024685335,0.0009686427024685335,other-body-box,False,True
70,left_rubber_hand_link,largebox,left_rubber_hand_link,largebox_link,-0.0005152482382604906,0.0005152482382604906,hand-box,True,False
70,left_ankle_intermediate_1_link,left_ankle_roll_link,left_ankle_intermediate_1_link,left_ankle_roll_link,-0.003134892782688775,0.003134892782688775,self-collision,False,False
70,right_knee_link,right_ankle_roll_link,right_knee_link,right_ankle_roll_link,-0.0442842105317153,0.0442842105317153,self-collision,False,False
70,right_ankle_intermediate_1_link,right_ankle_roll_link,right_ankle_intermediate_1_link,right_ankle_roll_link,-0.0005366597086243485,0.0005366597086243485,self-collision,False,False
70,ground,left_ankle_roll_sphere_1_link,world,left_ankle_roll_sphere_1_link,-0.0009935762672053537,0.0009935762672053537,foot-ground,True,False
71,right_rubber_hand_link,largebox,right_rubber_hand_link,largebox_link,-0.0004283441045806746,0.0004283441045806746,hand-box,True,False
71,ground,left_ankle_roll_link,world,left_ankle_roll_link,-0.0015350174303001146,0.0015350174303001146,foot-ground,True,False
71,ground,left_ankle_roll_sphere_5_link,world,left_ankle_roll_sphere_5_link,-7.271391982604895e-06,7.271391982604895e-06,foot-ground,True,False
71,left_knee_link,left_ankle_roll_link,left_knee_link,left_ankle_roll_link,-0.03256225105105079,0.03256225105105079,self-collision,False,False
71,torso_link,largebox,torso_link,largebox_link,-0.0010351914129667628,0.0010351914129667628,other-body-box,False,True
71,left_ankle_intermediate_1_link,left_ankle_roll_link,left_ankle_intermediate_1_link,left_ankle_roll_link,-0.003079512918348501,0.003079512918348501,self-collision,False,False
71,right_knee_link,right_ankle_roll_link,right_knee_link,right_ankle_roll_link,-0.03883917030868406,0.03883917030868406,self-collision,False,False
71,ground,left_ankle_roll_sphere_3_link,world,left_ankle_roll_sphere_3_link,-0.000986256352328566,0.000986256352328566,foot-ground,True,False
71,ground,left_ankle_roll_sphere_1_link,world,left_ankle_roll_sphere_1_link,-0.0004735353106694066,0.0004735353106694066,foot-ground,True,False
72,right_rubber_hand_link,largebox,right_rubber_hand_link,largebox_link,-0.00200878024254858,0.00200878024254858,hand-box,True,False
72,ground,left_ankle_roll_link,world,left_ankle_roll_link,-0.0013924485658464887,0.0013924485658464887,foot-ground,True,False
72,ground,left_ankle_roll_sphere_5_link,world,left_ankle_roll_sphere_5_link,-0.0007650517969739817,0.0007650517969739817,foot-ground,True,False
72,left_knee_link,left_ankle_roll_link,left_knee_link,left_ankle_roll_link,-0.03383646607303903,0.03383646607303903,self-collision,False,False
72,torso_link,largebox,torso_link,largebox_link,-0.0009422420216544936,0.0009422420216544936,other-body-box,False,True
72,left_rubber_hand_link,largebox,left_rubber_hand_link,largebox_link,-0.0011350070518453548,0.0011350070518453548,hand-box,True,False
72,left_ankle_intermediate_1_link,left_ankle_roll_link,left_ankle_intermediate_1_link,left_ankle_roll_link,-0.0030795509066699617,0.0030795509066699617,self-collision,False,False
72,right_knee_link,right_ankle_roll_link,right_knee_link,right_ankle_roll_link,-0.03434401796495709,0.03434401796495709,self-collision,False,False
72,ground,left_ankle_roll_sphere_3_link,world,left_ankle_roll_sphere_3_link,-0.0009845964909019995,0.0009845964909019995,foot-ground,True,False
72,ground,left_ankle_roll_sphere_1_link,world,left_ankle_roll_sphere_1_link,-0.0005582914379785057,0.0005582914379785057,foot-ground,True,False
72,ground,left_ankle_roll_sphere_4_link,world,left_ankle_roll_sphere_4_link,-0.00045557304059930855,0.00045557304059930855,foot-ground,True,False
72,ground,left_ankle_roll_sphere_2_link,world,left_ankle_roll_sphere_2_link,-0.00011743856272626498,0.00011743856272626498,foot-ground,True,False
73,right_rubber_hand_link,largebox,right_rubber_hand_link,largebox_link,-0.0019714447743527375,0.0019714447743527375,hand-box,True,False
73,ground,left_ankle_roll_link,world,left_ankle_roll_link,-0.0014495634540869357,0.0014495634540869357,foot-ground,True,False
73,ground,left_ankle_roll_sphere_5_link,world,left_ankle_roll_sphere_5_link,-0.0008068567142653109,0.0008068567142653109,foot-ground,True,False
73,left_knee_link,left_ankle_roll_link,left_knee_link,left_ankle_roll_link,-0.03461697157522722,0.03461697157522722,self-collision,False,False
73,torso_link,largebox,torso_link,largebox_link,-0.0009545207613932682,0.0009545207613932682,other-body-box,False,True
73,left_rubber_hand_link,largebox,left_rubber_hand_link,largebox_link,-0.0008672571181097544,0.0008672571181097544,hand-box,True,False
73,right_knee_link,right_ankle_roll_link,right_knee_link,right_ankle_roll_link,-0.033093544138848324,0.033093544138848324,self-collision,False,False
73,ground,left_ankle_roll_sphere_3_link,world,left_ankle_roll_sphere_3_link,-0.0009965211130894746,0.0009965211130894746,foot-ground,True,False
73,right_ankle_intermediate_1_link,right_ankle_roll_link,right_ankle_intermediate_1_link,right_ankle_roll_link,-0.0027390183368403986,0.0027390183368403986,self-collision,False,False
73,ground,left_ankle_roll_sphere_1_link,world,left_ankle_roll_sphere_1_link,-0.0009966238980652622,0.0009966238980652622,foot-ground,True,False
73,ground,left_ankle_roll_sphere_4_link,world,left_ankle_roll_sphere_4_link,-0.0006245108196211045,0.0006245108196211045,foot-ground,True,False
73,ground,left_ankle_roll_sphere_2_link,world,left_ankle_roll_sphere_2_link,-0.0006866153201749497,0.0006866153201749497,foot-ground,True,False
74,right_rubber_hand_link,largebox,right_rubber_hand_link,largebox_link,-0.00490646600393041,0.00490646600393041,hand-box,True,False
74,ground,left_ankle_roll_sphere_5_link,world,left_ankle_roll_sphere_5_link,-0.000809741462141452,0.000809741462141452,foot-ground,True,False
74,torso_link,largebox,torso_link,largebox_link,-0.0010718686461559795,0.0010718686461559795,other-body-box,False,True
74,ground,left_ankle_roll_sphere_1_link,world,left_ankle_roll_sphere_1_link,-0.000998973394860359,0.000998973394860359,foot-ground,True,False
74,ground,left_ankle_roll_sphere_2_link,world,left_ankle_roll_sphere_2_link,-0.0006948443479790336,0.0006948443479790336,foot-ground,True,False
74,right_knee_link,right_ankle_roll_link,right_knee_link,right_ankle_roll_link,-0.03318762206759798,0.03318762206759798,self-collision,False,False
74,right_ankle_intermediate_1_link,right_ankle_roll_link,right_ankle_intermediate_1_link,right_ankle_roll_link,-0.0030736711298801206,0.0030736711298801206,self-collision,False,False
74,ground,left_ankle_roll_link,world,left_ankle_roll_link,-0.0014493275018751563,0.0014493275018751563,foot-ground,True,False
74,left_knee_link,left_ankle_roll_link,left_knee_link,left_ankle_roll_link,-0.03534470331489051,0.03534470331489051,self-collision,False,False
74,left_rubber_hand_link,largebox,left_rubber_hand_link,largebox_link,-0.0011523514664830842,0.0011523514664830842,hand-box,True,False
74,ground,left_ankle_roll_sphere_3_link,world,left_ankle_roll_sphere_3_link,-0.0009961312491416413,0.0009961312491416413,foot-ground,True,False
74,ground,left_ankle_roll_sphere_4_link,world,left_ankle_roll_sphere_4_link,-0.0006311763928840515,0.0006311763928840515,foot-ground,True,False
75,right_rubber_hand_link,largebox,right_rubber_hand_link,largebox_link,-0.004571355611704173,0.004571355611704173,hand-box,True,False
75,ground,left_ankle_roll_sphere_5_link,world,left_ankle_roll_sphere_5_link,-0.0008087570494669264,0.0008087570494669264,foot-ground,True,False
75,torso_link,largebox,torso_link,largebox_link,-0.0011456945270834074,0.0011456945270834074,other-body-box,False,True
75,ground,left_ankle_roll_sphere_1_link,world,left_ankle_roll_sphere_1_link,-0.0009999132743753044,0.0009999132743753044,foot-ground,True,False
75,ground,left_ankle_roll_sphere_2_link,world,left_ankle_roll_sphere_2_link,-0.0006978097422416811,0.0006978097422416811,foot-ground,True,False
75,right_knee_link,right_ankle_roll_link,right_knee_link,right_ankle_roll_link,-0.033890022920160995,0.033890022920160995,self-collision,False,False
75,right_ankle_intermediate_1_link,right_ankle_roll_link,right_ankle_intermediate_1_link,right_ankle_roll_link,-0.0029575240097414746,0.0029575240097414746,self-collision,False,False
75,ground,left_ankle_roll_link,world,left_ankle_roll_link,-0.001448301275251182,0.001448301275251182,foot-ground,True,False
75,left_knee_link,left_ankle_roll_link,left_knee_link,left_ankle_roll_link,-0.035459000130963564,0.035459000130963564,self-collision,False,False
75,left_rubber_hand_link,largebox,left_rubber_hand_link,largebox_link,-0.0010378535752802315,0.0010378535752802315,hand-box,True,False
75,ground,left_ankle_roll_sphere_3_link,world,left_ankle_roll_sphere_3_link,-0.0009942406907304238,0.0009942406907304238,foot-ground,True,False
75,ground,left_ankle_roll_sphere_4_link,world,left_ankle_roll_sphere_4_link,-0.0006317164521700792,0.0006317164521700792,foot-ground,True,False
76,right_rubber_hand_link,largebox,right_rubber_hand_link,largebox_link,-0.004286560500233488,0.004286560500233488,hand-box,True,False
76,ground,left_ankle_roll_sphere_5_link,world,left_ankle_roll_sphere_5_link,-0.0008089227324973398,0.0008089227324973398,foot-ground,True,False
76,torso_link,largebox,torso_link,largebox_link,-0.0009986883749671521,0.0009986883749671521,other-body-box,False,True
76,ground,left_ankle_roll_sphere_1_link,world,left_ankle_roll_sphere_1_link,-0.001001926713487043,0.001001926713487043,foot-ground,True,False
76,left_ankle_roll_link,right_ankle_roll_link,left_ankle_roll_link,right_ankle_roll_link,-0.026207828942352407,0.026207828942352407,self-collision,False,False
76,ground,left_ankle_roll_sphere_2_link,world,left_ankle_roll_sphere_2_link,-0.0007000555434627407,0.0007000555434627407,foot-ground,True,False
76,left_ankle_roll_link,right_ankle_roll_sphere_3_link,left_ankle_roll_link,right_ankle_roll_sphere_3_link,-0.0027962429238915926,0.0027962429238915926,self-collision,False,False
76,right_knee_link,right_ankle_roll_link,right_knee_link,right_ankle_roll_link,-0.035130979129620515,0.035130979129620515,self-collision,False,False
76,ground,left_ankle_roll_link,world,left_ankle_roll_link,-0.0014492594213324182,0.0014492594213324182,foot-ground,True,False
76,left_knee_link,left_ankle_roll_link,left_knee_link,left_ankle_roll_link,-0.03593228814488264,0.03593228814488264,self-collision,False,False
76,left_rubber_hand_link,largebox,left_rubber_hand_link,largebox_link,-0.0002144395140585148,0.0002144395140585148,hand-box,True,False
76,ground,left_ankle_roll_sphere_3_link,world,left_ankle_roll_sphere_3_link,-0.000994473686720082,0.000994473686720082,foot-ground,True,False
76,ground,left_ankle_roll_sphere_4_link,world,left_ankle_roll_sphere_4_link,-0.0006322282826909239,0.0006322282826909239,foot-ground,True,False
76,left_ankle_roll_sphere_2_link,right_ankle_roll_link,left_ankle_roll_sphere_2_link,right_ankle_roll_link,-0.01029038755865172,0.01029038755865172,self-collision,False,False
77,right_rubber_hand_link,largebox,right_rubber_hand_link,largebox_link,-0.0008706877935515944,0.0008706877935515944,hand-box,True,False
77,ground,left_ankle_roll_sphere_5_link,world,left_ankle_roll_sphere_5_link,-0.000806244172711734,0.000806244172711734,foot-ground,True,False
77,torso_link,largebox,torso_link,largebox_link,-0.000961289592202666,0.000961289592202666,other-body-box,False,True
77,left_knee_link,right_ankle_roll_link,left_knee_link,right_ankle_roll_link,-0.0034897894802526502,0.0034897894802526502,self-collision,False,False
77,ground,left_ankle_roll_sphere_1_link,world,left_ankle_roll_sphere_1_link,-0.0009988038187028923,0.0009988038187028923,foot-ground,True,False
77,left_ankle_roll_link,right_ankle_roll_link,left_ankle_roll_link,right_ankle_roll_link,-0.015639370008285164,0.015639370008285164,self-collision,False,False
77,ground,left_ankle_roll_sphere_2_link,world,left_ankle_roll_sphere_2_link,-0.0006900458491815994,0.0006900458491815994,foot-ground,True,False
77,right_knee_link,right_ankle_roll_link,right_knee_link,right_ankle_roll_link,-0.035452342382294666,0.035452342382294666,self-collision,False,False
77,ground,left_ankle_roll_link,world,left_ankle_roll_link,-0.0014497112734858167,0.0014497112734858167,foot-ground,True,False
77,left_knee_link,left_ankle_roll_link,left_knee_link,left_ankle_roll_link,-0.03672936860592216,0.03672936860592216,self-collision,False,False
77,left_rubber_hand_link,largebox,left_rubber_hand_link,largebox_link,-0.0011036799518663876,0.0011036799518663876,hand-box,True,False
77,ground,left_ankle_roll_sphere_3_link,world,left_ankle_roll_sphere_3_link,-0.000995517971396141,0.000995517971396141,foot-ground,True,False
77,ground,left_ankle_roll_sphere_4_link,world,left_ankle_roll_sphere_4_link,-0.0006250084079705903,0.0006250084079705903,foot-ground,True,False
78,right_rubber_hand_link,largebox,right_rubber_hand_link,largebox_link,-0.004693349861015342,0.004693349861015342,hand-box,True,False
78,ground,left_ankle_roll_sphere_5_link,world,left_ankle_roll_sphere_5_link,-0.000805661687330649,0.000805661687330649,foot-ground,True,False
78,torso_link,largebox,torso_link,largebox_link,-0.000971546831444986,0.000971546831444986,other-body-box,False,True
78,ground,right_ankle_roll_link,world,right_ankle_roll_link,-0.0010176314562635527,0.0010176314562635527,foot-ground,True,False
78,ground,left_ankle_roll_sphere_1_link,world,left_ankle_roll_sphere_1_link,-0.0009983013177002264,0.0009983013177002264,foot-ground,True,False
78,left_ankle_roll_link,right_ankle_roll_link,left_ankle_roll_link,right_ankle_roll_link,-0.005447633797450585,0.005447633797450585,self-collision,False,False
78,ground,right_ankle_roll_sphere_3_link,world,right_ankle_roll_sphere_3_link,-0.0005101027762028946,0.0005101027762028946,foot-ground,True,False
78,ground,left_ankle_roll_sphere_2_link,world,left_ankle_roll_sphere_2_link,-0.0006912387057679678,0.0006912387057679678,foot-ground,True,False
78,right_knee_link,right_ankle_roll_link,right_knee_link,right_ankle_roll_link,-0.03617057820171718,0.03617057820171718,self-collision,False,False
78,left_ankle_roll_link,right_ankle_roll_sphere_1_link,left_ankle_roll_link,right_ankle_roll_sphere_1_link,-0.032357277979847776,0.032357277979847776,self-collision,False,False
78,ground,left_ankle_roll_link,world,left_ankle_roll_link,-0.0014483437623896804,0.0014483437623896804,foot-ground,True,False
78,left_knee_link,left_ankle_roll_link,left_knee_link,left_ankle_roll_link,-0.03750083999663961,0.03750083999663961,self-collision,False,False
78,left_rubber_hand_link,largebox,left_rubber_hand_link,largebox_link,-0.0007838280431832351,0.0007838280431832351,hand-box,True,False
78,ground,left_ankle_roll_sphere_3_link,world,left_ankle_roll_sphere_3_link,-0.000994015920216684,0.000994015920216684,foot-ground,True,False
78,ground,left_ankle_roll_sphere_4_link,world,left_ankle_roll_sphere_4_link,-0.0006255407858979717,0.0006255407858979717,foot-ground,True,False
79,right_rubber_hand_link,largebox,right_rubber_hand_link,largebox_link,-0.001026743385574097,0.001026743385574097,hand-box,True,False
79,ground,left_ankle_roll_sphere_5_link,world,left_ankle_roll_sphere_5_link,-0.0007689743300704965,0.0007689743300704965,foot-ground,True,False
79,torso_link,largebox,torso_link,largebox_link,-0.0008905334671416021,0.0008905334671416021,other-body-box,False,True
79,ground,right_ankle_roll_link,world,right_ankle_roll_link,-0.001675519394870411,0.001675519394870411,foot-ground,True,False
79,ground,left_ankle_roll_sphere_1_link,world,left_ankle_roll_sphere_1_link,-0.0009970236141218598,0.0009970236141218598,foot-ground,True,False
79,ground,left_ankle_roll_sphere_2_link,world,left_ankle_roll_sphere_2_link,-0.0006238999400221537,0.0006238999400221537,foot-ground,True,False
79,right_knee_link,right_ankle_roll_link,right_knee_link,right_ankle_roll_link,-0.03418266243873097,0.03418266243873097,self-collision,False,False
79,ground,left_ankle_roll_link,world,left_ankle_roll_link,-0.0014611195744823786,0.0014611195744823786,foot-ground,True,False
79,left_knee_link,left_ankle_roll_link,left_knee_link,left_ankle_roll_link,-0.037912412206158624,0.037912412206158624,self-collision,False,False
79,left_rubber_hand_link,largebox,left_rubber_hand_link,largebox_link,-0.0009484249819757817,0.0009484249819757817,hand-box,True,False
79,ground,left_ankle_roll_sphere_3_link,world,left_ankle_roll_sphere_3_link,-0.0009972156342146895,0.0009972156342146895,foot-ground,True,False
79,ground,right_ankle_roll_sphere_1_link,world,right_ankle_roll_sphere_1_link,-0.0009531745186688546,0.0009531745186688546,foot-ground,True,False
79,ground,left_ankle_roll_sphere_4_link,world,left_ankle_roll_sphere_4_link,-0.0005494672252950436,0.0005494672252950436,foot-ground,True,False
80,right_rubber_hand_link,largebox,right_rubber_hand_link,largebox_link,-0.0010107778934251438,0.0010107778934251438,hand-box,True,False
80,ground,left_ankle_roll_sphere_5_link,world,left_ankle_roll_sphere_5_link,-0.0007711984469997565,0.0007711984469997565,foot-ground,True,False
80,torso_link,largebox,torso_link,largebox_link,-0.0009438220207822479,0.0009438220207822479,other-body-box,False,True
80,ground,right_ankle_roll_link,world,right_ankle_roll_link,-0.0013428769431404544,0.0013428769431404544,foot-ground,True,False
80,ground,left_ankle_roll_sphere_1_link,world,left_ankle_roll_sphere_1_link,-0.0009949372239287822,0.0009949372239287822,foot-ground,True,False
80,ground,left_ankle_roll_sphere_2_link,world,left_ankle_roll_sphere_2_link,-0.0006240423853805166,0.0006240423853805166,foot-ground,True,False
80,right_knee_link,right_ankle_roll_link,right_knee_link,right_ankle_roll_link,-0.028047902705902766,0.028047902705902766,self-collision,False,False
80,right_ankle_intermediate_1_link,right_ankle_roll_link,right_ankle_intermediate_1_link,right_ankle_roll_link,-0.0027809075661635735,0.0027809075661635735,self-collision,False,False
80,ground,left_ankle_roll_link,world,left_ankle_roll_link,-0.0014601482008750472,0.0014601482008750472,foot-ground,True,False
80,left_knee_link,left_ankle_roll_link,left_knee_link,left_ankle_roll_link,-0.03851467558550936,0.03851467558550936,self-collision,False,False
80,left_rubber_hand_link,largebox,left_rubber_hand_link,largebox_link,-0.001400442604527985,0.001400442604527985,hand-box,True,False
80,ground,left_ankle_roll_sphere_3_link,world,left_ankle_roll_sphere_3_link,-0.0009977660193555482,0.0009977660193555482,foot-ground,True,False
80,ground,right_ankle_roll_sphere_1_link,world,right_ankle_roll_sphere_1_link,-0.0008007407909490115,0.0008007407909490115,foot-ground,True,False
80,ground,left_ankle_roll_sphere_4_link,world,left_ankle_roll_sphere_4_link,-0.0005526922130976294,0.0005526922130976294,foot-ground,True,False
81,ground,right_ankle_roll_sphere_2_link,world,right_ankle_roll_sphere_2_link,-0.00016867846709775047,0.00016867846709775047,foot-ground,True,False
81,right_rubber_hand_link,largebox,right_rubber_hand_link,largebox_link,-0.0010006339345605547,0.0010006339345605547,hand-box,True,False
81,ground,left_ankle_roll_sphere_5_link,world,left_ankle_roll_sphere_5_link,-0.0007687797817904967,0.0007687797817904967,foot-ground,True,False
81,torso_link,largebox,torso_link,largebox_link,-0.0009541448646396694,0.0009541448646396694,other-body-box,False,True
81,ground,right_ankle_roll_link,world,right_ankle_roll_link,-0.0012787086733300444,0.0012787086733300444,foot-ground,True,False
81,ground,left_ankle_roll_sphere_1_link,world,left_ankle_roll_sphere_1_link,-0.0009894569290309517,0.0009894569290309517,foot-ground,True,False
81,ground,right_ankle_roll_sphere_3_link,world,right_ankle_roll_sphere_3_link,-0.0008179966156164056,0.0008179966156164056,foot-ground,True,False
81,ground,left_ankle_roll_sphere_2_link,world,left_ankle_roll_sphere_2_link,-0.0006196953531619328,0.0006196953531619328,foot-ground,True,False
81,ground,right_ankle_roll_sphere_4_link,world,right_ankle_roll_sphere_4_link,-0.0001555498897369235,0.0001555498897369235,foot-ground,True,False
81,ground,right_ankle_roll_sphere_5_link,world,right_ankle_roll_sphere_5_link,-0.0004917232899075445,0.0004917232899075445,foot-ground,True,False
81,right_knee_link,right_ankle_roll_link,right_knee_link,right_ankle_roll_link,-0.02353914285061652,0.02353914285061652,self-collision,False,False
81,right_ankle_intermediate_1_link,right_ankle_roll_link,right_ankle_intermediate_1_link,right_ankle_roll_link,-0.0022967239006133067,0.0022967239006133067,self-collision,False,False
81,ground,left_ankle_roll_link,world,left_ankle_roll_link,-0.0014556784862973723,0.0014556784862973723,foot-ground,True,False
81,left_knee_link,left_ankle_roll_link,left_knee_link,left_ankle_roll_link,-0.038775547272010685,0.038775547272010685,self-collision,False,False
81,left_rubber_hand_link,largebox,left_rubber_hand_link,largebox_link,-0.0011720442648295998,0.0011720442648295998,hand-box,True,False
81,ground,left_ankle_roll_sphere_3_link,world,left_ankle_roll_sphere_3_link,-0.0009944047651335884,0.0009944047651335884,foot-ground,True,False
81,ground,right_ankle_roll_sphere_1_link,world,right_ankle_roll_sphere_1_link,-0.0007207174053306528,0.0007207174053306528,foot-ground,True,False
81,ground,left_ankle_roll_sphere_4_link,world,left_ankle_roll_sphere_4_link,-0.0005506908740907637,0.0005506908740907637,foot-ground,True,False
82,ground,right_ankle_roll_sphere_2_link,world,right_ankle_roll_sphere_2_link,-0.00031722979563934394,0.00031722979563934394,foot-ground,True,False
82,right_rubber_hand_link,largebox,right_rubber_hand_link,largebox_link,-0.0010170244988199628,0.0010170244988199628,hand-box,True,False
82,ground,left_ankle_roll_sphere_5_link,world,left_ankle_roll_sphere_5_link,-0.0007739516615850378,0.0007739516615850378,foot-ground,True,False
82,torso_link,largebox,torso_link,largebox_link,-0.0009504887155573211,0.0009504887155573211,other-body-box,False,True
82,ground,right_ankle_roll_link,world,right_ankle_roll_link,-0.0007664323767677013,0.0007664323767677013,foot-ground,True,False
82,ground,left_ankle_roll_sphere_1_link,world,left_ankle_roll_sphere_1_link,-0.0009976175942181245,0.0009976175942181245,foot-ground,True,False
82,ground,left_ankle_roll_sphere_2_link,world,left_ankle_roll_sphere_2_link,-0.0006315018004452019,0.0006315018004452019,foot-ground,True,False
82,right_knee_link,right_ankle_roll_link,right_knee_link,right_ankle_roll_link,-0.021640999322546428,0.021640999322546428,self-collision,False,False
82,right_ankle_intermediate_1_link,right_ankle_roll_link,right_ankle_intermediate_1_link,right_ankle_roll_link,-0.00474143089438353,0.00474143089438353,self-collision,False,False
82,ground,left_ankle_roll_link,world,left_ankle_roll_link,-0.0014605429528208418,0.0014605429528208418,foot-ground,True,False
82,left_knee_link,left_ankle_roll_link,left_knee_link,left_ankle_roll_link,-0.03924359730686791,0.03924359730686791,self-collision,False,False
82,left_rubber_hand_link,largebox,left_rubber_hand_link,largebox_link,-0.0014238697206155754,0.0014238697206155754,hand-box,True,False
82,ground,left_ankle_roll_sphere_3_link,world,left_ankle_roll_sphere_3_link,-0.0009978956679273848,0.0009978956679273848,foot-ground,True,False
82,ground,left_ankle_roll_sphere_4_link,world,left_ankle_roll_sphere_4_link,-0.0005585567153998756,0.0005585567153998756,foot-ground,True,False
83,ground,right_ankle_roll_sphere_2_link,world,right_ankle_roll_sphere_2_link,-0.0009389752890306786,0.0009389752890306786,foot-ground,True,False
83,right_rubber_hand_link,largebox,right_rubber_hand_link,largebox_link,-0.0010249079450768833,0.0010249079450768833,hand-box,True,False
83,ground,left_ankle_roll_sphere_5_link,world,left_ankle_roll_sphere_5_link,-0.0005645461068605325,0.0005645461068605325,foot-ground,True,False
83,torso_link,largebox,torso_link,largebox_link,-0.000888165250968409,0.000888165250968409,other-body-box,False,True
83,ground,right_ankle_roll_link,world,right_ankle_roll_link,-0.0015651684944082006,0.0015651684944082006,foot-ground,True,False
83,ground,left_ankle_roll_sphere_1_link,world,left_ankle_roll_sphere_1_link,-0.0009978229609897962,0.0009978229609897962,foot-ground,True,False
83,ground,left_ankle_roll_sphere_2_link,world,left_ankle_roll_sphere_2_link,-0.0009201538014690811,0.0009201538014690811,foot-ground,True,False
83,right_knee_link,right_ankle_roll_link,right_knee_link,right_ankle_roll_link,-0.02061632565438075,0.02061632565438075,self-collision,False,False
83,right_ankle_intermediate_1_link,right_ankle_roll_link,right_ankle_intermediate_1_link,right_ankle_roll_link,-0.005131620180480773,0.005131620180480773,self-collision,False,False
83,ground,left_ankle_roll_link,world,left_ankle_roll_link,-0.001410533110867935,0.001410533110867935,foot-ground,True,False
83,left_knee_link,left_ankle_roll_link,left_knee_link,left_ankle_roll_link,-0.040085135239757014,0.040085135239757014,self-collision,False,False
83,left_rubber_hand_link,largebox,left_rubber_hand_link,largebox_link,-0.0011006994156161631,0.0011006994156161631,hand-box,True,False
83,ground,left_ankle_roll_sphere_3_link,world,left_ankle_roll_sphere_3_link,-0.000652667841980213,0.000652667841980213,foot-ground,True,False
83,ground,left_ankle_roll_sphere_4_link,world,left_ankle_roll_sphere_4_link,-0.000559464850555357,0.000559464850555357,foot-ground,True,False
84,ground,right_ankle_roll_sphere_2_link,world,right_ankle_roll_sphere_2_link,-2.900429556312433e-05,2.900429556312433e-05,foot-ground,True,False
84,right_rubber_hand_link,largebox,right_rubber_hand_link,largebox_link,-0.0009930646105528046,0.0009930646105528046,hand-box,True,False
84,ground,left_ankle_roll_sphere_5_link,world,left_ankle_roll_sphere_5_link,-0.0005834990557626206,0.0005834990557626206,foot-ground,True,False
84,torso_link,largebox,torso_link,largebox_link,-0.0010241935487654702,0.0010241935487654702,other-body-box,False,True
84,ground,right_ankle_roll_link,world,right_ankle_roll_link,-0.0023355260124525608,0.0023355260124525608,foot-ground,True,False
84,ground,right_ankle_roll_sphere_4_link,world,right_ankle_roll_sphere_4_link,-0.0009876822410667561,0.0009876822410667561,foot-ground,True,False
84,right_knee_link,right_ankle_roll_link,right_knee_link,right_ankle_roll_link,-0.020750538743946445,0.020750538743946445,self-collision,False,False
84,right_ankle_intermediate_1_link,right_ankle_roll_link,right_ankle_intermediate_1_link,right_ankle_roll_link,-0.0051145998926017955,0.0051145998926017955,self-collision,False,False
84,ground,left_ankle_roll_link,world,left_ankle_roll_link,-0.000999877918219802,0.000999877918219802,foot-ground,True,False
84,left_knee_link,left_ankle_roll_link,left_knee_link,left_ankle_roll_link,-0.040680214295132494,0.040680214295132494,self-collision,False,False
84,left_rubber_hand_link,largebox,left_rubber_hand_link,largebox_link,-0.000798955777155913,0.000798955777155913,hand-box,True,False
84,left_wrist_yaw_link,largebox,left_wrist_yaw_link,largebox_link,-0.0006905027270132369,0.0006905027270132369,other-body-box,False,True
84,ground,left_ankle_roll_sphere_3_link,world,left_ankle_roll_sphere_3_link,-0.0003574906227784445,0.0003574906227784445,foot-ground,True,False
84,ground,left_ankle_roll_sphere_4_link,world,left_ankle_roll_sphere_4_link,-0.0002679823181601813,0.0002679823181601813,foot-ground,True,False
85,ground,right_ankle_roll_sphere_2_link,world,right_ankle_roll_sphere_2_link,-2.1582989594409047e-07,2.1582989594409047e-07,foot-ground,True,False
85,right_rubber_hand_link,largebox,right_rubber_hand_link,largebox_link,-0.001015682018464109,0.001015682018464109,hand-box,True,False
85,torso_link,largebox,torso_link,largebox_link,-0.0009403866387337201,0.0009403866387337201,other-body-box,False,True
85,ground,right_ankle_roll_link,world,right_ankle_roll_link,-0.0023659853827135043,0.0023659853827135043,foot-ground,True,False
85,ground,right_ankle_roll_sphere_4_link,world,right_ankle_roll_sphere_4_link,-0.0009765874915964824,0.0009765874915964824,foot-ground,True,False
85,right_knee_link,right_ankle_roll_link,right_knee_link,right_ankle_roll_link,-0.02155532245814852,0.02155532245814852,self-collision,False,False
85,right_ankle_intermediate_1_link,right_ankle_roll_link,right_ankle_intermediate_1_link,right_ankle_roll_link,-0.0047973277031375244,0.0047973277031375244,self-collision,False,False
85,left_knee_link,left_ankle_roll_link,left_knee_link,left_ankle_roll_link,-0.04080287965814294,0.04080287965814294,self-collision,False,False
85,left_rubber_hand_link,largebox,left_rubber_hand_link,largebox_link,-0.0010531459822201439,0.0010531459822201439,hand-box,True,False
86,ground,right_ankle_roll_sphere_2_link,world,right_ankle_roll_sphere_2_link,-3.849850396332299e-05,3.849850396332299e-05,foot-ground,True,False
86,right_rubber_hand_link,largebox,right_rubber_hand_link,largebox_link,-0.0007927511316794533,0.0007927511316794533,hand-box,True,False
86,torso_link,largebox,torso_link,largebox_link,-0.0009154476967179331,0.0009154476967179331,other-body-box,False,True
86,ground,right_ankle_roll_link,world,right_ankle_roll_link,-0.0022605999406667653,0.0022605999406667653,foot-ground,True,False
86,ground,right_ankle_roll_sphere_4_link,world,right_ankle_roll_sphere_4_link,-0.000969090100656776,0.000969090100656776,foot-ground,True,False
86,right_knee_link,right_ankle_roll_link,right_knee_link,right_ankle_roll_link,-0.02252186245756324,0.02252186245756324,self-collision,False,False
86,right_ankle_intermediate_1_link,right_ankle_roll_link,right_ankle_intermediate_1_link,right_ankle_roll_link,-0.004381002923282931,0.004381002923282931,self-collision,False,False
86,left_knee_link,left_ankle_roll_link,left_knee_link,left_ankle_roll_link,-0.04115989645125845,0.04115989645125845,self-collision,False,False
86,left_rubber_hand_link,largebox,left_rubber_hand_link,largebox_link,-0.0016242498544079415,0.0016242498544079415,hand-box,True,False
87,ground,right_ankle_roll_sphere_2_link,world,right_ankle_roll_sphere_2_link,-9.877781333058038e-05,9.877781333058038e-05,foot-ground,True,False
87,right_rubber_hand_link,largebox,right_rubber_hand_link,largebox_link,-0.001320295614277739,0.001320295614277739,hand-box,True,False
87,torso_link,largebox,torso_link,largebox_link,-0.0009037468203504234,0.0009037468203504234,other-body-box,False,True
87,ground,right_ankle_roll_link,world,right_ankle_roll_link,-0.002142065690682364,0.002142065690682364,foot-ground,True,False
87,ground,right_ankle_roll_sphere_4_link,world,right_ankle_roll_sphere_4_link,-0.0009711973751015636,0.0009711973751015636,foot-ground,True,False
87,right_knee_link,right_ankle_roll_link,right_knee_link,right_ankle_roll_link,-0.023796458485526667,0.023796458485526667,self-collision,False,False
87,right_ankle_intermediate_1_link,right_ankle_roll_link,right_ankle_intermediate_1_link,right_ankle_roll_link,-0.0023119224435599883,0.0023119224435599883,self-collision,False,False
87,left_knee_link,left_ankle_roll_link,left_knee_link,left_ankle_roll_link,-0.04161804252580223,0.04161804252580223,self-collision,False,False
87,left_rubber_hand_link,largebox,left_rubber_hand_link,largebox_link,-0.001987170223081605,0.001987170223081605,hand-box,True,False
88,ground,right_ankle_roll_sphere_2_link,world,right_ankle_roll_sphere_2_link,-0.0001534605972411283,0.0001534605972411283,foot-ground,True,False
88,right_rubber_hand_link,largebox,right_rubber_hand_link,largebox_link,-0.005712175356690455,0.005712175356690455,hand-box,True,False
88,torso_link,largebox,torso_link,largebox_link,-0.0008625641139090867,0.0008625641139090867,other-body-box,False,True
88,ground,right_ankle_roll_link,world,right_ankle_roll_link,-0.0020409758335213496,0.0020409758335213496,foot-ground,True,False
88,ground,right_ankle_roll_sphere_4_link,world,right_ankle_roll_sphere_4_link,-0.000979238778755556,0.000979238778755556,foot-ground,True,False
88,right_knee_link,right_ankle_roll_link,right_knee_link,right_ankle_roll_link,-0.025398580685307065,0.025398580685307065,self-collision,False,False
88,right_ankle_intermediate_1_link,right_ankle_roll_link,right_ankle_intermediate_1_link,right_ankle_roll_link,-0.0029946149622009227,0.0029946149622009227,self-collision,False,False
88,left_knee_link,left_ankle_roll_link,left_knee_link,left_ankle_roll_link,-0.04231150557087343,0.04231150557087343,self-collision,False,False
88,left_rubber_hand_link,largebox,left_rubber_hand_link,largebox_link,-0.0023842959895084004,0.0023842959895084004,hand-box,True,False
89,ground,right_ankle_roll_sphere_4_link,world,right_ankle_roll_sphere_4_link,-0.0008855357011472538,0.0008855357011472538,foot-ground,True,False
89,ground,right_ankle_roll_sphere_2_link,world,right_ankle_roll_sphere_2_link,-0.0001899848594612381,0.0001899848594612381,foot-ground,True,False
89,right_rubber_hand_link,largebox,right_rubber_hand_link,largebox_link,-0.0011617137654421628,0.0011617137654421628,hand-box,True,False
89,left_knee_link,left_ankle_roll_link,left_knee_link,left_ankle_roll_link,-0.039912882595145416,0.039912882595145416,self-collision,False,False
89,torso_link,largebox,torso_link,largebox_link,-0.0009563632100886149,0.0009563632100886149,other-body-box,False,True
89,left_rubber_hand_link,largebox,left_rubber_hand_link,largebox_link,-0.0010296613014697115,0.0010296613014697115,hand-box,True,False
89,ground,right_ankle_roll_link,world,right_ankle_roll_link,-0.0017441774075145425,0.0017441774075145425,foot-ground,True,False
89,right_knee_link,right_ankle_roll_link,right_knee_link,right_ankle_roll_link,-0.028152844017533568,0.028152844017533568,self-collision,False,False
89,right_ankle_intermediate_1_link,right_ankle_roll_link,right_ankle_intermediate_1_link,right_ankle_roll_link,-0.003416979067038195,0.003416979067038195,self-collision,False,False
90,ground,right_ankle_roll_sphere_4_link,world,right_ankle_roll_sphere_4_link,-0.0009549204413998409,0.0009549204413998409,foot-ground,True,False
90,ground,right_ankle_roll_sphere_2_link,world,right_ankle_roll_sphere_2_link,-0.00034544728009643,0.00034544728009643,foot-ground,True,False
90,right_rubber_hand_link,largebox,right_rubber_hand_link,largebox_link,-0.0024224480675660853,0.0024224480675660853,hand-box,True,False
90,left_knee_link,left_ankle_roll_link,left_knee_link,left_ankle_roll_link,-0.03622796542370346,0.03622796542370346,self-collision,False,False
90,torso_link,largebox,torso_link,largebox_link,-0.0009210303589917562,0.0009210303589917562,other-body-box,False,True
90,left_rubber_hand_link,largebox,left_rubber_hand_link,largebox_link,-0.0012100450060722329,0.0012100450060722329,hand-box,True,False
90,ground,right_ankle_roll_link,world,right_ankle_roll_link,-0.0016241120076755447,0.0016241120076755447,foot-ground,True,False
90,right_knee_link,right_ankle_roll_link,right_knee_link,right_ankle_roll_link,-0.03016001630719145,0.03016001630719145,self-collision,False,False
90,right_ankle_intermediate_1_link,right_ankle_roll_link,right_ankle_intermediate_1_link,right_ankle_roll_link,-0.003143582496902192,0.003143582496902192,self-collision,False,False
91,ground,right_ankle_roll_sphere_4_link,world,right_ankle_roll_sphere_4_link,-0.0009935570914312948,0.0009935570914312948,foot-ground,True,False
91,ground,right_ankle_roll_sphere_2_link,world,right_ankle_roll_sphere_2_link,-0.0004921827551372547,0.0004921827551372547,foot-ground,True,False
91,right_rubber_hand_link,largebox,right_rubber_hand_link,largebox_link,-0.001187866988673389,0.001187866988673389,hand-box,True,False
91,left_knee_link,left_ankle_roll_link,left_knee_link,left_ankle_roll_link,-0.03232771466071602,0.03232771466071602,self-collision,False,False
91,torso_link,largebox,torso_link,largebox_link,-0.0009435811934582761,0.0009435811934582761,other-body-box,False,True
91,left_rubber_hand_link,largebox,left_rubber_hand_link,largebox_link,-0.0011036627689464118,0.0011036627689464118,hand-box,True,False
91,left_ankle_intermediate_1_link,left_ankle_roll_link,left_ankle_intermediate_1_link,left_ankle_roll_link,-0.0019494496572163983,0.0019494496572163983,self-collision,False,False
91,ground,right_ankle_roll_link,world,right_ankle_roll_link,-0.001523454259275605,0.001523454259275605,foot-ground,True,False
91,ground,right_ankle_roll_sphere_5_link,world,right_ankle_roll_sphere_5_link,-0.0001030820718917495,0.0001030820718917495,foot-ground,True,False
91,right_knee_link,right_ankle_roll_link,right_knee_link,right_ankle_roll_link,-0.03175922082367699,0.03175922082367699,self-collision,False,False
91,right_ankle_intermediate_1_link,right_ankle_roll_link,right_ankle_intermediate_1_link,right_ankle_roll_link,-0.0031423001230615477,0.0031423001230615477,self-collision,False,False
92,ground,right_ankle_roll_sphere_4_link,world,right_ankle_roll_sphere_4_link,-0.0009978116778498946,0.0009978116778498946,foot-ground,True,False
92,ground,right_ankle_roll_sphere_2_link,world,right_ankle_roll_sphere_2_link,-0.0005770419757560657,0.0005770419757560657,foot-ground,True,False
92,right_rubber_hand_link,largebox,right_rubber_hand_link,largebox_link,-0.0015664026035061285,0.0015664026035061285,hand-box,True,False
92,left_knee_link,left_ankle_roll_link,left_knee_link,left_ankle_roll_link,-0.03028018594524201,0.03028018594524201,self-collision,False,False
92,torso_link,largebox,torso_link,largebox_link,-0.0009777463979129264,0.0009777463979129264,other-body-box,False,True
92,left_rubber_hand_link,largebox,left_rubber_hand_link,largebox_link,-0.0009753690381755636,0.0009753690381755636,hand-box,True,False
92,left_ankle_intermediate_1_link,left_ankle_roll_link,left_ankle_intermediate_1_link,left_ankle_roll_link,-0.001944825620188273,0.001944825620188273,self-collision,False,False
92,ground,right_ankle_roll_link,world,right_ankle_roll_link,-0.00140687260987769,0.00140687260987769,foot-ground,True,False
92,ground,right_ankle_roll_sphere_5_link,world,right_ankle_roll_sphere_5_link,-0.0007693115283986729,0.0007693115283986729,foot-ground,True,False
92,right_knee_link,right_ankle_roll_link,right_knee_link,right_ankle_roll_link,-0.033216376386002056,0.033216376386002056,self-collision,False,False
92,right_ankle_intermediate_1_link,right_ankle_roll_link,right_ankle_intermediate_1_link,right_ankle_roll_link,-0.003086241742124768,0.003086241742124768,self-collision,False,False
92,ground,right_ankle_roll_sphere_3_link,world,right_ankle_roll_sphere_3_link,-0.0004524991457508431,0.0004524991457508431,foot-ground,True,False
92,ground,right_ankle_roll_sphere_1_link,world,right_ankle_roll_sphere_1_link,-0.00012261486567352164,0.00012261486567352164,foot-ground,True,False
93,ground,right_ankle_roll_sphere_2_link,world,right_ankle_roll_sphere_2_link,-0.0006444397494059948,0.0006444397494059948,foot-ground,True,False
93,right_rubber_hand_link,largebox,right_rubber_hand_link,largebox_link,-0.0005884688840983171,0.0005884688840983171,hand-box,True,False
93,left_ankle_intermediate_1_link,left_ankle_roll_link,left_ankle_intermediate_1_link,left_ankle_roll_link,-0.0022146419501429954,0.0022146419501429954,self-collision,False,False
93,torso_link,largebox,torso_link,largebox_link,-0.0009443791998778733,0.0009443791998778733,other-body-box,False,True
93,ground,right_ankle_roll_link,world,right_ankle_roll_link,-0.0014099837673586177,0.0014099837673586177,foot-ground,True,False
93,ground,right_ankle_roll_sphere_3_link,world,right_ankle_roll_sphere_3_link,-0.0009163660458341117,0.0009163660458341117,foot-ground,True,False
93,ground,right_ankle_roll_sphere_4_link,world,right_ankle_roll_sphere_4_link,-0.0009975341008745487,0.0009975341008745487,foot-ground,True,False
93,ground,right_ankle_roll_sphere_5_link,world,right_ankle_roll_sphere_5_link,-0.000997694820046315,0.000997694820046315,foot-ground,True,False
93,right_knee_link,right_ankle_roll_link,right_knee_link,right_ankle_roll_link,-0.03421515320063584,0.03421515320063584,self-collision,False,False
93,left_knee_link,left_ankle_roll_link,left_knee_link,left_ankle_roll_link,-0.03135844342763197,0.03135844342763197,self-collision,False,False
93,left_rubber_hand_link,largebox,left_rubber_hand_link,largebox_link,-0.0008484631626520939,0.0008484631626520939,hand-box,True,False
93,ground,right_ankle_roll_sphere_1_link,world,right_ankle_roll_sphere_1_link,-0.0005767997035389617,0.0005767997035389617,foot-ground,True,False
94,ground,right_ankle_roll_sphere_2_link,world,right_ankle_roll_sphere_2_link,-0.000995208315695116,0.000995208315695116,foot-ground,True,False
94,right_rubber_hand_link,largebox,right_rubber_hand_link,largebox_link,-0.005406712177107767,0.005406712177107767,hand-box,True,False
94,left_ankle_intermediate_1_link,left_ankle_roll_link,left_ankle_intermediate_1_link,left_ankle_roll_link,-0.0024635222559507425,0.0024635222559507425,self-collision,False,False
94,torso_link,largebox,torso_link,largebox_link,-0.0011159050985374425,0.0011159050985374425,other-body-box,False,True
94,ground,right_ankle_roll_link,world,right_ankle_roll_link,-0.0014481122374964232,0.0014481122374964232,foot-ground,True,False
94,ground,right_ankle_roll_sphere_3_link,world,right_ankle_roll_sphere_3_link,-0.0006224551915449362,0.0006224551915449362,foot-ground,True,False
94,ground,right_ankle_roll_sphere_4_link,world,right_ankle_roll_sphere_4_link,-0.0009949253764577814,0.0009949253764577814,foot-ground,True,False
94,ground,right_ankle_roll_sphere_5_link,world,right_ankle_roll_sphere_5_link,-0.0008050053285527234,0.0008050053285527234,foot-ground,True,False
94,right_knee_link,right_ankle_roll_link,right_knee_link,right_ankle_roll_link,-0.03508648697362915,0.03508648697362915,self-collision,False,False
94,left_knee_link,left_ankle_roll_link,left_knee_link,left_ankle_roll_link,-0.03317879868120824,0.03317879868120824,self-collision,False,False
94,left_rubber_hand_link,largebox,left_rubber_hand_link,largebox_link,-0.0008173979375049878,0.0008173979375049878,hand-box,True,False
94,ground,right_ankle_roll_sphere_1_link,world,right_ankle_roll_sphere_1_link,-0.0006848164949344098,0.0006848164949344098,foot-ground,True,False
95,ground,right_ankle_roll_sphere_2_link,world,right_ankle_roll_sphere_2_link,-0.0006468568678866552,0.0006468568678866552,foot-ground,True,False
95,right_rubber_hand_link,largebox,right_rubber_hand_link,largebox_link,-0.0009700417183563931,0.0009700417183563931,hand-box,True,False
95,torso_link,largebox,torso_link,largebox_link,-0.000976640094808398,0.000976640094808398,other-body-box,False,True
95,ground,right_ankle_roll_link,world,right_ankle_roll_link,-0.0014083234012827808,0.0014083234012827808,foot-ground,True,False
95,left_ankle_roll_link,right_ankle_roll_link,left_ankle_roll_link,right_ankle_roll_link,-0.007495372788945659,0.007495372788945659,self-collision,False,False
95,ground,right_ankle_roll_sphere_3_link,world,right_ankle_roll_sphere_3_link,-0.0009164058025193647,0.0009164058025193647,foot-ground,True,False
95,ground,right_ankle_roll_sphere_4_link,world,right_ankle_roll_sphere_4_link,-0.0009959329041092984,0.0009959329041092984,foot-ground,True,False
95,ground,right_ankle_roll_sphere_5_link,world,right_ankle_roll_sphere_5_link,-0.0009964574448151345,0.0009964574448151345,foot-ground,True,False
95,right_knee_link,right_ankle_roll_link,right_knee_link,right_ankle_roll_link,-0.036020746003200654,0.036020746003200654,self-collision,False,False
95,left_knee_link,left_ankle_roll_link,left_knee_link,left_ankle_roll_link,-0.03496309360957564,0.03496309360957564,self-collision,False,False
95,left_rubber_hand_link,largebox,left_rubber_hand_link,largebox_link,-0.0007900034334099165,0.0007900034334099165,hand-box,True,False
95,ground,right_ankle_roll_sphere_1_link,world,right_ankle_roll_sphere_1_link,-0.000580584283228376,0.000580584283228376,foot-ground,True,False
96,ground,right_ankle_roll_sphere_2_link,world,right_ankle_roll_sphere_2_link,-0.0006596125024663632,0.0006596125024663632,foot-ground,True,False
96,right_rubber_hand_link,largebox,right_rubber_hand_link,largebox_link,-0.0016672420491802703,0.0016672420491802703,hand-box,True,False
96,torso_link,largebox,torso_link,largebox_link,-0.0009677385833948421,0.0009677385833948421,other-body-box,False,True
96,ground,right_ankle_roll_link,world,right_ankle_roll_link,-0.0014085670586615265,0.0014085670586615265,foot-ground,True,False
96,left_ankle_roll_link,right_ankle_roll_link,left_ankle_roll_link,right_ankle_roll_link,-0.014112339106734179,0.014112339106734179,self-collision,False,False
96,ground,right_ankle_roll_sphere_3_link,world,right_ankle_roll_sphere_3_link,-0.0009196469007689582,0.0009196469007689582,foot-ground,True,False
96,ground,right_ankle_roll_sphere_4_link,world,right_ankle_roll_sphere_4_link,-0.0009968466332623228,0.0009968466332623228,foot-ground,True,False
96,ground,right_ankle_roll_sphere_5_link,world,right_ankle_roll_sphere_5_link,-0.00099716451051621,0.00099716451051621,foot-ground,True,False
96,right_knee_link,right_ankle_roll_link,right_knee_link,right_ankle_roll_link,-0.03695515881670905,0.03695515881670905,self-collision,False,False
96,left_knee_link,left_ankle_roll_link,left_knee_link,left_ankle_roll_link,-0.03581207779646112,0.03581207779646112,self-collision,False,False
96,left_rubber_hand_link,largebox,left_rubber_hand_link,largebox_link,-0.0007147723868426992,0.0007147723868426992,hand-box,True,False
96,ground,right_ankle_roll_sphere_1_link,world,right_ankle_roll_sphere_1_link,-0.0005952793920552249,0.0005952793920552249,foot-ground,True,False
97,ground,right_ankle_roll_sphere_2_link,world,right_ankle_roll_sphere_2_link,-0.000658597423547228,0.000658597423547228,foot-ground,True,False
97,right_rubber_hand_link,largebox,right_rubber_hand_link,largebox_link,-0.001794233812653201,0.001794233812653201,hand-box,True,False
97,torso_link,largebox,torso_link,largebox_link,-0.0009588609784133978,0.0009588609784133978,other-body-box,False,True
97,left_ankle_roll_link,right_ankle_pitch_link,left_ankle_roll_link,right_ankle_pitch_link,-0.004213515529205056,0.004213515529205056,self-collision,False,False
97,ground,right_ankle_roll_link,world,right_ankle_roll_link,-0.0014090894261139277,0.0014090894261139277,foot-ground,True,False
97,left_ankle_roll_link,right_ankle_roll_link,left_ankle_roll_link,right_ankle_roll_link,-0.025357713986959657,0.025357713986959657,self-collision,False,False
97,ground,right_ankle_roll_sphere_3_link,world,right_ankle_roll_sphere_3_link,-0.0009196995449850072,0.0009196995449850072,foot-ground,True,False
97,ground,right_ankle_roll_sphere_4_link,world,right_ankle_roll_sphere_4_link,-0.0009973089788453049,0.0009973089788453049,foot-ground,True,False
97,ground,right_ankle_roll_sphere_5_link,world,right_ankle_roll_sphere_5_link,-0.000997591803382966,0.000997591803382966,foot-ground,True,False
97,right_knee_link,right_ankle_roll_link,right_knee_link,right_ankle_roll_link,-0.03780153232223632,0.03780153232223632,self-collision,False,False
97,left_ankle_roll_sphere_2_link,right_ankle_pitch_link,left_ankle_roll_sphere_2_link,right_ankle_pitch_link,-0.0010362569573063724,0.0010362569573063724,self-collision,False,False
97,left_ankle_roll_link,right_ankle_roll_sphere_1_link,left_ankle_roll_link,right_ankle_roll_sphere_1_link,-0.0055397860418526235,0.0055397860418526235,self-collision,False,False
97,ground,left_ankle_roll_link,world,left_ankle_roll_link,-0.0009793621291857707,0.0009793621291857707,foot-ground,True,False
97,left_knee_link,left_ankle_roll_link,left_knee_link,left_ankle_roll_link,-0.03512985973188454,0.03512985973188454,self-collision,False,False
97,left_rubber_hand_link,largebox,left_rubber_hand_link,largebox_link,-0.0008187907032185249,0.0008187907032185249,hand-box,True,False
97,left_ankle_roll_link,right_knee_link,left_ankle_roll_link,right_knee_link,-0.010133967866842605,0.010133967866842605,self-collision,False,False
97,ground,right_ankle_roll_sphere_1_link,world,right_ankle_roll_sphere_1_link,-0.0005939228953303127,0.0005939228953303127,foot-ground,True,False
97,ground,left_ankle_roll_sphere_4_link,world,left_ankle_roll_sphere_4_link,-0.0004552485667811369,0.0004552485667811369,foot-ground,True,False
97,left_ankle_roll_sphere_2_link,right_ankle_roll_link,left_ankle_roll_sphere_2_link,right_ankle_roll_link,-0.03489416850560653,0.03489416850560653,self-collision,False,False
98,ground,right_ankle_roll_sphere_2_link,world,right_ankle_roll_sphere_2_link,-0.0006590637456395021,0.0006590637456395021,foot-ground,True,False
98,right_rubber_hand_link,largebox,right_rubber_hand_link,largebox_link,-0.0017287623953549658,0.0017287623953549658,hand-box,True,False
98,torso_link,largebox,torso_link,largebox_link,-0.0009673666813731774,0.0009673666813731774,other-body-box,False,True
98,ground,right_ankle_roll_link,world,right_ankle_roll_link,-0.0014089467816945506,0.0014089467816945506,foot-ground,True,False
98,ground,right_ankle_roll_sphere_3_link,world,right_ankle_roll_sphere_3_link,-0.0009196228645608753,0.0009196228645608753,foot-ground,True,False
98,ground,right_ankle_roll_sphere_4_link,world,right_ankle_roll_sphere_4_link,-0.0009972165377454293,0.0009972165377454293,foot-ground,True,False
98,ground,right_ankle_roll_sphere_5_link,world,right_ankle_roll_sphere_5_link,-0.0009974416602912565,0.0009974416602912565,foot-ground,True,False
98,right_knee_link,right_ankle_roll_link,right_knee_link,right_ankle_roll_link,-0.03806350519362467,0.03806350519362467,self-collision,False,False
98,ground,left_ankle_roll_link,world,left_ankle_roll_link,-0.0018571488954884606,0.0018571488954884606,foot-ground,True,False
98,left_knee_link,left_ankle_roll_link,left_knee_link,left_ankle_roll_link,-0.034258737435101855,0.034258737435101855,self-collision,False,False
98,left_rubber_hand_link,largebox,left_rubber_hand_link,largebox_link,-0.0007854546086857872,0.0007854546086857872,hand-box,True,False
98,ground,right_ankle_roll_sphere_1_link,world,right_ankle_roll_sphere_1_link,-0.0005944023513190363,0.0005944023513190363,foot-ground,True,False
98,ground,left_ankle_roll_sphere_4_link,world,left_ankle_roll_sphere_4_link,-0.0009684091195769169,0.0009684091195769169,foot-ground,True,False
99,ground,right_ankle_roll_sphere_2_link,world,right_ankle_roll_sphere_2_link,-0.000654979288671728,0.000654979288671728,foot-ground,True,False
99,right_rubber_hand_link,largebox,right_rubber_hand_link,largebox_link,-0.004289988709647363,0.004289988709647363,hand-box,True,False
99,left_ankle_intermediate_1_link,left_ankle_roll_link,left_ankle_intermediate_1_link,left_ankle_roll_link,-0.0029432916683431593,0.0029432916683431593,self-collision,False,False
99,torso_link,largebox,torso_link,largebox_link,-0.0009201567493841434,0.0009201567493841434,other-body-box,False,True
99,ground,right_ankle_roll_link,world,right_ankle_roll_link,-0.0014070101860880896,0.0014070101860880896,foot-ground,True,False
99,ground,right_ankle_roll_sphere_3_link,world,right_ankle_roll_sphere_3_link,-0.0009187805469469774,0.0009187805469469774,foot-ground,True,False
99,ground,left_ankle_roll_sphere_2_link,world,left_ankle_roll_sphere_2_link,-0.00020417629348888893,0.00020417629348888893,foot-ground,True,False
99,ground,right_ankle_roll_sphere_4_link,world,right_ankle_roll_sphere_4_link,-0.0009948082963846657,0.0009948082963846657,foot-ground,True,False
99,ground,right_ankle_roll_sphere_5_link,world,right_ankle_roll_sphere_5_link,-0.0009960289348336397,0.0009960289348336397,foot-ground,True,False
99,right_knee_link,right_ankle_roll_link,right_knee_link,right_ankle_roll_link,-0.038252377041263386,0.038252377041263386,self-collision,False,False
99,ground,left_ankle_roll_link,world,left_ankle_roll_link,-0.0018589895481084667,0.0018589895481084667,foot-ground,True,False
99,left_knee_link,left_ankle_roll_link,left_knee_link,left_ankle_roll_link,-0.029796106805623,0.029796106805623,self-collision,False,False
99,left_rubber_hand_link,largebox,left_rubber_hand_link,largebox_link,-0.0006671796044716016,0.0006671796044716016,hand-box,True,False
99,ground,right_ankle_roll_sphere_1_link,world,right_ankle_roll_sphere_1_link,-0.0005916228308069848,0.0005916228308069848,foot-ground,True,False
99,ground,left_ankle_roll_sphere_4_link,world,left_ankle_roll_sphere_4_link,-0.0009590664282722828,0.0009590664282722828,foot-ground,True,False
100,ground,right_ankle_roll_sphere_2_link,world,right_ankle_roll_sphere_2_link,-0.0009997101195232143,0.0009997101195232143,foot-ground,True,False
100,right_rubber_hand_link,largebox,right_rubber_hand_link,largebox_link,-0.0009903710040511382,0.0009903710040511382,hand-box,True,False
100,left_ankle_intermediate_1_link,left_ankle_roll_link,left_ankle_intermediate_1_link,left_ankle_roll_link,-0.002892076393222101,0.002892076393222101,self-collision,False,False
100,torso_link,largebox,torso_link,largebox_link,-0.0010710306103110107,0.0010710306103110107,other-body-box,False,True
100,ground,right_ankle_roll_link,world,right_ankle_roll_link,-0.0014359985478685153,0.0014359985478685153,foot-ground,True,False
100,ground,left_ankle_roll_sphere_1_link,world,left_ankle_roll_sphere_1_link,-0.00099216956034798,0.00099216956034798,foot-ground,True,False
100,ground,right_ankle_roll_sphere_3_link,world,right_ankle_roll_sphere_3_link,-0.0006390770478556266,0.0006390770478556266,foot-ground,True,False
100,ground,left_ankle_roll_sphere_2_link,world,left_ankle_roll_sphere_2_link,-0.00068934234677264,0.00068934234677264,foot-ground,True,False
100,ground,right_ankle_roll_sphere_4_link,world,right_ankle_roll_sphere_4_link,-0.0006390578616061312,0.0006390578616061312,foot-ground,True,False
100,ground,right_ankle_roll_sphere_5_link,world,right_ankle_roll_sphere_5_link,-0.0005966379654293542,0.0005966379654293542,foot-ground,True,False
100,right_knee_link,right_ankle_roll_link,right_knee_link,right_ankle_roll_link,-0.038570385473702506,0.038570385473702506,self-collision,False,False
100,ground,left_ankle_roll_link,world,left_ankle_roll_link,-0.0014683399003751901,0.0014683399003751901,foot-ground,True,False
100,left_knee_link,left_ankle_roll_link,left_knee_link,left_ankle_roll_link,-0.024893400869507046,0.024893400869507046,self-collision,False,False
100,left_rubber_hand_link,largebox,left_rubber_hand_link,largebox_link,-0.0007043091701894322,0.0007043091701894322,hand-box,True,False
100,ground,right_ankle_roll_sphere_1_link,world,right_ankle_roll_sphere_1_link,-0.0009997261080644587,0.0009997261080644587,foot-ground,True,False
101,ground,right_ankle_roll_sphere_2_link,world,right_ankle_roll_sphere_2_link,-0.0009964595475160229,0.0009964595475160229,foot-ground,True,False
101,left_ankle_intermediate_1_link,left_ankle_roll_link,left_ankle_intermediate_1_link,left_ankle_roll_link,-0.0020271386885979403,0.0020271386885979403,self-collision,False,False
101,torso_link,largebox,torso_link,largebox_link,-0.0009607425703699463,0.0009607425703699463,other-body-box,False,True
101,ground,right_ankle_roll_link,world,right_ankle_roll_link,-0.0014325914142878406,0.0014325914142878406,foot-ground,True,False
101,ground,left_ankle_roll_sphere_1_link,world,left_ankle_roll_sphere_1_link,-0.0009567569920664138,0.0009567569920664138,foot-ground,True,False
101,ground,right_ankle_roll_sphere_3_link,world,right_ankle_roll_sphere_3_link,-0.0006412269336464006,0.0006412269336464006,foot-ground,True,False
101,ground,left_ankle_roll_sphere_2_link,world,left_ankle_roll_sphere_2_link,-0.0009567821282796393,0.0009567821282796393,foot-ground,True,False
101,ground,right_ankle_roll_sphere_4_link,world,right_ankle_roll_sphere_4_link,-0.000640826323073689,0.000640826323073689,foot-ground,True,False
101,ground,right_ankle_roll_sphere_5_link,world,right_ankle_roll_sphere_5_link,-0.0005991913530391099,0.0005991913530391099,foot-ground,True,False
101,right_knee_link,right_ankle_roll_link,right_knee_link,right_ankle_roll_link,-0.03879204225739277,0.03879204225739277,self-collision,False,False
101,ground,left_ankle_roll_link,world,left_ankle_roll_link,-0.0015833647252521885,0.0015833647252521885,foot-ground,True,False
101,left_knee_link,left_ankle_roll_link,left_knee_link,left_ankle_roll_link,-0.022918858354796637,0.022918858354796637,self-collision,False,False
101,left_rubber_hand_link,largebox,left_rubber_hand_link,largebox_link,-0.0010192193343836892,0.0010192193343836892,hand-box,True,False
101,ground,right_ankle_roll_sphere_1_link,world,right_ankle_roll_sphere_1_link,-0.0009967933896599486,0.0009967933896599486,foot-ground,True,False
102,ground,right_ankle_roll_sphere_2_link,world,right_ankle_roll_sphere_2_link,-0.0009972309714679798,0.0009972309714679798,foot-ground,True,False
102,right_rubber_hand_link,largebox,right_rubber_hand_link,largebox_link,-0.004808702753738528,0.004808702753738528,hand-box,True,False
102,left_ankle_intermediate_1_link,left_ankle_roll_link,left_ankle_intermediate_1_link,left_ankle_roll_link,-0.004625643200292087,0.004625643200292087,self-collision,False,False
102,torso_link,largebox,torso_link,largebox_link,-0.0009365955132633746,0.0009365955132633746,other-body-box,False,True
102,ground,right_ankle_roll_link,world,right_ankle_roll_link,-0.001433478686516474,0.001433478686516474,foot-ground,True,False
102,ground,left_ankle_roll_sphere_1_link,world,left_ankle_roll_sphere_1_link,-0.0005777113090022169,0.0005777113090022169,foot-ground,True,False
102,ground,right_ankle_roll_sphere_3_link,world,right_ankle_roll_sphere_3_link,-0.0006374118002560525,0.0006374118002560525,foot-ground,True,False
102,ground,right_ankle_roll_sphere_4_link,world,right_ankle_roll_sphere_4_link,-0.0006373613003857982,0.0006373613003857982,foot-ground,True,False
102,ground,right_ankle_roll_sphere_5_link,world,right_ankle_roll_sphere_5_link,-0.0005950494370550825,0.0005950494370550825,foot-ground,True,False
102,right_knee_link,right_ankle_roll_link,right_knee_link,right_ankle_roll_link,-0.03916158625445146,0.03916158625445146,self-collision,False,False
102,ground,left_ankle_roll_link,world,left_ankle_roll_link,-0.0009942679303786076,0.0009942679303786076,foot-ground,True,False
102,left_knee_link,left_ankle_roll_link,left_knee_link,left_ankle_roll_link,-0.021808365232363694,0.021808365232363694,self-collision,False,False
102,ground,right_ankle_roll_sphere_1_link,world,right_ankle_roll_sphere_1_link,-0.0009972730546931935,0.0009972730546931935,foot-ground,True,False
103,ground,right_ankle_roll_sphere_2_link,world,right_ankle_roll_sphere_2_link,-0.0009977164958715574,0.0009977164958715574,foot-ground,True,False
103,right_rubber_hand_link,largebox,right_rubber_hand_link,largebox_link,-0.004887222832013191,0.004887222832013191,hand-box,True,False
103,left_ankle_intermediate_1_link,left_ankle_roll_link,left_ankle_intermediate_1_link,left_ankle_roll_link,-0.004890065862837037,0.004890065862837037,self-collision,False,False
103,torso_link,largebox,torso_link,largebox_link,-0.0009477785783983811,0.0009477785783983811,other-body-box,False,True
103,ground,right_ankle_roll_link,world,right_ankle_roll_link,-0.0014342439454721329,0.0014342439454721329,foot-ground,True,False
103,ground,left_ankle_roll_sphere_1_link,world,left_ankle_roll_sphere_1_link,-0.0009958332400460566,0.0009958332400460566,foot-ground,True,False
103,ground,right_ankle_roll_sphere_3_link,world,right_ankle_roll_sphere_3_link,-0.0006336907000678389,0.0006336907000678389,foot-ground,True,False
103,ground,right_ankle_roll_sphere_4_link,world,right_ankle_roll_sphere_4_link,-0.0006336960816157719,0.0006336960816157719,foot-ground,True,False
103,ground,right_ankle_roll_sphere_5_link,world,right_ankle_roll_sphere_5_link,-0.0005908674069926142,0.0005908674069926142,foot-ground,True,False
103,right_knee_link,right_ankle_roll_link,right_knee_link,right_ankle_roll_link,-0.039794272631665656,0.039794272631665656,self-collision,False,False
103,ground,left_ankle_roll_link,world,left_ankle_roll_link,-0.0015189078871802007,0.0015189078871802007,foot-ground,True,False
103,left_knee_link,left_ankle_roll_link,left_knee_link,left_ankle_roll_link,-0.02143298934820649,0.02143298934820649,self-collision,False,False
103,ground,right_ankle_roll_sphere_1_link,world,right_ankle_roll_sphere_1_link,-0.000997712011248277,0.000997712011248277,foot-ground,True,False
104,ground,right_ankle_roll_sphere_2_link,world,right_ankle_roll_sphere_2_link,-0.0006127691315875412,0.0006127691315875412,foot-ground,True,False
104,left_ankle_intermediate_1_link,left_ankle_roll_link,left_ankle_intermediate_1_link,left_ankle_roll_link,-0.004320146365727223,0.004320146365727223,self-collision,False,False
104,torso_link,largebox,torso_link,largebox_link,-0.0009257669601381024,0.0009257669601381024,other-body-box,False,True
104,ground,right_ankle_roll_link,world,right_ankle_roll_link,-0.0014604058844514822,0.0014604058844514822,foot-ground,True,False
104,ground,left_ankle_roll_sphere_1_link,world,left_ankle_roll_sphere_1_link,-0.000993585838073875,0.000993585838073875,foot-ground,True,False
104,ground,right_ankle_roll_sphere_3_link,world,right_ankle_roll_sphere_3_link,-0.0009960985177969546,0.0009960985177969546,foot-ground,True,False
104,ground,right_ankle_roll_sphere_4_link,world,right_ankle_roll_sphere_4_link,-0.0005379024470769022,0.0005379024470769022,foot-ground,True,False
104,ground,right_ankle_roll_sphere_5_link,world,right_ankle_roll_sphere_5_link,-0.0007626847555407745,0.0007626847555407745,foot-ground,True,False
104,right_knee_link,right_ankle_roll_link,right_knee_link,right_ankle_roll_link,-0.04028323345422094,0.04028323345422094,self-collision,False,False
104,ground,left_ankle_roll_link,world,left_ankle_roll_link,-0.0015051339954272255,0.0015051339954272255,foot-ground,True,False
104,left_knee_link,left_ankle_roll_link,left_knee_link,left_ankle_roll_link,-0.022361940421312898,0.022361940421312898,self-collision,False,False
104,left_rubber_hand_link,largebox,left_rubber_hand_link,largebox_link,-0.0009037878966320773,0.0009037878966320773,hand-box,True,False
104,ground,right_ankle_roll_sphere_1_link,world,right_ankle_roll_sphere_1_link,-0.0009945991905209164,0.0009945991905209164,foot-ground,True,False
105,right_rubber_hand_link,largebox,right_rubber_hand_link,largebox_link,-0.0001834405644892123,0.0001834405644892123,hand-box,True,False
105,left_ankle_intermediate_1_link,left_ankle_roll_link,left_ankle_intermediate_1_link,left_ankle_roll_link,-0.0020415924504478683,0.0020415924504478683,self-collision,False,False
105,torso_link,largebox,torso_link,largebox_link,-0.0009882426203678685,0.0009882426203678685,other-body-box,False,True
105,ground,right_ankle_roll_link,world,right_ankle_roll_link,-0.0010479068023662962,0.0010479068023662962,foot-ground,True,False
105,ground,left_ankle_roll_sphere_1_link,world,left_ankle_roll_sphere_1_link,-0.0009917863338858536,0.0009917863338858536,foot-ground,True,False
105,ground,right_ankle_roll_sphere_3_link,world,right_ankle_roll_sphere_3_link,-0.0001914533227057062,0.0001914533227057062,foot-ground,True,False
105,ground,right_ankle_roll_sphere_4_link,world,right_ankle_roll_sphere_4_link,-0.00020055136153725433,0.00020055136153725433,foot-ground,True,False
105,ground,right_ankle_roll_sphere_5_link,world,right_ankle_roll_sphere_5_link,-0.0006250584095304377,0.0006250584095304377,foot-ground,True,False
105,right_knee_link,right_ankle_roll_link,right_knee_link,right_ankle_roll_link,-0.04055161384116479,0.04055161384116479,self-collision,False,False
105,ground,left_ankle_roll_link,world,left_ankle_roll_link,-0.0014872281812928247,0.0014872281812928247,foot-ground,True,False
105,left_knee_link,left_ankle_roll_link,left_knee_link,left_ankle_roll_link,-0.02327716906644295,0.02327716906644295,self-collision,False,False
105,left_rubber_hand_link,largebox,left_rubber_hand_link,largebox_link,-0.0031831784384486334,0.0031831784384486334,hand-box,True,False
105,ground,left_ankle_roll_sphere_3_link,world,left_ankle_roll_sphere_3_link,-9.773537709490809e-05,9.773537709490809e-05,foot-ground,True,False
106,right_rubber_hand_link,largebox,right_rubber_hand_link,largebox_link,-0.0008788818559293671,0.0008788818559293671,hand-box,True,False
106,left_ankle_intermediate_1_link,left_ankle_roll_link,left_ankle_intermediate_1_link,left_ankle_roll_link,-0.002563141242352754,0.002563141242352754,self-collision,False,False
106,torso_link,largebox,torso_link,largebox_link,-0.0009621507536893142,0.0009621507536893142,other-body-box,False,True
106,ground,right_ankle_roll_link,world,right_ankle_roll_link,-0.0010096115969329134,0.0010096115969329134,foot-ground,True,False
106,ground,left_ankle_roll_sphere_1_link,world,left_ankle_roll_sphere_1_link,-0.000992927936350938,0.000992927936350938,foot-ground,True,False
106,ground,right_ankle_roll_sphere_5_link,world,right_ankle_roll_sphere_5_link,-0.0004718990355624701,0.0004718990355624701,foot-ground,True,False
106,right_knee_link,right_ankle_roll_link,right_knee_link,right_ankle_roll_link,-0.03986508079463974,0.03986508079463974,self-collision,False,False
106,ground,left_ankle_roll_link,world,left_ankle_roll_link,-0.001456591480433412,0.001456591480433412,foot-ground,True,False
106,left_knee_link,left_ankle_roll_link,left_knee_link,left_ankle_roll_link,-0.0244186128864948,0.0244186128864948,self-collision,False,False
106,left_rubber_hand_link,largebox,left_rubber_hand_link,largebox_link,-0.0005538718852067803,0.0005538718852067803,hand-box,True,False
106,ground,left_ankle_roll_sphere_3_link,world,left_ankle_roll_sphere_3_link,-0.00021197666318991098,0.00021197666318991098,foot-ground,True,False
107,right_rubber_hand_link,largebox,right_rubber_hand_link,largebox_link,-7.198487134237042e-05,7.198487134237042e-05,hand-box,True,False
107,left_ankle_intermediate_1_link,left_ankle_roll_link,left_ankle_intermediate_1_link,left_ankle_roll_link,-0.003025852123175937,0.003025852123175937,self-collision,False,False
107,torso_link,largebox,torso_link,largebox_link,-0.0009448098622159562,0.0009448098622159562,other-body-box,False,True
107,ground,right_ankle_roll_link,world,right_ankle_roll_link,-0.0010045738875568422,0.0010045738875568422,foot-ground,True,False
107,ground,left_ankle_roll_sphere_1_link,world,left_ankle_roll_sphere_1_link,-0.0009966188437420592,0.0009966188437420592,foot-ground,True,False
107,ground,left_ankle_roll_sphere_2_link,world,left_ankle_roll_sphere_2_link,-3.6717602697473005e-05,3.6717602697473005e-05,foot-ground,True,False
107,ground,right_ankle_roll_sphere_5_link,world,right_ankle_roll_sphere_5_link,-0.00035231985657903624,0.00035231985657903624,foot-ground,True,False
107,right_knee_link,right_ankle_roll_link,right_knee_link,right_ankle_roll_link,-0.03870857820053669,0.03870857820053669,self-collision,False,False
107,left_wrist_pitch_link,largebox,left_wrist_pitch_link,largebox_link,-0.0005895494413068747,0.0005895494413068747,other-body-box,False,True
107,ground,left_ankle_roll_link,world,left_ankle_roll_link,-0.001430273999397963,0.001430273999397963,foot-ground,True,False
107,left_knee_link,left_ankle_roll_link,left_knee_link,left_ankle_roll_link,-0.025525040758504813,0.025525040758504813,self-collision,False,False
107,left_rubber_hand_link,largebox,left_rubber_hand_link,largebox_link,-0.0005668499147268441,0.0005668499147268441,hand-box,True,False
107,ground,left_ankle_roll_sphere_3_link,world,left_ankle_roll_sphere_3_link,-0.00042954690333454806,0.00042954690333454806,foot-ground,True,False
108,right_rubber_hand_link,largebox,right_rubber_hand_link,largebox_link,-0.0002195686203188829,0.0002195686203188829,hand-box,True,False
108,ground,left_ankle_roll_sphere_5_link,world,left_ankle_roll_sphere_5_link,-0.00025771820983746304,0.00025771820983746304,foot-ground,True,False
108,left_ankle_intermediate_1_link,left_ankle_roll_link,left_ankle_intermediate_1_link,left_ankle_roll_link,-0.0033125283783799614,0.0033125283783799614,self-collision,False,False
108,torso_link,largebox,torso_link,largebox_link,-0.0009561217323736104,0.0009561217323736104,other-body-box,False,True
108,ground,left_ankle_roll_sphere_1_link,world,left_ankle_roll_sphere_1_link,-0.0009993737472548175,0.0009993737472548175,foot-ground,True,False
108,ground,left_ankle_roll_sphere_2_link,world,left_ankle_roll_sphere_2_link,-0.0005984976788924136,0.0005984976788924136,foot-ground,True,False
108,right_knee_link,right_ankle_roll_link,right_knee_link,right_ankle_roll_link,-0.0393897977279804,0.0393897977279804,self-collision,False,False
108,left_wrist_pitch_link,largebox,left_wrist_pitch_link,largebox_link,-0.0007388995969209167,0.0007388995969209167,other-body-box,False,True
108,ground,left_ankle_roll_link,world,left_ankle_roll_link,-0.0014078985627403832,0.0014078985627403832,foot-ground,True,False
108,left_knee_link,left_ankle_roll_link,left_knee_link,left_ankle_roll_link,-0.02767917160669836,0.02767917160669836,self-collision,False,False
108,left_rubber_hand_link,largebox,left_rubber_hand_link,largebox_link,-0.0014050294994875367,0.0014050294994875367,hand-box,True,False
108,ground,left_ankle_roll_sphere_3_link,world,left_ankle_roll_sphere_3_link,-0.0005552141143534478,0.0005552141143534478,foot-ground,True,False
108,ground,left_ankle_roll_sphere_4_link,world,left_ankle_roll_sphere_4_link,-7.416283231855957e-05,7.416283231855957e-05,foot-ground,True,False
109,right_rubber_hand_link,largebox,right_rubber_hand_link,largebox_link,-0.0014905265360342368,0.0014905265360342368,hand-box,True,False
109,ground,left_ankle_roll_sphere_5_link,world,left_ankle_roll_sphere_5_link,-0.0006030584073393836,0.0006030584073393836,foot-ground,True,False
109,left_ankle_intermediate_1_link,left_ankle_roll_link,left_ankle_intermediate_1_link,left_ankle_roll_link,-0.003317305738559373,0.003317305738559373,self-collision,False,False
109,torso_link,largebox,torso_link,largebox_link,-0.000919882068366823,0.000919882068366823,other-body-box,False,True
109,ground,left_ankle_roll_sphere_1_link,world,left_ankle_roll_sphere_1_link,-0.0009996019305138241,0.0009996019305138241,foot-ground,True,False
109,ground,left_ankle_roll_sphere_2_link,world,left_ankle_roll_sphere_2_link,-0.000999802153699019,0.000999802153699019,foot-ground,True,False
109,right_knee_link,right_ankle_roll_link,right_knee_link,right_ankle_roll_link,-0.040562547747665156,0.040562547747665156,self-collision,False,False
109,left_wrist_pitch_link,largebox,left_wrist_pitch_link,largebox_link,-0.0026131497347818694,0.0026131497347818694,other-body-box,False,True
109,ground,left_ankle_roll_link,world,left_ankle_roll_link,-0.0014355864162121958,0.0014355864162121958,foot-ground,True,False
109,left_knee_link,left_ankle_roll_link,left_knee_link,left_ankle_roll_link,-0.02916918044007083,0.02916918044007083,self-collision,False,False
109,left_rubber_hand_link,largebox,left_rubber_hand_link,largebox_link,-0.0013863542703919512,0.0013863542703919512,hand-box,True,False
109,ground,left_ankle_roll_sphere_3_link,world,left_ankle_roll_sphere_3_link,-0.000644690234982692,0.000644690234982692,foot-ground,True,False
109,ground,left_ankle_roll_sphere_4_link,world,left_ankle_roll_sphere_4_link,-0.0006449305028049272,0.0006449305028049272,foot-ground,True,False
110,left_wrist_pitch_link,largebox,left_wrist_pitch_link,largebox_link,-0.0018357290111696428,0.0018357290111696428,other-body-box,False,True
110,right_rubber_hand_link,largebox,right_rubber_hand_link,largebox_link,-0.00042777074138675153,0.00042777074138675153,hand-box,True,False
110,ground,left_ankle_roll_link,world,left_ankle_roll_link,-0.0014274630074414818,0.0014274630074414818,foot-ground,True,False
110,ground,left_ankle_roll_sphere_5_link,world,left_ankle_roll_sphere_5_link,-0.0005919291348480292,0.0005919291348480292,foot-ground,True,False
110,left_knee_link,left_ankle_roll_link,left_knee_link,left_ankle_roll_link,-0.030595045111263375,0.030595045111263375,self-collision,False,False
110,torso_link,largebox,torso_link,largebox_link,-0.0009693277121120142,0.0009693277121120142,other-body-box,False,True
110,left_rubber_hand_link,largebox,left_rubber_hand_link,largebox_link,-0.0012020195063820738,0.0012020195063820738,hand-box,True,False
110,left_ankle_intermediate_1_link,left_ankle_roll_link,left_ankle_intermediate_1_link,left_ankle_roll_link,-0.003076462056819801,0.003076462056819801,self-collision,False,False
110,right_knee_link,right_ankle_roll_link,right_knee_link,right_ankle_roll_link,-0.03768879115336002,0.03768879115336002,self-collision,False,False
110,ground,left_ankle_roll_sphere_3_link,world,left_ankle_roll_sphere_3_link,-0.0006327608421544178,0.0006327608421544178,foot-ground,True,False
110,ground,left_ankle_roll_sphere_1_link,world,left_ankle_roll_sphere_1_link,-0.0009900694920425444,0.0009900694920425444,foot-ground,True,False
110,ground,left_ankle_roll_sphere_4_link,world,left_ankle_roll_sphere_4_link,-0.0006351237201045355,0.0006351237201045355,foot-ground,True,False
110,ground,left_ankle_roll_sphere_2_link,world,left_ankle_roll_sphere_2_link,-0.000992038557000973,0.000992038557000973,foot-ground,True,False
111,right_rubber_hand_link,largebox,right_rubber_hand_link,largebox_link,-0.0005159421087893995,0.0005159421087893995,hand-box,True,False
111,ground,left_ankle_roll_link,world,left_ankle_roll_link,-0.0014381024159988917,0.0014381024159988917,foot-ground,True,False
111,ground,left_ankle_roll_sphere_5_link,world,left_ankle_roll_sphere_5_link,-0.0005495762656509964,0.0005495762656509964,foot-ground,True,False
111,left_knee_link,left_ankle_roll_link,left_knee_link,left_ankle_roll_link,-0.03206123468890365,0.03206123468890365,self-collision,False,False
111,torso_link,largebox,torso_link,largebox_link,-0.0007790186661871812,0.0007790186661871812,other-body-box,False,True
111,left_rubber_hand_link,largebox,left_rubber_hand_link,largebox_link,-0.00037086109464383454,0.00037086109464383454,hand-box,True,False
111,left_ankle_intermediate_1_link,left_ankle_roll_link,left_ankle_intermediate_1_link,left_ankle_roll_link,-0.002708348347766537,0.002708348347766537,self-collision,False,False
111,right_knee_link,right_ankle_roll_link,right_knee_link,right_ankle_roll_link,-0.036615295258098424,0.036615295258098424,self-collision,False,False
111,ground,left_ankle_roll_sphere_3_link,world,left_ankle_roll_sphere_3_link,-0.0005965740646589777,0.0005965740646589777,foot-ground,True,False
111,ground,left_ankle_roll_sphere_1_link,world,left_ankle_roll_sphere_1_link,-0.0009984136994377014,0.0009984136994377014,foot-ground,True,False
111,ground,left_ankle_roll_sphere_4_link,world,left_ankle_roll_sphere_4_link,-0.000597118297707643,0.000597118297707643,foot-ground,True,False
111,ground,left_ankle_roll_sphere_2_link,world,left_ankle_roll_sphere_2_link,-0.0009988672269782518,0.0009988672269782518,foot-ground,True,False
112,left_wrist_pitch_link,largebox,left_wrist_pitch_link,largebox_link,-0.0004371615577893895,0.0004371615577893895,other-body-box,False,True
112,right_rubber_hand_link,largebox,right_rubber_hand_link,largebox_link,-0.0008419110247585432,0.0008419110247585432,hand-box,True,False
112,ground,left_ankle_roll_link,world,left_ankle_roll_link,-0.0014104960450099686,0.0014104960450099686,foot-ground,True,False
112,ground,left_ankle_roll_sphere_5_link,world,left_ankle_roll_sphere_5_link,-0.000998919494558075,0.000998919494558075,foot-ground,True,False
112,left_knee_link,left_ankle_roll_link,left_knee_link,left_ankle_roll_link,-0.033441619336335326,0.033441619336335326,self-collision,False,False
112,torso_link,largebox,torso_link,largebox_link,-0.001022059617450402,0.001022059617450402,other-body-box,False,True
112,left_rubber_hand_link,largebox,left_rubber_hand_link,largebox_link,-0.0009376057406618871,0.0009376057406618871,hand-box,True,False
112,left_ankle_intermediate_1_link,left_ankle_roll_link,left_ankle_intermediate_1_link,left_ankle_roll_link,-0.0026396627760568447,0.0026396627760568447,self-collision,False,False
112,right_knee_link,right_ankle_roll_link,right_knee_link,right_ankle_roll_link,-0.03599506673745825,0.03599506673745825,self-collision,False,False
112,ground,left_ankle_roll_sphere_3_link,world,left_ankle_roll_sphere_3_link,-0.0009209590189240965,0.0009209590189240965,foot-ground,True,False
112,ground,left_ankle_roll_sphere_1_link,world,left_ankle_roll_sphere_1_link,-0.0005957723155531015,0.0005957723155531015,foot-ground,True,False
112,ground,left_ankle_roll_sphere_4_link,world,left_ankle_roll_sphere_4_link,-0.0009988384049666723,0.0009988384049666723,foot-ground,True,False
112,ground,left_ankle_roll_sphere_2_link,world,left_ankle_roll_sphere_2_link,-0.0006606718039219158,0.0006606718039219158,foot-ground,True,False
113,right_rubber_hand_link,largebox,right_rubber_hand_link,largebox_link,-0.00097133599493264,0.00097133599493264,hand-box,True,False
113,ground,left_ankle_roll_sphere_5_link,world,left_ankle_roll_sphere_5_link,-0.0009976892785111121,0.0009976892785111121,foot-ground,True,False
113,torso_link,largebox,torso_link,largebox_link,-0.0009560858532223354,0.0009560858532223354,other-body-box,False,True
113,ground,left_ankle_roll_sphere_1_link,world,left_ankle_roll_sphere_1_link,-0.0005674401591613696,0.0005674401591613696,foot-ground,True,False
113,ground,left_ankle_roll_sphere_2_link,world,left_ankle_roll_sphere_2_link,-0.0006371360926641775,0.0006371360926641775,foot-ground,True,False
113,right_knee_link,right_ankle_roll_link,right_knee_link,right_ankle_roll_link,-0.03646954215469039,0.03646954215469039,self-collision,False,False
113,ground,left_ankle_roll_link,world,left_ankle_roll_link,-0.0014105502517401877,0.0014105502517401877,foot-ground,True,False
113,left_knee_link,left_ankle_roll_link,left_knee_link,left_ankle_roll_link,-0.03446485993806725,0.03446485993806725,self-collision,False,False
113,left_rubber_hand_link,largebox,left_rubber_hand_link,largebox_link,-0.00046223752763507875,0.00046223752763507875,hand-box,True,False
113,ground,left_ankle_roll_sphere_3_link,world,left_ankle_roll_sphere_3_link,-0.0009142505444517104,0.0009142505444517104,foot-ground,True,False
113,ground,left_ankle_roll_sphere_4_link,world,left_ankle_roll_sphere_4_link,-0.000997885664655077,0.000997885664655077,foot-ground,True,False
114,right_rubber_hand_link,largebox,right_rubber_hand_link,largebox_link,-0.0012364008533801707,0.0012364008533801707,hand-box,True,False
114,ground,left_ankle_roll_sphere_5_link,world,left_ankle_roll_sphere_5_link,-0.0005965420582422732,0.0005965420582422732,foot-ground,True,False
114,torso_link,largebox,torso_link,largebox_link,-0.0010241780654512977,0.0010241780654512977,other-body-box,False,True
114,ground,left_ankle_roll_sphere_1_link,world,left_ankle_roll_sphere_1_link,-0.0009993096156199017,0.0009993096156199017,foot-ground,True,False
114,ground,left_ankle_roll_sphere_2_link,world,left_ankle_roll_sphere_2_link,-0.0009992042310873256,0.0009992042310873256,foot-ground,True,False
114,right_knee_link,right_ankle_roll_link,right_knee_link,right_ankle_roll_link,-0.03731677008287515,0.03731677008287515,self-collision,False,False
114,left_wrist_pitch_link,largebox,left_wrist_pitch_link,largebox_link,-0.001251405056022531,0.001251405056022531,other-body-box,False,True
114,ground,left_ankle_roll_link,world,left_ankle_roll_link,-0.001435522846108813,0.001435522846108813,foot-ground,True,False
114,left_knee_link,left_ankle_roll_link,left_knee_link,left_ankle_roll_link,-0.035504693753694166,0.035504693753694166,self-collision,False,False
114,left_rubber_hand_link,largebox,left_rubber_hand_link,largebox_link,-0.0010425254350873853,0.0010425254350873853,hand-box,True,False
114,ground,left_ankle_roll_sphere_3_link,world,left_ankle_roll_sphere_3_link,-0.0006389963273945925,0.0006389963273945925,foot-ground,True,False
114,ground,left_ankle_roll_sphere_4_link,world,left_ankle_roll_sphere_4_link,-0.0006388698659555011,0.0006388698659555011,foot-ground,True,False
115,right_rubber_hand_link,largebox,right_rubber_hand_link,largebox_link,-0.0019251412742747054,0.0019251412742747054,hand-box,True,False
115,ground,left_ankle_roll_sphere_5_link,world,left_ankle_roll_sphere_5_link,-0.0005365410765444485,0.0005365410765444485,foot-ground,True,False
115,torso_link,largebox,torso_link,largebox_link,-0.0009569873535906215,0.0009569873535906215,other-body-box,False,True
115,ground,left_ankle_roll_sphere_1_link,world,left_ankle_roll_sphere_1_link,-0.0009971108170477644,0.0009971108170477644,foot-ground,True,False
115,ground,left_ankle_roll_sphere_2_link,world,left_ankle_roll_sphere_2_link,-0.0009984773803052354,0.0009984773803052354,foot-ground,True,False
115,right_knee_link,right_ankle_roll_link,right_knee_link,right_ankle_roll_link,-0.037369531984492554,0.037369531984492554,self-collision,False,False
115,left_wrist_pitch_link,largebox,left_wrist_pitch_link,largebox_link,-0.0011448069946705663,0.0011448069946705663,other-body-box,False,True
115,ground,left_ankle_roll_link,world,left_ankle_roll_link,-0.001438260569409721,0.001438260569409721,foot-ground,True,False
115,left_knee_link,left_ankle_roll_link,left_knee_link,left_ankle_roll_link,-0.03635315553712129,0.03635315553712129,self-collision,False,False
115,left_rubber_hand_link,largebox,left_rubber_hand_link,largebox_link,-0.0010658588671541291,0.0010658588671541291,hand-box,True,False
115,ground,left_ankle_roll_sphere_3_link,world,left_ankle_roll_sphere_3_link,-0.0005842740882880731,0.0005842740882880731,foot-ground,True,False
115,ground,left_ankle_roll_sphere_4_link,world,left_ankle_roll_sphere_4_link,-0.0005859139641970447,0.0005859139641970447,foot-ground,True,False
116,right_rubber_hand_link,largebox,right_rubber_hand_link,largebox_link,-0.0005584440516024358,0.0005584440516024358,hand-box,True,False
116,ground,left_ankle_roll_sphere_5_link,world,left_ankle_roll_sphere_5_link,-0.0005933703885676244,0.0005933703885676244,foot-ground,True,False
116,torso_link,largebox,torso_link,largebox_link,-0.0009489177530392356,0.0009489177530392356,other-body-box,False,True
116,ground,right_ankle_roll_link,world,right_ankle_roll_link,-0.0003418499985908263,0.0003418499985908263,foot-ground,True,False
116,ground,left_ankle_roll_sphere_1_link,world,left_ankle_roll_sphere_1_link,-0.0009934298356322506,0.0009934298356322506,foot-ground,True,False
116,left_ankle_roll_link,right_ankle_roll_link,left_ankle_roll_link,right_ankle_roll_link,-0.00587101327863189,0.00587101327863189,self-collision,False,False
116,ground,left_ankle_roll_sphere_2_link,world,left_ankle_roll_sphere_2_link,-0.0009946763641242055,0.0009946763641242055,foot-ground,True,False
116,right_knee_link,right_ankle_roll_link,right_knee_link,right_ankle_roll_link,-0.03641031693628666,0.03641031693628666,self-collision,False,False
116,left_ankle_roll_link,right_ankle_roll_sphere_1_link,left_ankle_roll_link,right_ankle_roll_sphere_1_link,-0.0004957816282618599,0.0004957816282618599,self-collision,False,False
116,ground,left_ankle_roll_link,world,left_ankle_roll_link,-0.0014304207775043438,0.0014304207775043438,foot-ground,True,False
116,left_knee_link,left_ankle_roll_link,left_knee_link,left_ankle_roll_link,-0.036613330600201915,0.036613330600201915,self-collision,False,False
116,left_rubber_hand_link,largebox,left_rubber_hand_link,largebox_link,-0.0010532455404019397,0.0010532455404019397,hand-box,True,False
116,ground,left_ankle_roll_sphere_3_link,world,left_ankle_roll_sphere_3_link,-0.0006347995989788328,0.0006347995989788328,foot-ground,True,False
116,ground,left_ankle_roll_sphere_4_link,world,left_ankle_roll_sphere_4_link,-0.0006362954331691753,0.0006362954331691753,foot-ground,True,False
116,left_ankle_roll_sphere_2_link,right_ankle_roll_link,left_ankle_roll_sphere_2_link,right_ankle_roll_link,-0.01102234426947575,0.01102234426947575,self-collision,False,False
117,right_rubber_hand_link,largebox,right_rubber_hand_link,largebox_link,-0.0002010579408158325,0.0002010579408158325,hand-box,True,False
117,ground,left_ankle_roll_sphere_5_link,world,left_ankle_roll_sphere_5_link,-0.0005957649288062866,0.0005957649288062866,foot-ground,True,False
117,torso_link,largebox,torso_link,largebox_link,-0.0009405207732392923,0.0009405207732392923,other-body-box,False,True
117,ground,right_ankle_roll_link,world,right_ankle_roll_link,-0.0018561920454713138,0.0018561920454713138,foot-ground,True,False
117,ground,left_ankle_roll_sphere_1_link,world,left_ankle_roll_sphere_1_link,-0.0009969268139128793,0.0009969268139128793,foot-ground,True,False
117,left_ankle_roll_link,right_ankle_roll_link,left_ankle_roll_link,right_ankle_roll_link,-0.011376969191132194,0.011376969191132194,self-collision,False,False
117,ground,right_ankle_roll_sphere_3_link,world,right_ankle_roll_sphere_3_link,-0.0009566543877674539,0.0009566543877674539,foot-ground,True,False
117,ground,left_ankle_roll_sphere_2_link,world,left_ankle_roll_sphere_2_link,-0.0009988199878163987,0.0009988199878163987,foot-ground,True,False
117,right_knee_link,right_ankle_roll_link,right_knee_link,right_ankle_roll_link,-0.035531540655531185,0.035531540655531185,self-collision,False,False
117,left_ankle_roll_link,right_ankle_roll_sphere_1_link,left_ankle_roll_link,right_ankle_roll_sphere_1_link,-0.029267168567358837,0.029267168567358837,self-collision,False,False
117,left_wrist_pitch_link,largebox,left_wrist_pitch_link,largebox_link,-0.0010985507836619862,0.0010985507836619862,other-body-box,False,True
117,ground,left_ankle_roll_link,world,left_ankle_roll_link,-0.0014344677546724305,0.0014344677546724305,foot-ground,True,False
117,left_knee_link,left_ankle_roll_link,left_knee_link,left_ankle_roll_link,-0.03680413259599924,0.03680413259599924,self-collision,False,False
117,left_rubber_hand_link,largebox,left_rubber_hand_link,largebox_link,-0.0009210032533809448,0.0009210032533809448,hand-box,True,False
117,ground,left_ankle_roll_sphere_3_link,world,left_ankle_roll_sphere_3_link,-0.0006369562320492654,0.0006369562320492654,foot-ground,True,False
117,ground,left_ankle_roll_sphere_4_link,world,left_ankle_roll_sphere_4_link,-0.0006392280407334873,0.0006392280407334873,foot-ground,True,False
117,left_ankle_roll_sphere_2_link,right_ankle_roll_link,left_ankle_roll_sphere_2_link,right_ankle_roll_link,-0.001231374822599024,0.001231374822599024,self-collision,False,False
118,ground,left_ankle_roll_sphere_5_link,world,left_ankle_roll_sphere_5_link,-0.0004147509320100466,0.0004147509320100466,foot-ground,True,False
118,torso_link,largebox,torso_link,largebox_link,-0.0009225317465734045,0.0009225317465734045,other-body-box,False,True
118,ground,right_ankle_roll_link,world,right_ankle_roll_link,-0.001422121908024234,0.001422121908024234,foot-ground,True,False
118,ground,left_ankle_roll_sphere_1_link,world,left_ankle_roll_sphere_1_link,-0.000996668505664179,0.000996668505664179,foot-ground,True,False
118,ground,left_ankle_roll_sphere_2_link,world,left_ankle_roll_sphere_2_link,-0.0009992199914611232,0.0009992199914611232,foot-ground,True,False
118,right_knee_link,right_ankle_roll_link,right_knee_link,right_ankle_roll_link,-0.033035576186975335,0.033035576186975335,self-collision,False,False
118,right_ankle_intermediate_1_link,right_ankle_roll_link,right_ankle_intermediate_1_link,right_ankle_roll_link,-0.0026184736390733043,0.0026184736390733043,self-collision,False,False
118,left_wrist_pitch_link,largebox,left_wrist_pitch_link,largebox_link,-0.0009400426501294523,0.0009400426501294523,other-body-box,False,True
118,ground,left_ankle_roll_link,world,left_ankle_roll_link,-0.0014477424762236284,0.0014477424762236284,foot-ground,True,False
118,left_knee_link,left_ankle_roll_link,left_knee_link,left_ankle_roll_link,-0.03702409074176749,0.03702409074176749,self-collision,False,False
118,left_rubber_hand_link,largebox,left_rubber_hand_link,largebox_link,-0.0008417119283736646,0.0008417119283736646,hand-box,True,False
118,ground,left_ankle_roll_sphere_3_link,world,left_ankle_roll_sphere_3_link,-0.00047460881069531346,0.00047460881069531346,foot-ground,True,False
118,ground,right_ankle_roll_sphere_1_link,world,right_ankle_roll_sphere_1_link,-0.0009284697501061893,0.0009284697501061893,foot-ground,True,False
118,ground,left_ankle_roll_sphere_4_link,world,left_ankle_roll_sphere_4_link,-0.0004776705936516473,0.0004776705936516473,foot-ground,True,False
119,ground,right_ankle_roll_sphere_2_link,world,right_ankle_roll_sphere_2_link,-0.0009133818251773887,0.0009133818251773887,foot-ground,True,False
119,right_rubber_hand_link,largebox,right_rubber_hand_link,largebox_link,-0.00368692941093951,0.00368692941093951,hand-box,True,False
119,ground,left_ankle_roll_sphere_5_link,world,left_ankle_roll_sphere_5_link,-0.0005945955786237833,0.0005945955786237833,foot-ground,True,False
119,torso_link,largebox,torso_link,largebox_link,-0.0008357029767520341,0.0008357029767520341,other-body-box,False,True
119,ground,right_ankle_roll_link,world,right_ankle_roll_link,-0.001360608477368054,0.001360608477368054,foot-ground,True,False
119,ground,left_ankle_roll_sphere_1_link,world,left_ankle_roll_sphere_1_link,-0.0009978448532908931,0.0009978448532908931,foot-ground,True,False
119,ground,right_ankle_roll_sphere_3_link,world,right_ankle_roll_sphere_3_link,-0.0005431462790910562,0.0005431462790910562,foot-ground,True,False
119,ground,left_ankle_roll_sphere_2_link,world,left_ankle_roll_sphere_2_link,-0.0010013003648425165,0.0010013003648425165,foot-ground,True,False
119,ground,right_ankle_roll_sphere_4_link,world,right_ankle_roll_sphere_4_link,-0.0005275080270900614,0.0005275080270900614,foot-ground,True,False
119,ground,right_ankle_roll_sphere_5_link,world,right_ankle_roll_sphere_5_link,-0.0004900835518646075,0.0004900835518646075,foot-ground,True,False
119,right_knee_link,right_ankle_roll_link,right_knee_link,right_ankle_roll_link,-0.029787117857754453,0.029787117857754453,self-collision,False,False
119,right_ankle_intermediate_1_link,right_ankle_roll_link,right_ankle_intermediate_1_link,right_ankle_roll_link,-0.0030998475008786053,0.0030998475008786053,self-collision,False,False
119,left_wrist_pitch_link,largebox,left_wrist_pitch_link,largebox_link,-0.0020480567003411665,0.0020480567003411665,other-body-box,False,True
119,ground,left_ankle_roll_link,world,left_ankle_roll_link,-0.0014366758614288502,0.0014366758614288502,foot-ground,True,False
119,left_knee_link,left_ankle_roll_link,left_knee_link,left_ankle_roll_link,-0.037271366526029526,0.037271366526029526,self-collision,False,False
119,left_rubber_hand_link,largebox,left_rubber_hand_link,largebox_link,-0.001103848782000913,0.001103848782000913,hand-box,True,False
119,ground,left_ankle_roll_sphere_3_link,world,left_ankle_roll_sphere_3_link,-0.0006351514327920622,0.0006351514327920622,foot-ground,True,False
119,ground,right_ankle_roll_sphere_1_link,world,right_ankle_roll_sphere_1_link,-0.0009264137018448844,0.0009264137018448844,foot-ground,True,False
119,ground,left_ankle_roll_sphere_4_link,world,left_ankle_roll_sphere_4_link,-0.0006392980466540131,0.0006392980466540131,foot-ground,True,False
120,ground,right_ankle_roll_sphere_2_link,world,right_ankle_roll_sphere_2_link,-0.0004025303551306791,0.0004025303551306791,foot-ground,True,False
120,right_rubber_hand_link,largebox,right_rubber_hand_link,largebox_link,-0.0009989873586820353,0.0009989873586820353,hand-box,True,False
120,ground,left_ankle_roll_sphere_5_link,world,left_ankle_roll_sphere_5_link,-0.0009988407368256525,0.0009988407368256525,foot-ground,True,False
120,torso_link,largebox,torso_link,largebox_link,-0.0010019862903153515,0.0010019862903153515,other-body-box,False,True
120,ground,right_ankle_roll_link,world,right_ankle_roll_link,-0.0015939026957024448,0.0015939026957024448,foot-ground,True,False
120,ground,left_ankle_roll_sphere_1_link,world,left_ankle_roll_sphere_1_link,-0.0006573642405658204,0.0006573642405658204,foot-ground,True,False
120,ground,left_ankle_roll_sphere_2_link,world,left_ankle_roll_sphere_2_link,-0.0005914417013024439,0.0005914417013024439,foot-ground,True,False
120,ground,right_ankle_roll_sphere_4_link,world,right_ankle_roll_sphere_4_link,-0.0009965843738415454,0.0009965843738415454,foot-ground,True,False
120,right_knee_link,right_ankle_roll_link,right_knee_link,right_ankle_roll_link,-0.02750783100188106,0.02750783100188106,self-collision,False,False
120,right_ankle_intermediate_1_link,right_ankle_roll_link,right_ankle_intermediate_1_link,right_ankle_roll_link,-0.0034544514175811197,0.0034544514175811197,self-collision,False,False
120,left_wrist_pitch_link,largebox,left_wrist_pitch_link,largebox_link,-0.0009294564053884957,0.0009294564053884957,other-body-box,False,True
120,ground,left_ankle_roll_link,world,left_ankle_roll_link,-0.001410740421588775,0.001410740421588775,foot-ground,True,False
120,left_knee_link,left_ankle_roll_link,left_knee_link,left_ankle_roll_link,-0.03760636375412932,0.03760636375412932,self-collision,False,False
120,left_rubber_hand_link,largebox,left_rubber_hand_link,largebox_link,-0.0011636874825616955,0.0011636874825616955,hand-box,True,False
120,ground,left_ankle_roll_sphere_3_link,world,left_ankle_roll_sphere_3_link,-0.000998979758710889,0.000998979758710889,foot-ground,True,False
120,ground,left_ankle_roll_sphere_4_link,world,left_ankle_roll_sphere_4_link,-0.0009198727115948364,0.0009198727115948364,foot-ground,True,False
121,ground,right_ankle_roll_sphere_2_link,world,right_ankle_roll_sphere_2_link,-0.0002053515794591147,0.0002053515794591147,foot-ground,True,False
121,ground,left_ankle_roll_sphere_5_link,world,left_ankle_roll_sphere_5_link,-0.0009183864202190533,0.0009183864202190533,foot-ground,True,False
121,torso_link,largebox,torso_link,largebox_link,-0.0009367158838583661,0.0009367158838583661,other-body-box,False,True
121,ground,right_ankle_roll_link,world,right_ankle_roll_link,-0.0019250548754567026,0.0019250548754567026,foot-ground,True,False
121,ground,left_ankle_roll_sphere_1_link,world,left_ankle_roll_sphere_1_link,-0.000735173624539019,0.000735173624539019,foot-ground,True,False
121,ground,left_ankle_roll_sphere_2_link,world,left_ankle_roll_sphere_2_link,-0.0005542926914785832,0.0005542926914785832,foot-ground,True,False
121,ground,right_ankle_roll_sphere_4_link,world,right_ankle_roll_sphere_4_link,-0.0009864643238932476,0.0009864643238932476,foot-ground,True,False
121,right_knee_link,right_ankle_roll_link,right_knee_link,right_ankle_roll_link,-0.02556458221290825,0.02556458221290825,self-collision,False,False
121,right_ankle_intermediate_1_link,right_ankle_roll_link,right_ankle_intermediate_1_link,right_ankle_roll_link,-0.003077722970823024,0.003077722970823024,self-collision,False,False
121,left_wrist_pitch_link,largebox,left_wrist_pitch_link,largebox_link,-4.112243693663031e-06,4.112243693663031e-06,other-body-box,False,True
121,ground,left_ankle_roll_link,world,left_ankle_roll_link,-0.0013967118326912754,0.0013967118326912754,foot-ground,True,False
121,left_knee_link,left_ankle_roll_link,left_knee_link,left_ankle_roll_link,-0.03829850291398387,0.03829850291398387,self-collision,False,False
121,left_rubber_hand_link,largebox,left_rubber_hand_link,largebox_link,-0.0006577843654771015,0.0006577843654771015,hand-box,True,False
121,ground,left_ankle_roll_sphere_3_link,world,left_ankle_roll_sphere_3_link,-0.0009981093735068674,0.0009981093735068674,foot-ground,True,False
121,ground,left_ankle_roll_sphere_4_link,world,left_ankle_roll_sphere_4_link,-0.0007810522538343424,0.0007810522538343424,foot-ground,True,False
122,ground,right_ankle_roll_sphere_2_link,world,right_ankle_roll_sphere_2_link,-0.00023173173765220472,0.00023173173765220472,foot-ground,True,False
122,right_rubber_hand_link,largebox,right_rubber_hand_link,largebox_link,-0.0009699094501046807,0.0009699094501046807,hand-box,True,False
122,torso_link,largebox,torso_link,largebox_link,-0.0009933313820328776,0.0009933313820328776,other-body-box,False,True
122,ground,right_ankle_roll_link,world,right_ankle_roll_link,-0.0019241932212753152,0.0019241932212753152,foot-ground,True,False
122,ground,left_ankle_roll_sphere_1_link,world,left_ankle_roll_sphere_1_link,-0.0004837536888988364,0.0004837536888988364,foot-ground,True,False
122,ground,left_ankle_roll_sphere_2_link,world,left_ankle_roll_sphere_2_link,-0.0005129443904219764,0.0005129443904219764,foot-ground,True,False
122,ground,right_ankle_roll_sphere_4_link,world,right_ankle_roll_sphere_4_link,-0.0009954100802164216,0.0009954100802164216,foot-ground,True,False
122,right_knee_link,right_ankle_roll_link,right_knee_link,right_ankle_roll_link,-0.025535819070443055,0.025535819070443055,self-collision,False,False
122,right_ankle_intermediate_1_link,right_ankle_roll_link,right_ankle_intermediate_1_link,right_ankle_roll_link,-0.0030638279509166283,0.0030638279509166283,self-collision,False,False
122,ground,left_ankle_roll_link,world,left_ankle_roll_link,-0.0010051642650713462,0.0010051642650713462,foot-ground,True,False
122,left_knee_link,left_ankle_roll_link,left_knee_link,left_ankle_roll_link,-0.03940844795261733,0.03940844795261733,self-collision,False,False
122,left_rubber_hand_link,largebox,left_rubber_hand_link,largebox_link,-0.0006618665277009217,0.0006618665277009217,hand-box,True,False
123,ground,right_ankle_roll_sphere_2_link,world,right_ankle_roll_sphere_2_link,-0.00024585093780510586,0.00024585093780510586,foot-ground,True,False
123,right_rubber_hand_link,largebox,right_rubber_hand_link,largebox_link,-0.0006031100896540798,0.0006031100896540798,hand-box,True,False
123,left_shoulder_yaw_link,largebox,left_shoulder_yaw_link,largebox_link,-0.0005575704519513586,0.0005575704519513586,other-body-box,False,True
123,torso_link,largebox,torso_link,largebox_link,-0.0010457636541663096,0.0010457636541663096,other-body-box,False,True
123,ground,right_ankle_roll_link,world,right_ankle_roll_link,-0.0018804600780290594,0.0018804600780290594,foot-ground,True,False
123,ground,right_ankle_roll_sphere_4_link,world,right_ankle_roll_sphere_4_link,-0.0009889987399642778,0.0009889987399642778,foot-ground,True,False
123,right_knee_link,right_ankle_roll_link,right_knee_link,right_ankle_roll_link,-0.025905229278741837,0.025905229278741837,self-collision,False,False
123,right_ankle_intermediate_1_link,right_ankle_roll_link,right_ankle_intermediate_1_link,right_ankle_roll_link,-0.003218981937028534,0.003218981937028534,self-collision,False,False
123,left_knee_link,left_ankle_roll_link,left_knee_link,left_ankle_roll_link,-0.04026884387926313,0.04026884387926313,self-collision,False,False
123,left_rubber_hand_link,largebox,left_rubber_hand_link,largebox_link,-0.0005488337339673993,0.0005488337339673993,hand-box,True,False
124,ground,right_ankle_roll_sphere_2_link,world,right_ankle_roll_sphere_2_link,-0.00024292253387116474,0.00024292253387116474,foot-ground,True,False
124,right_rubber_hand_link,largebox,right_rubber_hand_link,largebox_link,-0.0005285337717727961,0.0005285337717727961,hand-box,True,False
124,left_shoulder_yaw_link,largebox,left_shoulder_yaw_link,largebox_link,-0.0006469495357025734,0.0006469495357025734,other-body-box,False,True
124,torso_link,largebox,torso_link,largebox_link,-0.0009560664448552691,0.0009560664448552691,other-body-box,False,True
124,ground,right_ankle_roll_link,world,right_ankle_roll_link,-0.0018474798870430562,0.0018474798870430562,foot-ground,True,False
124,ground,right_ankle_roll_sphere_4_link,world,right_ankle_roll_sphere_4_link,-0.000973133485421526,0.000973133485421526,foot-ground,True,False
124,right_knee_link,right_ankle_roll_link,right_knee_link,right_ankle_roll_link,-0.027949331042878944,0.027949331042878944,self-collision,False,False
124,right_ankle_intermediate_1_link,right_ankle_roll_link,right_ankle_intermediate_1_link,right_ankle_roll_link,-0.0033587650635530097,0.0033587650635530097,self-collision,False,False
124,left_knee_link,left_ankle_roll_link,left_knee_link,left_ankle_roll_link,-0.040871075360047526,0.040871075360047526,self-collision,False,False
124,left_rubber_hand_link,largebox,left_rubber_hand_link,largebox_link,-0.0002449666024130631,0.0002449666024130631,hand-box,True,False
125,ground,right_ankle_roll_sphere_2_link,world,right_ankle_roll_sphere_2_link,-0.00025944216297842364,0.00025944216297842364,foot-ground,True,False
125,left_shoulder_yaw_link,largebox,left_shoulder_yaw_link,largebox_link,-0.0007417699762104352,0.0007417699762104352,other-body-box,False,True
125,torso_link,largebox,torso_link,largebox_link,-0.0009896734614211061,0.0009896734614211061,other-body-box,False,True
125,ground,right_ankle_roll_link,world,right_ankle_roll_link,-0.0018069380471023022,0.0018069380471023022,foot-ground,True,False
125,ground,right_ankle_roll_sphere_4_link,world,right_ankle_roll_sphere_4_link,-0.0009732896314437146,0.0009732896314437146,foot-ground,True,False
125,right_knee_link,right_ankle_roll_link,right_knee_link,right_ankle_roll_link,-0.02901804756144627,0.02901804756144627,self-collision,False,False
125,right_ankle_intermediate_1_link,right_ankle_roll_link,right_ankle_intermediate_1_link,right_ankle_roll_link,-0.0031934738979370603,0.0031934738979370603,self-collision,False,False
125,left_knee_link,left_ankle_roll_link,left_knee_link,left_ankle_roll_link,-0.04189046455528686,0.04189046455528686,self-collision,False,False
125,left_rubber_hand_link,largebox,left_rubber_hand_link,largebox_link,-0.0005287441895461958,0.0005287441895461958,hand-box,True,False
126,ground,right_ankle_roll_sphere_2_link,world,right_ankle_roll_sphere_2_link,-0.0002534593684689014,0.0002534593684689014,foot-ground,True,False
126,right_rubber_hand_link,largebox,right_rubber_hand_link,largebox_link,-0.0009216638351333406,0.0009216638351333406,hand-box,True,False
126,left_shoulder_yaw_link,largebox,left_shoulder_yaw_link,largebox_link,-0.0008059959522213334,0.0008059959522213334,other-body-box,False,True
126,torso_link,largebox,torso_link,largebox_link,-0.0009739871594120764,0.0009739871594120764,other-body-box,False,True
126,ground,right_ankle_roll_link,world,right_ankle_roll_link,-0.001860700496950845,0.001860700496950845,foot-ground,True,False
126,ground,right_ankle_roll_sphere_4_link,world,right_ankle_roll_sphere_4_link,-0.0009918729033460026,0.0009918729033460026,foot-ground,True,False
126,right_knee_link,right_ankle_roll_link,right_knee_link,right_ankle_roll_link,-0.030034502547856362,0.030034502547856362,self-collision,False,False
126,right_ankle_intermediate_1_link,right_ankle_roll_link,right_ankle_intermediate_1_link,right_ankle_roll_link,-0.0032844123191336366,0.0032844123191336366,self-collision,False,False
126,left_knee_link,left_ankle_roll_link,left_knee_link,left_ankle_roll_link,-0.04288787672247646,0.04288787672247646,self-collision,False,False
126,left_rubber_hand_link,largebox,left_rubber_hand_link,largebox_link,-0.0004815109385041677,0.0004815109385041677,hand-box,True,False
127,ground,right_ankle_roll_sphere_2_link,world,right_ankle_roll_sphere_2_link,-0.00024155597160748898,0.00024155597160748898,foot-ground,True,False
127,right_rubber_hand_link,largebox,right_rubber_hand_link,largebox_link,-0.00097409522984368,0.00097409522984368,hand-box,True,False
127,left_shoulder_yaw_link,largebox,left_shoulder_yaw_link,largebox_link,-0.0007675541399984886,0.0007675541399984886,other-body-box,False,True
127,torso_link,largebox,torso_link,largebox_link,-0.000975720752906542,0.000975720752906542,other-body-box,False,True
127,ground,right_ankle_roll_link,world,right_ankle_roll_link,-0.0018734146966393715,0.0018734146966393715,foot-ground,True,False
127,ground,right_ankle_roll_sphere_4_link,world,right_ankle_roll_sphere_4_link,-0.0009790822023513805,0.0009790822023513805,foot-ground,True,False
127,right_knee_link,right_ankle_roll_link,right_knee_link,right_ankle_roll_link,-0.030604037869685574,0.030604037869685574,self-collision,False,False
127,right_ankle_intermediate_1_link,right_ankle_roll_link,right_ankle_intermediate_1_link,right_ankle_roll_link,-0.003212153328363318,0.003212153328363318,self-collision,False,False
127,left_knee_link,left_ankle_roll_link,left_knee_link,left_ankle_roll_link,-0.042425283045340684,0.042425283045340684,self-collision,False,False
127,left_rubber_hand_link,largebox,left_rubber_hand_link,largebox_link,-0.0010539116711336394,0.0010539116711336394,hand-box,True,False
128,ground,right_ankle_roll_sphere_2_link,world,right_ankle_roll_sphere_2_link,-0.00023525829032579586,0.00023525829032579586,foot-ground,True,False
128,right_rubber_hand_link,largebox,right_rubber_hand_link,largebox_link,-0.0008265695946651913,0.0008265695946651913,hand-box,True,False
128,left_shoulder_yaw_link,largebox,left_shoulder_yaw_link,largebox_link,-0.0007577594037607577,0.0007577594037607577,other-body-box,False,True
128,torso_link,largebox,torso_link,largebox_link,-0.0009764674800791517,0.0009764674800791517,other-body-box,False,True
128,ground,right_ankle_roll_link,world,right_ankle_roll_link,-0.0019132496487087418,0.0019132496487087418,foot-ground,True,False
128,ground,right_ankle_roll_sphere_4_link,world,right_ankle_roll_sphere_4_link,-0.0009947661821424853,0.0009947661821424853,foot-ground,True,False
128,right_knee_link,right_ankle_roll_link,right_knee_link,right_ankle_roll_link,-0.030535223696489727,0.030535223696489727,self-collision,False,False
128,right_ankle_intermediate_1_link,right_ankle_roll_link,right_ankle_intermediate_1_link,right_ankle_roll_link,-0.003190389510880659,0.003190389510880659,self-collision,False,False
128,left_knee_link,left_ankle_roll_link,left_knee_link,left_ankle_roll_link,-0.04221822103338016,0.04221822103338016,self-collision,False,False
128,left_rubber_hand_link,largebox,left_rubber_hand_link,largebox_link,-0.0004895565487019471,0.0004895565487019471,hand-box,True,False
129,ground,right_ankle_roll_sphere_2_link,world,right_ankle_roll_sphere_2_link,-0.0002589441471159996,0.0002589441471159996,foot-ground,True,False
129,right_rubber_hand_link,largebox,right_rubber_hand_link,largebox_link,-0.0008041909119940321,0.0008041909119940321,hand-box,True,False
129,left_shoulder_yaw_link,largebox,left_shoulder_yaw_link,largebox_link,-0.000776171406478815,0.000776171406478815,other-body-box,False,True
129,torso_link,largebox,torso_link,largebox_link,-0.0009905949523720814,0.0009905949523720814,other-body-box,False,True
129,ground,right_ankle_roll_link,world,right_ankle_roll_link,-0.0018522763671847409,0.0018522763671847409,foot-ground,True,False
129,ground,right_ankle_roll_sphere_4_link,world,right_ankle_roll_sphere_4_link,-0.0009875127659838513,0.0009875127659838513,foot-ground,True,False
129,right_knee_link,right_ankle_roll_link,right_knee_link,right_ankle_roll_link,-0.03037699641147082,0.03037699641147082,self-collision,False,False
129,right_ankle_intermediate_1_link,right_ankle_roll_link,right_ankle_intermediate_1_link,right_ankle_roll_link,-0.0031424064778256405,0.0031424064778256405,self-collision,False,False
129,left_knee_link,left_ankle_roll_link,left_knee_link,left_ankle_roll_link,-0.04196618016090839,0.04196618016090839,self-collision,False,False
129,left_rubber_hand_link,largebox,left_rubber_hand_link,largebox_link,-0.0002503977790452999,0.0002503977790452999,hand-box,True,False
130,ground,right_ankle_roll_sphere_2_link,world,right_ankle_roll_sphere_2_link,-0.0002776942407526307,0.0002776942407526307,foot-ground,True,False
130,right_rubber_hand_link,largebox,right_rubber_hand_link,largebox_link,-0.0008209724593915974,0.0008209724593915974,hand-box,True,False
130,left_shoulder_yaw_link,largebox,left_shoulder_yaw_link,largebox_link,-0.0007716702811416121,0.0007716702811416121,other-body-box,False,True
130,torso_link,largebox,torso_link,largebox_link,-0.0008992866283017986,0.0008992866283017986,other-body-box,False,True
130,ground,right_ankle_roll_link,world,right_ankle_roll_link,-0.0018170268474932555,0.0018170268474932555,foot-ground,True,False
130,ground,right_ankle_roll_sphere_4_link,world,right_ankle_roll_sphere_4_link,-0.0009875053113382283,0.0009875053113382283,foot-ground,True,False
130,right_knee_link,right_ankle_roll_link,right_knee_link,right_ankle_roll_link,-0.030275988834923412,0.030275988834923412,self-collision,False,False
130,right_ankle_intermediate_1_link,right_ankle_roll_link,right_ankle_intermediate_1_link,right_ankle_roll_link,-0.0031005912894577353,0.0031005912894577353,self-collision,False,False
130,left_knee_link,left_ankle_roll_link,left_knee_link,left_ankle_roll_link,-0.041254088284955664,0.041254088284955664,self-collision,False,False
130,left_rubber_hand_link,largebox,left_rubber_hand_link,largebox_link,-2.100806047733439e-06,2.100806047733439e-06,hand-box,True,False
131,ground,right_ankle_roll_sphere_2_link,world,right_ankle_roll_sphere_2_link,-0.000305725328495844,0.000305725328495844,foot-ground,True,False
131,right_rubber_hand_link,largebox,right_rubber_hand_link,largebox_link,-0.0007783629288649757,0.0007783629288649757,hand-box,True,False
131,left_shoulder_yaw_link,largebox,left_shoulder_yaw_link,largebox_link,-0.000697178747140273,0.000697178747140273,other-body-box,False,True
131,ground,right_ankle_roll_link,world,right_ankle_roll_link,-0.0017580436174866737,0.0017580436174866737,foot-ground,True,False
131,ground,right_ankle_roll_sphere_4_link,world,right_ankle_roll_sphere_4_link,-0.00098556905405361,0.00098556905405361,foot-ground,True,False
131,right_knee_link,right_ankle_roll_link,right_knee_link,right_ankle_roll_link,-0.029979587574546995,0.029979587574546995,self-collision,False,False
131,right_ankle_intermediate_1_link,right_ankle_roll_link,right_ankle_intermediate_1_link,right_ankle_roll_link,-0.0032548309683195914,0.0032548309683195914,self-collision,False,False
131,left_knee_link,left_ankle_roll_link,left_knee_link,left_ankle_roll_link,-0.040466270416668754,0.040466270416668754,self-collision,False,False
132,ground,right_ankle_roll_sphere_2_link,world,right_ankle_roll_sphere_2_link,-0.0003298161806003742,0.0003298161806003742,foot-ground,True,False
132,right_rubber_hand_link,largebox,right_rubber_hand_link,largebox_link,-0.0008221707730254879,0.0008221707730254879,hand-box,True,False
132,left_shoulder_yaw_link,largebox,left_shoulder_yaw_link,largebox_link,-0.0007105082571422922,0.0007105082571422922,other-body-box,False,True
132,ground,right_ankle_roll_link,world,right_ankle_roll_link,-0.0017075649431721983,0.0017075649431721983,foot-ground,True,False
132,ground,left_ankle_roll_sphere_2_link,world,left_ankle_roll_sphere_2_link,-0.000594067174196587,0.000594067174196587,foot-ground,True,False
132,ground,right_ankle_roll_sphere_4_link,world,right_ankle_roll_sphere_4_link,-0.0009847650531417977,0.0009847650531417977,foot-ground,True,False
132,right_knee_link,right_ankle_roll_link,right_knee_link,right_ankle_roll_link,-0.02977979247112586,0.02977979247112586,self-collision,False,False
132,right_ankle_intermediate_1_link,right_ankle_roll_link,right_ankle_intermediate_1_link,right_ankle_roll_link,-0.003204781616165789,0.003204781616165789,self-collision,False,False
132,ground,left_ankle_roll_link,world,left_ankle_roll_link,-0.00098189875088317,0.00098189875088317,foot-ground,True,False
132,left_knee_link,left_ankle_roll_link,left_knee_link,left_ankle_roll_link,-0.039453628510169314,0.039453628510169314,self-collision,False,False
133,ground,right_ankle_roll_sphere_2_link,world,right_ankle_roll_sphere_2_link,-0.0003617443954680886,0.0003617443954680886,foot-ground,True,False
133,right_rubber_hand_link,largebox,right_rubber_hand_link,largebox_link,-0.0008794023951473884,0.0008794023951473884,hand-box,True,False
133,left_shoulder_yaw_link,largebox,left_shoulder_yaw_link,largebox_link,-0.000736607251762042,0.000736607251762042,other-body-box,False,True
133,ground,right_ankle_roll_link,world,right_ankle_roll_link,-0.0016539332839840028,0.0016539332839840028,foot-ground,True,False
133,ground,left_ankle_roll_sphere_2_link,world,left_ankle_roll_sphere_2_link,-0.0005124115582086251,0.0005124115582086251,foot-ground,True,False
133,ground,right_ankle_roll_sphere_4_link,world,right_ankle_roll_sphere_4_link,-0.0009864482893103292,0.0009864482893103292,foot-ground,True,False
133,right_knee_link,right_ankle_roll_link,right_knee_link,right_ankle_roll_link,-0.029388853869568438,0.029388853869568438,self-collision,False,False
133,right_ankle_intermediate_1_link,right_ankle_roll_link,right_ankle_intermediate_1_link,right_ankle_roll_link,-0.0033124096357154548,0.0033124096357154548,self-collision,False,False
133,ground,left_ankle_roll_link,world,left_ankle_roll_link,-0.00094166323926358,0.00094166323926358,foot-ground,True,False
133,left_knee_link,left_ankle_roll_link,left_knee_link,left_ankle_roll_link,-0.03481838026459558,0.03481838026459558,self-collision,False,False
134,ground,right_ankle_roll_sphere_2_link,world,right_ankle_roll_sphere_2_link,-0.0003833349035971918,0.0003833349035971918,foot-ground,True,False
134,right_rubber_hand_link,largebox,right_rubber_hand_link,largebox_link,-0.0009459210439585752,0.0009459210439585752,hand-box,True,False
134,left_ankle_intermediate_1_link,left_ankle_roll_link,left_ankle_intermediate_1_link,left_ankle_roll_link,-0.002785763069914987,0.002785763069914987,self-collision,False,False
134,left_shoulder_yaw_link,largebox,left_shoulder_yaw_link,largebox_link,-0.000547759755094912,0.000547759755094912,other-body-box,False,True
134,ground,right_ankle_roll_link,world,right_ankle_roll_link,-0.00159930037969239,0.00159930037969239,foot-ground,True,False
134,ground,left_ankle_roll_sphere_2_link,world,left_ankle_roll_sphere_2_link,-0.00023685614114695146,0.00023685614114695146,foot-ground,True,False
134,ground,right_ankle_roll_sphere_4_link,world,right_ankle_roll_sphere_4_link,-0.0009833196505736842,0.0009833196505736842,foot-ground,True,False
134,right_knee_link,right_ankle_roll_link,right_knee_link,right_ankle_roll_link,-0.02937877332648242,0.02937877332648242,self-collision,False,False
134,right_ankle_intermediate_1_link,right_ankle_roll_link,right_ankle_intermediate_1_link,right_ankle_roll_link,-0.003307046439254807,0.003307046439254807,self-collision,False,False
134,ground,left_ankle_roll_link,world,left_ankle_roll_link,-0.0009996645753816182,0.0009996645753816182,foot-ground,True,False
134,left_knee_link,left_ankle_roll_link,left_knee_link,left_ankle_roll_link,-0.02883529397731105,0.02883529397731105,self-collision,False,False
134,left_rubber_hand_link,largebox,left_rubber_hand_link,largebox_link,-0.00027213273435956753,0.00027213273435956753,hand-box,True,False
135,ground,right_ankle_roll_sphere_2_link,world,right_ankle_roll_sphere_2_link,-0.0004003696516328521,0.0004003696516328521,foot-ground,True,False
135,right_rubber_hand_link,largebox,right_rubber_hand_link,largebox_link,-0.0008191520412615116,0.0008191520412615116,hand-box,True,False
135,ground,left_ankle_roll_sphere_5_link,world,left_ankle_roll_sphere_5_link,-0.000615315332080704,0.000615315332080704,foot-ground,True,False
135,left_ankle_intermediate_1_link,left_ankle_roll_link,left_ankle_intermediate_1_link,left_ankle_roll_link,-0.0026677544045990015,0.0026677544045990015,self-collision,False,False
135,left_shoulder_yaw_link,largebox,left_shoulder_yaw_link,largebox_link,-0.000578184686276198,0.000578184686276198,other-body-box,False,True
135,ground,right_ankle_roll_link,world,right_ankle_roll_link,-0.0015849175229027748,0.0015849175229027748,foot-ground,True,False
135,ground,left_ankle_roll_sphere_2_link,world,left_ankle_roll_sphere_2_link,-0.0005631821122219797,0.0005631821122219797,foot-ground,True,False
135,ground,right_ankle_roll_sphere_4_link,world,right_ankle_roll_sphere_4_link,-0.0009904729102349448,0.0009904729102349448,foot-ground,True,False
135,right_knee_link,right_ankle_roll_link,right_knee_link,right_ankle_roll_link,-0.02942822681746704,0.02942822681746704,self-collision,False,False
135,right_ankle_intermediate_1_link,right_ankle_roll_link,right_ankle_intermediate_1_link,right_ankle_roll_link,-0.0031558915112405717,0.0031558915112405717,self-collision,False,False
135,ground,left_ankle_roll_link,world,left_ankle_roll_link,-0.001417793030608662,0.001417793030608662,foot-ground,True,False
135,left_knee_link,left_ankle_roll_link,left_knee_link,left_ankle_roll_link,-0.024670451380035804,0.024670451380035804,self-collision,False,False
135,left_rubber_hand_link,largebox,left_rubber_hand_link,largebox_link,-0.00013826901612803977,0.00013826901612803977,hand-box,True,False
135,ground,left_ankle_roll_sphere_3_link,world,left_ankle_roll_sphere_3_link,-0.00015905488254068772,0.00015905488254068772,foot-ground,True,False
135,ground,left_ankle_roll_sphere_4_link,world,left_ankle_roll_sphere_4_link,-0.0009878950859158004,0.0009878950859158004,foot-ground,True,False
136,ground,right_ankle_roll_sphere_2_link,world,right_ankle_roll_sphere_2_link,-0.00047669971421697346,0.00047669971421697346,foot-ground,True,False
136,right_rubber_hand_link,largebox,right_rubber_hand_link,largebox_link,-0.0008387484159249198,0.0008387484159249198,hand-box,True,False
136,ground,left_ankle_roll_sphere_5_link,world,left_ankle_roll_sphere_5_link,-0.0007688928186804422,0.0007688928186804422,foot-ground,True,False
136,left_ankle_intermediate_1_link,left_ankle_roll_link,left_ankle_intermediate_1_link,left_ankle_roll_link,-0.0025361916049327082,0.0025361916049327082,self-collision,False,False
136,left_shoulder_yaw_link,largebox,left_shoulder_yaw_link,largebox_link,-0.0005009960708085154,0.0005009960708085154,other-body-box,False,True
136,ground,right_ankle_roll_link,world,right_ankle_roll_link,-0.001547854128029113,0.001547854128029113,foot-ground,True,False
136,ground,left_ankle_roll_sphere_1_link,world,left_ankle_roll_sphere_1_link,-0.0006247678613380747,0.0006247678613380747,foot-ground,True,False
136,ground,left_ankle_roll_sphere_2_link,world,left_ankle_roll_sphere_2_link,-0.0009962540538123446,0.0009962540538123446,foot-ground,True,False
136,ground,right_ankle_roll_sphere_4_link,world,right_ankle_roll_sphere_4_link,-0.000997008313025574,0.000997008313025574,foot-ground,True,False
136,ground,right_ankle_roll_sphere_5_link,world,right_ankle_roll_sphere_5_link,-4.037508471720595e-06,4.037508471720595e-06,foot-ground,True,False
136,right_knee_link,right_ankle_roll_link,right_knee_link,right_ankle_roll_link,-0.029395695114549453,0.029395695114549453,self-collision,False,False
136,right_ankle_intermediate_1_link,right_ankle_roll_link,right_ankle_intermediate_1_link,right_ankle_roll_link,-0.0033157482264823263,0.0033157482264823263,self-collision,False,False
136,ground,left_ankle_roll_link,world,left_ankle_roll_link,-0.0014593776617090291,0.0014593776617090291,foot-ground,True,False
136,left_knee_link,left_ankle_roll_link,left_knee_link,left_ankle_roll_link,-0.02431494604842596,0.02431494604842596,self-collision,False,False
136,left_rubber_hand_link,largebox,left_rubber_hand_link,largebox_link,-0.0002837463761855147,0.0002837463761855147,hand-box,True,False
136,ground,left_ankle_roll_sphere_3_link,world,left_ankle_roll_sphere_3_link,-0.0005503819599216473,0.0005503819599216473,foot-ground,True,False
136,ground,left_ankle_roll_sphere_4_link,world,left_ankle_roll_sphere_4_link,-0.0009961653908907705,0.0009961653908907705,foot-ground,True,False
137,ground,right_ankle_roll_sphere_2_link,world,right_ankle_roll_sphere_2_link,-0.0005007105230485321,0.0005007105230485321,foot-ground,True,False
137,right_rubber_hand_link,largebox,right_rubber_hand_link,largebox_link,-0.0008394072144019965,0.0008394072144019965,hand-box,True,False
137,ground,left_ankle_roll_sphere_5_link,world,left_ankle_roll_sphere_5_link,-0.0008075062749818727,0.0008075062749818727,foot-ground,True,False
137,left_ankle_intermediate_1_link,left_ankle_roll_link,left_ankle_intermediate_1_link,left_ankle_roll_link,-0.002515089491050476,0.002515089491050476,self-collision,False,False
137,left_shoulder_yaw_link,largebox,left_shoulder_yaw_link,largebox_link,-0.0007498131630272881,0.0007498131630272881,other-body-box,False,True
137,ground,right_ankle_roll_link,world,right_ankle_roll_link,-0.001497838397793938,0.001497838397793938,foot-ground,True,False
137,ground,left_ankle_roll_sphere_1_link,world,left_ankle_roll_sphere_1_link,-0.0006874319237105886,0.0006874319237105886,foot-ground,True,False
137,ground,left_ankle_roll_sphere_2_link,world,left_ankle_roll_sphere_2_link,-0.0009972624872675888,0.0009972624872675888,foot-ground,True,False
137,ground,right_ankle_roll_sphere_4_link,world,right_ankle_roll_sphere_4_link,-0.0009988495634561832,0.0009988495634561832,foot-ground,True,False
137,ground,right_ankle_roll_sphere_5_link,world,right_ankle_roll_sphere_5_link,-0.00024359923632579546,0.00024359923632579546,foot-ground,True,False
137,right_knee_link,right_ankle_roll_link,right_knee_link,right_ankle_roll_link,-0.029147744800985836,0.029147744800985836,self-collision,False,False
137,right_ankle_intermediate_1_link,right_ankle_roll_link,right_ankle_intermediate_1_link,right_ankle_roll_link,-0.003250633672552003,0.003250633672552003,self-collision,False,False
137,ground,left_ankle_roll_link,world,left_ankle_roll_link,-0.0014497159893163518,0.0014497159893163518,foot-ground,True,False
137,left_knee_link,left_ankle_roll_link,left_knee_link,left_ankle_roll_link,-0.024218568628972426,0.024218568628972426,self-collision,False,False
137,left_rubber_hand_link,largebox,left_rubber_hand_link,largebox_link,-0.0005757775288059847,0.0005757775288059847,hand-box,True,False
137,ground,left_ankle_roll_sphere_3_link,world,left_ankle_roll_sphere_3_link,-0.0006252754032168529,0.0006252754032168529,foot-ground,True,False
137,ground,left_ankle_roll_sphere_4_link,world,left_ankle_roll_sphere_4_link,-0.0009970720794852525,0.0009970720794852525,foot-ground,True,False
138,ground,right_ankle_roll_sphere_2_link,world,right_ankle_roll_sphere_2_link,-0.0005107728508778149,0.0005107728508778149,foot-ground,True,False
138,right_rubber_hand_link,largebox,right_rubber_hand_link,largebox_link,-0.0007716435840244146,0.0007716435840244146,hand-box,True,False
138,ground,left_ankle_roll_sphere_5_link,world,left_ankle_roll_sphere_5_link,-0.0008076116800789989,0.0008076116800789989,foot-ground,True,False
138,left_ankle_intermediate_1_link,left_ankle_roll_link,left_ankle_intermediate_1_link,left_ankle_roll_link,-0.0024917339365126273,0.0024917339365126273,self-collision,False,False
138,left_shoulder_yaw_link,largebox,left_shoulder_yaw_link,largebox_link,-0.00036356467376391643,0.00036356467376391643,other-body-box,False,True
138,ground,right_ankle_roll_link,world,right_ankle_roll_link,-0.0014754188068500894,0.0014754188068500894,foot-ground,True,False
138,ground,left_ankle_roll_sphere_1_link,world,left_ankle_roll_sphere_1_link,-0.0006875910753518502,0.0006875910753518502,foot-ground,True,False
138,ground,left_ankle_roll_sphere_2_link,world,left_ankle_roll_sphere_2_link,-0.0009973562487812218,0.0009973562487812218,foot-ground,True,False
138,ground,right_ankle_roll_sphere_4_link,world,right_ankle_roll_sphere_4_link,-0.0009979668374737,0.0009979668374737,foot-ground,True,False
138,pelvis_contour_link,left_hip_roll_link,pelvis_contour_link,left_hip_roll_link,-0.0004317265439075235,0.0004317265439075235,self-collision,False,False
138,ground,right_ankle_roll_sphere_5_link,world,right_ankle_roll_sphere_5_link,-0.0003562755484810961,0.0003562755484810961,foot-ground,True,False
138,right_knee_link,right_ankle_roll_link,right_knee_link,right_ankle_roll_link,-0.029025366434422856,0.029025366434422856,self-collision,False,False
138,right_ankle_intermediate_1_link,right_ankle_roll_link,right_ankle_intermediate_1_link,right_ankle_roll_link,-0.003196370599871448,0.003196370599871448,self-collision,False,False
138,ground,left_ankle_roll_link,world,left_ankle_roll_link,-0.001449784028725018,0.001449784028725018,foot-ground,True,False
138,left_knee_link,left_ankle_roll_link,left_knee_link,left_ankle_roll_link,-0.024329048656366342,0.024329048656366342,self-collision,False,False
138,ground,left_ankle_roll_sphere_3_link,world,left_ankle_roll_sphere_3_link,-0.0006254222583358523,0.0006254222583358523,foot-ground,True,False
138,ground,left_ankle_roll_sphere_4_link,world,left_ankle_roll_sphere_4_link,-0.0009971404664510996,0.0009971404664510996,foot-ground,True,False
139,ground,right_ankle_roll_sphere_2_link,world,right_ankle_roll_sphere_2_link,-0.0005321968780804395,0.0005321968780804395,foot-ground,True,False
139,pelvis_contour_link,right_hip_roll_link,pelvis_contour_link,right_hip_roll_link,-0.0009259602351911894,0.0009259602351911894,self-collision,False,False
139,right_rubber_hand_link,largebox,right_rubber_hand_link,largebox_link,-0.000781512218406541,0.000781512218406541,hand-box,True,False
139,ground,left_ankle_roll_sphere_5_link,world,left_ankle_roll_sphere_5_link,-0.0008109163346297207,0.0008109163346297207,foot-ground,True,False
139,left_ankle_intermediate_1_link,left_ankle_roll_link,left_ankle_intermediate_1_link,left_ankle_roll_link,-0.0027295997422965707,0.0027295997422965707,self-collision,False,False
139,left_shoulder_yaw_link,largebox,left_shoulder_yaw_link,largebox_link,-7.470692179584182e-05,7.470692179584182e-05,other-body-box,False,True
139,ground,right_ankle_roll_link,world,right_ankle_roll_link,-0.0014339282946249123,0.0014339282946249123,foot-ground,True,False
139,ground,left_ankle_roll_sphere_1_link,world,left_ankle_roll_sphere_1_link,-0.0006920650620891476,0.0006920650620891476,foot-ground,True,False
139,ground,right_ankle_roll_sphere_3_link,world,right_ankle_roll_sphere_3_link,-6.755711822503934e-05,6.755711822503934e-05,foot-ground,True,False
139,ground,left_ankle_roll_sphere_2_link,world,left_ankle_roll_sphere_2_link,-0.000996486017443769,0.000996486017443769,foot-ground,True,False
139,ground,right_ankle_roll_sphere_4_link,world,right_ankle_roll_sphere_4_link,-0.0009976148963946356,0.0009976148963946356,foot-ground,True,False
139,pelvis_contour_link,left_hip_roll_link,pelvis_contour_link,left_hip_roll_link,-0.0016627333381879772,0.0016627333381879772,self-collision,False,False
139,ground,right_ankle_roll_sphere_5_link,world,right_ankle_roll_sphere_5_link,-0.0005782228547765089,0.0005782228547765089,foot-ground,True,False
139,right_knee_link,right_ankle_roll_link,right_knee_link,right_ankle_roll_link,-0.02862661857519802,0.02862661857519802,self-collision,False,False
139,right_ankle_intermediate_1_link,right_ankle_roll_link,right_ankle_intermediate_1_link,right_ankle_roll_link,-0.003377034715601815,0.003377034715601815,self-collision,False,False
139,ground,left_ankle_roll_link,world,left_ankle_roll_link,-0.0014484553425510721,0.0014484553425510721,foot-ground,True,False
139,left_knee_link,left_ankle_roll_link,left_knee_link,left_ankle_roll_link,-0.024581114276860175,0.024581114276860175,self-collision,False,False
139,left_rubber_hand_link,largebox,left_rubber_hand_link,largebox_link,-0.0012802914341945443,0.0012802914341945443,hand-box,True,False
139,ground,left_ankle_roll_sphere_3_link,world,left_ankle_roll_sphere_3_link,-0.0006317752566944992,0.0006317752566944992,foot-ground,True,False
139,ground,left_ankle_roll_sphere_4_link,world,left_ankle_roll_sphere_4_link,-0.0009970804031200443,0.0009970804031200443,foot-ground,True,False
140,ground,right_ankle_roll_sphere_2_link,world,right_ankle_roll_sphere_2_link,-0.000999247382579077,0.000999247382579077,foot-ground,True,False
140,pelvis_contour_link,right_hip_roll_link,pelvis_contour_link,right_hip_roll_link,-0.0027616082734465974,0.0027616082734465974,self-collision,False,False
140,right_rubber_hand_link,largebox,right_rubber_hand_link,largebox_link,-0.0009970519354596669,0.0009970519354596669,hand-box,True,False
140,ground,left_ankle_roll_sphere_5_link,world,left_ankle_roll_sphere_5_link,-0.0008077591147282138,0.0008077591147282138,foot-ground,True,False
140,left_ankle_intermediate_1_link,left_ankle_roll_link,left_ankle_intermediate_1_link,left_ankle_roll_link,-0.002881767393245277,0.002881767393245277,self-collision,False,False
140,left_shoulder_yaw_link,largebox,left_shoulder_yaw_link,largebox_link,-0.0009960101375504626,0.0009960101375504626,other-body-box,False,True
140,ground,right_ankle_roll_link,world,right_ankle_roll_link,-0.0014142372067242476,0.0014142372067242476,foot-ground,True,False
140,ground,left_ankle_roll_sphere_1_link,world,left_ankle_roll_sphere_1_link,-0.0009976555093442465,0.0009976555093442465,foot-ground,True,False
140,ground,left_ankle_roll_sphere_2_link,world,left_ankle_roll_sphere_2_link,-0.0006872677276704492,0.0006872677276704492,foot-ground,True,False
140,ground,right_ankle_roll_sphere_4_link,world,right_ankle_roll_sphere_4_link,-0.0005264701573583211,0.0005264701573583211,foot-ground,True,False
140,pelvis_contour_link,left_hip_roll_link,pelvis_contour_link,left_hip_roll_link,-0.002886522159272209,0.002886522159272209,self-collision,False,False
140,ground,right_ankle_roll_sphere_5_link,world,right_ankle_roll_sphere_5_link,-0.00013238794708859882,0.00013238794708859882,foot-ground,True,False
140,right_knee_link,right_ankle_roll_link,right_knee_link,right_ankle_roll_link,-0.0289272790307748,0.0289272790307748,self-collision,False,False
140,right_ankle_intermediate_1_link,right_ankle_roll_link,right_ankle_intermediate_1_link,right_ankle_roll_link,-0.003324336532648159,0.003324336532648159,self-collision,False,False
140,ground,left_ankle_roll_link,world,left_ankle_roll_link,-0.0014507135228761237,0.0014507135228761237,foot-ground,True,False
140,left_knee_link,left_ankle_roll_link,left_knee_link,left_ankle_roll_link,-0.024938829386718375,0.024938829386718375,self-collision,False,False
140,left_rubber_hand_link,largebox,left_rubber_hand_link,largebox_link,-0.0010049840048953623,0.0010049840048953623,hand-box,True,False
140,ground,left_ankle_roll_sphere_3_link,world,left_ankle_roll_sphere_3_link,-0.0009976446788671376,0.0009976446788671376,foot-ground,True,False
140,ground,right_ankle_roll_sphere_1_link,world,right_ankle_roll_sphere_1_link,-0.0004459932360267897,0.0004459932360267897,foot-ground,True,False
140,ground,left_ankle_roll_sphere_4_link,world,left_ankle_roll_sphere_4_link,-0.0006251793408585801,0.0006251793408585801,foot-ground,True,False
141,ground,right_ankle_roll_sphere_2_link,world,right_ankle_roll_sphere_2_link,-0.0009982379184412518,0.0009982379184412518,foot-ground,True,False
141,pelvis_contour_link,right_hip_roll_link,pelvis_contour_link,right_hip_roll_link,-0.004037452913724801,0.004037452913724801,self-collision,False,False
141,right_rubber_hand_link,largebox,right_rubber_hand_link,largebox_link,-0.0006297767435311102,0.0006297767435311102,hand-box,True,False
141,ground,left_ankle_roll_sphere_5_link,world,left_ankle_roll_sphere_5_link,-0.0008088938093906732,0.0008088938093906732,foot-ground,True,False
141,left_ankle_intermediate_1_link,left_ankle_roll_link,left_ankle_intermediate_1_link,left_ankle_roll_link,-0.0029209875179877914,0.0029209875179877914,self-collision,False,False
141,left_shoulder_yaw_link,largebox,left_shoulder_yaw_link,largebox_link,-0.0005952523873210408,0.0005952523873210408,other-body-box,False,True
141,ground,right_ankle_roll_link,world,right_ankle_roll_link,-0.0014051772646068751,0.0014051772646068751,foot-ground,True,False
141,ground,left_ankle_roll_sphere_1_link,world,left_ankle_roll_sphere_1_link,-0.000994651301094592,0.000994651301094592,foot-ground,True,False
141,ground,right_ankle_roll_sphere_3_link,world,right_ankle_roll_sphere_3_link,-0.0001912832834705695,0.0001912832834705695,foot-ground,True,False
141,ground,left_ankle_roll_sphere_2_link,world,left_ankle_roll_sphere_2_link,-0.000689720193981897,0.000689720193981897,foot-ground,True,False
141,ground,right_ankle_roll_sphere_4_link,world,right_ankle_roll_sphere_4_link,-0.0005981695293122971,0.0005981695293122971,foot-ground,True,False
141,pelvis_contour_link,left_hip_roll_link,pelvis_contour_link,left_hip_roll_link,-0.003022354689687201,0.003022354689687201,self-collision,False,False
141,ground,right_ankle_roll_sphere_5_link,world,right_ankle_roll_sphere_5_link,-0.00034367045624055913,0.00034367045624055913,foot-ground,True,False
141,right_knee_link,right_ankle_roll_link,right_knee_link,right_ankle_roll_link,-0.02913950514100483,0.02913950514100483,self-collision,False,False
141,right_ankle_intermediate_1_link,right_ankle_roll_link,right_ankle_intermediate_1_link,right_ankle_roll_link,-0.003247072639751894,0.003247072639751894,self-collision,False,False
141,ground,left_ankle_roll_link,world,left_ankle_roll_link,-0.0014471672483655183,0.0014471672483655183,foot-ground,True,False
141,left_knee_link,left_ankle_roll_link,left_knee_link,left_ankle_roll_link,-0.025542449825248448,0.025542449825248448,self-collision,False,False
141,left_rubber_hand_link,largebox,left_rubber_hand_link,largebox_link,-0.004048730840458675,0.004048730840458675,hand-box,True,False
141,ground,left_ankle_roll_sphere_3_link,world,left_ankle_roll_sphere_3_link,-0.0009953568882001404,0.0009953568882001404,foot-ground,True,False
141,ground,right_ankle_roll_sphere_1_link,world,right_ankle_roll_sphere_1_link,-0.0006591660469064805,0.0006591660469064805,foot-ground,True,False
141,ground,left_ankle_roll_sphere_4_link,world,left_ankle_roll_sphere_4_link,-0.0006294395596649098,0.0006294395596649098,foot-ground,True,False
142,ground,right_ankle_roll_sphere_2_link,world,right_ankle_roll_sphere_2_link,-0.00099625066945989,0.00099625066945989,foot-ground,True,False
142,pelvis_contour_link,right_hip_roll_link,pelvis_contour_link,right_hip_roll_link,-0.005053236336954536,0.005053236336954536,self-collision,False,False
142,right_rubber_hand_link,largebox,right_rubber_hand_link,largebox_link,-0.0009363744269549473,0.0009363744269549473,hand-box,True,False
142,ground,left_ankle_roll_sphere_5_link,world,left_ankle_roll_sphere_5_link,-0.0008084471172003982,0.0008084471172003982,foot-ground,True,False
142,left_ankle_intermediate_1_link,left_ankle_roll_link,left_ankle_intermediate_1_link,left_ankle_roll_link,-0.0028634740654863017,0.0028634740654863017,self-collision,False,False
142,left_shoulder_yaw_link,largebox,left_shoulder_yaw_link,largebox_link,-0.00012677118750124838,0.00012677118750124838,other-body-box,False,True
142,ground,right_ankle_roll_link,world,right_ankle_roll_link,-0.0014636996896841281,0.0014636996896841281,foot-ground,True,False
142,ground,left_ankle_roll_sphere_1_link,world,left_ankle_roll_sphere_1_link,-0.0009934561583170394,0.0009934561583170394,foot-ground,True,False
142,ground,right_ankle_roll_sphere_3_link,world,right_ankle_roll_sphere_3_link,-0.0005215608681348139,0.0005215608681348139,foot-ground,True,False
142,ground,left_ankle_roll_sphere_2_link,world,left_ankle_roll_sphere_2_link,-0.000688411432682663,0.000688411432682663,foot-ground,True,False
142,ground,right_ankle_roll_sphere_4_link,world,right_ankle_roll_sphere_4_link,-0.0009956290022529934,0.0009956290022529934,foot-ground,True,False
142,pelvis_contour_link,left_hip_roll_link,pelvis_contour_link,left_hip_roll_link,-0.004256523109603727,0.004256523109603727,self-collision,False,False
142,ground,right_ankle_roll_sphere_5_link,world,right_ankle_roll_sphere_5_link,-0.0007538740710703656,0.0007538740710703656,foot-ground,True,False
142,right_knee_link,right_ankle_roll_link,right_knee_link,right_ankle_roll_link,-0.029046700354315974,0.029046700354315974,self-collision,False,False
142,right_ankle_intermediate_1_link,right_ankle_roll_link,right_ankle_intermediate_1_link,right_ankle_roll_link,-0.003261892481571882,0.003261892481571882,self-collision,False,False
142,ground,left_ankle_roll_link,world,left_ankle_roll_link,-0.0014464090395141758,0.0014464090395141758,foot-ground,True,False
142,left_knee_link,left_ankle_roll_link,left_knee_link,left_ankle_roll_link,-0.02742321805293982,0.02742321805293982,self-collision,False,False
142,left_rubber_hand_link,largebox,left_rubber_hand_link,largebox_link,-0.0009197270337509555,0.0009197270337509555,hand-box,True,False
142,ground,left_ankle_roll_sphere_3_link,world,left_ankle_roll_sphere_3_link,-0.000994893602928335,0.000994893602928335,foot-ground,True,False
142,ground,right_ankle_roll_sphere_1_link,world,right_ankle_roll_sphere_1_link,-0.0006011938910280732,0.0006011938910280732,foot-ground,True,False
142,ground,left_ankle_roll_sphere_4_link,world,left_ankle_roll_sphere_4_link,-0.0006288399321670813,0.0006288399321670813,foot-ground,True,False
143,ground,right_ankle_roll_sphere_2_link,world,right_ankle_roll_sphere_2_link,-0.0009956521875777473,0.0009956521875777473,foot-ground,True,False
143,pelvis_contour_link,right_hip_roll_link,pelvis_contour_link,right_hip_roll_link,-0.005826950644173615,0.005826950644173615,self-collision,False,False
143,right_rubber_hand_link,largebox,right_rubber_hand_link,largebox_link,-0.0008141991627426126,0.0008141991627426126,hand-box,True,False
143,ground,left_ankle_roll_sphere_5_link,world,left_ankle_roll_sphere_5_link,-0.0008022536719574707,0.0008022536719574707,foot-ground,True,False
143,left_ankle_intermediate_1_link,left_ankle_roll_link,left_ankle_intermediate_1_link,left_ankle_roll_link,-0.0028221539470661,0.0028221539470661,self-collision,False,False
143,left_shoulder_yaw_link,largebox,left_shoulder_yaw_link,largebox_link,-0.0006585772746091068,0.0006585772746091068,other-body-box,False,True
143,ground,right_ankle_roll_link,world,right_ankle_roll_link,-0.0014483404407447664,0.0014483404407447664,foot-ground,True,False
143,ground,left_ankle_roll_sphere_1_link,world,left_ankle_roll_sphere_1_link,-0.0009905437726833608,0.0009905437726833608,foot-ground,True,False
143,ground,right_ankle_roll_sphere_3_link,world,right_ankle_roll_sphere_3_link,-0.0006227899285470287,0.0006227899285470287,foot-ground,True,False
143,ground,left_ankle_roll_sphere_2_link,world,left_ankle_roll_sphere_2_link,-0.0006798658079286901,0.0006798658079286901,foot-ground,True,False
143,ground,right_ankle_roll_sphere_4_link,world,right_ankle_roll_sphere_4_link,-0.0009950455146358504,0.0009950455146358504,foot-ground,True,False
143,pelvis_contour_link,left_hip_roll_link,pelvis_contour_link,left_hip_roll_link,-0.0050060389979762615,0.0050060389979762615,self-collision,False,False
143,ground,right_ankle_roll_sphere_5_link,world,right_ankle_roll_sphere_5_link,-0.0008051967837346607,0.0008051967837346607,foot-ground,True,False
143,right_knee_link,right_ankle_roll_link,right_knee_link,right_ankle_roll_link,-0.029371959629189787,0.029371959629189787,self-collision,False,False
143,right_ankle_intermediate_1_link,right_ankle_roll_link,right_ankle_intermediate_1_link,right_ankle_roll_link,-0.0032345602879550878,0.0032345602879550878,self-collision,False,False
143,ground,left_ankle_roll_link,world,left_ankle_roll_link,-0.0014445620415121027,0.0014445620415121027,foot-ground,True,False
143,left_knee_link,left_ankle_roll_link,left_knee_link,left_ankle_roll_link,-0.028532389493994004,0.028532389493994004,self-collision,False,False
143,left_rubber_hand_link,largebox,left_rubber_hand_link,largebox_link,-0.0031028661153922332,0.0031028661153922332,hand-box,True,False
143,ground,left_ankle_roll_sphere_3_link,world,left_ankle_roll_sphere_3_link,-0.0009921289895838082,0.0009921289895838082,foot-ground,True,False
143,ground,right_ankle_roll_sphere_1_link,world,right_ankle_roll_sphere_1_link,-0.0006854391991703941,0.0006854391991703941,foot-ground,True,False
143,ground,left_ankle_roll_sphere_4_link,world,left_ankle_roll_sphere_4_link,-0.0006193154318782012,0.0006193154318782012,foot-ground,True,False
144,ground,right_ankle_roll_sphere_2_link,world,right_ankle_roll_sphere_2_link,-0.0009940308176643415,0.0009940308176643415,foot-ground,True,False
144,pelvis_contour_link,right_hip_roll_link,pelvis_contour_link,right_hip_roll_link,-0.005968182025004626,0.005968182025004626,self-collision,False,False
144,right_rubber_hand_link,largebox,right_rubber_hand_link,largebox_link,-0.0008430830734169337,0.0008430830734169337,hand-box,True,False
144,ground,left_ankle_roll_sphere_5_link,world,left_ankle_roll_sphere_5_link,-0.0008004285446541392,0.0008004285446541392,foot-ground,True,False
144,left_ankle_intermediate_1_link,left_ankle_roll_link,left_ankle_intermediate_1_link,left_ankle_roll_link,-0.002701714527553911,0.002701714527553911,self-collision,False,False
144,left_shoulder_yaw_link,largebox,left_shoulder_yaw_link,largebox_link,-0.0004955052870682236,0.0004955052870682236,other-body-box,False,True
144,ground,right_ankle_roll_link,world,right_ankle_roll_link,-0.001446085643739447,0.001446085643739447,foot-ground,True,False
144,ground,left_ankle_roll_sphere_1_link,world,left_ankle_roll_sphere_1_link,-0.0009863797600629136,0.0009863797600629136,foot-ground,True,False
144,ground,right_ankle_roll_sphere_3_link,world,right_ankle_roll_sphere_3_link,-0.0006204398340946054,0.0006204398340946054,foot-ground,True,False
144,ground,left_ankle_roll_sphere_2_link,world,left_ankle_roll_sphere_2_link,-0.0006777132101140919,0.0006777132101140919,foot-ground,True,False
144,ground,right_ankle_roll_sphere_4_link,world,right_ankle_roll_sphere_4_link,-0.0009923904806272343,0.0009923904806272343,foot-ground,True,False
144,pelvis_contour_link,left_hip_roll_link,pelvis_contour_link,left_hip_roll_link,-0.005021931904253374,0.005021931904253374,self-collision,False,False
144,ground,right_ankle_roll_sphere_5_link,world,right_ankle_roll_sphere_5_link,-0.0008025756015670174,0.0008025756015670174,foot-ground,True,False
144,right_knee_link,right_ankle_roll_link,right_knee_link,right_ankle_roll_link,-0.030121897467267567,0.030121897467267567,self-collision,False,False
144,right_ankle_intermediate_1_link,right_ankle_roll_link,right_ankle_intermediate_1_link,right_ankle_roll_link,-0.003147655928751797,0.003147655928751797,self-collision,False,False
144,left_wrist_pitch_link,largebox,left_wrist_pitch_link,largebox_link,-4.2282242417424065e-05,4.2282242417424065e-05,other-body-box,False,True
144,ground,left_ankle_roll_link,world,left_ankle_roll_link,-0.0014406129516059893,0.0014406129516059893,foot-ground,True,False
144,left_knee_link,left_ankle_roll_link,left_knee_link,left_ankle_roll_link,-0.029952921231893914,0.029952921231893914,self-collision,False,False
144,left_rubber_hand_link,largebox,left_rubber_hand_link,largebox_link,-0.0037774742528808164,0.0037774742528808164,hand-box,True,False
144,ground,left_ankle_roll_sphere_3_link,world,left_ankle_roll_sphere_3_link,-0.00098895667887968,0.00098895667887968,foot-ground,True,False
144,ground,right_ankle_roll_sphere_1_link,world,right_ankle_roll_sphere_1_link,-0.0006840719455538198,0.0006840719455538198,foot-ground,True,False
144,ground,left_ankle_roll_sphere_4_link,world,left_ankle_roll_sphere_4_link,-0.0006185568189410939,0.0006185568189410939,foot-ground,True,False
145,ground,right_ankle_roll_sphere_2_link,world,right_ankle_roll_sphere_2_link,-0.0009941073693903865,0.0009941073693903865,foot-ground,True,False
145,pelvis_contour_link,right_hip_roll_link,pelvis_contour_link,right_hip_roll_link,-0.006343571018058103,0.006343571018058103,self-collision,False,False
145,right_rubber_hand_link,largebox,right_rubber_hand_link,largebox_link,-0.0009807444550445354,0.0009807444550445354,hand-box,True,False
145,ground,left_ankle_roll_sphere_5_link,world,left_ankle_roll_sphere_5_link,-0.000800817140452127,0.000800817140452127,foot-ground,True,False
145,left_ankle_intermediate_1_link,left_ankle_roll_link,left_ankle_intermediate_1_link,left_ankle_roll_link,-0.002681306970871586,0.002681306970871586,self-collision,False,False
145,left_shoulder_yaw_link,largebox,left_shoulder_yaw_link,largebox_link,-0.0020245364960844864,0.0020245364960844864,other-body-box,False,True
145,ground,right_ankle_roll_link,world,right_ankle_roll_link,-0.0014458715337010465,0.0014458715337010465,foot-ground,True,False
145,ground,left_ankle_roll_sphere_1_link,world,left_ankle_roll_sphere_1_link,-0.0009862767938415692,0.0009862767938415692,foot-ground,True,False
145,ground,right_ankle_roll_sphere_3_link,world,right_ankle_roll_sphere_3_link,-0.000620096220267311,0.000620096220267311,foot-ground,True,False
145,ground,left_ankle_roll_sphere_2_link,world,left_ankle_roll_sphere_2_link,-0.000680755131994888,0.000680755131994888,foot-ground,True,False
145,ground,right_ankle_roll_sphere_4_link,world,right_ankle_roll_sphere_4_link,-0.0009919753045435796,0.0009919753045435796,foot-ground,True,False
145,pelvis_contour_link,left_hip_roll_link,pelvis_contour_link,left_hip_roll_link,-0.00468720537809289,0.00468720537809289,self-collision,False,False
145,ground,right_ankle_roll_sphere_5_link,world,right_ankle_roll_sphere_5_link,-0.0008021390578717381,0.0008021390578717381,foot-ground,True,False
145,right_knee_link,right_ankle_roll_link,right_knee_link,right_ankle_roll_link,-0.030842250905969842,0.030842250905969842,self-collision,False,False
145,right_ankle_intermediate_1_link,right_ankle_roll_link,right_ankle_intermediate_1_link,right_ankle_roll_link,-0.0030176070706094266,0.0030176070706094266,self-collision,False,False
145,left_wrist_pitch_link,largebox,left_wrist_pitch_link,largebox_link,-0.00043553986422989466,0.00043553986422989466,other-body-box,False,True
145,ground,left_ankle_roll_link,world,left_ankle_roll_link,-0.0014392317420350888,0.0014392317420350888,foot-ground,True,False
145,left_knee_link,left_ankle_roll_link,left_knee_link,left_ankle_roll_link,-0.03166641817344662,0.03166641817344662,self-collision,False,False
145,left_rubber_hand_link,largebox,left_rubber_hand_link,largebox_link,-0.005482301015477781,0.005482301015477781,hand-box,True,False
145,ground,left_ankle_roll_sphere_3_link,world,left_ankle_roll_sphere_3_link,-0.000987572118872358,0.000987572118872358,foot-ground,True,False
145,ground,right_ankle_roll_sphere_1_link,world,right_ankle_roll_sphere_1_link,-0.0006842081324935001,0.0006842081324935001,foot-ground,True,False
145,ground,left_ankle_roll_sphere_4_link,world,left_ankle_roll_sphere_4_link,-0.0006209461246563372,0.0006209461246563372,foot-ground,True,False
146,ground,right_ankle_roll_sphere_2_link,world,right_ankle_roll_sphere_2_link,-0.0009926369041271107,0.0009926369041271107,foot-ground,True,False
146,pelvis_contour_link,right_hip_roll_link,pelvis_contour_link,right_hip_roll_link,-0.00691555362190753,0.00691555362190753,self-collision,False,False
146,right_rubber_hand_link,largebox,right_rubber_hand_link,largebox_link,-0.0009246907813030003,0.0009246907813030003,hand-box,True,False
146,ground,left_ankle_roll_sphere_5_link,world,left_ankle_roll_sphere_5_link,-0.000802281719583498,0.000802281719583498,foot-ground,True,False
146,left_ankle_intermediate_1_link,left_ankle_roll_link,left_ankle_intermediate_1_link,left_ankle_roll_link,-0.002530914049009611,0.002530914049009611,self-collision,False,False
146,left_shoulder_yaw_link,largebox,left_shoulder_yaw_link,largebox_link,-0.001815870885597426,0.001815870885597426,other-body-box,False,True
146,ground,right_ankle_roll_link,world,right_ankle_roll_link,-0.001445071043550579,0.001445071043550579,foot-ground,True,False
146,ground,left_ankle_roll_sphere_1_link,world,left_ankle_roll_sphere_1_link,-0.0009852504088256496,0.0009852504088256496,foot-ground,True,False
146,ground,right_ankle_roll_sphere_3_link,world,right_ankle_roll_sphere_3_link,-0.0006195379504215217,0.0006195379504215217,foot-ground,True,False
146,ground,left_ankle_roll_sphere_2_link,world,left_ankle_roll_sphere_2_link,-0.0006794342887829615,0.0006794342887829615,foot-ground,True,False
146,ground,right_ankle_roll_sphere_4_link,world,right_ankle_roll_sphere_4_link,-0.0009916268478231465,0.0009916268478231465,foot-ground,True,False
146,pelvis_contour_link,left_hip_roll_link,pelvis_contour_link,left_hip_roll_link,-0.00494406480879532,0.00494406480879532,self-collision,False,False
146,ground,right_ankle_roll_sphere_5_link,world,right_ankle_roll_sphere_5_link,-0.000801815638602244,0.000801815638602244,foot-ground,True,False
146,right_knee_link,right_ankle_roll_link,right_knee_link,right_ankle_roll_link,-0.032127287932009835,0.032127287932009835,self-collision,False,False
146,right_ankle_intermediate_1_link,right_ankle_roll_link,right_ankle_intermediate_1_link,right_ankle_roll_link,-0.0028964917791512446,0.0028964917791512446,self-collision,False,False
146,left_wrist_pitch_link,largebox,left_wrist_pitch_link,largebox_link,-0.0005584829858361895,0.0005584829858361895,other-body-box,False,True
146,ground,left_ankle_roll_link,world,left_ankle_roll_link,-0.0014396188586789198,0.0014396188586789198,foot-ground,True,False
146,left_knee_link,left_ankle_roll_link,left_knee_link,left_ankle_roll_link,-0.03287222293254635,0.03287222293254635,self-collision,False,False
146,left_rubber_hand_link,largebox,left_rubber_hand_link,largebox_link,-0.005832387352168983,0.005832387352168983,hand-box,True,False
146,ground,left_ankle_roll_sphere_3_link,world,left_ankle_roll_sphere_3_link,-0.0009889356683691957,0.0009889356683691957,foot-ground,True,False
146,ground,right_ankle_roll_sphere_1_link,world,right_ankle_roll_sphere_1_link,-0.00068256282295909,0.00068256282295909,foot-ground,True,False
146,ground,left_ankle_roll_sphere_4_link,world,left_ankle_roll_sphere_4_link,-0.0006219563243179708,0.0006219563243179708,foot-ground,True,False
147,ground,right_ankle_roll_sphere_2_link,world,right_ankle_roll_sphere_2_link,-0.0009967173678636946,0.0009967173678636946,foot-ground,True,False
147,pelvis_contour_link,right_hip_roll_link,pelvis_contour_link,right_hip_roll_link,-0.00690747069198093,0.00690747069198093,self-collision,False,False
147,right_rubber_hand_link,largebox,right_rubber_hand_link,largebox_link,-0.0008333502971193396,0.0008333502971193396,hand-box,True,False
147,ground,left_ankle_roll_sphere_5_link,world,left_ankle_roll_sphere_5_link,-0.000803113408969598,0.000803113408969598,foot-ground,True,False
147,left_shoulder_yaw_link,largebox,left_shoulder_yaw_link,largebox_link,-0.0019514334338539413,0.0019514334338539413,other-body-box,False,True
147,ground,right_ankle_roll_link,world,right_ankle_roll_link,-0.0014483353853863012,0.0014483353853863012,foot-ground,True,False
147,ground,left_ankle_roll_sphere_1_link,world,left_ankle_roll_sphere_1_link,-0.0009916167920888458,0.0009916167920888458,foot-ground,True,False
147,ground,right_ankle_roll_sphere_3_link,world,right_ankle_roll_sphere_3_link,-0.0006226298326745426,0.0006226298326745426,foot-ground,True,False
147,ground,left_ankle_roll_sphere_2_link,world,left_ankle_roll_sphere_2_link,-0.000681123350948369,0.000681123350948369,foot-ground,True,False
147,ground,right_ankle_roll_sphere_4_link,world,right_ankle_roll_sphere_4_link,-0.0009943654332637058,0.0009943654332637058,foot-ground,True,False
147,pelvis_contour_link,left_hip_roll_link,pelvis_contour_link,left_hip_roll_link,-0.00569078494677297,0.00569078494677297,self-collision,False,False
147,ground,right_ankle_roll_sphere_5_link,world,right_ankle_roll_sphere_5_link,-0.0008045764681084483,0.0008045764681084483,foot-ground,True,False
147,right_knee_link,right_ankle_roll_link,right_knee_link,right_ankle_roll_link,-0.0328525499814693,0.0328525499814693,self-collision,False,False
147,right_ankle_intermediate_1_link,right_ankle_roll_link,right_ankle_intermediate_1_link,right_ankle_roll_link,-0.002983271600318499,0.002983271600318499,self-collision,False,False
147,ground,left_ankle_roll_link,world,left_ankle_roll_link,-0.0014454365834338026,0.0014454365834338026,foot-ground,True,False
147,left_knee_link,left_ankle_roll_link,left_knee_link,left_ankle_roll_link,-0.03404812624727063,0.03404812624727063,self-collision,False,False
147,left_rubber_hand_link,largebox,left_rubber_hand_link,largebox_link,-0.005941293154672206,0.005941293154672206,hand-box,True,False
147,ground,left_ankle_roll_sphere_3_link,world,left_ankle_roll_sphere_3_link,-0.0009929101749748285,0.0009929101749748285,foot-ground,True,False
147,ground,right_ankle_roll_sphere_1_link,world,right_ankle_roll_sphere_1_link,-0.0006869377007060569,0.0006869377007060569,foot-ground,True,False
147,ground,left_ankle_roll_sphere_4_link,world,left_ankle_roll_sphere_4_link,-0.0006203180456062591,0.0006203180456062591,foot-ground,True,False
148,ground,right_ankle_roll_sphere_2_link,world,right_ankle_roll_sphere_2_link,-0.000995155376152467,0.000995155376152467,foot-ground,True,False
148,pelvis_contour_link,right_hip_roll_link,pelvis_contour_link,right_hip_roll_link,-0.006723968133558467,0.006723968133558467,self-collision,False,False
148,right_rubber_hand_link,largebox,right_rubber_hand_link,largebox_link,-0.0007374861773304514,0.0007374861773304514,hand-box,True,False
148,ground,left_ankle_roll_sphere_5_link,world,left_ankle_roll_sphere_5_link,-0.0008035806468591504,0.0008035806468591504,foot-ground,True,False
148,left_shoulder_yaw_link,largebox,left_shoulder_yaw_link,largebox_link,-0.002630213263601827,0.002630213263601827,other-body-box,False,True
148,ground,right_ankle_roll_link,world,right_ankle_roll_link,-0.0014479283331447455,0.0014479283331447455,foot-ground,True,False
148,ground,left_ankle_roll_sphere_1_link,world,left_ankle_roll_sphere_1_link,-0.000990532576287814,0.000990532576287814,foot-ground,True,False
148,ground,right_ankle_roll_sphere_3_link,world,right_ankle_roll_sphere_3_link,-0.0006224299347715066,0.0006224299347715066,foot-ground,True,False
148,ground,left_ankle_roll_sphere_2_link,world,left_ankle_roll_sphere_2_link,-0.0006798953149463457,0.0006798953149463457,foot-ground,True,False
148,ground,right_ankle_roll_sphere_4_link,world,right_ankle_roll_sphere_4_link,-0.0009946949185702996,0.0009946949185702996,foot-ground,True,False
148,pelvis_contour_link,left_hip_roll_link,pelvis_contour_link,left_hip_roll_link,-0.005976211967645528,0.005976211967645528,self-collision,False,False
148,ground,right_ankle_roll_sphere_5_link,world,right_ankle_roll_sphere_5_link,-0.000804858598486737,0.000804858598486737,foot-ground,True,False
148,right_knee_link,right_ankle_roll_link,right_knee_link,right_ankle_roll_link,-0.033675567160185466,0.033675567160185466,self-collision,False,False
148,right_ankle_intermediate_1_link,right_ankle_roll_link,right_ankle_intermediate_1_link,right_ankle_roll_link,-0.0028968910033537465,0.0028968910033537465,self-collision,False,False
148,ground,left_ankle_roll_link,world,left_ankle_roll_link,-0.001445213499796396,0.001445213499796396,foot-ground,True,False
148,left_knee_link,left_ankle_roll_link,left_knee_link,left_ankle_roll_link,-0.03544687976077243,0.03544687976077243,self-collision,False,False
148,left_rubber_hand_link,largebox,left_rubber_hand_link,largebox_link,-0.006103850302617744,0.006103850302617744,hand-box,True,False
148,ground,left_ankle_roll_sphere_3_link,world,left_ankle_roll_sphere_3_link,-0.0009932928245859193,0.0009932928245859193,foot-ground,True,False
148,ground,right_ankle_roll_sphere_1_link,world,right_ankle_roll_sphere_1_link,-0.00068493455632014,0.00068493455632014,foot-ground,True,False
148,ground,left_ankle_roll_sphere_4_link,world,left_ankle_roll_sphere_4_link,-0.0006205281109761566,0.0006205281109761566,foot-ground,True,False
149,ground,right_ankle_roll_sphere_2_link,world,right_ankle_roll_sphere_2_link,-0.000994340709052073,0.000994340709052073,foot-ground,True,False
149,pelvis_contour_link,right_hip_roll_link,pelvis_contour_link,right_hip_roll_link,-0.007518180429765195,0.007518180429765195,self-collision,False,False
149,right_rubber_hand_link,largebox,right_rubber_hand_link,largebox_link,-0.0007653736553800417,0.0007653736553800417,hand-box,True,False
149,ground,left_ankle_roll_sphere_5_link,world,left_ankle_roll_sphere_5_link,-0.00080554337180556,0.00080554337180556,foot-ground,True,False
149,left_shoulder_yaw_link,largebox,left_shoulder_yaw_link,largebox_link,-0.0007170411389202519,0.0007170411389202519,other-body-box,False,True
149,ground,right_ankle_roll_link,world,right_ankle_roll_link,-0.001447482863163388,0.001447482863163388,foot-ground,True,False
149,ground,left_ankle_roll_sphere_1_link,world,left_ankle_roll_sphere_1_link,-0.0009950674676126757,0.0009950674676126757,foot-ground,True,False
149,ground,right_ankle_roll_sphere_3_link,world,right_ankle_roll_sphere_3_link,-0.0006221115780345376,0.0006221115780345376,foot-ground,True,False
149,ground,left_ankle_roll_sphere_2_link,world,left_ankle_roll_sphere_2_link,-0.0006846038623507028,0.0006846038623507028,foot-ground,True,False
149,ground,right_ankle_roll_sphere_4_link,world,right_ankle_roll_sphere_4_link,-0.0009944972550468617,0.0009944972550468617,foot-ground,True,False
149,pelvis_contour_link,left_hip_roll_link,pelvis_contour_link,left_hip_roll_link,-0.005964024035513951,0.005964024035513951,self-collision,False,False
149,ground,right_ankle_roll_sphere_5_link,world,right_ankle_roll_sphere_5_link,-0.0008046719937458485,0.0008046719937458485,foot-ground,True,False
149,right_knee_link,right_ankle_roll_link,right_knee_link,right_ankle_roll_link,-0.034472790017345295,0.034472790017345295,self-collision,False,False
149,ground,left_ankle_roll_link,world,left_ankle_roll_link,-0.0014483522090102778,0.0014483522090102778,foot-ground,True,False
149,left_knee_link,left_ankle_roll_link,left_knee_link,left_ankle_roll_link,-0.03678486904050818,0.03678486904050818,self-collision,False,False
149,left_rubber_hand_link,largebox,left_rubber_hand_link,largebox_link,-0.0010784531223056726,0.0010784531223056726,hand-box,True,False
149,ground,left_ankle_roll_sphere_3_link,world,left_ankle_roll_sphere_3_link,-0.0009954312500339143,0.0009954312500339143,foot-ground,True,False
149,ground,right_ankle_roll_sphere_1_link,world,right_ankle_roll_sphere_1_link,-0.0006840193115418064,0.0006840193115418064,foot-ground,True,False
149,ground,left_ankle_roll_sphere_4_link,world,left_ankle_roll_sphere_4_link,-0.0006228749237195469,0.0006228749237195469,foot-ground,True,False
150,ground,right_ankle_roll_sphere_2_link,world,right_ankle_roll_sphere_2_link,-0.0009946091133608238,0.0009946091133608238,foot-ground,True,False
150,pelvis_contour_link,right_hip_roll_link,pelvis_contour_link,right_hip_roll_link,-0.0072685685506772985,0.0072685685506772985,self-collision,False,False
150,right_rubber_hand_link,largebox,right_rubber_hand_link,largebox_link,-0.000773732755984094,0.000773732755984094,hand-box,True,False
150,ground,left_ankle_roll_sphere_5_link,world,left_ankle_roll_sphere_5_link,-0.0008053626451618228,0.0008053626451618228,foot-ground,True,False
150,left_shoulder_yaw_link,largebox,left_shoulder_yaw_link,largebox_link,-0.0007538208747388531,0.0007538208747388531,other-body-box,False,True
150,ground,right_ankle_roll_link,world,right_ankle_roll_link,-0.001447523242553466,0.001447523242553466,foot-ground,True,False
150,ground,left_ankle_roll_sphere_1_link,world,left_ankle_roll_sphere_1_link,-0.0009935423330440707,0.0009935423330440707,foot-ground,True,False
150,ground,right_ankle_roll_sphere_3_link,world,right_ankle_roll_sphere_3_link,-0.0006220852310218584,0.0006220852310218584,foot-ground,True,False
150,ground,left_ankle_roll_sphere_2_link,world,left_ankle_roll_sphere_2_link,-0.0006830347813574977,0.0006830347813574977,foot-ground,True,False
150,ground,right_ankle_roll_sphere_4_link,world,right_ankle_roll_sphere_4_link,-0.000994386974476835,0.000994386974476835,foot-ground,True,False
150,pelvis_contour_link,left_hip_roll_link,pelvis_contour_link,left_hip_roll_link,-0.0050992537166315854,0.0050992537166315854,self-collision,False,False
150,ground,right_ankle_roll_sphere_5_link,world,right_ankle_roll_sphere_5_link,-0.0008045599516703006,0.0008045599516703006,foot-ground,True,False
150,right_knee_link,right_ankle_roll_link,right_knee_link,right_ankle_roll_link,-0.03499923528638216,0.03499923528638216,self-collision,False,False
150,ground,left_ankle_roll_link,world,left_ankle_roll_link,-0.0014475340630154439,0.0014475340630154439,foot-ground,True,False
150,left_knee_link,left_ankle_roll_link,left_knee_link,left_ankle_roll_link,-0.03835286117446135,0.03835286117446135,self-collision,False,False
150,left_rubber_hand_link,largebox,left_rubber_hand_link,largebox_link,-0.0009226752708045016,0.0009226752708045016,hand-box,True,False
150,ground,left_ankle_roll_sphere_3_link,world,left_ankle_roll_sphere_3_link,-0.0009951330616515533,0.0009951330616515533,foot-ground,True,False
150,ground,right_ankle_roll_sphere_1_link,world,right_ankle_roll_sphere_1_link,-0.0006843576604816754,0.0006843576604816754,foot-ground,True,False
150,ground,left_ankle_roll_sphere_4_link,world,left_ankle_roll_sphere_4_link,-0.0006225239996276678,0.0006225239996276678,foot-ground,True,False
151,ground,right_ankle_roll_sphere_2_link,world,right_ankle_roll_sphere_2_link,-0.000995527217279679,0.000995527217279679,foot-ground,True,False
151,pelvis_contour_link,right_hip_roll_link,pelvis_contour_link,right_hip_roll_link,-0.007626696478683276,0.007626696478683276,self-collision,False,False
151,right_rubber_hand_link,largebox,right_rubber_hand_link,largebox_link,-0.0013001348233274562,0.0013001348233274562,hand-box,True,False
151,ground,left_ankle_roll_sphere_5_link,world,left_ankle_roll_sphere_5_link,-0.0008063963411980872,0.0008063963411980872,foot-ground,True,False
151,ground,right_ankle_roll_link,world,right_ankle_roll_link,-0.0014486712066393535,0.0014486712066393535,foot-ground,True,False
151,ground,left_ankle_roll_sphere_1_link,world,left_ankle_roll_sphere_1_link,-0.0009961233420733425,0.0009961233420733425,foot-ground,True,False
151,ground,right_ankle_roll_sphere_3_link,world,right_ankle_roll_sphere_3_link,-0.0006232562223710538,0.0006232562223710538,foot-ground,True,False
151,ground,left_ankle_roll_sphere_2_link,world,left_ankle_roll_sphere_2_link,-0.0006856541700608369,0.0006856541700608369,foot-ground,True,False
151,ground,right_ankle_roll_sphere_4_link,world,right_ankle_roll_sphere_4_link,-0.0009956778329735473,0.0009956778329735473,foot-ground,True,False
151,pelvis_contour_link,left_hip_roll_link,pelvis_contour_link,left_hip_roll_link,-0.004939249788579583,0.004939249788579583,self-collision,False,False
151,ground,right_ankle_roll_sphere_5_link,world,right_ankle_roll_sphere_5_link,-0.0008058335549048874,0.0008058335549048874,foot-ground,True,False
151,right_knee_link,right_ankle_roll_link,right_knee_link,right_ankle_roll_link,-0.035646333095800536,0.035646333095800536,self-collision,False,False
151,ground,left_ankle_roll_link,world,left_ankle_roll_link,-0.001449307311845522,0.001449307311845522,foot-ground,True,False
151,left_knee_link,left_ankle_roll_link,left_knee_link,left_ankle_roll_link,-0.03929853606460429,0.03929853606460429,self-collision,False,False
151,left_rubber_hand_link,largebox,left_rubber_hand_link,largebox_link,-0.0009311353823317076,0.0009311353823317076,hand-box,True,False
151,ground,left_ankle_roll_sphere_3_link,world,left_ankle_roll_sphere_3_link,-0.0009963086249181177,0.0009963086249181177,foot-ground,True,False
151,ground,right_ankle_roll_sphere_1_link,world,right_ankle_roll_sphere_1_link,-0.0006851758751109339,0.0006851758751109339,foot-ground,True,False
151,ground,left_ankle_roll_sphere_4_link,world,left_ankle_roll_sphere_4_link,-0.0006237456185031074,0.0006237456185031074,foot-ground,True,False
152,ground,right_ankle_roll_sphere_2_link,world,right_ankle_roll_sphere_2_link,-0.0009958114069830602,0.0009958114069830602,foot-ground,True,False
152,pelvis_contour_link,right_hip_roll_link,pelvis_contour_link,right_hip_roll_link,-0.006729430934953054,0.006729430934953054,self-collision,False,False
152,right_rubber_hand_link,largebox,right_rubber_hand_link,largebox_link,-0.0014999057430716556,0.0014999057430716556,hand-box,True,False
152,ground,left_ankle_roll_sphere_5_link,world,left_ankle_roll_sphere_5_link,-0.0008076271339465908,0.0008076271339465908,foot-ground,True,False
152,left_shoulder_yaw_link,largebox,left_shoulder_yaw_link,largebox_link,-0.0007258279340379703,0.0007258279340379703,other-body-box,False,True
152,ground,right_ankle_roll_link,world,right_ankle_roll_link,-0.0014489537425774641,0.0014489537425774641,foot-ground,True,False
152,ground,left_ankle_roll_sphere_1_link,world,left_ankle_roll_sphere_1_link,-0.0009970641521174625,0.0009970641521174625,foot-ground,True,False
152,ground,right_ankle_roll_sphere_3_link,world,right_ankle_roll_sphere_3_link,-0.0006234647521222046,0.0006234647521222046,foot-ground,True,False
152,ground,left_ankle_roll_sphere_2_link,world,left_ankle_roll_sphere_2_link,-0.0006894009791009138,0.0006894009791009138,foot-ground,True,False
152,ground,right_ankle_roll_sphere_4_link,world,right_ankle_roll_sphere_4_link,-0.0009959443542477226,0.0009959443542477226,foot-ground,True,False
152,pelvis_contour_link,left_hip_roll_link,pelvis_contour_link,left_hip_roll_link,-0.0035875030594388208,0.0035875030594388208,self-collision,False,False
152,ground,right_ankle_roll_sphere_5_link,world,right_ankle_roll_sphere_5_link,-0.0008060684332344753,0.0008060684332344753,foot-ground,True,False
152,right_knee_link,right_ankle_roll_link,right_knee_link,right_ankle_roll_link,-0.03625019276883182,0.03625019276883182,self-collision,False,False
152,ground,left_ankle_roll_link,world,left_ankle_roll_link,-0.0014490318438893021,0.0014490318438893021,foot-ground,True,False
152,left_knee_link,left_ankle_roll_link,left_knee_link,left_ankle_roll_link,-0.04024083765879116,0.04024083765879116,self-collision,False,False
152,left_rubber_hand_link,largebox,left_rubber_hand_link,largebox_link,-0.0009231935989710421,0.0009231935989710421,hand-box,True,False
152,ground,left_ankle_roll_sphere_3_link,world,left_ankle_roll_sphere_3_link,-0.0009959729779315278,0.0009959729779315278,foot-ground,True,False
152,ground,right_ankle_roll_sphere_1_link,world,right_ankle_roll_sphere_1_link,-0.0006854117385451308,0.0006854117385451308,foot-ground,True,False
152,ground,left_ankle_roll_sphere_4_link,world,left_ankle_roll_sphere_4_link,-0.0006267771703116721,0.0006267771703116721,foot-ground,True,False
153,ground,right_ankle_roll_sphere_2_link,world,right_ankle_roll_sphere_2_link,-0.0009962960783491152,0.0009962960783491152,foot-ground,True,False
153,pelvis_contour_link,right_hip_roll_link,pelvis_contour_link,right_hip_roll_link,-0.007817477886004676,0.007817477886004676,self-collision,False,False
153,right_rubber_hand_link,largebox,right_rubber_hand_link,largebox_link,-0.001064139031934891,0.001064139031934891,hand-box,True,False
153,ground,left_ankle_roll_sphere_5_link,world,left_ankle_roll_sphere_5_link,-0.0008068798892302059,0.0008068798892302059,foot-ground,True,False
153,left_shoulder_yaw_link,largebox,left_shoulder_yaw_link,largebox_link,-0.001265017264334728,0.001265017264334728,other-body-box,False,True
153,ground,right_ankle_roll_link,world,right_ankle_roll_link,-0.0014494512701278377,0.0014494512701278377,foot-ground,True,False
153,ground,left_ankle_roll_sphere_1_link,world,left_ankle_roll_sphere_1_link,-0.0009966462149409534,0.0009966462149409534,foot-ground,True,False
153,ground,right_ankle_roll_sphere_3_link,world,right_ankle_roll_sphere_3_link,-0.0006239835852520697,0.0006239835852520697,foot-ground,True,False
153,ground,left_ankle_roll_sphere_2_link,world,left_ankle_roll_sphere_2_link,-0.0006862435525807299,0.0006862435525807299,foot-ground,True,False
153,ground,right_ankle_roll_sphere_4_link,world,right_ankle_roll_sphere_4_link,-0.0009964539367100364,0.0009964539367100364,foot-ground,True,False
153,pelvis_contour_link,left_hip_roll_link,pelvis_contour_link,left_hip_roll_link,-0.005194416953043915,0.005194416953043915,self-collision,False,False
153,ground,right_ankle_roll_sphere_5_link,world,right_ankle_roll_sphere_5_link,-0.0008065856624405931,0.0008065856624405931,foot-ground,True,False
153,right_knee_link,right_ankle_roll_link,right_knee_link,right_ankle_roll_link,-0.0367180340781709,0.0367180340781709,self-collision,False,False
153,ground,left_ankle_roll_link,world,left_ankle_roll_link,-0.0014497777956308765,0.0014497777956308765,foot-ground,True,False
153,left_knee_link,left_ankle_roll_link,left_knee_link,left_ankle_roll_link,-0.04096519688194297,0.04096519688194297,self-collision,False,False
153,left_rubber_hand_link,largebox,left_rubber_hand_link,largebox_link,-0.0009228242328645636,0.0009228242328645636,hand-box,True,False
153,ground,left_ankle_roll_sphere_3_link,world,left_ankle_roll_sphere_3_link,-0.000996759907123247,0.000996759907123247,foot-ground,True,False
153,ground,right_ankle_roll_sphere_1_link,world,right_ankle_roll_sphere_1_link,-0.0006859041188008097,0.0006859041188008097,foot-ground,True,False
153,ground,left_ankle_roll_sphere_4_link,world,left_ankle_roll_sphere_4_link,-0.0006242767122909823,0.0006242767122909823,foot-ground,True,False
154,ground,right_ankle_roll_sphere_2_link,world,right_ankle_roll_sphere_2_link,-0.0009966857441341013,0.0009966857441341013,foot-ground,True,False
154,pelvis_contour_link,right_hip_roll_link,pelvis_contour_link,right_hip_roll_link,-0.00785266989239354,0.00785266989239354,self-collision,False,False
154,right_rubber_hand_link,largebox,right_rubber_hand_link,largebox_link,-0.0013865246942520587,0.0013865246942520587,hand-box,True,False
154,ground,left_ankle_roll_sphere_5_link,world,left_ankle_roll_sphere_5_link,-0.0007649107422568044,0.0007649107422568044,foot-ground,True,False
154,left_shoulder_yaw_link,largebox,left_shoulder_yaw_link,largebox_link,-0.0008523231012562971,0.0008523231012562971,other-body-box,False,True
154,ground,right_ankle_roll_link,world,right_ankle_roll_link,-0.0014497922911512716,0.0014497922911512716,foot-ground,True,False
154,ground,left_ankle_roll_sphere_1_link,world,left_ankle_roll_sphere_1_link,-0.0009972216495102498,0.0009972216495102498,foot-ground,True,False
154,ground,right_ankle_roll_sphere_3_link,world,right_ankle_roll_sphere_3_link,-0.0006243461343016328,0.0006243461343016328,foot-ground,True,False
154,ground,left_ankle_roll_sphere_2_link,world,left_ankle_roll_sphere_2_link,-0.0006175936000617005,0.0006175936000617005,foot-ground,True,False
154,ground,right_ankle_roll_sphere_4_link,world,right_ankle_roll_sphere_4_link,-0.0009967700756851215,0.0009967700756851215,foot-ground,True,False
154,pelvis_contour_link,left_hip_roll_link,pelvis_contour_link,left_hip_roll_link,-0.0053675726626398745,0.0053675726626398745,self-collision,False,False
154,ground,right_ankle_roll_sphere_5_link,world,right_ankle_roll_sphere_5_link,-0.0008069168112407174,0.0008069168112407174,foot-ground,True,False
154,right_knee_link,right_ankle_roll_link,right_knee_link,right_ankle_roll_link,-0.03700486477254111,0.03700486477254111,self-collision,False,False
154,ground,right_rubber_hand_link,world,right_rubber_hand_link,-0.0005797967083194244,0.0005797967083194244,robot-ground-excluding-foot,False,True
154,ground,left_ankle_roll_link,world,left_ankle_roll_link,-0.0014623054776282361,0.0014623054776282361,foot-ground,True,False
154,left_knee_link,left_ankle_roll_link,left_knee_link,left_ankle_roll_link,-0.04170960655602782,0.04170960655602782,self-collision,False,False
154,left_rubber_hand_link,largebox,left_rubber_hand_link,largebox_link,-0.0009351132212882113,0.0009351132212882113,hand-box,True,False
154,ground,left_ankle_roll_sphere_3_link,world,left_ankle_roll_sphere_3_link,-0.0009971609279816355,0.0009971609279816355,foot-ground,True,False
154,ground,right_ankle_roll_sphere_1_link,world,right_ankle_roll_sphere_1_link,-0.0006863324596478619,0.0006863324596478619,foot-ground,True,False
154,ground,left_ankle_roll_sphere_4_link,world,left_ankle_roll_sphere_4_link,-0.000541607268643377,0.000541607268643377,foot-ground,True,False
155,ground,right_ankle_roll_sphere_2_link,world,right_ankle_roll_sphere_2_link,-0.0006877878834698576,0.0006877878834698576,foot-ground,True,False
155,pelvis_contour_link,right_hip_roll_link,pelvis_contour_link,right_hip_roll_link,-0.007706364908649788,0.007706364908649788,self-collision,False,False
155,right_rubber_hand_link,largebox,right_rubber_hand_link,largebox_link,-0.0009971183938214112,0.0009971183938214112,hand-box,True,False
155,right_hip_yaw_link,largebox,right_hip_yaw_link,largebox_link,-0.0010705950703839978,0.0010705950703839978,other-body-box,False,True
155,left_shoulder_yaw_link,largebox,left_shoulder_yaw_link,largebox_link,-0.0010200475675573722,0.0010200475675573722,other-body-box,False,True
155,ground,right_ankle_roll_link,world,right_ankle_roll_link,-0.0014500881170182271,0.0014500881170182271,foot-ground,True,False
155,ground,left_ankle_roll_sphere_1_link,world,left_ankle_roll_sphere_1_link,-0.0007692595891580943,0.0007692595891580943,foot-ground,True,False
155,ground,right_ankle_roll_sphere_3_link,world,right_ankle_roll_sphere_3_link,-0.0009975390255994475,0.0009975390255994475,foot-ground,True,False
155,ground,left_ankle_roll_sphere_2_link,world,left_ankle_roll_sphere_2_link,-0.0005139998468993356,0.0005139998468993356,foot-ground,True,False
155,ground,right_ankle_roll_sphere_4_link,world,right_ankle_roll_sphere_4_link,-0.0006258329847174697,0.0006258329847174697,foot-ground,True,False
155,pelvis_contour_link,left_hip_roll_link,pelvis_contour_link,left_hip_roll_link,-0.005351790055515074,0.005351790055515074,self-collision,False,False
155,ground,largebox,world,largebox_link,-0.0021489751312105954,0.0021489751312105954,object-ground,True,False
155,ground,right_ankle_roll_sphere_5_link,world,right_ankle_roll_sphere_5_link,-0.0008080413704119214,0.0008080413704119214,foot-ground,True,False
155,right_knee_link,right_ankle_roll_link,right_knee_link,right_ankle_roll_link,-0.037134537810677964,0.037134537810677964,self-collision,False,False
155,ground,right_rubber_hand_link,world,right_rubber_hand_link,-0.0009998900409691758,0.0009998900409691758,robot-ground-excluding-foot,False,True
155,ground,left_ankle_roll_link,world,left_ankle_roll_link,-0.0011809078902109901,0.0011809078902109901,foot-ground,True,False
155,left_knee_link,left_ankle_roll_link,left_knee_link,left_ankle_roll_link,-0.04218262518789939,0.04218262518789939,self-collision,False,False
155,left_rubber_hand_link,largebox,left_rubber_hand_link,largebox_link,-0.0012515158001219773,0.0012515158001219773,hand-box,True,False
155,ground,right_ankle_roll_sphere_1_link,world,right_ankle_roll_sphere_1_link,-0.0009975429175381736,0.0009975429175381736,foot-ground,True,False
156,ground,right_ankle_roll_sphere_2_link,world,right_ankle_roll_sphere_2_link,-0.0006874805594966572,0.0006874805594966572,foot-ground,True,False
156,pelvis_contour_link,right_hip_roll_link,pelvis_contour_link,right_hip_roll_link,-0.00842593555706346,0.00842593555706346,self-collision,False,False
156,right_rubber_hand_link,largebox,right_rubber_hand_link,largebox_link,-0.0009985797787240985,0.0009985797787240985,hand-box,True,False
156,right_hip_yaw_link,largebox,right_hip_yaw_link,largebox_link,-0.001091668287068151,0.001091668287068151,other-body-box,False,True
156,left_shoulder_yaw_link,largebox,left_shoulder_yaw_link,largebox_link,-0.0009414672393135842,0.0009414672393135842,other-body-box,False,True
156,ground,right_ankle_roll_link,world,right_ankle_roll_link,-0.001449816337304989,0.001449816337304989,foot-ground,True,False
156,ground,left_ankle_roll_sphere_1_link,world,left_ankle_roll_sphere_1_link,-0.0007606966357246924,0.0007606966357246924,foot-ground,True,False
156,ground,right_ankle_roll_sphere_3_link,world,right_ankle_roll_sphere_3_link,-0.0009972214033010058,0.0009972214033010058,foot-ground,True,False
156,ground,left_ankle_roll_sphere_2_link,world,left_ankle_roll_sphere_2_link,-0.0005204059638286287,0.0005204059638286287,foot-ground,True,False
156,ground,right_ankle_roll_sphere_4_link,world,right_ankle_roll_sphere_4_link,-0.0006254328384654928,0.0006254328384654928,foot-ground,True,False
156,pelvis_contour_link,left_hip_roll_link,pelvis_contour_link,left_hip_roll_link,-0.0051462188458299,0.0051462188458299,self-collision,False,False
156,ground,largebox,world,largebox_link,-0.007328516060234547,0.007328516060234547,object-ground,True,False
156,ground,right_ankle_roll_sphere_5_link,world,right_ankle_roll_sphere_5_link,-0.0008076723749269902,0.0008076723749269902,foot-ground,True,False
156,right_knee_link,right_ankle_roll_link,right_knee_link,right_ankle_roll_link,-0.03715732771026775,0.03715732771026775,self-collision,False,False
156,ground,left_rubber_hand_link,world,left_rubber_hand_link,-0.0007912420222427052,0.0007912420222427052,robot-ground-excluding-foot,False,True
156,ground,right_rubber_hand_link,world,right_rubber_hand_link,-0.0009990411538694788,0.0009990411538694788,robot-ground-excluding-foot,False,True
156,ground,left_ankle_roll_link,world,left_ankle_roll_link,-0.0012001708656077838,0.0012001708656077838,foot-ground,True,False
156,left_knee_link,left_ankle_roll_link,left_knee_link,left_ankle_roll_link,-0.042635337872777096,0.042635337872777096,self-collision,False,False
156,left_rubber_hand_link,largebox,left_rubber_hand_link,largebox_link,-0.0009444837704467302,0.0009444837704467302,hand-box,True,False
156,ground,right_ankle_roll_sphere_1_link,world,right_ankle_roll_sphere_1_link,-0.0009973043635262508,0.0009973043635262508,foot-ground,True,False
157,ground,right_ankle_roll_sphere_2_link,world,right_ankle_roll_sphere_2_link,-0.0006876691207496647,0.0006876691207496647,foot-ground,True,False
157,pelvis_contour_link,right_hip_roll_link,pelvis_contour_link,right_hip_roll_link,-0.00854604689343584,0.00854604689343584,self-collision,False,False
157,right_rubber_hand_link,largebox,right_rubber_hand_link,largebox_link,-0.0009966068518299787,0.0009966068518299787,hand-box,True,False
157,left_ankle_intermediate_1_link,left_ankle_roll_link,left_ankle_intermediate_1_link,left_ankle_roll_link,-9.977229055675718e-05,9.977229055675718e-05,self-collision,False,False
157,right_hip_yaw_link,largebox,right_hip_yaw_link,largebox_link,-0.0009954501786144793,0.0009954501786144793,other-body-box,False,True
157,left_shoulder_yaw_link,largebox,left_shoulder_yaw_link,largebox_link,-0.0007977922115530861,0.0007977922115530861,other-body-box,False,True
157,ground,right_ankle_roll_link,world,right_ankle_roll_link,-0.0014500194501295173,0.0014500194501295173,foot-ground,True,False
157,ground,left_ankle_roll_sphere_1_link,world,left_ankle_roll_sphere_1_link,-0.00041465891788002637,0.00041465891788002637,foot-ground,True,False
157,ground,right_ankle_roll_sphere_3_link,world,right_ankle_roll_sphere_3_link,-0.000997465810998465,0.000997465810998465,foot-ground,True,False
157,ground,left_ankle_roll_sphere_2_link,world,left_ankle_roll_sphere_2_link,-0.0005290705528918143,0.0005290705528918143,foot-ground,True,False
157,ground,right_ankle_roll_sphere_4_link,world,right_ankle_roll_sphere_4_link,-0.0006257116782437113,0.0006257116782437113,foot-ground,True,False
157,pelvis_contour_link,left_hip_roll_link,pelvis_contour_link,left_hip_roll_link,-0.0051963953259053786,0.0051963953259053786,self-collision,False,False
157,ground,largebox,world,largebox_link,-0.008619395416428366,0.008619395416428366,object-ground,True,False
157,ground,right_ankle_roll_sphere_5_link,world,right_ankle_roll_sphere_5_link,-0.0008079442820983765,0.0008079442820983765,foot-ground,True,False
157,right_knee_link,right_ankle_roll_link,right_knee_link,right_ankle_roll_link,-0.037299540640696516,0.037299540640696516,self-collision,False,False
157,ground,left_rubber_hand_link,world,left_rubber_hand_link,-0.0009986417068889586,0.0009986417068889586,robot-ground-excluding-foot,False,True
157,ground,right_rubber_hand_link,world,right_rubber_hand_link,-0.0009993054409218466,0.0009993054409218466,robot-ground-excluding-foot,False,True
157,ground,left_ankle_roll_link,world,left_ankle_roll_link,-0.0010268117607321811,0.0010268117607321811,foot-ground,True,False
157,left_knee_link,left_ankle_roll_link,left_knee_link,left_ankle_roll_link,-0.04300273037230634,0.04300273037230634,self-collision,False,False
157,left_rubber_hand_link,largebox,left_rubber_hand_link,largebox_link,-0.0009750733185230481,0.0009750733185230481,hand-box,True,False
157,ground,right_ankle_roll_sphere_1_link,world,right_ankle_roll_sphere_1_link,-0.0009974642313786272,0.0009974642313786272,foot-ground,True,False
158,ground,right_ankle_roll_sphere_2_link,world,right_ankle_roll_sphere_2_link,-0.0006874710386539423,0.0006874710386539423,foot-ground,True,False
158,pelvis_contour_link,right_hip_roll_link,pelvis_contour_link,right_hip_roll_link,-0.00860352018644292,0.00860352018644292,self-collision,False,False
158,right_rubber_hand_link,largebox,right_rubber_hand_link,largebox_link,-0.0010027703943869815,0.0010027703943869815,hand-box,True,False
158,left_ankle_intermediate_1_link,left_ankle_roll_link,left_ankle_intermediate_1_link,left_ankle_roll_link,-0.00032694867693543184,0.00032694867693543184,self-collision,False,False
158,right_hip_yaw_link,largebox,right_hip_yaw_link,largebox_link,-0.0005952901567556762,0.0005952901567556762,other-body-box,False,True
158,left_shoulder_yaw_link,largebox,left_shoulder_yaw_link,largebox_link,-0.0013216159155264584,0.0013216159155264584,other-body-box,False,True
158,ground,right_ankle_roll_link,world,right_ankle_roll_link,-0.0014497347121508984,0.0014497347121508984,foot-ground,True,False
158,ground,left_ankle_roll_sphere_1_link,world,left_ankle_roll_sphere_1_link,-0.00016595752222721676,0.00016595752222721676,foot-ground,True,False
158,ground,right_ankle_roll_sphere_3_link,world,right_ankle_roll_sphere_3_link,-0.0009972016076216948,0.0009972016076216948,foot-ground,True,False
158,ground,left_ankle_roll_sphere_2_link,world,left_ankle_roll_sphere_2_link,-0.0004989860432043176,0.0004989860432043176,foot-ground,True,False
158,ground,right_ankle_roll_sphere_4_link,world,right_ankle_roll_sphere_4_link,-0.0006255450520953705,0.0006255450520953705,foot-ground,True,False
158,pelvis_contour_link,left_hip_roll_link,pelvis_contour_link,left_hip_roll_link,-0.0051198759366475055,0.0051198759366475055,self-collision,False,False
158,ground,largebox,world,largebox_link,-0.00670149025878225,0.00670149025878225,object-ground,True,False
158,ground,right_ankle_roll_sphere_5_link,world,right_ankle_roll_sphere_5_link,-0.0008077316113960188,0.0008077316113960188,foot-ground,True,False
158,right_knee_link,right_ankle_roll_link,right_knee_link,right_ankle_roll_link,-0.03744907170362749,0.03744907170362749,self-collision,False,False
158,ground,right_rubber_hand_link,world,right_rubber_hand_link,-0.0009996204339144943,0.0009996204339144943,robot-ground-excluding-foot,False,True
158,ground,left_ankle_roll_link,world,left_ankle_roll_link,-0.000999893447254669,0.000999893447254669,foot-ground,True,False
158,left_knee_link,left_ankle_roll_link,left_knee_link,left_ankle_roll_link,-0.04337264517245826,0.04337264517245826,self-collision,False,False
158,left_rubber_hand_link,largebox,left_rubber_hand_link,largebox_link,-0.0010051811063931243,0.0010051811063931243,hand-box,True,False
158,ground,right_ankle_roll_sphere_1_link,world,right_ankle_roll_sphere_1_link,-0.0009971848349258792,0.0009971848349258792,foot-ground,True,False
159,ground,right_ankle_roll_sphere_2_link,world,right_ankle_roll_sphere_2_link,-0.0006878176866922823,0.0006878176866922823,foot-ground,True,False
159,pelvis_contour_link,right_hip_roll_link,pelvis_contour_link,right_hip_roll_link,-0.00867382712947215,0.00867382712947215,self-collision,False,False
159,right_rubber_hand_link,largebox,right_rubber_hand_link,largebox_link,-0.0010009930847310888,0.0010009930847310888,hand-box,True,False
159,left_ankle_intermediate_1_link,left_ankle_roll_link,left_ankle_intermediate_1_link,left_ankle_roll_link,-0.0005796084705664006,0.0005796084705664006,self-collision,False,False
159,right_hip_yaw_link,largebox,right_hip_yaw_link,largebox_link,-0.0011448041316596408,0.0011448041316596408,other-body-box,False,True
159,left_shoulder_yaw_link,largebox,left_shoulder_yaw_link,largebox_link,-0.0008781554395219104,0.0008781554395219104,other-body-box,False,True
159,ground,right_ankle_roll_link,world,right_ankle_roll_link,-0.0014501770434703493,0.0014501770434703493,foot-ground,True,False
159,ground,right_ankle_roll_sphere_3_link,world,right_ankle_roll_sphere_3_link,-0.0009976086645899452,0.0009976086645899452,foot-ground,True,False
159,ground,left_ankle_roll_sphere_2_link,world,left_ankle_roll_sphere_2_link,-0.0005547110568867473,0.0005547110568867473,foot-ground,True,False
159,ground,right_ankle_roll_sphere_4_link,world,right_ankle_roll_sphere_4_link,-0.0006258300554524898,0.0006258300554524898,foot-ground,True,False
159,pelvis_contour_link,left_hip_roll_link,pelvis_contour_link,left_hip_roll_link,-0.005131872667317641,0.005131872667317641,self-collision,False,False
159,ground,largebox,world,largebox_link,-0.006064336136306719,0.006064336136306719,object-ground,True,False
159,ground,right_ankle_roll_sphere_5_link,world,right_ankle_roll_sphere_5_link,-0.0008080715858472974,0.0008080715858472974,foot-ground,True,False
159,right_knee_link,right_ankle_roll_link,right_knee_link,right_ankle_roll_link,-0.0377005077140653,0.0377005077140653,self-collision,False,False
159,ground,right_rubber_hand_link,world,right_rubber_hand_link,-0.0009994276028137544,0.0009994276028137544,robot-ground-excluding-foot,False,True
159,ground,left_ankle_roll_link,world,left_ankle_roll_link,-0.00099971137627718,0.00099971137627718,foot-ground,True,False
159,left_knee_link,left_ankle_roll_link,left_knee_link,left_ankle_roll_link,-0.043746132949484706,0.043746132949484706,self-collision,False,False
159,left_rubber_hand_link,largebox,left_rubber_hand_link,largebox_link,-0.0017299247772778747,0.0017299247772778747,hand-box,True,False
159,ground,right_ankle_roll_sphere_1_link,world,right_ankle_roll_sphere_1_link,-0.000997633194306828,0.000997633194306828,foot-ground,True,False
160,ground,right_ankle_roll_sphere_2_link,world,right_ankle_roll_sphere_2_link,-0.000686982548036264,0.000686982548036264,foot-ground,True,False
160,pelvis_contour_link,right_hip_roll_link,pelvis_contour_link,right_hip_roll_link,-0.008768260522517765,0.008768260522517765,self-collision,False,False
160,right_rubber_hand_link,largebox,right_rubber_hand_link,largebox_link,-0.0010073890464763757,0.0010073890464763757,hand-box,True,False
160,left_ankle_intermediate_1_link,left_ankle_roll_link,left_ankle_intermediate_1_link,left_ankle_roll_link,-0.0005123426841895512,0.0005123426841895512,self-collision,False,False
160,right_hip_yaw_link,largebox,right_hip_yaw_link,largebox_link,-0.001004118398269388,0.001004118398269388,other-body-box,False,True
160,left_shoulder_yaw_link,largebox,left_shoulder_yaw_link,largebox_link,-0.0012114568271926751,0.0012114568271926751,other-body-box,False,True
160,ground,right_ankle_roll_link,world,right_ankle_roll_link,-0.0014491891929104238,0.0014491891929104238,foot-ground,True,False
160,ground,right_ankle_roll_sphere_3_link,world,right_ankle_roll_sphere_3_link,-0.0009965545195312646,0.0009965545195312646,foot-ground,True,False
160,ground,left_ankle_roll_sphere_2_link,world,left_ankle_roll_sphere_2_link,-0.0008877474455530601,0.0008877474455530601,foot-ground,True,False
160,ground,right_ankle_roll_sphere_4_link,world,right_ankle_roll_sphere_4_link,-0.0006248314732190874,0.0006248314732190874,foot-ground,True,False
160,pelvis_contour_link,left_hip_roll_link,pelvis_contour_link,left_hip_roll_link,-0.005149469041791574,0.005149469041791574,self-collision,False,False
160,ground,largebox,world,largebox_link,-0.0059366206472082905,0.0059366206472082905,object-ground,True,False
160,ground,right_ankle_roll_sphere_5_link,world,right_ankle_roll_sphere_5_link,-0.0008070254488115108,0.0008070254488115108,foot-ground,True,False
160,right_knee_link,right_ankle_roll_link,right_knee_link,right_ankle_roll_link,-0.03794202658024892,0.03794202658024892,self-collision,False,False
160,ground,left_rubber_hand_link,world,left_rubber_hand_link,-0.000995816578338915,0.000995816578338915,robot-ground-excluding-foot,False,True
160,ground,right_rubber_hand_link,world,right_rubber_hand_link,-0.0009987704863688718,0.0009987704863688718,robot-ground-excluding-foot,False,True
160,ground,left_ankle_roll_link,world,left_ankle_roll_link,-0.0013097465765256854,0.0013097465765256854,foot-ground,True,False
160,left_knee_link,left_ankle_roll_link,left_knee_link,left_ankle_roll_link,-0.043631981246270796,0.043631981246270796,self-collision,False,False
160,left_rubber_hand_link,largebox,left_rubber_hand_link,largebox_link,-0.0009587266878087475,0.0009587266878087475,hand-box,True,False
160,ground,right_ankle_roll_sphere_1_link,world,right_ankle_roll_sphere_1_link,-0.000996751753296411,0.000996751753296411,foot-ground,True,False
160,ground,left_ankle_roll_sphere_4_link,world,left_ankle_roll_sphere_4_link,-9.807510634560462e-05,9.807510634560462e-05,foot-ground,True,False
161,ground,right_ankle_roll_sphere_2_link,world,right_ankle_roll_sphere_2_link,-0.0006875417688734812,0.0006875417688734812,foot-ground,True,False
161,pelvis_contour_link,right_hip_roll_link,pelvis_contour_link,right_hip_roll_link,-0.008805072588669027,0.008805072588669027,self-collision,False,False
161,right_rubber_hand_link,largebox,right_rubber_hand_link,largebox_link,-0.0010080341644047586,0.0010080341644047586,hand-box,True,False
161,ground,left_ankle_roll_sphere_5_link,world,left_ankle_roll_sphere_5_link,-0.0001785545934563813,0.0001785545934563813,foot-ground,True,False
161,left_ankle_intermediate_1_link,left_ankle_roll_link,left_ankle_intermediate_1_link,left_ankle_roll_link,-0.00043528850251779716,0.00043528850251779716,self-collision,False,False
161,left_shoulder_yaw_link,largebox,left_shoulder_yaw_link,largebox_link,-0.0011244029103260056,0.0011244029103260056,other-body-box,False,True
161,ground,right_ankle_roll_link,world,right_ankle_roll_link,-0.0014497438597645372,0.0014497438597645372,foot-ground,True,False
161,ground,right_ankle_roll_sphere_3_link,world,right_ankle_roll_sphere_3_link,-0.000997114583583601,0.000997114583583601,foot-ground,True,False
161,ground,right_ankle_roll_sphere_4_link,world,right_ankle_roll_sphere_4_link,-0.0006254015694868815,0.0006254015694868815,foot-ground,True,False
161,pelvis_contour_link,left_hip_roll_link,pelvis_contour_link,left_hip_roll_link,-0.0051677710298759505,0.0051677710298759505,self-collision,False,False
161,ground,largebox,world,largebox_link,-0.005039517427734258,0.005039517427734258,object-ground,True,False
161,ground,right_ankle_roll_sphere_5_link,world,right_ankle_roll_sphere_5_link,-0.0008075917100789426,0.0008075917100789426,foot-ground,True,False
161,right_knee_link,right_ankle_roll_link,right_knee_link,right_ankle_roll_link,-0.038182256489980415,0.038182256489980415,self-collision,False,False
161,ground,left_rubber_hand_link,world,left_rubber_hand_link,-0.0009980248977008027,0.0009980248977008027,robot-ground-excluding-foot,False,True
161,ground,right_rubber_hand_link,world,right_rubber_hand_link,-0.000999490100776615,0.000999490100776615,robot-ground-excluding-foot,False,True
161,ground,left_ankle_roll_link,world,left_ankle_roll_link,-0.0010045337784019004,0.0010045337784019004,foot-ground,True,False
161,left_knee_link,left_ankle_roll_link,left_knee_link,left_ankle_roll_link,-0.043511390800037214,0.043511390800037214,self-collision,False,False
161,left_rubber_hand_link,largebox,left_rubber_hand_link,largebox_link,-0.0009844676640508587,0.0009844676640508587,hand-box,True,False
161,ground,right_ankle_roll_sphere_1_link,world,right_ankle_roll_sphere_1_link,-0.0009973026139540797,0.0009973026139540797,foot-ground,True,False
161,ground,left_ankle_roll_sphere_4_link,world,left_ankle_roll_sphere_4_link,-0.0005931226861551923,0.0005931226861551923,foot-ground,True,False
162,ground,right_ankle_roll_sphere_2_link,world,right_ankle_roll_sphere_2_link,-0.0006877648452693437,0.0006877648452693437,foot-ground,True,False
162,pelvis_contour_link,right_hip_roll_link,pelvis_contour_link,right_hip_roll_link,-0.008161779363449334,0.008161779363449334,self-collision,False,False
162,right_rubber_hand_link,largebox,right_rubber_hand_link,largebox_link,-0.0005160140234477806,0.0005160140234477806,hand-box,True,False
162,ground,left_ankle_roll_sphere_5_link,world,left_ankle_roll_sphere_5_link,-0.00018419483066374736,0.00018419483066374736,foot-ground,True,False
162,left_ankle_intermediate_1_link,left_ankle_roll_link,left_ankle_intermediate_1_link,left_ankle_roll_link,-0.00039281682507266713,0.00039281682507266713,self-collision,False,False
162,left_shoulder_yaw_link,largebox,left_shoulder_yaw_link,largebox_link,-0.0016610857786397287,0.0016610857786397287,other-body-box,False,True
162,ground,right_ankle_roll_link,world,right_ankle_roll_link,-0.0014500557034718836,0.0014500557034718836,foot-ground,True,False
162,ground,right_ankle_roll_sphere_3_link,world,right_ankle_roll_sphere_3_link,-0.0009974971928363259,0.0009974971928363259,foot-ground,True,False
162,ground,right_ankle_roll_sphere_4_link,world,right_ankle_roll_sphere_4_link,-0.0006257884876163479,0.0006257884876163479,foot-ground,True,False
162,pelvis_contour_link,left_hip_roll_link,pelvis_contour_link,left_hip_roll_link,-0.005280020031303234,0.005280020031303234,self-collision,False,False
162,ground,largebox,world,largebox_link,-0.0034113582408976384,0.0034113582408976384,object-ground,True,False
162,ground,right_ankle_roll_sphere_5_link,world,right_ankle_roll_sphere_5_link,-0.0008079957070242184,0.0008079957070242184,foot-ground,True,False
162,right_knee_link,right_ankle_roll_link,right_knee_link,right_ankle_roll_link,-0.03840965598809906,0.03840965598809906,self-collision,False,False
162,ground,left_rubber_hand_link,world,left_rubber_hand_link,-0.0009988804087482372,0.0009988804087482372,robot-ground-excluding-foot,False,True
162,ground,right_rubber_hand_link,world,right_rubber_hand_link,-0.000998986604245286,0.000998986604245286,robot-ground-excluding-foot,False,True
162,ground,left_ankle_roll_link,world,left_ankle_roll_link,-0.0010000015165184742,0.0010000015165184742,foot-ground,True,False
162,left_knee_link,left_ankle_roll_link,left_knee_link,left_ankle_roll_link,-0.0434444462311144,0.0434444462311144,self-collision,False,False
162,left_rubber_hand_link,largebox,left_rubber_hand_link,largebox_link,-0.0009800908602041608,0.0009800908602041608,hand-box,True,False
162,ground,right_ankle_roll_sphere_1_link,world,right_ankle_roll_sphere_1_link,-0.000997522099619323,0.000997522099619323,foot-ground,True,False
162,ground,left_ankle_roll_sphere_4_link,world,left_ankle_roll_sphere_4_link,-0.0005436535782958633,0.0005436535782958633,foot-ground,True,False
163,ground,right_ankle_roll_sphere_2_link,world,right_ankle_roll_sphere_2_link,-0.0006878058293814061,0.0006878058293814061,foot-ground,True,False
163,pelvis_contour_link,right_hip_roll_link,pelvis_contour_link,right_hip_roll_link,-0.008889114238128909,0.008889114238128909,self-collision,False,False
163,right_rubber_hand_link,largebox,right_rubber_hand_link,largebox_link,-0.0010027398806503052,0.0010027398806503052,hand-box,True,False
163,ground,left_ankle_roll_sphere_5_link,world,left_ankle_roll_sphere_5_link,-0.00021186261320788307,0.00021186261320788307,foot-ground,True,False
163,left_ankle_intermediate_1_link,left_ankle_roll_link,left_ankle_intermediate_1_link,left_ankle_roll_link,-0.0003598481345038901,0.0003598481345038901,self-collision,False,False
163,left_shoulder_yaw_link,largebox,left_shoulder_yaw_link,largebox_link,-0.0017137420256629343,0.0017137420256629343,other-body-box,False,True
163,ground,right_ankle_roll_link,world,right_ankle_roll_link,-0.0014500910988510113,0.0014500910988510113,foot-ground,True,False
163,ground,right_ankle_roll_sphere_3_link,world,right_ankle_roll_sphere_3_link,-0.0009975212221428912,0.0009975212221428912,foot-ground,True,False
163,ground,right_ankle_roll_sphere_4_link,world,right_ankle_roll_sphere_4_link,-0.0006258043966966753,0.0006258043966966753,foot-ground,True,False
163,pelvis_contour_link,left_hip_roll_link,pelvis_contour_link,left_hip_roll_link,-0.005267315103659062,0.005267315103659062,self-collision,False,False
163,ground,largebox,world,largebox_link,-0.0027335402352362537,0.0027335402352362537,object-ground,True,False
163,ground,right_ankle_roll_sphere_5_link,world,right_ankle_roll_sphere_5_link,-0.0008080128058239938,0.0008080128058239938,foot-ground,True,False
163,right_knee_link,right_ankle_roll_link,right_knee_link,right_ankle_roll_link,-0.038536434505413886,0.038536434505413886,self-collision,False,False
163,ground,left_rubber_hand_link,world,left_rubber_hand_link,-0.0009988490271892747,0.0009988490271892747,robot-ground-excluding-foot,False,True
163,ground,right_rubber_hand_link,world,right_rubber_hand_link,-0.0009999670281919254,0.0009999670281919254,robot-ground-excluding-foot,False,True
163,ground,left_ankle_roll_link,world,left_ankle_roll_link,-0.000999947666399291,0.000999947666399291,foot-ground,True,False
163,left_knee_link,left_ankle_roll_link,left_knee_link,left_ankle_roll_link,-0.043410341087878834,0.043410341087878834,self-collision,False,False
163,left_rubber_hand_link,largebox,left_rubber_hand_link,largebox_link,-0.0009748691980872581,0.0009748691980872581,hand-box,True,False
163,ground,right_ankle_roll_sphere_1_link,world,right_ankle_roll_sphere_1_link,-0.0009975698505865866,0.0009975698505865866,foot-ground,True,False
163,ground,left_ankle_roll_sphere_4_link,world,left_ankle_roll_sphere_4_link,-0.00047361518370049854,0.00047361518370049854,foot-ground,True,False
164,ground,right_ankle_roll_sphere_2_link,world,right_ankle_roll_sphere_2_link,-0.0006878898715391669,0.0006878898715391669,foot-ground,True,False
164,pelvis_contour_link,right_hip_roll_link,pelvis_contour_link,right_hip_roll_link,-0.008837064730180505,0.008837064730180505,self-collision,False,False
164,right_rubber_hand_link,largebox,right_rubber_hand_link,largebox_link,-0.0009971500431904812,0.0009971500431904812,hand-box,True,False
164,ground,left_ankle_roll_sphere_5_link,world,left_ankle_roll_sphere_5_link,-0.00021100823277190022,0.00021100823277190022,foot-ground,True,False
164,left_ankle_intermediate_1_link,left_ankle_roll_link,left_ankle_intermediate_1_link,left_ankle_roll_link,-0.0003354723395605774,0.0003354723395605774,self-collision,False,False
164,left_shoulder_yaw_link,largebox,left_shoulder_yaw_link,largebox_link,-0.0009929948628518842,0.0009929948628518842,other-body-box,False,True
164,ground,right_ankle_roll_link,world,right_ankle_roll_link,-0.0014501941227909876,0.0014501941227909876,foot-ground,True,False
164,ground,right_ankle_roll_sphere_3_link,world,right_ankle_roll_sphere_3_link,-0.0009976458538624852,0.0009976458538624852,foot-ground,True,False
164,ground,right_ankle_roll_sphere_4_link,world,right_ankle_roll_sphere_4_link,-0.0006259373043947516,0.0006259373043947516,foot-ground,True,False
164,pelvis_contour_link,left_hip_roll_link,pelvis_contour_link,left_hip_roll_link,-0.005394483672319761,0.005394483672319761,self-collision,False,False
164,ground,largebox,world,largebox_link,-0.0033070616425555366,0.0033070616425555366,object-ground,True,False
164,ground,right_ankle_roll_sphere_5_link,world,right_ankle_roll_sphere_5_link,-0.0008081472432828777,0.0008081472432828777,foot-ground,True,False
164,right_knee_link,right_ankle_roll_link,right_knee_link,right_ankle_roll_link,-0.03874210483487489,0.03874210483487489,self-collision,False,False
164,ground,left_rubber_hand_link,world,left_rubber_hand_link,-0.00024634707737312966,0.00024634707737312966,robot-ground-excluding-foot,False,True
164,ground,right_rubber_hand_link,world,right_rubber_hand_link,-0.0009997186357167953,0.0009997186357167953,robot-ground-excluding-foot,False,True
164,ground,left_ankle_roll_link,world,left_ankle_roll_link,-0.000999992352352,0.000999992352352,foot-ground,True,False
164,left_knee_link,left_ankle_roll_link,left_knee_link,left_ankle_roll_link,-0.04338448301094891,0.04338448301094891,self-collision,False,False
164,left_rubber_hand_link,largebox,left_rubber_hand_link,largebox_link,-0.0012307083227948018,0.0012307083227948018,hand-box,True,False
164,ground,right_ankle_roll_sphere_1_link,world,right_ankle_roll_sphere_1_link,-0.0009976469960956127,0.0009976469960956127,foot-ground,True,False
164,ground,left_ankle_roll_sphere_4_link,world,left_ankle_roll_sphere_4_link,-0.0003978485332559482,0.0003978485332559482,foot-ground,True,False
165,ground,right_ankle_roll_sphere_2_link,world,right_ankle_roll_sphere_2_link,-0.0006878715104099179,0.0006878715104099179,foot-ground,True,False
165,pelvis_contour_link,right_hip_roll_link,pelvis_contour_link,right_hip_roll_link,-0.008879150225226493,0.008879150225226493,self-collision,False,False
165,right_rubber_hand_link,largebox,right_rubber_hand_link,largebox_link,-0.0010006450395782102,0.0010006450395782102,hand-box,True,False
165,ground,left_ankle_roll_sphere_5_link,world,left_ankle_roll_sphere_5_link,-0.00025543349935922954,0.00025543349935922954,foot-ground,True,False
165,left_ankle_intermediate_1_link,left_ankle_roll_link,left_ankle_intermediate_1_link,left_ankle_roll_link,-0.000200690931773162,0.000200690931773162,self-collision,False,False
165,right_hip_yaw_link,largebox,right_hip_yaw_link,largebox_link,-0.0006770498175630302,0.0006770498175630302,other-body-box,False,True
165,left_shoulder_yaw_link,largebox,left_shoulder_yaw_link,largebox_link,-0.0007613306780352019,0.0007613306780352019,other-body-box,False,True
165,ground,right_ankle_roll_link,world,right_ankle_roll_link,-0.001450157055679538,0.001450157055679538,foot-ground,True,False
165,ground,right_ankle_roll_sphere_3_link,world,right_ankle_roll_sphere_3_link,-0.0009976063868290174,0.0009976063868290174,foot-ground,True,False
165,ground,right_ankle_roll_sphere_4_link,world,right_ankle_roll_sphere_4_link,-0.0006259111406340624,0.0006259111406340624,foot-ground,True,False
165,pelvis_contour_link,left_hip_roll_link,pelvis_contour_link,left_hip_roll_link,-0.0053828501569656295,0.0053828501569656295,self-collision,False,False
165,ground,largebox,world,largebox_link,-0.0036989498235192875,0.0036989498235192875,object-ground,True,False
165,ground,right_ankle_roll_sphere_5_link,world,right_ankle_roll_sphere_5_link,-0.0008081133795049189,0.0008081133795049189,foot-ground,True,False
165,right_knee_link,right_ankle_roll_link,right_knee_link,right_ankle_roll_link,-0.038810531713893454,0.038810531713893454,self-collision,False,False
165,ground,left_rubber_hand_link,world,left_rubber_hand_link,-0.00099932295107788,0.00099932295107788,robot-ground-excluding-foot,False,True
165,ground,right_rubber_hand_link,world,right_rubber_hand_link,-0.0009997042015907898,0.0009997042015907898,robot-ground-excluding-foot,False,True
165,ground,left_ankle_roll_link,world,left_ankle_roll_link,-0.0010000975104351509,0.0010000975104351509,foot-ground,True,False
165,left_knee_link,left_ankle_roll_link,left_knee_link,left_ankle_roll_link,-0.043162115626650344,0.043162115626650344,self-collision,False,False
165,left_rubber_hand_link,largebox,left_rubber_hand_link,largebox_link,-0.0009259785717893598,0.0009259785717893598,hand-box,True,False
165,ground,right_ankle_roll_sphere_1_link,world,right_ankle_roll_sphere_1_link,-0.0009976175489057144,0.0009976175489057144,foot-ground,True,False
165,ground,left_ankle_roll_sphere_4_link,world,left_ankle_roll_sphere_4_link,-0.00017860011350266918,0.00017860011350266918,foot-ground,True,False
166,ground,right_ankle_roll_sphere_2_link,world,right_ankle_roll_sphere_2_link,-0.0006879032359155641,0.0006879032359155641,foot-ground,True,False
166,pelvis_contour_link,right_hip_roll_link,pelvis_contour_link,right_hip_roll_link,-0.00904867795238505,0.00904867795238505,self-collision,False,False
166,right_rubber_hand_link,largebox,right_rubber_hand_link,largebox_link,-0.000992007739993278,0.000992007739993278,hand-box,True,False
166,ground,left_ankle_roll_sphere_5_link,world,left_ankle_roll_sphere_5_link,-0.00019260255313823926,0.00019260255313823926,foot-ground,True,False
166,left_ankle_intermediate_1_link,left_ankle_roll_link,left_ankle_intermediate_1_link,left_ankle_roll_link,-0.00010913635821167833,0.00010913635821167833,self-collision,False,False
166,left_shoulder_yaw_link,largebox,left_shoulder_yaw_link,largebox_link,-0.0009820463180657268,0.0009820463180657268,other-body-box,False,True
166,ground,right_ankle_roll_link,world,right_ankle_roll_link,-0.0014502070771316225,0.0014502070771316225,foot-ground,True,False
166,ground,right_ankle_roll_sphere_3_link,world,right_ankle_roll_sphere_3_link,-0.0009976509095194442,0.0009976509095194442,foot-ground,True,False
166,ground,right_ankle_roll_sphere_4_link,world,right_ankle_roll_sphere_4_link,-0.0006259337403721711,0.0006259337403721711,foot-ground,True,False
166,pelvis_contour_link,left_hip_roll_link,pelvis_contour_link,left_hip_roll_link,-0.005433217780069527,0.005433217780069527,self-collision,False,False
166,ground,largebox,world,largebox_link,-0.0033454913191396374,0.0033454913191396374,object-ground,True,False
166,ground,right_ankle_roll_sphere_5_link,world,right_ankle_roll_sphere_5_link,-0.0008081460820303808,0.0008081460820303808,foot-ground,True,False
166,right_knee_link,right_ankle_roll_link,right_knee_link,right_ankle_roll_link,-0.03881673680594119,0.03881673680594119,self-collision,False,False
166,ground,left_ankle_roll_link,world,left_ankle_roll_link,-0.00100062179779202,0.00100062179779202,foot-ground,True,False
166,left_knee_link,left_ankle_roll_link,left_knee_link,left_ankle_roll_link,-0.043007980263475576,0.043007980263475576,self-collision,False,False
166,left_rubber_hand_link,largebox,left_rubber_hand_link,largebox_link,-0.0010707113530051826,0.0010707113530051826,hand-box,True,False
166,ground,right_ankle_roll_sphere_1_link,world,right_ankle_roll_sphere_1_link,-0.0009976675435382906,0.0009976675435382906,foot-ground,True,False
166,ground,left_ankle_roll_sphere_4_link,world,left_ankle_roll_sphere_4_link,-0.00014641312158032976,0.00014641312158032976,foot-ground,True,False
167,ground,right_ankle_roll_sphere_2_link,world,right_ankle_roll_sphere_2_link,-0.0006878764754563822,0.0006878764754563822,foot-ground,True,False
167,pelvis_contour_link,right_hip_roll_link,pelvis_contour_link,right_hip_roll_link,-0.009048785093199202,0.009048785093199202,self-collision,False,False
167,right_rubber_hand_link,largebox,right_rubber_hand_link,largebox_link,-0.0010585201332458383,0.0010585201332458383,hand-box,True,False
167,ground,left_ankle_roll_sphere_5_link,world,left_ankle_roll_sphere_5_link,-0.0002034715835740079,0.0002034715835740079,foot-ground,True,False
167,left_shoulder_yaw_link,largebox,left_shoulder_yaw_link,largebox_link,-0.0007889719953633051,0.0007889719953633051,other-body-box,False,True
167,ground,right_ankle_roll_link,world,right_ankle_roll_link,-0.0014502109622738443,0.0014502109622738443,foot-ground,True,False
167,ground,right_ankle_roll_sphere_3_link,world,right_ankle_roll_sphere_3_link,-0.0009976537113982045,0.0009976537113982045,foot-ground,True,False
167,ground,right_ankle_roll_sphere_4_link,world,right_ankle_roll_sphere_4_link,-0.0006259090519308173,0.0006259090519308173,foot-ground,True,False
167,pelvis_contour_link,left_hip_roll_link,pelvis_contour_link,left_hip_roll_link,-0.005473669140344278,0.005473669140344278,self-collision,False,False
167,ground,largebox,world,largebox_link,-0.0032885224614347397,0.0032885224614347397,object-ground,True,False
167,ground,right_ankle_roll_sphere_5_link,world,right_ankle_roll_sphere_5_link,-0.0008081356520288309,0.0008081356520288309,foot-ground,True,False
167,right_knee_link,right_ankle_roll_link,right_knee_link,right_ankle_roll_link,-0.03861806318485492,0.03861806318485492,self-collision,False,False
167,ground,left_ankle_roll_link,world,left_ankle_roll_link,-0.0009998861493060625,0.0009998861493060625,foot-ground,True,False
167,left_knee_link,left_ankle_roll_link,left_knee_link,left_ankle_roll_link,-0.042815130009586255,0.042815130009586255,self-collision,False,False
167,left_rubber_hand_link,largebox,left_rubber_hand_link,largebox_link,-0.0008680832895006929,0.0008680832895006929,hand-box,True,False
167,ground,right_ankle_roll_sphere_1_link,world,right_ankle_roll_sphere_1_link,-0.0009976636916792054,0.0009976636916792054,foot-ground,True,False
167,ground,left_ankle_roll_sphere_4_link,world,left_ankle_roll_sphere_4_link,-9.635019714699083e-05,9.635019714699083e-05,foot-ground,True,False
168,ground,right_ankle_roll_sphere_2_link,world,right_ankle_roll_sphere_2_link,-0.000687772575574618,0.000687772575574618,foot-ground,True,False
168,pelvis_contour_link,right_hip_roll_link,pelvis_contour_link,right_hip_roll_link,-0.009077892652991082,0.009077892652991082,self-collision,False,False
168,right_rubber_hand_link,largebox,right_rubber_hand_link,largebox_link,-0.0013385628106442338,0.0013385628106442338,hand-box,True,False
168,ground,left_ankle_roll_sphere_5_link,world,left_ankle_roll_sphere_5_link,-0.0002017352708558835,0.0002017352708558835,foot-ground,True,False
168,left_shoulder_yaw_link,largebox,left_shoulder_yaw_link,largebox_link,-0.0008228380612669145,0.0008228380612669145,other-body-box,False,True
168,ground,right_ankle_roll_link,world,right_ankle_roll_link,-0.0014501409798274578,0.0014501409798274578,foot-ground,True,False
168,ground,right_ankle_roll_sphere_3_link,world,right_ankle_roll_sphere_3_link,-0.0009974776928567538,0.0009974776928567538,foot-ground,True,False
168,ground,right_ankle_roll_sphere_4_link,world,right_ankle_roll_sphere_4_link,-0.0006255835378156582,0.0006255835378156582,foot-ground,True,False
168,pelvis_contour_link,left_hip_roll_link,pelvis_contour_link,left_hip_roll_link,-0.005059370039544847,0.005059370039544847,self-collision,False,False
168,ground,largebox,world,largebox_link,-0.00327682267585247,0.00327682267585247,object-ground,True,False
168,ground,right_ankle_roll_sphere_5_link,world,right_ankle_roll_sphere_5_link,-0.0008078602790806541,0.0008078602790806541,foot-ground,True,False
168,right_knee_link,right_ankle_roll_link,right_knee_link,right_ankle_roll_link,-0.038203620643889435,0.038203620643889435,self-collision,False,False
168,ground,left_ankle_roll_link,world,left_ankle_roll_link,-0.0009999631851282734,0.0009999631851282734,foot-ground,True,False
168,left_knee_link,left_ankle_roll_link,left_knee_link,left_ankle_roll_link,-0.04232463466766059,0.04232463466766059,self-collision,False,False
168,ground,right_ankle_roll_sphere_1_link,world,right_ankle_roll_sphere_1_link,-0.0009976843714421977,0.0009976843714421977,foot-ground,True,False
168,ground,left_ankle_roll_sphere_4_link,world,left_ankle_roll_sphere_4_link,-2.2858582356360783e-05,2.2858582356360783e-05,foot-ground,True,False
169,ground,right_ankle_roll_sphere_2_link,world,right_ankle_roll_sphere_2_link,-0.0006407252834741963,0.0006407252834741963,foot-ground,True,False
169,pelvis_contour_link,right_hip_roll_link,pelvis_contour_link,right_hip_roll_link,-0.009072070278379668,0.009072070278379668,self-collision,False,False
169,right_rubber_hand_link,largebox,right_rubber_hand_link,largebox_link,-0.001264166554486204,0.001264166554486204,hand-box,True,False
169,ground,left_ankle_roll_sphere_5_link,world,left_ankle_roll_sphere_5_link,-0.00018956846119414904,0.00018956846119414904,foot-ground,True,False
169,left_shoulder_yaw_link,largebox,left_shoulder_yaw_link,largebox_link,-0.0008893669740804161,0.0008893669740804161,other-body-box,False,True
169,ground,right_ankle_roll_link,world,right_ankle_roll_link,-0.0014230387203943463,0.0014230387203943463,foot-ground,True,False
169,ground,right_ankle_roll_sphere_3_link,world,right_ankle_roll_sphere_3_link,-0.0009972219384150527,0.0009972219384150527,foot-ground,True,False
169,ground,right_ankle_roll_sphere_4_link,world,right_ankle_roll_sphere_4_link,-0.0006536513051895653,0.0006536513051895653,foot-ground,True,False
169,pelvis_contour_link,left_hip_roll_link,pelvis_contour_link,left_hip_roll_link,-0.004661626987670656,0.004661626987670656,self-collision,False,False
169,ground,largebox,world,largebox_link,-0.0033650770584381373,0.0033650770584381373,object-ground,True,False
169,ground,right_ankle_roll_sphere_5_link,world,right_ankle_roll_sphere_5_link,-0.0008303256697808374,0.0008303256697808374,foot-ground,True,False
169,right_knee_link,right_ankle_roll_link,right_knee_link,right_ankle_roll_link,-0.037664046126384715,0.037664046126384715,self-collision,False,False
169,ground,left_ankle_roll_link,world,left_ankle_roll_link,-0.0010000266117820428,0.0010000266117820428,foot-ground,True,False
169,left_knee_link,left_ankle_roll_link,left_knee_link,left_ankle_roll_link,-0.041966106114943474,0.041966106114943474,self-collision,False,False
169,ground,right_ankle_roll_sphere_1_link,world,right_ankle_roll_sphere_1_link,-0.0009270341444954392,0.0009270341444954392,foot-ground,True,False
170,ground,right_ankle_roll_sphere_2_link,world,right_ankle_roll_sphere_2_link,-0.00029657248298344593,0.00029657248298344593,foot-ground,True,False
170,pelvis_contour_link,right_hip_roll_link,pelvis_contour_link,right_hip_roll_link,-0.009110454454416106,0.009110454454416106,self-collision,False,False
170,ground,left_ankle_roll_sphere_5_link,world,left_ankle_roll_sphere_5_link,-0.0002067199782949695,0.0002067199782949695,foot-ground,True,False
170,ground,right_ankle_roll_link,world,right_ankle_roll_link,-0.0014224417465915386,0.0014224417465915386,foot-ground,True,False
170,ground,right_ankle_roll_sphere_3_link,world,right_ankle_roll_sphere_3_link,-0.0009984165181907067,0.0009984165181907067,foot-ground,True,False
170,ground,right_ankle_roll_sphere_4_link,world,right_ankle_roll_sphere_4_link,-0.0008626530477490622,0.0008626530477490622,foot-ground,True,False
170,pelvis_contour_link,left_hip_roll_link,pelvis_contour_link,left_hip_roll_link,-0.004310107103084493,0.004310107103084493,self-collision,False,False
170,ground,largebox,world,largebox_link,-0.0033603405169984057,0.0033603405169984057,object-ground,True,False
170,ground,right_ankle_roll_sphere_5_link,world,right_ankle_roll_sphere_5_link,-0.0009984635108878153,0.0009984635108878153,foot-ground,True,False
170,right_knee_link,right_ankle_roll_link,right_knee_link,right_ankle_roll_link,-0.0370399343878193,0.0370399343878193,self-collision,False,False
170,ground,left_ankle_roll_link,world,left_ankle_roll_link,-0.0010001808040395188,0.0010001808040395188,foot-ground,True,False
170,left_knee_link,left_ankle_roll_link,left_knee_link,left_ankle_roll_link,-0.041510572516246375,0.041510572516246375,self-collision,False,False
170,ground,right_ankle_roll_sphere_1_link,world,right_ankle_roll_sphere_1_link,-0.00040970870835148245,0.00040970870835148245,foot-ground,True,False
171,ground,right_ankle_roll_sphere_2_link,world,right_ankle_roll_sphere_2_link,-0.0008821991142746342,0.0008821991142746342,foot-ground,True,False
171,pelvis_contour_link,right_hip_roll_link,pelvis_contour_link,right_hip_roll_link,-0.00925896900617472,0.00925896900617472,self-collision,False,False
171,ground,left_ankle_roll_sphere_5_link,world,left_ankle_roll_sphere_5_link,-0.00020054670623298725,0.00020054670623298725,foot-ground,True,False
171,ground,right_ankle_roll_link,world,right_ankle_roll_link,-0.0014034539399540233,0.0014034539399540233,foot-ground,True,False
171,ground,right_ankle_roll_sphere_3_link,world,right_ankle_roll_sphere_3_link,-0.0007441072107374725,0.0007441072107374725,foot-ground,True,False
171,ground,right_ankle_roll_sphere_4_link,world,right_ankle_roll_sphere_4_link,-0.0006034563924161183,0.0006034563924161183,foot-ground,True,False
171,pelvis_contour_link,left_hip_roll_link,pelvis_contour_link,left_hip_roll_link,-0.005615687270236314,0.005615687270236314,self-collision,False,False
171,ground,largebox,world,largebox_link,-0.0033176622921406163,0.0033176622921406163,object-ground,True,False
171,ground,right_ankle_roll_sphere_5_link,world,right_ankle_roll_sphere_5_link,-0.0006423674697730612,0.0006423674697730612,foot-ground,True,False
171,right_knee_link,right_ankle_roll_link,right_knee_link,right_ankle_roll_link,-0.036543577942917904,0.036543577942917904,self-collision,False,False
171,ground,left_ankle_roll_link,world,left_ankle_roll_link,-0.000999979468562815,0.000999979468562815,foot-ground,True,False
171,left_knee_link,left_ankle_roll_link,left_knee_link,left_ankle_roll_link,-0.04056468812155181,0.04056468812155181,self-collision,False,False
171,ground,right_ankle_roll_sphere_1_link,world,right_ankle_roll_sphere_1_link,-0.0009994081295424282,0.0009994081295424282,foot-ground,True,False
172,ground,right_ankle_roll_sphere_2_link,world,right_ankle_roll_sphere_2_link,-0.000999567724887,0.000999567724887,foot-ground,True,False
172,pelvis_contour_link,right_hip_roll_link,pelvis_contour_link,right_hip_roll_link,-0.008905141699664429,0.008905141699664429,self-collision,False,False
172,ground,left_ankle_roll_sphere_5_link,world,left_ankle_roll_sphere_5_link,-0.0002070468609809929,0.0002070468609809929,foot-ground,True,False
172,ground,right_ankle_roll_link,world,right_ankle_roll_link,-0.0014358845747765685,0.0014358845747765685,foot-ground,True,False
172,ground,right_ankle_roll_sphere_3_link,world,right_ankle_roll_sphere_3_link,-0.0006379569199887148,0.0006379569199887148,foot-ground,True,False
172,ground,right_ankle_roll_sphere_4_link,world,right_ankle_roll_sphere_4_link,-0.0006380340939460194,0.0006380340939460194,foot-ground,True,False
172,pelvis_contour_link,left_hip_roll_link,pelvis_contour_link,left_hip_roll_link,-0.00551267991220715,0.00551267991220715,self-collision,False,False
172,ground,largebox,world,largebox_link,-0.0032773474505289335,0.0032773474505289335,object-ground,True,False
172,ground,right_ankle_roll_sphere_5_link,world,right_ankle_roll_sphere_5_link,-0.0005954613820139424,0.0005954613820139424,foot-ground,True,False
172,right_knee_link,right_ankle_roll_link,right_knee_link,right_ankle_roll_link,-0.035646798557150944,0.035646798557150944,self-collision,False,False
172,ground,left_ankle_roll_link,world,left_ankle_roll_link,-0.0009995033234973458,0.0009995033234973458,foot-ground,True,False
172,left_knee_link,left_ankle_roll_link,left_knee_link,left_ankle_roll_link,-0.03984127363921819,0.03984127363921819,self-collision,False,False
172,ground,right_ankle_roll_sphere_1_link,world,right_ankle_roll_sphere_1_link,-0.00099950341325591,0.00099950341325591,foot-ground,True,False
173,ground,right_ankle_roll_sphere_2_link,world,right_ankle_roll_sphere_2_link,-0.0009809152120814372,0.0009809152120814372,foot-ground,True,False
173,pelvis_contour_link,right_hip_roll_link,pelvis_contour_link,right_hip_roll_link,-0.008333523815743302,0.008333523815743302,self-collision,False,False
173,ground,left_ankle_roll_sphere_5_link,world,left_ankle_roll_sphere_5_link,-0.00021426201161811164,0.00021426201161811164,foot-ground,True,False
173,ground,right_ankle_roll_link,world,right_ankle_roll_link,-0.0014291386484967875,0.0014291386484967875,foot-ground,True,False
173,ground,right_ankle_roll_sphere_3_link,world,right_ankle_roll_sphere_3_link,-0.0006548838183818252,0.0006548838183818252,foot-ground,True,False
173,ground,right_ankle_roll_sphere_4_link,world,right_ankle_roll_sphere_4_link,-0.0006326402411186141,0.0006326402411186141,foot-ground,True,False
173,pelvis_contour_link,left_hip_roll_link,pelvis_contour_link,left_hip_roll_link,-0.005149638390593861,0.005149638390593861,self-collision,False,False
173,ground,largebox,world,largebox_link,-0.003212840348059298,0.003212840348059298,object-ground,True,False
173,ground,right_ankle_roll_sphere_5_link,world,right_ankle_roll_sphere_5_link,-0.0006030065780414885,0.0006030065780414885,foot-ground,True,False
173,right_knee_link,right_ankle_roll_link,right_knee_link,right_ankle_roll_link,-0.03460166661621156,0.03460166661621156,self-collision,False,False
173,ground,left_ankle_roll_link,world,left_ankle_roll_link,-0.000999344834272331,0.000999344834272331,foot-ground,True,False
173,left_knee_link,left_ankle_roll_link,left_knee_link,left_ankle_roll_link,-0.03923405848232167,0.03923405848232167,self-collision,False,False
173,ground,right_ankle_roll_sphere_1_link,world,right_ankle_roll_sphere_1_link,-0.000999451526467447,0.000999451526467447,foot-ground,True,False
174,ground,right_ankle_roll_sphere_2_link,world,right_ankle_roll_sphere_2_link,-0.0008087946123333653,0.0008087946123333653,foot-ground,True,False
174,pelvis_contour_link,right_hip_roll_link,pelvis_contour_link,right_hip_roll_link,-0.008289479155432669,0.008289479155432669,self-collision,False,False
174,ground,left_ankle_roll_sphere_5_link,world,left_ankle_roll_sphere_5_link,-0.00019371521469154895,0.00019371521469154895,foot-ground,True,False
174,ground,right_ankle_roll_link,world,right_ankle_roll_link,-0.0014052433252234563,0.0014052433252234563,foot-ground,True,False
174,ground,right_ankle_roll_sphere_3_link,world,right_ankle_roll_sphere_3_link,-0.000811473997934852,0.000811473997934852,foot-ground,True,False
174,ground,right_ankle_roll_sphere_4_link,world,right_ankle_roll_sphere_4_link,-0.0005830383675187135,0.0005830383675187135,foot-ground,True,False
174,pelvis_contour_link,left_hip_roll_link,pelvis_contour_link,left_hip_roll_link,-0.0050442181793114715,0.0050442181793114715,self-collision,False,False
174,ground,largebox,world,largebox_link,-0.0032808881487431663,0.0032808881487431663,object-ground,True,False
174,ground,right_ankle_roll_sphere_5_link,world,right_ankle_roll_sphere_5_link,-0.0006729361895173756,0.0006729361895173756,foot-ground,True,False
174,right_knee_link,right_ankle_roll_link,right_knee_link,right_ankle_roll_link,-0.03355611045108836,0.03355611045108836,self-collision,False,False
174,ground,left_ankle_roll_link,world,left_ankle_roll_link,-0.0009996202031973302,0.0009996202031973302,foot-ground,True,False
174,left_knee_link,left_ankle_roll_link,left_knee_link,left_ankle_roll_link,-0.038496995060041256,0.038496995060041256,self-collision,False,False
174,ground,right_ankle_roll_sphere_1_link,world,right_ankle_roll_sphere_1_link,-0.000999157637680148,0.000999157637680148,foot-ground,True,False
175,ground,right_ankle_roll_sphere_2_link,world,right_ankle_roll_sphere_2_link,-0.0006020039692786394,0.0006020039692786394,foot-ground,True,False
175,pelvis_contour_link,right_hip_roll_link,pelvis_contour_link,right_hip_roll_link,-0.00872057522134223,0.00872057522134223,self-collision,False,False
175,ground,left_ankle_roll_sphere_5_link,world,left_ankle_roll_sphere_5_link,-0.00021755277329160976,0.00021755277329160976,foot-ground,True,False
175,ground,right_ankle_roll_link,world,right_ankle_roll_link,-0.0014655128350612445,0.0014655128350612445,foot-ground,True,False
175,ground,right_ankle_roll_sphere_3_link,world,right_ankle_roll_sphere_3_link,-0.0009983063678998113,0.0009983063678998113,foot-ground,True,False
175,ground,right_ankle_roll_sphere_4_link,world,right_ankle_roll_sphere_4_link,-0.000523212108489028,0.000523212108489028,foot-ground,True,False
175,pelvis_contour_link,left_hip_roll_link,pelvis_contour_link,left_hip_roll_link,-0.004876915701842288,0.004876915701842288,self-collision,False,False
175,ground,largebox,world,largebox_link,-0.0032480913721732174,0.0032480913721732174,object-ground,True,False
175,ground,right_ankle_roll_sphere_5_link,world,right_ankle_roll_sphere_5_link,-0.0007561473943702565,0.0007561473943702565,foot-ground,True,False
175,right_knee_link,right_ankle_roll_link,right_knee_link,right_ankle_roll_link,-0.03257684966905769,0.03257684966905769,self-collision,False,False
175,right_ankle_intermediate_1_link,right_ankle_roll_link,right_ankle_intermediate_1_link,right_ankle_roll_link,-0.002484402147718792,0.002484402147718792,self-collision,False,False
175,ground,left_ankle_roll_link,world,left_ankle_roll_link,-0.0009998461942419719,0.0009998461942419719,foot-ground,True,False
175,left_knee_link,left_ankle_roll_link,left_knee_link,left_ankle_roll_link,-0.0377643956983483,0.0377643956983483,self-collision,False,False
175,ground,right_ankle_roll_sphere_1_link,world,right_ankle_roll_sphere_1_link,-0.0009979158521209583,0.0009979158521209583,foot-ground,True,False
176,pelvis_contour_link,right_hip_roll_link,pelvis_contour_link,right_hip_roll_link,-0.008221503988941128,0.008221503988941128,self-collision,False,False
176,ground,left_ankle_roll_sphere_5_link,world,left_ankle_roll_sphere_5_link,-0.00019668008595139907,0.00019668008595139907,foot-ground,True,False
176,ground,right_ankle_roll_link,world,right_ankle_roll_link,-0.0014016015629436489,0.0014016015629436489,foot-ground,True,False
176,ground,right_ankle_roll_sphere_3_link,world,right_ankle_roll_sphere_3_link,-0.0009966617983656846,0.0009966617983656846,foot-ground,True,False
176,ground,right_ankle_roll_sphere_4_link,world,right_ankle_roll_sphere_4_link,-0.0004210612520231657,0.0004210612520231657,foot-ground,True,False
176,pelvis_contour_link,left_hip_roll_link,pelvis_contour_link,left_hip_roll_link,-0.0055903720132020746,0.0055903720132020746,self-collision,False,False
176,ground,largebox,world,largebox_link,-0.0032414610302861635,0.0032414610302861635,object-ground,True,False
176,ground,right_ankle_roll_sphere_5_link,world,right_ankle_roll_sphere_5_link,-0.0008099628319011244,0.0008099628319011244,foot-ground,True,False
176,right_knee_link,right_ankle_roll_link,right_knee_link,right_ankle_roll_link,-0.031697714998043414,0.031697714998043414,self-collision,False,False
176,right_ankle_intermediate_1_link,right_ankle_roll_link,right_ankle_intermediate_1_link,right_ankle_roll_link,-0.002413219467850447,0.002413219467850447,self-collision,False,False
176,ground,left_ankle_roll_link,world,left_ankle_roll_link,-0.000999436806766632,0.000999436806766632,foot-ground,True,False
176,left_knee_link,left_ankle_roll_link,left_knee_link,left_ankle_roll_link,-0.036999615879972886,0.036999615879972886,self-collision,False,False
176,ground,right_ankle_roll_sphere_1_link,world,right_ankle_roll_sphere_1_link,-8.933397916353458e-05,8.933397916353458e-05,foot-ground,True,False
177,pelvis_contour_link,right_hip_roll_link,pelvis_contour_link,right_hip_roll_link,-0.00782029660591628,0.00782029660591628,self-collision,False,False
177,ground,left_ankle_roll_sphere_5_link,world,left_ankle_roll_sphere_5_link,-0.00019863389543920817,0.00019863389543920817,foot-ground,True,False
177,ground,right_ankle_roll_link,world,right_ankle_roll_link,-0.001392434317132249,0.001392434317132249,foot-ground,True,False
177,ground,right_ankle_roll_sphere_3_link,world,right_ankle_roll_sphere_3_link,-0.0009887986197050875,0.0009887986197050875,foot-ground,True,False
177,ground,right_ankle_roll_sphere_4_link,world,right_ankle_roll_sphere_4_link,-0.000411068400822656,0.000411068400822656,foot-ground,True,False
177,pelvis_contour_link,left_hip_roll_link,pelvis_contour_link,left_hip_roll_link,-0.005333032660345918,0.005333032660345918,self-collision,False,False
177,ground,largebox,world,largebox_link,-0.003209678411143918,0.003209678411143918,object-ground,True,False
177,ground,right_ankle_roll_sphere_5_link,world,right_ankle_roll_sphere_5_link,-0.0007906045278633393,0.0007906045278633393,foot-ground,True,False
177,right_knee_link,right_ankle_roll_link,right_knee_link,right_ankle_roll_link,-0.03074077010584217,0.03074077010584217,self-collision,False,False
177,right_ankle_intermediate_1_link,right_ankle_roll_link,right_ankle_intermediate_1_link,right_ankle_roll_link,-0.0024619769432162597,0.0024619769432162597,self-collision,False,False
177,ground,left_ankle_roll_link,world,left_ankle_roll_link,-0.000992205900767245,0.000992205900767245,foot-ground,True,False
177,left_knee_link,left_ankle_roll_link,left_knee_link,left_ankle_roll_link,-0.036012885765726504,0.036012885765726504,self-collision,False,False
177,ground,right_ankle_roll_sphere_1_link,world,right_ankle_roll_sphere_1_link,-0.0001699507852027304,0.0001699507852027304,foot-ground,True,False
178,ground,right_ankle_roll_sphere_2_link,world,right_ankle_roll_sphere_2_link,-8.461474477717331e-05,8.461474477717331e-05,foot-ground,True,False
178,pelvis_contour_link,right_hip_roll_link,pelvis_contour_link,right_hip_roll_link,-0.007270643076415603,0.007270643076415603,self-collision,False,False
178,ground,left_ankle_roll_sphere_5_link,world,left_ankle_roll_sphere_5_link,-9.718869992006007e-05,9.718869992006007e-05,foot-ground,True,False
178,ground,right_ankle_roll_link,world,right_ankle_roll_link,-0.001399096544380949,0.001399096544380949,foot-ground,True,False
178,ground,right_ankle_roll_sphere_3_link,world,right_ankle_roll_sphere_3_link,-0.0009934277029379135,0.0009934277029379135,foot-ground,True,False
178,ground,right_ankle_roll_sphere_4_link,world,right_ankle_roll_sphere_4_link,-0.0004613718223450058,0.0004613718223450058,foot-ground,True,False
178,pelvis_contour_link,left_hip_roll_link,pelvis_contour_link,left_hip_roll_link,-0.004571318840297545,0.004571318840297545,self-collision,False,False
178,ground,largebox,world,largebox_link,-0.0032372118068071387,0.0032372118068071387,object-ground,True,False
178,ground,right_ankle_roll_sphere_5_link,world,right_ankle_roll_sphere_5_link,-0.0007769403588317242,0.0007769403588317242,foot-ground,True,False
178,right_knee_link,right_ankle_roll_link,right_knee_link,right_ankle_roll_link,-0.030454604976347777,0.030454604976347777,self-collision,False,False
178,right_ankle_intermediate_1_link,right_ankle_roll_link,right_ankle_intermediate_1_link,right_ankle_roll_link,-0.0023493671422149393,0.0023493671422149393,self-collision,False,False
178,ground,left_ankle_roll_link,world,left_ankle_roll_link,-0.0010007621997409483,0.0010007621997409483,foot-ground,True,False
178,left_knee_link,left_ankle_roll_link,left_knee_link,left_ankle_roll_link,-0.03521704802036871,0.03521704802036871,self-collision,False,False
178,ground,right_ankle_roll_sphere_1_link,world,right_ankle_roll_sphere_1_link,-0.0005279946452712595,0.0005279946452712595,foot-ground,True,False
179,ground,right_ankle_roll_sphere_2_link,world,right_ankle_roll_sphere_2_link,-0.0002958870611843188,0.0002958870611843188,foot-ground,True,False
179,pelvis_contour_link,right_hip_roll_link,pelvis_contour_link,right_hip_roll_link,-0.006489031742077517,0.006489031742077517,self-collision,False,False
179,ground,right_ankle_roll_link,world,right_ankle_roll_link,-0.0014216556856833096,0.0014216556856833096,foot-ground,True,False
179,ground,right_ankle_roll_sphere_3_link,world,right_ankle_roll_sphere_3_link,-0.0009976396678868333,0.0009976396678868333,foot-ground,True,False
179,ground,right_ankle_roll_sphere_4_link,world,right_ankle_roll_sphere_4_link,-0.0008618746339766848,0.0008618746339766848,foot-ground,True,False
179,pelvis_contour_link,left_hip_roll_link,pelvis_contour_link,left_hip_roll_link,-0.004178096079916538,0.004178096079916538,self-collision,False,False
179,ground,largebox,world,largebox_link,-0.0032177457428858303,0.0032177457428858303,object-ground,True,False
179,ground,right_ankle_roll_sphere_5_link,world,right_ankle_roll_sphere_5_link,-0.0009976749539456686,0.0009976749539456686,foot-ground,True,False
179,right_knee_link,right_ankle_roll_link,right_knee_link,right_ankle_roll_link,-0.03003020416919544,0.03003020416919544,self-collision,False,False
179,right_ankle_intermediate_1_link,right_ankle_roll_link,right_ankle_intermediate_1_link,right_ankle_roll_link,-0.0023498328548128694,0.0023498328548128694,self-collision,False,False
179,ground,left_ankle_roll_link,world,left_ankle_roll_link,-0.0009995551036421912,0.0009995551036421912,foot-ground,True,False
179,left_knee_link,left_ankle_roll_link,left_knee_link,left_ankle_roll_link,-0.034373481660697564,0.034373481660697564,self-collision,False,False
179,ground,right_ankle_roll_sphere_1_link,world,right_ankle_roll_sphere_1_link,-0.00040902458944277586,0.00040902458944277586,foot-ground,True,False
180,ground,right_ankle_roll_sphere_2_link,world,right_ankle_roll_sphere_2_link,-0.00029519484855944616,0.00029519484855944616,foot-ground,True,False
180,pelvis_contour_link,right_hip_roll_link,pelvis_contour_link,right_hip_roll_link,-0.004841574291374218,0.004841574291374218,self-collision,False,False
180,ground,right_ankle_roll_link,world,right_ankle_roll_link,-0.0014211781942522206,0.0014211781942522206,foot-ground,True,False
180,ground,right_ankle_roll_sphere_3_link,world,right_ankle_roll_sphere_3_link,-0.0009971884847365204,0.0009971884847365204,foot-ground,True,False
180,ground,right_ankle_roll_sphere_4_link,world,right_ankle_roll_sphere_4_link,-0.0008612479281237739,0.0008612479281237739,foot-ground,True,False
180,pelvis_contour_link,left_hip_roll_link,pelvis_contour_link,left_hip_roll_link,-0.0031217744203157344,0.0031217744203157344,self-collision,False,False
180,ground,largebox,world,largebox_link,-0.0032865042744878725,0.0032865042744878725,object-ground,True,False
180,ground,right_ankle_roll_sphere_5_link,world,right_ankle_roll_sphere_5_link,-0.0009971454369339166,0.0009971454369339166,foot-ground,True,False
180,right_knee_link,right_ankle_roll_link,right_knee_link,right_ankle_roll_link,-0.029809052154500776,0.029809052154500776,self-collision,False,False
180,right_ankle_intermediate_1_link,right_ankle_roll_link,right_ankle_intermediate_1_link,right_ankle_roll_link,-0.0022815907700151766,0.0022815907700151766,self-collision,False,False
180,ground,left_ankle_roll_link,world,left_ankle_roll_link,-0.0009993858061823208,0.0009993858061823208,foot-ground,True,False
180,left_knee_link,left_ankle_roll_link,left_knee_link,left_ankle_roll_link,-0.03327012170798396,0.03327012170798396,self-collision,False,False
180,ground,right_ankle_roll_sphere_1_link,world,right_ankle_roll_sphere_1_link,-0.00040847864573673436,0.00040847864573673436,foot-ground,True,False
181,ground,right_ankle_roll_sphere_2_link,world,right_ankle_roll_sphere_2_link,-0.0002945691635518567,0.0002945691635518567,foot-ground,True,False
181,pelvis_contour_link,right_hip_roll_link,pelvis_contour_link,right_hip_roll_link,-0.003703623819553706,0.003703623819553706,self-collision,False,False
181,ground,left_ankle_roll_sphere_5_link,world,left_ankle_roll_sphere_5_link,-3.147118914224433e-05,3.147118914224433e-05,foot-ground,True,False
181,left_ankle_intermediate_1_link,left_ankle_roll_link,left_ankle_intermediate_1_link,left_ankle_roll_link,-0.0023824939204631357,0.0023824939204631357,self-collision,False,False
181,ground,right_ankle_roll_link,world,right_ankle_roll_link,-0.0014204180955250043,0.0014204180955250043,foot-ground,True,False
181,ground,right_ankle_roll_sphere_3_link,world,right_ankle_roll_sphere_3_link,-0.0009963732908596116,0.0009963732908596116,foot-ground,True,False
181,ground,right_ankle_roll_sphere_4_link,world,right_ankle_roll_sphere_4_link,-0.0008606929296033584,0.0008606929296033584,foot-ground,True,False
181,pelvis_contour_link,left_hip_roll_link,pelvis_contour_link,left_hip_roll_link,-0.0021150427766707808,0.0021150427766707808,self-collision,False,False
181,ground,largebox,world,largebox_link,-0.0033173785393516286,0.0033173785393516286,object-ground,True,False
181,ground,right_ankle_roll_sphere_5_link,world,right_ankle_roll_sphere_5_link,-0.0009964661058577016,0.0009964661058577016,foot-ground,True,False
181,right_knee_link,right_ankle_roll_link,right_knee_link,right_ankle_roll_link,-0.02952873386935484,0.02952873386935484,self-collision,False,False
181,right_ankle_intermediate_1_link,right_ankle_roll_link,right_ankle_intermediate_1_link,right_ankle_roll_link,-0.002310039814402892,0.002310039814402892,self-collision,False,False
181,ground,left_ankle_roll_link,world,left_ankle_roll_link,-0.0009999516656184065,0.0009999516656184065,foot-ground,True,False
181,left_knee_link,left_ankle_roll_link,left_knee_link,left_ankle_roll_link,-0.0320071279298087,0.0320071279298087,self-collision,False,False
181,ground,right_ankle_roll_sphere_1_link,world,right_ankle_roll_sphere_1_link,-0.0004076361312653999,0.0004076361312653999,foot-ground,True,False
182,ground,right_ankle_roll_sphere_2_link,world,right_ankle_roll_sphere_2_link,-0.0002940421262934102,0.0002940421262934102,foot-ground,True,False
182,pelvis_contour_link,right_hip_roll_link,pelvis_contour_link,right_hip_roll_link,-0.00162659224284456,0.00162659224284456,self-collision,False,False
182,ground,left_ankle_roll_sphere_5_link,world,left_ankle_roll_sphere_5_link,-8.578256406921708e-05,8.578256406921708e-05,foot-ground,True,False
182,left_ankle_intermediate_1_link,left_ankle_roll_link,left_ankle_intermediate_1_link,left_ankle_roll_link,-0.002363805356904003,0.002363805356904003,self-collision,False,False
182,ground,right_ankle_roll_link,world,right_ankle_roll_link,-0.0014199815980068115,0.0014199815980068115,foot-ground,True,False
182,ground,right_ankle_roll_sphere_3_link,world,right_ankle_roll_sphere_3_link,-0.000995965672262406,0.000995965672262406,foot-ground,True,False
182,ground,right_ankle_roll_sphere_4_link,world,right_ankle_roll_sphere_4_link,-0.0008601420842786643,0.0008601420842786643,foot-ground,True,False
182,pelvis_contour_link,left_hip_roll_link,pelvis_contour_link,left_hip_roll_link,-0.0006189462353631409,0.0006189462353631409,self-collision,False,False
182,ground,largebox,world,largebox_link,-0.003268673999005517,0.003268673999005517,object-ground,True,False
182,ground,right_ankle_roll_sphere_5_link,world,right_ankle_roll_sphere_5_link,-0.0009959854771313835,0.0009959854771313835,foot-ground,True,False
182,right_knee_link,right_ankle_roll_link,right_knee_link,right_ankle_roll_link,-0.029407028417970632,0.029407028417970632,self-collision,False,False
182,right_ankle_intermediate_1_link,right_ankle_roll_link,right_ankle_intermediate_1_link,right_ankle_roll_link,-0.0021994283955123206,0.0021994283955123206,self-collision,False,False
182,ground,left_ankle_roll_link,world,left_ankle_roll_link,-0.0009948906607725808,0.0009948906607725808,foot-ground,True,False
182,left_knee_link,left_ankle_roll_link,left_knee_link,left_ankle_roll_link,-0.03064430976149024,0.03064430976149024,self-collision,False,False
182,ground,right_ankle_roll_sphere_1_link,world,right_ankle_roll_sphere_1_link,-0.00040722844961319556,0.00040722844961319556,foot-ground,True,False
183,ground,right_ankle_roll_sphere_2_link,world,right_ankle_roll_sphere_2_link,-0.000997997250093057,0.000997997250093057,foot-ground,True,False
183,left_ankle_intermediate_1_link,left_ankle_roll_link,left_ankle_intermediate_1_link,left_ankle_roll_link,-0.002214259815696215,0.002214259815696215,self-collision,False,False
183,ground,right_ankle_roll_link,world,right_ankle_roll_link,-0.0014673823265726645,0.0014673823265726645,foot-ground,True,False
183,ground,right_ankle_roll_sphere_3_link,world,right_ankle_roll_sphere_3_link,-0.0005129410690850452,0.0005129410690850452,foot-ground,True,False
183,ground,right_ankle_roll_sphere_4_link,world,right_ankle_roll_sphere_4_link,-0.0009979814167351405,0.0009979814167351405,foot-ground,True,False
183,ground,largebox,world,largebox_link,-0.003248747666651869,0.003248747666651869,object-ground,True,False
183,ground,right_ankle_roll_sphere_5_link,world,right_ankle_roll_sphere_5_link,-0.0007507040826361206,0.0007507040826361206,foot-ground,True,False
183,right_knee_link,right_ankle_roll_link,right_knee_link,right_ankle_roll_link,-0.02947440633209017,0.02947440633209017,self-collision,False,False
183,right_ankle_intermediate_1_link,right_ankle_roll_link,right_ankle_intermediate_1_link,right_ankle_roll_link,-0.002194040362362648,0.002194040362362648,self-collision,False,False
183,left_knee_link,left_ankle_roll_link,left_knee_link,left_ankle_roll_link,-0.029605680720272726,0.029605680720272726,self-collision,False,False
183,ground,right_ankle_roll_sphere_1_link,world,right_ankle_roll_sphere_1_link,-0.0005937969603846465,0.0005937969603846465,foot-ground,True,False
184,ground,right_ankle_roll_sphere_2_link,world,right_ankle_roll_sphere_2_link,-0.0009953047688109158,0.0009953047688109158,foot-ground,True,False
184,left_ankle_intermediate_1_link,left_ankle_roll_link,left_ankle_intermediate_1_link,left_ankle_roll_link,-0.0021228123024045475,0.0021228123024045475,self-collision,False,False
184,ground,right_ankle_roll_link,world,right_ankle_roll_link,-0.001464095230702754,0.001464095230702754,foot-ground,True,False
184,ground,right_ankle_roll_sphere_3_link,world,right_ankle_roll_sphere_3_link,-0.0005103888150263932,0.0005103888150263932,foot-ground,True,False
184,ground,right_ankle_roll_sphere_4_link,world,right_ankle_roll_sphere_4_link,-0.000994485686424968,0.000994485686424968,foot-ground,True,False
184,ground,largebox,world,largebox_link,-0.003252260322485906,0.003252260322485906,object-ground,True,False
184,ground,right_ankle_roll_sphere_5_link,world,right_ankle_roll_sphere_5_link,-0.00074759484033323,0.00074759484033323,foot-ground,True,False
184,right_knee_link,right_ankle_roll_link,right_knee_link,right_ankle_roll_link,-0.0296196514097061,0.0296196514097061,self-collision,False,False
184,right_ankle_intermediate_1_link,right_ankle_roll_link,right_ankle_intermediate_1_link,right_ankle_roll_link,-0.002172721323064508,0.002172721323064508,self-collision,False,False
184,left_knee_link,left_ankle_roll_link,left_knee_link,left_ankle_roll_link,-0.029345625569074357,0.029345625569074357,self-collision,False,False
184,ground,right_ankle_roll_sphere_1_link,world,right_ankle_roll_sphere_1_link,-0.0005918907093121059,0.0005918907093121059,foot-ground,True,False
185,ground,right_ankle_roll_sphere_2_link,world,right_ankle_roll_sphere_2_link,-0.0009941640255594067,0.0009941640255594067,foot-ground,True,False
185,left_ankle_intermediate_1_link,left_ankle_roll_link,left_ankle_intermediate_1_link,left_ankle_roll_link,-0.0022171163050166837,0.0022171163050166837,self-collision,False,False
185,ground,right_ankle_roll_link,world,right_ankle_roll_link,-0.0014470547098884429,0.0014470547098884429,foot-ground,True,False
185,ground,right_ankle_roll_sphere_3_link,world,right_ankle_roll_sphere_3_link,-0.000622566840250356,0.000622566840250356,foot-ground,True,False
185,ground,right_ankle_roll_sphere_4_link,world,right_ankle_roll_sphere_4_link,-0.0009940971843855296,0.0009940971843855296,foot-ground,True,False
185,ground,largebox,world,largebox_link,-0.003276638306620089,0.003276638306620089,object-ground,True,False
185,ground,right_ankle_roll_sphere_5_link,world,right_ankle_roll_sphere_5_link,-0.0008046816942961629,0.0008046816942961629,foot-ground,True,False
185,right_knee_link,right_ankle_roll_link,right_knee_link,right_ankle_roll_link,-0.02936923434456712,0.02936923434456712,self-collision,False,False
185,right_ankle_intermediate_1_link,right_ankle_roll_link,right_ankle_intermediate_1_link,right_ankle_roll_link,-0.0020964836722002084,0.0020964836722002084,self-collision,False,False
185,left_knee_link,left_ankle_roll_link,left_knee_link,left_ankle_roll_link,-0.029179610677652845,0.029179610677652845,self-collision,False,False
185,ground,right_ankle_roll_sphere_1_link,world,right_ankle_roll_sphere_1_link,-0.0006845554054467655,0.0006845554054467655,foot-ground,True,False
186,ground,right_ankle_roll_sphere_2_link,world,right_ankle_roll_sphere_2_link,-0.0009483606441615033,0.0009483606441615033,foot-ground,True,False
186,left_ankle_intermediate_1_link,left_ankle_roll_link,left_ankle_intermediate_1_link,left_ankle_roll_link,-0.002299830471572742,0.002299830471572742,self-collision,False,False
186,ground,right_ankle_roll_link,world,right_ankle_roll_link,-0.0013994703898147116,0.0013994703898147116,foot-ground,True,False
186,ground,right_ankle_roll_sphere_3_link,world,right_ankle_roll_sphere_3_link,-0.0005666850537265891,0.0005666850537265891,foot-ground,True,False
186,ground,right_ankle_roll_sphere_4_link,world,right_ankle_roll_sphere_4_link,-0.0009437579203689051,0.0009437579203689051,foot-ground,True,False
186,ground,largebox,world,largebox_link,-0.0032708946587824417,0.0032708946587824417,object-ground,True,False
186,ground,right_ankle_roll_sphere_5_link,world,right_ankle_roll_sphere_5_link,-0.0007509831973207528,0.0007509831973207528,foot-ground,True,False
186,right_knee_link,right_ankle_roll_link,right_knee_link,right_ankle_roll_link,-0.02898048414938123,0.02898048414938123,self-collision,False,False
186,right_ankle_intermediate_1_link,right_ankle_roll_link,right_ankle_intermediate_1_link,right_ankle_roll_link,-0.0021113520110000727,0.0021113520110000727,self-collision,False,False
186,left_knee_link,left_ankle_roll_link,left_knee_link,left_ankle_roll_link,-0.024205133214535032,0.024205133214535032,self-collision,False,False
186,ground,right_ankle_roll_sphere_1_link,world,right_ankle_roll_sphere_1_link,-0.000634133255292906,0.000634133255292906,foot-ground,True,False
187,ground,right_ankle_roll_sphere_2_link,world,right_ankle_roll_sphere_2_link,-0.000976952723478276,0.000976952723478276,foot-ground,True,False
187,left_ankle_intermediate_1_link,left_ankle_roll_link,left_ankle_intermediate_1_link,left_ankle_roll_link,-0.0023332177478361943,0.0023332177478361943,self-collision,False,False
187,ground,right_ankle_roll_link,world,right_ankle_roll_link,-0.0014385681685667763,0.0014385681685667763,foot-ground,True,False
187,ground,right_ankle_roll_sphere_3_link,world,right_ankle_roll_sphere_3_link,-0.0005174866298804605,0.0005174866298804605,foot-ground,True,False
187,ground,right_ankle_roll_sphere_4_link,world,right_ankle_roll_sphere_4_link,-0.0009712594801555624,0.0009712594801555624,foot-ground,True,False
187,ground,largebox,world,largebox_link,-0.003246855073097632,0.003246855073097632,object-ground,True,False
187,ground,right_ankle_roll_sphere_5_link,world,right_ankle_roll_sphere_5_link,-0.0007392545082518581,0.0007392545082518581,foot-ground,True,False
187,right_knee_link,right_ankle_roll_link,right_knee_link,right_ankle_roll_link,-0.028832604567940318,0.028832604567940318,self-collision,False,False
187,right_ankle_intermediate_1_link,right_ankle_roll_link,right_ankle_intermediate_1_link,right_ankle_roll_link,-0.001981786822388809,0.001981786822388809,self-collision,False,False
187,left_knee_link,left_ankle_roll_link,left_knee_link,left_ankle_roll_link,-0.023963758179924938,0.023963758179924938,self-collision,False,False
187,ground,right_ankle_roll_sphere_1_link,world,right_ankle_roll_sphere_1_link,-0.0005988086815823584,0.0005988086815823584,foot-ground,True,False
188,ground,right_ankle_roll_sphere_2_link,world,right_ankle_roll_sphere_2_link,-0.0009530731759007744,0.0009530731759007744,foot-ground,True,False
188,left_ankle_intermediate_1_link,left_ankle_roll_link,left_ankle_intermediate_1_link,left_ankle_roll_link,-0.0025440781625416797,0.0025440781625416797,self-collision,False,False
188,ground,right_ankle_roll_link,world,right_ankle_roll_link,-0.0014121735784141942,0.0014121735784141942,foot-ground,True,False
188,ground,right_ankle_roll_sphere_3_link,world,right_ankle_roll_sphere_3_link,-0.0005129656023936694,0.0005129656023936694,foot-ground,True,False
188,ground,right_ankle_roll_sphere_4_link,world,right_ankle_roll_sphere_4_link,-0.000947789102047957,0.000947789102047957,foot-ground,True,False
188,ground,largebox,world,largebox_link,-0.0032757478639100224,0.0032757478639100224,object-ground,True,False
188,ground,right_ankle_roll_sphere_5_link,world,right_ankle_roll_sphere_5_link,-0.0007254927209866145,0.0007254927209866145,foot-ground,True,False
188,right_knee_link,right_ankle_roll_link,right_knee_link,right_ankle_roll_link,-0.028438052407621595,0.028438052407621595,self-collision,False,False
188,right_ankle_intermediate_1_link,right_ankle_roll_link,right_ankle_intermediate_1_link,right_ankle_roll_link,-0.0021268567510550895,0.0021268567510550895,self-collision,False,False
188,left_knee_link,left_ankle_roll_link,left_knee_link,left_ankle_roll_link,-0.02416853058949467,0.02416853058949467,self-collision,False,False
188,ground,right_ankle_roll_sphere_1_link,world,right_ankle_roll_sphere_1_link,-0.0005907202595222044,0.0005907202595222044,foot-ground,True,False
189,ground,right_ankle_roll_sphere_2_link,world,right_ankle_roll_sphere_2_link,-0.00043293809165295596,0.00043293809165295596,foot-ground,True,False
189,left_ankle_intermediate_1_link,left_ankle_roll_link,left_ankle_intermediate_1_link,left_ankle_roll_link,-0.0028869579546706714,0.0028869579546706714,self-collision,False,False
189,ground,right_ankle_roll_link,world,right_ankle_roll_link,-0.001380216482834231,0.001380216482834231,foot-ground,True,False
189,ground,right_ankle_roll_sphere_3_link,world,right_ankle_roll_sphere_3_link,-0.0009655058903710453,0.0009655058903710453,foot-ground,True,False
189,ground,right_ankle_roll_sphere_4_link,world,right_ankle_roll_sphere_4_link,-0.000853914647509924,0.000853914647509924,foot-ground,True,False
189,ground,largebox,world,largebox_link,-0.0032510369856921795,0.0032510369856921795,object-ground,True,False
189,ground,right_ankle_roll_sphere_5_link,world,right_ankle_roll_sphere_5_link,-0.0009603309543634751,0.0009603309543634751,foot-ground,True,False
189,right_knee_link,right_ankle_roll_link,right_knee_link,right_ankle_roll_link,-0.027964210801054518,0.027964210801054518,self-collision,False,False
189,right_ankle_intermediate_1_link,right_ankle_roll_link,right_ankle_intermediate_1_link,right_ankle_roll_link,-0.002067950931270407,0.002067950931270407,self-collision,False,False
189,left_knee_link,left_ankle_roll_link,left_knee_link,left_ankle_roll_link,-0.024953773378757746,0.024953773378757746,self-collision,False,False
189,ground,right_ankle_roll_sphere_1_link,world,right_ankle_roll_sphere_1_link,-0.0005259307940372248,0.0005259307940372248,foot-ground,True,False
190,ground,right_ankle_roll_sphere_2_link,world,right_ankle_roll_sphere_2_link,-0.0005542103287824165,0.0005542103287824165,foot-ground,True,False
190,left_ankle_intermediate_1_link,left_ankle_roll_link,left_ankle_intermediate_1_link,left_ankle_roll_link,-0.0031806053889308905,0.0031806053889308905,self-collision,False,False
190,ground,right_ankle_roll_link,world,right_ankle_roll_link,-0.0013984598111702815,0.0013984598111702815,foot-ground,True,False
190,ground,right_ankle_roll_sphere_3_link,world,right_ankle_roll_sphere_3_link,-0.0009864429761174886,0.0009864429761174886,foot-ground,True,False
190,ground,right_ankle_roll_sphere_4_link,world,right_ankle_roll_sphere_4_link,-0.0008998546767013662,0.0008998546767013662,foot-ground,True,False
190,ground,largebox,world,largebox_link,-0.00328116008836285,0.00328116008836285,object-ground,True,False
190,ground,right_ankle_roll_sphere_5_link,world,right_ankle_roll_sphere_5_link,-0.0009846617722373057,0.0009846617722373057,foot-ground,True,False
190,right_knee_link,right_ankle_roll_link,right_knee_link,right_ankle_roll_link,-0.02741638036579755,0.02741638036579755,self-collision,False,False
190,right_ankle_intermediate_1_link,right_ankle_roll_link,right_ankle_intermediate_1_link,right_ankle_roll_link,-0.002283640469035883,0.002283640469035883,self-collision,False,False
190,left_knee_link,left_ankle_roll_link,left_knee_link,left_ankle_roll_link,-0.025587215860824186,0.025587215860824186,self-collision,False,False
190,ground,right_ankle_roll_sphere_1_link,world,right_ankle_roll_sphere_1_link,-0.0006263672449625174,0.0006263672449625174,foot-ground,True,False
191,ground,right_ankle_roll_sphere_2_link,world,right_ankle_roll_sphere_2_link,-0.0005614658252174531,0.0005614658252174531,foot-ground,True,False
191,left_ankle_intermediate_1_link,left_ankle_roll_link,left_ankle_intermediate_1_link,left_ankle_roll_link,-0.003352144299243867,0.003352144299243867,self-collision,False,False
191,ground,right_ankle_roll_link,world,right_ankle_roll_link,-0.0014050893974235958,0.0014050893974235958,foot-ground,True,False
191,ground,right_ankle_roll_sphere_3_link,world,right_ankle_roll_sphere_3_link,-0.00099271226832755,0.00099271226832755,foot-ground,True,False
191,ground,right_ankle_roll_sphere_4_link,world,right_ankle_roll_sphere_4_link,-0.0009077838256200147,0.0009077838256200147,foot-ground,True,False
191,ground,largebox,world,largebox_link,-0.003271797423049755,0.003271797423049755,object-ground,True,False
191,ground,right_ankle_roll_sphere_5_link,world,right_ankle_roll_sphere_5_link,-0.0009918239729300405,0.0009918239729300405,foot-ground,True,False
191,right_knee_link,right_ankle_roll_link,right_knee_link,right_ankle_roll_link,-0.02682423199901704,0.02682423199901704,self-collision,False,False
191,right_ankle_intermediate_1_link,right_ankle_roll_link,right_ankle_intermediate_1_link,right_ankle_roll_link,-0.002405743884176262,0.002405743884176262,self-collision,False,False
191,left_knee_link,left_ankle_roll_link,left_knee_link,left_ankle_roll_link,-0.027016965977819635,0.027016965977819635,self-collision,False,False
191,ground,right_ankle_roll_sphere_1_link,world,right_ankle_roll_sphere_1_link,-0.0006322395274737337,0.0006322395274737337,foot-ground,True,False
192,ground,right_ankle_roll_sphere_2_link,world,right_ankle_roll_sphere_2_link,-0.0005397213059408238,0.0005397213059408238,foot-ground,True,False
192,left_ankle_intermediate_1_link,left_ankle_roll_link,left_ankle_intermediate_1_link,left_ankle_roll_link,-0.003299763458873034,0.003299763458873034,self-collision,False,False
192,ground,right_ankle_roll_link,world,right_ankle_roll_link,-0.0013960023418721108,0.0013960023418721108,foot-ground,True,False
192,ground,right_ankle_roll_sphere_3_link,world,right_ankle_roll_sphere_3_link,-0.0009958326091440732,0.0009958326091440732,foot-ground,True,False
192,ground,right_ankle_roll_sphere_4_link,world,right_ankle_roll_sphere_4_link,-0.0007376756622303809,0.0007376756622303809,foot-ground,True,False
192,ground,largebox,world,largebox_link,-0.0032728570565166704,0.0032728570565166704,object-ground,True,False
192,ground,right_ankle_roll_sphere_5_link,world,right_ankle_roll_sphere_5_link,-0.0008925738339459364,0.0008925738339459364,foot-ground,True,False
192,right_knee_link,right_ankle_roll_link,right_knee_link,right_ankle_roll_link,-0.02543333831840147,0.02543333831840147,self-collision,False,False
192,right_ankle_intermediate_1_link,right_ankle_roll_link,right_ankle_intermediate_1_link,right_ankle_roll_link,-0.0025373737457284468,0.0025373737457284468,self-collision,False,False
192,left_knee_link,left_ankle_roll_link,left_knee_link,left_ankle_roll_link,-0.027986194645897744,0.027986194645897744,self-collision,False,False
192,ground,right_ankle_roll_sphere_1_link,world,right_ankle_roll_sphere_1_link,-0.0007548520950355657,0.0007548520950355657,foot-ground,True,False
193,ground,right_ankle_roll_sphere_2_link,world,right_ankle_roll_sphere_2_link,-0.0005122618528479268,0.0005122618528479268,foot-ground,True,False
193,left_ankle_intermediate_1_link,left_ankle_roll_link,left_ankle_intermediate_1_link,left_ankle_roll_link,-0.0032705589912898902,0.0032705589912898902,self-collision,False,False
193,ground,right_ankle_roll_link,world,right_ankle_roll_link,-0.0014086163946097283,0.0014086163946097283,foot-ground,True,False
193,ground,right_ankle_roll_sphere_3_link,world,right_ankle_roll_sphere_3_link,-0.0009978412110446455,0.0009978412110446455,foot-ground,True,False
193,ground,right_ankle_roll_sphere_4_link,world,right_ankle_roll_sphere_4_link,-0.0006390411605527229,0.0006390411605527229,foot-ground,True,False
193,ground,largebox,world,largebox_link,-0.0032953839276314845,0.0032953839276314845,object-ground,True,False
193,ground,right_ankle_roll_sphere_5_link,world,right_ankle_roll_sphere_5_link,-0.0008368740460236784,0.0008368740460236784,foot-ground,True,False
193,right_knee_link,right_ankle_roll_link,right_knee_link,right_ankle_roll_link,-0.025471801798069155,0.025471801798069155,self-collision,False,False
193,right_ankle_intermediate_1_link,right_ankle_roll_link,right_ankle_intermediate_1_link,right_ankle_roll_link,-0.0026777180801957207,0.0026777180801957207,self-collision,False,False
193,left_knee_link,left_ankle_roll_link,left_knee_link,left_ankle_roll_link,-0.028733745867185634,0.028733745867185634,self-collision,False,False
193,ground,right_ankle_roll_sphere_1_link,world,right_ankle_roll_sphere_1_link,-0.0008112618949245301,0.0008112618949245301,foot-ground,True,False
194,ground,right_ankle_roll_sphere_2_link,world,right_ankle_roll_sphere_2_link,-0.00015826345731522178,0.00015826345731522178,foot-ground,True,False
194,left_ankle_intermediate_1_link,left_ankle_roll_link,left_ankle_intermediate_1_link,left_ankle_roll_link,-0.003283690684373064,0.003283690684373064,self-collision,False,False
194,ground,right_ankle_roll_link,world,right_ankle_roll_link,-0.0014050179830772253,0.0014050179830772253,foot-ground,True,False
194,ground,right_ankle_roll_sphere_3_link,world,right_ankle_roll_sphere_3_link,-0.0009988341352198766,0.0009988341352198766,foot-ground,True,False
194,ground,right_ankle_roll_sphere_4_link,world,right_ankle_roll_sphere_4_link,-0.0004915602284422454,0.0004915602284422454,foot-ground,True,False
194,ground,largebox,world,largebox_link,-0.0033404760773517728,0.0033404760773517728,object-ground,True,False
194,ground,right_ankle_roll_sphere_5_link,world,right_ankle_roll_sphere_5_link,-0.0007893818402653933,0.0007893818402653933,foot-ground,True,False
194,right_knee_link,right_ankle_roll_link,right_knee_link,right_ankle_roll_link,-0.025344507044066794,0.025344507044066794,self-collision,False,False
194,right_ankle_intermediate_1_link,right_ankle_roll_link,right_ankle_intermediate_1_link,right_ankle_roll_link,-0.0028611462228901735,0.0028611462228901735,self-collision,False,False
194,ground,left_ankle_roll_link,world,left_ankle_roll_link,-0.0007362166926812019,0.0007362166926812019,foot-ground,True,False
194,left_knee_link,left_ankle_roll_link,left_knee_link,left_ankle_roll_link,-0.029008942288704043,0.029008942288704043,self-collision,False,False
194,left_hip_roll_link,left_rubber_hand_link,left_hip_roll_link,left_rubber_hand_link,-0.005518896551119895,0.005518896551119895,self-collision,False,False
194,ground,right_ankle_roll_sphere_1_link,world,right_ankle_roll_sphere_1_link,-0.000580991712963246,0.000580991712963246,foot-ground,True,False
195,left_ankle_intermediate_1_link,left_ankle_roll_link,left_ankle_intermediate_1_link,left_ankle_roll_link,-0.0030257511931674613,0.0030257511931674613,self-collision,False,False
195,ground,right_ankle_roll_link,world,right_ankle_roll_link,-0.001186111592503078,0.001186111592503078,foot-ground,True,False
195,ground,right_ankle_roll_sphere_3_link,world,right_ankle_roll_sphere_3_link,-0.000757891719313823,0.000757891719313823,foot-ground,True,False
195,ground,left_ankle_roll_sphere_2_link,world,left_ankle_roll_sphere_2_link,-0.0009598729586260913,0.0009598729586260913,foot-ground,True,False
195,left_hip_roll_link,left_wrist_yaw_link,left_hip_roll_link,left_wrist_yaw_link,-0.0008929213226619714,0.0008929213226619714,self-collision,False,False
195,ground,largebox,world,largebox_link,-0.003311939486839499,0.003311939486839499,object-ground,True,False
195,ground,right_ankle_roll_sphere_5_link,world,right_ankle_roll_sphere_5_link,-3.105637056296292e-05,3.105637056296292e-05,foot-ground,True,False
195,right_knee_link,right_ankle_roll_link,right_knee_link,right_ankle_roll_link,-0.024791868343945464,0.024791868343945464,self-collision,False,False
195,right_ankle_intermediate_1_link,right_ankle_roll_link,right_ankle_intermediate_1_link,right_ankle_roll_link,-0.0028717814670058545,0.0028717814670058545,self-collision,False,False
195,ground,left_ankle_roll_link,world,left_ankle_roll_link,-0.0019127364155678839,0.0019127364155678839,foot-ground,True,False
195,left_knee_link,left_ankle_roll_link,left_knee_link,left_ankle_roll_link,-0.02920311913423823,0.02920311913423823,self-collision,False,False
195,left_hip_roll_link,left_rubber_hand_link,left_hip_roll_link,left_rubber_hand_link,-0.016067744809453832,0.016067744809453832,self-collision,False,False
195,left_hip_roll_link,left_thumb_link,left_hip_roll_link,left_thumb_link,-0.001071111217898879,0.001071111217898879,self-collision,False,False
