frame_idx,active_event,nearest_trigger,distance_to_trigger,semantic_score,base_budget,final_budget_after_rescue,actual_sqp_iterations,semantic_body_parts,frame_wall_time,mesh_time,optimization_time,collision_check_time,jacobian_time,solver_time,final_total_cost,semantic_vertex_weight_mean,semantic_vertex_weight_max,is_critical_interaction_neighborhood,penetration_depth,self_collision_violation,joint_limit_violation,foot_sticking_error,velocity_limit_violation,final_laplacian_error,left_hand_demo_object_distance,left_hand_robot_object_distance,left_hand_object_error,left_hand_local_laplacian_error,right_hand_demo_object_distance,right_hand_robot_object_distance,right_hand_object_error,right_hand_local_laplacian_error,pelvis_robot_position,left_hand_robot_position,right_hand_robot_position
0,,start,4,0.00016773131395125593,50,50,50,,1.8044942701235414,0.0026282791513949633,1.7912498631048948,0.010587841970846057,,1.7912498631048948,1.1843197111200612,1.0,1.0,False,0.0014683117942896062,0.0,0.0,0.0,,0.02216287178401527,0.222575568590948,0.261747590605622,0.03917202201467404,0.0673238599442344,0.2745051197479645,0.29032930133646623,0.01582418158850174,0.05567150598183199,0.6347837536785604|0.8022254605390892|0.7704831134259317,0.8535500641405531|0.6324761172535904|0.5958030154155177,0.39922125349784665|0.6539254724494161|0.6124329095519923
1,,start,3,0.0010937455590914425,4,4,4,,0.17392522795125842,0.002654894022271037,0.16051811701618135,0.010722606908529997,,0.16051811701618135,0.7218316077796856,1.0,1.0,False,0.0013991305598906566,0.0,0.0,0.0013317599760609203,,0.020853023981456883,0.19466303616604216,0.22333040833742984,0.02866737217138768,0.04899718887875377,0.24702061277048,0.25056705491268993,0.0035464421422099213,0.03967752975234361,0.6335570560560484|0.8231623402938457|0.7471003647806008,0.8698196960137201|0.6478835642179331|0.542988295013613,0.3872507020284584|0.6565016624676858|0.5586427177923886
2,,start,2,0.005554498269121153,1,1,1,,0.05616422393359244,0.0026342091150581837,0.042459419928491116,0.011041699908673763,,0.042459419928491116,0.6734210336421317,1.0,1.0,False,0.0010552356742849558,0.0,0.0,0.0015664890813508704,,0.021012601783685133,0.16702964198679293,0.20476615528523728,0.03773651329844435,0.05930115347297907,0.218889967517298,0.2270129260493024,0.008122958532004398,0.045062134913713275,0.6301560394915899|0.8228570486292233|0.7382369715834112,0.8724481402811031|0.6535277226780787|0.5181554224546961,0.38878493833164696|0.6436623266964625|0.5326271830983742
3,,start,1,0.02196846681170371,1,1,1,,0.05684677907265723,0.002527876989915967,0.04333580890670419,0.010955475037917495,,0.04333580890670419,0.7464205083667178,1.0,1.0,False,0.0010356915680837,0.0,0.0,0.0016843827847616867,,0.021667378570701286,0.14084248028933713,0.1799098148296798,0.03906733454034267,0.06893329947850767,0.19075423092319974,0.20138360934830307,0.010629378425103336,0.04631924375896546,0.6273224210952747|0.8246371238324959|0.7282712901450823,0.8745753141209239|0.6557807346198556|0.48956594613110904,0.3925751612251131|0.6283578565480581|0.5040894777354452
4,start,start,0,0.06766764161830635,1,1,1,,0.07983986497856677,0.0024717580527067184,0.06605290086008608,0.011285763001069427,,0.06605290086008608,0.8485314291266677,1.0,1.0,False,0.0010343657585587737,0.0,0.0,0.001435202642669826,,0.022614096283195242,0.11775434054355444,0.15799068112697023,0.0402363405834158,0.07682283210416649,0.16346603677236926,0.17856435653627162,0.015098319763902357,0.05149937406768695,0.6210071490432414|0.8307098839631754|0.718038620368282,0.874878758138903|0.6551574276151931|0.4634774189594319,0.3943019079334657|0.6190455207426842|0.47417004193914525
5,start,start,1,0.16232623367917487,4,4,4,,0.19785542390309274,0.0026186970062553883,0.1838047388009727,0.011401335941627622,,0.1838047388009727,0.7447422932593051,1.0,1.0,False,0.0013545451126950013,0.0,0.0,0.0013072371136491638,,0.02117708610827577,0.09956860049399487,0.12032191253751133,0.020753312043516464,0.04605924171672821,0.13873854643006756,0.1488404909005129,0.010101944470445351,0.03247998647138054,0.6106137065715775|0.8644258643934218|0.6738614235771625,0.8870263119981859|0.651928141502486|0.3979554885769226,0.38601187652941976|0.6021674739730083|0.40194729919756683
6,start,start,2,0.3032653298563167,1,1,1,,0.06143289594911039,0.0026330039836466312,0.0471240219194442,0.011644907062873244,,0.0471240219194442,0.7338669252382054,1.0,1.0,False,0.0010816003907322194,0.0,0.0,0.0016338158449622606,,0.02170358158208581,0.08879512663570269,0.10207704513761091,0.013281918501908227,0.05197362658074311,0.11883766528894972,0.13957648930144706,0.02073882401249734,0.037377530562139515,0.610459741811743|0.8695023896731108|0.6583445412994461,0.8897766798345932|0.6485411056919649|0.3668950813877886,0.39071403201506155|0.5913153284507737|0.3754558314138962
7,start,approach,1,0.4412484512922977,4,4,4,,0.21592963603325188,0.002510583959519863,0.20144550991244614,0.011942812940105796,,0.20144550991244614,0.7330161882715858,1.0,1.0,False,0.0015528819701470901,0.0,0.0,0.0013193952286036823,,0.021594446927147373,0.08391605980249676,0.08479976579305597,0.0008837059905592026,0.03943928909096672,0.10638536290407621,0.12036382129329179,0.013978458389215576,0.032244936660022434,0.6069143861058084|0.8879405570175348|0.6304688061779709,0.8951845552288925|0.6391357491435407|0.3218582265103632,0.39687810564756226|0.5739216294591448|0.33374140331040203
8,start|approach,approach,0,0.5,1,1,1,,0.06544318492524326,0.0026132490020245314,0.051022037863731384,0.011778682004660368,,0.051022037863731384,0.7133037185312114,1.0,1.0,False,0.005404382219616866,0.0,0.0,0.0015256587745844008,,0.02154216457001693,0.08027341396293271,0.08403071346363795,0.0037572995007052468,0.04042711087091959,0.09965398132270455,0.113319878280762,0.01366589695805745,0.0337695899492481,0.6033788054954464|0.8898869964033844|0.6154361094208615,0.8973423938252506|0.6330536893780639|0.29555874378549096,0.4019985637864059|0.563833388137884|0.30120195568466335
9,start|approach,approach,1,0.4412484512922977,1,1,1,,0.0655567420180887,0.002508437028154731,0.051212155958637595,0.01180790807120502,,0.051212155958637595,0.711203562999795,1.0,1.0,False,0.004491183970741344,0.0,0.0,0.0017802101995903655,,0.021518640790664942,0.078574444051005,0.09437134044980947,0.015796896398804466,0.03981129547091401,0.08475699918663318,0.10315212586475336,0.018395126678120183,0.03580451425001041,0.607163100230269|0.8957062889673907|0.6010097139360819,0.902694820235532|0.6273565337004623|0.2699585099398744,0.40668532456749085|0.556765098581423|0.27225833810973327
10,start|approach,approach,2,0.3032653298563167,2,2,2,,0.12014004914090037,0.0024660038761794567,0.10561830503866076,0.012023594928905368,,0.10561830503866076,0.7202926184791308,1.0,1.0,False,0.0015839027104316283,0.0,0.0,0.0013062634379853125,,0.02154630533506912,0.0745574537008932,0.08938059033507952,0.014823136634186315,0.03732617997197968,0.07821379770334051,0.10075797485469525,0.022544177151354733,0.03589616641187882,0.6113885336019547|0.9019054275231815|0.5873553788251715,0.9037290041118492|0.6211309947036331|0.2457209121176825,0.4121264076613697|0.5458613738129954|0.245424615626298
11,start|approach,approach,3,0.16232623367917487,1,1,1,,0.06714610895141959,0.0026470038574188948,0.052493601106107235,0.011976590845733881,,0.052493601106107235,0.7203388516226142,1.0,1.0,False,0.004115754121085641,0.0,0.0,0.001320405169445445,,0.021585797090865107,0.07612232754810105,0.08632847125888457,0.010206143710783516,0.0374033914550723,0.07599210873720244,0.10350179489038737,0.02750968615318493,0.03570543288585502,0.6141642836104633|0.9022951153827085|0.5760325286200709,0.9038598644862511|0.6157924716884524|0.2264018881187109,0.417994237795994|0.5422299362563041|0.22131492902688127
12,start|approach,contact,3,0.32465246735834974,2,2,2,,0.1291445551905781,0.002507539000362158,0.11415784014388919,0.012448654044419527,,0.11415784014388919,0.7208047893711023,1.0,1.0,False,0.0014882102433809302,0.0,0.0,0.0013565098811650256,,0.021550295887123073,0.07950557536863648,0.08678820810475424,0.007282632736117761,0.03753093852435236,0.06475706662099791,0.08723014533033137,0.02247307870933346,0.03403856422981016,0.6148456863265602|0.9067604417269151|0.5629221382118405,0.9026785293748311|0.610531028542056|0.20653362046244306,0.4273476496454721|0.5353082902627985|0.19892186823848468
13,start,contact,2,0.6065306597126334,1,1,1,,0.0729585881344974,0.0026379679329693317,0.057779937982559204,0.012510271975770593,,0.057779937982559204,0.72628832942362,1.0,1.0,False,0.0034128721839506576,0.0,0.0,0.0013624539441102162,,0.021634185533559835,0.0731831569668558,0.09056381114134895,0.01738065417449315,0.03666890535775679,0.059706961524533954,0.0801273473549223,0.020420385830388348,0.035276361336920255,0.6160291925237843|0.9066112984045597|0.5524508082536794,0.9010205004097758|0.6027240897112923|0.1882001594760306,0.4314974335793919|0.5299261653074484|0.17914519360384443
14,start,contact,1,0.8824969025845955,1,1,1,,0.07419211603701115,0.0025090149138122797,0.058847094886004925,0.012806179001927376,,0.058847094886004925,0.7255058883781914,1.0,1.0,False,0.0025181194315957306,0.0,0.0,0.0014233464020919997,,0.021681383945243295,0.06960966218364845,0.08762104875054784,0.018011386566899393,0.03495058971018673,0.058226961794825144,0.07586476274227764,0.0176378009474525,0.0354503970715492,0.6174363675831507|0.9072038918460248|0.5428832306062068,0.8990724980320687|0.5988047215230693|0.17259289442325185,0.436740041266678|0.5305652634784802|0.15927451560207992
15,start|contact,contact,0,1.0,10,10,10,,0.6685563891660422,0.002483569085597992,0.6527781200129539,0.013262615073472261,,0.6527781200129539,0.7372394530268154,1.0,1.0,False,0.001172019858136926,0.0,0.0,0.001353654549248905,,0.021782112252657755,0.06819076923508341,0.08011616173562641,0.011925392500543003,0.034737794739806024,0.051732893876668254,0.07515745771715576,0.02342456384048751,0.038146893651271344,0.62077534488547|0.9085007301305126|0.5333635230399224,0.8972880440718252|0.5902799599710533|0.1605333323878543,0.4390411321867797|0.5280659489308599|0.14477139609855008
16,start|contact,contact,1,0.8824969025845955,2,2,2,,0.14449781109578907,0.0026034009642899036,0.1285483909305185,0.01331476983614266,,0.1285483909305185,0.7406626002991411,1.0,1.0,False,0.0013936991526148773,0.0,0.0,0.0013621906196310976,,0.021818688349810236,0.06402632931514866,0.07452508391018009,0.010498754595031426,0.036723425969324444,0.04456511921968228,0.07107045468674236,0.026505335467060083,0.0396150120927541,0.6221669924802838|0.908216110182444|0.5264558910900853,0.8942250963342214|0.58560155936191|0.1507341076257379,0.44080268161927405|0.5254893337477218|0.13506186962502992
17,start|contact,contact,2,0.6065306597126334,4,4,4,,0.28135444805957377,0.0026393828447908163,0.2652141088619828,0.013469534926116467,,0.2652141088619828,0.7525636036775637,1.0,1.0,False,0.0011536485126572155,0.0,0.0,0.0014142414465813263,,0.02194961240718323,0.058311006527179424,0.07115830146585866,0.01284729493867924,0.04026345442925471,0.039410877470981445,0.07083320986997256,0.031422332398991115,0.04791626696077598,0.6222609845739263|0.9112972603016676|0.5225401130518801,0.8914911895376095|0.5838056140378179|0.14695582818740766,0.44107010703807925|0.5217492387787267|0.1351789929523476
18,start|contact,contact,3,0.32465246735834974,4,4,4,,0.2820918709039688,0.0026143959257751703,0.26572913909330964,0.013716449029743671,,0.26572913909330964,0.7703948760624594,1.0,1.0,False,0.0011189543830393,0.0,0.0,0.001383789610860018,,0.022152709230043078,0.05258928045085924,0.06680566238822042,0.014216381937361175,0.04156336204570994,0.034969496022889825,0.07058864950910207,0.035619153486212245,0.05649036675544667,0.6214914406682119|0.913280106362668|0.5192177941255562,0.8876047257275487|0.5814945688532374|0.1424598362854903,0.44136002587767786|0.521144316500021|0.1352147090271803
19,start|contact,contact,4,0.25,1,1,1,,0.08089855895377696,0.002534030005335808,0.06501802708953619,0.013316543074324727,,0.06501802708953619,0.7858724517946035,1.0,1.0,False,0.01224118266613379,0.0,0.0,0.0014343884629854611,,0.0222163280919039,0.04693967049141904,0.06726903022837762,0.020329359736958576,0.04441173529373918,0.03153757446137274,0.07096065691442457,0.03942308245305184,0.06370783191699111,0.6215723824062364|0.9140769084691712|0.516151935763709,0.8882507255700512|0.5794941367355592|0.13858431663323814,0.4409972931038405|0.5194528980876705|0.1350589228997918
20,start|contact,contact,5,0.25,2,2,2,,0.1464371019974351,0.0025985599495470524,0.13016538112424314,0.01364078395999968,,0.13016538112424314,0.8262552550404434,1.0,1.0,False,0.0011145598979828975,0.0,0.0,0.001414491505515556,,0.02261560357097657,0.042137197001041356,0.07259211607023246,0.0304549190691911,0.05418765546430293,0.030081807189030255,0.07189719829585721,0.04181539110682696,0.06829945674071505,0.6203712589549183|0.913413122706381|0.5144426953554151,0.8937430847906391|0.5779272020118029|0.13602346090168857,0.4402550223974985|0.5169053567058803|0.13478533381129643
21,start|contact,contact,6,0.25,2,2,2,,0.14552852208726108,0.0026178290136158466,0.12949609803035855,0.013379653915762901,,0.12949609803035855,0.8634348908904828,1.0,1.0,False,0.001153056489134996,0.0,0.0,0.0014139060122844785,,0.022994866486033945,0.03866287067761362,0.07088365560878208,0.032220784931168464,0.058054457393146394,0.029937430837878223,0.07214579655855788,0.04220836572067965,0.07351168153892247,0.6187051323950562|0.9140411706693847|0.5115292639380159,0.8924411893124149|0.5744836045292496|0.13650423262168412,0.440514986911291|0.5124554676885295|0.13498424097298317
22,start|contact,contact,7,0.25,1,1,1,,0.08062008093111217,0.002628754125908017,0.06479010405018926,0.01317140320315957,,0.06479010405018926,0.867032619487732,1.0,1.0,False,0.0018969389159698147,0.0,0.0,0.0014190787863240881,,0.02300439158846097,0.03735674281998337,0.0695792482196441,0.032222505399660734,0.060842144985968356,0.03126426443896467,0.07261297987396043,0.041348715434995756,0.07535127791676045,0.6183321117903633|0.913851908998602|0.5093637424810966,0.8912155907613105|0.5715712362549779|0.1368903022683898,0.44020743591060074|0.510530075670687|0.13515956246988087
23,start|contact,contact,8,0.25,1,1,1,,0.08016388304531574,0.002581970067694783,0.06430021789856255,0.013251343974843621,,0.06430021789856255,0.8925987553257477,1.0,1.0,False,0.002065906499567949,0.0,0.0,0.0014405750925606826,,0.023202848586395947,0.036789626405801315,0.0690488229196791,0.03225919651387779,0.06318667721550895,0.032377184243247814,0.07329476089394808,0.04091757665070027,0.07707067613535373,0.6192389666919538|0.9140730245787277|0.5055286346188159,0.8907606658208631|0.5681891726435181|0.13709925609915852,0.44025725596793086|0.5069950988688634|0.13536821010402017
24,start|contact,contact,9,0.25,1,1,1,,0.08021912700496614,0.0025995769537985325,0.06445789290592074,0.013132723979651928,,0.06445789290592074,0.9086664963456892,1.0,1.0,False,0.001283071884251738,0.0,0.0,0.0014222994973742845,,0.02333760455793171,0.03570710406711344,0.06834392643419926,0.032636822367085816,0.0643795103333485,0.031150753970617714,0.07400606817957513,0.04285531420895741,0.07869403773691871,0.6192108946753505|0.9137470473645573|0.5032700425905019,0.8900976441878725|0.5659244099590126|0.13732999613261684,0.44041432314940315|0.5037205059902845|0.1354607021550819
25,start|contact,contact,10,0.25,1,1,1,,0.07930899108760059,0.0026659509167075157,0.06369618186727166,0.012918735854327679,,0.06369618186727166,0.9282422870986136,1.0,1.0,False,0.0013260466571792112,0.0,0.0,0.0014228933991798855,,0.02345630101485273,0.031443064163288646,0.06740724725388021,0.035964183090591566,0.06883577419220799,0.026889081374842517,0.07451658054934507,0.047627499174502555,0.0808273384600061,0.6202827494035938|0.9125132542564516|0.5020019776505948,0.8893166429881967|0.5638403883317258|0.13766678796301676,0.44111421547008545|0.4999097450713877|0.13557933689310278
26,start|contact,contact,11,0.25,1,1,1,,0.07909652311354876,0.0026051609311252832,0.06351776490919292,0.012945252936333418,,0.06351776490919292,0.9331159349232029,1.0,1.0,False,0.0012249247396553253,0.0,0.0,0.001323569781011287,,0.02346048828504748,0.02728719847017925,0.06636867160016673,0.03908147312998748,0.06930729876885564,0.024626742472030148,0.07366850358009673,0.04904176110806659,0.08180842469185785,0.6193668218644303|0.9106463982525494|0.5016666841388382,0.8887409850909314|0.5595159732081431|0.13768382416604913,0.4409247443932409|0.5032189352172851|0.13548147597207633
27,start|contact,contact,12,0.25,1,1,1,,0.07870709896087646,0.0025778061244636774,0.06301201903261244,0.013087596977129579,,0.06301201903261244,0.9277231243250507,1.0,1.0,True,0.006688744691472279,0.0,0.0,0.0013904963952279643,,0.02347309126642256,0.026344933036570133,0.06365917870163293,0.03731424566506279,0.06676747558576127,0.024136155590451434,0.072914472614438,0.048778317023986564,0.07982426346696439,0.6185913742350382|0.9106417132547819|0.5014765900213514,0.8872937545680052|0.5647455486465631|0.13782915823283443,0.44153645872970354|0.5038611413704245|0.13534419257893696
28,start|contact,contact,13,0.25,2,2,2,,0.14170837891288102,0.0025623419787734747,0.12561190500855446,0.01350153493694961,,0.12561190500855446,0.9118455095752005,1.0,1.0,True,0.001065944890675824,0.0,0.0,0.0014061257557654477,,0.02335403530818114,0.02473398841874053,0.0633974063842653,0.03866341796552478,0.06654464229154963,0.022772098598587653,0.07135248708178768,0.048580388483200024,0.07764382556789351,0.6190297881707126|0.9110169591113177|0.5044508785251786,0.8873113457465681|0.5679204116817264|0.13780711613895097,0.44287485061749055|0.504390285013717|0.13538797050213353
29,start|contact,contact,14,0.25,1,1,1,,0.07933703297749162,0.0026266081258654594,0.06356253800913692,0.013118075905367732,,0.06356253800913692,0.9012619766393207,1.0,1.0,True,0.0013693615509313556,0.0,0.0,0.0014613606911554992,,0.023327482267811128,0.025322629422426395,0.06474479492543037,0.03942216550300397,0.06354372489884233,0.022617856403851232,0.06926243422899807,0.04664457782514683,0.07486201732749231,0.6211685277279303|0.9122960960590171|0.507690351147563,0.8871855031049931|0.5656635269985236|0.13783470910197168,0.4438860257306505|0.5047259956273575|0.13552023970000907
30,start|contact,contact,15,0.25,1,1,1,,0.07921004993841052,0.0025820189621299505,0.06328870495781302,0.01331030111759901,,0.06328870495781302,0.8748590305234221,1.0,1.0,True,0.0014270095412218659,0.0,0.0,0.0014558133905350225,,0.023122584189504934,0.02569152784587973,0.06588013273912964,0.04018860489324991,0.05964003089960121,0.02207419619357838,0.06712615442143975,0.04505195822786137,0.0715584176234857,0.6221150074052595|0.9115812104463654|0.5107148181225539,0.8859130433742735|0.5657310920516406|0.1378196091011158,0.44501305474065433|0.5022047500838859|0.13568059501689717
31,start|contact,contact,16,0.25,1,1,1,,0.07921950099989772,0.0025396349374204874,0.06341142882592976,0.01323597808368504,,0.06341142882592976,0.8403176967334652,1.0,1.0,True,0.0012087257510284277,0.0,0.0,0.0015212554680410282,,0.022860884916956297,0.025699321141880678,0.06648060939838044,0.04078128825649976,0.054662444411387096,0.021329846123886942,0.06839378938115388,0.04706394325726694,0.06757072716302306,0.6239173350123803|0.9096924362523245|0.5143604126156016,0.8835692567954059|0.5661300909381892|0.137752198849152,0.44308723468430505|0.5024760589501877|0.13621507359241883
32,start|contact,contact,17,0.25,1,1,1,,0.07900389796122909,0.00255554704926908,0.06296888482756913,0.013447716133669019,,0.06296888482756913,0.78275564152996,1.0,1.0,True,0.0031294705834146036,0.0,0.0,0.0015565419491782456,,0.022339962330368984,0.02620099128199984,0.06890759164708661,0.04270660036508677,0.04722824027611697,0.02211831179660422,0.06660313026378868,0.04448481846718446,0.0602559725672818,0.6244288388504476|0.901235412776581|0.5181536588445935,0.8805283721312729|0.5623786102659348|0.13769444969847544,0.4460192235313246|0.49983041956532354|0.13607951985830477
33,start|contact,contact,18,0.25,1,1,1,,0.08126127417199314,0.0025626998394727707,0.06504726689308882,0.01362098497338593,,0.06504726689308882,0.7323064023207483,1.0,1.0,True,0.003310064502636781,0.0,0.0,0.001443049988960623,,0.021869122558365303,0.026911834767950258,0.06897826859314299,0.042066433825192734,0.04720098169612873,0.022946397203677464,0.05865745469355408,0.035711057489876616,0.049353889381062305,0.6248419274238778|0.8924326096526813|0.5222844327610043,0.8797460615419104|0.5628470626449072|0.14438733331148587,0.4510553431454546|0.5022100260190024|0.13611075643263856
34,start|contact,lift,18,0.25,4,4,4,,0.30321542685851455,0.002596536884084344,0.286799541907385,0.013787781121209264,,0.286799541907385,0.7064860797804909,1.0,1.0,True,0.0009999986515772628,0.0,0.0,0.0013668721008515197,,0.021664653167715025,0.027928037298889173,0.06718391307611887,0.0392558757772297,0.045690784323540096,0.024002788856349398,0.05487961739710525,0.030876828540755852,0.04320172558496548,0.6228592808475544|0.8897164201174587|0.5328376826867569,0.880020725818721|0.5550221848893508|0.1573118851325569,0.45376669115716206|0.49935789761132254|0.1441647447285542
35,start|contact,lift,17,0.25,1,1,1,,0.08140587201341987,0.002567637013271451,0.06549178599379957,0.01331675611436367,,0.06549178599379957,0.7010653715462245,1.0,1.0,True,0.0010760406111486598,0.0,0.0,0.0014304168629629215,,0.02170850947374607,0.029322161609551225,0.06966211733957553,0.0403399557300243,0.049452849762765386,0.025333554594958,0.054038011884232434,0.028704457289274433,0.04059027548447855,0.6217102865155225|0.8937188931153404|0.5465192575937878,0.8829081759472062|0.5498776574840799|0.17404368456046954,0.45365023435656776|0.49821418251766747|0.1612569950444515
36,start|contact,lift,16,0.25,1,1,1,,0.08028100105002522,0.0025720829144120216,0.06454354198649526,0.01313300896435976,,0.06454354198649526,0.6901158561191988,1.0,1.0,True,0.0005637274548327513,0.0,0.0,0.002004209471741932,,0.02157672825460209,0.03130343505431578,0.06757496852304883,0.03627153346873305,0.04616046525254803,0.026588516920129236,0.05479236120174574,0.028203844281616507,0.041091534341672516,0.6224840517759008|0.8947692836183397|0.5659413252302042,0.88081805597282|0.5410449544278259|0.1942591018865124,0.45075046066496305|0.49937287701465727|0.18261160507199484
37,start|contact,lift,15,0.25,2,2,2,,0.14149222616106272,0.002565477043390274,0.12549236696213484,0.013403563061729074,,0.12549236696213484,0.6723728168786554,1.0,1.0,True,0.0012213327463359118,0.0,0.0,0.0014368265325016257,,0.021449975583824943,0.03375589518207893,0.0641060536891769,0.030350158507097977,0.04016989184807252,0.02796416232611147,0.05319274548552643,0.025228583159414963,0.038780972757319405,0.6183655662031687|0.8927922987385035|0.5869758282020605,0.8758523080518559|0.5335647673019762|0.21821613573240384,0.45009106155735296|0.49730519369006215|0.20531820763749137
38,start|contact,lift,14,0.25,1,1,1,,0.07821664703078568,0.002598979976028204,0.062468741089105606,0.013119316892698407,,0.062468741089105606,0.648007654222054,1.0,1.0,True,0.005462096884047571,0.0,0.0,0.0015388795386700183,,0.02125722264545632,0.036744128846563404,0.06601853429594495,0.02927440544938155,0.03879380532464676,0.02991824115629804,0.052998793361912766,0.023080552205614727,0.03864446915054387,0.6172156038073515|0.8920219118868712|0.6056374115168811,0.8735796852063668|0.5355347456011351|0.24072651119910748,0.44741351913457733|0.5010155976938787|0.22789397244551204
39,start|contact,lift,13,0.25,2,2,2,,0.13600056199356914,0.0024652299471199512,0.11999239306896925,0.013511901954188943,,0.11999239306896925,0.638718685423514,1.0,1.0,True,0.0024951335412122383,0.0,0.0,0.0014101002768871305,,0.021181148332964073,0.03939630956635782,0.06532060225963872,0.0259242926932809,0.03610892305085265,0.03153447099792206,0.05375020605144809,0.02221573505352603,0.037853092212555214,0.6153957537561031|0.8903344607262081|0.6264849181104118,0.8705439941080861|0.5307776463265524|0.2712612381065455,0.4434335618645778|0.49554331829390225|0.2561065978960814
40,start|contact,lift,12,0.25,2,2,2,,0.12988700903952122,0.002619328210130334,0.11399467615410686,0.013240210013464093,,0.11399467615410686,0.6398065051656827,1.0,1.0,True,0.0016872723121734538,0.0,0.0,0.0014250834821343658,,0.021230167506832705,0.041099633093159775,0.06654263767650666,0.025443004583346883,0.03744776594705918,0.033285816620185815,0.05402028109157739,0.020734464471391573,0.03677066234848373,0.612052583342362|0.8891332856372841|0.6455007886015718,0.8672867791526763|0.5327666978810712|0.2992012429129675,0.43985474960801474|0.49288084418966155|0.28584887608556214
41,start|contact,lift,11,0.25,2,2,2,,0.15271923411637545,0.002619015984237194,0.13657580595463514,0.013492397964000702,,0.13657580595463514,0.6366802599157297,1.0,1.0,True,0.0016296721205172476,0.0,0.0,0.0014190018866471826,,0.02127519511472427,0.043174152491047266,0.06474368729913611,0.021569534808088847,0.03448132558414312,0.03532677739183851,0.053887382417582425,0.018560605025743915,0.03399625757211921,0.6068632689592068|0.8855149799601789|0.6628674228869693,0.8618705031075536|0.531445531977743|0.3302873402057494,0.4368395058743692|0.48977030908097086|0.31650872742265884
42,start|contact,lift,10,0.25,1,1,1,,0.07264259294606745,0.0026395099703222513,0.05749304499477148,0.012481758138164878,,0.05749304499477148,0.6439675126929582,1.0,1.0,True,0.0016731355406015107,0.0,0.0,0.0015807786421537051,,0.021295520516982303,0.04431518889612136,0.06796620016338815,0.02365101126726679,0.03790747490274236,0.03730398362212385,0.07088483993999856,0.033580856317874705,0.04920697031120821,0.6006468003501071|0.8879252156499795|0.6764736999064294,0.8610302233462057|0.5319175821701526|0.36392075143109615,0.41725495360988923|0.49447025243104087|0.3443669382122544
43,start|contact,lift,9,0.25,2,2,2,,0.1275781609583646,0.0024723259266465902,0.11155684804543853,0.013514814898371696,,0.11155684804543853,0.635958750495009,1.0,1.0,True,0.003650092323270057,0.0,0.0,0.001426101663644939,,0.021284596687037697,0.04515242212278731,0.06619624902323999,0.02104382690045268,0.036128615608210686,0.038905617084151564,0.055393267494351375,0.01648765041019981,0.031653792780945905,0.5983099611110358|0.8813943794210457|0.6893838520333442,0.8546984237690175|0.531988838322067|0.39781444169994845,0.4287167826547373|0.4860164140039714|0.381356254647855
44,start|contact,lift,8,0.25,1,1,1,,0.07907894509844482,0.005434810882434249,0.05987183190882206,0.013739596121013165,,0.05987183190882206,0.6374414444456835,1.0,1.0,True,0.0010168501372307404,0.0,0.0,0.0016222459637460999,,0.021216247344453137,0.04558979301930462,0.06757069032373146,0.021980897304426844,0.03862088966887017,0.039558003577122504,0.07108373776404922,0.03152573418692672,0.0477789292781077,0.5868051968264995|0.8934941606322443|0.6998215955130077,0.8516858081377043|0.5322831853259535|0.4344361402088299,0.4082867774808406|0.4907792763165265|0.4143210871259378
45,start|contact,lift,7,0.25,2,2,2,,0.1273723340127617,0.0026169470511376858,0.11196767492219806,0.012753386981785297,,0.11196767492219806,0.6247988775777841,1.0,1.0,True,0.003322152646152682,0.0,0.0,0.0014317049985355628,,0.02125357846414232,0.045321410987796004,0.06737785150918106,0.022056440521385057,0.03889469559976606,0.03955574037981286,0.057288315675818345,0.017732575296005484,0.03316216472026551,0.5840617667559768|0.8826813426257211|0.7096807970033953,0.8463534314155144|0.531746862022093|0.46426071954338566,0.41817913525898864|0.4841079841339164|0.4463167172471439
46,start|contact,lift,6,0.25,2,2,2,,0.1300985850393772,0.003902783850207925,0.11339242593385279,0.012770650908350945,,0.11339242593385279,0.6547268508233038,1.0,1.0,True,0.003454474555952311,0.0,0.0,0.0014265569422383657,,0.02159029964866454,0.045371744869698076,0.06883819323125802,0.023466448361559943,0.041746784160312925,0.039796004214663484,0.05851537738161905,0.018719373166955565,0.03453734334818277,0.5743621543654283|0.8802115390422047|0.716344674587581,0.8423990597200132|0.5323857020427153|0.4981204662759676,0.41177697797370966|0.48446767018356723|0.47820705409215924
47,start|contact,lift,5,0.25,2,2,2,,0.12978082103654742,0.004018913023173809,0.11284025083296001,0.012890402926132083,,0.11284025083296001,0.6770809210471791,1.0,1.0,True,0.0033576762685162687,0.0,0.0,0.0014200608955351173,,0.021894055700782282,0.04539990454306814,0.06989961837082527,0.024499713827757133,0.04360751574308634,0.04030086310138736,0.05861398909972127,0.018313125998333908,0.0338019759186715,0.5664480360360385|0.8726396687660845|0.7214507660867517,0.8372037900547921|0.5333663406487573|0.5273747556635143,0.40702683119051675|0.48345556549594804|0.5060368921208765
48,start|contact,lift,4,0.25,2,2,2,,0.14114518905989826,0.0057483569253236055,0.12254224787466228,0.01282226201146841,,0.12254224787466228,0.7212092639235498,1.0,1.0,True,0.0016645673324664316,0.0,0.0,0.001424294997683786,,0.022398574885328922,0.045355222799172264,0.0709920758718009,0.025636853072628633,0.04577910945699012,0.04045546363171159,0.05873005072984428,0.01827458709813269,0.03352957775495103,0.5557818526975695|0.867317682045916|0.7244117745640459,0.8312433322428103|0.534522816898575|0.554663603457966,0.40210501042166175|0.48451483522734323|0.531503030282886
49,start|contact,lift,3,0.32465246735834974,2,2,2,,0.1272897468879819,0.004533265018835664,0.10979028302244842,0.012933339923620224,,0.10979028302244842,0.7257632163238683,1.0,1.0,True,0.0014322339951681473,0.0,0.0,0.0013876451108401295,,0.02240598912939675,0.04411848653710435,0.07100677730102115,0.026888290763916793,0.046581588601100066,0.04059159351652607,0.06026160298895006,0.01967000947242399,0.03535669953786217,0.5506038438985734|0.8584600408023086|0.7273292020377388,0.825521320362145|0.5321767895922409|0.5783163084732637,0.3958026276949469|0.4865809611785386|0.5554690507318533
50,start|contact,lift,2,0.6065306597126334,4,4,4,,0.26557281892746687,0.0026185798924416304,0.24984621489420533,0.013075425988063216,,0.24984621489420533,0.7200827187832426,1.0,1.0,True,0.0014606844069800992,0.0,0.0,0.0013854678842853234,,0.022324368478950335,0.04299833347474767,0.07129346071403825,0.028295127239290577,0.04869484193242831,0.039546160245616836,0.06082488478247112,0.021278724536854282,0.036844095150673134,0.5442193514319429|0.8461015571825129|0.7315071853347433,0.8185229605901309|0.5305509511261356|0.5978769521970526,0.39081279636456256|0.4872300226730484|0.5762209536077654
51,start|contact,lift,1,0.8824969025845955,1,1,1,,0.06962513597682118,0.0026233051903545856,0.05481778015382588,0.012153480900451541,,0.05481778015382588,0.7506993089977327,1.0,1.0,True,0.0016411630414502054,0.0,0.0,0.0020673464874288684,,0.022653667058235693,0.0430331024640381,0.07556081884196957,0.03252771637793146,0.0510036438786018,0.0389231022401135,0.06166541246824568,0.02274231022813218,0.039143429680686244,0.5383188351867879|0.8364963782975999|0.7328750914955661,0.8123700703731128|0.5321885893443186|0.6120621974948695,0.3847183506163686|0.48736327776125893|0.5968490549853189
52,start|lift,lift,0,1.0,10,10,10,,0.537016571033746,0.0024880787823349237,0.5222430569119751,0.01225243997760117,,0.5222430569119751,0.7174568613852501,1.0,1.0,True,0.0014507303585517238,0.0,0.0,0.0013984935260285387,,0.022217090957583337,0.04354814501566332,0.07657768784094185,0.03302954282527853,0.05211386327233478,0.03888576392798141,0.06292255246263731,0.0240367885346559,0.03936697663095558,0.5330705478563877|0.8203935335982716|0.7334350015956189,0.8072931623106024|0.5272446695421384|0.6258403935577737,0.3794127503902765|0.48859162432249764|0.6107613359309844
53,start|lift,lift,1,0.8824969025845955,2,2,2,,0.11865509394556284,0.0026040130760520697,0.10327588790096343,0.01274184393696487,,0.10327588790096343,0.7069486813385352,1.0,1.0,True,0.0014418513127407752,0.0,0.0,0.001362575640461336,,0.022085439152797502,0.0439225774101812,0.07843970070857753,0.03451712329839633,0.052220794680876856,0.03883741285180156,0.06292243565939148,0.024085022807589923,0.03932805337584203,0.5287551078358272|0.8070007999733603|0.7352523135989565,0.802289037178806|0.5236244617566196|0.6383850755622795,0.3750352174346588|0.486498146340719|0.6241567696793686
54,start|lift,lift,2,0.6065306597126334,1,1,1,,0.06570269004441798,0.0027052208315581083,0.05093636107631028,0.012030879966914654,,0.05093636107631028,0.7043454374323125,1.0,1.0,True,0.001228976706884835,0.0,0.0,0.0018717630689445482,,0.02200943064655677,0.04456305780223359,0.08581102899207739,0.0412479711898438,0.05849518652611384,0.03914922911374541,0.06307803433633058,0.02392880522258517,0.03935300685518027,0.5246742616713512|0.7942023893077865|0.7358806336735507,0.7997253520527068|0.5243637859481474|0.6428494179393021,0.3698499454662964|0.4807868824368739|0.6383269197773925
55,start|lift,lift,3,0.32465246735834974,2,2,2,,0.1174885299988091,0.0025372528471052647,0.10285836597904563,0.012061896966770291,,0.10285836597904563,0.6903841829325642,1.0,1.0,True,0.0018035947892799525,0.0,0.0,0.0013375284507575473,,0.0218887478083479,0.045977777571562344,0.07847968549526231,0.03250190792369997,0.05076022242808769,0.039528284363214,0.0627534797788714,0.0232251954156574,0.03791011281895721,0.5202686999505922|0.779460371112657|0.7374987301924033,0.7931257791732659|0.5098556744493676|0.658120995915665,0.3663436627361013|0.47449554686537015|0.6460026492225602
56,start|lift,lift,4,0.25,1,1,1,,0.06519479118287563,0.0026086890138685703,0.05050198803655803,0.012053226120769978,,0.05050198803655803,0.7009214521861615,1.0,1.0,True,0.001571513500741438,0.0,0.0,0.0013513649166317647,,0.022039192531575658,0.046856424441654033,0.08174559481480519,0.03488917037315115,0.05698114589658694,0.040072941428593856,0.0625392450325025,0.02246630360390864,0.037034134320219236,0.5190163721875525|0.7661169839413167|0.7381712369005482,0.7880266457339079|0.5128036170683634|0.6606992232061049,0.3626177873358007|0.4663101531782112|0.6533175846898801
57,start|lift,carry_mid,3,0.25,1,1,1,,0.06506410404108465,0.0025138428900390863,0.05062535707838833,0.011894552037119865,,0.05062535707838833,0.7092743013932501,1.0,1.0,True,0.0017473798656069406,0.0,0.0,0.001582209561545078,,0.022203313523786284,0.047106205861016825,0.08005741006936708,0.03295120420835025,0.06071596024686917,0.04059147177297748,0.06234318274735292,0.021751710974375442,0.036262069541215344,0.5160745038167688|0.7537968448030483|0.7396932395035081,0.7854557953834342|0.5076853825265144|0.6671470101886049,0.35972366635941927|0.4574611675076391|0.6566935473226162
58,start|lift,carry_mid,2,0.25,2,2,2,,0.11677273688837886,0.0024809748865664005,0.10224110097624362,0.012019406072795391,,0.10224110097624362,0.7141167046856518,1.0,1.0,True,0.0015892151616040372,0.0,0.0,0.0013332449199592513,,0.022296285757969547,0.04747470353695365,0.08348975644548452,0.036015052908530874,0.0578091440890999,0.041238220421284645,0.06168172901437845,0.020443508593093802,0.034953415837176004,0.5142037491720581|0.7405115893772274|0.7377934282471732,0.7819809038448923|0.4915378864559788|0.6703094537272599,0.3577290015701465|0.44770064212192856|0.6579910772949191
59,start|lift,carry_mid,1,0.2647490707753786,1,1,1,,0.06436360604129732,0.0026314659044146538,0.0499612910207361,0.011738245142623782,,0.0499612910207361,0.716638286244762,1.0,1.0,True,0.0011287724460671694,0.0,0.0,0.0018256139008229076,,0.022356993765076844,0.04783961738034645,0.08234869555518433,0.03450907817483788,0.059805360399218174,0.041370924921126,0.06337606658170968,0.022005141660583677,0.036521693841134545,0.5127286766978467|0.7270882696298894|0.7358906694470727,0.7782687192872313|0.4831009832500155|0.670580054426573,0.3536193073709544|0.43695232107347803|0.6561623814849608
60,start|lift|carry_mid,carry_mid,0,0.3,2,2,2,,0.139043573057279,0.002528992947191,0.12422507000155747,0.012256531976163387,,0.12422507000155747,0.7095539891302952,1.0,1.0,True,0.0014251262567151618,0.0,0.0,0.0013324198104799016,,0.022262711558782323,0.04849226055337269,0.08321256714061309,0.0347203065872404,0.05932480115983533,0.041350422090621605,0.06198940491388142,0.020638982823259815,0.038814926864220355,0.5108943640274478|0.7128524418298919|0.732743877649236,0.774051735796878|0.4701126320725571|0.6688999288145001,0.3522118884106328|0.42331139055054695|0.6548827112639707
61,start|lift|carry_mid,carry_mid,1,0.2647490707753786,1,1,1,,0.0651023299433291,0.002681543119251728,0.050653137965127826,0.011736555024981499,,0.050653137965127826,0.6952570770586413,1.0,1.0,True,0.0012595045260385442,0.0,0.0,0.0015026080216814766,,0.022105440768975766,0.04899456267311318,0.08215648465258736,0.03316192197947418,0.05875280781647152,0.04132883089483988,0.061606974687526746,0.020278143792686866,0.03805143605338826,0.5095543273878043|0.6972085634326332|0.7302587976488388,0.7699294693905155|0.45793423437442304|0.6688170595136299,0.3486653386489756|0.40766848992129995|0.6542996331069381
62,start|lift|carry_mid,carry_mid,2,0.25,2,2,2,,0.11587061709724367,0.0025545048993080854,0.10122507996857166,0.012058860156685114,,0.10122507996857166,0.6846988666023995,1.0,1.0,True,0.0014671729740048899,0.0,0.0,0.0013175271592062877,,0.021940769795392098,0.049394518204468864,0.08350106166581342,0.034106543461344556,0.057661513296311466,0.04091367850967092,0.0603702849179161,0.019456606408245182,0.03673249067127544,0.511023174699301|0.681889276871198|0.7267499705103624,0.7665548167991927|0.4428568302754168|0.6666628580576469,0.346655566988705|0.39247198389485943|0.653502778268215
63,start|lift|carry_mid,carry_mid,3,0.25,1,1,1,,0.06431121099740267,0.002681026002392173,0.04995616897940636,0.011644471902400255,,0.04995616897940636,0.6737587278326761,1.0,1.0,True,0.0014720881571746273,0.0,0.0,0.0012651156434149153,,0.021792317422384903,0.049733938832591626,0.08347603489249819,0.033742096059906565,0.05759099730841692,0.04040591621269891,0.061065922263245934,0.020660006050547026,0.037656016360389344,0.512001698906902|0.6652552312301054|0.7243430235443138,0.7631084746243485|0.4292074899182245|0.6639740379422233,0.34339043200797204|0.3793436935615022|0.6541678407690257
64,start|lift|carry_mid,carry_mid,4,0.25,2,2,2,,0.11547578405588865,0.002557995030656457,0.10088227409869432,0.012003530049696565,,0.10088227409869432,0.6700068714306717,1.0,1.0,True,0.002521760624374786,0.0,0.0,0.001257307587085461,,0.021761955898213243,0.05013678328391289,0.08578840976813208,0.03565162648421919,0.054838230835211194,0.03949828466078453,0.059965809316145376,0.020467524655360843,0.03698210809191483,0.5135166278203529|0.6472719408816356|0.7219985456376747,0.761050158442438|0.4089155739507889|0.6639262354332826,0.34133477987495026|0.36170410488410953|0.6555126685256086
65,start|lift|carry_mid,carry_mid,5,0.25,1,1,1,,0.06413619499653578,0.002655991120263934,0.04997599497437477,0.01147394604049623,,0.04997599497437477,0.6722697265327823,1.0,1.0,True,0.002241445134440974,0.0,0.0,0.001504207832091344,,0.021768265529016763,0.05044326989977869,0.08337013353463628,0.03292686363485759,0.056776783987286854,0.03849170584953987,0.06202850270708114,0.023536796857541273,0.0399303900579234,0.5141757320523204|0.6274394374218966|0.721914252315866,0.758953785388233|0.39462806971623915|0.6626404940636621,0.33904848996432957|0.3512697633246927|0.6566589453412309
66,start|lift|carry_mid,carry_mid,6,0.25,1,1,1,,0.06554279802367091,0.0025605210103094578,0.05159847415052354,0.011354062939062715,,0.05159847415052354,0.6955967245025345,1.0,1.0,True,0.001644972882110407,0.0,0.0,0.0018754221044132839,,0.021968914457172348,0.051031612626181985,0.08174827770426568,0.030716665078083696,0.05847200356247132,0.0376196995923931,0.07097541295638485,0.03335571336399175,0.04990949921373351,0.5158840568712607|0.6087249824690131|0.724170928213207,0.7587321901098348|0.3771209822918797|0.6641315009952348,0.3309111175626418|0.33961546464807674|0.6552377173078137
67,start|lift|carry_mid,carry_mid,7,0.25,1,1,1,,0.06455980590544641,0.0025064200162887573,0.05071906908415258,0.011303792940452695,,0.05071906908415258,0.7061009715467791,1.0,1.0,True,0.0019253075374657536,0.0,0.0,0.0018741639102358206,,0.02218383075081706,0.052160158948375626,0.08146264194857473,0.02930248300019911,0.05685151631296286,0.037032972472281,0.0723797775996595,0.03534680512737849,0.049750598346060965,0.5185093760637611|0.587987626457189|0.7238409156319726,0.7577947730804889|0.3546008390575327|0.666171969399032,0.3289318096964833|0.32285456960351616|0.657942480592861
68,start|lift|carry_mid,carry_mid,8,0.25,2,2,2,,0.11736554792150855,0.002510557882487774,0.102759615983814,0.012062593130394816,,0.102759615983814,0.7062833665668912,1.0,1.0,True,0.004808540934406205,0.0,0.0,0.0014384480512587515,,0.02225127393527915,0.053379002177505394,0.08419754803363394,0.030818545856128546,0.05043421965847613,0.03671912429589608,0.05836115459240328,0.0216420302965072,0.03655443888764346,0.5211176723836043|0.5668400924475435|0.7241879625290764,0.7560872588067645|0.32402127847573575|0.6710393276855766,0.3368609366501205|0.29599497997106816|0.6725738993976077
69,start|lift|carry_mid,carry_mid,9,0.25,1,1,1,,0.06647344189696014,0.002708558924496174,0.05221414100378752,0.011517795966938138,,0.05221414100378752,0.7555633762886369,1.0,1.0,True,0.0029005110426699454,0.0,0.0,0.00236821268648979,,0.022623492089794264,0.05388450247948265,0.08064243283361301,0.026757930354130363,0.05327372429768226,0.03700867742774968,0.07248501413069723,0.03547633670294755,0.04912998013623016,0.5242593585522274|0.5480246342224787|0.7249720710575941,0.7553292490842575|0.3071825127537102|0.6730420333034182,0.32758942337879426|0.2891588800318063|0.6698617888791798
70,start|lift|carry_mid,carry_mid,10,0.25,2,2,2,,0.1133165149949491,0.0025543631054461002,0.09909179410897195,0.011633226182311773,,0.09909179410897195,0.8406815208647141,1.0,1.0,True,0.0015581582420803111,0.0,0.0,0.0014216543537525677,,0.023161121340619973,0.054745524450562334,0.08426569455384297,0.02952017010328064,0.04855153723663083,0.03771509751251009,0.07088992423075301,0.033174826718242914,0.04497783917459437,0.5264552187224283|0.5281128255889109|0.7250819491683125,0.7549314650818292|0.2768888087101926|0.679804569806858,0.33068648214823687|0.2742062244247285|0.6744227311501725
71,start|lift|carry_mid,carry_mid,11,0.25,2,2,2,,0.10843293787911534,0.0026929029263556004,0.09363105008378625,0.012075067963451147,,0.09363105008378625,0.7250388103084875,1.0,1.0,True,0.004299753553134514,0.0,0.0,0.0013855561970113099,,0.022272951944191603,0.055322868465104334,0.08033905575210129,0.025016187286996956,0.04858277420065509,0.03816458677540281,0.05881218208359727,0.02064759530819446,0.035331937791041435,0.5273254145420537|0.4983608480089644|0.7319225430145521,0.7541835218697756|0.2577520434231589|0.690294830732218,0.335311244544805|0.2453530121202347|0.6865842249265262
72,start|lift|carry_mid,carry_mid,12,0.25,1,1,1,,0.06013458897359669,0.002619521925225854,0.04594234609976411,0.01154299103654921,,0.04594234609976411,0.6968924186183978,1.0,1.0,True,0.0014311468887448914,0.0,0.0,0.0013473910349832416,,0.022126027055926673,0.055568303809093826,0.078779254570696,0.02321095076160217,0.05229963967481268,0.03799352123234755,0.07144100568376743,0.03344748445141988,0.04653433326568682,0.5309871503574914|0.47890498999559206|0.7348506727792904,0.7541211141832843|0.2417887033792649|0.690437858666963,0.3261591896704218|0.23565235022097913|0.6836849123197783
73,start|lift|carry_mid,carry_mid,13,0.25,4,4,4,,0.199931318173185,0.002502479823306203,0.18552257493138313,0.0118722019251436,,0.18552257493138313,0.6596550810329365,1.0,1.0,True,0.0014503532358644197,0.0,0.0,0.001119152296500529,,0.02180825228569457,0.05525468948402768,0.08236498425697177,0.027110294772944084,0.04499827315466154,0.037862509163204494,0.05959716469068826,0.021734655527483764,0.0358952077766393,0.5339732489069874|0.4588809755763897|0.7368391922855769,0.7508317358536695|0.21099327275742186|0.6965267930947706,0.3325854713355098|0.20995943183984442|0.6935607401555917
74,start|lift|carry_mid,carry_mid,14,0.25,2,2,2,,0.13049741508439183,0.0026088019367307425,0.11547333095222712,0.01237826095893979,,0.11547333095222712,0.6592709972429657,1.0,1.0,True,0.004307812889334878,0.0,0.0,0.0011201511297684217,,0.021829867505926352,0.0552517462021013,0.08007728760202755,0.02482554139992625,0.04654721032506363,0.03773448116883345,0.058119155999246504,0.020384674830413056,0.035046099738088386,0.5371827420026395|0.43975391279779896|0.7371583917781334,0.7498036858360633|0.19471703542934743|0.6965480044031493,0.3326563260335838|0.19221070661434128|0.6973625677908607
75,start|lift|carry_mid,carry_mid,15,0.25,1,1,1,,0.06086957291699946,0.0026491389144212008,0.04629664891399443,0.01189299183897674,,0.04629664891399443,0.6784303366400335,1.0,1.0,True,0.001474676996295457,0.0,0.0,0.0012532462921757608,,0.022011680164314876,0.05504233004156982,0.08093319958476725,0.02589086954319743,0.05049900467879396,0.03780574298591345,0.07102446759969062,0.03321872461377717,0.04894723648838703,0.5392836416490712|0.4229287734339583|0.7379275643563776,0.7513292174917977|0.17710691067741344|0.695941901562279,0.32390644510094097|0.1837237838220796|0.6916503500487402
76,start|lift|carry_mid,carry_mid,16,0.25,1,1,1,,0.06051217205822468,0.0025064880028367043,0.045739236986264586,0.012235989095643163,,0.045739236986264586,0.6743680126213069,1.0,1.0,True,0.0015044614037801746,0.0,0.0,0.0012050046976773377,,0.02190758863189616,0.05502234518738768,0.08149604093812453,0.026473695750736846,0.05025813820467106,0.037929833137146575,0.07101533932836995,0.03308550619122338,0.04884142544742658,0.5395680162120113|0.40372993623465725|0.7366655440695391,0.7497117660873934|0.15635149868218248|0.6957617135130871,0.322452996879839|0.16605450778978018|0.6923802525653733
77,start|lift|carry_mid,carry_mid,17,0.25,2,2,2,,0.11934610293246806,0.0024728470016270876,0.10401679086498916,0.012824787059798837,,0.10401679086498916,0.6547223817575112,1.0,1.0,True,0.0014592735986711375,0.0,0.0,0.0013330784598733546,,0.021625845701581544,0.054896188116882357,0.08239720058805561,0.02750101247117325,0.04568475929177852,0.037866171346140474,0.06756660788395707,0.0297004365378166,0.04537316215892102,0.5363512603563556|0.3832511281404322|0.7351989253762015,0.7466183009208195|0.1311255845563655|0.6994216794062993,0.3243563311085737|0.14815626344318972|0.6943021871555973
78,start|lift|carry_mid,carry_mid,18,0.25,1,1,1,,0.06777933705598116,0.0026203689631074667,0.052316864021122456,0.01280893199145794,,0.052316864021122456,0.6588616081794169,1.0,1.0,True,0.001918643778642093,0.0,0.0,0.0018234182133703358,,0.02161908842429914,0.05424781529848365,0.07988751454456768,0.025639699246084023,0.05112209063946386,0.038394989384729065,0.07198674139416168,0.03359175200943262,0.0500195144794601,0.5393205413125052|0.36711321062693736|0.7342331860732271,0.7449583096126411|0.11508578795969947|0.6948648905370164,0.320424719179998|0.13387315370906494|0.6915774434257458
79,start|lift|carry_mid,carry_mid,19,0.25,2,2,2,,0.12303286301903427,0.0025339769199490547,0.10794841591268778,0.01251246314495802,,0.10794841591268778,0.6630734752083757,1.0,1.0,True,0.0016794665695916665,0.0,0.0,0.0014298697210767292,,0.021700154738463963,0.053541845803466416,0.08047295491951541,0.02693110911604899,0.05149290825164902,0.03885015828802071,0.06766666291956684,0.028816504631546135,0.04603938824734003,0.5387750936600799|0.3498232834425447|0.7339513630983359,0.7447592800796251|0.09268104405836103|0.6946172421839842,0.3221097827021348|0.11538984253006943|0.6936111109950718
80,start|lift|carry_mid,arrive,18,0.25,1,1,1,,0.06596575397998095,0.002637083875015378,0.051486872136592865,0.011807342059910297,,0.051486872136592865,0.7067410339630816,1.0,1.0,True,0.0013156353008080476,0.0,0.0,0.002102977934096491,,0.022174538868905466,0.05281163420317074,0.07744632116693274,0.024634686963762004,0.0548245520026651,0.03909757151750115,0.07104083690734454,0.03194326538984339,0.049478539073558446,0.5387295866153062|0.33347824582145813|0.7332486038376951,0.7424925489478986|0.07609187176631046|0.6891726149121058,0.31999423082007683|0.10159851832965235|0.6873660333625314
81,start|lift|carry_mid,arrive,17,0.25,1,1,1,,0.06477875704877079,0.002528286073356867,0.0507993430364877,0.01142009999603033,,0.0507993430364877,0.7488739152190055,1.0,1.0,True,0.001194311171429402,0.0,0.0,0.002122242016595559,,0.022501783411913476,0.05296259291520634,0.08290708120593045,0.02994448829072411,0.06845164643668739,0.03961493467729736,0.07128759909481844,0.031672664417521076,0.04918992019743715,0.5378649079760303|0.3174420168672152|0.7304100843284542,0.7493177302709825|0.059488242262632246|0.6791639286274652,0.3183696936008827|0.08465263048273962|0.682183931081326
82,start|lift|carry_mid,arrive,16,0.25,2,2,2,,0.1162443261127919,0.002558132167905569,0.10207807808183134,0.011575941927731037,,0.10207807808183134,0.7179009220625504,1.0,1.0,True,0.006653672561676829,0.0,0.0,0.0014726408719052115,,0.022140318185027204,0.05349538631266275,0.07648229553869683,0.02298690922603408,0.05085565046519703,0.03953561794581501,0.06672430307613565,0.02718868513032064,0.04470506301906859,0.5378086037314782|0.2977957543240079|0.7283415810791076,0.7356915253950174|0.03030376459811196|0.6868067229427598,0.31974556080516015|0.06498132834824404|0.6789133737584525
83,start|lift|carry_mid,arrive,15,0.25,1,1,1,,0.06525454996153712,0.0026239301078021526,0.05103069101460278,0.011570599861443043,,0.05103069101460278,0.6969167470135675,1.0,1.0,True,0.001360072406660584,0.0,0.0,0.0017827477527272474,,0.021971482952883422,0.05423468429844837,0.07759554557560888,0.023360861277160513,0.05809871955423737,0.03948351861285519,0.07078304215960336,0.03129952354674817,0.04830778376381933,0.536437511338688|0.28010308752005597|0.7268274178752147,0.7380182152767393|0.01460365585845344|0.6789957820503698,0.315152858357052|0.050109607363517966|0.6718448373725656
84,start|lift|carry_mid,arrive,14,0.25,2,2,2,,0.11428434611298144,0.002499240916222334,0.09969124803319573,0.012061988934874535,,0.09969124803319573,0.6760316964655388,1.0,1.0,True,0.0041444970415594196,0.0,0.0,0.0014095828886625844,,0.021725978974831063,0.05392009683769248,0.07973340925578126,0.025813312418088784,0.061280868491815854,0.03952623391725996,0.058348300587088384,0.01882206666982842,0.037342580881392654,0.5332948383981357|0.25917942566696206|0.7243396631346638,0.7383947074900665|-0.004372828495840229|0.6742447088983476,0.3182397753412215|0.02159780375662927|0.6764375062540361
85,start|lift|carry_mid,arrive,13,0.25,1,1,1,,0.06329633202403784,0.002597235143184662,0.049318647012114525,0.011349688051268458,,0.049318647012114525,0.7072438055192123,1.0,1.0,True,0.0016283120877238766,0.0,0.0,0.002091764622014318,,0.021980903734850826,0.052944634894628216,0.08426016619797623,0.031315531303348014,0.06758081622646378,0.03941355537398549,0.07035050558116761,0.030936950207182116,0.048729485696352694,0.5297912536687457|0.23759761555905354|0.7257389020457927,0.7406152768068371|-0.023178212764491536|0.6679612086641298,0.30912324279860764|0.011313721359367965|0.6673035672027515
86,start|lift|carry_mid,arrive,12,0.25,1,1,1,,0.06337500899098814,0.0024814929347485304,0.04965318110771477,0.011210720054805279,,0.04965318110771477,0.7260377791940003,1.0,1.0,True,0.001844946723466967,0.0,0.0,0.0016844663623730867,,0.02224873431137629,0.052335570968175225,0.08290965715454611,0.030574086186370884,0.06766707964676494,0.03957457891397682,0.07221294043222985,0.032638361518253035,0.04962655755620283,0.5269681924486305|0.21612324995589002|0.7279672676243648,0.7383370927848077|-0.04202433614051179|0.6691589728417932,0.3052423201253765|-0.008918749199727384|0.6642895151556274
87,start|lift|carry_mid,arrive,11,0.25,1,1,1,,0.06366660399362445,0.0025022488553076982,0.04999240697361529,0.011142496019601822,,0.04999240697361529,0.7613114577432686,1.0,1.0,True,0.0010935964307175923,0.0,0.0,0.003345159513429845,,0.022654778318082228,0.05202448067509307,0.08109675266942067,0.029072271994327596,0.06800194354471842,0.0394933665107388,0.07194547417717825,0.03245210766643945,0.049078227731772124,0.5237545193447944|0.19330320395742281|0.7315403080731795,0.7373474418149882|-0.05991809814946839|0.6725792284695362,0.3029097418061951|-0.0315906532385613|0.6639160719375029
88,start|lift|carry_mid,arrive,10,0.25,2,2,2,,0.11396082700230181,0.002533760154619813,0.0995533149689436,0.01184057304635644,,0.0995533149689436,0.76108061510873,1.0,1.0,True,0.007210767435093635,0.0,0.0,0.0014329276416344301,,0.022746072710751145,0.05167485160244185,0.07501885628087943,0.02334400467843758,0.047959064320986344,0.039589975463028844,0.05925070113996147,0.019660725676932625,0.036242044518794064,0.5186656434480711|0.16948144300742524|0.7306254670618322,0.7238707223246035|-0.08776037572826209|0.6842951505882487,0.30849971161361406|-0.06417380711515203|0.6706336209446839
89,start|lift|carry_mid,arrive,9,0.25,2,2,2,,0.11230605095624924,0.0026519030798226595,0.09764588391408324,0.011975364061072469,,0.09764588391408324,0.73980077469705,1.0,1.0,True,0.005726542301789886,0.0,0.0,0.0013408854241979994,,0.022359676131379742,0.051297621187728105,0.07870487682839275,0.027407255640664645,0.05168160340665588,0.0399114196952542,0.05983505415337218,0.019923634458117984,0.03725699136525342,0.5203270455853433|0.1455686543615549|0.7329762573433733,0.7278524078587922|-0.10623455928089474|0.6826767233124402,0.3072579375277489|-0.08553640959851261|0.6746271713579003
90,start|lift|carry_mid,arrive,8,0.25,2,2,2,,0.10716244392096996,0.0026152569334954023,0.09242566605098546,0.012084200978279114,,0.09242566605098546,0.7245624229995926,1.0,1.0,True,0.005661460777668881,0.0,0.0,0.0010988946749269487,,0.022342457764029464,0.05108688241584495,0.08191432376050896,0.03082744134466401,0.04867244144788113,0.03907005146331291,0.05924099156739733,0.02017094010408442,0.03737520630984295,0.5159304673973858|0.12226982587279692|0.7352318742170362,0.7279566477001518|-0.1330716456225825|0.6891861471524473,0.3064818288558756|-0.1107052768329369|0.6769360083981845
91,start|lift|carry_mid,arrive,7,0.25,1,1,1,,0.061055214144289494,0.00266748177818954,0.04668234707787633,0.011671823915094137,,0.04668234707787633,0.702984598308282,1.0,1.0,True,0.0011503535776828527,0.0,0.0,0.0017634804914391314,,0.022035912629189167,0.05120678272609865,0.07940503769137373,0.02819825496527508,0.05198861234821601,0.039043695649939224,0.07053571593207773,0.03149202028213851,0.04693649619089462,0.5099622411946575|0.10303705922806192|0.7353695102595866,0.7277130721180348|-0.14236675556156156|0.6837887394028255,0.30082808519480997|-0.1258453647217126|0.6705700925408585
92,start|lift|carry_mid,arrive,6,0.25,2,2,2,,0.10799632500857115,0.0025392179377377033,0.0935247540473938,0.011899939039722085,,0.0935247540473938,0.6856526879984334,1.0,1.0,True,0.0052040988202153304,0.0,0.0,0.001151471820290281,,0.0218952506083667,0.05176764694933557,0.08057511331891859,0.02880746636958302,0.05249755121331984,0.03899495115191409,0.05827313813520675,0.01927818698329266,0.03495561370011509,0.5057016916556367|0.08074050916062421|0.7337946950877453,0.7284297550893147|-0.16174907090819035|0.686535631095923,0.3085346165003687|-0.16070358659539252|0.6799307827226206
93,start|lift|carry_mid,arrive,5,0.25,1,1,1,,0.08295873203314841,0.002607561182230711,0.06837229803204536,0.011945171048864722,,0.06837229803204536,0.6853437527597012,1.0,1.0,True,0.0013680855828435007,0.0,0.0,0.001995873240095766,,0.021794562536793804,0.05251810766007785,0.07809318051415305,0.025575072854075204,0.05580140756064158,0.03902641846104848,0.0708732709110807,0.03184685245003222,0.04583461885726445,0.5020905301038872|0.06205827019024479|0.7350272846769076,0.7301294356482693|-0.17230650649322649|0.6864185151200618,0.3019034494238143|-0.1773305326624583|0.6756354134305997
94,start|lift|carry_mid,arrive,4,0.25,2,2,2,,0.10970512288622558,0.0026295159477740526,0.09475351008586586,0.012290951097384095,,0.09475351008586586,0.6730662237913634,1.0,1.0,True,0.004866986105051194,0.0,0.0,0.0011406025105233967,,0.0217521898343954,0.05337867936515988,0.07952680052436252,0.02614812115920264,0.05310069857482344,0.03923634126538478,0.058003165856879986,0.01876682459149521,0.034144110399031376,0.5006770933071908|0.04109224110398571|0.7353336154833192,0.731643849899526|-0.19116281679177832|0.6907420147214665,0.3120126396595162|-0.20977691967675205|0.6870838184002
95,start|lift|carry_mid,arrive,3,0.25,1,1,1,,0.06136966194026172,0.0026325490325689316,0.04667260707356036,0.012034301878884435,,0.04667260707356036,0.6778726298425921,1.0,1.0,True,0.0011569731378246947,0.0,0.0,0.0020857879352085395,,0.021728159327449256,0.05324327289408438,0.07768851203454284,0.024445239140458465,0.05452262490671236,0.039320056580962465,0.07079913859995754,0.031479082018995075,0.0456916098105845,0.5000912241230602|0.02181999405686213|0.7356748500195295,0.7330678956825855|-0.20315884303577741|0.6920416336362868,0.305792013276138|-0.22590289511545208|0.6825971060873899
96,start|lift|carry_mid,arrive,2,0.3032653298563167,4,4,4,,0.22662965999916196,0.002477864036336541,0.2110911118797958,0.013024565996602178,,0.2110911118797958,0.66064017635158,1.0,1.0,True,0.0014506497465905967,0.0,0.0,0.0011557656696706397,,0.021566627299075637,0.05264279447243873,0.07998108997543933,0.027338295503000605,0.04823925445458741,0.039595738524436035,0.059975105516071416,0.02037936699163538,0.03524113501353691,0.4988614549703701|0.0006978674125861856|0.7344293300462803,0.7338236800912251|-0.2248373144196027|0.6978807252910589,0.31577503851539246|-0.2562703576718073|0.6901874958468099
97,start|lift|carry_mid,arrive,1,0.4412484512922977,2,2,2,,0.12426319695077837,0.002658762037754059,0.10794536909088492,0.013626559171825647,,0.10794536909088492,0.657836202104935,1.0,1.0,True,0.002011470180366917,0.0,0.0,0.0013738145974261668,,0.021512092286285603,0.05186772513673518,0.0782875813317804,0.02641985619504522,0.05137108617038626,0.039767764578703284,0.060191537247014565,0.02042377266831128,0.03535556609523221,0.4961900978026501|-0.016864624188977786|0.733131866508295,0.7351496803244476|-0.236377962343455|0.6962182153037683,0.31735090383842735|-0.2786105605623241|0.6937899627284373
98,start|lift|carry_mid|arrive,arrive,0,0.5,2,2,2,,0.1259700630325824,0.0026374198496341705,0.11016827705316246,0.013126143952831626,,0.11016827705316246,0.6594945195237838,1.0,1.0,True,0.0018589029127360907,0.0,0.0,0.001415965087270685,,0.02156756381097973,0.05101938130571162,0.07821064025579279,0.02719125895008117,0.05175128061495422,0.040257295241883505,0.06125084994445215,0.020993554702568647,0.03602697744862626,0.49532432182387154|-0.03287214670400109|0.7339715246131074,0.7371515477507294|-0.2525756821286863|0.6975341854247434,0.31913762526240114|-0.2979069235150353|0.6950168275562735
99,start|lift|carry_mid|arrive,arrive,1,0.4412484512922977,4,4,4,,0.22676980402320623,0.002685670042410493,0.2116318359039724,0.012417827965691686,,0.2116318359039724,0.6701693892712149,1.0,1.0,True,0.0018407991935173139,0.0,0.0,0.0014123786659808483,,0.021762752350106704,0.05020037318986627,0.0782596481497618,0.028059274959895533,0.04959528116560875,0.040929933158895,0.061743821557426665,0.02081388839853166,0.036462155679669254,0.4942855956130673|-0.04870904240190072|0.7348954106855657,0.737978078978589|-0.27118282360969054|0.6977179563996047,0.320953213683385|-0.316617933458358|0.6952483161640983
100,start|lift|carry_mid|arrive,arrive,2,0.3032653298563167,2,2,2,,0.11864278209395707,0.0026699870359152555,0.10404210700653493,0.011897505959495902,,0.10404210700653493,0.6767723313610694,1.0,1.0,True,0.002253354713512415,0.0,0.0,0.0014371272097721158,,0.021822187578026148,0.049869754028211734,0.07620582276666556,0.026336068738453823,0.050403669152773216,0.04117591618043275,0.0678876990380531,0.026711782857620346,0.04222718494227845,0.493314226416521|-0.06445356832176517|0.7343492165502736,0.7389700873871111|-0.28515747122762114|0.6953263319327506,0.3183477651607565|-0.33146382017583437|0.6908421916208275
101,start|lift|carry_mid,arrive,3,0.25,2,2,2,,0.11801088298670948,0.0026701700408011675,0.10324096889235079,0.012067518895491958,,0.10324096889235079,0.6727667646761814,1.0,1.0,True,0.0014837015841089457,0.0,0.0,0.0014198899423294086,,0.021779745647263683,0.05012815757372075,0.0771347561251603,0.027006598551439547,0.05052070702109635,0.041063160271135754,0.06799193013625049,0.026928769865114735,0.042775280649956074,0.4945465137487916|-0.08042940188589331|0.7326228885996374,0.7401243875434559|-0.3027670996833606|0.6902186103969976,0.31932279797412033|-0.34893878180742316|0.6892246392768222
102,start|lift|carry_mid,arrive,4,0.25,1,1,1,,0.06454267399385571,0.002636820077896118,0.050144767155870795,0.011730928905308247,,0.050144767155870795,0.6730061987141496,1.0,1.0,True,0.001284808838772928,0.0,0.0,0.0017559477382913765,,0.021847494765007632,0.050887856121957245,0.07623387314719292,0.025346017025235673,0.04990803315363554,0.04023130942507063,0.06906674860160507,0.028835439176534437,0.046798494183576574,0.49658257039892956|-0.09635420597491486|0.7317862615136175,0.7389345462161967|-0.3196974637485307|0.6844441698204748,0.31727504932940787|-0.36817623694761015|0.687636877766351
103,start|lift|carry_mid,arrive,5,0.25,4,4,4,,0.22396893217228353,0.002511625876650214,0.2093346230685711,0.012089421972632408,,0.2093346230685711,0.6693185561907944,1.0,1.0,True,0.001528355194741874,0.0,0.0,0.00141215050692667,,0.021864477140657604,0.052053548970268836,0.0792103020172661,0.027156753046997266,0.046877479783880176,0.0391092353510085,0.05896824813048178,0.01985901277947328,0.03854557506915151,0.5010589158750717|-0.11362514270526405|0.730096092649403,0.7398394581449244|-0.34269996722086116|0.6823502065283434,0.32407825137827084|-0.3916523172072353|0.690108155621793
104,start,arrive,6,0.005554498269121153,1,1,1,,0.06749959010630846,0.0026805209927260876,0.05283634806983173,0.011951772030442953,,0.05283634806983173,0.6840241754982157,1.0,1.0,True,0.0029292782921500338,0.0,0.0,0.0015622652749680023,,0.02201367475364261,0.05296771424189847,0.0760009651346311,0.02303325089273263,0.04838759688310091,0.03796130654290091,0.06790198712962892,0.029940680586728004,0.04799568974359416,0.5051446402220502|-0.12951211535255808|0.7305339947165004,0.7389175962033817|-0.35729207028815957|0.6766858228034972,0.3178741330115604|-0.40033361726553013|0.6833241164781126
105,start,arrive,7,0.0010937455590914425,4,4,4,,0.2572167699690908,0.0025343860033899546,0.24225200689397752,0.012396201957017183,,0.24225200689397752,0.6887616889611382,1.0,1.0,True,0.0016547106137793782,0.0,0.0,0.0013943876885885189,,0.02211296582683987,0.05350023260415402,0.08011088886874172,0.026610656264587702,0.043516767445356916,0.03711203527518356,0.06774428964061463,0.030632254365431072,0.046180789329167554,0.5096379364298171|-0.14720217523594575|0.7301285433733186,0.7402036798631346|-0.38627151225831385|0.6789697774649671,0.3198985460163597|-0.41140036108069755|0.679409304399766
106,start,arrive,8,0.00016773131395125593,1,1,1,,0.06617259792983532,0.002576923929154873,0.051713744178414345,0.01184805715456605,,0.051713744178414345,0.706160235619917,1.0,1.0,True,0.0019875116453516167,0.0,0.0,0.0012480220625232573,,0.022295927378785867,0.05412634430526514,0.07876477203038912,0.02463842772512398,0.045298818202491264,0.03634802915806794,0.07056467121667682,0.03421664205860889,0.047619093041285025,0.5150246858402622|-0.16423599324095167|0.731589141070098,0.7410738109698469|-0.40510552647411185|0.6755621338045301,0.3185370531179318|-0.4196777355277659|0.6770717244036952
107,start,arrive,9,2.0032648696475534e-05,2,2,2,,0.11870387988165021,0.00254865107126534,0.104122384916991,0.012000494170933962,,0.104122384916991,0.7182180824916727,1.0,1.0,True,0.0014338674995262313,0.0,0.0,0.0014325006909792013,,0.022324853519670698,0.05482173867011342,0.08230413027066352,0.027482391600550105,0.04428598016095297,0.03560123242083103,0.07161156063530424,0.03601032821447321,0.04800768173945597,0.5193318836358211|-0.18408808075888514|0.7313506490066229,0.7419921421695215|-0.4334893935244442|0.6781717930088937,0.3173756203216176|-0.4286097868882637|0.6759911793109955
108,start,arrive,10,1.8633265860393355e-06,2,2,2,,0.11753819393925369,0.0026468830183148384,0.10316323698498309,0.011697508161887527,,0.10316323698498309,0.7231746173525666,1.0,1.0,True,0.0014132349606165648,0.0,0.0,0.0014241527082972385,,0.0222135642096774,0.0552368818839593,0.08104577229228119,0.025808890408321884,0.04336529684329626,0.03496290298900075,0.07165756025909813,0.036694657270097374,0.04803968153247675,0.5264480229576751|-0.20328253789881395|0.732287767051989,0.7395338728203963|-0.45619126205967625|0.6802774615435127,0.3158930407309696|-0.4378505055288834|0.6758521901586094
109,start,arrive,11,1.349789251681507e-07,2,2,2,,0.11635893885977566,0.0026406971737742424,0.1016636579297483,0.0120202770922333,,0.1016636579297483,0.7577119351432824,1.0,1.0,True,0.0029047814565458935,0.0,0.0,0.0014176396198698113,,0.022506545221999682,0.056012868311818176,0.08080221927997834,0.024789350968160165,0.04204854947721066,0.03483913335289958,0.07120523617201224,0.036366102819112664,0.047351531134571585,0.5327071663766195|-0.21965091093322536|0.731890108491488,0.7351424599854086|-0.481261167892728|0.6815889125117758,0.31348926700267643|-0.4462124835297707|0.6764650699863393
110,start,place,11,2.699578503363014e-07,2,2,2,,0.11240409896709025,0.0026254160329699516,0.09795020311139524,0.011797387851402164,,0.09795020311139524,0.7065826245978514,1.0,1.0,True,0.0018563870971054774,0.0,0.0,0.001209432796025824,,0.021935936902116846,0.05608804471666944,0.07930428960745015,0.023216244890780703,0.043836142267903874,0.03515241213300122,0.0693639331141087,0.034211520981107475,0.044865028342047475,0.5336510597716755|-0.2391050149106958|0.7339877898946887,0.7312882613249839|-0.5033005677298762|0.6847473776755779,0.30853957528489456|-0.4590235061595037|0.6782822306351604
111,start,place,10,3.726653172078671e-06,4,4,4,,0.20324693503789604,0.002632433781400323,0.1886488818563521,0.011933687841519713,,0.1886488818563521,0.6829812164597318,1.0,1.0,True,0.001435672654618806,0.0,0.0,0.0011845650172258855,,0.02182725662428227,0.05577113393807282,0.07986279479421418,0.02409166085614136,0.04259962400725383,0.03572954787296409,0.06862558312754916,0.032896035254585065,0.044781549853494765,0.5403437155913191|-0.25494292176306427|0.735511509972431,0.7254050142923024|-0.5277613845619729|0.6850672961320495,0.3050918452178795|-0.4670514468277647|0.6798994502180319
112,start,place,9,4.006529739295107e-05,1,1,1,,0.06008081301115453,0.002625074004754424,0.04577394388616085,0.01165242213755846,,0.04577394388616085,0.6916183020835709,1.0,1.0,True,0.005677445220379024,0.0,0.0,0.00206744492755161,,0.0220143027589507,0.055248476280676646,0.07972412376307518,0.024475647482398534,0.04442083025100368,0.03602896960882871,0.07265874588669871,0.03662977627787,0.04856718029852017,0.5455525384676069|-0.2681874057650351|0.7347681167301513,0.7197190957367444|-0.5486709726501539|0.6830458097246237,0.2982321143000295|-0.47177942500534764|0.6783275896082287
113,start,place,8,0.00033546262790251185,2,2,2,,0.10778665286488831,0.0025231020990759134,0.09311267221346498,0.01211578887887299,,0.09311267221346498,0.6804648585793159,1.0,1.0,True,0.0014095126809812765,0.0,0.0,0.001206778326544306,,0.021889454127145266,0.05566647986554079,0.07809510135681427,0.022428621491273483,0.03872639143913065,0.03583825587427293,0.06796507450156494,0.03212681862729201,0.0454133749434377,0.547822824154276|-0.28379363554411774|0.734751823460396,0.7098552921210671|-0.5795960748020768|0.6874325463032286,0.29590662407593177|-0.4809211101658585|0.68224614858528
114,start,place,7,0.002187491118182885,1,1,1,,0.06157800601795316,0.002678919117897749,0.04686772800050676,0.012001662980765104,,0.04686772800050676,0.6790037808614616,1.0,1.0,True,0.004407244791473183,0.0,0.0,0.001946037212168998,,0.0218680480388658,0.0558757900289848,0.0794940650126857,0.0236182749837009,0.03864473999042764,0.035844354745566666,0.06879626915748742,0.03295191441192075,0.04963980495974298,0.5508029404038949|-0.29833805808125374|0.7353236723354349,0.7027989167165798|-0.5980460930549507|0.6899875410275268,0.2902550199553158|-0.4867007314876351|0.6835630794406776
115,start,place,6,0.011108996538242306,1,1,1,,0.06402998510748148,0.0025181849487125874,0.04955137684009969,0.011929620988667011,,0.04955137684009969,0.6704117237229308,1.0,1.0,True,0.004695075081173242,0.0,0.0,0.002401218348423468,,0.02169184116158503,0.05593824760482853,0.08117335994421176,0.025235112339383234,0.0386859741910131,0.03589319932958406,0.06878786853393846,0.0328946692043544,0.05064252767189541,0.5516661888283746|-0.31393157507144326|0.7358253613753329,0.696071459977616|-0.616477350146807|0.6899703169847516,0.2849613515222858|-0.49218464854061644|0.6861991588691901
116,start,place,5,0.04393693362340742,2,2,2,,0.11794599099084735,0.0024948599748313427,0.10238959779962897,0.013029625872150064,,0.10238959779962897,0.6576093879226058,1.0,1.0,True,0.0014006093967008602,0.0,0.0,0.0012379221805631207,,0.021461183225673582,0.056955765568527744,0.0785662619011151,0.021610496332587353,0.037417987495187724,0.03528753059383781,0.06718334213572845,0.03189581154189064,0.04907993402215569,0.5530467471131745|-0.3299632268328799|0.73656940130536,0.6869843931468705|-0.6381294919814268|0.6937383638497788,0.2827056040748046|-0.4980165613214847|0.6850293622868672
117,start,place,4,0.1353352832366127,1,1,1,,0.0678904999513179,0.002658313838765025,0.05265041394159198,0.012552161002531648,,0.05265041394159198,0.6453701845223649,1.0,1.0,True,0.0069300389990064465,0.0,0.0,0.0025891572907808364,,0.02131320445474101,0.0570566810003831,0.07872404940993342,0.021667368409550324,0.03737711301753312,0.03500568239384986,0.06839691430365331,0.033391231909803455,0.05189492203530058,0.5555956584459898|-0.34345056617504277|0.7387897811587167,0.6780430907941136|-0.6521701068774791|0.6931597276974714,0.2773959828977867|-0.5025864937103809|0.6840683702967155
118,start,place,3,0.32465246735834974,1,1,1,,0.06790961301885545,0.0025323450099676847,0.05327547201886773,0.01207201019860804,,0.05327547201886773,0.6605570995884824,1.0,1.0,False,0.006550372111437525,0.0,0.0,0.002407030666037831,,0.021587435537453802,0.05576177716425725,0.08121771074918425,0.025455933584927003,0.04061763479930025,0.03483489255930243,0.06698640869867159,0.03215151613936916,0.05258028605645804,0.5546150683111343|-0.3554394141320576|0.7407471786896452,0.6720416772087907|-0.6660640403871994|0.6908538369662549,0.27171685021405295|-0.5109614173348263|0.6824650617032557
119,start,place,2,0.6065306597126334,1,1,1,,0.06580652296543121,0.002490655053406954,0.05163615313358605,0.011650561820715666,,0.05163615313358605,0.6650783456333391,1.0,1.0,False,0.006482823992232795,0.0,0.0,0.002366200709040311,,0.02166806232926094,0.05475018218066663,0.08114615679003936,0.026395974609372735,0.04150442672216652,0.03552033205987898,0.06517389898668391,0.02965356692680493,0.05049723046125616,0.5535176121268403|-0.36755803815681665|0.7404861521158361,0.6646559719155112|-0.6816228883255405|0.688836384751066,0.26755184770046064|-0.5193862397287471|0.6777440180714484
120,start,place,1,0.8824969025845955,2,2,2,,0.14391485997475684,0.002470343140885234,0.12833425612188876,0.013078768039122224,,0.12833425612188876,0.6489065773457839,1.0,1.0,False,0.0019140818514448987,0.0,0.0,0.0014373550414631222,,0.021499990689740515,0.0535846723992566,0.07732919442220862,0.02374452202295202,0.03969464188834707,0.036018969630686425,0.05363088368911823,0.017611914058431807,0.039036590237453,0.5530172671072023|-0.3800099755391929|0.7387716270900412,0.6549226330031209|-0.6998780985527105|0.6839483645278966,0.26496648908760956|-0.5388771736475788|0.6786101970311382
121,start|place,place,0,1.0,10,10,10,,0.5501263111364096,0.004483124939724803,0.533104585018009,0.012504992075264454,,0.533104585018009,0.6430848280882969,1.0,1.0,False,0.0015914661159381338,0.0,0.0,0.0014132841069185913,,0.0214714763259044,0.05216890439881354,0.07768067112923,0.025511766730416455,0.04068227769185748,0.03670326799095206,0.05594949545187762,0.01924622746092556,0.04068755667821595,0.5512133122946443|-0.3898741307584733|0.7374612721494679,0.6485434844226883|-0.7114344006008628|0.6791508564945585,0.25843954158203086|-0.5455957388121152|0.6695714880766569
122,place,place,1,0.8824969025845955,4,4,4,,0.24788151402026415,0.0045058089308440685,0.2312666152138263,0.012077410938218236,,0.2312666152138263,0.6602540916737701,1.0,1.0,False,0.0015875446579954287,0.0,0.0,0.0014140897784497106,,0.02177847589146471,0.05039925341482985,0.07709806899268422,0.02669881557785437,0.04185304146026396,0.03737979340805761,0.05687536297484946,0.019495569566791847,0.04086773749779671,0.5489723526447006|-0.39932342967875073|0.7380036918801613,0.6423855697668369|-0.7232157693396726|0.6732012613473108,0.25243264760958917|-0.5543595671157688|0.6616345931022867
123,place,place,2,0.6065306597126334,1,1,1,,0.07208460103720427,0.0039021531119942665,0.05552782793529332,0.012623973889276385,,0.05552782793529332,0.6787590535700649,1.0,1.0,False,0.004590090651377596,0.0,0.0,0.0015152643995074992,,0.022049332235967334,0.048590236256571745,0.0777186860668755,0.029128449810303755,0.04356045423972894,0.03783253773622625,0.055719578084521035,0.017887040348294782,0.03962676631087548,0.5471522765858775|-0.410047125090959|0.7371878053404182,0.6382921622707518|-0.7340572735837266|0.6671536691348829,0.24812905347736403|-0.5658951314465126|0.6541229298290608
124,place,place,3,0.32465246735834974,2,2,2,,0.12924959301017225,0.002528707031160593,0.11443120008334517,0.012260272866114974,,0.11443120008334517,0.6998433579480036,1.0,1.0,False,0.0018382709726417826,0.0,0.0,0.0014245731146628573,,0.022218214906579138,0.046601115321645445,0.07694573491031274,0.0303446195886673,0.044510522097160256,0.0381141854321234,0.057714217003486466,0.019600031571363065,0.04096572064205624,0.5426414378962245|-0.42123302516951|0.7334139356366397,0.6339498190520098|-0.7468216171633313|0.6613937403278162,0.2418726539915625|-0.5769229314864767|0.6427271198541681
125,place,place,4,0.25,2,2,2,,0.12669459101743996,0.00365311186760664,0.11071388307027519,0.012297400971874595,,0.11071388307027519,0.712013113501378,1.0,1.0,False,0.0017914037009113086,0.0,0.0,0.0014297575752681775,,0.022240733125581752,0.044502139896591894,0.0795695661133458,0.035067426216753905,0.047056437953449284,0.03819874678334629,0.05806097131377874,0.019862224530432453,0.0409723909531056,0.5363597344828522|-0.4315143521809578|0.7313914541304033,0.6322229742938235|-0.7538974691998378|0.6551564744361071,0.23848114261720646|-0.5880670351829316|0.6332961570436493
126,place,place,5,0.25,1,1,1,,0.07139172498136759,0.0037786620669066906,0.05499909701757133,0.01258318405598402,,0.05499909701757133,0.7266222779427219,1.0,1.0,False,0.003514463101503204,0.0,0.0,0.0022891354100326024,,0.022315889889051668,0.043265443969175484,0.08177132668004793,0.03850588271087244,0.049769740676243596,0.03873991025243634,0.05684645866841441,0.01810654841597807,0.03836127488600003,0.5274091284053971|-0.4381481382772462|0.7285295111907626,0.6302517536803383|-0.7615112473051374|0.6476896224526772,0.23683944454676395|-0.6000047588027781|0.6270869405669651
127,,place,6,0.011108996538242306,1,1,1,,0.0922981440089643,0.002570512006059289,0.07651457306928933,0.013183155795559287,,0.07651457306928933,0.6874978404650514,1.0,1.0,False,0.0023484657612306975,0.0,0.0,0.0010091302726015906,,0.021763863975348914,0.04252775919215564,0.08320550420871028,0.04067774501655465,0.05313003783821179,0.03946046908564276,0.057408856665348826,0.017948387579706064,0.038354507231528855,0.5241656209219834|-0.4494255096731399|0.7246526823699279,0.6300930395127269|-0.7774139382595687|0.6449458320222728,0.23456484103726008|-0.6106776753682118|0.6200475222266475
128,,place,7,0.002187491118182885,4,4,4,,0.23287806194275618,0.0029774790164083242,0.2174940388649702,0.01237509399652481,,0.2174940388649702,0.6748769844303116,1.0,1.0,False,0.001886594120422861,0.0,0.0,0.0012662722325496388,,0.021437587554261634,0.04177182841045491,0.08193295723439142,0.040161128823936514,0.05344994586961341,0.03929337046680483,0.05767377807730288,0.01838040761049805,0.03680558537761174,0.5205351818535621|-0.45242461608072315|0.7187343036190863,0.6268872768262804|-0.7923637891076001|0.6385368648608507,0.2306957705889573|-0.6233361572636625|0.6094776916928473
129,,place,8,0.00033546262790251185,2,2,2,,0.11813987791538239,0.0026326479855924845,0.10320962592959404,0.012266612146049738,,0.10320962592959404,0.6657404692708587,1.0,1.0,False,0.0018395355596804615,0.0,0.0,0.001416656246936729,,0.021453656870017615,0.041129601799476265,0.08266458038848906,0.0415349785890128,0.05469415540030849,0.0391301753395377,0.05611797012614168,0.016987794786603977,0.03435712859255824,0.5211160892791619|-0.45905560811337554|0.7175307354269076,0.6243404800085746|-0.8040252392415543|0.6322462897545612,0.22806009961691576|-0.6365824297431333|0.599408481503351
130,,place,9,4.006529739295107e-05,2,2,2,,0.1193587661255151,0.0026399209164083004,0.10468138800933957,0.012006911914795637,,0.10468138800933957,0.6619243769269839,1.0,1.0,False,0.0018013344544702409,0.0,0.0,0.001419411411712586,,0.02143447434651117,0.04000050704978831,0.08319357804807169,0.04319307099828338,0.05599245050418514,0.03899501941497049,0.056368144993197644,0.017373125578227157,0.0348633366539557,0.5197955428141678|-0.46386448184705503|0.7171931113730917,0.6212866566058194|-0.8140877072717035|0.6260707316799831,0.22492576053876404|-0.6463417952866942|0.5895993337120864
131,,place,10,3.726653172078671e-06,2,2,2,,0.11963600479066372,0.0025835291016846895,0.10484837903641164,0.012174775125458837,,0.10484837903641164,0.6516013119813764,1.0,1.0,False,0.001746750245272391,0.0,0.0,0.001351147612349107,,0.021357564289974193,0.03896155319826337,0.0836358042721447,0.04467425107388134,0.056684801841271004,0.037822671556629286,0.056254205034176115,0.01843153347754683,0.035471412389389965,0.5198084915300946|-0.46890452715154013|0.718548387929229,0.6179216502697344|-0.8249702004853454|0.618032939630936,0.22187175597681744|-0.6548110743969321|0.578803259573255
132,,place,11,2.699578503363014e-07,1,1,1,,0.06660063611343503,0.002632246818393469,0.051744804019108415,0.012197426985949278,,0.051744804019108415,0.6444287932704951,1.0,1.0,False,0.0071794928915080575,0.0,0.0,0.000732877918694556,,0.02130066750143082,0.037777260080334885,0.0824287009327704,0.04465144085243551,0.056048761834887904,0.0369565349353064,0.05450643368988286,0.017549898754576458,0.03450902073831377,0.5215922958142587|-0.4739137788502246|0.7192389944012452,0.6122972381842325|-0.8313556328290346|0.6054903689197644,0.21957115987591957|-0.664511297406303|0.5650660658889488
133,,place,12,1.522997974471263e-08,1,1,1,,0.0667562938760966,0.0024534750264137983,0.0519945181440562,0.012282086070626974,,0.0519945181440562,0.641500602627094,1.0,1.0,False,0.0056886811317613944,0.0,0.0,0.0011380924672888778,,0.021242063608892223,0.03688969202023942,0.08329068047603673,0.04640098845579731,0.05718413936139073,0.03739512761863865,0.054365562559471795,0.016970434940833147,0.0337337775364435,0.5226298388538118|-0.4783696036711602|0.7202568791377161,0.609047048714076|-0.8457907056261619|0.5961031432743384,0.21659604132004018|-0.6716103005603198|0.5517462207999358
134,,place,13,6.691586091292782e-10,2,2,2,,0.12037559784948826,0.0024821979459375143,0.10554313496686518,0.012321849819272757,,0.10554313496686518,0.6421352895009235,1.0,1.0,False,0.0015944123276013522,0.0,0.0,0.0013760716905977708,,0.02111578790893377,0.03636324980399681,0.08042531387288863,0.04406206406889183,0.055525204516878715,0.03783063549552053,0.05573270261617236,0.01790206712065183,0.03458757495786588,0.5254950494652116|-0.4822091140950451|0.719404885884441,0.6017675275396792|-0.8630798159434863|0.5821431618557739,0.212135379514262|-0.6766360808552222|0.5394171917196916
135,,place,14,2.289734845645553e-11,1,1,1,,0.06644085398875177,0.002633392810821533,0.05106549011543393,0.012714596930891275,,0.05106549011543393,0.627184434245714,1.0,1.0,False,0.0074854217901662995,0.0,0.0,0.0007870201708388702,,0.021148231613411214,0.03716821007807109,0.07798373449534578,0.040815524417274686,0.05244595092571261,0.03738867590478526,0.05413069769860688,0.016742021793821622,0.03307257391281178,0.5273066800328232|-0.4840583191985817|0.7171542550494496,0.5922608104815751|-0.8719822468490476|0.5638904469367249,0.21014312227800971|-0.6814619914583872|0.5220452897837204
136,,place,15,6.101936677605324e-13,2,2,2,,0.1274203839711845,0.0024546468630433083,0.11203698418103158,0.01289751986041665,,0.11203698418103158,0.616581341855148,1.0,1.0,False,0.0014619665126634068,0.0,0.0,0.0014123473840962138,,0.021094918087513057,0.03780495403265198,0.07973237799354543,0.041927423960893453,0.052789736966098934,0.0368517681028159,0.056036096961417266,0.019184328858601364,0.03478544207350767,0.5309071078750487|-0.48914183289682345|0.7146507304779863,0.5874429783150393|-0.8888793432666167|0.5429195336275443,0.20486036253771986|-0.6847192312077846|0.5046256999854408
137,,place,16,1.2664165549094176e-14,1,1,1,,0.07014732994139194,0.0026434650644659996,0.05447551794350147,0.013000275008380413,,0.05447551794350147,0.6158815459852846,1.0,1.0,False,0.008383109254240434,0.0,0.0,0.0013309108266892603,,0.021147423279573817,0.03760201398436941,0.07816417788130403,0.04056216389693462,0.05004613610829365,0.035277974634717206,0.05475292081976225,0.01947494618504504,0.03498507991505424,0.535102399149214|-0.495001519448964|0.7129155195719796,0.5770029431178327|-0.8974277605746366|0.5230042227459192,0.20302837074750146|-0.6882472048444973|0.4854506545607659
138,,place,17,2.0469717131642043e-16,4,4,4,,0.23953844490461051,0.002491359133273363,0.22378797200508416,0.013227045070379972,,0.22378797200508416,0.6135945672395497,1.0,1.0,False,0.001475741594602082,0.0,0.0,0.0014109238422842583,,0.02108292229067686,0.03719016018660909,0.08018613581896004,0.042995975632350955,0.05095532286920748,0.03349995747610454,0.056712040614293836,0.023212083138189295,0.037930607086625066,0.5384855850956898|-0.5003106951548223|0.7079018440719174,0.5721349432261137|-0.9131131367554935|0.4955197188908173,0.1984770712235529|-0.6908559818205757|0.46360488535082245
139,,place,18,2.576757109154981e-18,2,2,2,,0.15063918195664883,0.0026725600473582745,0.13445915491320193,0.013472541933879256,,0.13445915491320193,0.609192469795165,1.0,1.0,False,0.001449653695964951,0.0,0.0,0.0014124065984296148,,0.021024108117226648,0.037038735688581556,0.08022866882005772,0.04318993313147616,0.05220277484191766,0.032157867581038,0.05715602191598191,0.024998154334943908,0.039636903911022106,0.5425087966998203|-0.5075874563854126|0.7044371734051474,0.5668763590632715|-0.9219325668765461|0.46931079706560697,0.195699169209151|-0.6938864856242469|0.4409600981868615
140,,place,19,2.5261637809256925e-20,2,2,2,,0.1265210930723697,0.0026561981067061424,0.11070626694709063,0.013129147002473474,,0.11070626694709063,0.6155153737893031,1.0,1.0,False,0.0015173563248644245,0.0,0.0,0.0014122171435263667,,0.02106776356011161,0.03578640923127751,0.07894364584251107,0.04315723661123356,0.05263116645116975,0.0300754923830141,0.058958265748580777,0.028882773365566678,0.04153091584777936,0.5451318032140027|-0.5134114533661805|0.6982183656907872,0.5605815167481003|-0.9302118455035608|0.44125182810076646,0.19016026989549067|-0.7001040856347567|0.41812807926499823
141,,release,19,2.5261637809256925e-20,1,1,1,,0.06979888002388179,0.0026491039898246527,0.054012268083170056,0.01311054197140038,,0.054012268083170056,0.6331240731071802,1.0,1.0,False,0.007232414433085532,0.0,0.0,0.001362081302596447,,0.021250868207060403,0.03574854234825055,0.07312566083420516,0.03737711848595461,0.053304936416565474,0.029128209657845315,0.05567335104139307,0.026545141383547757,0.039720779280914005,0.5498024896040773|-0.5194038693934601|0.6910409925803376,0.55308093042446|-0.9351729087596473|0.4173936029272751,0.19181247392008433|-0.7058901763729828|0.3927417964896255
142,,release,18,2.576757109154981e-18,2,2,2,,0.129742271034047,0.002480944851413369,0.11388604203239083,0.013344451086595654,,0.11388604203239083,0.6515557946783441,1.0,1.0,False,0.0014589129171060297,0.0,0.0,0.001414253299397713,,0.021303543530679352,0.03462375263846536,0.07447772243427592,0.03985396979581056,0.05318727572505691,0.028020788934438465,0.06036607033560362,0.03234528140116516,0.044474468677533956,0.5520362578961766|-0.5262008108277753|0.6828002737739373,0.548754025467446|-0.9509178595090493|0.38575638731972717,0.18807164915136754|-0.7064693440038262|0.36447573140943745
143,,release,17,2.0469717131642043e-16,4,4,4,,0.24623400112614036,0.0026530949398875237,0.2303423450794071,0.013208871940150857,,0.2303423450794071,0.6624550931013059,1.0,1.0,False,0.001450691683935884,0.0,0.0,0.001412642944998151,,0.021341959557085455,0.03369328420338895,0.07424611730569015,0.040552833102301206,0.05586272743634947,0.026296471248980664,0.060069517227169085,0.03377304597818842,0.045077591960082125,0.5537395578487013|-0.5319993981882192|0.6731594796869104,0.5463161970551025|-0.9586099961661142|0.35528952259224295,0.1887441952539766|-0.7099624283271964|0.33576303422306614
144,,release,16,1.2664165549094176e-14,1,1,1,,0.0724726018961519,0.0025723190046846867,0.05673986510373652,0.013128487160429358,,0.05673986510373652,0.7116823148116166,1.0,1.0,False,0.013954829561967266,0.0,0.0,0.001439500597649347,,0.021626289776147105,0.033285469857844606,0.07519015748880109,0.041904687630956484,0.067271814398745,0.025350095900338942,0.05905514556552512,0.033705049665186185,0.04494028015457013,0.5584541287307501|-0.5375039036973513|0.6629887647902811,0.5493310971581022|-0.962151124998394|0.33665301801692815,0.19057422732916926|-0.7150259554104148|0.31074609994294594
145,,release,15,6.101936677605324e-13,2,2,2,,0.1292079749982804,0.0024724581744521856,0.11333531094714999,0.013369909953325987,,0.11333531094714999,0.7102061396933997,1.0,1.0,False,0.009202380854046815,0.0,0.0,0.001405337223250476,,0.02156942621008345,0.032705732092806486,0.06946563359244061,0.03675990149963412,0.05700238933429846,0.024063446130862132,0.06135250327198358,0.03728905714112145,0.04750361099449644,0.560335974600217|-0.543643639934291|0.6495658086289875,0.5392531212495331|-0.9721315144894239|0.30262419396711876,0.18880070534981272|-0.7161038715705702|0.28259966937060155
146,,release,14,2.289734845645553e-11,1,1,1,,0.07178659387864172,0.002614443888887763,0.05605346104130149,0.013089128071442246,,0.05605346104130149,0.7629501986848883,1.0,1.0,False,0.013155875873791037,0.0,0.0,0.0014688522158110753,,0.022102657295574882,0.03168998651567943,0.0738761593871321,0.04218617287145267,0.0678050558360643,0.02323291434889417,0.05878224281607262,0.03554932846717845,0.04465985169335789,0.5601849751380452|-0.5446688662257815|0.6366229599349146,0.5438782134186682|-0.9770600715526974|0.2861058529573749,0.19091292350838468|-0.7211117215471939|0.2565190041811354
147,,release,13,6.691586091292782e-10,4,4,4,,0.24458033707924187,0.002467602025717497,0.22877052798867226,0.013313388917595148,,0.22877052798867226,0.7938911601085755,1.0,1.0,False,0.0014943993817682737,0.0,0.0,0.0013800654266060675,,0.022305934680799624,0.030619936521373375,0.07270310583585549,0.04208316931448211,0.06349670224482272,0.02300405103576325,0.06210159436201872,0.039097543326255466,0.04697535981145588,0.5578699336179445|-0.5493853248235034|0.6233958155697316,0.5371895001251671|-0.9891242618863706|0.25646413232178467,0.18873429679486425|-0.7200079618953119|0.23161288847730283
148,,release,12,1.522997974471263e-08,2,2,2,,0.13300229609012604,0.002633841009810567,0.11693218187429011,0.013403364922851324,,0.11693218187429011,0.8040474250423514,1.0,1.0,False,0.002044529297629341,0.0,0.0,0.0013841499563067901,,0.022451309941860856,0.030423132318076654,0.07052019981388719,0.04009706749581053,0.06292899023966327,0.022649022153710126,0.06286865546375717,0.04021963331004704,0.04705999619701484,0.5597538562994875|-0.5549610229798669|0.6116743862139514,0.5330962272386882|-0.9909497200047416|0.23564509245940315,0.18887176663863064|-0.7207057355277838|0.21078697370224372
149,,release,11,2.699578503363014e-07,2,2,2,,0.16161840688437223,0.0025969131384044886,0.1450967991258949,0.013894862961024046,,0.1450967991258949,0.8131289011569437,1.0,1.0,False,0.00216126417927473,0.0,0.0,0.0013878521387816942,,0.02252218825104299,0.029357986456967522,0.07058878765444125,0.04123080119747373,0.0636167933719094,0.022605804200706885,0.06151537392620002,0.03890956972549313,0.048748910684727545,0.5605864664792525|-0.5598802459384498|0.5999827726928149,0.5301748694791987|-0.9942745549336718|0.2160136672907429,0.18791784044644888|-0.7225451298696188|0.19142343229370165
150,,release,10,3.726653172078671e-06,2,2,2,,0.14284585206769407,0.0025741190183907747,0.12680539209395647,0.013436740031465888,,0.12680539209395647,0.8243580574707823,1.0,1.0,False,0.0014483457217276605,0.0,0.0,0.0013949423863932652,,0.02281083562537477,0.028421487278345592,0.07164613865694117,0.043224651378595574,0.058808251612490176,0.022795398613914934,0.059871752388125636,0.0370763537742107,0.0487040398790897,0.564902478468142|-0.5654458611904958|0.5873958416892584,0.5249603023742148|-1.0000689875031128|0.19426726005259964,0.18899646881076224|-0.7209871947691634|0.17616982150331795
151,,release,9,4.006529739295107e-05,1,1,1,,0.08117216685786843,0.002635074080899358,0.06462745298631489,0.013869318878278136,,0.06462745298631489,0.8254808392846639,1.0,1.0,False,0.005070274641957487,0.0,0.0,0.0014459467811700909,,0.022821735681979705,0.027491255393820906,0.06917359624676479,0.04168234085294389,0.058790540114604675,0.024166264173624576,0.055851360918468554,0.031685096744843974,0.04558676933876637,0.5646953249010354|-0.5672729972156457|0.5790149990049654,0.5200083192865429|-1.0015160298684997|0.18366628060448695,0.19029323459954672|-0.7215495645686671|0.1663069477941999
152,,release,8,0.00033546262790251185,1,1,1,,0.08266940712928772,0.002598273102194071,0.06596823781728745,0.014074253151193261,,0.06596823781728745,0.8334252156350374,1.0,1.0,False,0.005021035157596984,0.0,0.0,0.0015271665125544988,,0.022937832504505408,0.02702965980338548,0.06851200578749223,0.041482345984106744,0.056852034112924284,0.023788094968484014,0.05551377092609964,0.03172567595761562,0.04601149373840603,0.5646065898242842|-0.5681946104198496|0.5693419178704634,0.5153684440147355|-1.0043020078042297|0.1712153013335618,0.18952498816637767|-0.7195298228891934|0.15542771565175106
153,,release,7,0.002187491118182885,1,1,1,,0.08396980701945722,0.002635047072544694,0.06706987484358251,0.01423343294300139,,0.06706987484358251,0.8373732732659813,1.0,1.0,False,0.005247889874163428,0.0,0.0,0.0014657240437053137,,0.02303281443389605,0.02688294377487423,0.06710129766076799,0.04021835388589376,0.052846364009235494,0.023580982661257258,0.055765853505093,0.03218487084383574,0.04657572961457229,0.5643320814224262|-0.5701159558161555|0.5613422932768306,0.5101326804092176|-1.0054828286754909|0.15785601819616546,0.1882047802056529|-0.7172520675131655|0.14677388253568474
154,,release,6,0.011108996538242306,1,1,1,,0.08459772891364992,0.002635787008330226,0.06774298497475684,0.014189379988238215,,0.06774298497475684,0.8309460864493429,1.0,1.0,False,0.004680420372120908,0.0,0.0,0.001435344439319371,,0.022997582159770755,0.027578374618385686,0.06732119631379495,0.03974282169540926,0.05132933938027583,0.023521168087791845,0.055958515693956004,0.03243734760616416,0.04722066109106884,0.564282843419397|-0.5728057525269455|0.555174929317038,0.5079736827832346|-1.0055992775780402|0.1473186660592781,0.18671240226807354|-0.7151183815786887|0.1400881356075202
155,,release,5,0.04393693362340742,2,2,2,,0.15233567589893937,0.002654641168192029,0.13540254603140056,0.014248803025111556,,0.13540254603140056,0.822952362068272,1.0,1.0,False,0.001450426929085872,0.0,0.0,0.0014098816649983838,,0.022823856991746775,0.028482638957139813,0.06567037025429498,0.03718773129715516,0.04859310933775221,0.02312318671560958,0.058087610104493655,0.03496442338888407,0.049403679147062264,0.5631964982341445|-0.5711122540930507|0.5510859176487085,0.5036806055756373|-1.0075742527882179|0.14092461876016932,0.1839797636819105|-0.7117899559238713|0.13757810714360058
156,,release,4,0.1353352832366127,2,2,2,,0.15165611286647618,0.00257851486094296,0.13461806415580213,0.014430976007133722,,0.13461806415580213,0.8187241256583448,1.0,1.0,False,0.0014506481676376491,0.0,0.0,0.0013978812418749917,,0.022713155910818073,0.029430555194348028,0.06360796451346079,0.03417740931911276,0.049076954574593316,0.022366269712316186,0.059591871963465104,0.03722560225114892,0.052436547834518475,0.564149628694141|-0.5725063398764791|0.5492806622952155,0.5024611067435921|-1.00580111209559|0.13827185867763434,0.1820503763149841|-0.7098566207025003|0.13762209740047868
157,,release,3,0.32465246735834974,1,1,1,,0.10611246316693723,0.002617246937006712,0.08898368198424578,0.014480995945632458,,0.08898368198424578,0.8151240875296967,1.0,1.0,False,0.0017815154382219422,0.0,0.0,0.0013660331553862494,,0.02264555664241447,0.029674758276009964,0.0606425151590792,0.03096775688306924,0.04656118574814731,0.022004248975370743,0.06062738064729191,0.03862313167192116,0.05444606017028853,0.5623798941836261|-0.5743059766100156|0.548574066695879,0.4970914426909786|-1.007779561342345|0.13800350933939604,0.18153832002645828|-0.7083085631863938|0.13757794671543885
158,,release,2,0.6065306597126334,4,4,4,,0.289807012071833,0.002610060153529048,0.2728850671555847,0.014274162938818336,,0.2728850671555847,0.8305949594564719,1.0,1.0,False,0.0014502246797158946,0.0,0.0,0.0013883509119108396,,0.022760706487405864,0.028822959556492993,0.06339038684927688,0.034567427292783885,0.05332709934046967,0.023525633929019848,0.06084937991066896,0.037323745981649115,0.05459284901283864,0.5638912852945519|-0.5754764661910197|0.5465774518649082,0.5032434581870548|-1.00490775348209|0.14021705164170273,0.18240086375500963|-0.7079213751254135|0.13755958647539335
159,,release,1,0.8824969025845955,1,1,1,,0.08447947516106069,0.0026632158551365137,0.06762981484644115,0.014152128016576171,,0.06762981484644115,0.8316222844141071,1.0,1.0,True,0.0014330595460042735,0.0,0.0,0.0013680289238675602,,0.02274590438687047,0.028222029035005217,0.0647680543247562,0.03654602528975098,0.05591066025534823,0.02496753139055983,0.061986315277579196,0.03701878388701937,0.054270492584289794,0.5624261809159184|-0.5780180442522528|0.5453428230146122,0.503267236044298|-1.0071697661217676|0.1408776037869064,0.18196601443398758|-0.7077706551982162|0.1375080643596053
160,release,release,0,1.0,10,10,5,,0.35667455196380615,0.0027087528724223375,0.3397528149653226,0.014181348960846663,,0.3397528149653226,0.8297842590667224,1.0,1.0,True,0.0014502063634531312,0.0,0.0,0.0014019941157387033,,0.022752848209196937,0.027716878355266827,0.0645230053664942,0.036806127011227374,0.05403162969167526,0.026678162967446153,0.06261305067393383,0.03593488770648767,0.05610726930700522,0.5620491851469271|-0.5801735297421228|0.5433048765360793,0.4993952432597135|-1.0111133964956271|0.138058609552144,0.1816643310424148|-0.7080405285938588|0.13743117561612278
161,release,release,1,0.8824969025845955,4,4,4,,0.31116989301517606,0.002624145010486245,0.29449006100185215,0.014022827846929431,,0.29449006100185215,0.8286962309475212,1.0,1.0,True,0.001450215602506428,0.0,0.0,0.0013990780882934637,,0.022753405486701545,0.027859850731173672,0.06467354394161294,0.03681369321043927,0.05424389561619252,0.028178550168756502,0.06292055145167384,0.03474200128291734,0.0564991874589066,0.5608281245328155|-0.5824000741138418|0.5431006602262936,0.49733193205939996|-1.0135874483428866|0.1380593344546878,0.18241503103008866|-0.7070952469473316|0.13729545361957932
162,release,release,2,0.6065306597126334,2,2,2,,0.1487451042048633,0.0026332589332014322,0.13229409186169505,0.013783485861495137,,0.13229409186169505,0.821981794516794,1.0,1.0,True,0.0014500506952953504,0.0,0.0,0.0013901059087121055,,0.02269693208276073,0.029374126293451857,0.06414146063063257,0.03476733433718071,0.0528942335155196,0.029207366910765007,0.06305926194723856,0.03385189503647355,0.0558378023419899,0.5589240880490987|-0.5839999234815622|0.5433256443245483,0.4953769770384933|-1.015272611716353|0.1380561958074201,0.18209894971063442|-0.7073437335707295|0.1371561462525422
163,,release,3,0.32465246735834974,1,1,1,,0.08282421808689833,0.002637854078784585,0.06637503183446825,0.013779694912955165,,0.06637503183446825,0.8167539711966446,1.0,1.0,True,0.0014421230259459468,0.0,0.0,0.001360369302692387,,0.022679360274745132,0.03150428727660695,0.06395497651598608,0.03245068923937913,0.05175018519071574,0.03064899263967678,0.06355548462021379,0.03290649198053701,0.05345324397356808,0.5580583650218991|-0.5855448675491703|0.543103390908669,0.4949882701147|-1.016046966091671|0.1380609807406851,0.1796354418735416|-0.710027598324886|0.13721326001900008
164,,release,4,0.1353352832366127,1,1,1,,0.08253591088578105,0.0026490259915590286,0.06617131899110973,0.013686774065718055,,0.06617131899110973,0.8009991339341906,1.0,1.0,True,0.0014418813612421186,0.0,0.0,0.0012824319784017929,,0.0225209193557736,0.0342397784909616,0.06350089470624722,0.029261116215285612,0.050063197479539225,0.03187776298455548,0.0638022382134203,0.031924475228864824,0.049862293890402844,0.5566635787655341|-0.58757548154315|0.5437094178636782,0.4938456856403184|-1.0173136167541128|0.13906815252841107,0.17897395924987486|-0.7110034997358848|0.1371977716119991
165,,release,5,0.04393693362340742,2,2,2,,0.1492673910688609,0.002620476996526122,0.1327128019183874,0.013902602018788457,,0.1327128019183874,0.7880018603437964,1.0,1.0,True,0.0014501819905122539,0.0,0.0,0.0012108098155335768,,0.022398121718478468,0.03852701768521481,0.06276542868478463,0.024238410999569818,0.04562521795749349,0.03195709422104406,0.06359358089128106,0.031636486670236996,0.04521061363399061,0.5555306960179939|-0.5884172135632987|0.5445385370521996,0.4945372910033349|-1.0151714712003306|0.13790756370565968,0.17967921468605486|-0.7105238023305528|0.13715384841652375
166,,release,6,0.011108996538242306,2,2,2,,0.1727869079913944,0.0025539579801261425,0.15605770098045468,0.014143111184239388,,0.15605770098045468,0.7838462256653431,1.0,1.0,True,0.001838959353637995,0.0,0.0,0.0011243138617708748,,0.022412451793304543,0.044143587607936095,0.06190644239807845,0.017762854790142356,0.04151018868172681,0.032630351534713914,0.06549206987492659,0.032861718340212676,0.042381712925846096,0.5535006589318845|-0.5879810939749448|0.5463389108938415,0.4938757319974641|-1.0145976380830943|0.13942580768602325,0.1775887257845475|-0.71096122712568|0.13942309963432606
167,,release,7,0.002187491118182885,4,4,4,,0.2784793439786881,0.002624677959829569,0.26209925999864936,0.01372501184232533,,0.26209925999864936,0.7784668655923834,1.0,1.0,True,0.0014502128063294331,0.0,0.0,0.0010842440942139405,,0.022401153316199324,0.05102108597820686,0.06209161931036903,0.011070533332162173,0.03573665245124862,0.03403831060581309,0.06830607433815049,0.0342677637323374,0.040721214657789925,0.5522269381446158|-0.5876138251331985|0.5501488796892835,0.49450095216173234|-1.0140056711694818|0.14305571096847106,0.17727418579799722|-0.7097429617492942|0.14596282536318453
168,,release,8,0.00033546262790251185,1,1,1,,0.08144228509627283,0.0026089190505445004,0.06538384221494198,0.013419436989352107,,0.06538384221494198,0.7653432974952069,1.0,1.0,True,0.0024104320683453195,0.0,0.0,0.0014331579812218913,,0.022254072353136256,0.057945770332680925,0.0644129906336594,0.006467220300978481,0.03196193686528762,0.03768593914257465,0.07586688929788815,0.0381809501553135,0.03980401244556178,0.5496005795217833|-0.5854092804798933|0.5569516023470797,0.49738710821613313|-1.0137527698386126|0.146484790515827,0.17484234801030152|-0.7067584775087186|0.15652567780019855
169,,release,9,4.006529739295107e-05,2,2,2,,0.14479306200519204,0.0025706959422677755,0.1285538941156119,0.013638614909723401,,0.1285538941156119,0.7524795559521801,1.0,1.0,True,0.0014680549075525087,0.0,0.0,0.0014141194594055205,,0.022151568061638652,0.06520212713187788,0.070463939649506,0.005261812517628112,0.028643677949767746,0.04522794336980984,0.07015642696249783,0.024928483592687983,0.030202815813822156,0.5467040896336739|-0.58618887636792|0.5658235461586285,0.5038310781407599|-1.0139354166683532|0.1525229702031506,0.1808823970830748|-0.7093108666293602|0.1684621267348118
170,,release,10,3.726653172078671e-06,1,1,1,,0.07960709906183183,0.0026297280564904213,0.0637186081148684,0.013230057200416923,,0.0637186081148684,0.7357190730661917,1.0,1.0,True,0.0013322474792920348,0.0,0.0,0.0013637298052625426,,0.02197443826085304,0.07218582435300443,0.0815319653030494,0.009346140950044976,0.026403996853059476,0.049393140583701305,0.07443366192422671,0.025040521340525403,0.03067344416699101,0.544531092939721|-0.5864081473961527|0.5742816180140524,0.5134418047822064|-1.0163376723797326|0.1616339463371668,0.18246120884171188|-0.6970438666415517|0.18074145184202414
171,,release,11,2.699578503363014e-07,1,1,1,,0.07839435199275613,0.0026265031192451715,0.0628681390080601,0.012873491970822215,,0.0628681390080601,0.7276417478199265,1.0,1.0,False,0.0012860453273075903,0.0,0.0,0.0013758568139432977,,0.02184506093887274,0.0817515852275083,0.09571719528982948,0.01396561006232118,0.026453564777186966,0.05656154740956927,0.07898911678647566,0.02242756937690639,0.02802773353275178,0.5426041282735806|-0.5865721420175968|0.5856103263763184,0.5259203107058106|-1.016557894333342|0.1781353316534024,0.18467185734077224|-0.6917073012777784|0.19705501370174985
172,,release,12,1.522997974471263e-08,2,2,2,,0.15986461890861392,0.0024910219945013523,0.14444024092517793,0.012903522001579404,,0.14444024092517793,0.7180145458455067,1.0,1.0,False,0.0015075371648941432,0.0,0.0,0.001413936374908349,,0.021766300695380672,0.08741630480404104,0.09627406646973717,0.008857761665696129,0.025440111151544525,0.06847629255171706,0.09240288240764435,0.0239265898559273,0.02792056336467054,0.5430313946580888|-0.5859798390332891|0.596861245902724,0.5389016032751746|-1.0141593744389532|0.19517498067056535,0.18434333600764188|-0.6808558989399073|0.2150362452092659
173,,release,13,6.691586091292782e-10,2,2,2,,0.13084045588038862,0.002662894083186984,0.11571332602761686,0.012433903058990836,,0.11571332602761686,0.7091099870489431,1.0,1.0,False,0.0014088587531917093,0.0,0.0,0.0014146017713299209,,0.021695217859976936,0.08849723896939748,0.1013883830837491,0.012891144114351619,0.024436796484408805,0.07654651471494775,0.0986307641717822,0.022084249456834446,0.028054474206815703,0.5443672304794619|-0.5869304153761491|0.608260092218991,0.5532642900431676|-1.0093884357618552|0.21214717455058435,0.18584264314621873|-0.6694094683052381|0.23246849642170095
174,,release,14,2.289734845645553e-11,2,2,2,,0.12501704692840576,0.0026204779278486967,0.11051629297435284,0.011849338887259364,,0.11051629297435284,0.6919740731740404,1.0,1.0,False,0.0014356029896055306,0.0,0.0,0.001414399204729797,,0.021521302975915767,0.09535643335873249,0.10435806553950268,0.009001632180770186,0.024272006841753346,0.08196116553129464,0.09987209091787143,0.017910925386576793,0.02821826494710618,0.5452150528782068|-0.5841190095132031|0.6191725326069147,0.5690251494653018|-1.0033314618718097|0.23248223523227662,0.1879985402562647|-0.6573686386683446|0.251626410199411
175,,release,15,6.101936677605324e-13,1,1,1,,0.06758766202256083,0.002665325067937374,0.05342106195166707,0.011474601924419403,,0.05342106195166707,0.6974522954199348,1.0,1.0,False,0.0012576474364098637,0.0,0.0,0.0014456332472807002,,0.021574998311814825,0.10933019893862801,0.11445762842557329,0.0051274294869452786,0.025263644177461075,0.09345158665985749,0.10523679242644068,0.011785205766583193,0.0269442536666139,0.5476579546302119|-0.5831376913879903|0.6308926124072842,0.587130482231911|-0.9953607877914379|0.25594263805869116,0.19149278992344726|-0.6454487943374986|0.27147966450024674
176,,release,16,1.2664165549094176e-14,2,2,2,,0.11804433818906546,0.0024939500726759434,0.10363642894662917,0.011883259983733296,,0.10363642894662917,0.6943659605739696,1.0,1.0,False,0.001496898522895286,0.0,0.0,0.0014150086600968148,,0.021552125694648837,0.11992225228588647,0.13105956881585365,0.011137316529967176,0.02562280413274649,0.10911909928107438,0.11513347264868362,0.006014373367609238,0.02530804625867,0.5474650912774344|-0.5865643445207721|0.6444097534337273,0.6064989297157062|-0.982505528954746|0.2826207835441919,0.19502980296961187|-0.6347481128025613|0.2950050449587929
177,,release,17,2.0469717131642043e-16,1,1,1,,0.06494731502607465,0.002602200023829937,0.0510654381942004,0.01125225587747991,,0.0510654381942004,0.6903436109673576,1.0,1.0,False,0.0010221837689350505,0.0,0.0,0.0013017012096977164,,0.02144586064530839,0.12856650670278466,0.13166797002990083,0.0031014633271161662,0.02554241355252271,0.11736156216501047,0.12710603527360623,0.009744473108595761,0.025343305018740513,0.548973753085698|-0.5925777111537102|0.6593164486393135,0.6257314587607934|-0.9698470521590647|0.3102200143869207,0.203340873537667|-0.6191864421745186|0.32494307102689923
178,,release,18,2.576757109154981e-18,1,1,1,,0.06330560799688101,0.0024641749914735556,0.04969070199877024,0.011124314973130822,,0.04969070199877024,0.671421974203802,1.0,1.0,False,0.0012404888559156765,0.0,0.0,0.0015912916993249357,,0.02126564703357895,0.1450407403415181,0.13654486430648147,0.008495876035036626,0.02603598754104095,0.12793315693065788,0.14086735246687862,0.012934195536220744,0.02668258562299516,0.5427829819348142|-0.5973484005262405|0.6727643995263132,0.6427196511138433|-0.9576544848430434|0.3411827623242206,0.20867004062870692|-0.6061358406745644|0.3507277206084802
179,,release,19,2.5261637809256925e-20,2,2,2,,0.1052362360060215,0.0025110081769526005,0.09171446319669485,0.010981837986037135,,0.09171446319669485,0.6569170126855747,1.0,1.0,False,0.0014117341043553798,0.0,0.0,0.0014140100064319345,,0.02110993226541015,0.16799531309944574,0.14997042221233467,0.018024890887111067,0.027046472054449634,0.1430239994661397,0.15154190239165474,0.008517902925515047,0.026055586539691117,0.5387727096290956|-0.5982293776034064|0.6843157666390743,0.6574910227415548|-0.9443389674320906|0.37749421438599795,0.2165875293299629|-0.5949916731310685|0.37772383806136717
180,,release,20,1.9287498479639178e-22,2,2,2,,0.10163786099292338,0.0026254288386553526,0.08785378001630306,0.011130769969895482,,0.08785378001630306,0.6599448798935817,1.0,1.0,False,0.001421127342474137,0.0,0.0,0.0013814191442050722,,0.021152873589056525,0.19553606696033513,0.171063204163832,0.024472862796503125,0.027345768115671545,0.1612148843364886,0.16005831586555397,0.0011565684709346213,0.02439806032788163,0.5348858638787033|-0.6016247270569475|0.6957532358690292,0.6715330892126045|-0.9308234944436417|0.41202322722107065,0.22605893291056284|-0.5856526565498539|0.4070347890299412
181,,release,21,1.146876582225596e-24,1,1,1,,0.0571383370552212,0.0026642889715731144,0.04356105998158455,0.010886198142543435,,0.04356105998158455,0.6635348151240551,1.0,1.0,False,0.0012417828597425934,0.0,0.0,0.0014084021034426015,,0.02121462559023067,0.2254965775237558,0.1969937430608113,0.028502834462944493,0.026971200999743213,0.18111092103285248,0.1756184934938976,0.005492427538954875,0.025731913162921134,0.5339768118146385|-0.6056231955077106|0.706294585634464,0.6856203911203934|-0.9151396701908993|0.44547648016545505,0.23072667979191808|-0.5769240723394153|0.43549820557774827
182,,release,22,5.311092249679095e-27,2,2,2,,0.09763389616273344,0.002545578870922327,0.08392231701873243,0.011137638008221984,,0.08392231701873243,0.6799518617573266,1.0,1.0,False,0.001465925410250219,0.0,0.0,0.00136975222881376,,0.02146274769896566,0.2560121685361162,0.22276730458045815,0.03324486395565804,0.028230545971143908,0.2015446298344794,0.1884047946203025,0.013139835214176915,0.024492302798996567,0.5319281184948405|-0.6101783696261536|0.7168777886174572,0.6949043416100238|-0.9046000206791726|0.47753431395229706,0.24006940740802046|-0.5756206761797695|0.46552982724254055
183,,release,23,1.915478951967148e-29,1,1,1,,0.05609793006442487,0.0026267929933965206,0.04239384597167373,0.011051321169361472,,0.04239384597167373,0.6895116542038809,1.0,1.0,False,0.0011527979326433138,0.0,0.0,0.0014907213512527055,,0.021602453631322308,0.2856512034311202,0.2497546855295558,0.03589651790156442,0.02761622353357585,0.22180153031505706,0.20484685235198596,0.016954677963071096,0.02432655237098535,0.5290438955019133|-0.6127627221475191|0.7265740466480153,0.7043634134196852|-0.8897942403858691|0.5081687214261743,0.24509502143914702|-0.5728015601200754|0.4914280208284873
184,,release,24,5.380186160021138e-32,1,1,1,,0.05549204908311367,0.002496003173291683,0.041927227983251214,0.01104347500950098,,0.041927227983251214,0.7111987267167947,1.0,1.0,False,0.0010727418158888481,0.0,0.0,0.001476592332142751,,0.02190726285344459,0.3130544755253803,0.277799652157692,0.035254823367688315,0.02588750744733388,0.24108689094692043,0.22426914138583037,0.016817749561090056,0.02466232821445192,0.5236593089065602|-0.6174428481405281|0.7360462264640641,0.7113601624394262|-0.8760218657593484|0.539981084238631,0.2514213178180047|-0.5690802143886461|0.5184601690980662
185,,release,25,1.1769109439216723e-34,1,1,1,,0.05423224810510874,0.002494450891390443,0.040585377952083945,0.01112555293366313,,0.040585377952083945,0.7230187324622673,1.0,1.0,False,0.0009408461644675216,0.0,0.0,0.0016846478718682415,,0.02207594760299934,0.33778397384238973,0.29726824837521626,0.04051572546717347,0.02580897841287663,0.2589417099700439,0.24536477141879892,0.013576938551244977,0.026826487507003303,0.5199798082695691|-0.6233692721860534|0.7452160654324119,0.7134046598556723|-0.863221833444852|0.5628527886284895,0.25478676282804064|-0.5683507004184334|0.5467675841822809
186,,release,26,2.005008781961654e-37,1,1,1,,0.05268291290849447,0.002542025875300169,0.03934978507459164,0.01076559885405004,,0.03934978507459164,0.6737124174452535,1.0,1.0,False,0.0010875290755124611,0.0,0.0,0.0023784058174579964,,0.021601937782733213,0.359344136490238,0.3190026171479744,0.0403415193422636,0.021456296330084265,0.27530081417143243,0.2606178703640181,0.014682943807414306,0.025980839293875332,0.5250178919833669|-0.6359219525505581|0.754181168780113,0.715028429490954|-0.8575328163355521|0.5883953063917836,0.2615663693723348|-0.5696738425735801|0.568506577803421
187,,release,27,2.6602064159439866e-40,1,1,1,,0.05174249201081693,0.002498107962310314,0.03854288486763835,0.01067673391662538,,0.03854288486763835,0.6751642680730493,1.0,1.0,False,0.0008945219729855486,0.0,0.0,0.0015525067755934123,,0.02156453973520228,0.3770095537397474,0.33347064134679777,0.04353891239294966,0.014887319552450984,0.2895092066965269,0.2759742530316138,0.013534953664913085,0.02577841525144843,0.5231577485932816|-0.6499531608025346|0.7627916328868779,0.7072053173644836|-0.8464390884501415|0.6100593066818116,0.2633090029870093|-0.5782783589865031|0.5921386168462907
188,,release,28,2.7487850079102147e-43,1,1,1,,0.04947133199311793,0.0024993831757456064,0.03633947088383138,0.01060674199834466,,0.03633947088383138,0.6524924003167196,1.0,1.0,False,0.0007811219979545446,0.0,0.0,0.0013969849249433899,,0.021228351705012024,0.39003915902423797,0.35937503294026346,0.030664126083974508,0.010510622710616752,0.30052213316320486,0.2852468603748664,0.015275272788338456,0.022138272215968136,0.5201102698333312|-0.6640964970908227|0.7682861612886039,0.7093170639380685|-0.8255382776598226|0.636039398581783,0.2677516566347641|-0.587206281696421|0.6080687289148692
189,,release,29,2.2120380336009962e-46,2,2,2,,0.11246925196610391,0.0024590319953858852,0.0989063058514148,0.011074767913669348,,0.0989063058514148,0.6407847638552628,1.0,1.0,False,0.0013171128160718408,0.0,0.0,0.0015071079503019267,,0.02109252242286533,0.3983120323993477,0.37063240977961803,0.02767962261972967,0.012918790692787502,0.3083592293239548,0.2959381255973152,0.012421103726639626,0.02061374157781353,0.5201075304612295|-0.6877272646265052|0.7706355071831632,0.7086346450579978|-0.8260935346534836|0.6497341570530542,0.27468008357517587|-0.6052200684320097|0.628517793458957
190,,release,30,1.3863432936411706e-49,1,1,1,,0.05221870890818536,0.0026624570600688457,0.03922569495625794,0.010305976960808039,,0.03922569495625794,0.6050901574974047,1.0,1.0,False,0.0007006681763988762,0.0,0.0,0.001467941235894682,,0.02073240375352548,0.40278409391672254,0.3786533686107258,0.024130725305996747,0.011964659907572398,0.31361655247816944,0.30464869375409936,0.008967858724070077,0.02035986564811459,0.5235861172249358|-0.7046803627315648|0.7722024165728978,0.7078201057556542|-0.8241405639106085|0.6591116408547698,0.2778552354817768|-0.6145225640970751|0.6414263997428404
191,,release,31,6.766675675168404e-53,2,2,2,,0.08750026789493859,0.0024789259769022465,0.07450614310801029,0.010485785081982613,,0.07450614310801029,0.5858876578228231,1.0,1.0,False,0.0014024424316096337,0.0,0.0,0.0012752163748687708,,0.02052575802408118,0.4038420920325744,0.38613818796864874,0.017703904063925635,0.015615666647271638,0.3166459060158779,0.3082278912873229,0.008418014728554968,0.019035945898010397,0.5260324474285049|-0.7211379620139186|0.7720603891242638,0.7082219423342889|-0.8238396951710604|0.6674695955535781,0.2836499615220741|-0.6263247405273474|0.649396971730664
192,,release,32,2.572209372642415e-56,4,4,4,,0.16544848796911538,0.0026191279757767916,0.15232093189843,0.010480920085683465,,0.15232093189843,0.584518127070315,1.0,1.0,False,0.0014179813458855377,0.0,0.0,0.0013366851900319882,,0.020657872973514933,0.40227656445836085,0.3851823593318948,0.017094205126466033,0.018055047093347133,0.3184100408027123,0.3091038177249369,0.0093062230777754,0.015499497923718257,0.5314767700978221|-0.7385089943885179|0.7705178025102631,0.7082916837829686|-0.8359760170072074|0.6682787225274973,0.29167267450465423|-0.6407476462137307|0.6545994776321743
193,,release,33,7.61489029373637e-60,2,2,2,,0.08986303699202836,0.0026493831537663937,0.07664987188763916,0.010533825028687716,,0.07664987188763916,0.5772827772743391,1.0,1.0,False,0.0014671779782206539,0.0,0.0,0.0014166027883075196,,0.020566263531135907,0.39822651118405494,0.37939873957197073,0.01882777161208421,0.01839932235688122,0.3193566613925735,0.3112999368702413,0.008056724522332193,0.015619355062770336,0.5350059792405445|-0.7578451302210955|0.7688196806260887,0.7076504603717181|-0.861832747590634|0.6646932964691784,0.2964652605779634|-0.6560260597335968|0.6600857116966783
194,,release,34,1.7556880978548265e-63,2,2,2,,0.09505947702564299,0.002667912980541587,0.08126636408269405,0.011098624905571342,,0.08126636408269405,0.5722392960964223,1.0,1.0,False,0.0014408457097621272,0.0,0.0,0.0012184756526165189,,0.020467740094730742,0.3923473930866343,0.37454542692979265,0.017801966156841653,0.01966454918273422,0.31994222454913385,0.31282787646142274,0.007114348087711109,0.014568102171477018,0.5406372524824152|-0.7757029737417807|0.767857173127391,0.7052477770179155|-0.8859436027262113|0.6612492581737769,0.3029106677576588|-0.6730720303926665|0.6643003709793033
195,,release,35,3.1525171551450254e-67,1,1,1,,0.05589426285587251,0.0026171309873461723,0.041826359927654266,0.011425061151385307,,0.041826359927654266,0.5694713079773246,1.0,1.0,False,0.002707629321129279,0.0,0.0,0.001664667932523884,,0.02036078875625384,0.3863443280470266,0.37188175797718415,0.014462570069842473,0.020731327043950275,0.3212678924959147,0.31661932035905366,0.00464857213686104,0.012250056929527678,0.5505856972223905|-0.7929760752174729|0.7681015275958629,0.7061766823513731|-0.9129457673438529|0.6563779843941647,0.3184383316259377|-0.6914960010071711|0.6698159537179124
