frame_idx,active_event,nearest_trigger,distance_to_trigger,semantic_score,base_budget,final_budget_after_rescue,configured_semantic_refine_iterations,minimum_semantic_refine_iterations,base_sqp_iterations,semantic_refine_iterations,actual_sqp_iterations,semantic_body_parts,frame_wall_time,mesh_time,optimization_time,collision_check_time,jacobian_time,solver_time,coarse_total_cost,final_total_cost,coarse_left_hand_object_error,coarse_right_hand_object_error,semantic_vertex_weight_mean,semantic_vertex_weight_max,semantic_boosted_vertex_count,semantic_weight_l1,semantic_weight_l2,is_critical_interaction_neighborhood,penetration_depth,raw_penetration_depth,raw_penetration_pair_count,expected_contact_penetration_depth,expected_contact_penetration_pair_count,illegal_penetration_depth,illegal_penetration_pair_count,left_hand_box_signed_distance,right_hand_box_signed_distance,self_collision_violation,joint_limit_violation,foot_sticking_error,velocity_limit_violation,final_laplacian_error,left_hand_demo_object_distance,left_hand_robot_object_distance,left_hand_object_error,left_hand_local_laplacian_error,left_hand_object_neighbor_laplacian_error,right_hand_demo_object_distance,right_hand_robot_object_distance,right_hand_object_error,right_hand_local_laplacian_error,right_hand_object_neighbor_laplacian_error,pelvis_robot_position,left_hand_robot_position,right_hand_robot_position
0,,lift,19,2.5261637809256925e-20,50,50,0,0,50,0,50,,1.8271019370295107,0.003165164031088352,1.812480861088261,0.011426828103139997,,1.812480861088261,1.1843197111200612,1.1843197111200612,,,1.0,1.0,0,0.0,0.0,False,0.0014683117942896062,0.028121296152426145,17,0.0031038711506328753,13,0.0,0,0.08330191633362816,0.14348423131428412,,0.0,0.0,,0.02216287178401527,0.222575568590948,0.261747590605622,0.03917202201467404,0.0673238599442344,0.018941533531892946,0.2745051197479645,0.29032930133646623,0.01582418158850174,0.05567150598183199,0.017795206513540027,0.6347837536785604|0.8022254605390892|0.7704831134259317,0.8535500641405531|0.6324761172535904|0.5958030154155177,0.39922125349784665|0.6539254724494161|0.6124329095519923
1,,lift,18,2.576757109154981e-18,2,2,0,0,2,0,2,,0.09274803497828543,0.002648683963343501,0.07878470490686595,0.011285590939223766,,0.07878470490686595,0.7522796835342794,0.7522796835342794,,,1.0,1.0,0,0.0,0.0,False,0.0008618065140983122,0.02986117164111296,14,0.0031473427068362536,10,0.0,0,0.05648909465402596,0.1167468985500193,,0.0,0.001602318679462273,,0.021507266009788615,0.19466303616604216,0.23410059979236628,0.03943756362632411,0.06194177950250897,0.017485154122083155,0.24702061277048,0.2616260927172897,0.01460547994680969,0.050360143801756664,0.01662527632596058,0.634966888976732|0.8105347363590003|0.7586585046929529,0.8672929556770137|0.6428567156554494|0.5585341868628808,0.38948802865318943|0.651589451840023|0.5742381828494985
2,,lift,17,2.0469717131642043e-16,2,2,0,0,2,0,2,,0.09735132590867579,0.002610553987324238,0.0831608900334686,0.011552415089681745,,0.0831608900334686,0.709602344328849,0.709602344328849,,,1.0,1.0,0,0.0,0.0,False,0.0007487152207827988,0.031437388656473386,13,0.0031186797000378186,9,0.0,0,0.02860719478903917,0.0839065590072785,,0.0,0.0014978421665217195,,0.021087189445256328,0.16702964198679293,0.202932966071004,0.03590332408421107,0.057363093150882165,0.017921863145598006,0.218889967517298,0.2265190818468393,0.007629114329541303,0.04472889725629413,0.016585712127882048,0.6289277224485098|0.8226474256496064|0.7420897088742396,0.8722882118988076|0.6521594976035633|0.5165103220982952,0.3871825105964536|0.6413949335485624|0.5310731163130751
3,,lift,16,1.2664165549094176e-14,2,2,0,0,2,0,2,,0.1013867100700736,0.002634742995724082,0.08669107500463724,0.012031988939270377,,0.08669107500463724,0.6998206170528202,0.6998206170528202,,,1.0,1.0,0,0.0,0.0,False,0.0007018770111012138,0.0328528541989456,12,0.003141146459411881,8,0.0,0,0.004958148041380284,0.05140771081711115,,0.0,0.0015619835780543287,,0.021011448692806432,0.14084248028933713,0.16683538439888795,0.025992904109550824,0.05219048139124675,0.018696247419196513,0.19075423092319974,0.19196754400807706,0.001213313084877321,0.03489736616887677,0.01697826045487717,0.6210297949400098|0.837664692260075|0.7208131733401721,0.8783624223808002|0.6549530795325477|0.47193090582124697,0.38664312361107217|0.6272751502309634|0.48529909523863407
4,,lift,15,6.101936677605324e-13,2,2,0,0,2,0,2,,0.1041601849719882,0.0026389078702777624,0.08943977300077677,0.012054793071001768,,0.08943977300077677,0.7085496583745072,0.7085496583745072,,,1.0,1.0,0,0.0,0.0,False,0.0006260714993968908,0.03436358549959159,12,0.0031371618314882943,7,0.0,0,-0.01047609259449267,0.024137390268547776,,0.0,0.0017885666411128754,,0.02119042076120044,0.11775434054355444,0.13857745438438213,0.02082311384082769,0.046695318316322704,0.01877883826563073,0.16346603677236926,0.16396418394455087,0.0004981471721816066,0.03006702956716749,0.017990794179886947,0.6114696524006547|0.856425911343671|0.6941627244571237,0.8841320130919756|0.6536976876786562|0.43091239002955395,0.38582344185935796|0.6164025512374487|0.4386099492443654
5,,lift,14,2.289734845645553e-11,2,2,0,0,2,0,2,,0.10634922399185598,0.0026468210853636265,0.09132372308522463,0.012351030018180609,,0.09132372308522463,0.6766850317717439,0.6766850317717439,,,1.0,1.0,0,0.0,0.0,False,0.0010008670982612697,0.036167791746331224,12,0.0031110539474660526,8,0.0,0,-0.018151751295768292,0.008951794349103537,,0.0,0.0015608839938536885,,0.021002829083921495,0.09956860049399487,0.1192094638987996,0.01964086340480474,0.041378817738600644,0.018866397540957144,0.13873854643006756,0.14932867065857738,0.010590124228509828,0.03035751275903562,0.018172175016847997,0.6082095963737044|0.8692279747617605|0.6657605500984335,0.890545225358443|0.6505504520730025|0.3918645542743151,0.3839301644196605|0.6000560874288536|0.39632159337380923
6,,lift,13,6.691586091292782e-10,2,2,0,0,2,0,2,,0.11004991200752556,0.0025998030323535204,0.09482211107388139,0.012599616078659892,,0.09482211107388139,0.6992529091391538,0.6992529091391538,,,1.0,1.0,0,0.0,0.0,False,0.0036578880462905528,0.03596268638391392,13,0.0031355946968038007,8,0.0036578880462905528,1,-0.017400105934010313,-0.0036286812678341107,,0.0,0.0015628022324350598,,0.021295095489415886,0.08879512663570269,0.09942560020845251,0.010630473572749821,0.0415662312835575,0.019653698105941923,0.11883766528894972,0.1373073448076454,0.018469679518695672,0.030835580818325548,0.018528863670964874,0.6074562507821675|0.8837596554823388|0.6437505947948661,0.8957232853569064|0.648159672577739|0.35367273351812506,0.38924121589623695|0.586092826612217|0.363767518324596
7,,lift,12,1.522997974471263e-08,2,2,0,0,2,0,2,,0.11555383307859302,0.0026596090756356716,0.10030011204071343,0.012564146891236305,,0.10030011204071343,0.7074627970385987,0.7074627970385987,,,1.0,1.0,0,0.0,0.0,False,0.0018857452903573296,0.03566209475692944,11,0.0031557274893412313,6,0.0018857452903573296,1,-0.020145008612081128,-0.010882618161749846,,0.0,0.001396962169584826,,0.021476682015098104,0.08391605980249676,0.0863859747898572,0.002469914987360433,0.03758451731862834,0.019518196820789577,0.10638536290407621,0.11996975972545915,0.013584396821382932,0.03056428062376838,0.018730206637811816,0.6062538915689463|0.8902650156532012|0.6264220759030295,0.897427045285449|0.6391273693405009|0.3190177385036814,0.39679789117385494|0.5730265980672671|0.3310253351934326
8,,lift,11,2.699578503363014e-07,2,2,0,0,2,0,2,,0.13850982207804918,0.0026102429255843163,0.12309960299171507,0.012771914014592767,,0.12309960299171507,0.7051894185467226,0.7051894185467226,,,1.0,1.0,0,0.0,0.0,False,0.002305498241134435,0.03620982883466786,11,0.002967420815621097,6,0.002305498241134435,1,-0.015931205081123778,-0.008213483296691138,,0.0,0.0012910031851725292,,0.02140330787140613,0.08027341396293271,0.08595208698073552,0.00567867301780281,0.03744310913310918,0.0192776960309166,0.09965398132270455,0.11184166655337087,0.012187685230666323,0.031058068915877597,0.019146308339215958,0.6033463693646861|0.8956986822384848|0.6108150463755321,0.8988085519123039|0.6328592841767233|0.29184650685421754,0.40218801468729326|0.5626605571483149|0.2969061674420498
9,,lift,10,3.726653172078671e-06,2,2,0,0,2,0,2,,0.11998260789550841,0.002649982925504446,0.10399900609627366,0.013303777202963829,,0.10399900609627366,0.7018754661568866,0.7018754661568866,,,1.0,1.0,0,0.0,0.0,False,0.001533302122629962,0.03686399436899085,11,0.003008943902417044,6,0.001533302122629962,1,-0.00558360861268703,-0.0012594512170061023,,0.0,0.0013383544504652891,,0.021394802621883285,0.078574444051005,0.09613889881150146,0.017564454760496465,0.03753199458127525,0.018929072729802095,0.08475699918663318,0.10273025182010269,0.017973252633469508,0.03297958275018331,0.020030206663700444,0.6081977572619031|0.9000853260807489|0.5968546974538681,0.903390101134821|0.6271762190105515|0.2670946256821265,0.40694880083114465|0.556082220311537|0.26809012084716727
10,,lift,9,4.006529739295107e-05,2,2,0,0,2,0,2,,0.1218320990446955,0.002609624993056059,0.10603728797286749,0.013155351858586073,,0.10603728797286749,0.7104086435643786,0.7104086435643786,,,1.0,1.0,0,0.0,0.0,False,0.0012120535921872622,0.0367984950888785,9,0.002972382152683306,4,0.0012120535921872622,1,0.004879292878303687,0.0006239387669211283,,0.0,0.0013141811688290972,,0.021475314307965763,0.0745574537008932,0.0891784742205152,0.014621020519621997,0.03649702549476431,0.018774687527446012,0.07821379770334051,0.10072394867785564,0.022510150974515128,0.03461866903648352,0.01988608661575895,0.611892174371548|0.902737836666427|0.5861750124589183,0.903620968773634|0.6214196330386529|0.2447267690545019,0.41235959604772493|0.5462624542755335|0.2441712325363451
11,,lift,8,0.00033546262790251185,2,2,0,0,2,0,2,,0.12560078408569098,0.0026262779720127583,0.10960578406229615,0.01333781611174345,,0.10960578406229615,0.7185037541991662,0.7185037541991662,,,1.0,1.0,0,0.0,0.0,False,0.0011435599984130698,0.037052626931522586,9,0.003018469779875105,4,0.000971860796007043,1,-0.0014729612175496953,-0.014334074497636351,,0.0,0.0013408134528106734,,0.02156262005303591,0.07612232754810105,0.08637155940316564,0.010249231855064586,0.03713989933853254,0.018865829243610854,0.07599210873720244,0.10245389534098337,0.02646178660378093,0.03435310921002296,0.019288706617125076,0.6146328245874043|0.9052677484494823|0.5753828453643128,0.9037712629409472|0.6162757490968863|0.22609088281143963,0.4191528593255201|0.5427896683554365|0.22112135488410525
12,,lift,7,0.002187491118182885,2,2,0,0,2,0,2,,0.13047090894542634,0.002706667874008417,0.11435852013528347,0.013376042013987899,,0.11435852013528347,0.7155592786785051,0.7155592786785051,,,1.0000000000000002,1.005625168918581,45,0.13036709047792616,0.013843043150475283,False,0.0014292022642980878,0.03763535508753038,9,0.0030128680476467218,4,0.0009096074635783352,1,-0.01126346599093253,-0.02695041896209993,,0.0,0.001348584990362349,,0.021504880496328285,0.07950557536863648,0.08663778825296906,0.007132212884332578,0.03708936646107057,0.01897554977705415,0.06475706662099791,0.08658512513116119,0.021828058510163284,0.03317025319691776,0.018707716195995937,0.6144011561626839|0.9063630519506156|0.5629239387890804,0.9023958828220614|0.6105842931535527|0.20610563323008382,0.4278936164097195|0.5356208143261731|0.19859610175934694
13,,lift,6,0.011108996538242306,2,2,0,0,2,0,2,,0.13277200190350413,0.0026839510537683964,0.11659347708337009,0.013465900905430317,,0.11659347708337009,0.7252793732030072,0.7252793732030072,,,1.0,1.0284588838508941,45,0.659553862220041,0.07003479590825633,False,0.0019413656725361383,0.03808678339365462,9,0.003035093538967387,4,0.0019413656725361383,1,-0.01938835988174148,-0.03124405716638634,,0.0,0.0013578708978120731,,0.021629845461340787,0.0731831569668558,0.09062634517810053,0.01744318821124473,0.03628255518361512,0.018697634439103664,0.059706961524533954,0.07839954218477305,0.018692580660239093,0.033893722714910236,0.019339580634892457,0.6161606676056823|0.9081719080508942|0.5525281203817141,0.9008198307195995|0.6032577306364706|0.18777013250881008,0.4331761024584044|0.5305100116754569|0.17940023598346772
14,,lift,5,0.04393693362340742,2,2,0,0,2,0,2,,0.13688254402950406,0.002686666790395975,0.11990056186914444,0.014263596152886748,,0.11990056186914444,0.7224880674276968,0.7224880674276968,,,1.0,1.1122630301001108,42,2.5216003684024875,0.27171336759551123,False,0.001198024739094694,0.03872850822984103,10,0.0030380263466471824,4,0.001198024739094694,1,-0.02604874312902794,-0.037183283565767056,,0.0,0.0013570768126456838,,0.021679178223051147,0.06960966218364845,0.08646093451133227,0.016851272327683825,0.03330642491007489,0.0187544210325445,0.058226961794825144,0.07342771953298252,0.015200757738157378,0.033011886348185165,0.01992788526323013,0.6174706704930281|0.9086200237115297|0.5421537746885187,0.8984257008635709|0.5984981313644337|0.17108629564174066,0.4393007960977811|0.530889306660018|0.15876450783669718
15,,lift,4,0.1353352832366127,2,2,0,0,2,0,2,,0.1438730291556567,0.0026871981099247932,0.12653570482507348,0.014615640975534916,,0.12653570482507348,0.7285962533428308,0.7285962533428308,,,1.0000000000000002,1.336786438109407,40,7.384686018345807,0.8052601549047584,False,0.0014536975724629211,0.03920812112678529,11,0.002990893649162163,5,0.0012829470021512857,1,-0.031404351904335215,-0.0292762923852532,,0.0,0.0013680726589488826,,0.021753914254940474,0.06819076923508341,0.07688396906633198,0.008693199831248569,0.029947603486146796,0.018623908406241764,0.051732893876668254,0.07386122502001036,0.022128331143342103,0.035501353711227146,0.020199836934855466,0.6212417406142736|0.908313596823311|0.531875945225604,0.895121802820179|0.5888333179403763|0.15626723832454067,0.43942023257624274|0.5297065903421285|0.140750831764555
16,,lift,3,0.32465246735834974,2,2,0,0,2,0,2,right_hand|left_hand,0.14746927516534925,0.0025825060438364744,0.1302012950181961,0.014653534861281514,,0.1302012950181961,0.7276187227194575,0.7276187227194575,,,1.0000000000000002,1.7602745230579326,39,16.454153253995518,1.806165130406508,False,0.0016521271923258807,0.039417123835014695,13,0.002996716034210256,5,0.0016521271923258807,4,-0.03971425711326937,-0.02877133203035598,,0.0,0.0013884098019289132,,0.021778647605984344,0.06402632931514866,0.07045338747575558,0.006427058160606916,0.030891154293749574,0.019043656089373046,0.04456511921968228,0.06920862398609955,0.024643504766417267,0.038084665753331685,0.02035995104324364,0.6239005063737241|0.9095263086074606|0.5248345729564772,0.8905528404872994|0.5846899591238006|0.14574756278711495,0.4428102225920134|0.5263215479540737|0.13551468733728578
17,,lift,2,0.6065306597126334,2,2,0,0,2,0,2,right_hand|left_hand,0.14997788099572062,0.0027079619467258453,0.13247244199737906,0.014767343876883388,,0.13247244199737906,0.743966822391948,0.743966822391948,,,1.0000000000000002,2.308273513192924,38,27.9271058855836,3.0873763268009644,False,0.0014785947718115033,0.03897185628522418,14,0.0030182819769577485,6,0.0014785947718115033,4,-0.03244345891816103,-0.028385742446362272,,0.0,0.001407928680908339,,0.02185116612239958,0.058311006527179424,0.0730170427977719,0.01470603627059247,0.03221249006286916,0.018515913561735348,0.039410877470981445,0.06926431415165683,0.029853436680675388,0.04642477492642612,0.02077942272382251,0.6259860356608133|0.9120732741705532|0.5195490983220091,0.8931541015966828|0.5832076526996549|0.1359846880840572,0.4427252421838669|0.5248115687056422|0.13546492916660485
18,,lift,1,0.8824969025845955,2,2,0,0,2,0,2,right_hand|left_hand,0.14891258720308542,0.0027175380382686853,0.13121770694851875,0.014944616006687284,,0.13121770694851875,0.7818982813175132,0.7818982813175132,,,1.0,2.7908301873992154,36,37.10835011266569,4.167163520441786,False,0.0011935256795704424,0.03883626193050832,15,0.003035532063797697,6,0.0011935256795704424,5,-0.02908941493727113,-0.029035251785659355,,0.0,0.0013597012941045444,,0.022044517628712176,0.05258928045085924,0.07097137157333128,0.018382091122472036,0.03627709978397313,0.018535808243723625,0.034969496022889825,0.06929241376166419,0.03432291773877436,0.054916703391455365,0.021584586973244682,0.6241087548035456|0.9130080353210174|0.5170120632259728,0.8921302750719472|0.5764823742696146|0.13526873586397986,0.44271865421000534|0.5261162422511763|0.13519022274609716
19,lift,lift,0,1.0,2,2,0,0,2,0,2,right_hand|left_hand,0.17081229202449322,0.002679702825844288,0.1535736550576985,0.014528537867590785,,0.1535736550576985,0.8218075093464857,0.8218075093464857,,,1.0000000000000002,2.987012987012987,35,40.519480519480524,4.5895817254854245,False,0.001338214308686067,0.03872691775797474,15,0.0029856556847730753,6,0.001338214308686067,5,-0.026898784858699898,-0.029361647438371108,,0.0,0.0014059022069094435,,0.02212998745360219,0.04693967049141904,0.06948482081197387,0.022545150320554826,0.04131911373517155,0.018429985861789656,0.03153757446137274,0.06907164792042993,0.03753407345905719,0.06148461230041057,0.021679522534620802,0.6223673562951024|0.912728360663141|0.5152360327213759,0.8910513823521943|0.5720061751531692|0.13552591592875013,0.4429193724223496|0.5265020076129056|0.13507354134032054
20,lift,lift,1,0.8824969025845955,2,2,0,0,2,0,2,right_hand|left_hand,0.14710097992792726,0.0027113209944218397,0.12992083095014095,0.014438085025176406,,0.12992083095014095,0.8863821028702751,0.8863821028702751,,,1.0000000000000002,2.8408713497431926,33,36.26755633195352,4.186316581861904,False,0.0013048090252482797,0.03850143920152618,15,0.0029824674316329125,6,0.0013048090252482797,5,-0.027494998585369856,-0.02891976980212263,,0.0,0.0014131224938225624,,0.022584807082918046,0.042137197001041356,0.06793870813062812,0.025801511129586764,0.050392172070506336,0.01980767841290646,0.030081807189030255,0.069509010092065,0.03942720290303475,0.0657234120737787,0.021581500007135053,0.6208439090833137|0.9113826545509346|0.514974493183131,0.8897747122690016|0.5699676909941688|0.13639336258101165,0.4425006956076182|0.5254890459390211|0.13500374566096177
21,lift,lift,2,0.6065306597126334,2,2,0,0,2,0,2,right_hand|left_hand,0.1482312511652708,0.0026935350615531206,0.1310874589253217,0.014418771024793386,,0.1310874589253217,0.9273167127853021,0.9273167127853021,,,0.9999999999999999,2.3696629645130556,32,26.489015779708804,3.0893428495600377,False,0.001399569854394267,0.038242273294417345,15,0.0029389578279449546,6,0.001399569854394267,5,-0.028875061759958243,-0.027881205339424397,,0.0,0.0014139144696467866,,0.022990314189591913,0.03866287067761362,0.06645509536340492,0.027792224685791303,0.05506861781777782,0.020191987191459128,0.029937430837878223,0.06980756489131873,0.039870134053440504,0.0707937165253316,0.022262740722890233,0.6182265293340665|0.9123063405168519|0.5126044896948521,0.888322280767849|0.5695141650409683|0.1369608786401813,0.44213089688162005|0.5225485994321095|0.1351199579547849
22,lift,lift,3,0.32465246735834974,2,2,0,0,2,0,2,right_hand|left_hand,0.1481850480195135,0.002675392897799611,0.13080401509068906,0.014674077974632382,,0.13080401509068906,0.9088480537490475,0.9088480537490475,,,1.0000000000000002,1.7918509818470136,32,15.31424423144903,1.7860592219165954,False,0.0015093044347574136,0.038139544948314924,15,0.0029502151468231153,6,0.0015093044347574136,5,-0.02855894406168069,-0.02661754721703069,,0.0,0.0014143973523490238,,0.023015507403729808,0.03735674281998337,0.06662602089628795,0.029269278076304583,0.05885149917034144,0.02040716224252402,0.03126426443896467,0.07055313119315082,0.03928886675418615,0.07313821285207497,0.02175563192205707,0.6185210720747163|0.9120417515846057|0.5100470803109995,0.8883675631801696|0.5681429902308309|0.13719531653639117,0.4413355359192672|0.5189649440576352|0.13522677236117395
23,lift,lift,4,0.25,2,2,0,0,2,0,2,right_hand|left_hand,0.14760352112352848,0.0026570050977170467,0.1303981200326234,0.014516676077619195,,0.1303981200326234,0.9286008859579146,0.9286008859579146,,,1.0,1.622983870967742,32,12.048387096774194,1.4051710654596454,False,0.0010326315553556148,0.0381692217935074,15,0.003077930906285109,6,0.0010326315553556148,5,-0.02767897937351549,-0.024993302069661993,,0.0,0.0013708046619047218,,0.023206222724583253,0.036789626405801315,0.06692081364012441,0.030131187234323092,0.061783704438187544,0.020576918681425735,0.032377184243247814,0.07139845438870643,0.039021270145458614,0.07517530498399859,0.021832303042750034,0.6176814780412851|0.9122332803581389|0.5063011682826443,0.8886055685741807|0.56590932718039|0.13728729894295816,0.4409059753270325|0.5144581579683788|0.13537777108217297
24,lift,lift,5,0.25,2,2,0,0,2,0,2,right_hand|left_hand,0.14670550706796348,0.002678164979442954,0.12982418620958924,0.01416924293152988,,0.12982418620958924,0.9433465708250113,0.9433465708250113,,,1.0,1.622983870967742,32,12.048387096774194,1.4051710654596454,False,0.001868331867368414,0.038154393859447466,15,0.003059761113823445,6,0.001868331867368414,5,-0.025625063425900763,-0.02404830029791505,,0.0,0.001406280868744071,,0.023310515565728145,0.03570710406711344,0.06684188074048154,0.0311347766733681,0.0628196501690106,0.020660935429696794,0.031150753970617714,0.07208677269968752,0.04093601872906981,0.07693702433755098,0.02176480173715126,0.6163251352529907|0.9119059293948769|0.5041228581470174,0.8882127215435375|0.5607887732177308|0.13729319294800982,0.4406856758736442|0.5115471734710132|0.13544162948120042
25,lift,lift,6,0.25,2,2,0,0,2,0,2,right_hand|left_hand,0.14602909004315734,0.002678545890375972,0.12927382392808795,0.014046150026842952,,0.12927382392808795,0.9715056934433558,0.9715056934433558,,,1.0,1.6295546558704452,30,11.700404858299596,1.395748620868797,False,0.00101883482856914,0.03804944784107123,15,0.00284940048380658,6,0.0010145665742691823,5,-0.025960815082147093,-0.02377923166198137,,0.0,0.0014142634251546056,,0.02343370006496944,0.031443064163288646,0.06701009184429423,0.03556702768100558,0.06787002264592117,0.021060099792027078,0.026889081374842517,0.07154941955675719,0.04466033818191467,0.07845506502958788,0.022236311964327148,0.6185393418442109|0.9109130213145576|0.5033671194428685,0.8886270631655433|0.5609541504579982|0.13726955694196052,0.4419177986043983|0.5088665470879817|0.1356103065881353
26,lift,lift,7,0.25,2,2,0,0,2,0,2,right_hand|left_hand,0.14569270401261747,0.002657592063769698,0.1285784589126706,0.01442609098739922,,0.1285784589126706,0.9764595097300586,0.9764595097300586,,,1.0000000000000002,1.6361788617886177,28,11.317073170731707,1.3847118098070739,False,0.0010284272499730268,0.037904895522700155,15,0.0011607672289883075,6,0.0010284272499730268,5,-0.02681618221686577,-0.026300820416180315,,0.0,0.0012895309601340264,,0.023434638845406756,0.02728719847017925,0.06619318296221514,0.038905984492035896,0.06904924167393897,0.020785561975163742,0.024626742472030148,0.0703689042900744,0.04574216181804426,0.07822288859658934,0.02155788662560447,0.6187734259949265|0.9090448036238168|0.503111606459099,0.8886702369297338|0.5608018075773344|0.1373096153442847,0.4424066269992284|0.5141280500502932|0.1351794380179397
27,lift,lift,8,0.25,2,2,0,0,2,0,2,right_hand|left_hand,0.14359475998207927,0.0026946740690618753,0.12660175701603293,0.01426579593680799,,0.12660175701603293,0.9702817982264381,0.9702817982264381,,,1.0,1.6328600405679514,29,11.513184584178498,1.390436571197103,True,0.0014637004528651743,0.037899095358386564,13,0.0014637004528651743,5,0.0009954694246636087,4,-0.032011206305289974,-0.027873104580567798,,0.0,0.0013900206377688682,,0.023472132705539665,0.026344933036570133,0.06478590952895365,0.03844097649238351,0.06776688472804661,0.020468987553321657,0.024136155590451434,0.06988967530533453,0.045753519714883104,0.07645988224306745,0.021337357223026297,0.6190809307385611|0.9098875855424579|0.5019558718164817,0.8882984948460316|0.5696501944401808|0.13753113427432892,0.44315191361051415|0.5142156433660182|0.13510807192783136
28,lift,lift,9,0.25,2,2,0,0,2,0,2,right_hand|left_hand,0.14390904689207673,0.0026444990653544664,0.1268915489781648,0.014341785106807947,,0.1268915489781648,0.9485098076331702,0.9485098076331702,,,1.0,1.6328600405679514,29,11.513184584178498,1.390436571197103,True,0.0010735522655719726,0.037839752188923825,15,0.0010735522655719726,6,0.0010288316652192486,5,-0.03233819734379573,-0.029116051281585342,,0.0,0.0014143857217518761,,0.02329655312379696,0.02473398841874053,0.06377939535958001,0.03904540694083948,0.06632753896409116,0.020360046455230454,0.022772098598587653,0.06932062785959027,0.046548529261002614,0.07488296757965258,0.021083894273209433,0.6175092742998562|0.909961618742741|0.5042606196366869,0.8877445849422869|0.5662581128217226|0.13765350262899248,0.443968753477286|0.5133009482019797|0.13502450893839515
29,lift,lift,10,0.25,2,2,0,0,2,0,2,right_hand|left_hand,0.14569211681373417,0.002678452990949154,0.12848547892645001,0.014493661001324654,,0.12848547892645001,0.9334445168597295,0.9334445168597295,,,1.0,1.6328600405679514,29,11.513184584178498,1.390436571197103,True,0.0012285942240701925,0.03753810128874477,14,0.0010066788889860762,5,0.0012285942240701925,5,-0.032390429743070825,-0.03128010088513378,,0.0,0.0014152711284683938,,0.023285152334427343,0.025322629422426395,0.06517082617886699,0.03984819675644059,0.06351126756981605,0.020498429135669863,0.022617856403851232,0.06735167012188047,0.04473381371802923,0.07232548501654087,0.02117139798475054,0.6197764289522177|0.9108012521806543|0.5074631124563493,0.8876147308828071|0.5649027834082583|0.137680066495615,0.4453239204588544|0.5120867180061047|0.13521353424461297
30,lift,place,10,0.25,2,2,0,0,2,0,2,right_hand|left_hand,0.14500726107507944,0.0026870130095630884,0.12759137898683548,0.014697049045935273,,0.12759137898683548,0.9009459067051704,0.9009459067051704,,,1.0,1.6328600405679514,29,11.513184584178498,1.390436571197103,True,0.0010377297129281898,0.037551670694784545,14,0.0009989704681817868,5,0.0010377297129281898,5,-0.03282416769078189,-0.03314111148791987,,0.0,0.0014153866216020836,,0.02308104190268865,0.02569152784587973,0.06651541875371395,0.04082389090783421,0.059784487262589114,0.019847305380240186,0.02207419619357838,0.06501527181214847,0.04294107561857009,0.06906914841324618,0.02129013211678209,0.6220499679146693|0.9105427098424207|0.5105101784439667,0.8865842996324402|0.5648102916490148|0.13769244539300504,0.44682493619456676|0.5086482564359955|0.13552956482618134
31,lift,place,9,0.25,2,2,0,0,2,0,2,right_hand|left_hand,0.14484894811175764,0.002639541868120432,0.127806237898767,0.014370560180395842,,0.127806237898767,0.8510656757364365,0.8510656757364365,,,1.0000000000000002,1.6361788617886177,28,11.317073170731707,1.3847118098070739,True,0.006809801290947645,0.0377338429139544,14,0.0011575064547993952,5,0.006809801290947645,5,-0.03447392888011791,-0.03158526588102184,,0.0,0.001288063254134536,,0.02276557650649911,0.025699321141880678,0.06589680244731749,0.040197481305436815,0.053349805234866154,0.019417091957377466,0.021329846123886942,0.06591848429386636,0.04458863816997942,0.06415135635856688,0.020097158428526704,0.6220588734071999|0.9073048854459823|0.5130427517964063,0.883231208427878|0.5611228264027643|0.13760542464362274,0.4457380976623533|0.5078213957729266|0.13551543921258682
32,lift,place,8,0.25,2,2,0,0,2,0,2,right_hand|left_hand,0.1450557461939752,0.0026627660263329744,0.1278067829553038,0.014553915010765195,,0.1278067829553038,0.7931852058006291,0.7931852058006291,,,1.0,1.6328600405679514,29,11.513184584178498,1.390436571197103,True,0.001676265545018235,0.03837796772437116,15,0.001028008564279148,6,0.001676265545018235,5,-0.03439834113529194,-0.03182059181196273,,0.0,0.0013686988377680205,,0.022320644939383138,0.02620099128199984,0.07018912693852779,0.04398813565652795,0.047753875820043534,0.018368148310534762,0.02211831179660422,0.06409994483933407,0.041981633042729845,0.057085808737433366,0.0206432849834268,0.6255890724850215|0.9000955030249616|0.5176113330232344,0.882013683304414|0.5609319654314593|0.13744332451089636,0.44890535603323134|0.5040831701987223|0.13528312862046787
33,lift,place,7,0.25,2,2,0,0,2,0,2,right_hand|left_hand,0.1494602169841528,0.0026805701199918985,0.13195107295177877,0.014797435840591788,,0.13195107295177877,0.73316534280395,0.73316534280395,,,1.0000000000000002,1.6361788617886177,28,11.317073170731707,1.3847118098070739,True,0.0011487253280872411,0.04031134887496815,13,0.0011487253280872411,6,0.0009734615310620642,3,-0.03525689082424677,-0.03228714935404753,,0.0,0.0014228890598640847,,0.0219063991114138,0.026911834767950258,0.06211655894746444,0.03520472417951419,0.039677220989528084,0.018124442467385864,0.022946397203677464,0.056408909578447075,0.03346251237476961,0.04721789510510446,0.02013713959684846,0.6238079878022983|0.8898216086192432|0.5207960038510525,0.877135731502045|0.5539054847112703|0.13735834483958503,0.45271934747148496|0.5037259057386926|0.13466949187544697
34,lift,place,6,0.25,2,2,0,0,2,0,2,right_hand|left_hand,0.14835569798015058,0.0026624430902302265,0.13127515115775168,0.014388381969183683,,0.13127515115775168,0.7177443595046266,0.7177443595046266,,,1.0,1.6328600405679514,29,11.513184584178498,1.390436571197103,True,0.0010973390913395047,0.040660979196487784,11,0.0010973390913395047,6,0.0004753625532948197,1,-0.03342862114722678,-0.030675611839598105,,0.0,0.0013644765633405152,,0.021758864849023597,0.027928037298889173,0.0656463560012668,0.03771831870237762,0.04389415247638616,0.017579471485611835,0.024002788856349398,0.05063975999059752,0.026636971134248122,0.038893978774666375,0.02104458468785477,0.625175162635315|0.8924380589154215|0.5295387789069955,0.8798526508255691|0.553856618870149|0.1535363369409411,0.4573497526030389|0.5019637856970591|0.13719449832467673
35,lift,place,5,0.25,2,2,0,0,2,0,2,right_hand|left_hand,0.14790706988424063,0.002643743995577097,0.13075168407522142,0.014479568926617503,,0.13075168407522142,0.7082261495813204,0.7082261495813204,,,1.0,1.6328600405679514,29,11.5131845841785,1.390436571197103,True,0.0012992328798641511,0.03976551117095509,10,0.0012992328798641511,5,7.320897793734737e-05,1,-0.03299692630021234,-0.030178199448425147,,0.0,0.0012199281903128656,,0.02180993066150579,0.029322161609551225,0.06439652431453036,0.03507436270497913,0.04353532510115795,0.017635543550634215,0.025333554594958,0.05018103905252552,0.02484748445756752,0.03654780073890878,0.021003771113341757,0.6238074086872618|0.8939811496580704|0.5447112138063285,0.8791858362577294|0.5453444483990191|0.17164732121990645,0.45721381619255785|0.5003314140177479|0.1536071566404804
36,lift,place,4,0.25,2,2,0,0,2,0,2,right_hand|left_hand,0.14682043599896133,0.0026750140823423862,0.12974343285895884,0.01437100488692522,,0.12974343285895884,0.6932168063749664,0.6932168063749664,,,1.0,1.6328600405679514,29,11.5131845841785,1.390436571197103,True,0.00153452525051068,0.03878858893458906,11,0.00153452525051068,6,0.0005801745632427607,1,-0.033109817988115964,-0.03263677358602024,,0.0,0.0014263164453624064,,0.021630212753304314,0.03130343505431578,0.06306729778839323,0.031763862734077455,0.04126545442337601,0.017552746955064445,0.026588516920129236,0.0491673724368072,0.022578855516677966,0.03459379824751962,0.02071144974578312,0.6238094441166692|0.8951580076994943|0.564253193846627,0.8777668074063162|0.537234847755162|0.19126033214929963,0.4565909738724486|0.49869573748925294|0.17724922920711478
37,lift,place,3,0.32465246735834974,2,2,0,0,2,0,2,right_hand|left_hand,0.1438813740387559,0.002659308025613427,0.12745279306545854,0.013738228939473629,,0.12745279306545854,0.6779708162342197,0.6779708162342197,,,1.0000000000000002,1.8010819755735175,30,14.888275944742533,1.7760317586145868,True,0.0015936250517588138,0.03741411323728683,11,0.0015936250517588138,6,0.0009436003723340414,1,-0.03352958655000471,-0.030950301572822525,,0.0,0.0014406039484232923,,0.02155192555671671,0.03375589518207893,0.06242951278853847,0.02867361760645954,0.03827929939268495,0.017685906994358135,0.02796416232611147,0.04944093156466049,0.021476769238549024,0.034154447098564154,0.02042178002782913,0.6193919725824755|0.894336776950197|0.5841852755917311,0.8755187626155928|0.5310337195046796|0.21441549810001176,0.454052036348547|0.49742422781165724|0.19762865404814595
38,lift,place,2,0.6065306597126334,2,2,0,0,2,0,2,right_hand|left_hand,0.14122944208793342,0.0026859119534492493,0.12417643098160625,0.014334683073684573,,0.12417643098160625,0.6616872363475742,0.6616872363475742,,,1.0,2.4015987003921806,29,25.498314818673133,3.0794077145693457,True,0.0025834552463360333,0.036000748360210555,12,0.0025834552463360333,6,0.0010933105917237396,2,-0.034437284286422454,-0.029871481356741114,,0.0,0.0013568736829835638,,0.021369518499781647,0.036744128846563404,0.06272437606837544,0.02598024722181204,0.035333978603110446,0.01835285830384486,0.02991824115629804,0.05018481901715024,0.0202665778608522,0.03402820606854738,0.021208484904315067,0.6167248110155952|0.8940643466249217|0.6013415761190513,0.8718575198263762|0.5319150112211964|0.23678406166903762,0.45152155248513837|0.5014839116641524|0.21832971431095477
39,lift,place,1,0.8824969025845955,2,2,0,0,2,0,2,right_hand|left_hand,0.1605483319144696,0.002685453975573182,0.14309639111161232,0.014734501019120216,,0.14309639111161232,0.6441889082958104,0.6441889082958104,,,1.0000000000000002,2.8927398091945675,30,35.176964942587134,4.196282171393289,True,0.0021838813438678738,0.03464177975592697,12,0.0021838813438678738,7,0.001145736647571019,1,-0.033730895973578257,-0.030194062424666157,,0.0,0.0014389536068657779,,0.021397094695480224,0.03939630956635782,0.061043017625351824,0.021646708058994005,0.03192587509055478,0.01813222595157885,0.03153447099792206,0.048021438415556096,0.016486967417634037,0.02960730206195146,0.02107816285730841,0.6163662696920835|0.8933005168169926|0.620104090002806,0.8683681479789223|0.5253639580602839|0.2654380293374261,0.4508932699455665|0.4902546237548387|0.2483013024062492
40,lift|place,place,0,1.0,2,2,0,0,2,0,2,right_hand|left_hand,0.13108451501466334,0.0027028690092265606,0.1141021428629756,0.01424715993925929,,0.1141021428629756,0.648778781077933,0.648778781077933,,,0.9999999999999999,3.0666666666666664,31,39.2,4.62216880311012,True,0.0033212390102757144,0.03346811740409186,15,0.0033212390102757144,8,0.0012072317288459727,2,-0.033782173046686736,-0.029622188774716562,,0.0,0.0014249969645248359,,0.021434331243992064,0.041099633093159775,0.06043817035584555,0.019338537262685772,0.03157751284042646,0.018697487675794457,0.033285816620185815,0.05016834955437235,0.016882532934186532,0.03053872303494381,0.020972334302618467,0.610201741345261|0.8937107743845358|0.636815464033004,0.863256324234441|0.5263626642218051|0.294659210062231,0.4457057479519369|0.493374722237262|0.2772919764351753
41,lift|place,place,1,0.8824969025845955,2,2,0,0,2,0,2,right_hand|left_hand,0.12989184586331248,0.0027192658744752407,0.11318060103803873,0.013961200835183263,,0.11318060103803873,0.6464739138200571,0.6464739138200571,,,1.0,2.857952920033467,32,35.93244870588994,4.190705098290529,True,0.0018744088602375211,0.03219747421201877,14,0.0018744088602375211,7,0.0009982970391026608,1,-0.03132278296767588,-0.027928689347263003,,0.0,0.0014619728650490237,,0.02150899835029013,0.043174152491047266,0.06179051811274228,0.018616365621695018,0.03142951497260225,0.01852338396007496,0.03532677739183851,0.050162360439264135,0.014835583047425625,0.02766454311250673,0.021215153886726602,0.6084189794394473|0.8901302352761845|0.6548387860209366,0.8597380510568868|0.5271563923667167|0.32398216702895577,0.44308580280911286|0.4859226488331307|0.30928476801118315
42,lift|place,place,2,0.6065306597126334,2,2,0,0,2,0,2,right_hand|left_hand,0.1296793359797448,0.002707181964069605,0.11301571503281593,0.0139259600546211,,0.11301571503281593,0.6467521258371093,0.6467521258371093,,,1.0,2.380213418126144,31,26.17953193090881,3.0868932594661196,True,0.0027374614231300276,0.03105227827706819,13,0.0027374614231300276,7,0.0,0,-0.030472679841510697,-0.02842085223772628,,0.0,0.0014199270563170028,,0.021404360185364252,0.04431518889612136,0.0633126027435025,0.018997413847381142,0.03250057847335023,0.01858233705123662,0.03730398362212385,0.05094516138113795,0.013641177759014099,0.027199348440984837,0.021307568816959353,0.6044097586412129|0.8884530964865541|0.6706459421608668,0.8569459770099817|0.5279606052680488|0.3588481658272349,0.4383039963528675|0.4861105621459372|0.34421298292204255
43,lift|place,place,3,0.32465246735834974,2,2,0,0,2,0,2,right_hand|left_hand,0.12895268201828003,0.0026784921064972878,0.11248226906172931,0.013759925961494446,,0.11248226906172931,0.6532054477819518,0.6532054477819518,,,1.0000000000000002,1.7964546205367078,31,15.10694570566401,1.7812972742601678,True,0.001569295809251331,0.030555085285823597,14,0.001569295809251331,8,0.0,0,-0.028533016779462628,-0.026820059822842524,,0.0,0.0014645458385785194,,0.02135476517732047,0.04515242212278731,0.0683861431495735,0.02323372102678619,0.0375427238657017,0.018631901861221163,0.038905617084151564,0.05322137626177199,0.014315759177620423,0.028989985274025246,0.021537946432755462,0.5991337145074231|0.8871732617066419|0.6839237520819696,0.8564471811463493|0.5329782149674435|0.3959778157367486,0.43133073556886753|0.4865359623869737|0.3800963377891119
44,lift|place,place,4,0.25,2,2,0,0,2,0,2,right_hand|left_hand,0.12860033777542412,0.002716453978791833,0.11251982790417969,0.013330281944945455,,0.11251982790417969,0.6329839032909094,0.6329839032909094,,,1.0,1.6262626262626265,31,11.878787878787875,1.4006572130636732,True,0.0014819008611865192,0.030303928303320155,13,0.0014819008611865192,7,0.0,0,-0.028693997180294417,-0.02620152598390213,,0.0,0.0014582385153773902,,0.021144169515330238,0.04558979301930462,0.06785560524746866,0.02226581222816404,0.037574429143751274,0.018607309325910516,0.039558003577122504,0.05403243782815521,0.014474434251032703,0.02948436129885048,0.02120678575019464,0.5909732748773975|0.8898512372673739|0.695349607227424,0.8513333204019723|0.5324509988145383|0.4287385010368584,0.42621957619471845|0.4861700609724185|0.41344163866727723
45,lift|place,place,5,0.25,2,2,0,0,2,0,2,right_hand|left_hand,0.1285110730677843,0.00280069001019001,0.11209627380594611,0.013583543011918664,,0.11209627380594611,0.6439063141620196,0.6439063141620196,,,1.0,1.6262626262626265,31,11.878787878787875,1.4006572130636732,True,0.0014493604018010302,0.029443310118711347,14,0.0014493604018010302,8,0.0,0,-0.02730200834412244,-0.026126251802361722,,0.0,0.0014161416378180103,,0.02133745784407587,0.045321410987796004,0.06917665551269467,0.023855244524898664,0.03992588085935332,0.018810312364093723,0.03955574037981286,0.0545714513207415,0.015015710940928642,0.030149334798967954,0.02133841167329616,0.5834677889827915|0.8894199542647376|0.7063422641442351,0.8479856612540905|0.5318394047931052|0.46113854750372496,0.42116670446003657|0.4858002464736|0.4450819235784073
46,lift,release,5,0.25,2,2,0,0,2,0,2,right_hand|left_hand,0.12791530694812536,0.002789651043713093,0.11139422096312046,0.013699350878596306,,0.11139422096312046,0.669032272239924,0.669032272239924,,,1.0,1.6262626262626265,31,11.878787878787875,1.4006572130636732,True,0.00443019855770338,0.03016726843397799,16,0.00443019855770338,10,0.0,0,-0.031022482398906703,-0.02564754677642611,,0.0,0.001416170687927415,,0.02165922508527203,0.045371744869698076,0.06665511817309844,0.02128337330340036,0.03870060512331685,0.018722669234627613,0.039796004214663484,0.05538944513589336,0.015593440921229877,0.030591542486975293,0.021559755888740366,0.5748078183166137|0.8849753975136513|0.7138927076977079,0.8408750978388412|0.5302534786317543|0.49498497265806474,0.41558721273138877|0.48512849540487973|0.47539355797436733
47,lift,release,4,0.25,2,2,0,0,2,0,2,right_hand|left_hand,0.12806225498206913,0.0027627889066934586,0.11160510708577931,0.013664859114214778,,0.11160510708577931,0.6872539674092846,0.6872539674092846,,,1.0,1.6262626262626265,31,11.878787878787875,1.4006572130636732,True,0.0023605980770981944,0.030460786018169844,17,0.0023605980770981944,10,0.0004434777330058759,1,-0.030624374230434626,-0.027043494617615238,,0.0,0.0014078644052387716,,0.021948700009244402,0.04539990454306814,0.06774408268835189,0.02234417814528375,0.04056195087374978,0.019111666950434127,0.04030086310138736,0.054392406986765486,0.014091543885378123,0.028898304622469822,0.021736144056981675,0.5674716527967522|0.875690841665335|0.7197949177790905,0.8361861855806219|0.5305480258281351|0.5244335362230423,0.41179904569212594|0.4833464597016438|0.5044907984227558
48,lift,release,3,0.32465246735834974,2,2,0,0,2,0,2,right_hand|left_hand,0.15200447896495461,0.0027013111393898726,0.13527778699062765,0.013994034845381975,,0.13527778699062765,0.7326174244657186,0.7326174244657186,,,1.0000000000000002,1.7964546205367078,31,15.10694570566401,1.7812972742601678,True,0.0041125931491484,0.03144882898427934,15,0.0041125931491484,10,0.00041595367824477647,1,-0.028585658176076834,-0.025922811730767492,,0.0,0.001414687546909185,,0.022435563684554148,0.045355222799172264,0.07010719153765099,0.02475196873847873,0.04337296011833321,0.018690364286436424,0.04045546363171159,0.055203048366686845,0.014747584734975255,0.029072471701487815,0.022211154662683412,0.556786887276316|0.8709415440938361|0.7218769215789661,0.831324596699389|0.5320913297279263|0.5489821948194107,0.40649432976224215|0.4838304494523431|0.5292898246759509
49,lift,release,2,0.6065306597126334,2,2,0,0,2,0,2,right_hand|left_hand,0.12862671818584204,0.0027275842148810625,0.11198235396295786,0.013882467057555914,,0.11198235396295786,0.7364137656004838,0.7364137656004838,,,1.0,2.380213418126144,31,26.17953193090881,3.0868932594661196,True,0.001811245781883769,0.03240028146440738,15,0.001811245781883769,10,0.0005281321941293105,1,-0.028660050448275243,-0.02352869529934587,,0.0,0.0013993159547590218,,0.02247452897233561,0.04411848653710435,0.0681777361804805,0.024059249643376142,0.041403438454583004,0.018234560568670434,0.04059159351652607,0.05664612130649019,0.01605452778996412,0.029612181094663605,0.0214088166443642,0.5517450366857934|0.864877459583368|0.7228106144044996,0.8243497799511132|0.5270482213988624|0.569039132167734,0.4014486764964817|0.4837039867738243|0.5504129825494457
50,lift,release,1,0.8824969025845955,2,2,0,0,2,0,2,right_hand|left_hand,0.12752264318987727,0.0027116991113871336,0.11101697711274028,0.013759943889454007,,0.11101697711274028,0.7306739634800559,0.7306739634800559,,,1.0,2.857952920033467,32,35.932448705889946,4.190705098290529,True,0.00152036977647807,0.03317848605509946,13,0.00152036977647807,9,0.0010700440581871418,2,-0.028279923837057908,-0.022323833649306124,,0.0,0.0013720219486322448,,0.02246058514214654,0.04299833347474767,0.06866575811960154,0.025667424644853873,0.04282248850026708,0.0172603642404781,0.039546160245616836,0.057074772417726724,0.017528612172109888,0.030224470131884118,0.02071470784120477,0.5450983349285689|0.8553049315652558|0.7248929297099088,0.8176848284022237|0.5238756244295302|0.5848198182208411,0.39818073250951846|0.48412172428484135|0.5676623828295895
51,lift|release,release,0,1.0,2,2,0,0,2,0,2,right_hand|left_hand,0.12536065001040697,0.002718036063015461,0.10900300182402134,0.013604918960481882,,0.10900300182402134,0.7514014651608234,0.7514014651608234,,,1.0000000000000002,3.0263157894736845,33,39.92105263157895,4.608034880191742,True,0.0030800269673812164,0.03430930376157623,15,0.0030800269673812164,10,0.0022439567908995317,3,-0.03004986580272906,-0.024278672766490317,,0.0,0.0014246156312877152,,0.022800370685643726,0.0430331024640381,0.07070698689748973,0.02767388443345163,0.04332552959365739,0.01667266433237207,0.0389231022401135,0.05623522743794323,0.01731212519782973,0.03008481513889223,0.021172105365300262,0.5394372168831408|0.8438846013263962|0.7256273152220738,0.8101406149212537|0.5230014251809879|0.5985247442026063,0.3934615389580235|0.4814509103377033|0.5883619648587805
52,lift|release,release,1,0.8824969025845955,2,2,0,0,2,0,2,right_hand|left_hand,0.12176352506503463,0.0027448718901723623,0.10536365304142237,0.013621537946164608,,0.10536365304142237,0.7324333677502786,0.7324333677502786,,,1.0000000000000002,2.823992754439523,34,36.57491660042249,4.180908531087981,True,0.0021157643994761804,0.03485119615179072,15,0.0021157643994761804,10,0.0015679223735358683,3,-0.03035687706561596,-0.023532102300015012,,0.0,0.001383879391044765,,0.022438496737046933,0.04354814501566332,0.07230046460434861,0.028752319588685286,0.04566194502626189,0.01615200552241425,0.03888576392798141,0.05784710394403858,0.01896134001605717,0.032130206702811456,0.020683700179816775,0.5329650718590837|0.8298063966067492|0.724788721193379,0.8055803986986554|0.5180774557773866|0.6129470199804866,0.38670501828584103|0.48336645860463134|0.6040940140386653
53,lift|release,release,2,0.6065306597126334,2,2,0,0,2,0,2,right_hand|left_hand,0.12119528907351196,0.002673712093383074,0.10510094091296196,0.01338721695356071,,0.10510094091296196,0.7295178859742202,0.7295178859742202,,,1.0000000000000004,2.3385654261222752,35,27.29623614053267,3.091804360741831,True,0.0014689749423303922,0.03539807968835357,15,0.0014440698525624573,10,0.0014689749423303922,3,-0.029876049439414132,-0.02262615823212677,,0.0,0.001380178247799163,,0.022309714010646284,0.0439225774101812,0.07663103604045621,0.03270845863027501,0.048879278696017894,0.016023394944275977,0.03883741285180156,0.059167950945201594,0.020330538093400033,0.03346710919825662,0.020630651535079248,0.5276334762652357|0.8138891876866918|0.7272663027120637,0.8014041776102668|0.5181356167833683|0.627506827225155,0.3814419644712285|0.4823619433385969|0.6158849542827306
54,lift,release,3,0.32465246735834974,2,2,0,0,2,0,2,right_hand|left_hand,0.12025740300305188,0.002719252137467265,0.10458440100774169,0.012921949848532677,,0.10458440100774169,0.7249940538950489,0.7249940538950489,,,1.0000000000000002,1.7781805544880556,35,15.868779934658395,1.797433270617648,True,0.0017565752403372464,0.035603242987328504,14,0.0014438643581003233,9,0.0017565752403372464,3,-0.02917663664410597,-0.02240241157527123,,0.0,0.001351101244060952,,0.022180384358275195,0.04456305780223359,0.08188812100895382,0.03732506320672023,0.05336767384767475,0.01623569514092335,0.03914922911374541,0.060478857370384206,0.021329628256638797,0.03468751778379647,0.020452901391064864,0.5229712188893467|0.7976423396678878|0.7308200839870551,0.7967088651946884|0.518886159288411|0.6382450253497426,0.3748023865621101|0.47898617646101277|0.6298608122975371
55,lift,release,4,0.25,2,2,0,0,2,0,2,right_hand|left_hand,0.11898351414129138,0.002741401083767414,0.1032455291133374,0.012962782057002187,,0.1032455291133374,0.7152039426352216,0.7152039426352216,,,0.9999999999999999,1.6132264529058116,35,12.50501002004008,1.4164240194884878,True,0.0014453064681614128,0.03597124304277338,15,0.0014453064681614128,10,0.0010473438740857821,3,-0.02904823101699705,-0.023764074474348362,,0.0,0.0013477110862455028,,0.022088067356313693,0.045977777571562344,0.08356789235579933,0.03759011478423698,0.053964108757853624,0.016251261520600958,0.039528284363214,0.06003381461343565,0.02050553025022165,0.03388015349513599,0.020821219367872863,0.5193719845050425|0.7820425632319767|0.7330512125854723,0.7925432688481523|0.5140649484997147|0.6485952404634417,0.37002057727133647|0.4721971569074395|0.6419818802806592
56,lift,release,5,0.25,2,2,0,0,2,0,2,right_hand|left_hand,0.11883711814880371,0.0027472551446408033,0.10307271801866591,0.012986283050850034,,0.10307271801866591,0.7205285972116313,0.7205285972116313,,,0.9999999999999999,1.6132264529058116,35,12.50501002004008,1.4164240194884878,True,0.001448906040974831,0.036405226676763686,14,0.001448906040974831,9,0.0013824341461605577,3,-0.029249832240104467,-0.02364438732375973,,0.0,0.0013515914110129095,,0.022202120349900663,0.046856424441654033,0.08499824371811333,0.0381418192764593,0.054883121385235024,0.016823921443968867,0.040072941428593856,0.06037158077596319,0.020298639347369335,0.03345405428196147,0.021002123746435144,0.5174770890578688|0.7681575596768062|0.7345823806825269,0.787691920102231|0.5086695031013576|0.6562642109620135,0.36591697651156346|0.4644296356257036|0.6486801890653421
57,lift,release,6,0.25,2,2,0,0,2,0,2,right_hand|left_hand,0.11822650395333767,0.0027138639707118273,0.10229953099042177,0.013180078007280827,,0.10229953099042177,0.7206986444368955,0.7206986444368955,,,0.9999999999999999,1.6132264529058116,35,12.50501002004008,1.4164240194884878,True,0.0021278386849405764,0.036905474503582975,16,0.0021278386849405764,11,0.0017997047340497785,2,-0.02980723364226634,-0.024097295374780003,,0.0,0.0013868850361246018,,0.022269831073355582,0.047106205861016825,0.08408404970112975,0.03697784384011292,0.05506600721041933,0.017119858589345706,0.04059147177297748,0.06008055025865309,0.01948907848567561,0.032796016816204615,0.02135122987160644,0.5140546654694265|0.7545781700344132|0.7360093285377342,0.7846958716647366|0.4988282043288204|0.6646334839148411,0.3627968391024763|0.4549230033932412|0.6528131086464963
58,lift,release,7,0.25,2,2,0,0,2,0,2,right_hand|left_hand,0.1190592460334301,0.0027285979595035315,0.10291236499324441,0.013384365011006594,,0.10291236499324441,0.731029744735865,0.731029744735865,,,0.9999999999999999,1.6132264529058116,35,12.50501002004008,1.4164240194884878,True,0.0015535225236236322,0.037633897465234406,17,0.001456653138857341,12,0.0015535225236236322,2,-0.028661841721781656,-0.024813974719625875,,0.0,0.0013389933802150007,,0.022405582479942426,0.04747470353695365,0.08607420457960237,0.03859950104264872,0.05743125308286192,0.017147444741115375,0.041238220421284645,0.059586367670423364,0.01834814724913872,0.031822906646519405,0.02158907299093737,0.5134300826535741|0.7427047387573418|0.7341445487946088,0.7806632424031585|0.49020078745278234|0.6637267865289923,0.36040308769481383|0.4450986085076868|0.6545649946000422
59,lift,release,8,0.25,2,2,0,0,2,0,2,right_hand|left_hand,0.11768562416546047,0.00270476914010942,0.10200825007632375,0.012938328785821795,,0.10200825007632375,0.729388073749246,0.729388073749246,,,0.9999999999999999,1.6132264529058116,35,12.50501002004008,1.4164240194884878,True,0.0020401551823042985,0.03845613940759282,19,0.0014439609771900626,14,0.0020401551823042985,2,-0.029296048019649135,-0.023592380960700154,,0.0,0.0013366316392969559,,0.022430010810499293,0.04783961738034645,0.08518618308791026,0.03734656570756381,0.0565454943466171,0.01706774097806592,0.041370924921126,0.06049404256480333,0.01912311764367733,0.03262331304335155,0.021794664072445666,0.5110416600366209|0.7290452698757688|0.7322152967552151,0.7770416738540091|0.4771540347191634|0.6658132432405914,0.3570226982064729|0.4339029025134207|0.6526978176852353
60,lift,release,9,0.25,2,2,0,0,2,0,2,right_hand|left_hand,0.11888619093224406,0.0027240710332989693,0.10295516718178988,0.013175095897167921,,0.10295516718178988,0.7288111382256317,0.7288111382256317,,,0.9999999999999999,1.6132264529058116,35,12.50501002004008,1.4164240194884878,True,0.0018953522266332151,0.039341865848057656,18,0.0018953522266332151,14,0.0011708704741195258,1,-0.028532787497358214,-0.026738703582886103,,0.0,0.0013395771861096964,,0.02239957283884551,0.04849226055337269,0.08682560732122975,0.03833334676785706,0.05845491765786824,0.01694574500120794,0.041350422090621605,0.05758088121110256,0.016230459120480954,0.03387801735558124,0.02201055817592794,0.5100232939238547|0.714946805488985|0.7294957126986593,0.7732284686571796|0.4670389086562745|0.663272197610498,0.35603594470135924|0.418509400038764|0.6538577025785847
61,lift,release,10,0.25,2,2,0,0,2,0,2,right_hand|left_hand,0.11962117999792099,0.0027591842226684093,0.10345531115308404,0.013375498121604323,,0.10345531115308404,0.7133555981794302,0.7133555981794302,,,1.0000000000000002,1.61,36,12.640000000000004,1.4194365079143205,True,0.0014951397205378615,0.040123546679491306,14,0.0014951397205378615,10,0.0011669156376486467,1,-0.028936182571502655,-0.027085211206454574,,0.0,0.0013363794069200664,,0.02220825917447636,0.04899456267311318,0.08660732854671738,0.037612765873604195,0.057246013914948025,0.016996227280877487,0.04132883089483988,0.05715962097005837,0.01583079007521849,0.032938320025675864,0.02210502808214053,0.5081107885911517|0.6991825037538637|0.7266484996051794,0.7698596323958258|0.45303240094518676|0.6638797706831294,0.35259733960368156|0.4030513484776091|0.6532083583331043
62,lift,release,11,0.25,2,2,0,0,2,0,2,right_hand|left_hand,0.1409739418886602,0.0027259711641818285,0.12536488682962954,0.012851931154727936,,0.12536488682962954,0.7028073412018864,0.7028073412018864,,,1.0000000000000002,1.61,36,12.640000000000004,1.4194365079143205,True,0.0016244127583991026,0.041117100037612236,10,0.0016244127583991026,6,0.001030317653118784,1,-0.028924487245134856,-0.025039736625151576,,0.0,0.0013274199448974665,,0.02206054762696608,0.049394518204468864,0.08627542172393761,0.036880903519468745,0.056453239883722243,0.016774540710653138,0.04091367850967092,0.05837842253703024,0.01746474402735932,0.03406845015537597,0.021867283486789436,0.509742028409839|0.6837190120677115|0.7234385283810147,0.7665182017844924|0.43879661653128965|0.6624681509613246,0.3489333382155882|0.38925395460404155|0.6503041696694187
63,lift,release,12,0.25,2,2,0,0,2,0,2,right_hand|left_hand,0.1178235721308738,0.0027317251078784466,0.1020832450594753,0.01297641801647842,,0.1020832450594753,0.6885360862333405,0.6885360862333405,,,1.0000000000000002,1.61,36,12.640000000000004,1.4194365079143205,True,0.001986666574297316,0.04191912924457983,12,0.0014744008966922628,7,0.001986666574297316,2,-0.029168406128095015,-0.02716586280872413,,0.0,0.0013154021038718996,,0.021905449915398903,0.049733938832591626,0.08453687130646746,0.034802932473875836,0.05453287752649208,0.016834265184358023,0.04040591621269891,0.056051209543588186,0.01564529333088928,0.032089131161317765,0.02183532178682958,0.5108513975413694|0.6662611642426265|0.7210203252176407,0.7635047136584217|0.4220194929899799|0.6620911867436683,0.34751837796542234|0.3725778168210376|0.6525816529495883
64,lift,release,13,0.25,2,2,0,0,2,0,2,right_hand|left_hand,0.1181926887948066,0.00271816598251462,0.10232476214878261,0.013117420952767134,,0.10232476214878261,0.681903344245629,0.681903344245629,,,1.0000000000000002,1.61,36,12.640000000000004,1.4194365079143205,True,0.0016745559985665154,0.04204413420940967,11,0.0016745559985665154,6,0.00146107007083493,2,-0.029324631571787663,-0.02689912300120767,,0.0,0.0013156010268529205,,0.021847268886021474,0.05013678328391289,0.0837541636746481,0.0336173803907352,0.05301826963585298,0.01690381974024892,0.03949828466078453,0.05595352955522487,0.016455244894440335,0.03243851312162543,0.021681598427628405,0.5121142121285163|0.6479130325559432|0.7192929881068914,0.7606199114814883|0.4046658770188825|0.6612186002303647,0.3449656077040376|0.35700546126815436|0.654141007817316
65,lift,release,14,0.25,2,2,0,0,2,0,2,right_hand|left_hand,0.11835040501318872,0.0026985451113432646,0.10263801808468997,0.012982826912775636,,0.10263801808468997,0.6803550867120706,0.6803550867120706,,,0.9999999999999999,1.6132264529058116,35,12.50501002004008,1.4164240194884878,True,0.00197055668431953,0.042358585233146145,11,0.00173062421927183,6,0.00197055668431953,2,-0.029314229095339428,-0.026809781521356157,,0.0,0.0012380193792803943,,0.02180520806961726,0.05044326989977869,0.0842120073874194,0.033768737487640706,0.052399901642509746,0.01695981743790601,0.03849170584953987,0.05596848350283869,0.017476777653298817,0.03342058889360912,0.021262012504047356,0.5136152067036426|0.6288642655417478|0.7184857108646244,0.7580246630629218|0.3864932365200137|0.6600009236693256,0.3429531409131702|0.34150138028810967|0.6562716293449719
66,lift,release,15,0.25,2,2,0,0,2,0,2,right_hand|left_hand,0.12141450005583465,0.0026992519851773977,0.10564594808965921,0.013038632925599813,,0.10564594808965921,0.6965220963007592,0.6965220963007592,,,0.9999999999999999,1.6132264529058116,35,12.50501002004008,1.4164240194884878,True,0.0022499907409640335,0.04215165029462267,10,0.0017055208330990154,5,0.0022499907409640335,2,-0.02960952969946362,-0.025541847616153746,,0.0,0.0014177923513759736,,0.021959686559380166,0.051031612626181985,0.0854982895859788,0.03446667695979681,0.05256726562945133,0.017151486602370494,0.0376196995923931,0.058848510844987906,0.021228811252594806,0.03750076024369776,0.0214288048068512,0.5147727327903138|0.609209840513601|0.7204846954674667,0.7574680406443373|0.36798134586796566|0.6636178710463757,0.340034436867731|0.3296544207133996|0.6574780904904088
67,lift,release,16,0.25,2,2,0,0,2,0,2,right_hand|left_hand,0.12075977283529937,0.0026895490009337664,0.1053098221309483,0.01272904290817678,,0.1053098221309483,0.7042461791481915,0.7042461791481915,,,0.9999999999999999,1.6132264529058116,35,12.50501002004008,1.4164240194884878,True,0.0018120293360078532,0.04204922463636185,10,0.001697834622966788,5,0.0018120293360078532,2,-0.029811383863206586,-0.026834058425061258,,0.0,0.0014341631175085394,,0.02215457499969972,0.052160158948375626,0.08536864134193045,0.033208482393554825,0.05117982593472048,0.01716693911842137,0.037032972472281,0.057344129949954664,0.02031115747767366,0.03477873644327669,0.021813658861683006,0.5177991141929401|0.5886901214867727|0.7200355954900299,0.756219266598165|0.34614647290950096|0.6658617424540618,0.33886102974346577|0.3093590146098265|0.6630632638448161
68,lift,release,17,0.25,2,2,0,0,2,0,2,right_hand|left_hand,0.12099647196009755,0.002704368904232979,0.10521492292173207,0.013045375002548099,,0.10521492292173207,0.7157451627733002,0.7157451627733002,,,0.9999999999999999,1.6132264529058116,35,12.50501002004008,1.4164240194884878,True,0.0018034330102019713,0.042713730294616004,8,0.0016622296924156225,3,0.0018034330102019713,2,-0.030031044826422715,-0.02701605586922895,,0.0,0.0014354166705451148,,0.022293416795916444,0.053379002177505394,0.08475203798611633,0.031373035808610936,0.049939887626432866,0.017172029762813866,0.03671912429589608,0.058118180515858896,0.02139905621996282,0.03585039758617307,0.021806986538174047,0.5208223017052287|0.5685118251253749|0.7206316510481316,0.7553779745396481|0.32350854619641606|0.6690923464277878,0.3369426087229453|0.2924095210345873|0.6684326232833708
69,lift,release,18,0.25,2,2,0,0,2,0,2,right_hand|left_hand,0.11933686002157629,0.002729340922087431,0.10379930213093758,0.012778386007994413,,0.10379930213093758,0.7550311647310654,0.7550311647310654,,,0.9999999999999999,1.6132264529058116,35,12.50501002004008,1.4164240194884878,True,0.004861875329594062,0.0433534086866115,10,0.004861875329594062,4,0.0029560160408740183,2,-0.030208703181749286,-0.029303797715089175,,0.0,0.0014681544154108717,,0.022603781933204895,0.05388450247948265,0.08455474782953241,0.030670245350049766,0.04881761370993466,0.017068748552250025,0.03700867742774968,0.058643522512975985,0.021634845085226305,0.03610397466150744,0.022111351671589417,0.523233645943792|0.5483726543300499|0.7214941239876651,0.7540234958153897|0.2996917236964837|0.6724136617443158,0.33615095661285693|0.27772839641720026|0.6754695756724759
70,lift,release,19,0.25,2,2,0,0,2,0,2,right_hand|left_hand,0.11688613006845117,0.0027068927884101868,0.10158994211815298,0.012559134978801012,,0.10158994211815298,0.8554271390182191,0.8554271390182191,,,0.9999999999999999,1.6132264529058116,35,12.50501002004008,1.4164240194884878,True,0.0021332454466752304,0.04443122135614144,9,0.0015762188552806214,3,0.0021332454466752304,2,-0.029933143485701308,-0.0205568376692149,,0.0,0.0014242450977598954,,0.02323534423871488,0.054745524450562334,0.0839638598069221,0.029218335356359766,0.04866210808224602,0.0169503022526218,0.03771509751251009,0.06937014608281618,0.031655048570306085,0.04306553995159334,0.022502108521832556,0.5257206306634665|0.5296041776187789|0.7217545738528346,0.7541342139656989|0.2777963645085957|0.6774514911897939,0.33176693532274276|0.2709552861601851|0.6710931862863062
71,,release,20,1.9287498479639178e-22,2,2,0,0,2,0,2,,0.11064089904539287,0.0026504688430577517,0.09542069095186889,0.01254055299796164,,0.09542069095186889,0.7302625726645148,0.7302625726645148,,,1.0,1.0,0,0.0,0.0,True,0.004561502342524532,0.04049349097159541,9,0.004561502342524532,5,0.0009391023456234715,1,-0.0314071678047938,-0.030411472943258744,,0.0,0.0013483277847935052,,0.02231856006258469,0.055322868465104334,0.08005144821916478,0.024728579754060447,0.049471365286592864,0.01766958212149998,0.03816458677540281,0.05824318831495154,0.020078601539548727,0.03468374243719412,0.02147546012072869,0.5260616191482289|0.49803788699678603|0.7309891133347887,0.7542533388732697|0.25893569651319737|0.6887869344836877,0.3353826852129469|0.24417050159306145|0.6864721411252491
72,,release,21,1.146876582225596e-24,2,2,0,0,2,0,2,,0.1064899549819529,0.00262640998698771,0.09140998683869839,0.012424957938492298,,0.09140998683869839,0.6904105127039732,0.6904105127039732,,,1.0,1.0,0,0.0,0.0,True,0.002091954172671634,0.03541890468487047,10,0.002091954172671634,6,0.000956465213307639,1,-0.03143656834276243,-0.02844698992096717,,0.0,0.00124581022261748,,0.022047549505063317,0.055568303809093826,0.07858399298142468,0.023015689172330857,0.050393967972959704,0.01762796412875094,0.03799352123234755,0.059235524921457,0.021242003689109445,0.03548267783534042,0.021091682337529963,0.5305606380562004|0.47773464601926763|0.73384749569102,0.7526777893334282|0.2402767106308683|0.6907335684363533,0.3334430124215346|0.22619408500111995|0.6898128409278559
73,,release,22,5.311092249679095e-27,2,2,0,0,2,0,2,,0.13040491216816008,0.0026349900290369987,0.11476796306669712,0.012969897128641605,,0.11476796306669712,0.658369853498185,0.658369853498185,,,1.0,1.0,0,0.0,0.0,True,0.004669051784344985,0.034747825989287856,11,0.004669051784344985,8,0.0009649088871812733,1,-0.03081581233607089,-0.030178790891863372,,0.0,0.001119850419040134,,0.02179237855803648,0.05525468948402768,0.07963812439765736,0.024383434913629674,0.04937644208413297,0.017828667025357972,0.037862509163204494,0.05855464200910181,0.020692132845897312,0.034995397319543355,0.020790340602616513,0.5337596274145979|0.4592422484310839|0.7365511959026902,0.7518731009870191|0.21748541921941314|0.6933953033137101,0.33325366167496|0.20970775017331242|0.6949462177417053
74,,release,23,1.915478951967148e-29,2,2,0,0,2,0,2,,0.10816752002574503,0.0026263718027621508,0.09243570803664625,0.013072230154648423,,0.09243570803664625,0.6604649556204345,0.6604649556204345,,,1.0,1.0,0,0.0,0.0,True,0.00457810218903322,0.03547621040646226,13,0.00457810218903322,8,0.0009926952786698806,2,-0.031856868330290666,-0.029825210936991198,,0.0,0.0011139611489525763,,0.02184450505178575,0.0552517462021013,0.07965894054214176,0.02440719434004046,0.046896294863133396,0.018551266605644743,0.03773448116883345,0.05818461786402539,0.02045013669519194,0.03527555063466092,0.020010599289279053,0.5364140851316871|0.43962998722750346|0.7367827458465316,0.7496309254262273|0.19541568030474324|0.6960188468567445,0.3319221971613743|0.1914460880253706|0.6980803982932193
75,,release,24,5.380186160021138e-32,2,2,0,0,2,0,2,,0.11041847104206681,0.0026494080666452646,0.09433869505301118,0.013398861046880484,,0.09433869505301118,0.6682510641270037,0.6682510641270037,,,1.0,1.0,0,0.0,0.0,True,0.004399601212283583,0.03560224930682518,11,0.004399601212283583,8,0.0010903093071560621,1,-0.0317602926328604,-0.02952680227375204,,0.0,0.0011169962979587712,,0.021959621747379542,0.05504233004156982,0.08042169109443668,0.025379361052866867,0.04610645081265184,0.01864007696441967,0.03780574298591345,0.058465639039148525,0.020659896053235073,0.03767229671467212,0.020023138551343814,0.5387586478391675|0.42170824049917555|0.7376288235214069,0.7483364826739771|0.1738413668374256|0.6978438301557286,0.33036013650079094|0.1748972055561626|0.7009109471380297
76,,release,25,1.1769109439216723e-34,2,2,0,0,2,0,2,,0.11673926399089396,0.0026447849813848734,0.09988300199620426,0.014180033933371305,,0.09988300199620426,0.6644394716702937,0.6644394716702937,,,1.0,1.0,0,0.0,0.0,True,0.004256122772159268,0.036039971295266204,15,0.004256122772159268,8,0.0009925598818754516,2,-0.03121784330356192,-0.02909508984911824,,0.0,0.0011123247211733418,,0.021849256368756818,0.05502234518738768,0.08115420146947559,0.02613185628208791,0.045859619768508296,0.01840394232412497,0.037929833137146575,0.05839513294982228,0.020465299812675704,0.03749055558701753,0.019562989287446965,0.5391624432097106|0.4030789610326739|0.7363530390434931,0.7468836024252715|0.15292329269507687|0.6979713039553964,0.3288392645967944|0.15743775753320272|0.7020811419807967
77,,release,26,2.005008781961654e-37,2,2,0,0,2,0,2,,0.1222667871043086,0.0025975219905376434,0.10551530006341636,0.014123205095529556,,0.10551530006341636,0.6514706173026239,0.6514706173026239,,,1.0,1.0,0,0.0,0.0,True,0.001704575485362167,0.03685691214453163,14,0.001704575485362167,8,0.000984534268608353,2,-0.03124316081592049,-0.026844325099771638,,0.0,0.0014211597012170273,,0.02160844148848472,0.054896188116882357,0.08212236623937239,0.02722617812249003,0.04521549407704414,0.018513763427147736,0.037866171346140474,0.05985546824822413,0.021989296902083656,0.03884124592280997,0.0188453228496226,0.5361494253032578|0.3832026389029104|0.7350554867258576,0.7461156244748332|0.13099622014774853|0.6995618895235649,0.3264019343515415|0.14038992409915207|0.7010825329598567
78,,release,27,2.6602064159439866e-40,2,2,0,0,2,0,2,,0.12663244595751166,0.002673617098480463,0.10958612407557666,0.01434127101674676,,0.10958612407557666,0.6516942509463163,0.6516942509463163,,,1.0,1.0,0,0.0,0.0,True,0.0014482928946134323,0.03755414640129992,16,0.0014482928946134323,10,0.0009056723267832495,1,-0.030177912688062136,-0.02605998521077524,,0.0,0.0014293454926832293,,0.02153637770113852,0.05424781529848365,0.0809709874424864,0.02672317214400275,0.05067597466772729,0.018255697303796198,0.038394989384729065,0.061085103256568136,0.02269011387183907,0.03993841672314328,0.018896233488720424,0.5389822928023917|0.3666549242029052|0.7334072803926343,0.74544261416301|0.11349584650772467|0.6957382611408935,0.32542718756069233|0.12537881836818326|0.6993265294255853
79,,release,28,2.7487850079102147e-43,2,2,0,0,2,0,2,,0.12388680106960237,0.0026451239828020334,0.10821796301752329,0.012992957141250372,,0.10821796301752329,0.6599661219042094,0.6599661219042094,,,1.0,1.0,0,0.0,0.0,True,0.001674449395298365,0.03794098061462403,13,0.001674449395298365,10,0.0009694203543451491,1,-0.030324031945871965,-0.026417579848589057,,0.0,0.001421656793123786,,0.02169110149509361,0.053541845803466416,0.07943119006696123,0.02588934426349481,0.05241044650504135,0.01846055345174192,0.03885015828802071,0.06074021645855638,0.021890058170535673,0.03990812327361605,0.019373549882533845,0.5385220529154543|0.3502516351930821|0.7341513012770539,0.7447619227015272|0.09442128484700206|0.6941891616322584,0.32431190279281197|0.10843338530419741|0.6989351171354048
80,,release,29,2.2120380336009962e-46,2,2,0,0,2,0,2,,0.11972612491808832,0.0026282609906047583,0.10421761800535023,0.012849295977503061,,0.10421761800535023,0.6938282452784754,0.6938282452784754,,,1.0,1.0,0,0.0,0.0,True,0.0014600973512782604,0.03852084717881871,14,0.0014600973512782604,10,0.0009519522563525007,1,-0.03027586623871592,-0.026509895984039744,,0.0,0.0014444154410123932,,0.022011418694397322,0.05281163420317074,0.07874702652366161,0.02593539232049087,0.05408323308849696,0.018758357790041626,0.03909757151750115,0.06065301669411726,0.02155544517661611,0.03994031815605958,0.019762699064147373,0.5386150529023421|0.33367443218959253|0.7328218993932578,0.7433438268698576|0.0740193707867283|0.6909029797868236,0.3235367307138402|0.0918731041843647|0.6952446977013943
81,,release,30,1.3863432936411706e-49,2,2,0,0,2,0,2,,0.12018602900207043,0.002588957082480192,0.10470134811475873,0.012863529147580266,,0.10470134811475873,0.7080427366815797,0.7080427366815797,,,1.0,1.0,0,0.0,0.0,True,0.0014552001180502053,0.038789882747695265,18,0.0014552001180502053,14,0.0009556292913968367,1,-0.030509956117908743,-0.026602002625924825,,0.0,0.0014560123830600854,,0.022111444275007282,0.05296259291520634,0.07843913199763129,0.025476539082424955,0.056294063381736995,0.019064347644144566,0.03961493467729736,0.060886982160792975,0.021272047483495614,0.039344425729379455,0.019777698911220578,0.5381212284644771|0.3173452368102857|0.7315162517903119,0.7423105049327318|0.053262221560466935|0.6885357045180166,0.32251550692160297|0.07600044278035603|0.6900736619843659
82,,release,31,6.766675675168404e-53,2,2,0,0,2,0,2,,0.1201725360006094,0.002671655034646392,0.10469654016196728,0.012774689821526408,,0.10469654016196728,0.6988589977860973,0.6988589977860973,,,1.0,1.0,0,0.0,0.0,True,0.0014604932182328348,0.03923963446235687,14,0.0014604932182328348,10,0.0009436428847223871,1,-0.03028098080821806,-0.026747824068818815,,0.0,0.0014242880597310945,,0.022021587584015446,0.05349538631266275,0.07878712494545527,0.02529173863279252,0.05676385496651959,0.01906794970848756,0.03953561794581501,0.06067042325734092,0.02113480531152591,0.03928831641294848,0.01974511676762872,0.5367282852153561|0.2995117592734176|0.7293569235436606,0.740693065279788|0.03254354082881157|0.6844080052077035,0.32100514089043886|0.058974713556733435|0.6847876742298338
83,,release,32,2.572209372642415e-56,2,2,0,0,2,0,2,,0.11824487312696874,0.0026185191236436367,0.10287029785104096,0.01272548409178853,,0.10287029785104096,0.6790703433299274,0.6790703433299274,,,1.0,1.0,0,0.0,0.0,True,0.0015658514478778043,0.04006944293778597,14,0.0015658514478778043,10,0.0008946283594163384,1,-0.030279657061267784,-0.02661943872048056,,0.0,0.0014147796931749175,,0.021804008230218462,0.05423468429844837,0.07985190524815336,0.02561722094970499,0.056403468402778684,0.018828531793303294,0.03948351861285519,0.06061403227679752,0.02113051366394233,0.03914179483188527,0.01989828291853924,0.5339160440035358|0.2797555261414778|0.7266708286387047,0.7389368514781194|0.010874000194167208|0.6813422808331906,0.3186178047716986|0.0407375641291457|0.6796236594414925
84,,release,33,7.61489029373637e-60,2,2,0,0,2,0,2,,0.13023143680766225,0.0026912640314549208,0.11499363300390542,0.01251603802666068,,0.11499363300390542,0.6682761549643804,0.6682761549643804,,,1.0,1.0,0,0.0,0.0,True,0.0017159328946555336,0.040688201960684456,12,0.0017159328946555336,8,0.0009685304745210566,1,-0.030106378397997346,-0.026391465623241572,,0.0,0.0014113856946005058,,0.021671906108731934,0.05392009683769248,0.08037400756489617,0.02645391072720369,0.05667770514351278,0.018809031437619833,0.03952623391725996,0.06090828369594997,0.02138204977869001,0.03970641385494845,0.02014640966185998,0.5309884633714008|0.2589340652883123|0.7259681255182674,0.7367798323829389|-0.009371586273232778|0.6786216995157459,0.31568522236596586|0.022043480206660096|0.6755622116042459
85,,release,34,1.7556880978548265e-63,2,2,0,0,2,0,2,,0.11485239490866661,0.0026287860237061977,0.0997509469743818,0.012442189967259765,,0.0997509469743818,0.6854471866673191,0.6854471866673191,,,1.0,1.0,0,0.0,0.0,True,0.0017116966944841494,0.04086423259456759,8,0.0017116966944841494,4,0.0009349355020302486,1,-0.030333784097544836,-0.026326095398276905,,0.0,0.0011004205877598956,,0.02188783322167476,0.052944634894628216,0.0805314149974724,0.02758678010284419,0.05656637113901761,0.018982894962157385,0.03941355537398549,0.06144796203025715,0.02203440665627166,0.040472942149910526,0.020582734726636184,0.5286105878296636|0.23708413724055175|0.7267910951139518,0.7345047116014278|-0.029457525319058542|0.6776413697503431,0.31267695785622146|0.002800302678840974|0.6729622566183359
86,,release,35,3.1525171551450254e-67,2,2,0,0,2,0,2,,0.12048846087418497,0.0026430729776620865,0.10564010194502771,0.01217175112105906,,0.10564010194502771,0.7076583165535176,0.7076583165535176,,,1.0,1.0,0,0.0,0.0,True,0.0017018373190248355,0.04121612882790096,8,0.0017018373190248355,4,0.0009157704454793858,1,-0.031203277410201125,-0.025754139292237355,,0.0,0.0013911240202138541,,0.022167197616947236,0.052335570968175225,0.07934624224421777,0.027010671276042543,0.056957160251588125,0.01943366377847896,0.03957457891397682,0.06240154258022707,0.022826963666250255,0.04045068068490555,0.020786191078232024,0.5259713498165964|0.21597477910558155|0.7287938483900623,0.7320856494310728|-0.04814521401534898|0.6781481954636596,0.3092755639686898|-0.01789881357163616|0.6711371988905623
87,,release,36,4.408531331463226e-71,2,2,0,0,2,0,2,,0.11536984890699387,0.0026035229675471783,0.10049853404052556,0.01223855302669108,,0.10049853404052556,0.7405861892595388,0.7405861892595388,,,1.0,1.0,0,0.0,0.0,True,0.001971922565775275,0.041567362874046165,7,0.001971922565775275,3,0.000863058599713834,1,-0.03194752421110714,-0.02686457064225145,,0.0,0.0014606908588015066,,0.02255330209742205,0.05202448067509307,0.07828114983591941,0.02625666916082634,0.05684740827990378,0.019660237517052318,0.0394933665107388,0.06190109187852684,0.02240772536778804,0.039527396486487225,0.02095540114414974,0.5220643392495594|0.19322830648808584|0.7313056139799141,0.730547250865172|-0.06726217189216725|0.6810429820556356,0.3071616839025077|-0.04071415146702696|0.6711592813942078
88,,release,37,4.801277241771782e-75,2,2,0,0,2,0,2,,0.11749306018464267,0.00263155996799469,0.10229538287967443,0.012537720147520304,,0.10229538287967443,0.7657766268646384,0.7657766268646384,,,1.0,1.0,0,0.0,0.0,True,0.002359679943588558,0.04224084180717855,7,0.002359679943588558,3,0.0009065652932776919,1,-0.032217590783851335,-0.025745572103843983,,0.0,0.0014314468973168387,,0.02279489002897665,0.05167485160244185,0.07857335833224655,0.0268985067298047,0.053487886815865165,0.019884902955623972,0.039589975463028844,0.06282093919033933,0.02323096372731049,0.03946962388329548,0.02073505125889335,0.5166341455505704|0.1719304874343444|0.7304397746019732,0.7292865030142502|-0.0872528830343397|0.6827734753441925,0.30465709571838157|-0.06369215942133317|0.6701527084689198
89,,release,38,4.0723586257611754e-79,2,2,0,0,2,0,2,,0.13822472793981433,0.002692603971809149,0.12235089903697371,0.013149987906217575,,0.12235089903697371,0.7381219437550449,0.7381219437550449,,,1.0,1.0,0,0.0,0.0,True,0.0025236527705771727,0.039841117873310794,8,0.0025236527705771727,4,0.0009336449129738744,1,-0.031441220856303076,-0.03101017052641275,,0.0,0.0013546380599622342,,0.022339384674570504,0.051297621187728105,0.08125528365587432,0.02995766246814622,0.05122149686084656,0.019278097424996806,0.0399114196952542,0.059060053720438606,0.019148634025184408,0.0367574679910575,0.021309694204212623,0.5196885637653235|0.1461514264897147|0.7337599500103351,0.7287396662082694|-0.1092694900584948|0.6832235193553732,0.3068090773131324|-0.08722898720918597|0.6765571363920192
90,,release,39,2.6900579025827697e-83,2,2,0,0,2,0,2,,0.10912130493670702,0.00267962203361094,0.09362606098875403,0.01278510014526546,,0.09362606098875403,0.7235946143478091,0.7235946143478091,,,1.0,1.0,0,0.0,0.0,True,0.003367915906275276,0.03625370880092563,8,0.003367915906275276,4,0.0009062427710973403,1,-0.03316948448476609,-0.03050555516791853,,0.0,0.0011804164037878696,,0.022340073262160823,0.05108688241584495,0.08060764500242071,0.02952076258657576,0.04832393229988916,0.018835758357732865,0.03907005146331291,0.05851656695414347,0.01944651549083056,0.036921613946412614,0.021172813510028067,0.5156118508092985|0.12248340232980344|0.7362150165415448,0.7282798392400965|-0.13508686342679813|0.690527004241228,0.30623840403222075|-0.11219286370450338|0.67841498029322
91,,contact,40,1.3838965267367376e-87,2,2,0,0,2,0,2,,0.11226465902291238,0.002687725005671382,0.09662681887857616,0.012919937958940864,,0.09662681887857616,0.6935791009691114,0.6935791009691114,,,1.0,1.0,0,0.0,0.0,True,0.0014587114281474113,0.032277813151304374,10,0.0014587114281474113,5,0.0009529254988462077,1,-0.031727277150134015,-0.02573479245949528,,0.0,0.0011900730277900266,,0.02193142264865735,0.05120678272609865,0.08261654722953742,0.03140976450343876,0.04932039010095977,0.017723152239148436,0.039043695649939224,0.06189425948211993,0.022850563832180704,0.039039580749228815,0.02025387129108002,0.5101227605372426|0.10265687977413131|0.7350620322175873,0.7278340432407832|-0.14798976007892797|0.6861437128289737,0.30487002479785424|-0.13404072082653834|0.6755397544735561
92,,contact,39,2.6900579025827697e-83,2,2,0,0,2,0,2,,0.11166786006651819,0.0027143219485878944,0.09605081006884575,0.012872981140390038,,0.09605081006884575,0.6828232887955589,0.6828232887955589,,,1.0,1.0,0,0.0,0.0,True,0.0017047376167107497,0.03329649102223711,13,0.0017047376167107497,8,0.000977003512075525,1,-0.030758837732529187,-0.025997425292006326,,0.0,0.0011608203533127449,,0.021859843636124802,0.05176764694933557,0.08177702241053776,0.030009375461202192,0.05310668490352313,0.017079584217817235,0.03899495115191409,0.06064899363144186,0.02165404247952777,0.03721346285102898,0.02048721386722998,0.5057263123971464|0.08173547846333719|0.7340659003108786,0.7293279895895074|-0.16243616963259222|0.6860964581753887,0.3061520975178002|-0.1607713212131496|0.6786742655898621
93,,contact,38,4.0723586257611754e-79,2,2,0,0,2,0,2,,0.11413442413322628,0.002607011003419757,0.09834366897121072,0.013152637053281069,,0.09834366897121072,0.67661158745095,0.67661158745095,,,1.0,1.0,0,0.0,0.0,True,0.0014487326836401734,0.03421126125130952,12,0.0014487326836401734,8,0.0009639094727020431,1,-0.030743994389496265,-0.024825612129236063,,0.0,0.0011547062889659951,,0.021754636418143493,0.05251810766007785,0.08078291872156197,0.028264811061484124,0.05324653782815488,0.016852808577837414,0.03902641846104848,0.06162017693425752,0.02259375847320904,0.03746542174215627,0.020333796488880795,0.5020036545529136|0.062010151959401724|0.7350302907738968,0.7304039734379838|-0.17730795941592126|0.6883662580142617,0.30705391072038024|-0.1849713951717207|0.6811443931821186
94,,contact,37,4.801277241771782e-75,2,2,0,0,2,0,2,,0.11451144912280142,0.002682602033019066,0.09845523606054485,0.01334370393306017,,0.09845523606054485,0.6727544635879301,0.6727544635879301,,,1.0,1.0,0,0.0,0.0,True,0.0018221857290215693,0.03500967957022391,12,0.0018221857290215693,8,0.0009849729579245042,1,-0.030618241006116875,-0.02649307693225289,,0.0,0.0011522377209666867,,0.021743532008363615,0.05337867936515988,0.08020250041901729,0.02682382105385741,0.05286052518132683,0.01690228735783653,0.03923634126538478,0.06004785229848987,0.020811511033105093,0.03624838568246312,0.02036501652893941,0.5004896673188279|0.04185355480290629|0.7357576448040786,0.7317605082678675|-0.1920504974922792|0.6906371980618212,0.30983170989872943|-0.21012321768469205|0.6861932805452592
95,,contact,36,4.408531331463226e-71,2,2,0,0,2,0,2,,0.11454919097013772,0.0026597229298204184,0.09791649016551673,0.013943728990852833,,0.09791649016551673,0.6692332587007896,0.6692332587007896,,,1.0,1.0,0,0.0,0.0,True,0.005050989393443575,0.035963282934928426,12,0.005050989393443575,8,0.001036810848221728,1,-0.03078457407661439,-0.029305429459192567,,0.0,0.0011412289296526832,,0.02171459998768173,0.05324327289408438,0.07970568192766007,0.026462409033575697,0.052202394654108045,0.016715340535810464,0.039320056580962465,0.05739020160098873,0.018070145020026268,0.033933761162113316,0.020522932487473562,0.49997612634292216|0.020947800261104085|0.7358523805000661,0.7332126398407118|-0.2071883273404788|0.6936487116317279,0.3140604390640516|-0.2352483282994015|0.6912618815595433
96,,contact,35,3.1525171551450254e-67,2,2,0,0,2,0,2,,0.12179230386391282,0.0026501270476728678,0.1047079989220947,0.014401815133169293,,0.1047079989220947,0.6626880932227844,0.6626880932227844,,,1.0,1.0,0,0.0,0.0,True,0.0017045003798892844,0.03692650108070092,12,0.0017045003798892844,8,0.00096374761048032,1,-0.030891426947270872,-0.026509977774548332,,0.0,0.0011556665545731748,,0.021575443928621662,0.05264279447243873,0.07935793342693484,0.026715138954496113,0.050591795410639295,0.016682199659405504,0.039595738524436035,0.05965603422804182,0.020060295703605784,0.035596736265429724,0.020278933519698557,0.4990385644527113|0.0012997366758803744|0.7348143439982001,0.7347579637369511|-0.2221903269424896|0.696669052081181,0.3148296234824439|-0.25804512671826796|0.6919335572201143
97,,contact,34,1.7556880978548265e-63,2,2,0,0,2,0,2,,0.12814286397770047,0.0026723439805209637,0.1107623209245503,0.014677840983495116,,0.1107623209245503,0.6593542833640095,0.6593542833640095,,,1.0,1.0,0,0.0,0.0,True,0.0017701470875396697,0.037772876351761325,19,0.0017701470875396697,10,0.0009441042726722054,1,-0.030599479603971247,-0.026365058368249095,,0.0,0.0014165267483369345,,0.021525974424455238,0.05186772513673518,0.07922195752214752,0.027354232385412333,0.05147274025386665,0.016789766392817478,0.039767764578703284,0.06047687969186703,0.02070911511316375,0.0360324363286144,0.020630469648448443,0.4960509379561275|-0.01654373555054761|0.733473755431151,0.735894111659969|-0.23716165755711435|0.6964730378131682,0.31650797580637896|-0.27953184027979217|0.6943146644925533
98,,contact,33,7.61489029373637e-60,2,2,0,0,2,0,2,,0.1268371029291302,0.00269344006665051,0.11052325717173517,0.013588920002803206,,0.11052325717173517,0.6607675156882425,0.6607675156882425,,,1.0,1.0,0,0.0,0.0,True,0.0018540953483523193,0.03802781762769261,13,0.0018540953483523193,10,0.0009643468653929704,1,-0.03070247765520051,-0.026809754197550717,,0.0,0.0014167042040244765,,0.021580413623347307,0.05101938130571162,0.07892086193223595,0.027901480626524332,0.051613586853214155,0.016947783397736078,0.040257295241883505,0.0612104080648608,0.020953112822977293,0.036313015393494213,0.02095659190448858,0.495209692362217|-0.03272596377503229|0.7342550288694786,0.7375044603993117|-0.2533748742296217|0.6976082080917563,0.31872925671972896|-0.2987885091955792|0.6953121224866743
99,,contact,32,2.572209372642415e-56,2,2,0,0,2,0,2,,0.1235169880092144,0.0027156390715390444,0.10707231285050511,0.013695197878405452,,0.10707231285050511,0.6718973132370709,0.6718973132370709,,,1.0,1.0,0,0.0,0.0,True,0.004283356013874626,0.03823751664544223,15,0.004283356013874626,11,0.0009217157497073969,1,-0.03077216076320255,-0.02982523066356002,,0.0,0.001429212392457641,,0.021789532893220824,0.05020037318986627,0.07833969952705423,0.028139326337187964,0.05129036926649976,0.017104479096123438,0.040929933158895,0.05929867357070673,0.018368740411811725,0.034718664710301855,0.021492651974886177,0.49446824066583966|-0.04886094071239099|0.7353072309068832,0.7389142789416064|-0.2697814406459495|0.6970389914023237,0.32214138568929285|-0.31849589741798173|0.6977563202001631
100,,contact,31,6.766675675168404e-53,2,2,0,0,2,0,2,,0.12261604191735387,0.002685185056179762,0.10691588115878403,0.01298376708291471,,0.10691588115878403,0.6794270007168902,0.6794270007168902,,,1.0,1.0,0,0.0,0.0,True,0.0014062417796043489,0.038438311626350335,16,0.0014062417796043489,12,0.0009758659179118778,1,-0.030749734711092103,-0.021870512996835956,,0.0,0.0014291522310678419,,0.02184155281093914,0.049869754028211734,0.07734624122717204,0.027476487198960307,0.05095774586442746,0.017113852395647597,0.04117591618043275,0.06794641376533121,0.02677049758489846,0.04252048828538601,0.021451636272656154,0.49325383944582113|-0.06432649072883799|0.7344710815924091,0.7396009910879302|-0.28575015706062956|0.6942094804023172,0.31783546414007907|-0.3317893602342441|0.691679412525497
101,,contact,30,1.3863432936411706e-49,2,2,0,0,2,0,2,,0.12071053590625525,0.0026970398612320423,0.10539577691815794,0.012587076053023338,,0.10539577691815794,0.6746191306252864,0.6746191306252864,,,1.0,1.0,0,0.0,0.0,True,0.0021174507414155885,0.038685715180288044,18,0.0021174507414155885,14,0.0009340550606367903,1,-0.03135132261278706,-0.02203916408767448,,0.0,0.0014162288216838582,,0.02179593949000824,0.05012815757372075,0.07709755635315976,0.026969398779439012,0.050267703325684095,0.017130818583035674,0.041063160271135754,0.06784632730413902,0.026783167033003263,0.042887862688865276,0.021571165077990197,0.4945947091600529|-0.08053161993214517|0.7329471748856826,0.7400602534658534|-0.3029832173824586|0.6905902190827705,0.31895343156532785|-0.3496072000387483|0.6898540559118059
102,,contact,29,2.2120380336009962e-46,2,2,0,0,2,0,2,,0.12110008392482996,0.002667815890163183,0.10550973587669432,0.012882481096312404,,0.10550973587669432,0.6712023602819968,0.6712023602819968,,,1.0,1.0,0,0.0,0.0,True,0.0014410213248737848,0.03902217395786753,13,0.0014410213248737848,9,0.0009421452112826634,1,-0.03065860930381703,-0.02310671916663587,,0.0,0.0014167520294638982,,0.021820506579823696,0.050887856121957245,0.07803970841073604,0.027151852288778797,0.050014174405909176,0.017294380385656734,0.04023130942507063,0.06591389422960882,0.025682584804538187,0.04401035653631102,0.02150343418405519,0.49672697545168015|-0.09701938645038131|0.7317175272014631,0.7406320368861843|-0.3213035583805438|0.6857361650840991,0.31950924113471707|-0.3695975395729039|0.6900449655757067
103,,contact,28,2.7487850079102147e-43,2,2,0,0,2,0,2,,0.14335452392697334,0.002716675167903304,0.1276066550053656,0.01299977209419012,,0.1276066550053656,0.6748075371859696,0.6748075371859696,,,1.0,1.0,0,0.0,0.0,True,0.0015228953086573772,0.0396398452397414,13,0.0015228953086573772,9,0.000950912228013398,1,-0.03057322567903853,-0.02308843480671996,,0.0,0.0014139533680013717,,0.021893810407502216,0.052053548970268836,0.07887601087401236,0.026822461903743523,0.049280712304927386,0.017780182281501897,0.0391092353510085,0.06530529667970801,0.02619606132869951,0.044567591920289154,0.021457367655932275,0.5010774922387083|-0.11329287995448711|0.7304842062988852,0.7409163901530337|-0.3402079404438976|0.681272753856486,0.31960305393766825|-0.38694877376274756|0.6877605265369955
104,,contact,27,2.6602064159439866e-40,2,2,0,0,2,0,2,,0.125355192925781,0.0026866139378398657,0.10958955599926412,0.013047143118456006,,0.10958955599926412,0.6835113038562787,0.6835113038562787,,,1.0,1.0,0,0.0,0.0,True,0.0015101805394468412,0.0401645920434997,13,0.0015101805394468412,9,0.0009195742767645065,1,-0.030900348122109733,-0.023096893748123293,,0.0,0.001410053517674896,,0.02202181724003773,0.05296771424189847,0.07939833592160896,0.026430621679710484,0.0479349001853779,0.01795173587017724,0.03796130654290091,0.06543860029320735,0.027477293750306435,0.04597676184622169,0.02151208674845029,0.5052776878532357|-0.13087889623713345|0.7305248189648468,0.7414573118499214|-0.3607725475554332|0.6785707004240201,0.3194080781156487|-0.40171962561310814|0.6855037889433269
105,,contact,26,2.005008781961654e-37,2,2,0,0,2,0,2,,0.12520245113410056,0.0026629921048879623,0.10935997706837952,0.013148971134796739,,0.10935997706837952,0.6921717979533106,0.6921717979533106,,,1.0,1.0,0,0.0,0.0,True,0.0025368823618943798,0.04050817213334429,14,0.0014875616199854572,9,0.0025368823618943798,2,-0.03238618991059106,-0.021233275126579798,,0.0,0.001404771808907159,,0.022154716441909986,0.05350023260415402,0.08033918892000837,0.026838956315854347,0.044254092570487936,0.01810289073712809,0.03711203527518356,0.06862896930492547,0.031516934029741914,0.047223033245518554,0.02157137348520509,0.5097030240196513|-0.1472305640371382|0.7302084087735305,0.7399065572936183|-0.38583498984406694|0.6758140498462406,0.31906112175554097|-0.4108729024108625|0.6796249253489637
106,,contact,25,1.1769109439216723e-34,2,2,0,0,2,0,2,,0.1233447059057653,0.002724535996094346,0.10777031118050218,0.012819855008274317,,0.10777031118050218,0.7063180379277584,0.7063180379277584,,,1.0,1.0,0,0.0,0.0,True,0.0014631597525896663,0.039856585501205466,11,0.0014631597525896663,7,0.0009622117692112964,1,-0.033646935368084385,-0.021433490506472808,,0.0,0.0012833908159580248,,0.022312234584177554,0.05412634430526514,0.08005714619515962,0.02593080188989448,0.04392023043865833,0.018044502408905098,0.03634802915806794,0.06969410376782668,0.03334607460975875,0.0470269662130882,0.021108269177711546,0.5157204997426051|-0.16543261114013086|0.7311310177247493,0.7408838071029458|-0.40746988300744735|0.6760404176980876,0.3193152370522353|-0.4199855942673171|0.6773789034320258
107,,contact,24,5.380186160021138e-32,2,2,0,0,2,0,2,,0.11941183311864734,0.0026265790220350027,0.10412844503298402,0.012624313123524189,,0.10412844503298402,0.7199456005320449,0.7199456005320449,,,1.0,1.0,0,0.0,0.0,True,0.001433813973135193,0.038716580835163716,12,0.001433813973135193,7,0.0009452768101741171,2,-0.033694395539217936,-0.019876251637256814,,0.0,0.0014177110118452564,,0.022362045053921108,0.05482173867011342,0.08153445232265935,0.026712713652545933,0.04348031953124795,0.018588715733207983,0.03560123242083103,0.07179383850862284,0.036192606087791804,0.04836111000944129,0.02157645798140244,0.5198521142124696|-0.1843491573721211|0.7314400577094337,0.7412614239935782|-0.43383296448294645|0.6782975724132719,0.3174247138796315|-0.4283411407956401|0.6757826528885138
108,,contact,23,1.915478951967148e-29,2,2,0,0,2,0,2,,0.11866305000148714,0.0026675609406083822,0.10332826781086624,0.012636136030778289,,0.10332826781086624,0.7251759897816298,0.7251759897816298,,,1.0,1.0,0,0.0,0.0,True,0.0014115095415227277,0.03947719624831475,12,0.0014115095415227277,7,0.0009591221711139492,2,-0.03453936315975881,-0.019700953450165315,,0.0,0.001424187963399757,,0.02224274750987104,0.0552368818839593,0.08092580916031615,0.025688927276356847,0.04355235344026203,0.01827309902185887,0.03496290298900075,0.07167938911623818,0.03671648612723743,0.04822533373349329,0.020882951807108162,0.526943152791899|-0.20334831985454374|0.7324169996285302,0.7396314685254922|-0.4559178557458275|0.6802159732149846,0.31604754190325907|-0.43770901178447563|0.6756956504329221
109,,contact,22,5.311092249679095e-27,2,2,0,0,2,0,2,,0.11723039904609323,0.002658914076164365,0.10191134503111243,0.012628437019884586,,0.10191134503111243,0.7593048773680073,0.7593048773680073,,,1.0,1.0,0,0.0,0.0,True,0.0028008037664217916,0.04063386504312047,13,0.00160003610246863,8,0.0028008037664217916,2,-0.03518148197180082,-0.020281333412102143,,0.0,0.00141756977525045,,0.022525047801738734,0.056012868311818176,0.08090678706638077,0.024893918754562594,0.042015626316528824,0.01829656310075977,0.03483913335289958,0.07114637643922009,0.03630724308632051,0.047460339047778216,0.02129916510623416,0.5330845296723392|-0.2197631239343037|0.7320315112433283,0.735191335688365|-0.4813578240785264|0.6815876464920143,0.31364250989147646|-0.44616567233214677|0.6763979430574938
110,,contact,21,1.146876582225596e-24,2,2,0,0,2,0,2,,0.11311056697741151,0.0026988720055669546,0.09790008678101003,0.012481515994295478,,0.09790008678101003,0.7078263130377522,0.7078263130377522,,,1.0,1.0,0,0.0,0.0,True,0.0018630589208653708,0.03771163625694271,13,0.0014329296171044122,8,0.0018630589208653708,2,-0.03667547833455309,-0.019857999888078126,,0.0,0.0012092382302135534,,0.02194462710740541,0.05608804471666944,0.07935127467775929,0.02326322996108985,0.043769341718060926,0.01853962885303025,0.03515241213300122,0.06931601177357728,0.03416359964057606,0.04484404037476926,0.020559603413978327,0.533750644917744|-0.23915314236128032|0.7341016375838476,0.7312767936452915|-0.5033738455754356|0.6847634346521062,0.3085766027685368|-0.4590777969433002|0.6782451931564554
111,,contact,20,1.9287498479639178e-22,2,2,0,0,2,0,2,,0.10895545687526464,0.00266456906683743,0.09411734086461365,0.012143989792093635,,0.09411734086461365,0.6855042276839035,0.6855042276839035,,,1.0,1.0,0,0.0,0.0,True,0.0014366632930029322,0.036638336757460754,12,0.0014366632930029322,8,0.0009780304008559226,1,-0.03563822593588384,-0.02070073400044592,,0.0,0.0012076627045591304,,0.021850166961907898,0.05577113393807282,0.07927819887788694,0.023507064939814117,0.04469637190700594,0.018439110115076728,0.03572954787296409,0.06886522597687214,0.03313567810390805,0.04505834479093479,0.02034838679564447,0.5405993329644702|-0.2552278894814003|0.7356236005065016,0.7268242251947618|-0.5257810327169077|0.6843786082113653,0.30487325081774946|-0.46697427871454567|0.6797826236039626
112,,contact,19,2.5261637809256925e-20,2,2,0,0,2,0,2,,0.11024691420607269,0.002657837001606822,0.09487098199315369,0.012686315923929214,,0.09487098199315369,0.6872824315101319,0.6872824315101319,,,1.0,1.0,0,0.0,0.0,True,0.0014373911784507781,0.03603095822903102,11,0.0014373911784507781,7,0.0009577746727901654,1,-0.03378423244736517,-0.020808798766527303,,0.0,0.0012022600077806144,,0.021987147311796434,0.055248476280676646,0.08273966778951046,0.027491191508833814,0.04276006722182247,0.018961061420228603,0.03602896960882871,0.06893549252450058,0.03290652291567187,0.04524988047048247,0.020114876190003055,0.5443898843975197|-0.2691863730343498|0.7343994469163754,0.7194307918489914|-0.5528774646626313|0.6843130885684545,0.30044906895059975|-0.47438126182975265|0.6799025546373766
113,,contact,18,2.576757109154981e-18,2,2,0,0,2,0,2,,0.11050094291567802,0.00264746299944818,0.09508468490093946,0.012738313991576433,,0.09508468490093946,0.6804948330224201,0.6804948330224201,,,1.0,1.0,0,0.0,0.0,True,0.0014365545513641206,0.03649959781641157,12,0.0014365545513641206,8,0.0009526705882198783,2,-0.03346024147108473,-0.02071044250699039,,0.0,0.001210082941005175,,0.021902938694442507,0.05566647986554079,0.0790490257497249,0.023382545884184112,0.03931691944376246,0.018860919736135292,0.03583825587427293,0.0690668281738219,0.03322857229954897,0.04628874232520391,0.01954135413704163,0.5481267464015841|-0.2837377528573422|0.7347245542046748,0.710180847400968|-0.5782739392561743|0.6871499689829599,0.2958611322774779|-0.47973416139354236|0.6814094690687658
114,,contact,17,2.0469717131642043e-16,2,2,0,0,2,0,2,,0.11460814508609474,0.002661778824403882,0.09885260998271406,0.013061285950243473,,0.09885260998271406,0.6767359670314329,0.6767359670314329,,,1.0,1.0,0,0.0,0.0,True,0.0022379983796242536,0.03725656471973124,12,0.0022379983796242536,8,0.0009528527580556084,2,-0.0331476453629147,-0.02229030545503008,,0.0,0.0012155876739465012,,0.021866910687680638,0.0558757900289848,0.07748089765793036,0.021605107628945554,0.03744058815600429,0.01904114282275273,0.035844354745566666,0.0670640016608232,0.031219646915256534,0.047826732190393635,0.019283428569398384,0.5501468951313315|-0.29910867603071783|0.7352865339215024,0.7016490649257908|-0.6002827390504513|0.6899922186683695,0.292447298700617|-0.4870417129811365|0.6838343500094741
115,,contact,16,1.2664165549094176e-14,2,2,0,0,2,0,2,,0.11774380714632571,0.002652851864695549,0.10216031596064568,0.012897805077955127,,0.10216031596064568,0.6676314387381744,0.6676314387381744,,,1.0,1.0,0,0.0,0.0,True,0.0015056105876672804,0.03736253510352719,12,0.0014350435487807608,8,0.0015056105876672804,2,-0.03324192621599131,-0.020569216677351676,,0.0,0.0012328588865839897,,0.021689828189961863,0.05593824760482853,0.0766629252715066,0.02072467766667807,0.03542451850275335,0.019082821220976407,0.03589319932958406,0.0679825337685211,0.032089334438937044,0.0498106371323523,0.018162937659818034,0.551090754601023|-0.3148002055922552|0.735813151441471,0.6928649796839916|-0.6200859895497461|0.6910293885610654,0.28619906266837897|-0.4920607527541492|0.6865278410872956
116,,contact,15,6.101936677605324e-13,2,2,0,0,2,0,2,,0.14317845506593585,0.0026348389219492674,0.12665579398162663,0.013857159996405244,,0.12665579398162663,0.6570627982263035,0.6570627982263035,,,1.0,1.0,0,0.0,0.0,True,0.0014309403833047026,0.036626692876843364,15,0.0014309403833047026,9,0.0009491439299803978,1,-0.03352549155405349,-0.020711742377100606,,0.0,0.0014184270162094373,,0.021470905464104763,0.056955765568527744,0.07823749796588068,0.02128173239735294,0.03681322754467822,0.018704893756188622,0.03528753059383781,0.0672254350801804,0.031937904486342594,0.0489954877320274,0.01862318903366108,0.5534009768080852|-0.3300343919034231|0.7366988306430549,0.6862671382179988|-0.6370653090886461|0.694257155516372,0.2830529493894256|-0.4977647261234972|0.6848143467651175
117,,contact,14,2.289734845645553e-11,2,2,0,0,2,0,2,,0.12550271302461624,0.0026795959565788507,0.1088788399938494,0.01391205214895308,,0.1088788399938494,0.6417237130791619,0.6417237130791619,,,1.0,1.0,0,0.0,0.0,True,0.0018535685991389154,0.03683020176606941,17,0.0018535685991389154,10,0.0011254651306400743,2,-0.033390935626883333,-0.021408734713800115,,0.0,0.001436272274942025,,0.02128126146055067,0.0570566810003831,0.07780997675165986,0.02075329575127676,0.03722847528052199,0.018626835980163202,0.03500568239384986,0.06540784524709443,0.030402162853244576,0.049070407069320914,0.018285276592730763,0.5548715294540083|-0.34427467732194245|0.7388006987418995,0.6777535353095867|-0.6540054668877625|0.6930469850167619,0.2786568556073376|-0.5049095895621633|0.6857491234120352
118,,contact,13,6.691586091292782e-10,2,2,0,0,2,0,2,,0.12875037011690438,0.002676753094419837,0.11218159389682114,0.013861979125067592,,0.11218159389682114,0.6520438892865943,0.6520438892865943,,,1.0,1.0,0,0.0,0.0,False,0.0014336164010132768,0.03702593570366944,14,0.0014336164010132768,9,0.0009431594745666488,2,-0.03365858626015772,-0.02240084897483463,,0.0,0.001442963271505291,,0.02148721893233431,0.05576177716425725,0.07887950217875657,0.023117725014499317,0.0392135400505613,0.018874037516781718,0.03483489255930243,0.06310043807441451,0.02826554551511208,0.04875438435542117,0.019356907471605116,0.5537619395812667|-0.35642260389672364|0.7403692954652404,0.6705784361178098|-0.6688189393933787|0.6910091589271189,0.2734314348034693|-0.5139350532025935|0.6847531770285585
119,,contact,12,1.522997974471263e-08,2,2,0,0,2,0,2,,0.12313338206149638,0.0027604131028056145,0.10618559387512505,0.014156220015138388,,0.10618559387512505,0.6506766316382406,0.6506766316382406,,,1.0,1.0,0,0.0,0.0,False,0.0035932803656891776,0.03724874788030649,19,0.0035932803656891776,14,0.0008508480528227197,2,-0.03366849160972585,-0.030125455380018096,,0.0,0.00144585220890808,,0.02153552717036607,0.05475018218066663,0.07914328664296819,0.024393104462301557,0.04043388251338645,0.01920714162873029,0.03552033205987898,0.055612847491850886,0.020092515431971908,0.04142749844758895,0.019829222522587474,0.5525365224724205|-0.36877118738567344|0.7403092792263737,0.6632933317048331|-0.6838623618031844|0.6886713338207691,0.2710224222368756|-0.5272682204784455|0.6842233553184452
120,,contact,11,2.699578503363014e-07,2,2,0,0,2,0,2,,0.12415294582024217,0.002624137094244361,0.10815350408665836,0.013343594036996365,,0.10815350408665836,0.6462196064314146,0.6462196064314146,,,1.0,1.0,0,0.0,0.0,False,0.0014126025808837116,0.037614356121746184,16,0.0014126025808837116,11,0.0009460985670266819,2,-0.033359867504245244,-0.028018815497304672,,0.0,0.001416022129577466,,0.021493350389160514,0.0535846723992566,0.07936874650573374,0.025784074106477137,0.04160407549188611,0.019373347052520775,0.036018969630686425,0.056206887213089994,0.02018791758240357,0.041198804588378136,0.01991223833081897,0.5533338121526246|-0.37919352092465985|0.7390799715768406,0.6564609331810176|-0.6977966588961807|0.6844731608499807,0.2641035438236498|-0.5363189291588076|0.677440188197383
121,,contact,10,3.726653172078671e-06,2,2,0,0,2,0,2,,0.1204224859829992,0.002635461976751685,0.10481012403033674,0.012946213129907846,,0.10481012403033674,0.6441945980299838,0.6441945980299838,,,1.0,1.0,0,0.0,0.0,False,0.0015624724224416221,0.03829820857643049,13,0.0015624724224416221,9,0.000989518772122236,1,-0.03297612066026545,-0.027912817966281978,,0.0,0.0014107225859516512,,0.021494705985026553,0.05216890439881354,0.07895581840605692,0.02678691400724338,0.04210630468564245,0.019510593275027167,0.03670326799095206,0.056119713615071905,0.019416445624119844,0.040606569354719804,0.020084927919341255,0.5511430835041516|-0.3889931985428958|0.7375037355408472,0.6496339641847598|-0.7105813649525998|0.6793534823403696,0.25811801270931334|-0.545655473469725|0.66965668079988
122,,contact,9,4.006529739295107e-05,2,2,0,0,2,0,2,,0.1245109960436821,0.0026795631274580956,0.10877921711653471,0.013022397877648473,,0.10877921711653471,0.6628042792631165,0.6628042792631165,,,1.0,1.0,0,0.0,0.0,False,0.0015867769882890147,0.03941810400952417,11,0.0015867769882890147,7,0.000991907991635621,1,-0.03309991073883367,-0.027699359377786337,,0.0,0.001414386216561263,,0.021810970015543354,0.05039925341482985,0.07840439419048655,0.028005140775656696,0.04337720508714056,0.0199369913221076,0.03737979340805761,0.05716246034565321,0.019782666937595603,0.040904686678825165,0.02039477463831972,0.5485426715318744|-0.3988761152380401|0.7379457801298926,0.6435418715373198|-0.7225286101644908|0.6729017274507946,0.2519134609796309|-0.5544318097306081|0.6618141235804594
123,,contact,8,0.00033546262790251185,2,2,0,0,2,0,2,,0.12402750109322369,0.002660113852471113,0.10862761293537915,0.012710665818303823,,0.10862761293537915,0.6822683329627559,0.6822683329627559,,,1.0,1.0,0,0.0,0.0,False,0.0015755980621021265,0.04031080486868688,9,0.0015755980621021265,4,0.0010452405816320648,2,-0.03307507310057467,-0.027778974551072366,,0.0,0.0014018794695704509,,0.022098462050006186,0.048590236256571745,0.07694504730577807,0.028354811049206327,0.04343484155508775,0.020305065517732788,0.03783253773622625,0.05735422721625014,0.019521689480023884,0.040886336488273556,0.02024217491693854,0.5461567697599713|-0.4105240520817557|0.7372888454045288,0.637950557580235|-0.7358185913136656|0.6673826575297787,0.2465271374941621|-0.5654489585728061|0.6527324422400808
124,,contact,7,0.002187491118182885,2,2,0,0,2,0,2,,0.12504806090146303,0.002716733841225505,0.1091706280130893,0.013131035026162863,,0.1091706280130893,0.7026557344696849,0.7026557344696849,,,1.0000000000000002,1.0058163137383729,35,0.11860718211583854,0.013434460377360291,False,0.0015642209272802264,0.040878875239618584,9,0.0015642209272802264,4,0.0009570512258851999,2,-0.03334325562343032,-0.02787345085694426,,0.0,0.0014037481294710702,,0.02228293629454259,0.046601115321645445,0.07741827381299042,0.030817158491344976,0.0451253121838351,0.020802848057278778,0.0381141854321234,0.05746458848195427,0.01935040304983087,0.040517222388681384,0.020429875766463393,0.5421428177333755|-0.42139127162279066|0.733712929268578,0.6342087274956926|-0.7458981799546026|0.6611200441497846,0.24197790265322539|-0.5772150209227617|0.6425245813565131
125,,contact,6,0.011108996538242306,2,2,0,0,2,0,2,,0.12481583119370043,0.0026776341255754232,0.10927907400764525,0.012831066036596894,,0.10927907400764525,0.7175480675104907,0.7175480675104907,,,1.0000000000000004,1.0295477269961542,34,0.5924944866069035,0.06772852774321375,False,0.0015503978472910206,0.04190554138471922,8,0.0015503978472910206,3,0.0009929527960009371,2,-0.034096959980239205,-0.027801002818593545,,0.0,0.0014307501294387405,,0.02231703103678343,0.044502139896591894,0.07995145061619309,0.035449310719601196,0.04760438215203731,0.019708052547322302,0.03819874678334629,0.058023756970348075,0.019825010187001786,0.04068949512227718,0.020455046289775358,0.5358211307892311|-0.43131091170560437|0.731493558180825,0.632457195918882|-0.7533195377265157|0.6547568826841617,0.23834790390128946|-0.5882665771436015|0.6332629940101934
126,,contact,5,0.04393693362340742,2,2,0,0,2,0,2,,0.12333321408368647,0.0027425899170339108,0.10774495801888406,0.012815163005143404,,0.10774495801888406,0.7319438037987552,0.7319438037987552,,,1.0,1.1151940181180513,35,2.349054487113198,0.2660739330318175,False,0.0015705300778801543,0.04289252312409106,9,0.0015705300778801543,4,0.0009671190707854216,2,-0.03403107312527709,-0.030322369362750123,,0.0,0.0014199574202355457,,0.022314400156650684,0.043265443969175484,0.0807747284280277,0.03750928445885222,0.049269738052391474,0.01864058659964336,0.03873991025243634,0.05653863527020128,0.017798725017764944,0.03743953785912141,0.02029258308600882,0.526051892407845|-0.4368187413428433|0.7263328168551757,0.6301717997675426|-0.7643776357627949|0.6478920347890602,0.23575378368260042|-0.6017012189326268|0.6267285788664159
127,,contact,4,0.1353352832366127,2,2,0,0,2,0,2,,0.14543387200683355,0.002701041055843234,0.12945745792239904,0.013242240995168686,,0.12945745792239904,0.6761830914159577,0.6761830914159577,,,1.0,1.344307109256444,35,7.021164580915725,0.7952769443009995,False,0.0015802868412278723,0.04252190575931952,9,0.0015802868412278723,4,0.0009709178575495608,2,-0.03400297763401561,-0.030582182379021106,,0.0,0.0014018101919346018,,0.021424429331863934,0.04252775919215564,0.07804091153937721,0.03551315234722158,0.04841318816686231,0.01675852595432082,0.03946046908564276,0.05576554379879933,0.01630507471315657,0.03564674588845401,0.020353467341260128,0.5250659496702812|-0.44568278066238054|0.7202017971389265,0.62624591014409|-0.782649133685931|0.6439501265898475,0.23408414691157997|-0.6138595700647271|0.6173020262643552
128,,contact,3,0.32465246735834974,2,2,0,0,2,0,2,right_hand|left_hand,0.12193196685984731,0.002702880883589387,0.106054930947721,0.013142914976924658,,0.106054930947721,0.6652407294141677,0.6652407294141677,,,1.0000000000000002,1.778180554488056,35,15.868779934658388,1.7974332706176481,False,0.001600507291243461,0.04250942258083107,9,0.001600507291243461,4,0.001286307423989344,2,-0.03414610927409001,-0.03032149729706113,,0.0,0.0012474760038563284,,0.02129130393783012,0.04177182841045491,0.07705865428814315,0.03528682587768824,0.04846819855476974,0.016397554894137068,0.03929337046680483,0.054433292977275644,0.015139922510470812,0.03256376095323133,0.020581671919910866,0.5227190568648189|-0.447372948379488|0.7140438688246727,0.6230607871969326|-0.7959856309059768|0.634761862842273,0.23145697839092233|-0.6279352747129687|0.6065130520734026
129,,contact,2,0.6065306597126334,2,2,0,0,2,0,2,right_hand|left_hand,0.12281261011958122,0.0027087221387773752,0.10722283087670803,0.012851173989474773,,0.10722283087670803,0.6683474723038013,0.6683474723038013,,,1.0000000000000004,2.3385654261222752,35,27.29623614053267,3.091804360741831,False,0.004073547917771439,0.042445366674570745,10,0.004073547917771439,4,0.000945264130227455,3,-0.034382891437784835,-0.03040291951093188,,0.0,0.0014170286322868256,,0.021312299463747613,0.041129601799476265,0.07592639927302851,0.03479679747355224,0.04756408160998372,0.01591252193169859,0.0391301753395377,0.05254110309589457,0.013410927756356869,0.029698701118021885,0.020992557662340726,0.524461383016547|-0.4515018523885828|0.7103340453031791,0.6194669907258971|-0.8096700613115443|0.6250409214065648,0.22962586238797036|-0.6412338055355604|0.5954726928863546
130,,contact,1,0.8824969025845955,2,2,0,0,2,0,2,right_hand|left_hand,0.1231435660738498,0.002668395871296525,0.10697002499364316,0.013473780127242208,,0.10697002499364316,0.6674467836539315,0.6674467836539315,,,1.0000000000000002,2.8239927544395234,34,36.57491660042249,4.180908531087981,False,0.0015869490477359097,0.042096269774175715,10,0.0015869490477359097,4,0.0009188069825451506,3,-0.034793799840580064,-0.03014243137117667,,0.0,0.0014288447899936602,,0.0213123948149854,0.04000050704978831,0.0740365488686867,0.03403604181889839,0.04593931947413659,0.015788598659530886,0.03899501941497049,0.05166327883199165,0.012668259417021162,0.028507630987448157,0.020614223556981153,0.5241534052678656|-0.4552640190830451|0.7071187724877721,0.6151919619628972|-0.8222142193883468|0.6146327735626531,0.22759504725143848|-0.6520928610017833|0.5839356553674832
131,contact,contact,0,1.0,2,2,0,0,2,0,2,right_hand|left_hand,0.12453378504142165,0.0026770150288939476,0.10834789392538369,0.013476747088134289,,0.10834789392538369,0.6608072084042798,0.6608072084042798,,,0.9999999999999999,3.0065359477124183,34,40.23529411764706,4.599329268883733,False,0.0018025438230556967,0.04140187721239122,11,0.0015672717961398852,4,0.0018025438230556967,4,-0.03494276731662893,-0.030163367356525583,,0.0,0.001023107778796925,,0.02130607012388646,0.03896155319826337,0.07300609782285339,0.03404454462459002,0.0447199097232028,0.016137751674790774,0.037822671556629286,0.051022624795950905,0.013199953239321618,0.0283705326148274,0.020396654470067877,0.5246841601471582|-0.460030085299417|0.707211991060756,0.6110250014946261|-0.8339236465025491|0.6041726972371954,0.22556012446773185|-0.6605890754189722|0.5713463049518497
132,contact,contact,1,0.8824969025845955,2,2,0,0,2,0,2,right_hand|left_hand,0.1242217319086194,0.0026749270036816597,0.10773647809401155,0.013776448089629412,,0.10773647809401155,0.6566146509950012,0.6566146509950012,,,1.0000000000000002,2.8239927544395234,34,36.57491660042249,4.180908531087981,False,0.0015418630994977547,0.03985920464356002,12,0.0015418630994977547,6,0.0015248156145892672,3,-0.03480296198692656,-0.02956051835783491,,0.0,0.0012553162709973548,,0.021271366862937197,0.037777260080334885,0.07261074695204299,0.034833486871708105,0.04519644026638567,0.016413399018447964,0.0369565349353064,0.05071246751101205,0.013755932575705648,0.028235843743114847,0.02043334383475055,0.526611355001842|-0.4670656209161349|0.7093027460652814,0.6070023049364048|-0.8457205292512909|0.5942881227947788,0.22168831715832116|-0.6707577814047132|0.5583269989825617
133,contact,contact,2,0.6065306597126334,2,2,0,0,2,0,2,right_hand|left_hand,0.12452324596233666,0.002756397007033229,0.10840201284736395,0.013332932023331523,,0.10840201284736395,0.6522212694702867,0.6522212694702867,,,0.9999999999999998,2.3592056293151793,33,26.77811609962504,3.0909629100132197,False,0.001516812813621475,0.035360758470734305,9,0.001516812813621475,5,0.000430270752502418,1,-0.034679319595424474,-0.027792076247802555,,0.0,0.0014083690794698272,,0.021161203336841822,0.03688969202023942,0.07318052346028671,0.036290831440047286,0.04618589275669841,0.016675393216424996,0.03739512761863865,0.051924471898300746,0.014529344279662099,0.028324453306577544,0.020678265674576427,0.5278952990472463|-0.47367039226161717|0.7123426005975616,0.6028810624483242|-0.8573573286115023|0.5848217129709025,0.21771662920910387|-0.6775364586645517|0.5438046823491128
134,contact,contact,3,0.32465246735834974,2,2,0,0,2,0,2,right_hand|left_hand,0.1250884800683707,0.0027047330513596535,0.10848233685828745,0.013870412018150091,,0.10848233685828745,0.6486171850191368,0.6486171850191368,,,1.0000000000000002,1.7872708776421995,33,15.510258719262547,1.7903288733078948,False,0.0014975036675779069,0.030305777920463656,11,0.0014975036675779069,6,0.0008865275643074877,1,-0.03483733920428378,-0.02735678207450931,,0.0,0.00139713464169106,,0.02108982923105201,0.03636324980399681,0.07396079067532803,0.03759754087133122,0.048262743809937565,0.01723315900633408,0.03783063549552053,0.05373956404709094,0.01590892855157041,0.030359158326898384,0.020676856482434277,0.5284696167632636|-0.47962108626338545|0.7141366918276333,0.5978944203801605|-0.8682683659438926|0.5732073812215591,0.21363394488551324|-0.6797172484264178|0.5318797043591164
135,contact,contact,4,0.25,2,2,0,0,2,0,2,right_hand|left_hand,0.12817729613743722,0.002729658968746662,0.11064099101349711,0.014775919960811734,,0.11064099101349711,0.6310904210034577,0.6310904210034577,,,1.0000000000000002,1.6197183098591548,33,12.209255533199196,1.4092983939419406,False,0.004399983999808704,0.03015480387520092,16,0.004399983999808704,11,0.0006598580893790451,1,-0.0345992645913622,-0.029751150284289096,,0.0,0.0014129091064644548,,0.02103316642533044,0.03716821007807109,0.07471367546613798,0.03754546538806689,0.04824231503435926,0.01740989205933072,0.03738867590478526,0.05283497644749945,0.015446300542714196,0.029605327045286817,0.020951438761147263,0.5298151651225059|-0.4816628922997162|0.7129471101126665,0.5915388188479622|-0.8794780927347428|0.5563093904763188,0.20999849050157698|-0.6852148415702692|0.5179889636862077
136,contact,contact,5,0.25,2,2,0,0,2,0,2,right_hand|left_hand,0.13294780999422073,0.002698018914088607,0.11562226293608546,0.014596902066841722,,0.11562226293608546,0.6209163517660449,0.6209163517660449,,,1.0000000000000002,1.6197183098591548,33,12.209255533199196,1.4092983939419406,False,0.0014652210959010988,0.029939891125627865,16,0.0014652210959010988,11,0.0007638024985930081,1,-0.0346837754337912,-0.030042755566221047,,0.0,0.0014142037018894855,,0.021066716241384058,0.03780495403265198,0.07469273204283446,0.036887778010182476,0.0471520228980384,0.01770735454863053,0.0368517681028159,0.05325251894365034,0.016400750840834435,0.030453791513806224,0.02090767635607055,0.5328978767822183|-0.487299679559995|0.7116020970405221,0.5842184096723073|-0.8918285155641563|0.5358695487799942,0.20636155985149837|-0.688218190106988|0.500620803828576
137,contact,contact,6,0.25,2,2,0,0,2,0,2,right_hand|left_hand,0.1296493101399392,0.002697848016396165,0.11277236207388341,0.014150020200759172,,0.11277236207388341,0.6209207586262716,0.6209207586262716,,,1.0,1.622983870967742,32,12.048387096774194,1.4051710654596452,False,0.0014491882340433929,0.029495473397245592,16,0.0014491882340433929,11,0.0005454598111206688,1,-0.03464317463643596,-0.030499623070035398,,0.0,0.0014090069086700294,,0.021093178678208185,0.03760201398436941,0.07562113759000533,0.03801912360563592,0.04631673760437631,0.017223544115868527,0.035277974634717206,0.05346870565223838,0.018190731017521174,0.031847839177835784,0.021041592027142376,0.5370699843908285|-0.4938331896292127|0.7100794504571384,0.5766650277337547|-0.9052376760656747|0.5150312640605813,0.20271055068399982|-0.691553396782148|0.48123927039646036
138,contact,contact,7,0.25,2,2,0,0,2,0,2,right_hand|left_hand,0.128956391941756,0.0026567052118480206,0.11175305698998272,0.014510364970192313,,0.11175305698998272,0.620184758551159,0.620184758551159,,,1.0,1.622983870967742,32,12.048387096774194,1.4051710654596452,False,0.001449273541965581,0.02938088775749126,17,0.001449273541965581,11,0.00043738783648952784,1,-0.03470556214807452,-0.03079358984009062,,0.0,0.001411669674559904,,0.021089054201137224,0.03719016018660909,0.0768358222864154,0.039645662099806314,0.047137763939133395,0.017330684294033213,0.03349995747610454,0.053740266972560215,0.020240309496455673,0.033717072335775485,0.020669286902737314,0.5408698155042838|-0.49882493775478726|0.7055741306377171,0.5704249262568384|-0.9157867476318726|0.4894945883267937,0.19980812334476444|-0.6943236456426217|0.4594669933784529
139,contact,contact,8,0.25,2,2,0,0,2,0,2,right_hand|left_hand,0.12794505013152957,0.002711659064516425,0.11134561290964484,0.013855886878445745,,0.11134561290964484,0.6186999367130038,0.6186999367130038,,,1.0,1.622983870967742,32,12.048387096774194,1.4051710654596452,False,0.001449202449299497,0.02897452406669715,19,0.001449202449299497,12,0.00030302729626897895,1,-0.035618505494309005,-0.0286251352823772,,0.0,0.00141357535414348,,0.021061977125966327,0.037038735688581556,0.07724240602887365,0.0402036703402921,0.04703467005909789,0.0173817318741644,0.032157867581038,0.05516759394620358,0.02300972636516558,0.03645831423716996,0.02012878003768096,0.5441232877088915|-0.506723130620086|0.7018624522866077,0.5641138100927743|-0.9248658394957728|0.4623605951426939,0.19689700464009485|-0.6951889784235982|0.4335789616495306
140,contact,contact,9,0.25,2,2,0,0,2,0,2,right_hand|left_hand,0.15102857095189393,0.002706363098695874,0.13394972099922597,0.014336227905005217,,0.13394972099922597,0.6227988292572315,0.6227988292572315,,,1.0,1.6262626262626265,31,11.878787878787874,1.4006572130636732,False,0.0014488127102190058,0.02901193954393605,20,0.0014488127102190058,13,0.00022672405228671422,1,-0.03572886543874709,-0.03149299763456703,,0.0,0.0014132951693661725,,0.021098548875375944,0.03578640923127751,0.07752362404320251,0.041737214811925,0.047906136445214104,0.017675183202441096,0.0300754923830141,0.054940302517041906,0.024864810134027807,0.036379511674344576,0.019024490756280217,0.5468725075663156|-0.5124691348004217|0.6956646375237971,0.5584052822496436|-0.933698697731|0.43401807401517833,0.19195131773058147|-0.7038617595246598|0.41283326825063194
141,contact,contact,10,0.25,2,2,0,0,2,0,2,right_hand|left_hand,0.12908388511277735,0.002671909984201193,0.11197011615149677,0.01440854393877089,,0.11197011615149677,0.6368326889668857,0.6368326889668857,,,1.0,1.6262626262626265,31,11.878787878787874,1.4006572130636732,False,0.002010633933416578,0.029226533251749315,21,0.002010633933416578,14,5.7063360236087046e-05,1,-0.03696404299422085,-0.03143534337731069,,0.0,0.001414910242151546,,0.021211157177941153,0.03574854234825055,0.07705513402079237,0.04130659167254182,0.04721377681997723,0.017726870859533797,0.029128209657845315,0.05507270538386493,0.025944495726019617,0.03722375943399843,0.01897011581494329,0.5512428607314048|-0.5179861915521056|0.687233367779988,0.5525796561841942|-0.9421657000517338|0.405162036762568,0.19013491294407|-0.7077753359774772|0.3858323308791581
142,contact,contact,11,0.25,2,2,0,0,2,0,2,right_hand|left_hand,0.13300900300964713,0.0026288670487701893,0.11589061701670289,0.01445729099214077,,0.11589061701670289,0.6561310794395563,0.6561310794395563,,,1.0,1.622983870967742,32,12.048387096774194,1.4051710654596454,False,0.0018141395773927926,0.02919797989250142,21,0.0018141395773927926,14,0.00043020194644012577,1,-0.03680102029904475,-0.031577821427035246,,0.0,0.0014142523801823567,,0.021328403472721597,0.03462375263846536,0.07711646360013244,0.04249271096166708,0.048150039977064504,0.018485969025443395,0.028020788934438465,0.05563716702160138,0.027616378087162916,0.03850962055711861,0.01888001598941865,0.5540764625894364|-0.5255185463767974|0.6801102045207251,0.5467877543716443|-0.9546085720414013|0.3781772948364708,0.18990808177299978|-0.7107813452497008|0.3585199245946434
143,contact,contact,12,0.25,2,2,0,0,2,0,2,right_hand|left_hand,0.13228440610691905,0.0026821200735867023,0.11550826788879931,0.014062781119719148,,0.11550826788879931,0.6698521261594537,0.6698521261594537,,,1.0,1.622983870967742,32,12.048387096774194,1.4051710654596454,False,0.0038180331387079325,0.0295009419827425,21,0.0038180331387079325,14,0.0006832733929301726,1,-0.03940287177713131,-0.03160332761376594,,0.0,0.0014218273925730228,,0.021373482281623224,0.03369328420338895,0.07452166110851277,0.04082837690512382,0.050500422783260224,0.01835584377703634,0.026296471248980664,0.05593573749846975,0.029639266249489087,0.03981844957750046,0.019049247398931136,0.555582982689939|-0.5313976937971335|0.6709456421773329,0.5432526616939155|-0.9616615985628243|0.34979831246419146,0.1900757160751807|-0.713932532767154|0.33025631284005885
144,contact,contact,13,0.25,2,2,0,0,2,0,2,right_hand|left_hand,0.13306206208653748,0.0026496979407966137,0.11620308784767985,0.014178679091855884,,0.11620308784767985,0.6949880008302539,0.6949880008302539,,,1.0,1.622983870967742,32,12.048387096774194,1.4051710654596454,False,0.0014471544768738277,0.030294596747136637,21,0.0014471544768738277,14,0.0006525595195464029,1,-0.03950978621617551,-0.03174396833731663,,0.0,0.001414846822272682,,0.021462564217483708,0.033285469857844606,0.07417382004665253,0.040888350188807925,0.052646440629556,0.018011556821022977,0.025350095900338942,0.05599541519353145,0.030645319293192506,0.04035223997461792,0.018951536183414025,0.558071656565731|-0.537066591491887|0.6593221121264122,0.5413962008627278|-0.9692692978494932|0.320755830981016,0.19028612067340583|-0.7176458573058648|0.3023764949973187
145,contact,contact,14,0.25,2,2,0,0,2,0,2,right_hand|left_hand,0.13289015390910208,0.002691688947379589,0.11590771097689867,0.014259120915085077,,0.11590771097689867,0.7170472750612771,0.7170472750612771,,,1.0000000000000002,1.6164658634538154,34,12.361445783132522,1.4130469440546405,False,0.0014471478459923796,0.03190561738157183,21,0.0014471478459923796,14,0.0006063917173272093,1,-0.03900766515638843,-0.031793268579102474,,0.0,0.001414071860286228,,0.02164540509428615,0.032705732092806486,0.0727628052023366,0.04005707310953012,0.05297728905000544,0.017393744996153662,0.024063446130862132,0.056335543237853704,0.03227209710699157,0.04138452361771257,0.018804991818733297,0.5623417254811687|-0.5431794440257389|0.6467817075537771,0.5389431570670727|-0.9772109412777393|0.29539941455232416,0.19016736426765551|-0.7204379509449992|0.27551277945732533
146,contact,contact,15,0.25,2,2,0,0,2,0,2,right_hand|left_hand,0.13255618582479656,0.002714921021834016,0.11555696814320982,0.014252959983423352,,0.11555696814320982,0.7473421834688874,0.7473421834688874,,,1.0000000000000002,1.6164658634538154,34,12.361445783132522,1.4130469440546405,False,0.00144736950517518,0.03313361938500603,21,0.00144736950517518,14,0.0011442375444744718,1,-0.03875831624399417,-0.031845346294687715,,0.0,0.001407031720112457,,0.021970916642928343,0.03168998651567943,0.0724331303125531,0.040743143796873674,0.05404115095680132,0.017651201108905345,0.02323291434889417,0.05631119927214442,0.03307828492325025,0.0408887951328368,0.01933633974441945,0.5604362296354116|-0.5444909805529119|0.6326269905079095,0.5368092993899577|-0.9829535286204966|0.27026492851921335,0.18999094905061079|-0.7234048030461819|0.2483844141525659
147,contact,contact,16,0.25,2,2,0,0,2,0,2,right_hand|left_hand,0.1322509970050305,0.002666221000254154,0.11516498099081218,0.014389256946742535,,0.11516498099081218,0.79254027679429,0.79254027679429,,,1.0000000000000002,1.6164658634538154,34,12.361445783132522,1.4130469440546405,False,0.001573043526234344,0.03436162915026614,20,0.001573043526234344,14,0.0007782579342296286,1,-0.038339433022562375,-0.0323988990882178,,0.0,0.0013822034003831564,,0.022337879348001802,0.030619936521373375,0.07097916823822675,0.04035923171685338,0.055300352132115774,0.01739726636346054,0.02300405103576325,0.05695563501121095,0.0339515839754477,0.040927143201926856,0.019974339036157588,0.5606245527024465|-0.5486981108212438|0.6205486627461912,0.5322265591876499|-0.9905951707883163|0.24814490752576826,0.19023784144677292|-0.7244145267114677|0.225300505877849
148,contact,contact,17,0.25,2,2,0,0,2,0,2,right_hand|left_hand,0.13708127685822546,0.002674130955711007,0.11992484889924526,0.014449776848778129,,0.11992484889924526,0.8055566945339301,0.8055566945339301,,,1.0000000000000002,1.6197183098591548,33,12.209255533199196,1.4092983939419406,False,0.001448034565704897,0.03574162129531441,20,0.001448034565704897,14,0.0008212499951119473,1,-0.038222512807461584,-0.0327921724414697,,0.0,0.001384137654322778,,0.02247819073390716,0.030423132318076654,0.07102861075024687,0.04060547843217022,0.05452141605339064,0.017501798293493256,0.022649022153710126,0.057570636006471276,0.03492161385276115,0.04082291770509717,0.02005257534379889,0.5614596522621723|-0.5547869331079225|0.6086292738145515,0.5288200445905246|-0.995230051122251|0.2255940002146702,0.1904191184171371|-0.7250046930853267|0.204239382037718
149,contact,contact,18,0.25,2,2,0,0,2,0,2,right_hand|left_hand,0.13947944692336023,0.002627752022817731,0.12219044892117381,0.014630825957283378,,0.12219044892117381,0.8167449248800895,0.8167449248800895,,,1.0,1.622983870967742,32,12.048387096774194,1.4051710654596454,False,0.0014482873018055592,0.03706140602791355,19,0.0014482873018055592,14,0.0008375584385733603,1,-0.03869683434679949,-0.03241795312336926,,0.0,0.0013887146662963687,,0.022547093425941637,0.029357986456967522,0.07092192182098778,0.041563935364020255,0.05437543945878998,0.01793513030865465,0.022605804200706885,0.058871255372337276,0.036265451171630395,0.04280165499496474,0.02045921583349633,0.5621779382555807|-0.5598622111516242|0.5968517173184125,0.5250288952492606|-0.9988361309066863|0.20553689608841616,0.1894039530041437|-0.726534846188785|0.18475237200671235
150,contact,contact,19,0.25,2,2,0,0,2,0,2,right_hand|left_hand,0.1478188328910619,0.0026576609816402197,0.1303810679819435,0.014743521111086011,,0.1303810679819435,0.8268598477920005,0.8268598477920005,,,1.0,1.622983870967742,32,12.048387096774194,1.4051710654596454,False,0.0014478451078978709,0.03854049028499684,19,0.0014478451078978709,14,0.0009039494469038761,1,-0.038555988160577925,-0.03202257281867382,,0.0,0.0013911803066203835,,0.02285089368920641,0.028421487278345592,0.07120732540923132,0.042785838130885726,0.05144339410599142,0.018004205512464073,0.022795398613914934,0.05929097001352518,0.036495571399610245,0.042872208399162476,0.020877498340445288,0.5654598494618892|-0.565038511904931|0.5850019669028212,0.5196031892921028|-1.003487816589654|0.18714127492694216,0.19031745251017781|-0.7245192918103698|0.16883045540686537
151,contact,contact,20,0.25,2,2,0,0,2,0,2,right_hand|left_hand,0.1757961600087583,0.002679595025256276,0.15792014403268695,0.015164057025685906,,0.15792014403268695,0.8281996765184066,0.8281996765184066,,,1.0000000000000002,1.6197183098591548,33,12.209255533199197,1.4092983939419408,False,0.003753939644151244,0.039524556576539055,19,0.003753939644151244,14,0.0006582611704711305,1,-0.038491188224597295,-0.03266082882817223,,0.0,0.0013966189980110834,,0.02285509483906655,0.027491255393820906,0.07121908702558213,0.04372783163176123,0.05110142971904026,0.018022999917676853,0.024166264173624576,0.057588819712665267,0.033422555539040694,0.04083253108153275,0.021801596267598047,0.5651877175191371|-0.5667800631173018|0.5749703840189347,0.515599186704069|-1.006216122366701|0.17347795995860368,0.19006892257376135|-0.7232725784389948|0.15661878076873428
152,contact,contact,21,0.25,2,2,0,0,2,0,2,right_hand|left_hand,0.15396961709484458,0.002727669896557927,0.13607664592564106,0.015135282883420587,,0.13607664592564106,0.8291859855135011,0.8291859855135011,,,1.0000000000000002,1.6197183098591548,33,12.209255533199197,1.4092983939419408,False,0.0041846441837535275,0.04040456806819914,20,0.0041846441837535275,14,0.0008922175415579381,2,-0.038539126111965416,-0.033272224166607245,,0.0,0.0014003134418441334,,0.02293531176882176,0.02702965980338548,0.07081022854850533,0.04378056874511985,0.048030164627825264,0.018079846084382456,0.023788094968484014,0.05668989882766832,0.0329018038591843,0.04118086007142336,0.021793117129433544,0.5656929875721722|-0.5681365579153475|0.564769019561797,0.5098611787941822|-1.008987160119074|0.15927502651731765,0.18927492789758835|-0.7213880720206554|0.14554643571153006
153,contact,contact,22,0.25,2,2,0,0,2,0,2,right_hand|left_hand,0.15522397798486054,0.0026512108743190765,0.1372976521961391,0.015240613836795092,,0.1372976521961391,0.8371154664730412,0.8371154664730412,,,1.0000000000000002,1.6197183098591548,33,12.209255533199197,1.4092983939419408,False,0.004415018628185288,0.04111462156214868,20,0.004415018628185288,14,0.001214957877127068,2,-0.03926257721571602,-0.032791998513276965,,0.0,0.001409253566555978,,0.02306673700172481,0.02688294377487423,0.06976740254505871,0.042884458770184486,0.04628803493864389,0.01844235051076256,0.023580982661257258,0.05704637835448323,0.03346539569322597,0.042695677788128265,0.021722418664966974,0.5652223938491906|-0.5691905301894735|0.5569445975426668,0.5060718739090235|-1.0092996957717113|0.1476607960656592,0.18710932827841498|-0.718873136234995|0.13763035681415964
154,contact,contact,23,0.25,2,2,0,0,2,0,2,right_hand|left_hand,0.15340407006442547,0.0026918959338217974,0.1350350589491427,0.0156407009344548,,0.1350350589491427,0.8312683491446646,0.8312683491446646,,,1.0000000000000002,1.6197183098591548,33,12.209255533199197,1.4092983939419408,False,0.003498790767616111,0.04179033850024533,20,0.003498790767616111,14,0.0026440442735933684,2,-0.03939222883195015,-0.033053915921136934,,0.0,0.0014053905990490353,,0.023014165005417628,0.027578374618385686,0.06843328075999597,0.04085490614161028,0.04505084296027032,0.018498535898156743,0.023521168087791845,0.05694731304948732,0.03342614496169548,0.046575925714782536,0.02192098362338478,0.566310512401873|-0.5729850095374818|0.5530430651930917,0.502780551953096|-1.0096653408449887|0.13922999843313152,0.18423044445381712|-0.7166354917736665|0.13766225274981428
155,contact,contact,24,0.25,2,2,0,0,2,0,2,right_hand|left_hand,0.15431374195031822,0.0027157829608768225,0.13606108608655632,0.01550674601458013,,0.13606108608655632,0.8276740416941409,0.8276740416941409,,,1.0000000000000002,1.6197183098591548,33,12.209255533199197,1.4092983939419408,False,0.0019326660330404172,0.042173400833662805,21,0.0021489751312105954,13,0.0019326660330404172,4,-0.0384055083367798,-0.03525881170453715,,0.0,0.0014156173636961573,,0.022893723258790775,0.028482638957139813,0.06563824884675905,0.03715560988961923,0.045837634182913,0.01780875686055585,0.02312318671560958,0.056866535250663444,0.03374334853505387,0.048251225577856764,0.021745941892656384,0.5647329103145051|-0.5713678080347955|0.5506851731529224,0.5010936462235756|-1.009487737175087|0.13798490376919686,0.18341906566550684|-0.714214295051536|0.13764131893194725
156,contact,contact,25,0.25,2,2,0,0,2,0,2,right_hand|left_hand,0.15330250398255885,0.0026516879443079233,0.13496112590655684,0.01565702212974429,,0.13496112590655684,0.8279784095873911,0.8279784095873911,,,1.0000000000000002,1.6197183098591548,33,12.209255533199197,1.4092983939419408,False,0.001450586582906966,0.04257199446262702,20,0.007328516060234547,12,0.0010157337765361318,4,-0.03863415604532783,-0.0342478489220035,,0.0,0.0014062116730827856,,0.022785804363336378,0.029430555194348028,0.06309935119586278,0.033668796001514754,0.04728913500747233,0.017751315592101184,0.022366269712316186,0.05861156291882962,0.036245293206513436,0.05152855563178768,0.021673084114307805,0.5644822460483552|-0.5716980505426849|0.5489396186043749,0.49925258017588187|-1.0089641823788176|0.1379955824750615,0.1816474136639184|-0.7117724170468387|0.13764278177095002
157,contact,contact,26,0.25,2,2,0,0,2,0,2,right_hand|left_hand,0.17443706095218658,0.0026904239784926176,0.15612926986068487,0.015585328917950392,,0.15612926986068487,0.8282490177980227,0.8282490177980227,,,1.0000000000000002,1.6164658634538154,34,12.361445783132522,1.4130469440546405,False,0.0014505638532120724,0.04295074208781641,20,0.008619395416428366,11,0.0010512404032627515,4,-0.038504213545932586,-0.0334133593182564,,0.0,0.0013939455746356914,,0.022736194384158588,0.029674758276009964,0.062115986479312,0.03244122820330203,0.04743059719396052,0.017855864176492025,0.022004248975370743,0.05956920699138954,0.03756495801601879,0.05353786821084377,0.02167081331750385,0.5638386698564661|-0.5731272409849119|0.5476192937908927,0.4980137818852999|-1.0089842559176814|0.13800655239353676,0.1813314046026724|-0.7101539829594637|0.13759226221439322
158,contact,contact,27,0.25,2,2,0,0,2,0,2,right_hand|left_hand,0.15151090687140822,0.002683364087715745,0.1335704498924315,0.015226221876218915,,0.1335704498924315,0.834499818692783,0.834499818692783,,,1.0000000000000002,1.6164658634538154,34,12.361445783132522,1.4130469440546405,False,0.0014498023484653469,0.043319897041787764,20,0.00670149025878225,11,0.0012584877502720693,4,-0.038387855221337475,-0.03217051429141371,,0.0,0.0013828353429562851,,0.022778940702644298,0.028822959556492993,0.061352637858289955,0.03252967830179696,0.04804578667963154,0.017786504282077314,0.023525633929019848,0.06031218622819311,0.036786552299173256,0.05405691132962865,0.021791284551510276,0.5630656765307074|-0.5749588666386807|0.5463325349812302,0.49586834192434354|-1.0108096361197643|0.13801166119064556,0.18221544232965317|-0.7089686613121507|0.1374996286528504
159,contact,contact,28,0.25,2,2,0,0,2,0,2,right_hand|left_hand,0.15056754206307232,0.0026884370017796755,0.1326945130713284,0.015151649946346879,,0.1326945130713284,0.830126980685329,0.830126980685329,,,0.9999999999999999,1.6132264529058116,35,12.505010020040082,1.4164240194884878,True,0.006027204063949895,0.043699935223000114,20,0.006064336136306719,11,0.006027204063949895,4,-0.037416675919528686,-0.031180343185683412,,0.0,0.0013731193709294411,,0.022716202562939276,0.028222029035005217,0.06110277516430276,0.03288074612929754,0.048231180144750176,0.017811565899043647,0.02496753139055983,0.06114325187538292,0.03617572048482309,0.053516236138021644,0.021752782403272625,0.5616367792661965|-0.5778449289092152|0.5455750480055909,0.4926226069824365|-1.0142660187788444|0.1380330578825185,0.18231517720728033|-0.7086730220625272|0.1374024452870752
160,contact,contact,29,0.25,2,2,0,0,2,0,2,right_hand|left_hand,0.151544569991529,0.0026683800388127565,0.13355825399048626,0.015284450026229024,,0.13355825399048626,0.840158561907512,0.840158561907512,,,1.0,1.61,36,12.640000000000002,1.4194365079143205,True,0.0014502417855701763,0.043629611018873526,20,0.0059366206472082905,11,0.0013281093684035655,4,-0.03644755781323461,-0.030519580991017037,,0.0,0.0014114416714147361,,0.022785650057283155,0.027716878355266827,0.06342161623658404,0.035704737881317214,0.05137639550219614,0.01778561479356413,0.026678162967446153,0.061284486205686634,0.03460632323824048,0.05505048959335633,0.022349439267333595,0.563045377359137|-0.5799102025441805|0.5437746621561211,0.49477635640896706|-1.015127272413773|0.1380354502031592,0.1824571647995122|-0.7091663007062957|0.13722904525064056
161,contact,contact,30,0.25,2,2,0,0,2,0,2,right_hand|left_hand,0.15028533712029457,0.0026497291401028633,0.13249425310641527,0.01510962494648993,,0.13249425310641527,0.8377926270164832,0.8377926270164832,,,1.0,1.61,36,12.640000000000002,1.4194365079143205,True,0.002007878977542496,0.043568815263582056,20,0.005039517427734258,12,0.002007878977542496,3,-0.03532028632821316,-0.029377067610997898,,0.0,0.0014015152199749147,,0.022763330671646497,0.027859850731173672,0.0632712668087708,0.03541141607759714,0.050777846702546724,0.017767171369266272,0.028178550168756502,0.06247636277146645,0.03429781260270995,0.0560654007268984,0.021858760614099908,0.5615352090390983|-0.5815943431000169|0.5432115352818698,0.49130751523500543|-1.0184867613227249|0.1380151536234424,0.18270204734969386|-0.7072752390311521|0.13676161792434632
162,contact,contact,31,0.25,2,2,0,0,2,0,2,right_hand|left_hand,0.15074213105253875,0.002708981977775693,0.13289022794924676,0.015110330889001489,,0.13289022794924676,0.8309247906421229,0.8309247906421229,,,1.0,1.61,36,12.640000000000002,1.4194365079143205,True,0.0018774229709330459,0.043511519339220706,20,0.0034113582408976384,12,0.0018774229709330459,3,-0.03517030006721278,-0.029939676592778852,,0.0,0.0013924054436994205,,0.022711980776364615,0.029374126293451857,0.06302113786103268,0.03364701156758082,0.049903915464294256,0.017776683666911104,0.029207366910765007,0.06244552255821667,0.03323815564745167,0.05515241657767357,0.02187329638472621,0.5592702208711904|-0.5833689356620295|0.543486267500797,0.4902175128373886|-1.019493643232261|0.13800529786903076,0.18283836665001144|-0.7070304346152421|0.13595607162093135
163,contact,contact,32,0.25,2,2,0,0,2,0,2,right_hand|left_hand,0.17427657800726593,0.002652121940627694,0.1559962430037558,0.015591138042509556,,0.1559962430037558,0.8215912194799617,0.8215912194799617,,,1.0,1.6067864271457086,37,12.766467065868268,1.4220909044319094,True,0.0017088735409945682,0.043487678303703675,20,0.0027335402352362537,12,0.0017088735409945682,3,-0.03534339423825905,-0.029562141537303077,,0.0,0.0013064727854195095,,0.022685062273180158,0.03150428727660695,0.0625136550033535,0.031009367726746548,0.048110231955580486,0.017903599705631226,0.03064899263967678,0.062977918905583,0.03232892626590622,0.05263050256090194,0.02170147901690148,0.557961533176177|-0.5847179119891623|0.5430464561947024,0.48899359767044687|-1.0205906622136924|0.1379835257999598,0.18043166867654822|-0.7093084089946109|0.13529953804701056
164,contact,contact,33,0.25,2,2,0,0,2,0,2,right_hand|left_hand,0.15072279493324459,0.0027298610657453537,0.13297122903168201,0.014986322028562427,,0.13297122903168201,0.8007996307808177,0.8007996307808177,,,1.0000000000000002,1.603585657370518,38,12.88446215139442,1.4243933328699407,True,0.0014505667008971913,0.04349552523818767,20,0.0033070616425555366,12,0.0013192873873561217,3,-0.03524673546367474,-0.02965997869768877,,0.0,0.0013237642722259814,,0.02250685527569038,0.0342397784909616,0.06227509533988095,0.02803531684891935,0.04591112895662945,0.01793094562266784,0.03187776298455548,0.063176301998925,0.03129853901436952,0.048823422931142495,0.021204924181638843,0.5567509519325888|-0.5867881295345926|0.5433616416651764,0.4881234843093929|-1.0214796195695115|0.13790435687818148,0.17944438596954157|-0.7106536403117045|0.13493763288388405
165,contact,contact,34,0.25,2,2,0,0,2,0,2,right_hand|left_hand,0.15074719884432852,0.0027048438787460327,0.1328442320227623,0.015163773205131292,,0.1328442320227623,0.7841956363854194,0.7841956363854194,,,1.0,1.6003976143141152,39,12.99403578528827,1.4263495651435611,True,0.0014507130232348578,0.04320571006637888,20,0.0036989498235192875,12,0.0009999317319829976,3,-0.03671853336314612,-0.029723147511704795,,0.0,0.001326114599455206,,0.022392568718747997,0.03852701768521481,0.06172134529150962,0.023194327606294807,0.04247938629454149,0.018113806163825324,0.03195709422104406,0.06324721553941524,0.03129012131837118,0.044427739573492206,0.02049961740120797,0.5557157880310813|-0.58726699434916|0.5443327790051751,0.48939097050207164|-1.0193937813586529|0.1377747695154232,0.17981883763633175|-0.7101008530244229|0.134787169808401
166,contact,contact,35,0.25,2,2,0,0,2,0,2,right_hand|left_hand,0.15069273416884243,0.0027638920582830906,0.1329892510548234,0.01490541291423142,,0.1329892510548234,0.7758799777932667,0.7758799777932667,,,1.0000000000000002,1.5972222222222223,40,13.095238095238093,1.4279650388505283,True,0.0014507005490036022,0.04307633080025017,20,0.0033454913191396374,12,0.0011765952110192324,3,-0.0374978280955407,-0.028697781551466406,,0.0,0.0013055912955340864,,0.022423706200314388,0.044143587607936095,0.06148128082413481,0.017337693216198713,0.038063660648275786,0.018291961383123792,0.032630351534713914,0.06393378631015863,0.03130343477544471,0.0399616801951717,0.020418357143708283,0.5544436838121393|-0.5873918786937599|0.5453602473962414,0.4903348886042447|-1.017933574462682|0.13764367362811517,0.17780302364549583|-0.7117559087169278|0.13518662083188165
167,contact,contact,36,0.25,2,2,0,0,2,0,2,right_hand|left_hand,0.15037326095625758,0.002737503033131361,0.1322575130034238,0.01534577808342874,,0.1322575130034238,0.7657713444456246,0.7657713444456246,,,1.0000000000000002,1.5940594059405941,41,13.188118811881182,1.4292448732649492,True,0.001495442536048941,0.04299118495830917,19,0.0032885224614347397,12,0.0011685431444187627,2,-0.03890896968362689,-0.02866637043557496,,0.0,0.0011476337786524987,,0.022429958940022105,0.05102108597820686,0.061068322064132576,0.010047236085925719,0.029714234447691036,0.01795041163606351,0.03403831060581309,0.06470187309959799,0.0306635624937849,0.03626127306701993,0.020698120697086618,0.5538996457326785|-0.5878662687406466|0.5477240974475189,0.491401026305211|-1.015936117035712|0.13760397963586513,0.1780207218200264|-0.7114983148907079|0.1390563024851364
168,,contact,37,4.801277241771782e-75,2,2,0,0,2,0,2,,0.14971134206280112,0.0026039970107376575,0.13209760910831392,0.014976959908381104,,0.13209760910831392,0.7685341328960781,0.7685341328960781,,,1.0,1.0,0,0.0,0.0,True,0.0014984453795844066,0.042369377213559656,16,0.00327682267585247,11,0.0008340407563687396,1,-0.036481172535030026,-0.025847875253015573,,0.0,0.0014147293877391108,,0.022282427212997256,0.057945770332680925,0.0634832342748494,0.0055374639421684815,0.030692721620780912,0.018256791122255138,0.03768593914257465,0.07240745369335044,0.034721514550775795,0.03645251678912089,0.02032392490904863,0.5505975150397883|-0.5841096282188479|0.5566634657654059,0.49644161056377567|-1.0135649078109352|0.14557179287675123,0.17727513704973882|-0.7092476335523594|0.15565846353364343
169,,contact,38,4.0723586257611754e-79,2,2,0,0,2,0,2,,0.14647694607265294,0.002666626125574112,0.12905104411765933,0.014727192930877209,,0.12905104411765933,0.7568500834461285,0.7568500834461285,,,1.0,1.0,0,0.0,0.0,True,0.0014676862244989326,0.041996524667754886,15,0.0033650770584381373,10,0.0009593078117512005,1,-0.028968261639503723,-0.032713713471819617,,0.0,0.0014130477402974897,,0.022189411438040575,0.06520212713187788,0.07012845745685597,0.004926330324978093,0.027701822516006582,0.018475568642224296,0.04522794336980984,0.06959627495675334,0.0243683315869435,0.030125585557265078,0.020277419601694484,0.5473243635205014|-0.585101675778725|0.5656280369264278,0.5038237917379823|-1.0136410768838335|0.15128143525346627,0.1818282783272656|-0.7085665949313847|0.16791988142434588
170,,contact,39,2.6900579025827697e-83,2,2,0,0,2,0,2,,0.1441073720343411,0.002627369947731495,0.1269254731014371,0.014523001853376627,,0.1269254731014371,0.7399695154141268,0.7399695154141268,,,1.0,1.0,0,0.0,0.0,True,0.0014685554869290941,0.041552494180776,13,0.0033603405169984057,9,0.0,0,-0.0170514953763643,-0.027139276364883003,,0.0,0.001413362781844491,,0.02201672026213273,0.07218582435300443,0.08075736340343197,0.00857153905042754,0.025816928475199577,0.018369916038347266,0.049393140583701305,0.07362701243296768,0.024233871849266377,0.030110686135489912,0.01981253314974993,0.5455010256275087|-0.5853379143805133|0.5740758558615433,0.512897049809322|-1.0158688241936438|0.16126263757779624,0.18338786140136215|-0.6969785355311874|0.18023504116638805
171,,contact,40,1.3838965267367376e-87,2,2,0,0,2,0,2,,0.16472582798451185,0.0026824739761650562,0.14769524801522493,0.014317062916234136,,0.14769524801522493,0.7313455728006094,0.7313455728006094,,,1.0,1.0,0,0.0,0.0,False,0.001406549547301985,0.0406137850078592,13,0.0033176622921406163,9,0.0,0,-0.002148670175804668,-0.02565040674157615,,0.0,0.0014138856252561504,,0.02188370897611413,0.0817515852275083,0.0951839490886032,0.013432363861094893,0.025774159043509708,0.01890620947508232,0.05656154740956927,0.07838227382436555,0.02182072641479628,0.027685190299156604,0.019582548633566007,0.543501534499267|-0.5860084668201616|0.585489162805893,0.5252731779551048|-1.0160472967312113|0.17779286565390412,0.18553994759591538|-0.6913834253289003|0.1966791390552035
172,,contact,41,5.544622590477945e-92,2,2,0,0,2,0,2,,0.13738976698368788,0.0026593490038067102,0.12108510616235435,0.01361533091403544,,0.12108510616235435,0.7215673189053643,0.7215673189053643,,,1.0,1.0,0,0.0,0.0,False,0.001403558898633167,0.03985924440611202,13,0.0032773474505289335,9,0.0,0,0.013566508369205366,-0.013285241890532262,,0.0,0.001414487190486175,,0.021804907482827495,0.08741630480404104,0.09624573485069808,0.008829430046657039,0.02537611368887821,0.018921306304379878,0.06847629255171706,0.09200675088629924,0.023530458334582185,0.027727654787809235,0.020433453087403387,0.5436849538453709|-0.5853107229851159|0.5967325556111759,0.5391622295379603|-1.0136256870380653|0.19495703931317157,0.18520306610355222|-0.6802610612810405|0.21464590774992562
173,,contact,42,1.73008220968259e-96,2,2,0,0,2,0,2,,0.13195989979431033,0.002635803073644638,0.11585845309309661,0.013433793094009161,,0.11585845309309661,0.7123959474484447,0.7123959474484447,,,1.0,1.0,0,0.0,0.0,False,0.001435775571779159,0.03928631358371368,13,0.003212840348059298,9,0.0,0,0.027850077384862004,-0.0010854367577319834,,0.0,0.001413988254045232,,0.021729649996253896,0.08849723896939748,0.10111139312490189,0.012614154155504403,0.02448693986322577,0.019280787342874018,0.07654651471494775,0.09841265973078014,0.021866145015832394,0.0278449345025704,0.020237567859496375,0.5447835718725712|-0.5862499521049875|0.6081142014249271,0.5536421942941597|-1.0088889685767732|0.21195626476473547,0.18666611732681307|-0.6688787628862715|0.23214798752199428
174,,contact,43,4.204243584226447e-101,2,2,0,0,2,0,2,,0.12769208289682865,0.0026326740626245737,0.11182523798197508,0.013201980851590633,,0.11182523798197508,0.6951570490510603,0.6951570490510603,,,1.0,1.0,0,0.0,0.0,False,0.001407099439999289,0.038540789262884345,13,0.0032808881487431663,9,0.0,0,0.04414175165622147,0.013978667100930764,,0.0,0.001413751709593207,,0.02155491161449995,0.09535643335873249,0.10416008544838354,0.008803652089651046,0.02432981190334697,0.019172563416807613,0.08196116553129464,0.09964644727382711,0.017685281742532477,0.028032026191421186,0.020209127533949177,0.5455673563071838|-0.5835126123835462|0.6191122593824493,0.5694195306467091|-1.0028480530394175|0.2323083413562822,0.18878528740106584|-0.6568945545444231|0.2514375851646198
175,,contact,44,7.9567438919514e-106,2,2,0,0,2,0,2,,0.12182263401336968,0.0026752459816634655,0.10633278987370431,0.012783824931830168,,0.10633278987370431,0.7008882171924763,0.7008882171924763,,,1.0,1.0,0,0.0,0.0,False,0.001465493120261379,0.03778138406949211,14,0.0032480913721732174,9,0.0,0,0.04462496602187649,0.01410512442657108,,0.0,0.0014133916370309718,,0.021604702589195297,0.10933019893862801,0.11389110149164644,0.004560902553018428,0.02469501154544572,0.019278488457015436,0.09345158665985749,0.10468576070016206,0.011234174040304565,0.026451592994110557,0.020433269989105357,0.548391261452832|-0.5827515907345282|0.6305470049936691,0.5865089248001558|-0.9952689259514129|0.2556447478422419,0.1921578270326748|-0.645589482641608|0.2713344889938144
176,,contact,45,1.172760333284856e-110,2,2,0,0,2,0,2,,0.1190245090983808,0.0026076931972056627,0.10374601883813739,0.012641858775168657,,0.10374601883813739,0.6976801353942869,0.6976801353942869,,,1.0,1.0,0,0.0,0.0,False,0.0014020076453467069,0.03701713455366973,13,0.0032414610302861635,8,0.0,0,0.04728165285296093,0.0130458188645175,,0.0,0.001416460803585123,,0.021582004631506647,0.11992225228588647,0.13102583020620462,0.011103577920318145,0.025669343649559927,0.019380064967837115,0.10911909928107438,0.11492870647544058,0.005809607194366198,0.025011356461802386,0.020413684650385875,0.5480255399950291|-0.5861731268614897|0.6440162462806446,0.606842546941883|-0.9820962693535374|0.28244742763474073,0.19577369055747007|-0.6343520672414033|0.2946486955862981
177,,contact,46,1.3461998461573202e-115,2,2,0,0,2,0,2,,0.11649996880441904,0.0026372098363935947,0.10114078782498837,0.012691858923062682,,0.10114078782498837,0.6930381818384131,0.6930381818384131,,,1.0,1.0,0,0.0,0.0,False,0.0013929164723062819,0.0360231006821182,13,0.003209678411143918,8,0.0,0,0.05373708155077672,0.018285217495398243,,0.0,0.0010436801115432156,,0.021443606403707318,0.12856650670278466,0.1306914611813804,0.002124954478595731,0.026337474426852477,0.01943137895555072,0.11736156216501047,0.12696379495943794,0.00960223279442747,0.02520710204955733,0.01918005078189003,0.5482660451793422|-0.59264609276301|0.660180053994419,0.6252035552691251|-0.9692793131036114|0.31160844302938107,0.20460391800817457|-0.6188939059673685|0.32565816047654705
178,,contact,47,1.2034725377003785e-120,2,2,0,0,2,0,2,,0.11374421301297843,0.0026256809942424297,0.09835785999894142,0.012731367023661733,,0.09835785999894142,0.6722246345309019,0.6722246345309019,,,1.0,1.0,0,0.0,0.0,False,0.0013975046141863484,0.03524187959219005,14,0.0032372118068071387,9,0.0,0,0.06576059771894904,0.028219370716394465,,0.0,0.001413205957148122,,0.021246637769710613,0.1450407403415181,0.13608656190585866,0.008954178435659432,0.026715704220232075,0.019324245680322726,0.12793315693065788,0.14039294694006507,0.012459790009407196,0.026062381858414793,0.019155187786894453,0.5429717888766152|-0.5979978593038924|0.673486232062406,0.6419690523993219|-0.9577812564575279|0.3424696470270393,0.21045505205979312|-0.6062264233313313|0.35120491439444923
179,,contact,48,8.378942533819369e-126,2,2,0,0,2,0,2,,0.10724590881727636,0.0026618721894919872,0.09243297693319619,0.012121659005060792,,0.09243297693319619,0.6575083882379574,0.6575083882379574,,,1.0,1.0,0,0.0,0.0,False,0.0014218287615006958,0.03438346612042498,14,0.0032177457428858303,9,0.0,0,0.08235145425133972,0.03862580123611359,,0.0,0.0014124932046261365,,0.02112317011444667,0.16799531309944574,0.14976436692595174,0.018230946173493995,0.027306534682898103,0.01927038059235823,0.1430239994661397,0.15137002757987675,0.008346028113737053,0.026044840996029113,0.019180014397421927,0.5385898136692854|-0.5982270644151976|0.6849782159389007,0.6572351633670197|-0.9440047207095535|0.37797206112344117,0.21717593532037996|-0.5947582735033479|0.37798082954530554
180,,contact,49,4.543270750163927e-131,2,2,0,0,2,0,2,,0.12576637999154627,0.002689904998987913,0.1107057030312717,0.012339526088908315,,0.1107057030312717,0.661727835289912,0.661727835289912,,,1.0,1.0,0,0.0,0.0,False,0.0014211394409074374,0.03329651461573743,13,0.0032865042744878725,8,0.0,0,0.10249455967031551,0.05011840717167004,,0.0,0.0013862952793035686,,0.021169344053367404,0.19553606696033513,0.17109198325313835,0.02444408370719678,0.027503408315128795,0.019466502919678323,0.1612148843364886,0.15996681025565948,0.001248074080829109,0.02443231669612448,0.019263389069391696,0.5348525038205667|-0.6015457961093682|0.6960810304945239,0.6715348443064815|-0.9305618085686878|0.41223195119193884,0.22658885004208892|-0.5854234091298683|0.4071317978793296
181,,contact,50,1.918555668934785e-136,2,2,0,0,2,0,2,,0.10037696897052228,0.0026622929144650698,0.0856083428952843,0.012077618157491088,,0.0856083428952843,0.6644131560786259,0.6644131560786259,,,1.0,1.0,0,0.0,0.0,False,0.0014207003512978524,0.03202542014353474,15,0.0033173785393516286,9,0.0,0,0.1239856131223167,0.06509996434603949,,0.0,0.001410689788979552,,0.021202317405514422,0.2254965775237558,0.196698661135078,0.02879791638867779,0.027312467630329993,0.019618424492179053,0.18111092103285248,0.17503815730730987,0.006072763725542607,0.025216055010624766,0.01933962247240463,0.5339074391012919|-0.604947009633954|0.7065197874139045,0.6846486316989923|-0.9164161650152507|0.4459432668050798,0.2310606478540309|-0.5777451294387788|0.43589848699057643
182,,contact,51,6.3096689141609595e-142,2,2,0,0,2,0,2,,0.0999873629771173,0.002726001897826791,0.08472844515927136,0.012500972021371126,,0.08472844515927136,0.6803227186937676,0.6803227186937676,,,1.0,1.0,0,0.0,0.0,False,0.0014202280491540618,0.030646731175038133,15,0.003268673999005517,9,0.0,0,0.14388274557893865,0.07788409813426789,,0.0,0.0013777903191061949,,0.02146266414371475,0.2560121685361162,0.2227992607938734,0.03321290774224278,0.02834332506002104,0.019741094121371577,0.2015446298344794,0.18845040734216684,0.013094222492312568,0.02447675718537575,0.019781029458587587,0.5318075659215701|-0.6101351890488269|0.7171990730177241,0.6948065586678109|-0.9045531759234633|0.4777006153327811,0.24046875484653912|-0.575501224683949|0.46573711487795044
183,,contact,52,1.616088413820251e-147,2,2,0,0,2,0,2,,0.10019492893479764,0.002723448909819126,0.08519127988256514,0.01225103298202157,,0.08519127988256514,0.6900231776060803,0.6900231776060803,,,1.0,1.0,0,0.0,0.0,False,0.0014201647615388509,0.029611364654086925,11,0.003248747666651869,7,0.0,0,0.16506886439774426,0.09253348475221657,,0.0,0.0014135210307665623,,0.021585924027984565,0.2856512034311202,0.2500767711277089,0.03557443230341134,0.02870630463948968,0.020090545738919968,0.22180153031505706,0.20458540391816285,0.01721612639689421,0.023956419779247964,0.019914780036205323,0.5286926273827142|-0.6119300228785511|0.7267645949244431,0.7040347871774684|-0.8914315042728327|0.5088865464655269,0.24522839592936005|-0.573299043421281|0.49159075660834906
184,,contact,53,3.223666022005199e-153,2,2,0,0,2,0,2,,0.09799554198980331,0.002673169132322073,0.08303197100758553,0.012260312912985682,,0.08303197100758553,0.7116456702297649,0.7116456702297649,,,1.0,1.0,0,0.0,0.0,False,0.0014195210580059923,0.029513354997982577,11,0.003252260322485906,7,0.0,0,0.18604727973455937,0.11150159160718154,,0.0,0.001410282355590586,,0.02189200782746446,0.3130544755253803,0.2779783095502396,0.03507616597514068,0.02692515306581829,0.019489354954405614,0.24108689094692043,0.2244649172203885,0.01662197372653193,0.024628267953539465,0.020357682722487974,0.5229988722995726|-0.6161867688161448|0.7364423875100853,0.710972678842855|-0.8775550827822831|0.5406094909491117,0.2512439465768271|-0.5694135056986448|0.5189344538921451
185,,contact,54,5.007965706612792e-159,2,2,0,0,2,0,2,,0.09660936589352787,0.002634183969348669,0.08164122607558966,0.012305819895118475,,0.08164122607558966,0.7235097639430683,0.7235097639430683,,,1.0,1.0,0,0.0,0.0,False,0.0014467776323992786,0.02943502723173297,11,0.003276638306620089,7,0.0,0,0.1990335252597717,0.13107209741008496,,0.0,0.0014206419838094005,,0.022072637914718963,0.33778397384238973,0.2986052912876182,0.03917868255477153,0.027506613211127434,0.019361333751299992,0.2589417099700439,0.24517805829983383,0.01376365167021007,0.02641039593029205,0.02008322562519678,0.5192075468937127|-0.6227824153239989|0.7457060372606974,0.7139526600687189|-0.864508537069201|0.5642406074996198,0.25492525448421033|-0.5689032967770759|0.5469692397505066
186,,contact,55,6.058973183256686e-165,2,2,0,0,2,0,2,,0.09631193196401,0.0026935350615531206,0.08164792810566723,0.011942917946726084,,0.08164792810566723,0.6702367656952078,0.6702367656952078,,,1.0,1.0,0,0.0,0.0,False,0.0013765110353041975,0.02913303485361446,11,0.0032708946587824417,7,0.0,0,0.21417441535348836,0.14669557224961416,,0.0,0.0014165394088031474,,0.021445691658695046,0.359344136490238,0.3220122278351049,0.037331908655133084,0.0250048909790855,0.019356252763336308,0.27530081417143243,0.2628686835691885,0.012432130602243907,0.027555564429558976,0.020016448467576255,0.5251228301501014|-0.6397784486042548|0.7555104833989538,0.7141101312555469|-0.8572109764986202|0.5927395969908058,0.26207674422807636|-0.5704403257105142|0.571838278877546
187,,contact,56,5.709040105864101e-171,2,2,0,0,2,0,2,,0.08857019804418087,0.002633680123835802,0.07416312885470688,0.011743432842195034,,0.07416312885470688,0.6647179568731165,0.6647179568731165,,,1.0,1.0,0,0.0,0.0,False,0.001436512876395176,0.02889983319734593,11,0.003246855073097632,7,0.0,0,0.2202163946975304,0.1567381541473516,,0.0,0.0014188060668360904,,0.021442632308852433,0.3770095537397474,0.33654179042874194,0.04046776331100549,0.01834811635266885,0.020596307602599954,0.2895092066965269,0.2775276893990989,0.011981517297428024,0.026725215924080604,0.019378195692652873,0.5229231844992231|-0.6529312199936315|0.7640834660081421,0.7067295294683805|-0.8463099745192431|0.614007546709646,0.2632047326700237|-0.5795750871482827|0.5946001738090695
188,,contact,57,4.189416482625785e-177,2,2,0,0,2,0,2,,0.0876616220921278,0.0026572300121188164,0.07295173802413046,0.012023803079500794,,0.07295173802413046,0.6403758115588811,0.6403758115588811,,,1.0,1.0,0,0.0,0.0,False,0.0014111153737482417,0.028471753462630228,11,0.0032757478639100224,7,0.0,0,0.24517663511197796,0.16424606728949165,,0.0,0.0014420194092316214,,0.0210698827399792,0.39003915902423797,0.36304177058815623,0.026997388436081737,0.013714505044006502,0.03365346242775439,0.30052213316320486,0.28802967328018386,0.012492459883021001,0.024076070920019354,0.019527965257906014,0.518581402426201|-0.6670789397309259|0.7703366149996594,0.7086244785183823|-0.8250150244274619|0.6406578442289375,0.26712419791906106|-0.5884365004434825|0.6116332302587022
189,,contact,58,2.394254760948756e-183,2,2,0,0,2,0,2,,0.09098427416756749,0.0026394310407340527,0.0763711619656533,0.01194461714476347,,0.0763711619656533,0.6284448230975829,0.6284448230975829,,,1.0,1.0,0,0.0,0.0,False,0.0013788569705053856,0.027999723842922764,11,0.0032510369856921795,7,0.0,0,0.24962511257285058,0.16786837379841302,,0.0,0.0014423327388535395,,0.02099001943699008,0.3983120323993477,0.37174309888025076,0.02656893351909695,0.013415891759829752,0.03144199062542605,0.3083592293239548,0.29668931754585126,0.011669911778103559,0.02108425208470541,0.018851039589872647,0.520473900893463|-0.687749389994691|0.7721316004408905,0.7087763113454894|-0.8252168977928461|0.6507859672596225,0.2745685608560818|-0.6053984556677026|0.6293752163032673
190,,contact,59,1.065647478940987e-189,2,2,0,0,2,0,2,,0.09113180101849139,0.002650634152814746,0.07688018796034157,0.011571180075407028,,0.07688018796034157,0.597684960350521,0.597684960350521,,,1.0,1.0,0,0.0,0.0,False,0.0013978779775101965,0.02744922769481517,11,0.00328116008836285,7,0.0,0,0.25342963790637185,0.1706016750690793,,0.0,0.0010770634587219292,,0.02063217853301414,0.40278409391672254,0.3786716778608337,0.02411241605588882,0.01250868348413258,0.030226056527219432,0.31361655247816944,0.3050884603302078,0.00852809214796163,0.02100057639008386,0.018478969879515243,0.5233895892401275|-0.7061266660289027|0.7724939906657262,0.7072720242643947|-0.8248571603701256|0.6595616125547321,0.27706193117821665|-0.6151202053827882|0.6419762068435305
191,,contact,60,3.693883068487256e-196,2,2,0,0,2,0,2,,0.08947772579267621,0.002647313056513667,0.07509423303417861,0.01170436991378665,,0.07509423303417861,0.5797386933444795,0.5797386933444795,,,1.0,1.0,0,0.0,0.0,False,0.0014050911234014182,0.027031847510973817,11,0.003271797423049755,7,0.0,0,0.258665371060534,0.16795932935317204,,0.0,0.0012603879558262016,,0.020454017152216397,0.4038420920325744,0.3858443929490559,0.017997699083518448,0.015249535839134796,,0.3166459060158779,0.30812234040476294,0.008523565611114947,0.018908209806657018,0.018129910461215086,0.5264899980510549|-0.7207079308891017|0.772705927107604,0.7079680576205877|-0.8236007043100293|0.6672253226292821,0.2836004493862384|-0.626203408614712|0.649248548324763
192,,contact,61,9.971927325624807e-203,2,2,0,0,2,0,2,,0.09016358898952603,0.002645683940500021,0.0756972529925406,0.011788147035986185,,0.0756972529925406,0.5805715356817737,0.5805715356817737,,,1.0,1.0,0,0.0,0.0,False,0.0013967505815726637,0.02799605852156828,11,0.0032728570565166704,7,0.0,0,0.25579839132798377,0.16163645775434787,,0.0,0.0012496133762193659,,0.02060603504076514,0.40227656445836085,0.3848878287349669,0.017388735723393944,0.017505661942958103,,0.3184100408027123,0.30878941840232177,0.009620622400390522,0.01515856091732732,0.018922781366326177,0.5325259812327628|-0.737620916711271|0.7711401108493585,0.7085183362650803|-0.8357964050739138|0.6677954242582081,0.2918706793689082|-0.6406478298608875|0.6542706924803116
193,,contact,62,2.0965317582885168e-209,2,2,0,0,2,0,2,,0.09115163399837911,0.002652785973623395,0.07677325000986457,0.011697228997945786,,0.07677325000986457,0.5741763119332121,0.5741763119332121,,,1.0,1.0,0,0.0,0.0,False,0.0014136429071160313,0.028736763074172972,11,0.0032953839276314845,7,0.0,0,0.2475306958091359,0.15806668985357497,,0.0,0.001415179275292957,,0.020518381256885324,0.39822651118405494,0.3791249987463183,0.019101512437736667,0.017897935476067196,0.021222464130010922,0.3193566613925735,0.31099428307913923,0.008362378313434282,0.015319865537863726,0.01993187433474089,0.536145411362116|-0.7567438919458623|0.769445160869959,0.7078986178765063|-0.8616978523306917|0.6642393539316951,0.29661257944848685|-0.6560150038013829|0.6597828642308976
194,,contact,63,3.432813154578963e-216,2,2,0,0,2,0,2,,0.09713264997117221,0.0026527978479862213,0.0818810979835689,0.012568223057314754,,0.0818810979835689,0.5694581938297644,0.5694581938297644,,,1.0,1.0,0,0.0,0.0,False,0.0014119934564119467,0.029011597969002684,13,0.0033404760773517728,8,0.0,0,0.23934586542644176,0.15411792112760736,,0.0,0.0012138259702931377,,0.020424611296113566,0.3923473930866343,0.3742647686918077,0.018082624394826607,0.019188234395401283,0.02174393314727474,0.31994222454913385,0.31254664397793663,0.007395580571197213,0.01427487421642625,0.020155292430402684,0.5418862280165382|-0.7744096258733373|0.768418102688949,0.705557482665743|-0.8857660381484559|0.660765475282086,0.3031008969800555|-0.6730779478009512|0.6640258359696494
195,,contact,64,4.377491037053051e-223,2,2,0,0,2,0,2,,0.09989291103556752,0.0026519158855080605,0.08457519696094096,0.012636421946808696,,0.08457519696094096,0.5674521373671041,0.5674521373671041,,,1.0,1.0,0,0.0,0.0,False,0.0019125903347397867,0.029197131129267445,12,0.003311939486839499,5,0.0,0,0.23596893911553174,0.1540884543844303,,0.0,0.0014264621007749894,,0.020321970921962793,0.3863443280470266,0.3730713342332747,0.01327299381375191,0.02058074460071649,0.02139377807723461,0.3212678924959147,0.31644369815379364,0.004824194342121058,0.011791904620885781,0.019344850254558267,0.5520339363326479|-0.7912498598215666|0.7690386754222751,0.7075924731892381|-0.9122251559029835|0.6570259234955608,0.3186193467823173|-0.6917777401777181|0.6696520419249695
