frame,geom_a,geom_b,body_a,body_b,signed_distance,penetration_depth,pair_type,expected_contact,illegal_penetration
0,ground,right_ankle_roll_sphere_2_link,world,right_ankle_roll_sphere_2_link,-0.0006835589638036479,0.0006835589638036479,foot-ground,True,False
0,ground,left_ankle_roll_sphere_5_link,world,left_ankle_roll_sphere_5_link,-0.0007550751540372274,0.0007550751540372274,foot-ground,True,False
0,left_ankle_intermediate_1_link,left_ankle_roll_link,left_ankle_intermediate_1_link,left_ankle_roll_link,-0.0021510294128936347,0.0021510294128936347,self-collision,False,False
0,ground,right_ankle_roll_link,world,right_ankle_roll_link,-0.0014463704650740615,0.0014463704650740615,foot-ground,True,False
0,ground,left_ankle_roll_sphere_1_link,world,left_ankle_roll_sphere_1_link,-0.0005990226807956979,0.0005990226807956979,foot-ground,True,False
0,ground,right_ankle_roll_sphere_3_link,world,right_ankle_roll_sphere_3_link,-0.0009929834106444406,0.0009929834106444406,foot-ground,True,False
0,ground,left_ankle_roll_sphere_2_link,world,left_ankle_roll_sphere_2_link,-0.0009998678891717369,0.0009998678891717369,foot-ground,True,False
0,ground,right_ankle_roll_sphere_4_link,world,right_ankle_roll_sphere_4_link,-0.0006198875371770931,0.0006198875371770931,foot-ground,True,False
0,ground,largebox,world,largebox_link,-0.0031038711506328753,0.0031038711506328753,object-ground,True,False
0,ground,right_ankle_roll_sphere_5_link,world,right_ankle_roll_sphere_5_link,-0.0008026025205181064,0.0008026025205181064,foot-ground,True,False
0,right_knee_link,right_ankle_roll_link,right_knee_link,right_ankle_roll_link,-0.023422146515978917,0.023422146515978917,self-collision,False,False
0,right_ankle_intermediate_1_link,right_ankle_roll_link,right_ankle_intermediate_1_link,right_ankle_roll_link,-0.001944741827599919,0.001944741827599919,self-collision,False,False
0,ground,left_ankle_roll_link,world,left_ankle_roll_link,-0.0014683117942896062,0.0014683117942896062,foot-ground,True,False
0,left_knee_link,left_ankle_roll_link,left_knee_link,left_ankle_roll_link,-0.028121296152426145,0.028121296152426145,self-collision,False,False
0,ground,left_ankle_roll_sphere_3_link,world,left_ankle_roll_sphere_3_link,-0.0005192385691112347,0.0005192385691112347,foot-ground,True,False
0,ground,right_ankle_roll_sphere_1_link,world,right_ankle_roll_sphere_1_link,-0.0009944721916931047,0.0009944721916931047,foot-ground,True,False
0,ground,left_ankle_roll_sphere_4_link,world,left_ankle_roll_sphere_4_link,-0.0010002528191624836,0.0010002528191624836,foot-ground,True,False
1,ground,left_ankle_roll_sphere_5_link,world,left_ankle_roll_sphere_5_link,-0.00017445926468511157,0.00017445926468511157,foot-ground,True,False
1,left_ankle_intermediate_1_link,left_ankle_roll_link,left_ankle_intermediate_1_link,left_ankle_roll_link,-0.00195804799977245,0.00195804799977245,self-collision,False,False
1,ground,right_ankle_roll_link,world,right_ankle_roll_link,-0.0007543228536851104,0.0007543228536851104,foot-ground,True,False
1,ground,left_ankle_roll_sphere_1_link,world,left_ankle_roll_sphere_1_link,-2.1638158440864634e-05,2.1638158440864634e-05,foot-ground,True,False
1,ground,right_ankle_roll_sphere_3_link,world,right_ankle_roll_sphere_3_link,-0.00029720597746698673,0.00029720597746698673,foot-ground,True,False
1,ground,left_ankle_roll_sphere_2_link,world,left_ankle_roll_sphere_2_link,-0.0003942779889770402,0.0003942779889770402,foot-ground,True,False
1,ground,largebox,world,largebox_link,-0.0031473427068362536,0.0031473427068362536,object-ground,True,False
1,ground,right_ankle_roll_sphere_5_link,world,right_ankle_roll_sphere_5_link,-9.469691869699436e-05,9.469691869699436e-05,foot-ground,True,False
1,right_knee_link,right_ankle_roll_link,right_knee_link,right_ankle_roll_link,-0.0244088721890455,0.0244088721890455,self-collision,False,False
1,right_ankle_intermediate_1_link,right_ankle_roll_link,right_ankle_intermediate_1_link,right_ankle_roll_link,-0.0024532720757080018,0.0024532720757080018,self-collision,False,False
1,ground,left_ankle_roll_link,world,left_ankle_roll_link,-0.0008618065140983122,0.0008618065140983122,foot-ground,True,False
1,left_knee_link,left_ankle_roll_link,left_knee_link,left_ankle_roll_link,-0.02986117164111296,0.02986117164111296,self-collision,False,False
1,ground,right_ankle_roll_sphere_1_link,world,right_ankle_roll_sphere_1_link,-0.0002994927216673554,0.0002994927216673554,foot-ground,True,False
1,ground,left_ankle_roll_sphere_4_link,world,left_ankle_roll_sphere_4_link,-0.00040156935343037877,0.00040156935343037877,foot-ground,True,False
2,ground,left_ankle_roll_sphere_5_link,world,left_ankle_roll_sphere_5_link,-9.673787791915616e-05,9.673787791915616e-05,foot-ground,True,False
2,left_ankle_intermediate_1_link,left_ankle_roll_link,left_ankle_intermediate_1_link,left_ankle_roll_link,-0.002024592944106382,0.002024592944106382,self-collision,False,False
2,ground,right_ankle_roll_link,world,right_ankle_roll_link,-0.0006770888994928753,0.0006770888994928753,foot-ground,True,False
2,ground,right_ankle_roll_sphere_3_link,world,right_ankle_roll_sphere_3_link,-0.00022878828049177537,0.00022878828049177537,foot-ground,True,False
2,ground,left_ankle_roll_sphere_2_link,world,left_ankle_roll_sphere_2_link,-0.0002922340768641068,0.0002922340768641068,foot-ground,True,False
2,ground,largebox,world,largebox_link,-0.0031186797000378186,0.0031186797000378186,object-ground,True,False
2,ground,right_ankle_roll_sphere_5_link,world,right_ankle_roll_sphere_5_link,-4.24762516266523e-05,4.24762516266523e-05,foot-ground,True,False
2,right_knee_link,right_ankle_roll_link,right_knee_link,right_ankle_roll_link,-0.026846139923947798,0.026846139923947798,self-collision,False,False
2,right_ankle_intermediate_1_link,right_ankle_roll_link,right_ankle_intermediate_1_link,right_ankle_roll_link,-0.0023695047340207415,0.0023695047340207415,self-collision,False,False
2,ground,left_ankle_roll_link,world,left_ankle_roll_link,-0.0007487152207827988,0.0007487152207827988,foot-ground,True,False
2,left_knee_link,left_ankle_roll_link,left_knee_link,left_ankle_roll_link,-0.031437388656473386,0.031437388656473386,self-collision,False,False
2,ground,right_ankle_roll_sphere_1_link,world,right_ankle_roll_sphere_1_link,-0.00022034741327362894,0.00022034741327362894,foot-ground,True,False
2,ground,left_ankle_roll_sphere_4_link,world,left_ankle_roll_sphere_4_link,-0.00029477083704914763,0.00029477083704914763,foot-ground,True,False
3,pelvis_contour_link,right_hip_roll_link,pelvis_contour_link,right_hip_roll_link,-0.0009640322019569825,0.0009640322019569825,self-collision,False,False
3,ground,left_ankle_roll_sphere_5_link,world,left_ankle_roll_sphere_5_link,-5.577464882540028e-05,5.577464882540028e-05,foot-ground,True,False
3,ground,right_ankle_roll_link,world,right_ankle_roll_link,-0.000613813009079027,0.000613813009079027,foot-ground,True,False
3,ground,right_ankle_roll_sphere_3_link,world,right_ankle_roll_sphere_3_link,-0.00016848445938994188,0.00016848445938994188,foot-ground,True,False
3,ground,left_ankle_roll_sphere_2_link,world,left_ankle_roll_sphere_2_link,-0.000246375317427292,0.000246375317427292,foot-ground,True,False
3,ground,largebox,world,largebox_link,-0.003141146459411881,0.003141146459411881,object-ground,True,False
3,right_knee_link,right_ankle_roll_link,right_knee_link,right_ankle_roll_link,-0.028902095599976946,0.028902095599976946,self-collision,False,False
3,right_ankle_intermediate_1_link,right_ankle_roll_link,right_ankle_intermediate_1_link,right_ankle_roll_link,-0.002174167277352257,0.002174167277352257,self-collision,False,False
3,ground,left_ankle_roll_link,world,left_ankle_roll_link,-0.0007018770111012138,0.0007018770111012138,foot-ground,True,False
3,left_knee_link,left_ankle_roll_link,left_knee_link,left_ankle_roll_link,-0.0328528541989456,0.0328528541989456,self-collision,False,False
3,ground,right_ankle_roll_sphere_1_link,world,right_ankle_roll_sphere_1_link,-0.00015563744042802318,0.00015563744042802318,foot-ground,True,False
3,ground,left_ankle_roll_sphere_4_link,world,left_ankle_roll_sphere_4_link,-0.0002493623282723697,0.0002493623282723697,foot-ground,True,False
4,pelvis_contour_link,right_hip_roll_link,pelvis_contour_link,right_hip_roll_link,-0.003948229503443854,0.003948229503443854,self-collision,False,False
4,ground,right_ankle_roll_link,world,right_ankle_roll_link,-0.0006169229539316201,0.0006169229539316201,foot-ground,True,False
4,ground,right_ankle_roll_sphere_3_link,world,right_ankle_roll_sphere_3_link,-0.00016057144460471153,0.00016057144460471153,foot-ground,True,False
4,ground,left_ankle_roll_sphere_2_link,world,left_ankle_roll_sphere_2_link,-0.00016016805734399547,0.00016016805734399547,foot-ground,True,False
4,pelvis_contour_link,left_hip_roll_link,pelvis_contour_link,left_hip_roll_link,-0.0030276198687383543,0.0030276198687383543,self-collision,False,False
4,ground,largebox,world,largebox_link,-0.0031371618314882943,0.0031371618314882943,object-ground,True,False
4,right_knee_link,right_ankle_roll_link,right_knee_link,right_ankle_roll_link,-0.03110786774236965,0.03110786774236965,self-collision,False,False
4,right_ankle_intermediate_1_link,right_ankle_roll_link,right_ankle_intermediate_1_link,right_ankle_roll_link,-0.0019377428397491236,0.0019377428397491236,self-collision,False,False
4,ground,left_ankle_roll_link,world,left_ankle_roll_link,-0.0006260714993968908,0.0006260714993968908,foot-ground,True,False
4,left_knee_link,left_ankle_roll_link,left_knee_link,left_ankle_roll_link,-0.03436358549959159,0.03436358549959159,self-collision,False,False
4,ground,right_ankle_roll_sphere_1_link,world,right_ankle_roll_sphere_1_link,-0.00016316376195492626,0.00016316376195492626,foot-ground,True,False
4,ground,left_ankle_roll_sphere_4_link,world,left_ankle_roll_sphere_4_link,-0.0001642023859512792,0.0001642023859512792,foot-ground,True,False
5,pelvis_contour_link,right_hip_roll_link,pelvis_contour_link,right_hip_roll_link,-0.00525046469014126,0.00525046469014126,self-collision,False,False
5,ground,right_ankle_roll_link,world,right_ankle_roll_link,-0.0009044907119012853,0.0009044907119012853,foot-ground,True,False
5,ground,right_ankle_roll_sphere_3_link,world,right_ankle_roll_sphere_3_link,-0.00042630330429962223,0.00042630330429962223,foot-ground,True,False
5,ground,left_ankle_roll_sphere_2_link,world,left_ankle_roll_sphere_2_link,-0.0004379938350753598,0.0004379938350753598,foot-ground,True,False
5,pelvis_contour_link,left_hip_roll_link,pelvis_contour_link,left_hip_roll_link,-0.005187049288440063,0.005187049288440063,self-collision,False,False
5,ground,largebox,world,largebox_link,-0.0031110539474660526,0.0031110539474660526,object-ground,True,False
5,ground,right_ankle_roll_sphere_5_link,world,right_ankle_roll_sphere_5_link,-0.00012557512543207635,0.00012557512543207635,foot-ground,True,False
5,right_knee_link,right_ankle_roll_link,right_knee_link,right_ankle_roll_link,-0.033355195076882005,0.033355195076882005,self-collision,False,False
5,ground,left_ankle_roll_link,world,left_ankle_roll_link,-0.0010008670982612697,0.0010008670982612697,foot-ground,True,False
5,left_knee_link,left_ankle_roll_link,left_knee_link,left_ankle_roll_link,-0.036167791746331224,0.036167791746331224,self-collision,False,False
5,ground,right_ankle_roll_sphere_1_link,world,right_ankle_roll_sphere_1_link,-0.00041211865562877214,0.00041211865562877214,foot-ground,True,False
5,ground,left_ankle_roll_sphere_4_link,world,left_ankle_roll_sphere_4_link,-0.0004348245163911203,0.0004348245163911203,foot-ground,True,False
6,pelvis_contour_link,right_hip_roll_link,pelvis_contour_link,right_hip_roll_link,-0.006206603130100505,0.006206603130100505,self-collision,False,False
6,ground,left_ankle_roll_sphere_5_link,world,left_ankle_roll_sphere_5_link,-2.786559662703008e-05,2.786559662703008e-05,foot-ground,True,False
6,ground,right_ankle_roll_link,world,right_ankle_roll_link,-0.0014961521780334705,0.0014961521780334705,foot-ground,True,False
6,ground,right_ankle_roll_sphere_3_link,world,right_ankle_roll_sphere_3_link,-0.0008745010611640935,0.0008745010611640935,foot-ground,True,False
6,pelvis_contour_link,left_hip_roll_link,pelvis_contour_link,left_hip_roll_link,-0.006696868842781437,0.006696868842781437,self-collision,False,False
6,ground,largebox,world,largebox_link,-0.0031355946968038007,0.0031355946968038007,object-ground,True,False
6,ground,right_ankle_roll_sphere_5_link,world,right_ankle_roll_sphere_5_link,-5.5618916673850875e-05,5.5618916673850875e-05,foot-ground,True,False
6,right_knee_link,right_ankle_roll_link,right_knee_link,right_ankle_roll_link,-0.03446956878210858,0.03446956878210858,self-collision,False,False
6,ground,left_ankle_roll_link,world,left_ankle_roll_link,-0.0008038814279248095,0.0008038814279248095,foot-ground,True,False
6,left_knee_link,left_ankle_roll_link,left_knee_link,left_ankle_roll_link,-0.03596268638391392,0.03596268638391392,self-collision,False,False
6,left_hip_yaw_link,largebox,left_hip_yaw_link,largebox_link,-0.0036578880462905528,0.0036578880462905528,other-body-box,False,True
6,ground,right_ankle_roll_sphere_1_link,world,right_ankle_roll_sphere_1_link,-0.0008571413582298777,0.0008571413582298777,foot-ground,True,False
6,ground,left_ankle_roll_sphere_4_link,world,left_ankle_roll_sphere_4_link,-0.0003459875366980279,0.0003459875366980279,foot-ground,True,False
7,pelvis_contour_link,right_hip_roll_link,pelvis_contour_link,right_hip_roll_link,-0.00641101164005492,0.00641101164005492,self-collision,False,False
7,ground,right_ankle_roll_link,world,right_ankle_roll_link,-0.0014640398955797183,0.0014640398955797183,foot-ground,True,False
7,ground,right_ankle_roll_sphere_3_link,world,right_ankle_roll_sphere_3_link,-0.000499634775229448,0.000499634775229448,foot-ground,True,False
7,pelvis_contour_link,left_hip_roll_link,pelvis_contour_link,left_hip_roll_link,-0.007201187443198628,0.007201187443198628,self-collision,False,False
7,ground,largebox,world,largebox_link,-0.0031557274893412313,0.0031557274893412313,object-ground,True,False
7,right_knee_link,right_ankle_roll_link,right_knee_link,right_ankle_roll_link,-0.03552218471230145,0.03552218471230145,self-collision,False,False
7,ground,left_ankle_roll_link,world,left_ankle_roll_link,-0.0009351012811879833,0.0009351012811879833,foot-ground,True,False
7,left_knee_link,left_ankle_roll_link,left_knee_link,left_ankle_roll_link,-0.03566209475692944,0.03566209475692944,self-collision,False,False
7,left_hip_yaw_link,largebox,left_hip_yaw_link,largebox_link,-0.0018857452903573296,0.0018857452903573296,other-body-box,False,True
7,ground,right_ankle_roll_sphere_1_link,world,right_ankle_roll_sphere_1_link,-0.0009695171899613995,0.0009695171899613995,foot-ground,True,False
7,ground,left_ankle_roll_sphere_4_link,world,left_ankle_roll_sphere_4_link,-0.0003908988705601272,0.0003908988705601272,foot-ground,True,False
8,pelvis_contour_link,right_hip_roll_link,pelvis_contour_link,right_hip_roll_link,-0.005896862895135191,0.005896862895135191,self-collision,False,False
8,ground,right_ankle_roll_link,world,right_ankle_roll_link,-0.0010471221329552624,0.0010471221329552624,foot-ground,True,False
8,ground,right_ankle_roll_sphere_3_link,world,right_ankle_roll_sphere_3_link,-0.00033709488110809146,0.00033709488110809146,foot-ground,True,False
8,pelvis_contour_link,left_hip_roll_link,pelvis_contour_link,left_hip_roll_link,-0.008061937663067356,0.008061937663067356,self-collision,False,False
8,ground,largebox,world,largebox_link,-0.002967420815621097,0.002967420815621097,object-ground,True,False
8,right_knee_link,right_ankle_roll_link,right_knee_link,right_ankle_roll_link,-0.03620982883466786,0.03620982883466786,self-collision,False,False
8,ground,left_ankle_roll_link,world,left_ankle_roll_link,-0.0009843697811100435,0.0009843697811100435,foot-ground,True,False
8,left_knee_link,left_ankle_roll_link,left_knee_link,left_ankle_roll_link,-0.03492674453542152,0.03492674453542152,self-collision,False,False
8,left_hip_yaw_link,largebox,left_hip_yaw_link,largebox_link,-0.002305498241134435,0.002305498241134435,other-body-box,False,True
8,ground,right_ankle_roll_sphere_1_link,world,right_ankle_roll_sphere_1_link,-0.0003815530529002178,0.0003815530529002178,foot-ground,True,False
8,ground,left_ankle_roll_sphere_4_link,world,left_ankle_roll_sphere_4_link,-0.00034427410467454105,0.00034427410467454105,foot-ground,True,False
9,pelvis_contour_link,right_hip_roll_link,pelvis_contour_link,right_hip_roll_link,-0.005587544086025062,0.005587544086025062,self-collision,False,False
9,ground,right_ankle_roll_link,world,right_ankle_roll_link,-0.0015040944342478262,0.0015040944342478262,foot-ground,True,False
9,ground,right_ankle_roll_sphere_3_link,world,right_ankle_roll_sphere_3_link,-0.00042493884288927804,0.00042493884288927804,foot-ground,True,False
9,pelvis_contour_link,left_hip_roll_link,pelvis_contour_link,left_hip_roll_link,-0.0088840169975056,0.0088840169975056,self-collision,False,False
9,ground,largebox,world,largebox_link,-0.003008943902417044,0.003008943902417044,object-ground,True,False
9,right_knee_link,right_ankle_roll_link,right_knee_link,right_ankle_roll_link,-0.03686399436899085,0.03686399436899085,self-collision,False,False
9,ground,left_ankle_roll_link,world,left_ankle_roll_link,-0.0009939814476197933,0.0009939814476197933,foot-ground,True,False
9,left_knee_link,left_ankle_roll_link,left_knee_link,left_ankle_roll_link,-0.03457649397304524,0.03457649397304524,self-collision,False,False
9,left_hip_yaw_link,largebox,left_hip_yaw_link,largebox_link,-0.001533302122629962,0.001533302122629962,other-body-box,False,True
9,ground,right_ankle_roll_sphere_1_link,world,right_ankle_roll_sphere_1_link,-0.0009828986011699318,0.0009828986011699318,foot-ground,True,False
9,ground,left_ankle_roll_sphere_4_link,world,left_ankle_roll_sphere_4_link,-0.00018358588747846138,0.00018358588747846138,foot-ground,True,False
10,pelvis_contour_link,right_hip_roll_link,pelvis_contour_link,right_hip_roll_link,-0.005921892853707339,0.005921892853707339,self-collision,False,False
10,ground,right_ankle_roll_link,world,right_ankle_roll_link,-0.0011576554514964449,0.0011576554514964449,foot-ground,True,False
10,ground,right_ankle_roll_sphere_3_link,world,right_ankle_roll_sphere_3_link,-0.0006857273881217081,0.0006857273881217081,foot-ground,True,False
10,pelvis_contour_link,left_hip_roll_link,pelvis_contour_link,left_hip_roll_link,-0.00946007184776787,0.00946007184776787,self-collision,False,False
10,ground,largebox,world,largebox_link,-0.002972382152683306,0.002972382152683306,object-ground,True,False
10,right_knee_link,right_ankle_roll_link,right_knee_link,right_ankle_roll_link,-0.0367984950888785,0.0367984950888785,self-collision,False,False
10,ground,left_ankle_roll_link,world,left_ankle_roll_link,-0.0009862401491567765,0.0009862401491567765,foot-ground,True,False
10,left_knee_link,left_ankle_roll_link,left_knee_link,left_ankle_roll_link,-0.033676351363198326,0.033676351363198326,self-collision,False,False
10,left_hip_yaw_link,largebox,left_hip_yaw_link,largebox_link,-0.0012120535921872622,0.0012120535921872622,other-body-box,False,True
11,pelvis_contour_link,right_hip_roll_link,pelvis_contour_link,right_hip_roll_link,-0.006434922669093762,0.006434922669093762,self-collision,False,False
11,ground,right_ankle_roll_link,world,right_ankle_roll_link,-0.0011435599984130698,0.0011435599984130698,foot-ground,True,False
11,ground,right_ankle_roll_sphere_3_link,world,right_ankle_roll_sphere_3_link,-0.0006894569379045047,0.0006894569379045047,foot-ground,True,False
11,pelvis_contour_link,left_hip_roll_link,pelvis_contour_link,left_hip_roll_link,-0.009570968311301664,0.009570968311301664,self-collision,False,False
11,ground,largebox,world,largebox_link,-0.003018469779875105,0.003018469779875105,object-ground,True,False
11,right_knee_link,right_ankle_roll_link,right_knee_link,right_ankle_roll_link,-0.037052626931522586,0.037052626931522586,self-collision,False,False
11,ground,left_ankle_roll_link,world,left_ankle_roll_link,-0.0009893339392825773,0.0009893339392825773,foot-ground,True,False
11,left_knee_link,left_ankle_roll_link,left_knee_link,left_ankle_roll_link,-0.03332545578425661,0.03332545578425661,self-collision,False,False
11,left_hip_yaw_link,largebox,left_hip_yaw_link,largebox_link,-0.000971860796007043,0.000971860796007043,other-body-box,False,True
12,pelvis_contour_link,right_hip_roll_link,pelvis_contour_link,right_hip_roll_link,-0.005282408175905487,0.005282408175905487,self-collision,False,False
12,ground,right_ankle_roll_link,world,right_ankle_roll_link,-0.0014293184678338365,0.0014293184678338365,foot-ground,True,False
12,ground,right_ankle_roll_sphere_3_link,world,right_ankle_roll_sphere_3_link,-0.0009832726190595982,0.0009832726190595982,foot-ground,True,False
12,pelvis_contour_link,left_hip_roll_link,pelvis_contour_link,left_hip_roll_link,-0.009790221124384588,0.009790221124384588,self-collision,False,False
12,ground,largebox,world,largebox_link,-0.0030128680476467218,0.0030128680476467218,object-ground,True,False
12,right_knee_link,right_ankle_roll_link,right_knee_link,right_ankle_roll_link,-0.03763497730599211,0.03763497730599211,self-collision,False,False
12,ground,left_ankle_roll_link,world,left_ankle_roll_link,-0.000998289670121777,0.000998289670121777,foot-ground,True,False
12,left_knee_link,left_ankle_roll_link,left_knee_link,left_ankle_roll_link,-0.033821641230315,0.033821641230315,self-collision,False,False
12,left_hip_yaw_link,largebox,left_hip_yaw_link,largebox_link,-0.0009096829230521714,0.0009096829230521714,other-body-box,False,True
13,pelvis_contour_link,right_hip_roll_link,pelvis_contour_link,right_hip_roll_link,-0.005922493457557174,0.005922493457557174,self-collision,False,False
13,ground,right_ankle_roll_link,world,right_ankle_roll_link,-0.001443431625730976,0.001443431625730976,foot-ground,True,False
13,ground,right_ankle_roll_sphere_3_link,world,right_ankle_roll_sphere_3_link,-0.0009858879278821396,0.0009858879278821396,foot-ground,True,False
13,pelvis_contour_link,left_hip_roll_link,pelvis_contour_link,left_hip_roll_link,-0.007686885079054226,0.007686885079054226,self-collision,False,False
13,ground,largebox,world,largebox_link,-0.003035093538967387,0.003035093538967387,object-ground,True,False
13,right_knee_link,right_ankle_roll_link,right_knee_link,right_ankle_roll_link,-0.03807184063935404,0.03807184063935404,self-collision,False,False
13,ground,left_ankle_roll_link,world,left_ankle_roll_link,-0.0009942490824770556,0.0009942490824770556,foot-ground,True,False
13,left_knee_link,left_ankle_roll_link,left_knee_link,left_ankle_roll_link,-0.033445820435312246,0.033445820435312246,self-collision,False,False
13,left_hip_yaw_link,largebox,left_hip_yaw_link,largebox_link,-0.0019417335780628764,0.0019417335780628764,other-body-box,False,True
14,pelvis_contour_link,right_hip_roll_link,pelvis_contour_link,right_hip_roll_link,-0.0055994482735223505,0.0055994482735223505,self-collision,False,False
14,left_ankle_intermediate_1_link,left_ankle_roll_link,left_ankle_intermediate_1_link,left_ankle_roll_link,-0.002599416907229271,0.002599416907229271,self-collision,False,False
14,ground,right_ankle_roll_link,world,right_ankle_roll_link,-0.0011451072402246416,0.0011451072402246416,foot-ground,True,False
14,ground,right_ankle_roll_sphere_3_link,world,right_ankle_roll_sphere_3_link,-0.0006726036417767948,0.0006726036417767948,foot-ground,True,False
14,pelvis_contour_link,left_hip_roll_link,pelvis_contour_link,left_hip_roll_link,-0.008337172014327113,0.008337172014327113,self-collision,False,False
14,ground,largebox,world,largebox_link,-0.0030380263466471824,0.0030380263466471824,object-ground,True,False
14,right_knee_link,right_ankle_roll_link,right_knee_link,right_ankle_roll_link,-0.03870685202967386,0.03870685202967386,self-collision,False,False
14,ground,left_ankle_roll_link,world,left_ankle_roll_link,-0.0009989556808532654,0.0009989556808532654,foot-ground,True,False
14,left_knee_link,left_ankle_roll_link,left_knee_link,left_ankle_roll_link,-0.033338098617066186,0.033338098617066186,self-collision,False,False
14,left_hip_yaw_link,largebox,left_hip_yaw_link,largebox_link,-0.0012634383220410106,0.0012634383220410106,other-body-box,False,True
15,pelvis_contour_link,right_hip_roll_link,pelvis_contour_link,right_hip_roll_link,-0.004482102733534846,0.004482102733534846,self-collision,False,False
15,right_rubber_hand_link,largebox,right_rubber_hand_link,largebox_link,-0.00027566890394509214,0.00027566890394509214,hand-box,True,False
15,left_ankle_intermediate_1_link,left_ankle_roll_link,left_ankle_intermediate_1_link,left_ankle_roll_link,-0.0027186439734603607,0.0027186439734603607,self-collision,False,False
15,ground,right_ankle_roll_link,world,right_ankle_roll_link,-0.0012498244901483803,0.0012498244901483803,foot-ground,True,False
15,ground,right_ankle_roll_sphere_3_link,world,right_ankle_roll_sphere_3_link,-0.000789288834847887,0.000789288834847887,foot-ground,True,False
15,pelvis_contour_link,left_hip_roll_link,pelvis_contour_link,left_hip_roll_link,-0.008514115087224411,0.008514115087224411,self-collision,False,False
15,ground,largebox,world,largebox_link,-0.002990893649162163,0.002990893649162163,object-ground,True,False
15,right_knee_link,right_ankle_roll_link,right_knee_link,right_ankle_roll_link,-0.03910420764942199,0.03910420764942199,self-collision,False,False
15,ground,left_ankle_roll_link,world,left_ankle_roll_link,-0.0009995222842600487,0.0009995222842600487,foot-ground,True,False
15,left_knee_link,left_ankle_roll_link,left_knee_link,left_ankle_roll_link,-0.03374024393150998,0.03374024393150998,self-collision,False,False
15,left_hip_yaw_link,largebox,left_hip_yaw_link,largebox_link,-0.0011243719417362852,0.0011243719417362852,other-body-box,False,True
16,pelvis_contour_link,right_hip_roll_link,pelvis_contour_link,right_hip_roll_link,-0.005034369697539315,0.005034369697539315,self-collision,False,False
16,right_rubber_hand_link,largebox,right_rubber_hand_link,largebox_link,-0.0009442083756695391,0.0009442083756695391,hand-box,True,False
16,right_hip_yaw_link,largebox,right_hip_yaw_link,largebox_link,-0.001698123124608028,0.001698123124608028,other-body-box,False,True
16,left_shoulder_yaw_link,largebox,left_shoulder_yaw_link,largebox_link,-0.0009308584558018612,0.0009308584558018612,other-body-box,False,True
16,ground,right_ankle_roll_link,world,right_ankle_roll_link,-0.0010602993659791608,0.0010602993659791608,foot-ground,True,False
16,ground,right_ankle_roll_sphere_3_link,world,right_ankle_roll_sphere_3_link,-0.0005846513166618229,0.0005846513166618229,foot-ground,True,False
16,pelvis_contour_link,left_hip_roll_link,pelvis_contour_link,left_hip_roll_link,-0.009480499572956172,0.009480499572956172,self-collision,False,False
16,ground,largebox,world,largebox_link,-0.002996716034210256,0.002996716034210256,object-ground,True,False
16,right_knee_link,right_ankle_roll_link,right_knee_link,right_ankle_roll_link,-0.03955477408960312,0.03955477408960312,self-collision,False,False
16,ground,right_rubber_hand_link,world,right_rubber_hand_link,-0.0009814203528386578,0.0009814203528386578,robot-ground-excluding-foot,False,True
16,ground,left_ankle_roll_link,world,left_ankle_roll_link,-0.000998803914937535,0.000998803914937535,foot-ground,True,False
16,left_knee_link,left_ankle_roll_link,left_knee_link,left_ankle_roll_link,-0.034259158546638246,0.034259158546638246,self-collision,False,False
16,left_hip_yaw_link,largebox,left_hip_yaw_link,largebox_link,-0.001027973458441564,0.001027973458441564,other-body-box,False,True
17,pelvis_contour_link,right_hip_roll_link,pelvis_contour_link,right_hip_roll_link,-0.004582336504777393,0.004582336504777393,self-collision,False,False
17,right_rubber_hand_link,largebox,right_rubber_hand_link,largebox_link,-0.001000524533577421,0.001000524533577421,hand-box,True,False
17,right_hip_yaw_link,largebox,right_hip_yaw_link,largebox_link,-0.000986653269114346,0.000986653269114346,other-body-box,False,True
17,left_shoulder_yaw_link,largebox,left_shoulder_yaw_link,largebox_link,-0.0011803592082483966,0.0011803592082483966,other-body-box,False,True
17,ground,right_ankle_roll_link,world,right_ankle_roll_link,-0.000999922209717355,0.000999922209717355,foot-ground,True,False
17,ground,right_ankle_roll_sphere_3_link,world,right_ankle_roll_sphere_3_link,-0.0005168561784324828,0.0005168561784324828,foot-ground,True,False
17,pelvis_contour_link,left_hip_roll_link,pelvis_contour_link,left_hip_roll_link,-0.008175961122340078,0.008175961122340078,self-collision,False,False
17,ground,largebox,world,largebox_link,-0.0030182819769577485,0.0030182819769577485,object-ground,True,False
17,right_knee_link,right_ankle_roll_link,right_knee_link,right_ankle_roll_link,-0.03921873568849937,0.03921873568849937,self-collision,False,False
17,ground,right_rubber_hand_link,world,right_rubber_hand_link,-0.0009998977171059298,0.0009998977171059298,robot-ground-excluding-foot,False,True
17,ground,left_ankle_roll_link,world,left_ankle_roll_link,-0.0010000168883007171,0.0010000168883007171,foot-ground,True,False
17,left_knee_link,left_ankle_roll_link,left_knee_link,left_ankle_roll_link,-0.03459856194307581,0.03459856194307581,self-collision,False,False
17,left_hip_yaw_link,largebox,left_hip_yaw_link,largebox_link,-0.0009932879271308953,0.0009932879271308953,other-body-box,False,True
18,pelvis_contour_link,right_hip_roll_link,pelvis_contour_link,right_hip_roll_link,-0.005092485120969506,0.005092485120969506,self-collision,False,False
18,right_rubber_hand_link,largebox,right_rubber_hand_link,largebox_link,-0.0010237662023381416,0.0010237662023381416,hand-box,True,False
18,right_hip_yaw_link,largebox,right_hip_yaw_link,largebox_link,-0.0010938698291164534,0.0010938698291164534,other-body-box,False,True
18,left_shoulder_yaw_link,largebox,left_shoulder_yaw_link,largebox_link,-0.0011876445980648909,0.0011876445980648909,other-body-box,False,True
18,ground,right_ankle_roll_link,world,right_ankle_roll_link,-0.0009978741581423943,0.0009978741581423943,foot-ground,True,False
18,ground,right_ankle_roll_sphere_3_link,world,right_ankle_roll_sphere_3_link,-0.0005385846393657105,0.0005385846393657105,foot-ground,True,False
18,pelvis_contour_link,left_hip_roll_link,pelvis_contour_link,left_hip_roll_link,-0.008164931042326962,0.008164931042326962,self-collision,False,False
18,ground,largebox,world,largebox_link,-0.003035532063797697,0.003035532063797697,object-ground,True,False
18,right_knee_link,right_ankle_roll_link,right_knee_link,right_ankle_roll_link,-0.03881538464788517,0.03881538464788517,self-collision,False,False
18,ground,right_rubber_hand_link,world,right_rubber_hand_link,-0.0010007943947502457,0.0010007943947502457,robot-ground-excluding-foot,False,True
18,ground,left_ankle_roll_link,world,left_ankle_roll_link,-0.0009965250247679983,0.0009965250247679983,foot-ground,True,False
18,left_knee_link,left_ankle_roll_link,left_knee_link,left_ankle_roll_link,-0.03483509122772557,0.03483509122772557,self-collision,False,False
18,left_rubber_hand_link,largebox,left_rubber_hand_link,largebox_link,-0.0002358499330991637,0.0002358499330991637,hand-box,True,False
18,left_hip_yaw_link,largebox,left_hip_yaw_link,largebox_link,-0.0011099866497066985,0.0011099866497066985,other-body-box,False,True
19,pelvis_contour_link,right_hip_roll_link,pelvis_contour_link,right_hip_roll_link,-0.00565824089889963,0.00565824089889963,self-collision,False,False
19,right_rubber_hand_link,largebox,right_rubber_hand_link,largebox_link,-0.0010236508053324544,0.0010236508053324544,hand-box,True,False
19,right_hip_yaw_link,largebox,right_hip_yaw_link,largebox_link,-0.0009631004877003052,0.0009631004877003052,other-body-box,False,True
19,left_shoulder_yaw_link,largebox,left_shoulder_yaw_link,largebox_link,-0.0007901971118522699,0.0007901971118522699,other-body-box,False,True
19,ground,right_ankle_roll_link,world,right_ankle_roll_link,-0.0010026717401688603,0.0010026717401688603,foot-ground,True,False
19,ground,right_ankle_roll_sphere_3_link,world,right_ankle_roll_sphere_3_link,-0.0005663505474256909,0.0005663505474256909,foot-ground,True,False
19,pelvis_contour_link,left_hip_roll_link,pelvis_contour_link,left_hip_roll_link,-0.00788342749613119,0.00788342749613119,self-collision,False,False
19,ground,largebox,world,largebox_link,-0.0029856556847730753,0.0029856556847730753,object-ground,True,False
19,right_knee_link,right_ankle_roll_link,right_knee_link,right_ankle_roll_link,-0.038342434329699915,0.038342434329699915,self-collision,False,False
19,ground,right_rubber_hand_link,world,right_rubber_hand_link,-0.0009995189807023158,0.0009995189807023158,robot-ground-excluding-foot,False,True
19,ground,left_ankle_roll_link,world,left_ankle_roll_link,-0.0009958448426453034,0.0009958448426453034,foot-ground,True,False
19,left_knee_link,left_ankle_roll_link,left_knee_link,left_ankle_roll_link,-0.03503370010029386,0.03503370010029386,self-collision,False,False
19,left_rubber_hand_link,largebox,left_rubber_hand_link,largebox_link,-0.0005014424010706814,0.0005014424010706814,hand-box,True,False
19,left_hip_yaw_link,largebox,left_hip_yaw_link,largebox_link,-0.0010703404496230084,0.0010703404496230084,other-body-box,False,True
20,pelvis_contour_link,right_hip_roll_link,pelvis_contour_link,right_hip_roll_link,-0.00594782254695625,0.00594782254695625,self-collision,False,False
20,right_rubber_hand_link,largebox,right_rubber_hand_link,largebox_link,-0.0010161868730750034,0.0010161868730750034,hand-box,True,False
20,right_hip_yaw_link,largebox,right_hip_yaw_link,largebox_link,-0.001009940438561216,0.001009940438561216,other-body-box,False,True
20,left_shoulder_yaw_link,largebox,left_shoulder_yaw_link,largebox_link,-0.0010715250600023263,0.0010715250600023263,other-body-box,False,True
20,ground,right_ankle_roll_link,world,right_ankle_roll_link,-0.0009989361266334873,0.0009989361266334873,foot-ground,True,False
20,ground,right_ankle_roll_sphere_3_link,world,right_ankle_roll_sphere_3_link,-0.0005582525634296341,0.0005582525634296341,foot-ground,True,False
20,pelvis_contour_link,left_hip_roll_link,pelvis_contour_link,left_hip_roll_link,-0.007859930797949014,0.007859930797949014,self-collision,False,False
20,ground,largebox,world,largebox_link,-0.0029824674316329125,0.0029824674316329125,object-ground,True,False
20,right_knee_link,right_ankle_roll_link,right_knee_link,right_ankle_roll_link,-0.03816140347408528,0.03816140347408528,self-collision,False,False
20,ground,left_rubber_hand_link,world,left_rubber_hand_link,-0.0009823601834274415,0.0009823601834274415,robot-ground-excluding-foot,False,True
20,ground,right_rubber_hand_link,world,right_rubber_hand_link,-0.000998325651848958,0.000998325651848958,robot-ground-excluding-foot,False,True
20,ground,left_ankle_roll_link,world,left_ankle_roll_link,-0.0009981619339299308,0.0009981619339299308,foot-ground,True,False
20,left_knee_link,left_ankle_roll_link,left_knee_link,left_ankle_roll_link,-0.03509350896665725,0.03509350896665725,self-collision,False,False
20,left_rubber_hand_link,largebox,left_rubber_hand_link,largebox_link,-0.0004814332758727169,0.0004814332758727169,hand-box,True,False
20,left_hip_yaw_link,largebox,left_hip_yaw_link,largebox_link,-0.0011372680480635083,0.0011372680480635083,other-body-box,False,True
21,pelvis_contour_link,right_hip_roll_link,pelvis_contour_link,right_hip_roll_link,-0.006326599795097865,0.006326599795097865,self-collision,False,False
21,right_rubber_hand_link,largebox,right_rubber_hand_link,largebox_link,-0.0010266201206079878,0.0010266201206079878,hand-box,True,False
21,right_hip_yaw_link,largebox,right_hip_yaw_link,largebox_link,-0.0009914939074436996,0.0009914939074436996,other-body-box,False,True
21,left_shoulder_yaw_link,largebox,left_shoulder_yaw_link,largebox_link,-0.0010594864212596644,0.0010594864212596644,other-body-box,False,True
21,ground,right_ankle_roll_link,world,right_ankle_roll_link,-0.0009995250046349463,0.0009995250046349463,foot-ground,True,False
21,ground,right_ankle_roll_sphere_3_link,world,right_ankle_roll_sphere_3_link,-0.0005571798475678775,0.0005571798475678775,foot-ground,True,False
21,pelvis_contour_link,left_hip_roll_link,pelvis_contour_link,left_hip_roll_link,-0.00796930469637068,0.00796930469637068,self-collision,False,False
21,ground,largebox,world,largebox_link,-0.0029389578279449546,0.0029389578279449546,object-ground,True,False
21,right_knee_link,right_ankle_roll_link,right_knee_link,right_ankle_roll_link,-0.03810796237841918,0.03810796237841918,self-collision,False,False
21,ground,left_rubber_hand_link,world,left_rubber_hand_link,-0.0009978866581487472,0.0009978866581487472,robot-ground-excluding-foot,False,True
21,ground,right_rubber_hand_link,world,right_rubber_hand_link,-0.0009996501324003315,0.0009996501324003315,robot-ground-excluding-foot,False,True
21,ground,left_ankle_roll_link,world,left_ankle_roll_link,-0.0009975664484866767,0.0009975664484866767,foot-ground,True,False
21,left_knee_link,left_ankle_roll_link,left_knee_link,left_ankle_roll_link,-0.03500371394916549,0.03500371394916549,self-collision,False,False
21,left_rubber_hand_link,largebox,left_rubber_hand_link,largebox_link,-0.0009052808063313572,0.0009052808063313572,hand-box,True,False
21,left_hip_yaw_link,largebox,left_hip_yaw_link,largebox_link,-0.0010967850330829143,0.0010967850330829143,other-body-box,False,True
22,pelvis_contour_link,right_hip_roll_link,pelvis_contour_link,right_hip_roll_link,-0.006264995955413646,0.006264995955413646,self-collision,False,False
22,right_rubber_hand_link,largebox,right_rubber_hand_link,largebox_link,-0.001001433103454935,0.001001433103454935,hand-box,True,False
22,right_hip_yaw_link,largebox,right_hip_yaw_link,largebox_link,-0.0010015702457145531,0.0010015702457145531,other-body-box,False,True
22,left_shoulder_yaw_link,largebox,left_shoulder_yaw_link,largebox_link,-0.001005178192995157,0.001005178192995157,other-body-box,False,True
22,ground,right_ankle_roll_link,world,right_ankle_roll_link,-0.000999994002449399,0.000999994002449399,foot-ground,True,False
22,ground,right_ankle_roll_sphere_3_link,world,right_ankle_roll_sphere_3_link,-0.0005685573860015987,0.0005685573860015987,foot-ground,True,False
22,pelvis_contour_link,left_hip_roll_link,pelvis_contour_link,left_hip_roll_link,-0.007613959110495894,0.007613959110495894,self-collision,False,False
22,ground,largebox,world,largebox_link,-0.0029502151468231153,0.0029502151468231153,object-ground,True,False
22,right_knee_link,right_ankle_roll_link,right_knee_link,right_ankle_roll_link,-0.038159354791954286,0.038159354791954286,self-collision,False,False
22,ground,left_rubber_hand_link,world,left_rubber_hand_link,-0.000999986208510606,0.000999986208510606,robot-ground-excluding-foot,False,True
22,ground,right_rubber_hand_link,world,right_rubber_hand_link,-0.0010000453184722535,0.0010000453184722535,robot-ground-excluding-foot,False,True
22,ground,left_ankle_roll_link,world,left_ankle_roll_link,-0.0009999831927965733,0.0009999831927965733,foot-ground,True,False
22,left_knee_link,left_ankle_roll_link,left_knee_link,left_ankle_roll_link,-0.034416795006573464,0.034416795006573464,self-collision,False,False
22,left_rubber_hand_link,largebox,left_rubber_hand_link,largebox_link,-0.000999485861378463,0.000999485861378463,hand-box,True,False
22,left_hip_yaw_link,largebox,left_hip_yaw_link,largebox_link,-0.0010003363134989396,0.0010003363134989396,other-body-box,False,True
23,pelvis_contour_link,right_hip_roll_link,pelvis_contour_link,right_hip_roll_link,-0.006494806286829954,0.006494806286829954,self-collision,False,False
23,right_rubber_hand_link,largebox,right_rubber_hand_link,largebox_link,-0.0010158886739910084,0.0010158886739910084,hand-box,True,False
23,right_hip_yaw_link,largebox,right_hip_yaw_link,largebox_link,-0.0010318400296039781,0.0010318400296039781,other-body-box,False,True
23,left_shoulder_yaw_link,largebox,left_shoulder_yaw_link,largebox_link,-0.001145874335425054,0.001145874335425054,other-body-box,False,True
23,ground,right_ankle_roll_link,world,right_ankle_roll_link,-0.0009998528805160098,0.0009998528805160098,foot-ground,True,False
23,ground,right_ankle_roll_sphere_3_link,world,right_ankle_roll_sphere_3_link,-0.0005742327338793358,0.0005742327338793358,foot-ground,True,False
23,pelvis_contour_link,left_hip_roll_link,pelvis_contour_link,left_hip_roll_link,-0.006966467297902693,0.006966467297902693,self-collision,False,False
23,ground,largebox,world,largebox_link,-0.003077930906285109,0.003077930906285109,object-ground,True,False
23,right_knee_link,right_ankle_roll_link,right_knee_link,right_ankle_roll_link,-0.03828809120683893,0.03828809120683893,self-collision,False,False
23,ground,left_rubber_hand_link,world,left_rubber_hand_link,-0.0009978451952631223,0.0009978451952631223,robot-ground-excluding-foot,False,True
23,ground,right_rubber_hand_link,world,right_rubber_hand_link,-0.000999974620929614,0.000999974620929614,robot-ground-excluding-foot,False,True
23,ground,left_ankle_roll_link,world,left_ankle_roll_link,-0.000999626907928354,0.000999626907928354,foot-ground,True,False
23,left_knee_link,left_ankle_roll_link,left_knee_link,left_ankle_roll_link,-0.03420699588146872,0.03420699588146872,self-collision,False,False
23,left_rubber_hand_link,largebox,left_rubber_hand_link,largebox_link,-0.000941133784817319,0.000941133784817319,hand-box,True,False
23,left_hip_yaw_link,largebox,left_hip_yaw_link,largebox_link,-0.0010781760161470283,0.0010781760161470283,other-body-box,False,True
24,pelvis_contour_link,right_hip_roll_link,pelvis_contour_link,right_hip_roll_link,-0.005579030999841653,0.005579030999841653,self-collision,False,False
24,right_rubber_hand_link,largebox,right_rubber_hand_link,largebox_link,-0.001017912301123594,0.001017912301123594,hand-box,True,False
24,right_hip_yaw_link,largebox,right_hip_yaw_link,largebox_link,-0.0009869646223436418,0.0009869646223436418,other-body-box,False,True
24,left_shoulder_yaw_link,largebox,left_shoulder_yaw_link,largebox_link,-0.0007696391143652698,0.0007696391143652698,other-body-box,False,True
24,ground,right_ankle_roll_link,world,right_ankle_roll_link,-0.001011773176976101,0.001011773176976101,foot-ground,True,False
24,ground,right_ankle_roll_sphere_3_link,world,right_ankle_roll_sphere_3_link,-0.0005904676903973711,0.0005904676903973711,foot-ground,True,False
24,pelvis_contour_link,left_hip_roll_link,pelvis_contour_link,left_hip_roll_link,-0.006879321450335249,0.006879321450335249,self-collision,False,False
24,ground,largebox,world,largebox_link,-0.003059761113823445,0.003059761113823445,object-ground,True,False
24,right_knee_link,right_ankle_roll_link,right_knee_link,right_ankle_roll_link,-0.038227414591161996,0.038227414591161996,self-collision,False,False
24,ground,left_rubber_hand_link,world,left_rubber_hand_link,-0.0009974399221567704,0.0009974399221567704,robot-ground-excluding-foot,False,True
24,ground,right_rubber_hand_link,world,right_rubber_hand_link,-0.0010000230317987052,0.0010000230317987052,robot-ground-excluding-foot,False,True
24,ground,left_ankle_roll_link,world,left_ankle_roll_link,-0.000999926223774962,0.000999926223774962,foot-ground,True,False
24,left_knee_link,left_ankle_roll_link,left_knee_link,left_ankle_roll_link,-0.03421953442649095,0.03421953442649095,self-collision,False,False
24,left_rubber_hand_link,largebox,left_rubber_hand_link,largebox_link,-0.0010008370730868466,0.0010008370730868466,hand-box,True,False
24,left_hip_yaw_link,largebox,left_hip_yaw_link,largebox_link,-0.0008486870516862949,0.0008486870516862949,other-body-box,False,True
25,pelvis_contour_link,right_hip_roll_link,pelvis_contour_link,right_hip_roll_link,-0.005917960595184887,0.005917960595184887,self-collision,False,False
25,right_rubber_hand_link,largebox,right_rubber_hand_link,largebox_link,-0.0010031039313146278,0.0010031039313146278,hand-box,True,False
25,left_ankle_intermediate_1_link,left_ankle_roll_link,left_ankle_intermediate_1_link,left_ankle_roll_link,-0.002983696325045984,0.002983696325045984,self-collision,False,False
25,right_hip_yaw_link,largebox,right_hip_yaw_link,largebox_link,-0.0009985272246001292,0.0009985272246001292,other-body-box,False,True
25,left_shoulder_yaw_link,largebox,left_shoulder_yaw_link,largebox_link,-0.0014035404152537012,0.0014035404152537012,other-body-box,False,True
25,ground,right_ankle_roll_link,world,right_ankle_roll_link,-0.001020811994100701,0.001020811994100701,foot-ground,True,False
25,ground,right_ankle_roll_sphere_3_link,world,right_ankle_roll_sphere_3_link,-0.0006017361899571276,0.0006017361899571276,foot-ground,True,False
25,pelvis_contour_link,left_hip_roll_link,pelvis_contour_link,left_hip_roll_link,-0.006603889309634681,0.006603889309634681,self-collision,False,False
25,ground,largebox,world,largebox_link,-0.00284940048380658,0.00284940048380658,object-ground,True,False
25,right_knee_link,right_ankle_roll_link,right_knee_link,right_ankle_roll_link,-0.03820096261092612,0.03820096261092612,self-collision,False,False
25,ground,left_rubber_hand_link,world,left_rubber_hand_link,-0.000978400385563724,0.000978400385563724,robot-ground-excluding-foot,False,True
25,ground,right_rubber_hand_link,world,right_rubber_hand_link,-0.0009949498980672267,0.0009949498980672267,robot-ground-excluding-foot,False,True
25,ground,left_ankle_roll_link,world,left_ankle_roll_link,-0.0009967107265967043,0.0009967107265967043,foot-ground,True,False
25,left_knee_link,left_ankle_roll_link,left_knee_link,left_ankle_roll_link,-0.03399466855801034,0.03399466855801034,self-collision,False,False
25,left_rubber_hand_link,largebox,left_rubber_hand_link,largebox_link,-0.0006658334711997504,0.0006658334711997504,hand-box,True,False
25,left_hip_yaw_link,largebox,left_hip_yaw_link,largebox_link,-0.0011053648599005095,0.0011053648599005095,other-body-box,False,True
26,pelvis_contour_link,right_hip_roll_link,pelvis_contour_link,right_hip_roll_link,-0.006152699269666981,0.006152699269666981,self-collision,False,False
26,right_rubber_hand_link,largebox,right_rubber_hand_link,largebox_link,-0.0010977641643046127,0.0010977641643046127,hand-box,True,False
26,left_ankle_intermediate_1_link,left_ankle_roll_link,left_ankle_intermediate_1_link,left_ankle_roll_link,-0.00292259787770123,0.00292259787770123,self-collision,False,False
26,right_hip_yaw_link,largebox,right_hip_yaw_link,largebox_link,-0.001003490664552742,0.001003490664552742,other-body-box,False,True
26,left_shoulder_yaw_link,largebox,left_shoulder_yaw_link,largebox_link,-0.0010102540121665338,0.0010102540121665338,other-body-box,False,True
26,ground,right_ankle_roll_link,world,right_ankle_roll_link,-0.0009996869335514441,0.0009996869335514441,foot-ground,True,False
26,ground,right_ankle_roll_sphere_3_link,world,right_ankle_roll_sphere_3_link,-0.0005880556493278481,0.0005880556493278481,foot-ground,True,False
26,pelvis_contour_link,left_hip_roll_link,pelvis_contour_link,left_hip_roll_link,-0.007045610235891411,0.007045610235891411,self-collision,False,False
26,ground,largebox,world,largebox_link,-0.0011607672289883075,0.0011607672289883075,object-ground,True,False
26,right_knee_link,right_ankle_roll_link,right_knee_link,right_ankle_roll_link,-0.038044975996444214,0.038044975996444214,self-collision,False,False
26,ground,left_rubber_hand_link,world,left_rubber_hand_link,-0.0010000460026753089,0.0010000460026753089,robot-ground-excluding-foot,False,True
26,ground,right_rubber_hand_link,world,right_rubber_hand_link,-0.000994549259717259,0.000994549259717259,robot-ground-excluding-foot,False,True
26,ground,left_ankle_roll_link,world,left_ankle_roll_link,-0.000999761788155737,0.000999761788155737,foot-ground,True,False
26,left_knee_link,left_ankle_roll_link,left_knee_link,left_ankle_roll_link,-0.033860867286230334,0.033860867286230334,self-collision,False,False
26,left_rubber_hand_link,largebox,left_rubber_hand_link,largebox_link,-0.0008642226707556155,0.0008642226707556155,hand-box,True,False
26,left_hip_yaw_link,largebox,left_hip_yaw_link,largebox_link,-0.0009957067373569661,0.0009957067373569661,other-body-box,False,True
27,pelvis_contour_link,right_hip_roll_link,pelvis_contour_link,right_hip_roll_link,-0.006259135336988117,0.006259135336988117,self-collision,False,False
27,right_rubber_hand_link,largebox,right_rubber_hand_link,largebox_link,-0.0009981139257044247,0.0009981139257044247,hand-box,True,False
27,left_ankle_intermediate_1_link,left_ankle_roll_link,left_ankle_intermediate_1_link,left_ankle_roll_link,-0.0029833352948169106,0.0029833352948169106,self-collision,False,False
27,right_hip_yaw_link,largebox,right_hip_yaw_link,largebox_link,-0.001012878221249916,0.001012878221249916,other-body-box,False,True
27,left_shoulder_yaw_link,largebox,left_shoulder_yaw_link,largebox_link,-0.0010106522501084347,0.0010106522501084347,other-body-box,False,True
27,ground,right_ankle_roll_link,world,right_ankle_roll_link,-0.0009987883452474075,0.0009987883452474075,foot-ground,True,False
27,ground,right_ankle_roll_sphere_3_link,world,right_ankle_roll_sphere_3_link,-0.0006024066459640208,0.0006024066459640208,foot-ground,True,False
27,pelvis_contour_link,left_hip_roll_link,pelvis_contour_link,left_hip_roll_link,-0.006985742701831554,0.006985742701831554,self-collision,False,False
27,right_knee_link,right_ankle_roll_link,right_knee_link,right_ankle_roll_link,-0.03804839404558907,0.03804839404558907,self-collision,False,False
27,ground,left_rubber_hand_link,world,left_rubber_hand_link,-0.0009555957946307675,0.0009555957946307675,robot-ground-excluding-foot,False,True
27,ground,right_rubber_hand_link,world,right_rubber_hand_link,-0.0009985929015129819,0.0009985929015129819,robot-ground-excluding-foot,False,True
27,ground,left_ankle_roll_link,world,left_ankle_roll_link,-0.000997487598341222,0.000997487598341222,foot-ground,True,False
27,left_knee_link,left_ankle_roll_link,left_knee_link,left_ankle_roll_link,-0.03397719026521373,0.03397719026521373,self-collision,False,False
27,left_rubber_hand_link,largebox,left_rubber_hand_link,largebox_link,-0.0014893473310004096,0.0014893473310004096,hand-box,True,False
27,left_hip_yaw_link,largebox,left_hip_yaw_link,largebox_link,-0.0008440467315984634,0.0008440467315984634,other-body-box,False,True
28,pelvis_contour_link,right_hip_roll_link,pelvis_contour_link,right_hip_roll_link,-0.006383314646575378,0.006383314646575378,self-collision,False,False
28,right_rubber_hand_link,largebox,right_rubber_hand_link,largebox_link,-0.0010046493983359994,0.0010046493983359994,hand-box,True,False
28,left_ankle_intermediate_1_link,left_ankle_roll_link,left_ankle_intermediate_1_link,left_ankle_roll_link,-0.0029578443517607883,0.0029578443517607883,self-collision,False,False
28,right_hip_yaw_link,largebox,right_hip_yaw_link,largebox_link,-0.0010059514636359401,0.0010059514636359401,other-body-box,False,True
28,left_shoulder_yaw_link,largebox,left_shoulder_yaw_link,largebox_link,-0.0010252726841880472,0.0010252726841880472,other-body-box,False,True
28,ground,right_ankle_roll_link,world,right_ankle_roll_link,-0.0009997550717918344,0.0009997550717918344,foot-ground,True,False
28,ground,right_ankle_roll_sphere_3_link,world,right_ankle_roll_sphere_3_link,-0.0006151321637468217,0.0006151321637468217,foot-ground,True,False
28,pelvis_contour_link,left_hip_roll_link,pelvis_contour_link,left_hip_roll_link,-0.007011877603043684,0.007011877603043684,self-collision,False,False
28,ground,largebox,world,largebox_link,-6.949847258658215e-05,6.949847258658215e-05,object-ground,True,False
28,right_knee_link,right_ankle_roll_link,right_knee_link,right_ankle_roll_link,-0.03792082400829144,0.03792082400829144,self-collision,False,False
28,ground,left_rubber_hand_link,world,left_rubber_hand_link,-0.000998884881155529,0.000998884881155529,robot-ground-excluding-foot,False,True
28,ground,right_rubber_hand_link,world,right_rubber_hand_link,-0.000999551544796251,0.000999551544796251,robot-ground-excluding-foot,False,True
28,ground,left_ankle_roll_link,world,left_ankle_roll_link,-0.0009995409124788704,0.0009995409124788704,foot-ground,True,False
28,left_knee_link,left_ankle_roll_link,left_knee_link,left_ankle_roll_link,-0.03391925581569183,0.03391925581569183,self-collision,False,False
28,left_rubber_hand_link,largebox,left_rubber_hand_link,largebox_link,-0.0010854615248365174,0.0010854615248365174,hand-box,True,False
28,left_hip_yaw_link,largebox,left_hip_yaw_link,largebox_link,-0.0009843370810076052,0.0009843370810076052,other-body-box,False,True
29,pelvis_contour_link,right_hip_roll_link,pelvis_contour_link,right_hip_roll_link,-0.006453717004899953,0.006453717004899953,self-collision,False,False
29,right_rubber_hand_link,largebox,right_rubber_hand_link,largebox_link,-0.0010017042129302767,0.0010017042129302767,hand-box,True,False
29,left_ankle_intermediate_1_link,left_ankle_roll_link,left_ankle_intermediate_1_link,left_ankle_roll_link,-0.003059786220998395,0.003059786220998395,self-collision,False,False
29,right_hip_yaw_link,largebox,right_hip_yaw_link,largebox_link,-0.0011826463301394669,0.0011826463301394669,other-body-box,False,True
29,left_shoulder_yaw_link,largebox,left_shoulder_yaw_link,largebox_link,-0.0010157118923924124,0.0010157118923924124,other-body-box,False,True
29,ground,right_ankle_roll_link,world,right_ankle_roll_link,-0.0009988446094131576,0.0009988446094131576,foot-ground,True,False
29,ground,right_ankle_roll_sphere_3_link,world,right_ankle_roll_sphere_3_link,-0.0006262293992684393,0.0006262293992684393,foot-ground,True,False
29,pelvis_contour_link,left_hip_roll_link,pelvis_contour_link,left_hip_roll_link,-0.0071415552084455325,0.0071415552084455325,self-collision,False,False
29,right_knee_link,right_ankle_roll_link,right_knee_link,right_ankle_roll_link,-0.03756492580151352,0.03756492580151352,self-collision,False,False
29,ground,left_rubber_hand_link,world,left_rubber_hand_link,-0.0009981186315683732,0.0009981186315683732,robot-ground-excluding-foot,False,True
29,ground,right_rubber_hand_link,world,right_rubber_hand_link,-0.0009977131340171003,0.0009977131340171003,robot-ground-excluding-foot,False,True
29,ground,left_ankle_roll_link,world,left_ankle_roll_link,-0.0009995842100923025,0.0009995842100923025,foot-ground,True,False
29,left_knee_link,left_ankle_roll_link,left_knee_link,left_ankle_roll_link,-0.03415870340122337,0.03415870340122337,self-collision,False,False
29,left_rubber_hand_link,largebox,left_rubber_hand_link,largebox_link,-0.0010007428643193372,0.0010007428643193372,hand-box,True,False
29,left_hip_yaw_link,largebox,left_hip_yaw_link,largebox_link,-0.001027850013931339,0.001027850013931339,other-body-box,False,True
30,pelvis_contour_link,right_hip_roll_link,pelvis_contour_link,right_hip_roll_link,-0.006427639206095348,0.006427639206095348,self-collision,False,False
30,right_rubber_hand_link,largebox,right_rubber_hand_link,largebox_link,-0.000997408543492187,0.000997408543492187,hand-box,True,False
30,right_hip_yaw_link,largebox,right_hip_yaw_link,largebox_link,-0.0009687331553347028,0.0009687331553347028,other-body-box,False,True
30,left_shoulder_yaw_link,largebox,left_shoulder_yaw_link,largebox_link,-0.0006695690776890306,0.0006695690776890306,other-body-box,False,True
30,ground,right_ankle_roll_link,world,right_ankle_roll_link,-0.0009990391372804303,0.0009990391372804303,foot-ground,True,False
30,ground,right_ankle_roll_sphere_3_link,world,right_ankle_roll_sphere_3_link,-0.0006087054949086177,0.0006087054949086177,foot-ground,True,False
30,pelvis_contour_link,left_hip_roll_link,pelvis_contour_link,left_hip_roll_link,-0.007214490701991733,0.007214490701991733,self-collision,False,False
30,right_knee_link,right_ankle_roll_link,right_knee_link,right_ankle_roll_link,-0.037549639787267275,0.037549639787267275,self-collision,False,False
30,ground,left_rubber_hand_link,world,left_rubber_hand_link,-0.0009968695551275109,0.0009968695551275109,robot-ground-excluding-foot,False,True
30,ground,right_rubber_hand_link,world,right_rubber_hand_link,-0.0009993971179479283,0.0009993971179479283,robot-ground-excluding-foot,False,True
30,ground,left_ankle_roll_link,world,left_ankle_roll_link,-0.0009993532960588317,0.0009993532960588317,foot-ground,True,False
30,left_knee_link,left_ankle_roll_link,left_knee_link,left_ankle_roll_link,-0.03454690107760025,0.03454690107760025,self-collision,False,False
30,left_rubber_hand_link,largebox,left_rubber_hand_link,largebox_link,-0.0009090517744595461,0.0009090517744595461,hand-box,True,False
30,left_hip_yaw_link,largebox,left_hip_yaw_link,largebox_link,-0.0008652642175830394,0.0008652642175830394,other-body-box,False,True
31,pelvis_contour_link,right_hip_roll_link,pelvis_contour_link,right_hip_roll_link,-0.006350593699421148,0.006350593699421148,self-collision,False,False
31,right_rubber_hand_link,largebox,right_rubber_hand_link,largebox_link,-0.0010644468581211541,0.0010644468581211541,hand-box,True,False
31,right_hip_yaw_link,largebox,right_hip_yaw_link,largebox_link,-0.001305558965491893,0.001305558965491893,other-body-box,False,True
31,left_shoulder_yaw_link,largebox,left_shoulder_yaw_link,largebox_link,-0.004965266485618278,0.004965266485618278,other-body-box,False,True
31,ground,right_ankle_roll_link,world,right_ankle_roll_link,-0.0009978450633831779,0.0009978450633831779,foot-ground,True,False
31,ground,right_ankle_roll_sphere_3_link,world,right_ankle_roll_sphere_3_link,-0.0006042300834895901,0.0006042300834895901,foot-ground,True,False
31,pelvis_contour_link,left_hip_roll_link,pelvis_contour_link,left_hip_roll_link,-0.006805009053844374,0.006805009053844374,self-collision,False,False
31,right_knee_link,right_ankle_roll_link,right_knee_link,right_ankle_roll_link,-0.03766677945410524,0.03766677945410524,self-collision,False,False
31,ground,left_rubber_hand_link,world,left_rubber_hand_link,-0.0009969400519409671,0.0009969400519409671,robot-ground-excluding-foot,False,True
31,ground,right_rubber_hand_link,world,right_rubber_hand_link,-0.000994446564011195,0.000994446564011195,robot-ground-excluding-foot,False,True
31,ground,left_ankle_roll_link,world,left_ankle_roll_link,-0.0009988242173077921,0.0009988242173077921,foot-ground,True,False
31,left_knee_link,left_ankle_roll_link,left_knee_link,left_ankle_roll_link,-0.03566533837067348,0.03566533837067348,self-collision,False,False
31,left_rubber_hand_link,largebox,left_rubber_hand_link,largebox_link,-0.0010530130589904985,0.0010530130589904985,hand-box,True,False
31,left_hip_yaw_link,largebox,left_hip_yaw_link,largebox_link,-0.0012100238022281634,0.0012100238022281634,other-body-box,False,True
32,pelvis_contour_link,right_hip_roll_link,pelvis_contour_link,right_hip_roll_link,-0.0062984486239052034,0.0062984486239052034,self-collision,False,False
32,right_rubber_hand_link,largebox,right_rubber_hand_link,largebox_link,-0.0009295724699066588,0.0009295724699066588,hand-box,True,False
32,right_hip_yaw_link,largebox,right_hip_yaw_link,largebox_link,-0.001394687513051357,0.001394687513051357,other-body-box,False,True
32,left_shoulder_yaw_link,largebox,left_shoulder_yaw_link,largebox_link,-0.0006243982767008965,0.0006243982767008965,other-body-box,False,True
32,ground,right_ankle_roll_link,world,right_ankle_roll_link,-0.001003017794148825,0.001003017794148825,foot-ground,True,False
32,ground,right_ankle_roll_sphere_3_link,world,right_ankle_roll_sphere_3_link,-0.0005961222927464383,0.0005961222927464383,foot-ground,True,False
32,pelvis_contour_link,left_hip_roll_link,pelvis_contour_link,left_hip_roll_link,-0.006707534537951143,0.006707534537951143,self-collision,False,False
32,right_knee_link,right_ankle_roll_link,right_knee_link,right_ankle_roll_link,-0.03853588744847228,0.03853588744847228,self-collision,False,False
32,ground,left_rubber_hand_link,world,left_rubber_hand_link,-0.0009900949610529425,0.0009900949610529425,robot-ground-excluding-foot,False,True
32,ground,right_rubber_hand_link,world,right_rubber_hand_link,-0.0009866683538127807,0.0009866683538127807,robot-ground-excluding-foot,False,True
32,ground,left_ankle_roll_link,world,left_ankle_roll_link,-0.0009909069278785723,0.0009909069278785723,foot-ground,True,False
32,left_knee_link,left_ankle_roll_link,left_knee_link,left_ankle_roll_link,-0.037551510907298385,0.037551510907298385,self-collision,False,False
32,left_rubber_hand_link,largebox,left_rubber_hand_link,largebox_link,-0.0009202018050609995,0.0009202018050609995,hand-box,True,False
32,left_hip_yaw_link,largebox,left_hip_yaw_link,largebox_link,-0.0008166423629282632,0.0008166423629282632,other-body-box,False,True
33,pelvis_contour_link,right_hip_roll_link,pelvis_contour_link,right_hip_roll_link,-0.0055024187892278725,0.0055024187892278725,self-collision,False,False
33,right_rubber_hand_link,largebox,right_rubber_hand_link,largebox_link,-0.0013205201690482116,0.0013205201690482116,hand-box,True,False
33,left_shoulder_yaw_link,largebox,left_shoulder_yaw_link,largebox_link,-7.57602726033646e-05,7.57602726033646e-05,other-body-box,False,True
33,ground,right_ankle_roll_link,world,right_ankle_roll_link,-0.0009924663959484728,0.0009924663959484728,foot-ground,True,False
33,ground,right_ankle_roll_sphere_3_link,world,right_ankle_roll_sphere_3_link,-0.0005749415446053866,0.0005749415446053866,foot-ground,True,False
33,pelvis_contour_link,left_hip_roll_link,pelvis_contour_link,left_hip_roll_link,-0.008116880276290095,0.008116880276290095,self-collision,False,False
33,right_knee_link,right_ankle_roll_link,right_knee_link,right_ankle_roll_link,-0.03945269280265096,0.03945269280265096,self-collision,False,False
33,ground,right_rubber_hand_link,world,right_rubber_hand_link,-0.0009587545663684166,0.0009587545663684166,robot-ground-excluding-foot,False,True
33,ground,left_ankle_roll_link,world,left_ankle_roll_link,-0.0009696623317602474,0.0009696623317602474,foot-ground,True,False
33,left_knee_link,left_ankle_roll_link,left_knee_link,left_ankle_roll_link,-0.03996703215390232,0.03996703215390232,self-collision,False,False
33,left_rubber_hand_link,largebox,left_rubber_hand_link,largebox_link,-0.0007959867684307759,0.0007959867684307759,hand-box,True,False
33,ground,left_ankle_roll_sphere_4_link,world,left_ankle_roll_sphere_4_link,-0.0004051939318785889,0.0004051939318785889,foot-ground,True,False
34,pelvis_contour_link,right_hip_roll_link,pelvis_contour_link,right_hip_roll_link,-0.0069825006737726375,0.0069825006737726375,self-collision,False,False
34,right_rubber_hand_link,largebox,right_rubber_hand_link,largebox_link,-0.000977512222384902,0.000977512222384902,hand-box,True,False
34,left_shoulder_yaw_link,largebox,left_shoulder_yaw_link,largebox_link,-0.0010757261264520424,0.0010757261264520424,other-body-box,False,True
34,ground,right_ankle_roll_link,world,right_ankle_roll_link,-0.0010205626716023458,0.0010205626716023458,foot-ground,True,False
34,ground,right_ankle_roll_sphere_3_link,world,right_ankle_roll_sphere_3_link,-0.0003997634549013666,0.0003997634549013666,foot-ground,True,False
34,pelvis_contour_link,left_hip_roll_link,pelvis_contour_link,left_hip_roll_link,-0.007608290569094539,0.007608290569094539,self-collision,False,False
34,right_knee_link,right_ankle_roll_link,right_knee_link,right_ankle_roll_link,-0.03941780656538851,0.03941780656538851,self-collision,False,False
34,ground,left_ankle_roll_link,world,left_ankle_roll_link,-0.0010340555269169466,0.0010340555269169466,foot-ground,True,False
34,left_knee_link,left_ankle_roll_link,left_knee_link,left_ankle_roll_link,-0.04042079802493226,0.04042079802493226,self-collision,False,False
34,left_rubber_hand_link,largebox,left_rubber_hand_link,largebox_link,-0.0013179812385654688,0.0013179812385654688,hand-box,True,False
34,ground,left_ankle_roll_sphere_4_link,world,left_ankle_roll_sphere_4_link,-0.0005967551919584145,0.0005967551919584145,foot-ground,True,False
35,pelvis_contour_link,right_hip_roll_link,pelvis_contour_link,right_hip_roll_link,-0.008080223448094365,0.008080223448094365,self-collision,False,False
35,right_rubber_hand_link,largebox,right_rubber_hand_link,largebox_link,-0.0009095598775037544,0.0009095598775037544,hand-box,True,False
35,left_shoulder_yaw_link,largebox,left_shoulder_yaw_link,largebox_link,-0.0006495135811660502,0.0006495135811660502,other-body-box,False,True
35,ground,right_ankle_roll_link,world,right_ankle_roll_link,-0.001024028698131868,0.001024028698131868,foot-ground,True,False
35,ground,right_ankle_roll_sphere_3_link,world,right_ankle_roll_sphere_3_link,-0.00017781123108783197,0.00017781123108783197,foot-ground,True,False
35,pelvis_contour_link,left_hip_roll_link,pelvis_contour_link,left_hip_roll_link,-0.007328490755572764,0.007328490755572764,self-collision,False,False
35,right_knee_link,right_ankle_roll_link,right_knee_link,right_ankle_roll_link,-0.03889232381704477,0.03889232381704477,self-collision,False,False
35,ground,left_ankle_roll_link,world,left_ankle_roll_link,-0.0010765993593860983,0.0010765993593860983,foot-ground,True,False
35,left_knee_link,left_ankle_roll_link,left_knee_link,left_ankle_roll_link,-0.03969631475965296,0.03969631475965296,self-collision,False,False
35,left_rubber_hand_link,largebox,left_rubber_hand_link,largebox_link,-0.00030845649203004033,0.00030845649203004033,hand-box,True,False
35,ground,left_ankle_roll_sphere_4_link,world,left_ankle_roll_sphere_4_link,-0.0006090684238445011,0.0006090684238445011,foot-ground,True,False
36,pelvis_contour_link,right_hip_roll_link,pelvis_contour_link,right_hip_roll_link,-0.007654076325075948,0.007654076325075948,self-collision,False,False
36,right_rubber_hand_link,largebox,right_rubber_hand_link,largebox_link,-0.0009294151484455088,0.0009294151484455088,hand-box,True,False
36,left_shoulder_yaw_link,largebox,left_shoulder_yaw_link,largebox_link,-0.000743916191422167,0.000743916191422167,other-body-box,False,True
36,ground,right_ankle_roll_link,world,right_ankle_roll_link,-0.0010101922264002944,0.0010101922264002944,foot-ground,True,False
36,ground,right_ankle_roll_sphere_3_link,world,right_ankle_roll_sphere_3_link,-7.029919033589831e-05,7.029919033589831e-05,foot-ground,True,False
36,pelvis_contour_link,left_hip_roll_link,pelvis_contour_link,left_hip_roll_link,-0.008508565128873047,0.008508565128873047,self-collision,False,False
36,right_knee_link,right_ankle_roll_link,right_knee_link,right_ankle_roll_link,-0.03766259788331644,0.03766259788331644,self-collision,False,False
36,ground,left_ankle_roll_link,world,left_ankle_roll_link,-0.001108940434716904,0.001108940434716904,foot-ground,True,False
36,left_knee_link,left_ankle_roll_link,left_knee_link,left_ankle_roll_link,-0.03852762955189848,0.03852762955189848,self-collision,False,False
36,left_rubber_hand_link,largebox,left_rubber_hand_link,largebox_link,-0.0004887566577746749,0.0004887566577746749,hand-box,True,False
36,ground,left_ankle_roll_sphere_4_link,world,left_ankle_roll_sphere_4_link,-0.0006126500676059089,0.0006126500676059089,foot-ground,True,False
37,pelvis_contour_link,right_hip_roll_link,pelvis_contour_link,right_hip_roll_link,-0.008182049940465258,0.008182049940465258,self-collision,False,False
37,right_rubber_hand_link,largebox,right_rubber_hand_link,largebox_link,-0.0010414757759393545,0.0010414757759393545,hand-box,True,False
37,left_shoulder_yaw_link,largebox,left_shoulder_yaw_link,largebox_link,-0.0009794829046553405,0.0009794829046553405,other-body-box,False,True
37,ground,right_ankle_roll_link,world,right_ankle_roll_link,-0.0014125163521113426,0.0014125163521113426,foot-ground,True,False
37,pelvis_contour_link,left_hip_roll_link,pelvis_contour_link,left_hip_roll_link,-0.00709706676368442,0.00709706676368442,self-collision,False,False
37,right_knee_link,right_ankle_roll_link,right_knee_link,right_ankle_roll_link,-0.03716036385084359,0.03716036385084359,self-collision,False,False
37,ground,left_ankle_roll_link,world,left_ankle_roll_link,-0.0010463138524115893,0.0010463138524115893,foot-ground,True,False
37,left_knee_link,left_ankle_roll_link,left_knee_link,left_ankle_roll_link,-0.03761780654766381,0.03761780654766381,self-collision,False,False
37,left_rubber_hand_link,largebox,left_rubber_hand_link,largebox_link,-0.0009872292110393727,0.0009872292110393727,hand-box,True,False
37,ground,left_ankle_roll_sphere_4_link,world,left_ankle_roll_sphere_4_link,-0.0002699088715920296,0.0002699088715920296,foot-ground,True,False
38,pelvis_contour_link,right_hip_roll_link,pelvis_contour_link,right_hip_roll_link,-0.006662746529233751,0.006662746529233751,self-collision,False,False
38,right_rubber_hand_link,largebox,right_rubber_hand_link,largebox_link,-0.0002862799738550109,0.0002862799738550109,hand-box,True,False
38,left_shoulder_yaw_link,largebox,left_shoulder_yaw_link,largebox_link,-0.0007970649280212849,0.0007970649280212849,other-body-box,False,True
38,ground,right_ankle_roll_link,world,right_ankle_roll_link,-0.0015380642290626287,0.0015380642290626287,foot-ground,True,False
38,pelvis_contour_link,left_hip_roll_link,pelvis_contour_link,left_hip_roll_link,-0.007265780681063261,0.007265780681063261,self-collision,False,False
38,right_knee_link,right_ankle_roll_link,right_knee_link,right_ankle_roll_link,-0.036154037147303614,0.036154037147303614,self-collision,False,False
38,ground,left_ankle_roll_link,world,left_ankle_roll_link,-0.0010408557968739386,0.0010408557968739386,foot-ground,True,False
38,left_knee_link,left_ankle_roll_link,left_knee_link,left_ankle_roll_link,-0.03630456118486497,0.03630456118486497,self-collision,False,False
38,left_rubber_hand_link,largebox,left_rubber_hand_link,largebox_link,-0.0016382214215301255,0.0016382214215301255,hand-box,True,False
38,ground,right_ankle_roll_sphere_1_link,world,right_ankle_roll_sphere_1_link,-0.00042165459171172436,0.00042165459171172436,foot-ground,True,False
38,ground,left_ankle_roll_sphere_4_link,world,left_ankle_roll_sphere_4_link,-0.0003633499353390716,0.0003633499353390716,foot-ground,True,False
39,pelvis_contour_link,right_hip_roll_link,pelvis_contour_link,right_hip_roll_link,-0.007136125248781211,0.007136125248781211,self-collision,False,False
39,right_rubber_hand_link,largebox,right_rubber_hand_link,largebox_link,-0.0012048554377303289,0.0012048554377303289,hand-box,True,False
39,ground,right_ankle_roll_link,world,right_ankle_roll_link,-0.0018664217225114882,0.0018664217225114882,foot-ground,True,False
39,pelvis_contour_link,left_hip_roll_link,pelvis_contour_link,left_hip_roll_link,-0.008336570777858002,0.008336570777858002,self-collision,False,False
39,right_knee_link,right_ankle_roll_link,right_knee_link,right_ankle_roll_link,-0.03453813358993091,0.03453813358993091,self-collision,False,False
39,ground,left_ankle_roll_link,world,left_ankle_roll_link,-0.00099568085320325,0.00099568085320325,foot-ground,True,False
39,left_knee_link,left_ankle_roll_link,left_knee_link,left_ankle_roll_link,-0.03455531394794062,0.03455531394794062,self-collision,False,False
39,left_rubber_hand_link,largebox,left_rubber_hand_link,largebox_link,-0.0013483614426106766,0.0013483614426106766,hand-box,True,False
39,ground,right_ankle_roll_sphere_1_link,world,right_ankle_roll_sphere_1_link,-0.0009294074297741982,0.0009294074297741982,foot-ground,True,False
39,ground,left_ankle_roll_sphere_4_link,world,left_ankle_roll_sphere_4_link,-0.0003958808906210807,0.0003958808906210807,foot-ground,True,False
40,pelvis_contour_link,right_hip_roll_link,pelvis_contour_link,right_hip_roll_link,-0.007503659760034517,0.007503659760034517,self-collision,False,False
40,right_rubber_hand_link,largebox,right_rubber_hand_link,largebox_link,-0.00129538215986294,0.00129538215986294,hand-box,True,False
40,left_ankle_intermediate_1_link,left_ankle_roll_link,left_ankle_intermediate_1_link,left_ankle_roll_link,-0.0023833244400666004,0.0023833244400666004,self-collision,False,False
40,ground,right_ankle_roll_link,world,right_ankle_roll_link,-0.0017130473819377545,0.0017130473819377545,foot-ground,True,False
40,pelvis_contour_link,left_hip_roll_link,pelvis_contour_link,left_hip_roll_link,-0.00684420337269645,0.00684420337269645,self-collision,False,False
40,right_knee_link,right_ankle_roll_link,right_knee_link,right_ankle_roll_link,-0.03307855611122354,0.03307855611122354,self-collision,False,False
40,ground,left_ankle_roll_link,world,left_ankle_roll_link,-0.0009952886095550562,0.0009952886095550562,foot-ground,True,False
40,left_knee_link,left_ankle_roll_link,left_knee_link,left_ankle_roll_link,-0.03301280630280387,0.03301280630280387,self-collision,False,False
40,left_rubber_hand_link,largebox,left_rubber_hand_link,largebox_link,-0.0008064425254949159,0.0008064425254949159,hand-box,True,False
40,ground,right_ankle_roll_sphere_1_link,world,right_ankle_roll_sphere_1_link,-0.0009588249635940306,0.0009588249635940306,foot-ground,True,False
40,ground,left_ankle_roll_sphere_4_link,world,left_ankle_roll_sphere_4_link,-0.00047027365378538976,0.00047027365378538976,foot-ground,True,False
41,pelvis_contour_link,right_hip_roll_link,pelvis_contour_link,right_hip_roll_link,-0.006897883359021653,0.006897883359021653,self-collision,False,False
41,left_ankle_intermediate_1_link,left_ankle_roll_link,left_ankle_intermediate_1_link,left_ankle_roll_link,-0.0025428096845844517,0.0025428096845844517,self-collision,False,False
41,ground,right_ankle_roll_link,world,right_ankle_roll_link,-0.001635849184277477,0.001635849184277477,foot-ground,True,False
41,pelvis_contour_link,left_hip_roll_link,pelvis_contour_link,left_hip_roll_link,-0.006777840199919921,0.006777840199919921,self-collision,False,False
41,right_knee_link,right_ankle_roll_link,right_knee_link,right_ankle_roll_link,-0.03172965330074515,0.03172965330074515,self-collision,False,False
41,right_ankle_intermediate_1_link,right_ankle_roll_link,right_ankle_intermediate_1_link,right_ankle_roll_link,-0.002163845704750339,0.002163845704750339,self-collision,False,False
41,ground,left_ankle_roll_link,world,left_ankle_roll_link,-0.0010487010505357414,0.0010487010505357414,foot-ground,True,False
41,left_knee_link,left_ankle_roll_link,left_knee_link,left_ankle_roll_link,-0.031930292448574066,0.031930292448574066,self-collision,False,False
41,left_rubber_hand_link,largebox,left_rubber_hand_link,largebox_link,-0.0006207466327086686,0.0006207466327086686,hand-box,True,False
41,ground,right_ankle_roll_sphere_1_link,world,right_ankle_roll_sphere_1_link,-0.0009465606483833695,0.0009465606483833695,foot-ground,True,False
41,ground,left_ankle_roll_sphere_4_link,world,left_ankle_roll_sphere_4_link,-0.0005229283123587931,0.0005229283123587931,foot-ground,True,False
42,pelvis_contour_link,right_hip_roll_link,pelvis_contour_link,right_hip_roll_link,-0.0074821925401119815,0.0074821925401119815,self-collision,False,False
42,right_rubber_hand_link,largebox,right_rubber_hand_link,largebox_link,-0.0014527743754582517,0.0014527743754582517,hand-box,True,False
42,left_ankle_intermediate_1_link,left_ankle_roll_link,left_ankle_intermediate_1_link,left_ankle_roll_link,-0.0024875193137134377,0.0024875193137134377,self-collision,False,False
42,ground,right_ankle_roll_link,world,right_ankle_roll_link,-0.001580046723646717,0.001580046723646717,foot-ground,True,False
42,pelvis_contour_link,left_hip_roll_link,pelvis_contour_link,left_hip_roll_link,-0.006171446820915069,0.006171446820915069,self-collision,False,False
42,right_knee_link,right_ankle_roll_link,right_knee_link,right_ankle_roll_link,-0.03034644523028973,0.03034644523028973,self-collision,False,False
42,right_ankle_intermediate_1_link,right_ankle_roll_link,right_ankle_intermediate_1_link,right_ankle_roll_link,-0.0022399912359817725,0.0022399912359817725,self-collision,False,False
42,ground,left_ankle_roll_link,world,left_ankle_roll_link,-0.0009999206881412398,0.0009999206881412398,foot-ground,True,False
42,left_knee_link,left_ankle_roll_link,left_knee_link,left_ankle_roll_link,-0.03121262199730626,0.03121262199730626,self-collision,False,False
42,ground,right_ankle_roll_sphere_1_link,world,right_ankle_roll_sphere_1_link,-0.0009360639145442424,0.0009360639145442424,foot-ground,True,False
42,ground,left_ankle_roll_sphere_4_link,world,left_ankle_roll_sphere_4_link,-0.000429258307755513,0.000429258307755513,foot-ground,True,False
43,pelvis_contour_link,right_hip_roll_link,pelvis_contour_link,right_hip_roll_link,-0.006784689710298705,0.006784689710298705,self-collision,False,False
43,right_rubber_hand_link,largebox,right_rubber_hand_link,largebox_link,-0.0012545968630510301,0.0012545968630510301,hand-box,True,False
43,left_ankle_intermediate_1_link,left_ankle_roll_link,left_ankle_intermediate_1_link,left_ankle_roll_link,-0.002438515056264634,0.002438515056264634,self-collision,False,False
43,ground,right_ankle_roll_link,world,right_ankle_roll_link,-0.0014564304317680986,0.0014564304317680986,foot-ground,True,False
43,ground,left_ankle_roll_sphere_2_link,world,left_ankle_roll_sphere_2_link,-0.00018345250594381784,0.00018345250594381784,foot-ground,True,False
43,pelvis_contour_link,left_hip_roll_link,pelvis_contour_link,left_hip_roll_link,-0.006038444232082163,0.006038444232082163,self-collision,False,False
43,right_knee_link,right_ankle_roll_link,right_knee_link,right_ankle_roll_link,-0.02937683550067935,0.02937683550067935,self-collision,False,False
43,right_ankle_intermediate_1_link,right_ankle_roll_link,right_ankle_intermediate_1_link,right_ankle_roll_link,-0.002177929297848144,0.002177929297848144,self-collision,False,False
43,ground,left_ankle_roll_link,world,left_ankle_roll_link,-0.0017737342561957026,0.0017737342561957026,foot-ground,True,False
43,left_knee_link,left_ankle_roll_link,left_knee_link,left_ankle_roll_link,-0.030926256037523636,0.030926256037523636,self-collision,False,False
43,left_rubber_hand_link,largebox,left_rubber_hand_link,largebox_link,-0.003458444490944401,0.003458444490944401,hand-box,True,False
43,ground,right_ankle_roll_sphere_1_link,world,right_ankle_roll_sphere_1_link,-0.00089102997757787,0.00089102997757787,foot-ground,True,False
43,ground,left_ankle_roll_sphere_4_link,world,left_ankle_roll_sphere_4_link,-0.0009104775029299848,0.0009104775029299848,foot-ground,True,False
44,pelvis_contour_link,right_hip_roll_link,pelvis_contour_link,right_hip_roll_link,-0.005698865368189768,0.005698865368189768,self-collision,False,False
44,left_ankle_intermediate_1_link,left_ankle_roll_link,left_ankle_intermediate_1_link,left_ankle_roll_link,-0.0023364045505903236,0.0023364045505903236,self-collision,False,False
44,ground,right_ankle_roll_link,world,right_ankle_roll_link,-0.0014122845137832726,0.0014122845137832726,foot-ground,True,False
44,ground,left_ankle_roll_sphere_2_link,world,left_ankle_roll_sphere_2_link,-0.000866512379938014,0.000866512379938014,foot-ground,True,False
44,pelvis_contour_link,left_hip_roll_link,pelvis_contour_link,left_hip_roll_link,-0.004740057804740391,0.004740057804740391,self-collision,False,False
44,right_knee_link,right_ankle_roll_link,right_knee_link,right_ankle_roll_link,-0.028799199408015397,0.028799199408015397,self-collision,False,False
44,right_ankle_intermediate_1_link,right_ankle_roll_link,right_ankle_intermediate_1_link,right_ankle_roll_link,-0.002173074013498144,0.002173074013498144,self-collision,False,False
44,ground,left_ankle_roll_link,world,left_ankle_roll_link,-0.0014965096482757005,0.0014965096482757005,foot-ground,True,False
44,left_knee_link,left_ankle_roll_link,left_knee_link,left_ankle_roll_link,-0.030788627595511486,0.030788627595511486,self-collision,False,False
44,left_rubber_hand_link,largebox,left_rubber_hand_link,largebox_link,-0.0015689609291877904,0.0015689609291877904,hand-box,True,False
44,ground,right_ankle_roll_sphere_1_link,world,right_ankle_roll_sphere_1_link,-0.0008900126709119145,0.0008900126709119145,foot-ground,True,False
44,ground,left_ankle_roll_sphere_4_link,world,left_ankle_roll_sphere_4_link,-7.485687831748893e-05,7.485687831748893e-05,foot-ground,True,False
45,pelvis_contour_link,right_hip_roll_link,pelvis_contour_link,right_hip_roll_link,-0.0037392865206641035,0.0037392865206641035,self-collision,False,False
45,right_rubber_hand_link,largebox,right_rubber_hand_link,largebox_link,-0.001473516009158779,0.001473516009158779,hand-box,True,False
45,left_ankle_intermediate_1_link,left_ankle_roll_link,left_ankle_intermediate_1_link,left_ankle_roll_link,-0.0021744498823452196,0.0021744498823452196,self-collision,False,False
45,ground,right_ankle_roll_link,world,right_ankle_roll_link,-0.0012950135988717068,0.0012950135988717068,foot-ground,True,False
45,ground,right_ankle_roll_sphere_3_link,world,right_ankle_roll_sphere_3_link,-9.433741124846833e-05,9.433741124846833e-05,foot-ground,True,False
45,ground,left_ankle_roll_sphere_2_link,world,left_ankle_roll_sphere_2_link,-0.0004118680297368364,0.0004118680297368364,foot-ground,True,False
45,pelvis_contour_link,left_hip_roll_link,pelvis_contour_link,left_hip_roll_link,-0.0037653093301280305,0.0037653093301280305,self-collision,False,False
45,right_knee_link,right_ankle_roll_link,right_knee_link,right_ankle_roll_link,-0.028474666913076013,0.028474666913076013,self-collision,False,False
45,right_ankle_intermediate_1_link,right_ankle_roll_link,right_ankle_intermediate_1_link,right_ankle_roll_link,-0.0021995470665971406,0.0021995470665971406,self-collision,False,False
45,ground,left_ankle_roll_link,world,left_ankle_roll_link,-0.0012685307586452026,0.0012685307586452026,foot-ground,True,False
45,left_knee_link,left_ankle_roll_link,left_knee_link,left_ankle_roll_link,-0.030533805141608722,0.030533805141608722,self-collision,False,False
45,left_rubber_hand_link,largebox,left_rubber_hand_link,largebox_link,-0.0019552907061121394,0.0019552907061121394,hand-box,True,False
45,ground,right_ankle_roll_sphere_1_link,world,right_ankle_roll_sphere_1_link,-0.0008473958079409294,0.0008473958079409294,foot-ground,True,False
45,ground,left_ankle_roll_sphere_4_link,world,left_ankle_roll_sphere_4_link,-1.2896204769695212e-05,1.2896204769695212e-05,foot-ground,True,False
46,pelvis_contour_link,right_hip_roll_link,pelvis_contour_link,right_hip_roll_link,-0.002468891456724076,0.002468891456724076,self-collision,False,False
46,right_rubber_hand_link,largebox,right_rubber_hand_link,largebox_link,-0.0012266317789560444,0.0012266317789560444,hand-box,True,False
46,left_ankle_intermediate_1_link,left_ankle_roll_link,left_ankle_intermediate_1_link,left_ankle_roll_link,-0.0021537215254269354,0.0021537215254269354,self-collision,False,False
46,ground,right_ankle_roll_link,world,right_ankle_roll_link,-0.0014669085825546498,0.0014669085825546498,foot-ground,True,False
46,ground,right_ankle_roll_sphere_3_link,world,right_ankle_roll_sphere_3_link,-0.0009063036393879174,0.0009063036393879174,foot-ground,True,False
46,ground,left_ankle_roll_sphere_2_link,world,left_ankle_roll_sphere_2_link,-0.0007315515000668139,0.0007315515000668139,foot-ground,True,False
46,pelvis_contour_link,left_hip_roll_link,pelvis_contour_link,left_hip_roll_link,-0.0011937671264581756,0.0011937671264581756,self-collision,False,False
46,ground,right_ankle_roll_sphere_5_link,world,right_ankle_roll_sphere_5_link,-0.0003233916342831036,0.0003233916342831036,foot-ground,True,False
46,right_knee_link,right_ankle_roll_link,right_knee_link,right_ankle_roll_link,-0.028883225864852008,0.028883225864852008,self-collision,False,False
46,right_ankle_intermediate_1_link,right_ankle_roll_link,right_ankle_intermediate_1_link,right_ankle_roll_link,-0.0021370628042123585,0.0021370628042123585,self-collision,False,False
46,ground,left_ankle_roll_link,world,left_ankle_roll_link,-0.00144545831386882,0.00144545831386882,foot-ground,True,False
46,left_knee_link,left_ankle_roll_link,left_knee_link,left_ankle_roll_link,-0.03079038536060119,0.03079038536060119,self-collision,False,False
46,left_rubber_hand_link,largebox,left_rubber_hand_link,largebox_link,-0.002067427147021711,0.002067427147021711,hand-box,True,False
46,ground,right_ankle_roll_sphere_1_link,world,right_ankle_roll_sphere_1_link,-0.0009007011208911715,0.0009007011208911715,foot-ground,True,False
47,ground,right_ankle_roll_sphere_2_link,world,right_ankle_roll_sphere_2_link,-0.0006426702229722593,0.0006426702229722593,foot-ground,True,False
47,pelvis_contour_link,right_hip_roll_link,pelvis_contour_link,right_hip_roll_link,-0.0003149660820611355,0.0003149660820611355,self-collision,False,False
47,right_rubber_hand_link,largebox,right_rubber_hand_link,largebox_link,-0.0006967037335513931,0.0006967037335513931,hand-box,True,False
47,left_ankle_intermediate_1_link,left_ankle_roll_link,left_ankle_intermediate_1_link,left_ankle_roll_link,-0.0021716913560055062,0.0021716913560055062,self-collision,False,False
47,left_shoulder_yaw_link,largebox,left_shoulder_yaw_link,largebox_link,-0.00023514837505211883,0.00023514837505211883,other-body-box,False,True
47,ground,right_ankle_roll_link,world,right_ankle_roll_link,-0.0014077316118454412,0.0014077316118454412,foot-ground,True,False
47,ground,right_ankle_roll_sphere_3_link,world,right_ankle_roll_sphere_3_link,-0.0009569761620227711,0.0009569761620227711,foot-ground,True,False
47,ground,left_ankle_roll_sphere_2_link,world,left_ankle_roll_sphere_2_link,-0.000917663183523018,0.000917663183523018,foot-ground,True,False
47,ground,right_ankle_roll_sphere_4_link,world,right_ankle_roll_sphere_4_link,-0.0005849412567165172,0.0005849412567165172,foot-ground,True,False
47,ground,right_ankle_roll_sphere_5_link,world,right_ankle_roll_sphere_5_link,-0.0007678144673131477,0.0007678144673131477,foot-ground,True,False
47,right_knee_link,right_ankle_roll_link,right_knee_link,right_ankle_roll_link,-0.02980225640106146,0.02980225640106146,self-collision,False,False
47,right_ankle_intermediate_1_link,right_ankle_roll_link,right_ankle_intermediate_1_link,right_ankle_roll_link,-0.0021331369944741913,0.0021331369944741913,self-collision,False,False
47,ground,left_ankle_roll_link,world,left_ankle_roll_link,-0.001607288005197948,0.001607288005197948,foot-ground,True,False
47,left_knee_link,left_ankle_roll_link,left_knee_link,left_ankle_roll_link,-0.031493315489456164,0.031493315489456164,self-collision,False,False
47,left_rubber_hand_link,largebox,left_rubber_hand_link,largebox_link,-0.0014253833545088967,0.0014253833545088967,hand-box,True,False
47,ground,right_ankle_roll_sphere_1_link,world,right_ankle_roll_sphere_1_link,-0.0009526993107274685,0.0009526993107274685,foot-ground,True,False
48,ground,right_ankle_roll_sphere_2_link,world,right_ankle_roll_sphere_2_link,-0.000670892083694744,0.000670892083694744,foot-ground,True,False
48,right_rubber_hand_link,largebox,right_rubber_hand_link,largebox_link,-0.003448443080040664,0.003448443080040664,hand-box,True,False
48,left_ankle_intermediate_1_link,left_ankle_roll_link,left_ankle_intermediate_1_link,left_ankle_roll_link,-0.0019866697203675537,0.0019866697203675537,self-collision,False,False
48,left_shoulder_yaw_link,largebox,left_shoulder_yaw_link,largebox_link,-0.00042167668850381923,0.00042167668850381923,other-body-box,False,True
48,torso_link,largebox,torso_link,largebox_link,-0.0006904493203580275,0.0006904493203580275,other-body-box,False,True
48,ground,right_ankle_roll_link,world,right_ankle_roll_link,-0.0014289831472087747,0.0014289831472087747,foot-ground,True,False
48,ground,right_ankle_roll_sphere_3_link,world,right_ankle_roll_sphere_3_link,-0.0009784731966006278,0.0009784731966006278,foot-ground,True,False
48,ground,right_ankle_roll_sphere_4_link,world,right_ankle_roll_sphere_4_link,-0.0006126898892311215,0.0006126898892311215,foot-ground,True,False
48,ground,right_ankle_roll_sphere_5_link,world,right_ankle_roll_sphere_5_link,-0.0007923203367767159,0.0007923203367767159,foot-ground,True,False
48,right_knee_link,right_ankle_roll_link,right_knee_link,right_ankle_roll_link,-0.031036911651860205,0.031036911651860205,self-collision,False,False
48,right_ankle_intermediate_1_link,right_ankle_roll_link,right_ankle_intermediate_1_link,right_ankle_roll_link,-0.0021160062232763732,0.0021160062232763732,self-collision,False,False
48,ground,left_ankle_roll_link,world,left_ankle_roll_link,-0.001148188699917882,0.001148188699917882,foot-ground,True,False
48,left_knee_link,left_ankle_roll_link,left_knee_link,left_ankle_roll_link,-0.032133349520336085,0.032133349520336085,self-collision,False,False
48,left_rubber_hand_link,largebox,left_rubber_hand_link,largebox_link,-0.0013269423581960538,0.0013269423581960538,hand-box,True,False
48,ground,right_ankle_roll_sphere_1_link,world,right_ankle_roll_sphere_1_link,-0.000975711506502666,0.000975711506502666,foot-ground,True,False
49,ground,right_ankle_roll_sphere_2_link,world,right_ankle_roll_sphere_2_link,-0.0006660234063689601,0.0006660234063689601,foot-ground,True,False
49,right_rubber_hand_link,largebox,right_rubber_hand_link,largebox_link,-0.0015133453163769933,0.0015133453163769933,hand-box,True,False
49,left_shoulder_yaw_link,largebox,left_shoulder_yaw_link,largebox_link,-0.0009499762405822398,0.0009499762405822398,other-body-box,False,True
49,torso_link,largebox,torso_link,largebox_link,-0.0006393885035334002,0.0006393885035334002,other-body-box,False,True
49,ground,right_ankle_roll_link,world,right_ankle_roll_link,-0.001429278941146167,0.001429278941146167,foot-ground,True,False
49,ground,right_ankle_roll_sphere_3_link,world,right_ankle_roll_sphere_3_link,-0.0009775553667913202,0.0009775553667913202,foot-ground,True,False
49,ground,right_ankle_roll_sphere_4_link,world,right_ankle_roll_sphere_4_link,-0.0006059683268055038,0.0006059683268055038,foot-ground,True,False
49,ground,right_ankle_roll_sphere_5_link,world,right_ankle_roll_sphere_5_link,-0.0007883395535162969,0.0007883395535162969,foot-ground,True,False
49,right_knee_link,right_ankle_roll_link,right_knee_link,right_ankle_roll_link,-0.032069348541803516,0.032069348541803516,self-collision,False,False
49,right_ankle_intermediate_1_link,right_ankle_roll_link,right_ankle_intermediate_1_link,right_ankle_roll_link,-0.0018811821858165934,0.0018811821858165934,self-collision,False,False
49,ground,left_ankle_roll_link,world,left_ankle_roll_link,-0.001099665857753531,0.001099665857753531,foot-ground,True,False
49,left_knee_link,left_ankle_roll_link,left_knee_link,left_ankle_roll_link,-0.03293412421049044,0.03293412421049044,self-collision,False,False
49,left_rubber_hand_link,largebox,left_rubber_hand_link,largebox_link,-0.0012800458056206748,0.0012800458056206748,hand-box,True,False
49,ground,right_ankle_roll_sphere_1_link,world,right_ankle_roll_sphere_1_link,-0.0009756792730238042,0.0009756792730238042,foot-ground,True,False
49,ground,left_ankle_roll_sphere_4_link,world,left_ankle_roll_sphere_4_link,-0.00010158780309750103,0.00010158780309750103,foot-ground,True,False
50,ground,right_ankle_roll_sphere_2_link,world,right_ankle_roll_sphere_2_link,-0.0006643856648118679,0.0006643856648118679,foot-ground,True,False
50,right_rubber_hand_link,largebox,right_rubber_hand_link,largebox_link,-0.0011041456730801202,0.0011041456730801202,hand-box,True,False
50,left_shoulder_yaw_link,largebox,left_shoulder_yaw_link,largebox_link,-0.0011440367907968596,0.0011440367907968596,other-body-box,False,True
50,ground,right_ankle_roll_link,world,right_ankle_roll_link,-0.001428028541690319,0.001428028541690319,foot-ground,True,False
50,ground,right_ankle_roll_sphere_3_link,world,right_ankle_roll_sphere_3_link,-0.0009759538346967847,0.0009759538346967847,foot-ground,True,False
50,ground,right_ankle_roll_sphere_4_link,world,right_ankle_roll_sphere_4_link,-0.0006036360803852092,0.0006036360803852092,foot-ground,True,False
50,ground,right_ankle_roll_sphere_5_link,world,right_ankle_roll_sphere_5_link,-0.000786298121670327,0.000786298121670327,foot-ground,True,False
50,right_knee_link,right_ankle_roll_link,right_knee_link,right_ankle_roll_link,-0.032603457799681795,0.032603457799681795,self-collision,False,False
50,right_ankle_intermediate_1_link,right_ankle_roll_link,right_ankle_intermediate_1_link,right_ankle_roll_link,-0.002066714801162342,0.002066714801162342,self-collision,False,False
50,ground,left_ankle_roll_link,world,left_ankle_roll_link,-0.0009868235625246982,0.0009868235625246982,foot-ground,True,False
50,left_knee_link,left_ankle_roll_link,left_knee_link,left_ankle_roll_link,-0.03334962196208724,0.03334962196208724,self-collision,False,False
50,left_rubber_hand_link,largebox,left_rubber_hand_link,largebox_link,-0.0009621152284729761,0.0009621152284729761,hand-box,True,False
50,ground,right_ankle_roll_sphere_1_link,world,right_ankle_roll_sphere_1_link,-0.0009746504600715153,0.0009746504600715153,foot-ground,True,False
50,ground,left_ankle_roll_sphere_4_link,world,left_ankle_roll_sphere_4_link,-0.0001713673660801258,0.0001713673660801258,foot-ground,True,False
51,ground,right_ankle_roll_sphere_2_link,world,right_ankle_roll_sphere_2_link,-0.000997682574778779,0.000997682574778779,foot-ground,True,False
51,right_rubber_hand_link,largebox,right_rubber_hand_link,largebox_link,-0.0006393210382353298,0.0006393210382353298,hand-box,True,False
51,left_shoulder_yaw_link,largebox,left_shoulder_yaw_link,largebox_link,-0.001131899318844748,0.001131899318844748,other-body-box,False,True
51,torso_link,largebox,torso_link,largebox_link,-0.0010292434576617965,0.0010292434576617965,other-body-box,False,True
51,ground,right_ankle_roll_link,world,right_ankle_roll_link,-0.0014507222447063053,0.0014507222447063053,foot-ground,True,False
51,ground,right_ankle_roll_sphere_3_link,world,right_ankle_roll_sphere_3_link,-0.0006251683455570567,0.0006251683455570567,foot-ground,True,False
51,ground,right_ankle_roll_sphere_4_link,world,right_ankle_roll_sphere_4_link,-0.0009976379470653168,0.0009976379470653168,foot-ground,True,False
51,ground,right_ankle_roll_sphere_5_link,world,right_ankle_roll_sphere_5_link,-0.0008077462332320732,0.0008077462332320732,foot-ground,True,False
51,right_knee_link,right_ankle_roll_link,right_knee_link,right_ankle_roll_link,-0.03297242144340046,0.03297242144340046,self-collision,False,False
51,left_wrist_pitch_link,largebox,left_wrist_pitch_link,largebox_link,-0.0012217742960418526,0.0012217742960418526,other-body-box,False,True
51,ground,left_ankle_roll_link,world,left_ankle_roll_link,-0.000999712644506344,0.000999712644506344,foot-ground,True,False
51,left_knee_link,left_ankle_roll_link,left_knee_link,left_ankle_roll_link,-0.03443811370027902,0.03443811370027902,self-collision,False,False
51,ground,right_ankle_roll_sphere_1_link,world,right_ankle_roll_sphere_1_link,-0.0006872912401885622,0.0006872912401885622,foot-ground,True,False
51,ground,left_ankle_roll_sphere_4_link,world,left_ankle_roll_sphere_4_link,-0.0001872902486330678,0.0001872902486330678,foot-ground,True,False
52,ground,right_ankle_roll_sphere_2_link,world,right_ankle_roll_sphere_2_link,-0.000984545000026516,0.000984545000026516,foot-ground,True,False
52,right_rubber_hand_link,largebox,right_rubber_hand_link,largebox_link,-0.0011236902219287082,0.0011236902219287082,hand-box,True,False
52,left_shoulder_yaw_link,largebox,left_shoulder_yaw_link,largebox_link,-0.0011092830949339522,0.0011092830949339522,other-body-box,False,True
52,torso_link,largebox,torso_link,largebox_link,-0.0008842130570803214,0.0008842130570803214,other-body-box,False,True
52,ground,right_ankle_roll_link,world,right_ankle_roll_link,-0.0014380207023164462,0.0014380207023164462,foot-ground,True,False
52,ground,right_ankle_roll_sphere_3_link,world,right_ankle_roll_sphere_3_link,-0.000612248688604578,0.000612248688604578,foot-ground,True,False
52,ground,right_ankle_roll_sphere_4_link,world,right_ankle_roll_sphere_4_link,-0.000985154334160499,0.000985154334160499,foot-ground,True,False
52,ground,right_ankle_roll_sphere_5_link,world,right_ankle_roll_sphere_5_link,-0.000795117260049715,0.000795117260049715,foot-ground,True,False
52,right_knee_link,right_ankle_roll_link,right_knee_link,right_ankle_roll_link,-0.03381594830708132,0.03381594830708132,self-collision,False,False
52,ground,left_ankle_roll_link,world,left_ankle_roll_link,-0.0010330260022451826,0.0010330260022451826,foot-ground,True,False
52,left_knee_link,left_ankle_roll_link,left_knee_link,left_ankle_roll_link,-0.03453976431045308,0.03453976431045308,self-collision,False,False
52,ground,right_ankle_roll_sphere_1_link,world,right_ankle_roll_sphere_1_link,-0.0006737902953965818,0.0006737902953965818,foot-ground,True,False
53,ground,right_ankle_roll_sphere_2_link,world,right_ankle_roll_sphere_2_link,-0.000989503975611864,0.000989503975611864,foot-ground,True,False
53,right_rubber_hand_link,largebox,right_rubber_hand_link,largebox_link,-0.0011003693431743261,0.0011003693431743261,hand-box,True,False
53,left_shoulder_yaw_link,largebox,left_shoulder_yaw_link,largebox_link,-0.0008823124825790701,0.0008823124825790701,other-body-box,False,True
53,torso_link,largebox,torso_link,largebox_link,-0.000999346841667914,0.000999346841667914,other-body-box,False,True
53,ground,right_ankle_roll_link,world,right_ankle_roll_link,-0.0014425821543903004,0.0014425821543903004,foot-ground,True,False
53,ground,right_ankle_roll_sphere_3_link,world,right_ankle_roll_sphere_3_link,-0.0006172389150172998,0.0006172389150172998,foot-ground,True,False
53,ground,right_ankle_roll_sphere_4_link,world,right_ankle_roll_sphere_4_link,-0.000989563768399592,0.000989563768399592,foot-ground,True,False
53,ground,right_ankle_roll_sphere_5_link,world,right_ankle_roll_sphere_5_link,-0.0007997581324934505,0.0007997581324934505,foot-ground,True,False
53,right_knee_link,right_ankle_roll_link,right_knee_link,right_ankle_roll_link,-0.03429255127389788,0.03429255127389788,self-collision,False,False
53,ground,left_ankle_roll_link,world,left_ankle_roll_link,-0.000995406743119813,0.000995406743119813,foot-ground,True,False
53,left_knee_link,left_ankle_roll_link,left_knee_link,left_ankle_roll_link,-0.03489403440809899,0.03489403440809899,self-collision,False,False
53,left_rubber_hand_link,largebox,left_rubber_hand_link,largebox_link,-1.4922867103223103e-05,1.4922867103223103e-05,hand-box,True,False
53,ground,right_ankle_roll_sphere_1_link,world,right_ankle_roll_sphere_1_link,-0.0006792332644599544,0.0006792332644599544,foot-ground,True,False
53,ground,left_ankle_roll_sphere_4_link,world,left_ankle_roll_sphere_4_link,-0.0002243702689630712,0.0002243702689630712,foot-ground,True,False
54,ground,right_ankle_roll_sphere_2_link,world,right_ankle_roll_sphere_2_link,-0.0009907286043164083,0.0009907286043164083,foot-ground,True,False
54,right_rubber_hand_link,largebox,right_rubber_hand_link,largebox_link,-0.00109900885546875,0.00109900885546875,hand-box,True,False
54,left_shoulder_yaw_link,largebox,left_shoulder_yaw_link,largebox_link,-0.000839274761814196,0.000839274761814196,other-body-box,False,True
54,torso_link,largebox,torso_link,largebox_link,-0.0010192172845352176,0.0010192172845352176,other-body-box,False,True
54,ground,right_ankle_roll_link,world,right_ankle_roll_link,-0.001443352238555868,0.001443352238555868,foot-ground,True,False
54,ground,right_ankle_roll_sphere_3_link,world,right_ankle_roll_sphere_3_link,-0.0006184454091872826,0.0006184454091872826,foot-ground,True,False
54,ground,right_ankle_roll_sphere_4_link,world,right_ankle_roll_sphere_4_link,-0.0009901490970867016,0.0009901490970867016,foot-ground,True,False
54,ground,right_ankle_roll_sphere_5_link,world,right_ankle_roll_sphere_5_link,-0.0008005849220129131,0.0008005849220129131,foot-ground,True,False
54,right_knee_link,right_ankle_roll_link,right_knee_link,right_ankle_roll_link,-0.034686597886380316,0.034686597886380316,self-collision,False,False
54,ground,left_ankle_roll_link,world,left_ankle_roll_link,-0.0010065127529333903,0.0010065127529333903,foot-ground,True,False
54,left_knee_link,left_ankle_roll_link,left_knee_link,left_ankle_roll_link,-0.035459839111003005,0.035459839111003005,self-collision,False,False
54,left_rubber_hand_link,largebox,left_rubber_hand_link,largebox_link,-0.0017627400100554969,0.0017627400100554969,hand-box,True,False
54,left_wrist_yaw_link,largebox,left_wrist_yaw_link,largebox_link,-0.0018230456587737948,0.0018230456587737948,other-body-box,False,True
54,ground,right_ankle_roll_sphere_1_link,world,right_ankle_roll_sphere_1_link,-0.0006809755310668913,0.0006809755310668913,foot-ground,True,False
54,ground,left_ankle_roll_sphere_4_link,world,left_ankle_roll_sphere_4_link,-0.00030798353891333796,0.00030798353891333796,foot-ground,True,False
55,ground,right_ankle_roll_sphere_2_link,world,right_ankle_roll_sphere_2_link,-0.0009928062766503985,0.0009928062766503985,foot-ground,True,False
55,right_rubber_hand_link,largebox,right_rubber_hand_link,largebox_link,-0.0010372042117979124,0.0010372042117979124,hand-box,True,False
55,torso_link,largebox,torso_link,largebox_link,-0.000994606619529853,0.000994606619529853,other-body-box,False,True
55,ground,right_ankle_roll_link,world,right_ankle_roll_link,-0.0014431231459435014,0.0014431231459435014,foot-ground,True,False
55,ground,right_ankle_roll_sphere_3_link,world,right_ankle_roll_sphere_3_link,-0.0006195451161774166,0.0006195451161774166,foot-ground,True,False
55,ground,right_ankle_roll_sphere_4_link,world,right_ankle_roll_sphere_4_link,-0.0009888025907480403,0.0009888025907480403,foot-ground,True,False
55,ground,right_ankle_roll_sphere_5_link,world,right_ankle_roll_sphere_5_link,-0.0008000826602725447,0.0008000826602725447,foot-ground,True,False
55,right_knee_link,right_ankle_roll_link,right_knee_link,right_ankle_roll_link,-0.035151036625362064,0.035151036625362064,self-collision,False,False
55,ground,left_ankle_roll_link,world,left_ankle_roll_link,-0.0009990076793688976,0.0009990076793688976,foot-ground,True,False
55,left_knee_link,left_ankle_roll_link,left_knee_link,left_ankle_roll_link,-0.035628593096192984,0.035628593096192984,self-collision,False,False
55,left_rubber_hand_link,largebox,left_rubber_hand_link,largebox_link,-0.0016621778404974502,0.0016621778404974502,hand-box,True,False
55,ground,right_ankle_roll_sphere_1_link,world,right_ankle_roll_sphere_1_link,-0.0006850917145082109,0.0006850917145082109,foot-ground,True,False
56,ground,right_ankle_roll_sphere_2_link,world,right_ankle_roll_sphere_2_link,-0.0009924322514250619,0.0009924322514250619,foot-ground,True,False
56,right_rubber_hand_link,largebox,right_rubber_hand_link,largebox_link,-0.001003456504546238,0.001003456504546238,hand-box,True,False
56,torso_link,largebox,torso_link,largebox_link,-0.0010714436050464349,0.0010714436050464349,other-body-box,False,True
56,ground,right_ankle_roll_link,world,right_ankle_roll_link,-0.001444369922613268,0.001444369922613268,foot-ground,True,False
56,ground,right_ankle_roll_sphere_3_link,world,right_ankle_roll_sphere_3_link,-0.0006201085753651967,0.0006201085753651967,foot-ground,True,False
56,ground,right_ankle_roll_sphere_4_link,world,right_ankle_roll_sphere_4_link,-0.0009908853027562918,0.0009908853027562918,foot-ground,True,False
56,ground,right_ankle_roll_sphere_5_link,world,right_ankle_roll_sphere_5_link,-0.000801679879144898,0.000801679879144898,foot-ground,True,False
56,right_knee_link,right_ankle_roll_link,right_knee_link,right_ankle_roll_link,-0.03560604341976423,0.03560604341976423,self-collision,False,False
56,left_wrist_pitch_link,largebox,left_wrist_pitch_link,largebox_link,-0.0009966202991318063,0.0009966202991318063,other-body-box,False,True
56,ground,left_ankle_roll_link,world,left_ankle_roll_link,-0.0013043672044035191,0.0013043672044035191,foot-ground,True,False
56,left_knee_link,left_ankle_roll_link,left_knee_link,left_ankle_roll_link,-0.03503326164927689,0.03503326164927689,self-collision,False,False
56,left_rubber_hand_link,largebox,left_rubber_hand_link,largebox_link,-0.0009877171049790523,0.0009877171049790523,hand-box,True,False
56,ground,right_ankle_roll_sphere_1_link,world,right_ankle_roll_sphere_1_link,-0.0006834516452658137,0.0006834516452658137,foot-ground,True,False
57,ground,right_ankle_roll_sphere_2_link,world,right_ankle_roll_sphere_2_link,-0.000993068456902355,0.000993068456902355,foot-ground,True,False
57,right_rubber_hand_link,largebox,right_rubber_hand_link,largebox_link,-0.0010107772641861495,0.0010107772641861495,hand-box,True,False
57,left_ankle_intermediate_1_link,left_ankle_roll_link,left_ankle_intermediate_1_link,left_ankle_roll_link,-0.0030216187524660376,0.0030216187524660376,self-collision,False,False
57,torso_link,largebox,torso_link,largebox_link,-0.0009538948088884669,0.0009538948088884669,other-body-box,False,True
57,ground,right_ankle_roll_link,world,right_ankle_roll_link,-0.001444999284102258,0.001444999284102258,foot-ground,True,False
57,ground,right_ankle_roll_sphere_3_link,world,right_ankle_roll_sphere_3_link,-0.0006211856305970874,0.0006211856305970874,foot-ground,True,False
57,ground,right_ankle_roll_sphere_4_link,world,right_ankle_roll_sphere_4_link,-0.000991601413555295,0.000991601413555295,foot-ground,True,False
57,ground,right_ankle_roll_sphere_5_link,world,right_ankle_roll_sphere_5_link,-0.0008025894014573381,0.0008025894014573381,foot-ground,True,False
57,right_knee_link,right_ankle_roll_link,right_knee_link,right_ankle_roll_link,-0.03614726290007647,0.03614726290007647,self-collision,False,False
57,ground,left_ankle_roll_link,world,left_ankle_roll_link,-0.002647178354316517,0.002647178354316517,foot-ground,True,False
57,left_knee_link,left_ankle_roll_link,left_knee_link,left_ankle_roll_link,-0.03324696841942182,0.03324696841942182,self-collision,False,False
57,left_rubber_hand_link,largebox,left_rubber_hand_link,largebox_link,-0.0018071332196198941,0.0018071332196198941,hand-box,True,False
57,left_wrist_yaw_link,largebox,left_wrist_yaw_link,largebox_link,-0.0006578533979807594,0.0006578533979807594,other-body-box,False,True
57,ground,right_ankle_roll_sphere_1_link,world,right_ankle_roll_sphere_1_link,-0.0006843886377705137,0.0006843886377705137,foot-ground,True,False
57,ground,left_ankle_roll_sphere_4_link,world,left_ankle_roll_sphere_4_link,-0.0009843855143817038,0.0009843855143817038,foot-ground,True,False
58,ground,right_ankle_roll_sphere_2_link,world,right_ankle_roll_sphere_2_link,-0.0009919935932451987,0.0009919935932451987,foot-ground,True,False
58,right_rubber_hand_link,largebox,right_rubber_hand_link,largebox_link,-0.0013266455620806888,0.0013266455620806888,hand-box,True,False
58,left_ankle_intermediate_1_link,left_ankle_roll_link,left_ankle_intermediate_1_link,left_ankle_roll_link,-0.0030145296978498215,0.0030145296978498215,self-collision,False,False
58,torso_link,largebox,torso_link,largebox_link,-0.0009959075231730508,0.0009959075231730508,other-body-box,False,True
58,ground,right_ankle_roll_link,world,right_ankle_roll_link,-0.001445623589214698,0.001445623589214698,foot-ground,True,False
58,ground,right_ankle_roll_sphere_3_link,world,right_ankle_roll_sphere_3_link,-0.0006225100967079981,0.0006225100967079981,foot-ground,True,False
58,ground,left_ankle_roll_sphere_2_link,world,left_ankle_roll_sphere_2_link,-0.00019493267038797873,0.00019493267038797873,foot-ground,True,False
58,ground,right_ankle_roll_sphere_4_link,world,right_ankle_roll_sphere_4_link,-0.0009933895748965157,0.0009933895748965157,foot-ground,True,False
58,ground,right_ankle_roll_sphere_5_link,world,right_ankle_roll_sphere_5_link,-0.0008044779956221304,0.0008044779956221304,foot-ground,True,False
58,right_knee_link,right_ankle_roll_link,right_knee_link,right_ankle_roll_link,-0.03693000535175511,0.03693000535175511,self-collision,False,False
58,ground,left_ankle_roll_link,world,left_ankle_roll_link,-0.0020309451903423974,0.0020309451903423974,foot-ground,True,False
58,left_knee_link,left_ankle_roll_link,left_knee_link,left_ankle_roll_link,-0.030394009695656976,0.030394009695656976,self-collision,False,False
58,left_rubber_hand_link,largebox,left_rubber_hand_link,largebox_link,-0.0008664632245344167,0.0008664632245344167,hand-box,True,False
58,ground,right_ankle_roll_sphere_1_link,world,right_ankle_roll_sphere_1_link,-0.0006829273614214334,0.0006829273614214334,foot-ground,True,False
58,ground,left_ankle_roll_sphere_4_link,world,left_ankle_roll_sphere_4_link,-0.0009814306438013396,0.0009814306438013396,foot-ground,True,False
59,ground,right_ankle_roll_sphere_2_link,world,right_ankle_roll_sphere_2_link,-0.0006879172410338098,0.0006879172410338098,foot-ground,True,False
59,right_rubber_hand_link,largebox,right_rubber_hand_link,largebox_link,-0.0009951227103221078,0.0009951227103221078,hand-box,True,False
59,ground,left_ankle_roll_sphere_5_link,world,left_ankle_roll_sphere_5_link,-0.0002948344976685313,0.0002948344976685313,foot-ground,True,False
59,left_ankle_intermediate_1_link,left_ankle_roll_link,left_ankle_intermediate_1_link,left_ankle_roll_link,-0.00298899642968177,0.00298899642968177,self-collision,False,False
59,torso_link,largebox,torso_link,largebox_link,-0.0010057031447993497,0.0010057031447993497,other-body-box,False,True
59,ground,right_ankle_roll_link,world,right_ankle_roll_link,-0.0014501983972274417,0.0014501983972274417,foot-ground,True,False
59,ground,left_ankle_roll_sphere_1_link,world,left_ankle_roll_sphere_1_link,-0.000485467915451873,0.000485467915451873,foot-ground,True,False
59,ground,right_ankle_roll_sphere_3_link,world,right_ankle_roll_sphere_3_link,-0.00099763586056244,0.00099763586056244,foot-ground,True,False
59,ground,left_ankle_roll_sphere_2_link,world,left_ankle_roll_sphere_2_link,-0.000998627485223033,0.000998627485223033,foot-ground,True,False
59,ground,right_ankle_roll_sphere_4_link,world,right_ankle_roll_sphere_4_link,-0.0006259308963044779,0.0006259308963044779,foot-ground,True,False
59,ground,right_ankle_roll_sphere_5_link,world,right_ankle_roll_sphere_5_link,-0.0008081350336050846,0.0008081350336050846,foot-ground,True,False
59,right_knee_link,right_ankle_roll_link,right_knee_link,right_ankle_roll_link,-0.03780947795749698,0.03780947795749698,self-collision,False,False
59,ground,left_ankle_roll_link,world,left_ankle_roll_link,-0.0014155393168065397,0.0014155393168065397,foot-ground,True,False
59,left_knee_link,left_ankle_roll_link,left_knee_link,left_ankle_roll_link,-0.027764878980172186,0.027764878980172186,self-collision,False,False
59,left_rubber_hand_link,largebox,left_rubber_hand_link,largebox_link,-0.0009638816928652649,0.0009638816928652649,hand-box,True,False
59,left_wrist_yaw_link,largebox,left_wrist_yaw_link,largebox_link,-0.002409241091553868,0.002409241091553868,other-body-box,False,True
59,ground,left_ankle_roll_sphere_3_link,world,left_ankle_roll_sphere_3_link,-3.401382977098657e-05,3.401382977098657e-05,foot-ground,True,False
59,ground,right_ankle_roll_sphere_1_link,world,right_ankle_roll_sphere_1_link,-0.0009976713779154467,0.0009976713779154467,foot-ground,True,False
59,ground,left_ankle_roll_sphere_4_link,world,left_ankle_roll_sphere_4_link,-0.0006498053134963737,0.0006498053134963737,foot-ground,True,False
60,right_rubber_hand_link,largebox,right_rubber_hand_link,largebox_link,-0.0010399869854264138,0.0010399869854264138,hand-box,True,False
60,ground,left_ankle_roll_sphere_5_link,world,left_ankle_roll_sphere_5_link,-0.0005261042021991276,0.0005261042021991276,foot-ground,True,False
60,left_ankle_intermediate_1_link,left_ankle_roll_link,left_ankle_intermediate_1_link,left_ankle_roll_link,-0.0030203188478027942,0.0030203188478027942,self-collision,False,False
60,torso_link,largebox,torso_link,largebox_link,-0.0009968212530037102,0.0009968212530037102,other-body-box,False,True
60,ground,right_ankle_roll_link,world,right_ankle_roll_link,-0.0015935242850278752,0.0015935242850278752,foot-ground,True,False
60,ground,left_ankle_roll_sphere_1_link,world,left_ankle_roll_sphere_1_link,-0.0009814671485386802,0.0009814671485386802,foot-ground,True,False
60,ground,right_ankle_roll_sphere_3_link,world,right_ankle_roll_sphere_3_link,-0.000990458670881599,0.000990458670881599,foot-ground,True,False
60,ground,left_ankle_roll_sphere_2_link,world,left_ankle_roll_sphere_2_link,-0.000983586929750208,0.000983586929750208,foot-ground,True,False
60,ground,right_ankle_roll_sphere_5_link,world,right_ankle_roll_sphere_5_link,-0.00026151534552996524,0.00026151534552996524,foot-ground,True,False
60,right_knee_link,right_ankle_roll_link,right_knee_link,right_ankle_roll_link,-0.038795621429052435,0.038795621429052435,self-collision,False,False
60,ground,left_ankle_roll_link,world,left_ankle_roll_link,-0.001422820917059111,0.001422820917059111,foot-ground,True,False
60,left_knee_link,left_ankle_roll_link,left_knee_link,left_ankle_roll_link,-0.02547943985232415,0.02547943985232415,self-collision,False,False
60,left_rubber_hand_link,largebox,left_rubber_hand_link,largebox_link,-0.001079311288896434,0.001079311288896434,hand-box,True,False
60,left_wrist_yaw_link,largebox,left_wrist_yaw_link,largebox_link,-0.0005334173033807871,0.0005334173033807871,other-body-box,False,True
60,ground,left_ankle_roll_sphere_3_link,world,left_ankle_roll_sphere_3_link,-0.0005728768426243478,0.0005728768426243478,foot-ground,True,False
60,ground,right_ankle_roll_sphere_1_link,world,right_ankle_roll_sphere_1_link,-0.0009892689624575067,0.0009892689624575067,foot-ground,True,False
60,ground,left_ankle_roll_sphere_4_link,world,left_ankle_roll_sphere_4_link,-0.0005754205800781826,0.0005754205800781826,foot-ground,True,False
61,left_ankle_intermediate_1_link,left_ankle_roll_link,left_ankle_intermediate_1_link,left_ankle_roll_link,-0.002513221493008283,0.002513221493008283,self-collision,False,False
61,torso_link,largebox,torso_link,largebox_link,-0.0010317623529210729,0.0010317623529210729,other-body-box,False,True
61,ground,right_ankle_roll_link,world,right_ankle_roll_link,-0.0014648714611522513,0.0014648714611522513,foot-ground,True,False
61,ground,left_ankle_roll_sphere_1_link,world,left_ankle_roll_sphere_1_link,-0.0009799059108528364,0.0009799059108528364,foot-ground,True,False
61,ground,right_ankle_roll_sphere_3_link,world,right_ankle_roll_sphere_3_link,-0.0006042446923721556,0.0006042446923721556,foot-ground,True,False
61,right_knee_link,right_ankle_roll_link,right_knee_link,right_ankle_roll_link,-0.03967547568422211,0.03967547568422211,self-collision,False,False
61,ground,left_ankle_roll_link,world,left_ankle_roll_link,-0.0014836648621909324,0.0014836648621909324,foot-ground,True,False
61,left_knee_link,left_ankle_roll_link,left_knee_link,left_ankle_roll_link,-0.024302428450690333,0.024302428450690333,self-collision,False,False
61,left_rubber_hand_link,largebox,left_rubber_hand_link,largebox_link,-0.0012812456594620408,0.0012812456594620408,hand-box,True,False
61,left_wrist_yaw_link,largebox,left_wrist_yaw_link,largebox_link,-0.0008735244833280448,0.0008735244833280448,other-body-box,False,True
61,ground,right_ankle_roll_sphere_1_link,world,right_ankle_roll_sphere_1_link,-0.0009896194419025768,0.0009896194419025768,foot-ground,True,False
62,right_rubber_hand_link,largebox,right_rubber_hand_link,largebox_link,-0.001308851983558762,0.001308851983558762,hand-box,True,False
62,left_ankle_intermediate_1_link,left_ankle_roll_link,left_ankle_intermediate_1_link,left_ankle_roll_link,-0.0020892179969397573,0.0020892179969397573,self-collision,False,False
62,torso_link,largebox,torso_link,largebox_link,-0.0010326614282179652,0.0010326614282179652,other-body-box,False,True
62,ground,right_ankle_roll_link,world,right_ankle_roll_link,-0.0014713392686956303,0.0014713392686956303,foot-ground,True,False
62,ground,left_ankle_roll_sphere_1_link,world,left_ankle_roll_sphere_1_link,-0.0009872083162830404,0.0009872083162830404,foot-ground,True,False
62,ground,right_ankle_roll_sphere_3_link,world,right_ankle_roll_sphere_3_link,-0.00013520324138949474,0.00013520324138949474,foot-ground,True,False
62,right_knee_link,right_ankle_roll_link,right_knee_link,right_ankle_roll_link,-0.040691092032260595,0.040691092032260595,self-collision,False,False
62,ground,left_ankle_roll_link,world,left_ankle_roll_link,-0.0016119273201084111,0.0016119273201084111,foot-ground,True,False
62,left_knee_link,left_ankle_roll_link,left_knee_link,left_ankle_roll_link,-0.023405098259277293,0.023405098259277293,self-collision,False,False
62,left_rubber_hand_link,largebox,left_rubber_hand_link,largebox_link,-0.0011918902742100446,0.0011918902742100446,hand-box,True,False
62,left_wrist_yaw_link,largebox,left_wrist_yaw_link,largebox_link,-0.0003462091080087826,0.0003462091080087826,other-body-box,False,True
62,ground,right_ankle_roll_sphere_1_link,world,right_ankle_roll_sphere_1_link,-0.0009949525424059495,0.0009949525424059495,foot-ground,True,False
63,right_rubber_hand_link,largebox,right_rubber_hand_link,largebox_link,-0.0013273393222102553,0.0013273393222102553,hand-box,True,False
63,left_ankle_intermediate_1_link,left_ankle_roll_link,left_ankle_intermediate_1_link,left_ankle_roll_link,-0.0020134470815094396,0.0020134470815094396,self-collision,False,False
63,torso_link,largebox,torso_link,largebox_link,-0.0010181633776164545,0.0010181633776164545,other-body-box,False,True
63,ground,right_ankle_roll_link,world,right_ankle_roll_link,-0.0010132648797263194,0.0010132648797263194,foot-ground,True,False
63,ground,left_ankle_roll_sphere_1_link,world,left_ankle_roll_sphere_1_link,-0.00038806450119667057,0.00038806450119667057,foot-ground,True,False
63,ground,right_ankle_roll_sphere_3_link,world,right_ankle_roll_sphere_3_link,-0.00036836999616484106,0.00036836999616484106,foot-ground,True,False
63,right_knee_link,right_ankle_roll_link,right_knee_link,right_ankle_roll_link,-0.04125152461148954,0.04125152461148954,self-collision,False,False
63,ground,left_ankle_roll_link,world,left_ankle_roll_link,-0.001006096529433169,0.001006096529433169,foot-ground,True,False
63,left_knee_link,left_ankle_roll_link,left_knee_link,left_ankle_roll_link,-0.022925926811553587,0.022925926811553587,self-collision,False,False
63,left_rubber_hand_link,largebox,left_rubber_hand_link,largebox_link,-0.0007516277847503666,0.0007516277847503666,hand-box,True,False
63,left_wrist_yaw_link,largebox,left_wrist_yaw_link,largebox_link,-0.002572962771269713,0.002572962771269713,other-body-box,False,True
64,right_rubber_hand_link,largebox,right_rubber_hand_link,largebox_link,-0.0013152799290482853,0.0013152799290482853,hand-box,True,False
64,left_ankle_intermediate_1_link,left_ankle_roll_link,left_ankle_intermediate_1_link,left_ankle_roll_link,-0.001886891706245189,0.001886891706245189,self-collision,False,False
64,torso_link,largebox,torso_link,largebox_link,-0.0010049803961197507,0.0010049803961197507,other-body-box,False,True
64,ground,right_ankle_roll_link,world,right_ankle_roll_link,-0.0012017391706408836,0.0012017391706408836,foot-ground,True,False
64,ground,left_ankle_roll_sphere_1_link,world,left_ankle_roll_sphere_1_link,-0.00032592714552779744,0.00032592714552779744,foot-ground,True,False
64,ground,right_ankle_roll_sphere_3_link,world,right_ankle_roll_sphere_3_link,-0.00046337347395835737,0.00046337347395835737,foot-ground,True,False
64,right_knee_link,right_ankle_roll_link,right_knee_link,right_ankle_roll_link,-0.04192038972511547,0.04192038972511547,self-collision,False,False
64,ground,left_ankle_roll_link,world,left_ankle_roll_link,-0.0009989749724185412,0.0009989749724185412,foot-ground,True,False
64,left_knee_link,left_ankle_roll_link,left_knee_link,left_ankle_roll_link,-0.02269499080578384,0.02269499080578384,self-collision,False,False
64,left_rubber_hand_link,largebox,left_rubber_hand_link,largebox_link,-0.0008166630210564851,0.0008166630210564851,hand-box,True,False
64,left_wrist_yaw_link,largebox,left_wrist_yaw_link,largebox_link,-0.002306524765261636,0.002306524765261636,other-body-box,False,True
65,right_rubber_hand_link,largebox,right_rubber_hand_link,largebox_link,-0.0009616764644668485,0.0009616764644668485,hand-box,True,False
65,left_ankle_intermediate_1_link,left_ankle_roll_link,left_ankle_intermediate_1_link,left_ankle_roll_link,-0.0018732810011107964,0.0018732810011107964,self-collision,False,False
65,torso_link,largebox,torso_link,largebox_link,-0.0012011022800846455,0.0012011022800846455,other-body-box,False,True
65,ground,right_ankle_roll_link,world,right_ankle_roll_link,-0.000999467893115176,0.000999467893115176,foot-ground,True,False
65,ground,left_ankle_roll_sphere_1_link,world,left_ankle_roll_sphere_1_link,-1.1812662038801318e-05,1.1812662038801318e-05,foot-ground,True,False
65,ground,right_ankle_roll_sphere_3_link,world,right_ankle_roll_sphere_3_link,-0.0005463395129912214,0.0005463395129912214,foot-ground,True,False
65,right_knee_link,right_ankle_roll_link,right_knee_link,right_ankle_roll_link,-0.04204398837562226,0.04204398837562226,self-collision,False,False
65,ground,left_ankle_roll_link,world,left_ankle_roll_link,-0.002365675941649506,0.002365675941649506,foot-ground,True,False
65,left_knee_link,left_ankle_roll_link,left_knee_link,left_ankle_roll_link,-0.022658372303128685,0.022658372303128685,self-collision,False,False
65,left_rubber_hand_link,largebox,left_rubber_hand_link,largebox_link,-0.0011224223907420755,0.0011224223907420755,hand-box,True,False
65,left_wrist_yaw_link,largebox,left_wrist_yaw_link,largebox_link,-0.0004385787663622742,0.0004385787663622742,other-body-box,False,True
65,ground,left_ankle_roll_sphere_3_link,world,left_ankle_roll_sphere_3_link,-0.0009843905573705151,0.0009843905573705151,foot-ground,True,False
66,left_ankle_intermediate_1_link,left_ankle_roll_link,left_ankle_intermediate_1_link,left_ankle_roll_link,-0.002208233021478656,0.002208233021478656,self-collision,False,False
66,torso_link,largebox,torso_link,largebox_link,-0.0004267013614113607,0.0004267013614113607,other-body-box,False,True
66,ground,right_ankle_roll_link,world,right_ankle_roll_link,-0.0009945066072652164,0.0009945066072652164,foot-ground,True,False
66,ground,left_ankle_roll_sphere_1_link,world,left_ankle_roll_sphere_1_link,-5.289021866272236e-05,5.289021866272236e-05,foot-ground,True,False
66,ground,right_ankle_roll_sphere_3_link,world,right_ankle_roll_sphere_3_link,-0.0004931818340781239,0.0004931818340781239,foot-ground,True,False
66,right_knee_link,right_ankle_roll_link,right_knee_link,right_ankle_roll_link,-0.04175418347432644,0.04175418347432644,self-collision,False,False
66,ground,left_ankle_roll_link,world,left_ankle_roll_link,-0.0022620328104022876,0.0022620328104022876,foot-ground,True,False
66,left_knee_link,left_ankle_roll_link,left_knee_link,left_ankle_roll_link,-0.023517811353464133,0.023517811353464133,self-collision,False,False
66,left_rubber_hand_link,largebox,left_rubber_hand_link,largebox_link,-4.7874233301978264e-05,4.7874233301978264e-05,hand-box,True,False
66,left_wrist_yaw_link,largebox,left_wrist_yaw_link,largebox_link,-0.0024812646555732037,0.0024812646555732037,other-body-box,False,True
66,ground,left_ankle_roll_sphere_3_link,world,left_ankle_roll_sphere_3_link,-0.0009811399135417577,0.0009811399135417577,foot-ground,True,False
67,right_rubber_hand_link,largebox,right_rubber_hand_link,largebox_link,-0.0007831396243810212,0.0007831396243810212,hand-box,True,False
67,left_ankle_intermediate_1_link,left_ankle_roll_link,left_ankle_intermediate_1_link,left_ankle_roll_link,-0.0027248465419325713,0.0027248465419325713,self-collision,False,False
67,torso_link,largebox,torso_link,largebox_link,-0.0008782456560977037,0.0008782456560977037,other-body-box,False,True
67,ground,left_ankle_roll_sphere_1_link,world,left_ankle_roll_sphere_1_link,-9.467631077800503e-05,9.467631077800503e-05,foot-ground,True,False
67,right_knee_link,right_ankle_roll_link,right_knee_link,right_ankle_roll_link,-0.04175645390919577,0.04175645390919577,self-collision,False,False
67,ground,left_ankle_roll_link,world,left_ankle_roll_link,-0.0021662845653441024,0.0021662845653441024,foot-ground,True,False
67,left_knee_link,left_ankle_roll_link,left_knee_link,left_ankle_roll_link,-0.024784471723633142,0.024784471723633142,self-collision,False,False
67,left_wrist_yaw_link,largebox,left_wrist_yaw_link,largebox_link,-0.00098468952806946,0.00098468952806946,other-body-box,False,True
67,ground,left_ankle_roll_sphere_3_link,world,left_ankle_roll_sphere_3_link,-0.0009800668274387745,0.0009800668274387745,foot-ground,True,False
68,right_rubber_hand_link,largebox,right_rubber_hand_link,largebox_link,-0.0016793555932613502,0.0016793555932613502,hand-box,True,False
68,left_ankle_intermediate_1_link,left_ankle_roll_link,left_ankle_intermediate_1_link,left_ankle_roll_link,-0.003278999260957302,0.003278999260957302,self-collision,False,False
68,torso_link,largebox,torso_link,largebox_link,-0.0009502325505998249,0.0009502325505998249,other-body-box,False,True
68,ground,left_ankle_roll_sphere_1_link,world,left_ankle_roll_sphere_1_link,-0.0001513584983279621,0.0001513584983279621,foot-ground,True,False
68,right_knee_link,right_ankle_roll_link,right_knee_link,right_ankle_roll_link,-0.04251966141502103,0.04251966141502103,self-collision,False,False
68,ground,left_ankle_roll_link,world,left_ankle_roll_link,-0.0020579205425960458,0.0020579205425960458,foot-ground,True,False
68,left_knee_link,left_ankle_roll_link,left_knee_link,left_ankle_roll_link,-0.026023523740661164,0.026023523740661164,self-collision,False,False
68,left_wrist_yaw_link,largebox,left_wrist_yaw_link,largebox_link,-0.0001692096353968775,0.0001692096353968775,other-body-box,False,True
68,ground,left_ankle_roll_sphere_3_link,world,left_ankle_roll_sphere_3_link,-0.0009815038386770695,0.0009815038386770695,foot-ground,True,False
69,right_rubber_hand_link,largebox,right_rubber_hand_link,largebox_link,-0.005484678894343578,0.005484678894343578,hand-box,True,False
69,left_ankle_intermediate_1_link,left_ankle_roll_link,left_ankle_intermediate_1_link,left_ankle_roll_link,-0.0033274962210408515,0.0033274962210408515,self-collision,False,False
69,torso_link,largebox,torso_link,largebox_link,-0.0009849383167554182,0.0009849383167554182,other-body-box,False,True
69,ground,left_ankle_roll_sphere_1_link,world,left_ankle_roll_sphere_1_link,-0.0002160096575827856,0.0002160096575827856,foot-ground,True,False
69,right_knee_link,right_ankle_roll_link,right_knee_link,right_ankle_roll_link,-0.04322796329284043,0.04322796329284043,self-collision,False,False
69,right_ankle_intermediate_1_link,right_ankle_roll_link,right_ankle_intermediate_1_link,right_ankle_roll_link,-0.00014200303318802343,0.00014200303318802343,self-collision,False,False
69,ground,left_ankle_roll_link,world,left_ankle_roll_link,-0.0019295972066767052,0.0019295972066767052,foot-ground,True,False
69,left_knee_link,left_ankle_roll_link,left_knee_link,left_ankle_roll_link,-0.028812760260094022,0.028812760260094022,self-collision,False,False
69,left_rubber_hand_link,largebox,left_rubber_hand_link,largebox_link,-0.0004843485338992537,0.0004843485338992537,hand-box,True,False
69,ground,left_ankle_roll_sphere_3_link,world,left_ankle_roll_sphere_3_link,-0.000984046695047691,0.000984046695047691,foot-ground,True,False
70,right_rubber_hand_link,largebox,right_rubber_hand_link,largebox_link,-0.0010145539805609949,0.0010145539805609949,hand-box,True,False
70,ground,left_ankle_roll_link,world,left_ankle_roll_link,-0.0018170779899605548,0.0018170779899605548,foot-ground,True,False
70,left_knee_link,left_ankle_roll_link,left_knee_link,left_ankle_roll_link,-0.030089241397130928,0.030089241397130928,self-collision,False,False
70,torso_link,largebox,torso_link,largebox_link,-0.0009646178732836408,0.0009646178732836408,other-body-box,False,True
70,left_rubber_hand_link,largebox,left_rubber_hand_link,largebox_link,-0.0005320172462256884,0.0005320172462256884,hand-box,True,False
70,left_ankle_intermediate_1_link,left_ankle_roll_link,left_ankle_intermediate_1_link,left_ankle_roll_link,-0.0031244302634564625,0.0031244302634564625,self-collision,False,False
70,right_knee_link,right_ankle_roll_link,right_knee_link,right_ankle_roll_link,-0.044306996413994215,0.044306996413994215,self-collision,False,False
70,ground,left_ankle_roll_sphere_3_link,world,left_ankle_roll_sphere_3_link,-0.0009870249610048993,0.0009870249610048993,foot-ground,True,False
70,right_ankle_intermediate_1_link,right_ankle_roll_link,right_ankle_intermediate_1_link,right_ankle_roll_link,-0.0005991692100573848,0.0005991692100573848,self-collision,False,False
70,ground,left_ankle_roll_sphere_1_link,world,left_ankle_roll_sphere_1_link,-0.0002752985095318501,0.0002752985095318501,foot-ground,True,False
71,right_rubber_hand_link,largebox,right_rubber_hand_link,largebox_link,-0.00534469004998149,0.00534469004998149,hand-box,True,False
71,ground,left_ankle_roll_link,world,left_ankle_roll_link,-0.0013354112409093323,0.0013354112409093323,foot-ground,True,False
71,left_knee_link,left_ankle_roll_link,left_knee_link,left_ankle_roll_link,-0.0324273384832747,0.0324273384832747,self-collision,False,False
71,torso_link,largebox,torso_link,largebox_link,-0.0009002862365373454,0.0009002862365373454,other-body-box,False,True
71,left_rubber_hand_link,largebox,left_rubber_hand_link,largebox_link,-0.0034617309019415315,0.0034617309019415315,hand-box,True,False
71,left_ankle_intermediate_1_link,left_ankle_roll_link,left_ankle_intermediate_1_link,left_ankle_roll_link,-0.003034536700580695,0.003034536700580695,self-collision,False,False
71,right_knee_link,right_ankle_roll_link,right_knee_link,right_ankle_roll_link,-0.040430827981887935,0.040430827981887935,self-collision,False,False
71,ground,left_ankle_roll_sphere_3_link,world,left_ankle_roll_sphere_3_link,-0.0007825391383639814,0.0007825391383639814,foot-ground,True,False
71,ground,left_ankle_roll_sphere_1_link,world,left_ankle_roll_sphere_1_link,-0.000262880628244813,0.000262880628244813,foot-ground,True,False
72,right_rubber_hand_link,largebox,right_rubber_hand_link,largebox_link,-0.0019978063324501416,0.0019978063324501416,hand-box,True,False
72,ground,left_ankle_roll_link,world,left_ankle_roll_link,-0.0013821557349572022,0.0013821557349572022,foot-ground,True,False
72,ground,left_ankle_roll_sphere_5_link,world,left_ankle_roll_sphere_5_link,-0.0007217168393717803,0.0007217168393717803,foot-ground,True,False
72,left_knee_link,left_ankle_roll_link,left_knee_link,left_ankle_roll_link,-0.03385469760322671,0.03385469760322671,self-collision,False,False
72,torso_link,largebox,torso_link,largebox_link,-0.000953059722102495,0.000953059722102495,other-body-box,False,True
72,left_rubber_hand_link,largebox,left_rubber_hand_link,largebox_link,-0.0007984494612835458,0.0007984494612835458,hand-box,True,False
72,left_ankle_intermediate_1_link,left_ankle_roll_link,left_ankle_intermediate_1_link,left_ankle_roll_link,-0.0029201751923039893,0.0029201751923039893,self-collision,False,False
72,right_knee_link,right_ankle_roll_link,right_knee_link,right_ankle_roll_link,-0.035330597715495154,0.035330597715495154,self-collision,False,False
72,ground,left_ankle_roll_sphere_3_link,world,left_ankle_roll_sphere_3_link,-0.0009703515808566722,0.0009703515808566722,foot-ground,True,False
72,ground,left_ankle_roll_sphere_1_link,world,left_ankle_roll_sphere_1_link,-0.0005501956305659838,0.0005501956305659838,foot-ground,True,False
72,ground,left_ankle_roll_sphere_4_link,world,left_ankle_roll_sphere_4_link,-0.0003856859071076869,0.0003856859071076869,foot-ground,True,False
72,ground,left_ankle_roll_sphere_2_link,world,left_ankle_roll_sphere_2_link,-6.297423577516278e-05,6.297423577516278e-05,foot-ground,True,False
73,right_rubber_hand_link,largebox,right_rubber_hand_link,largebox_link,-0.0019678604014434498,0.0019678604014434498,hand-box,True,False
73,ground,left_ankle_roll_link,world,left_ankle_roll_link,-0.0014498374238276213,0.0014498374238276213,foot-ground,True,False
73,ground,left_ankle_roll_sphere_5_link,world,left_ankle_roll_sphere_5_link,-0.0008071190959564245,0.0008071190959564245,foot-ground,True,False
73,left_knee_link,left_ankle_roll_link,left_knee_link,left_ankle_roll_link,-0.034656316310517576,0.034656316310517576,self-collision,False,False
73,torso_link,largebox,torso_link,largebox_link,-0.0010026899033745429,0.0010026899033745429,other-body-box,False,True
73,left_rubber_hand_link,largebox,left_rubber_hand_link,largebox_link,-0.0007715459269942576,0.0007715459269942576,hand-box,True,False
73,right_knee_link,right_ankle_roll_link,right_knee_link,right_ankle_roll_link,-0.03362430845159531,0.03362430845159531,self-collision,False,False
73,ground,left_ankle_roll_sphere_3_link,world,left_ankle_roll_sphere_3_link,-0.0009966626011137748,0.0009966626011137748,foot-ground,True,False
73,right_ankle_intermediate_1_link,right_ankle_roll_link,right_ankle_intermediate_1_link,right_ankle_roll_link,-0.002767760045332593,0.002767760045332593,self-collision,False,False
73,ground,left_ankle_roll_sphere_1_link,world,left_ankle_roll_sphere_1_link,-0.0009971862918895054,0.0009971862918895054,foot-ground,True,False
73,ground,left_ankle_roll_sphere_4_link,world,left_ankle_roll_sphere_4_link,-0.0006249865773302913,0.0006249865773302913,foot-ground,True,False
73,ground,left_ankle_roll_sphere_2_link,world,left_ankle_roll_sphere_2_link,-0.0006874562720699381,0.0006874562720699381,foot-ground,True,False
74,right_rubber_hand_link,largebox,right_rubber_hand_link,largebox_link,-0.0048892253670351216,0.0048892253670351216,hand-box,True,False
74,ground,left_ankle_roll_sphere_5_link,world,left_ankle_roll_sphere_5_link,-0.0008100457568923974,0.0008100457568923974,foot-ground,True,False
74,torso_link,largebox,torso_link,largebox_link,-0.0010699798692307277,0.0010699798692307277,other-body-box,False,True
74,ground,left_ankle_roll_sphere_1_link,world,left_ankle_roll_sphere_1_link,-0.0009988439608225484,0.0009988439608225484,foot-ground,True,False
74,ground,left_ankle_roll_sphere_2_link,world,left_ankle_roll_sphere_2_link,-0.0006952209038686387,0.0006952209038686387,foot-ground,True,False
74,right_knee_link,right_ankle_roll_link,right_knee_link,right_ankle_roll_link,-0.03352982725900605,0.03352982725900605,self-collision,False,False
74,right_ankle_intermediate_1_link,right_ankle_roll_link,right_ankle_intermediate_1_link,right_ankle_roll_link,-0.0030561824656840375,0.0030561824656840375,self-collision,False,False
74,ground,left_ankle_roll_link,world,left_ankle_roll_link,-0.0014491732641742534,0.0014491732641742534,foot-ground,True,False
74,left_knee_link,left_ankle_roll_link,left_knee_link,left_ankle_roll_link,-0.035379247582363355,0.035379247582363355,self-collision,False,False
74,left_rubber_hand_link,largebox,left_rubber_hand_link,largebox_link,-0.0010959145451879398,0.0010959145451879398,hand-box,True,False
74,ground,left_ankle_roll_sphere_3_link,world,left_ankle_roll_sphere_3_link,-0.000996112925322974,0.000996112925322974,foot-ground,True,False
74,ground,left_ankle_roll_sphere_4_link,world,left_ankle_roll_sphere_4_link,-0.0006317652569782844,0.0006317652569782844,foot-ground,True,False
75,right_rubber_hand_link,largebox,right_rubber_hand_link,largebox_link,-0.004574811453617975,0.004574811453617975,hand-box,True,False
75,ground,left_ankle_roll_sphere_5_link,world,left_ankle_roll_sphere_5_link,-0.0008089303307188432,0.0008089303307188432,foot-ground,True,False
75,torso_link,largebox,torso_link,largebox_link,-0.0011408651498380357,0.0011408651498380357,other-body-box,False,True
75,ground,left_ankle_roll_sphere_1_link,world,left_ankle_roll_sphere_1_link,-0.0009998464670285733,0.0009998464670285733,foot-ground,True,False
75,ground,left_ankle_roll_sphere_2_link,world,left_ankle_roll_sphere_2_link,-0.0006977247426429882,0.0006977247426429882,foot-ground,True,False
75,right_knee_link,right_ankle_roll_link,right_knee_link,right_ankle_roll_link,-0.03409958950205988,0.03409958950205988,self-collision,False,False
75,right_ankle_intermediate_1_link,right_ankle_roll_link,right_ankle_intermediate_1_link,right_ankle_roll_link,-0.0030116848890476278,0.0030116848890476278,self-collision,False,False
75,ground,left_ankle_roll_link,world,left_ankle_roll_link,-0.0014483657535983609,0.0014483657535983609,foot-ground,True,False
75,left_knee_link,left_ankle_roll_link,left_knee_link,left_ankle_roll_link,-0.03553338337501086,0.03553338337501086,self-collision,False,False
75,left_rubber_hand_link,largebox,left_rubber_hand_link,largebox_link,-0.001040716381993781,0.001040716381993781,hand-box,True,False
75,ground,left_ankle_roll_sphere_3_link,world,left_ankle_roll_sphere_3_link,-0.0009943986573625009,0.0009943986573625009,foot-ground,True,False
75,ground,left_ankle_roll_sphere_4_link,world,left_ankle_roll_sphere_4_link,-0.0006318525880997993,0.0006318525880997993,foot-ground,True,False
76,right_rubber_hand_link,largebox,right_rubber_hand_link,largebox_link,-0.004300221058419734,0.004300221058419734,hand-box,True,False
76,ground,left_ankle_roll_sphere_5_link,world,left_ankle_roll_sphere_5_link,-0.0008089850853034387,0.0008089850853034387,foot-ground,True,False
76,torso_link,largebox,torso_link,largebox_link,-0.0010020724944438814,0.0010020724944438814,other-body-box,False,True
76,ground,left_ankle_roll_sphere_1_link,world,left_ankle_roll_sphere_1_link,-0.0010020975157927726,0.0010020975157927726,foot-ground,True,False
76,left_ankle_roll_link,right_ankle_roll_link,left_ankle_roll_link,right_ankle_roll_link,-0.026573991077139147,0.026573991077139147,self-collision,False,False
76,ground,left_ankle_roll_sphere_2_link,world,left_ankle_roll_sphere_2_link,-0.0007002553238216669,0.0007002553238216669,foot-ground,True,False
76,left_ankle_roll_link,right_ankle_roll_sphere_3_link,left_ankle_roll_link,right_ankle_roll_sphere_3_link,-0.0027537552641398594,0.0027537552641398594,self-collision,False,False
76,right_knee_link,right_ankle_roll_link,right_knee_link,right_ankle_roll_link,-0.03527778972466178,0.03527778972466178,self-collision,False,False
76,ground,left_ankle_roll_link,world,left_ankle_roll_link,-0.001449360827784553,0.001449360827784553,foot-ground,True,False
76,left_knee_link,left_ankle_roll_link,left_knee_link,left_ankle_roll_link,-0.0359835015323581,0.0359835015323581,self-collision,False,False
76,left_rubber_hand_link,largebox,left_rubber_hand_link,largebox_link,-0.0010764189197146612,0.0010764189197146612,hand-box,True,False
76,ground,left_ankle_roll_sphere_3_link,world,left_ankle_roll_sphere_3_link,-0.0009945315935917616,0.0009945315935917616,foot-ground,True,False
76,ground,left_ankle_roll_sphere_4_link,world,left_ankle_roll_sphere_4_link,-0.0006323209632264374,0.0006323209632264374,foot-ground,True,False
76,left_ankle_roll_sphere_2_link,right_ankle_roll_link,left_ankle_roll_sphere_2_link,right_ankle_roll_link,-0.010074996825490082,0.010074996825490082,self-collision,False,False
77,right_rubber_hand_link,largebox,right_rubber_hand_link,largebox_link,-0.0008763824698210243,0.0008763824698210243,hand-box,True,False
77,ground,left_ankle_roll_sphere_5_link,world,left_ankle_roll_sphere_5_link,-0.0008062478126608956,0.0008062478126608956,foot-ground,True,False
77,torso_link,largebox,torso_link,largebox_link,-0.0009621237437882901,0.0009621237437882901,other-body-box,False,True
77,left_knee_link,right_ankle_roll_link,left_knee_link,right_ankle_roll_link,-0.003928807289083999,0.003928807289083999,self-collision,False,False
77,ground,left_ankle_roll_sphere_1_link,world,left_ankle_roll_sphere_1_link,-0.0009987497533488826,0.0009987497533488826,foot-ground,True,False
77,left_ankle_roll_link,right_ankle_roll_link,left_ankle_roll_link,right_ankle_roll_link,-0.016112945645801388,0.016112945645801388,self-collision,False,False
77,ground,left_ankle_roll_sphere_2_link,world,left_ankle_roll_sphere_2_link,-0.0006899942044246701,0.0006899942044246701,foot-ground,True,False
77,right_knee_link,right_ankle_roll_link,right_knee_link,right_ankle_roll_link,-0.035533454972493966,0.035533454972493966,self-collision,False,False
77,ground,left_ankle_roll_link,world,left_ankle_roll_link,-0.0014496854600327437,0.0014496854600327437,foot-ground,True,False
77,left_knee_link,left_ankle_roll_link,left_knee_link,left_ankle_roll_link,-0.03676131541627822,0.03676131541627822,self-collision,False,False
77,left_rubber_hand_link,largebox,left_rubber_hand_link,largebox_link,-0.0010995387035648424,0.0010995387035648424,hand-box,True,False
77,ground,left_ankle_roll_sphere_3_link,world,left_ankle_roll_sphere_3_link,-0.0009955142121444637,0.0009955142121444637,foot-ground,True,False
77,ground,left_ankle_roll_sphere_4_link,world,left_ankle_roll_sphere_4_link,-0.0006250075534354081,0.0006250075534354081,foot-ground,True,False
78,right_rubber_hand_link,largebox,right_rubber_hand_link,largebox_link,-0.004698015603724473,0.004698015603724473,hand-box,True,False
78,ground,left_ankle_roll_sphere_5_link,world,left_ankle_roll_sphere_5_link,-0.000805680635050504,0.000805680635050504,foot-ground,True,False
78,torso_link,largebox,torso_link,largebox_link,-0.0009537275318214217,0.0009537275318214217,other-body-box,False,True
78,ground,right_ankle_roll_link,world,right_ankle_roll_link,-0.0010122426963183745,0.0010122426963183745,foot-ground,True,False
78,ground,left_ankle_roll_sphere_1_link,world,left_ankle_roll_sphere_1_link,-0.000998287458804612,0.000998287458804612,foot-ground,True,False
78,left_ankle_roll_link,right_ankle_roll_link,left_ankle_roll_link,right_ankle_roll_link,-0.0056920093330173754,0.0056920093330173754,self-collision,False,False
78,ground,right_ankle_roll_sphere_3_link,world,right_ankle_roll_sphere_3_link,-0.0004972881713190295,0.0004972881713190295,foot-ground,True,False
78,ground,left_ankle_roll_sphere_2_link,world,left_ankle_roll_sphere_2_link,-0.000691244628163847,0.000691244628163847,foot-ground,True,False
78,right_knee_link,right_ankle_roll_link,right_knee_link,right_ankle_roll_link,-0.03620489341207048,0.03620489341207048,self-collision,False,False
78,left_ankle_roll_link,right_ankle_roll_sphere_1_link,left_ankle_roll_link,right_ankle_roll_sphere_1_link,-0.032767428158514855,0.032767428158514855,self-collision,False,False
78,ground,left_ankle_roll_link,world,left_ankle_roll_link,-0.0014483370173402135,0.0014483370173402135,foot-ground,True,False
78,left_knee_link,left_ankle_roll_link,left_knee_link,left_ankle_roll_link,-0.037557065708883036,0.037557065708883036,self-collision,False,False
78,left_rubber_hand_link,largebox,left_rubber_hand_link,largebox_link,-0.0007803609077600693,0.0007803609077600693,hand-box,True,False
78,ground,left_ankle_roll_sphere_3_link,world,left_ankle_roll_sphere_3_link,-0.000994020586954302,0.000994020586954302,foot-ground,True,False
78,ground,left_ankle_roll_sphere_4_link,world,left_ankle_roll_sphere_4_link,-0.0006255691901853834,0.0006255691901853834,foot-ground,True,False
79,right_rubber_hand_link,largebox,right_rubber_hand_link,largebox_link,-0.0010256257284029235,0.0010256257284029235,hand-box,True,False
79,ground,left_ankle_roll_sphere_5_link,world,left_ankle_roll_sphere_5_link,-0.0007689630359312962,0.0007689630359312962,foot-ground,True,False
79,torso_link,largebox,torso_link,largebox_link,-0.0009360849917136455,0.0009360849917136455,other-body-box,False,True
79,ground,right_ankle_roll_link,world,right_ankle_roll_link,-0.0016759079948800576,0.0016759079948800576,foot-ground,True,False
79,ground,left_ankle_roll_sphere_1_link,world,left_ankle_roll_sphere_1_link,-0.0009969744933706953,0.0009969744933706953,foot-ground,True,False
79,ground,left_ankle_roll_sphere_2_link,world,left_ankle_roll_sphere_2_link,-0.0006238646070130692,0.0006238646070130692,foot-ground,True,False
79,right_knee_link,right_ankle_roll_link,right_knee_link,right_ankle_roll_link,-0.03419079221069632,0.03419079221069632,self-collision,False,False
79,ground,left_ankle_roll_link,world,left_ankle_roll_link,-0.001461083043517955,0.001461083043517955,foot-ground,True,False
79,left_knee_link,left_ankle_roll_link,left_knee_link,left_ankle_roll_link,-0.03794132389848057,0.03794132389848057,self-collision,False,False
79,left_rubber_hand_link,largebox,left_rubber_hand_link,largebox_link,-0.0009442311736446718,0.0009442311736446718,hand-box,True,False
79,ground,left_ankle_roll_sphere_3_link,world,left_ankle_roll_sphere_3_link,-0.0009971928113522528,0.0009971928113522528,foot-ground,True,False
79,ground,right_ankle_roll_sphere_1_link,world,right_ankle_roll_sphere_1_link,-0.0009534499837233852,0.0009534499837233852,foot-ground,True,False
79,ground,left_ankle_roll_sphere_4_link,world,left_ankle_roll_sphere_4_link,-0.0005494609477230987,0.0005494609477230987,foot-ground,True,False
80,right_rubber_hand_link,largebox,right_rubber_hand_link,largebox_link,-0.0010110467612000767,0.0010110467612000767,hand-box,True,False
80,ground,left_ankle_roll_sphere_5_link,world,left_ankle_roll_sphere_5_link,-0.0007711351406229526,0.0007711351406229526,foot-ground,True,False
80,torso_link,largebox,torso_link,largebox_link,-0.0009349737120750851,0.0009349737120750851,other-body-box,False,True
80,ground,right_ankle_roll_link,world,right_ankle_roll_link,-0.0013426448853135382,0.0013426448853135382,foot-ground,True,False
80,ground,left_ankle_roll_sphere_1_link,world,left_ankle_roll_sphere_1_link,-0.0009947998412632641,0.0009947998412632641,foot-ground,True,False
80,ground,left_ankle_roll_sphere_2_link,world,left_ankle_roll_sphere_2_link,-0.0006239632501292029,0.0006239632501292029,foot-ground,True,False
80,right_knee_link,right_ankle_roll_link,right_knee_link,right_ankle_roll_link,-0.028052375456935896,0.028052375456935896,self-collision,False,False
80,right_ankle_intermediate_1_link,right_ankle_roll_link,right_ankle_intermediate_1_link,right_ankle_roll_link,-0.002783958347590182,0.002783958347590182,self-collision,False,False
80,ground,left_ankle_roll_link,world,left_ankle_roll_link,-0.0014600202860358194,0.0014600202860358194,foot-ground,True,False
80,left_knee_link,left_ankle_roll_link,left_knee_link,left_ankle_roll_link,-0.03853390851983679,0.03853390851983679,self-collision,False,False
80,left_rubber_hand_link,largebox,left_rubber_hand_link,largebox_link,-0.0014165718643003172,0.0014165718643003172,hand-box,True,False
80,ground,left_ankle_roll_sphere_3_link,world,left_ankle_roll_sphere_3_link,-0.0009976630326795242,0.0009976630326795242,foot-ground,True,False
80,ground,right_ankle_roll_sphere_1_link,world,right_ankle_roll_sphere_1_link,-0.0008005351659710223,0.0008005351659710223,foot-ground,True,False
80,ground,left_ankle_roll_sphere_4_link,world,left_ankle_roll_sphere_4_link,-0.00055265912331865,0.00055265912331865,foot-ground,True,False
81,ground,right_ankle_roll_sphere_2_link,world,right_ankle_roll_sphere_2_link,-0.00016841518006538696,0.00016841518006538696,foot-ground,True,False
81,right_rubber_hand_link,largebox,right_rubber_hand_link,largebox_link,-0.0010016233502127547,0.0010016233502127547,hand-box,True,False
81,ground,left_ankle_roll_sphere_5_link,world,left_ankle_roll_sphere_5_link,-0.0007687839004904681,0.0007687839004904681,foot-ground,True,False
81,torso_link,largebox,torso_link,largebox_link,-0.0009535521288186327,0.0009535521288186327,other-body-box,False,True
81,ground,right_ankle_roll_link,world,right_ankle_roll_link,-0.0012778560578815268,0.0012778560578815268,foot-ground,True,False
81,ground,left_ankle_roll_sphere_1_link,world,left_ankle_roll_sphere_1_link,-0.0009891186671101447,0.0009891186671101447,foot-ground,True,False
81,ground,right_ankle_roll_sphere_3_link,world,right_ankle_roll_sphere_3_link,-0.000817189109746679,0.000817189109746679,foot-ground,True,False
81,ground,left_ankle_roll_sphere_2_link,world,left_ankle_roll_sphere_2_link,-0.0006194668882538298,0.0006194668882538298,foot-ground,True,False
81,ground,right_ankle_roll_sphere_4_link,world,right_ankle_roll_sphere_4_link,-0.0001552765725454019,0.0001552765725454019,foot-ground,True,False
81,ground,right_ankle_roll_sphere_5_link,world,right_ankle_roll_sphere_5_link,-0.000491176461214291,0.000491176461214291,foot-ground,True,False
81,right_knee_link,right_ankle_roll_link,right_knee_link,right_ankle_roll_link,-0.02354083683344399,0.02354083683344399,self-collision,False,False
81,right_ankle_intermediate_1_link,right_ankle_roll_link,right_ankle_intermediate_1_link,right_ankle_roll_link,-0.0022974212063101296,0.0022974212063101296,self-collision,False,False
81,ground,left_ankle_roll_link,world,left_ankle_roll_link,-0.001455461467883147,0.001455461467883147,foot-ground,True,False
81,left_knee_link,left_ankle_roll_link,left_knee_link,left_ankle_roll_link,-0.03881250562536662,0.03881250562536662,self-collision,False,False
81,left_rubber_hand_link,largebox,left_rubber_hand_link,largebox_link,-0.0014952385627726716,0.0014952385627726716,hand-box,True,False
81,ground,left_ankle_roll_sphere_3_link,world,left_ankle_roll_sphere_3_link,-0.0009943127443507302,0.0009943127443507302,foot-ground,True,False
81,ground,right_ankle_roll_sphere_1_link,world,right_ankle_roll_sphere_1_link,-0.0007200089610664524,0.0007200089610664524,foot-ground,True,False
81,ground,left_ankle_roll_sphere_4_link,world,left_ankle_roll_sphere_4_link,-0.0005507306097231523,0.0005507306097231523,foot-ground,True,False
82,ground,right_ankle_roll_sphere_2_link,world,right_ankle_roll_sphere_2_link,-0.0003172821674902,0.0003172821674902,foot-ground,True,False
82,right_rubber_hand_link,largebox,right_rubber_hand_link,largebox_link,-0.0010156887183270097,0.0010156887183270097,hand-box,True,False
82,ground,left_ankle_roll_sphere_5_link,world,left_ankle_roll_sphere_5_link,-0.0007740901137090602,0.0007740901137090602,foot-ground,True,False
82,torso_link,largebox,torso_link,largebox_link,-0.0009568517176066355,0.0009568517176066355,other-body-box,False,True
82,ground,right_ankle_roll_link,world,right_ankle_roll_link,-0.0007656627956554585,0.0007656627956554585,foot-ground,True,False
82,ground,left_ankle_roll_sphere_1_link,world,left_ankle_roll_sphere_1_link,-0.0009975558698939657,0.0009975558698939657,foot-ground,True,False
82,ground,left_ankle_roll_sphere_2_link,world,left_ankle_roll_sphere_2_link,-0.0006314769940497121,0.0006314769940497121,foot-ground,True,False
82,right_knee_link,right_ankle_roll_link,right_knee_link,right_ankle_roll_link,-0.021641302787190134,0.021641302787190134,self-collision,False,False
82,right_ankle_intermediate_1_link,right_ankle_roll_link,right_ankle_intermediate_1_link,right_ankle_roll_link,-0.0047415404440166176,0.0047415404440166176,self-collision,False,False
82,ground,left_ankle_roll_link,world,left_ankle_roll_link,-0.0014605653715898705,0.0014605653715898705,foot-ground,True,False
82,left_knee_link,left_ankle_roll_link,left_knee_link,left_ankle_roll_link,-0.03926115999415691,0.03926115999415691,self-collision,False,False
82,left_rubber_hand_link,largebox,left_rubber_hand_link,largebox_link,-0.0015062122288658913,0.0015062122288658913,hand-box,True,False
82,ground,left_ankle_roll_sphere_3_link,world,left_ankle_roll_sphere_3_link,-0.0009979928411380122,0.0009979928411380122,foot-ground,True,False
82,ground,left_ankle_roll_sphere_4_link,world,left_ankle_roll_sphere_4_link,-0.0005586981901249078,0.0005586981901249078,foot-ground,True,False
83,ground,right_ankle_roll_sphere_2_link,world,right_ankle_roll_sphere_2_link,-0.0009394958636298632,0.0009394958636298632,foot-ground,True,False
83,right_rubber_hand_link,largebox,right_rubber_hand_link,largebox_link,-0.0010281609588498192,0.0010281609588498192,hand-box,True,False
83,ground,left_ankle_roll_sphere_5_link,world,left_ankle_roll_sphere_5_link,-0.0005578513234069096,0.0005578513234069096,foot-ground,True,False
83,torso_link,largebox,torso_link,largebox_link,-0.0008831363933195779,0.0008831363933195779,other-body-box,False,True
83,ground,right_ankle_roll_link,world,right_ankle_roll_link,-0.0015651835799263304,0.0015651835799263304,foot-ground,True,False
83,ground,left_ankle_roll_sphere_1_link,world,left_ankle_roll_sphere_1_link,-0.0009977252718653814,0.0009977252718653814,foot-ground,True,False
83,ground,left_ankle_roll_sphere_2_link,world,left_ankle_roll_sphere_2_link,-0.0009024214946901045,0.0009024214946901045,foot-ground,True,False
83,right_knee_link,right_ankle_roll_link,right_knee_link,right_ankle_roll_link,-0.020613967642364298,0.020613967642364298,self-collision,False,False
83,right_ankle_intermediate_1_link,right_ankle_roll_link,right_ankle_intermediate_1_link,right_ankle_roll_link,-0.0051306251710711015,0.0051306251710711015,self-collision,False,False
83,ground,left_ankle_roll_link,world,left_ankle_roll_link,-0.0014057582312727648,0.0014057582312727648,foot-ground,True,False
83,left_knee_link,left_ankle_roll_link,left_knee_link,left_ankle_roll_link,-0.04009673767760405,0.04009673767760405,self-collision,False,False
83,left_rubber_hand_link,largebox,left_rubber_hand_link,largebox_link,-0.0010737149231946075,0.0010737149231946075,hand-box,True,False
83,ground,left_ankle_roll_sphere_3_link,world,left_ankle_roll_sphere_3_link,-0.0006563201223300568,0.0006563201223300568,foot-ground,True,False
83,ground,left_ankle_roll_sphere_4_link,world,left_ankle_roll_sphere_4_link,-0.0005419555897197273,0.0005419555897197273,foot-ground,True,False
84,ground,right_ankle_roll_sphere_2_link,world,right_ankle_roll_sphere_2_link,-0.0009868619921758219,0.0009868619921758219,foot-ground,True,False
84,right_rubber_hand_link,largebox,right_rubber_hand_link,largebox_link,-0.0010030657362425366,0.0010030657362425366,hand-box,True,False
84,ground,left_ankle_roll_sphere_5_link,world,left_ankle_roll_sphere_5_link,-0.0005856497391365607,0.0005856497391365607,foot-ground,True,False
84,torso_link,largebox,torso_link,largebox_link,-0.0009572476471852998,0.0009572476471852998,other-body-box,False,True
84,ground,right_ankle_roll_link,world,right_ankle_roll_link,-0.0017151358611760398,0.0017151358611760398,foot-ground,True,False
84,right_knee_link,right_ankle_roll_link,right_knee_link,right_ankle_roll_link,-0.021053769217544926,0.021053769217544926,self-collision,False,False
84,right_ankle_intermediate_1_link,right_ankle_roll_link,right_ankle_intermediate_1_link,right_ankle_roll_link,-0.004959934450470008,0.004959934450470008,self-collision,False,False
84,ground,left_ankle_roll_link,world,left_ankle_roll_link,-0.0010046514270970579,0.0010046514270970579,foot-ground,True,False
84,left_knee_link,left_ankle_roll_link,left_knee_link,left_ankle_roll_link,-0.04067395924237674,0.04067395924237674,self-collision,False,False
84,left_rubber_hand_link,largebox,left_rubber_hand_link,largebox_link,-0.00105781746669191,0.00105781746669191,hand-box,True,False
84,ground,left_ankle_roll_sphere_3_link,world,left_ankle_roll_sphere_3_link,-0.0003620440050127209,0.0003620440050127209,foot-ground,True,False
84,ground,left_ankle_roll_sphere_4_link,world,left_ankle_roll_sphere_4_link,-0.00024791034505227804,0.00024791034505227804,foot-ground,True,False
85,ground,right_ankle_roll_sphere_2_link,world,right_ankle_roll_sphere_2_link,-0.0009904141805724227,0.0009904141805724227,foot-ground,True,False
85,right_rubber_hand_link,largebox,right_rubber_hand_link,largebox_link,-0.001008151137536023,0.001008151137536023,hand-box,True,False
85,torso_link,largebox,torso_link,largebox_link,-0.0009270489730717618,0.0009270489730717618,other-body-box,False,True
85,ground,right_ankle_roll_link,world,right_ankle_roll_link,-0.0017109559239790288,0.0017109559239790288,foot-ground,True,False
85,right_knee_link,right_ankle_roll_link,right_knee_link,right_ankle_roll_link,-0.021934252816429245,0.021934252816429245,self-collision,False,False
85,right_ankle_intermediate_1_link,right_ankle_roll_link,right_ankle_intermediate_1_link,right_ankle_roll_link,-0.004560040431701981,0.004560040431701981,self-collision,False,False
85,left_knee_link,left_ankle_roll_link,left_knee_link,left_ankle_roll_link,-0.04087044168669193,0.04087044168669193,self-collision,False,False
85,left_rubber_hand_link,largebox,left_rubber_hand_link,largebox_link,-0.0009862656731841613,0.0009862656731841613,hand-box,True,False
86,ground,right_ankle_roll_sphere_2_link,world,right_ankle_roll_sphere_2_link,-0.000989656160861943,0.000989656160861943,foot-ground,True,False
86,right_rubber_hand_link,largebox,right_rubber_hand_link,largebox_link,-0.0007677893248341644,0.0007677893248341644,hand-box,True,False
86,torso_link,largebox,torso_link,largebox_link,-0.0009191830461271616,0.0009191830461271616,other-body-box,False,True
86,ground,right_ankle_roll_link,world,right_ankle_roll_link,-0.0017014003728013545,0.0017014003728013545,foot-ground,True,False
86,right_knee_link,right_ankle_roll_link,right_knee_link,right_ankle_roll_link,-0.022849954818319862,0.022849954818319862,self-collision,False,False
86,right_ankle_intermediate_1_link,right_ankle_roll_link,right_ankle_intermediate_1_link,right_ankle_roll_link,-0.0019572065851190396,0.0019572065851190396,self-collision,False,False
86,left_knee_link,left_ankle_roll_link,left_knee_link,left_ankle_roll_link,-0.04122219256925089,0.04122219256925089,self-collision,False,False
86,left_rubber_hand_link,largebox,left_rubber_hand_link,largebox_link,-0.001651999382551339,0.001651999382551339,hand-box,True,False
87,ground,right_ankle_roll_sphere_2_link,world,right_ankle_roll_sphere_2_link,-0.0009921048288551474,0.0009921048288551474,foot-ground,True,False
87,right_rubber_hand_link,largebox,right_rubber_hand_link,largebox_link,-0.0013010387927299139,0.0013010387927299139,hand-box,True,False
87,torso_link,largebox,torso_link,largebox_link,-0.0009032535487551174,0.0009032535487551174,other-body-box,False,True
87,ground,right_ankle_roll_link,world,right_ankle_roll_link,-0.0016658103478515048,0.0016658103478515048,foot-ground,True,False
87,right_knee_link,right_ankle_roll_link,right_knee_link,right_ankle_roll_link,-0.024145745486423467,0.024145745486423467,self-collision,False,False
87,right_ankle_intermediate_1_link,right_ankle_roll_link,right_ankle_intermediate_1_link,right_ankle_roll_link,-0.0024433868973612605,0.0024433868973612605,self-collision,False,False
87,left_knee_link,left_ankle_roll_link,left_knee_link,left_ankle_roll_link,-0.04164710884697251,0.04164710884697251,self-collision,False,False
87,left_rubber_hand_link,largebox,left_rubber_hand_link,largebox_link,-0.00204098195390022,0.00204098195390022,hand-box,True,False
88,ground,right_ankle_roll_sphere_2_link,world,right_ankle_roll_sphere_2_link,-0.0009902929826651292,0.0009902929826651292,foot-ground,True,False
88,right_rubber_hand_link,largebox,right_rubber_hand_link,largebox_link,-0.0017253214913059839,0.0017253214913059839,hand-box,True,False
88,torso_link,largebox,torso_link,largebox_link,-0.0008931963360100936,0.0008931963360100936,other-body-box,False,True
88,ground,right_ankle_roll_link,world,right_ankle_roll_link,-0.0016293255403120911,0.0016293255403120911,foot-ground,True,False
88,right_knee_link,right_ankle_roll_link,right_knee_link,right_ankle_roll_link,-0.025705856075213862,0.025705856075213862,self-collision,False,False
88,right_ankle_intermediate_1_link,right_ankle_roll_link,right_ankle_intermediate_1_link,right_ankle_roll_link,-0.0031466866441099556,0.0031466866441099556,self-collision,False,False
88,left_knee_link,left_ankle_roll_link,left_knee_link,left_ankle_roll_link,-0.04234714871831194,0.04234714871831194,self-collision,False,False
88,left_rubber_hand_link,largebox,left_rubber_hand_link,largebox_link,-0.002430954335853039,0.002430954335853039,hand-box,True,False
89,ground,right_ankle_roll_sphere_2_link,world,right_ankle_roll_sphere_2_link,-0.0009429149396742885,0.0009429149396742885,foot-ground,True,False
89,right_rubber_hand_link,largebox,right_rubber_hand_link,largebox_link,-0.0023749096345091203,0.0023749096345091203,hand-box,True,False
89,left_knee_link,left_ankle_roll_link,left_knee_link,left_ankle_roll_link,-0.03991961933333932,0.03991961933333932,self-collision,False,False
89,torso_link,largebox,torso_link,largebox_link,-0.0009311883215186167,0.0009311883215186167,other-body-box,False,True
89,left_rubber_hand_link,largebox,left_rubber_hand_link,largebox_link,-0.0010266859323564553,0.0010266859323564553,hand-box,True,False
89,ground,right_ankle_roll_link,world,right_ankle_roll_link,-0.001508368539166749,0.001508368539166749,foot-ground,True,False
89,right_knee_link,right_ankle_roll_link,right_knee_link,right_ankle_roll_link,-0.02855199579502557,0.02855199579502557,self-collision,False,False
89,right_ankle_intermediate_1_link,right_ankle_roll_link,right_ankle_intermediate_1_link,right_ankle_roll_link,-0.0033430158031109852,0.0033430158031109852,self-collision,False,False
90,ground,right_ankle_roll_sphere_2_link,world,right_ankle_roll_sphere_2_link,-0.0009875579700823573,0.0009875579700823573,foot-ground,True,False
90,right_rubber_hand_link,largebox,right_rubber_hand_link,largebox_link,-0.0006504703263257999,0.0006504703263257999,hand-box,True,False
90,left_knee_link,left_ankle_roll_link,left_knee_link,left_ankle_roll_link,-0.03622434176224579,0.03622434176224579,self-collision,False,False
90,torso_link,largebox,torso_link,largebox_link,-0.0008881954805548264,0.0008881954805548264,other-body-box,False,True
90,left_rubber_hand_link,largebox,left_rubber_hand_link,largebox_link,-0.0034361560690804593,0.0034361560690804593,hand-box,True,False
90,ground,right_ankle_roll_link,world,right_ankle_roll_link,-0.0014835796069533336,0.0014835796069533336,foot-ground,True,False
90,right_knee_link,right_ankle_roll_link,right_knee_link,right_ankle_roll_link,-0.03043632640237487,0.03043632640237487,self-collision,False,False
90,right_ankle_intermediate_1_link,right_ankle_roll_link,right_ankle_intermediate_1_link,right_ankle_roll_link,-0.003168653800053489,0.003168653800053489,self-collision,False,False
91,ground,right_ankle_roll_sphere_4_link,world,right_ankle_roll_sphere_4_link,-0.0002562348349789542,0.0002562348349789542,foot-ground,True,False
91,ground,right_ankle_roll_sphere_2_link,world,right_ankle_roll_sphere_2_link,-0.0010010534079228734,0.0010010534079228734,foot-ground,True,False
91,right_rubber_hand_link,largebox,right_rubber_hand_link,largebox_link,-0.0020598253389629284,0.0020598253389629284,hand-box,True,False
91,left_knee_link,left_ankle_roll_link,left_knee_link,left_ankle_roll_link,-0.03230093263212627,0.03230093263212627,self-collision,False,False
91,torso_link,largebox,torso_link,largebox_link,-0.0009411946620455497,0.0009411946620455497,other-body-box,False,True
91,left_rubber_hand_link,largebox,left_rubber_hand_link,largebox_link,-0.0001794628459169112,0.0001794628459169112,hand-box,True,False
91,left_ankle_intermediate_1_link,left_ankle_roll_link,left_ankle_intermediate_1_link,left_ankle_roll_link,-0.0019375899552168674,0.0019375899552168674,self-collision,False,False
91,ground,right_ankle_roll_link,world,right_ankle_roll_link,-0.0014533713360996396,0.0014533713360996396,foot-ground,True,False
91,right_knee_link,right_ankle_roll_link,right_knee_link,right_ankle_roll_link,-0.03202298053515237,0.03202298053515237,self-collision,False,False
91,right_ankle_intermediate_1_link,right_ankle_roll_link,right_ankle_intermediate_1_link,right_ankle_roll_link,-0.003058478834700909,0.003058478834700909,self-collision,False,False
92,ground,right_ankle_roll_sphere_4_link,world,right_ankle_roll_sphere_4_link,-0.0005561904376845629,0.0005561904376845629,foot-ground,True,False
92,ground,right_ankle_roll_sphere_2_link,world,right_ankle_roll_sphere_2_link,-0.0009981547981651765,0.0009981547981651765,foot-ground,True,False
92,right_rubber_hand_link,largebox,right_rubber_hand_link,largebox_link,-0.0015727302184462694,0.0015727302184462694,hand-box,True,False
92,left_knee_link,left_ankle_roll_link,left_knee_link,left_ankle_roll_link,-0.030251203018810457,0.030251203018810457,self-collision,False,False
92,torso_link,largebox,torso_link,largebox_link,-0.0009724640535889728,0.0009724640535889728,other-body-box,False,True
92,left_rubber_hand_link,largebox,left_rubber_hand_link,largebox_link,-0.0008999504696236282,0.0008999504696236282,hand-box,True,False
92,left_ankle_intermediate_1_link,left_ankle_roll_link,left_ankle_intermediate_1_link,left_ankle_roll_link,-0.0019414980482566069,0.0019414980482566069,self-collision,False,False
92,ground,right_ankle_roll_link,world,right_ankle_roll_link,-0.001405040410303142,0.001405040410303142,foot-ground,True,False
92,ground,right_ankle_roll_sphere_5_link,world,right_ankle_roll_sphere_5_link,-0.0002815944532520145,0.0002815944532520145,foot-ground,True,False
92,right_knee_link,right_ankle_roll_link,right_knee_link,right_ankle_roll_link,-0.03335987865465537,0.03335987865465537,self-collision,False,False
92,right_ankle_intermediate_1_link,right_ankle_roll_link,right_ankle_intermediate_1_link,right_ankle_roll_link,-0.00295472550065852,0.00295472550065852,self-collision,False,False
92,ground,right_ankle_roll_sphere_3_link,world,right_ankle_roll_sphere_3_link,-0.00011955162833162444,0.00011955162833162444,foot-ground,True,False
92,ground,right_ankle_roll_sphere_1_link,world,right_ankle_roll_sphere_1_link,-0.0006342891237043928,0.0006342891237043928,foot-ground,True,False
93,ground,right_ankle_roll_sphere_2_link,world,right_ankle_roll_sphere_2_link,-0.0009965554712067738,0.0009965554712067738,foot-ground,True,False
93,right_rubber_hand_link,largebox,right_rubber_hand_link,largebox_link,-0.0009276497599458866,0.0009276497599458866,hand-box,True,False
93,left_ankle_intermediate_1_link,left_ankle_roll_link,left_ankle_intermediate_1_link,left_ankle_roll_link,-0.002209505162631409,0.002209505162631409,self-collision,False,False
93,torso_link,largebox,torso_link,largebox_link,-0.0009695336706717489,0.0009695336706717489,other-body-box,False,True
93,ground,right_ankle_roll_link,world,right_ankle_roll_link,-0.0014490915776183416,0.0014490915776183416,foot-ground,True,False
93,ground,right_ankle_roll_sphere_3_link,world,right_ankle_roll_sphere_3_link,-0.0006237021497315703,0.0006237021497315703,foot-ground,True,False
93,ground,right_ankle_roll_sphere_4_link,world,right_ankle_roll_sphere_4_link,-0.000995737855403414,0.000995737855403414,foot-ground,True,False
93,ground,right_ankle_roll_sphere_5_link,world,right_ankle_roll_sphere_5_link,-0.0008059764035938449,0.0008059764035938449,foot-ground,True,False
93,right_knee_link,right_ankle_roll_link,right_knee_link,right_ankle_roll_link,-0.03422970938344297,0.03422970938344297,self-collision,False,False
93,left_knee_link,left_ankle_roll_link,left_knee_link,left_ankle_roll_link,-0.03133232368746522,0.03133232368746522,self-collision,False,False
93,left_rubber_hand_link,largebox,left_rubber_hand_link,largebox_link,-0.0008330338174828561,0.0008330338174828561,hand-box,True,False
93,ground,right_ankle_roll_sphere_1_link,world,right_ankle_roll_sphere_1_link,-0.0006865257164802357,0.0006865257164802357,foot-ground,True,False
94,ground,right_ankle_roll_sphere_2_link,world,right_ankle_roll_sphere_2_link,-0.000646041316520094,0.000646041316520094,foot-ground,True,False
94,right_rubber_hand_link,largebox,right_rubber_hand_link,largebox_link,-0.0018473693592141877,0.0018473693592141877,hand-box,True,False
94,left_ankle_intermediate_1_link,left_ankle_roll_link,left_ankle_intermediate_1_link,left_ankle_roll_link,-0.0025213295896094196,0.0025213295896094196,self-collision,False,False
94,torso_link,largebox,torso_link,largebox_link,-0.0009863132137430536,0.0009863132137430536,other-body-box,False,True
94,ground,right_ankle_roll_link,world,right_ankle_roll_link,-0.0014088666282082753,0.0014088666282082753,foot-ground,True,False
94,ground,right_ankle_roll_sphere_3_link,world,right_ankle_roll_sphere_3_link,-0.0009160445352957179,0.0009160445352957179,foot-ground,True,False
94,ground,right_ankle_roll_sphere_4_link,world,right_ankle_roll_sphere_4_link,-0.000996530790698137,0.000996530790698137,foot-ground,True,False
94,ground,right_ankle_roll_sphere_5_link,world,right_ankle_roll_sphere_5_link,-0.000996732637847264,0.000996732637847264,foot-ground,True,False
94,right_knee_link,right_ankle_roll_link,right_knee_link,right_ankle_roll_link,-0.03504837042471015,0.03504837042471015,self-collision,False,False
94,left_knee_link,left_ankle_roll_link,left_knee_link,left_ankle_roll_link,-0.03315842211111247,0.03315842211111247,self-collision,False,False
94,left_rubber_hand_link,largebox,left_rubber_hand_link,largebox_link,-0.0007842779125967481,0.0007842779125967481,hand-box,True,False
94,ground,right_ankle_roll_sphere_1_link,world,right_ankle_roll_sphere_1_link,-0.0005789694370180792,0.0005789694370180792,foot-ground,True,False
95,ground,right_ankle_roll_sphere_2_link,world,right_ankle_roll_sphere_2_link,-0.0006508756049355925,0.0006508756049355925,foot-ground,True,False
95,right_rubber_hand_link,largebox,right_rubber_hand_link,largebox_link,-0.0018384056658844738,0.0018384056658844738,hand-box,True,False
95,torso_link,largebox,torso_link,largebox_link,-0.00098572703223046,0.00098572703223046,other-body-box,False,True
95,ground,right_ankle_roll_link,world,right_ankle_roll_link,-0.0014079974001544107,0.0014079974001544107,foot-ground,True,False
95,left_ankle_roll_link,right_ankle_roll_link,left_ankle_roll_link,right_ankle_roll_link,-0.006536341655453803,0.006536341655453803,self-collision,False,False
95,ground,right_ankle_roll_sphere_3_link,world,right_ankle_roll_sphere_3_link,-0.0009169356950409933,0.0009169356950409933,foot-ground,True,False
95,ground,right_ankle_roll_sphere_4_link,world,right_ankle_roll_sphere_4_link,-0.0009958802849675602,0.0009958802849675602,foot-ground,True,False
95,ground,right_ankle_roll_sphere_5_link,world,right_ankle_roll_sphere_5_link,-0.0009962228093224846,0.0009962228093224846,foot-ground,True,False
95,right_knee_link,right_ankle_roll_link,right_knee_link,right_ankle_roll_link,-0.03599305436102093,0.03599305436102093,self-collision,False,False
95,left_knee_link,left_ankle_roll_link,left_knee_link,left_ankle_roll_link,-0.03494962653398703,0.03494962653398703,self-collision,False,False
95,left_rubber_hand_link,largebox,left_rubber_hand_link,largebox_link,-0.0007644017444936174,0.0007644017444936174,hand-box,True,False
95,ground,right_ankle_roll_sphere_1_link,world,right_ankle_roll_sphere_1_link,-0.0005850884466634529,0.0005850884466634529,foot-ground,True,False
96,ground,right_ankle_roll_sphere_2_link,world,right_ankle_roll_sphere_2_link,-0.0006595083322875469,0.0006595083322875469,foot-ground,True,False
96,right_rubber_hand_link,largebox,right_rubber_hand_link,largebox_link,-0.0017574547924089773,0.0017574547924089773,hand-box,True,False
96,torso_link,largebox,torso_link,largebox_link,-0.0009746249260245421,0.0009746249260245421,other-body-box,False,True
96,ground,right_ankle_roll_link,world,right_ankle_roll_link,-0.001408537588220727,0.001408537588220727,foot-ground,True,False
96,left_ankle_roll_link,right_ankle_roll_link,left_ankle_roll_link,right_ankle_roll_link,-0.013572699518424769,0.013572699518424769,self-collision,False,False
96,ground,right_ankle_roll_sphere_3_link,world,right_ankle_roll_sphere_3_link,-0.0009196061427902682,0.0009196061427902682,foot-ground,True,False
96,ground,right_ankle_roll_sphere_4_link,world,right_ankle_roll_sphere_4_link,-0.0009968117079179667,0.0009968117079179667,foot-ground,True,False
96,ground,right_ankle_roll_sphere_5_link,world,right_ankle_roll_sphere_5_link,-0.0009971347581231088,0.0009971347581231088,foot-ground,True,False
96,right_knee_link,right_ankle_roll_link,right_knee_link,right_ankle_roll_link,-0.03694594844299734,0.03694594844299734,self-collision,False,False
96,left_knee_link,left_ankle_roll_link,left_knee_link,left_ankle_roll_link,-0.03580749663724908,0.03580749663724908,self-collision,False,False
96,left_rubber_hand_link,largebox,left_rubber_hand_link,largebox_link,-0.0007101341703473346,0.0007101341703473346,hand-box,True,False
96,ground,right_ankle_roll_sphere_1_link,world,right_ankle_roll_sphere_1_link,-0.0005951703613477971,0.0005951703613477971,foot-ground,True,False
97,ground,right_ankle_roll_sphere_2_link,world,right_ankle_roll_sphere_2_link,-0.0006586116825984213,0.0006586116825984213,foot-ground,True,False
97,right_rubber_hand_link,largebox,right_rubber_hand_link,largebox_link,-0.0018044920995395758,0.0018044920995395758,hand-box,True,False
97,torso_link,largebox,torso_link,largebox_link,-0.0009471046177753628,0.0009471046177753628,other-body-box,False,True
97,left_ankle_roll_link,right_ankle_pitch_link,left_ankle_roll_link,right_ankle_pitch_link,-0.0026588949985437427,0.0026588949985437427,self-collision,False,False
97,ground,right_ankle_roll_link,world,right_ankle_roll_link,-0.0014091086536216768,0.0014091086536216768,foot-ground,True,False
97,left_ankle_roll_link,right_ankle_roll_link,left_ankle_roll_link,right_ankle_roll_link,-0.023874112042050602,0.023874112042050602,self-collision,False,False
97,ground,right_ankle_roll_sphere_3_link,world,right_ankle_roll_sphere_3_link,-0.0009197169201049715,0.0009197169201049715,foot-ground,True,False
97,ground,right_ankle_roll_sphere_4_link,world,right_ankle_roll_sphere_4_link,-0.0009973280859850537,0.0009973280859850537,foot-ground,True,False
97,ground,right_ankle_roll_sphere_5_link,world,right_ankle_roll_sphere_5_link,-0.0009976105978955962,0.0009976105978955962,foot-ground,True,False
97,right_knee_link,right_ankle_roll_link,right_knee_link,right_ankle_roll_link,-0.03779621808112235,0.03779621808112235,self-collision,False,False
97,left_ankle_roll_sphere_2_link,right_ankle_pitch_link,left_ankle_roll_sphere_2_link,right_ankle_pitch_link,-0.000750075381784579,0.000750075381784579,self-collision,False,False
97,left_ankle_roll_link,right_ankle_roll_sphere_1_link,left_ankle_roll_link,right_ankle_roll_sphere_1_link,-0.0047454441007375725,0.0047454441007375725,self-collision,False,False
97,ground,left_ankle_roll_link,world,left_ankle_roll_link,-0.0009788714580584307,0.0009788714580584307,foot-ground,True,False
97,left_knee_link,left_ankle_roll_link,left_knee_link,left_ankle_roll_link,-0.035135572688192535,0.035135572688192535,self-collision,False,False
97,left_rubber_hand_link,largebox,left_rubber_hand_link,largebox_link,-0.0008396051494217044,0.0008396051494217044,hand-box,True,False
97,left_ankle_roll_link,right_knee_link,left_ankle_roll_link,right_knee_link,-0.009442545150398343,0.009442545150398343,self-collision,False,False
97,ground,right_ankle_roll_sphere_1_link,world,right_ankle_roll_sphere_1_link,-0.0005939357110316878,0.0005939357110316878,foot-ground,True,False
97,ground,left_ankle_roll_sphere_4_link,world,left_ankle_roll_sphere_4_link,-0.00045099279614865383,0.00045099279614865383,foot-ground,True,False
97,left_ankle_roll_sphere_2_link,right_ankle_roll_link,left_ankle_roll_sphere_2_link,right_ankle_roll_link,-0.03455278751078192,0.03455278751078192,self-collision,False,False
98,ground,right_ankle_roll_sphere_2_link,world,right_ankle_roll_sphere_2_link,-0.0006587021821082865,0.0006587021821082865,foot-ground,True,False
98,right_rubber_hand_link,largebox,right_rubber_hand_link,largebox_link,-0.0044609823666832,0.0044609823666832,hand-box,True,False
98,torso_link,largebox,torso_link,largebox_link,-0.0009738671622716993,0.0009738671622716993,other-body-box,False,True
98,ground,right_ankle_roll_link,world,right_ankle_roll_link,-0.0014088289632374768,0.0014088289632374768,foot-ground,True,False
98,ground,right_ankle_roll_sphere_3_link,world,right_ankle_roll_sphere_3_link,-0.0009192905858343937,0.0009192905858343937,foot-ground,True,False
98,ground,right_ankle_roll_sphere_4_link,world,right_ankle_roll_sphere_4_link,-0.0009971200131165111,0.0009971200131165111,foot-ground,True,False
98,ground,right_ankle_roll_sphere_5_link,world,right_ankle_roll_sphere_5_link,-0.0009972561283462028,0.0009972561283462028,foot-ground,True,False
98,right_knee_link,right_ankle_roll_link,right_knee_link,right_ankle_roll_link,-0.0380388050184593,0.0380388050184593,self-collision,False,False
98,ground,left_ankle_roll_link,world,left_ankle_roll_link,-0.0018555857648222054,0.0018555857648222054,foot-ground,True,False
98,left_knee_link,left_ankle_roll_link,left_knee_link,left_ankle_roll_link,-0.03427704483676208,0.03427704483676208,self-collision,False,False
98,left_rubber_hand_link,largebox,left_rubber_hand_link,largebox_link,-0.0007715121563855037,0.0007715121563855037,hand-box,True,False
98,ground,right_ankle_roll_sphere_1_link,world,right_ankle_roll_sphere_1_link,-0.0005938443260398571,0.0005938443260398571,foot-ground,True,False
98,ground,left_ankle_roll_sphere_4_link,world,left_ankle_roll_sphere_4_link,-0.0009679741443485322,0.0009679741443485322,foot-ground,True,False
99,ground,right_ankle_roll_sphere_2_link,world,right_ankle_roll_sphere_2_link,-0.0006548883538749313,0.0006548883538749313,foot-ground,True,False
99,right_rubber_hand_link,largebox,right_rubber_hand_link,largebox_link,-0.0043229615453227455,0.0043229615453227455,hand-box,True,False
99,left_ankle_intermediate_1_link,left_ankle_roll_link,left_ankle_intermediate_1_link,left_ankle_roll_link,-0.002951449724953134,0.002951449724953134,self-collision,False,False
99,torso_link,largebox,torso_link,largebox_link,-0.0009210559129254753,0.0009210559129254753,other-body-box,False,True
99,ground,right_ankle_roll_link,world,right_ankle_roll_link,-0.0014070159454388047,0.0014070159454388047,foot-ground,True,False
99,ground,right_ankle_roll_sphere_3_link,world,right_ankle_roll_sphere_3_link,-0.0009187704378937197,0.0009187704378937197,foot-ground,True,False
99,ground,left_ankle_roll_sphere_2_link,world,left_ankle_roll_sphere_2_link,-0.000207007781083182,0.000207007781083182,foot-ground,True,False
99,ground,right_ankle_roll_sphere_4_link,world,right_ankle_roll_sphere_4_link,-0.0009948071839736656,0.0009948071839736656,foot-ground,True,False
99,ground,right_ankle_roll_sphere_5_link,world,right_ankle_roll_sphere_5_link,-0.0009960338032386417,0.0009960338032386417,foot-ground,True,False
99,right_knee_link,right_ankle_roll_link,right_knee_link,right_ankle_roll_link,-0.03825489502322865,0.03825489502322865,self-collision,False,False
99,ground,left_ankle_roll_link,world,left_ankle_roll_link,-0.001851609695952796,0.001851609695952796,foot-ground,True,False
99,left_knee_link,left_ankle_roll_link,left_knee_link,left_ankle_roll_link,-0.029814220569700844,0.029814220569700844,self-collision,False,False
99,left_rubber_hand_link,largebox,left_rubber_hand_link,largebox_link,-0.0006631589400298843,0.0006631589400298843,hand-box,True,False
99,ground,right_ankle_roll_sphere_1_link,world,right_ankle_roll_sphere_1_link,-0.000591524398808308,0.000591524398808308,foot-ground,True,False
99,ground,left_ankle_roll_sphere_4_link,world,left_ankle_roll_sphere_4_link,-0.0009589864916581979,0.0009589864916581979,foot-ground,True,False
100,ground,right_ankle_roll_sphere_2_link,world,right_ankle_roll_sphere_2_link,-0.0006525912339703328,0.0006525912339703328,foot-ground,True,False
100,ground,left_ankle_roll_sphere_5_link,world,left_ankle_roll_sphere_5_link,-0.000301701010653836,0.000301701010653836,foot-ground,True,False
100,left_ankle_intermediate_1_link,left_ankle_roll_link,left_ankle_intermediate_1_link,left_ankle_roll_link,-0.002780631624052246,0.002780631624052246,self-collision,False,False
100,torso_link,largebox,torso_link,largebox_link,-0.0009719045314682262,0.0009719045314682262,other-body-box,False,True
100,ground,right_ankle_roll_link,world,right_ankle_roll_link,-0.0014062620021015396,0.0014062620021015396,foot-ground,True,False
100,ground,left_ankle_roll_sphere_1_link,world,left_ankle_roll_sphere_1_link,-0.00031653874558709976,0.00031653874558709976,foot-ground,True,False
100,ground,right_ankle_roll_sphere_3_link,world,right_ankle_roll_sphere_3_link,-0.0009179183761447258,0.0009179183761447258,foot-ground,True,False
100,ground,left_ankle_roll_sphere_2_link,world,left_ankle_roll_sphere_2_link,-0.0009423705991538868,0.0009423705991538868,foot-ground,True,False
100,ground,right_ankle_roll_sphere_4_link,world,right_ankle_roll_sphere_4_link,-0.000993908059578912,0.000993908059578912,foot-ground,True,False
100,ground,right_ankle_roll_sphere_5_link,world,right_ankle_roll_sphere_5_link,-0.0009953231416252378,0.0009953231416252378,foot-ground,True,False
100,right_knee_link,right_ankle_roll_link,right_knee_link,right_ankle_roll_link,-0.03845688699903041,0.03845688699903041,self-collision,False,False
100,ground,left_ankle_roll_link,world,left_ankle_roll_link,-0.0013721431577159403,0.0013721431577159403,foot-ground,True,False
100,left_knee_link,left_ankle_roll_link,left_knee_link,left_ankle_roll_link,-0.024749628655303002,0.024749628655303002,self-collision,False,False
100,ground,right_ankle_roll_sphere_1_link,world,right_ankle_roll_sphere_1_link,-0.0005892664977751793,0.0005892664977751793,foot-ground,True,False
100,ground,left_ankle_roll_sphere_4_link,world,left_ankle_roll_sphere_4_link,-0.0007117005082377661,0.0007117005082377661,foot-ground,True,False
101,ground,right_ankle_roll_sphere_2_link,world,right_ankle_roll_sphere_2_link,-0.0006573400146422893,0.0006573400146422893,foot-ground,True,False
101,right_rubber_hand_link,largebox,right_rubber_hand_link,largebox_link,-5.471977215233681e-05,5.471977215233681e-05,hand-box,True,False
101,ground,left_ankle_roll_sphere_5_link,world,left_ankle_roll_sphere_5_link,-0.0003918812309803071,0.0003918812309803071,foot-ground,True,False
101,left_ankle_intermediate_1_link,left_ankle_roll_link,left_ankle_intermediate_1_link,left_ankle_roll_link,-0.0019243733630618376,0.0019243733630618376,self-collision,False,False
101,torso_link,largebox,torso_link,largebox_link,-0.0009301103183557285,0.0009301103183557285,other-body-box,False,True
101,ground,right_ankle_roll_link,world,right_ankle_roll_link,-0.0014082001034555931,0.0014082001034555931,foot-ground,True,False
101,ground,left_ankle_roll_sphere_1_link,world,left_ankle_roll_sphere_1_link,-0.0004896106381661212,0.0004896106381661212,foot-ground,True,False
101,ground,right_ankle_roll_sphere_3_link,world,right_ankle_roll_sphere_3_link,-0.0009188382347210837,0.0009188382347210837,foot-ground,True,False
101,ground,left_ankle_roll_sphere_2_link,world,left_ankle_roll_sphere_2_link,-0.0008101796949969388,0.0008101796949969388,foot-ground,True,False
101,ground,right_ankle_roll_sphere_4_link,world,right_ankle_roll_sphere_4_link,-0.0009963743710426588,0.0009963743710426588,foot-ground,True,False
101,ground,right_ankle_roll_sphere_5_link,world,right_ankle_roll_sphere_5_link,-0.000996732539553273,0.000996732539553273,foot-ground,True,False
101,right_knee_link,right_ankle_roll_link,right_knee_link,right_ankle_roll_link,-0.0387025844725957,0.0387025844725957,self-collision,False,False
101,ground,left_ankle_roll_link,world,left_ankle_roll_link,-0.0012228230384876762,0.0012228230384876762,foot-ground,True,False
101,left_knee_link,left_ankle_roll_link,left_knee_link,left_ankle_roll_link,-0.022676590467450713,0.022676590467450713,self-collision,False,False
101,left_rubber_hand_link,largebox,left_rubber_hand_link,largebox_link,-0.0021288563558746892,0.0021288563558746892,hand-box,True,False
101,ground,left_ankle_roll_sphere_3_link,world,left_ankle_roll_sphere_3_link,-0.000226699158524051,0.000226699158524051,foot-ground,True,False
101,ground,right_ankle_roll_sphere_1_link,world,right_ankle_roll_sphere_1_link,-0.0005927265677076422,0.0005927265677076422,foot-ground,True,False
101,ground,left_ankle_roll_sphere_4_link,world,left_ankle_roll_sphere_4_link,-0.0006113820267210314,0.0006113820267210314,foot-ground,True,False
102,ground,right_ankle_roll_sphere_2_link,world,right_ankle_roll_sphere_2_link,-0.0006599151809976575,0.0006599151809976575,foot-ground,True,False
102,right_rubber_hand_link,largebox,right_rubber_hand_link,largebox_link,-0.004615599190737632,0.004615599190737632,hand-box,True,False
102,left_ankle_intermediate_1_link,left_ankle_roll_link,left_ankle_intermediate_1_link,left_ankle_roll_link,-0.004760791390997374,0.004760791390997374,self-collision,False,False
102,torso_link,largebox,torso_link,largebox_link,-0.0009268519166446693,0.0009268519166446693,other-body-box,False,True
102,ground,right_ankle_roll_link,world,right_ankle_roll_link,-0.0014099758174634658,0.0014099758174634658,foot-ground,True,False
102,ground,left_ankle_roll_sphere_1_link,world,left_ankle_roll_sphere_1_link,-0.0009840861345687011,0.0009840861345687011,foot-ground,True,False
102,ground,right_ankle_roll_sphere_3_link,world,right_ankle_roll_sphere_3_link,-0.0009203254470204472,0.0009203254470204472,foot-ground,True,False
102,ground,right_ankle_roll_sphere_4_link,world,right_ankle_roll_sphere_4_link,-0.0009982985449768491,0.0009982985449768491,foot-ground,True,False
102,ground,right_ankle_roll_sphere_5_link,world,right_ankle_roll_sphere_5_link,-0.0009983573613887844,0.0009983573613887844,foot-ground,True,False
102,right_knee_link,right_ankle_roll_link,right_knee_link,right_ankle_roll_link,-0.03906629639307768,0.03906629639307768,self-collision,False,False
102,ground,left_ankle_roll_link,world,left_ankle_roll_link,-0.0014391696693382312,0.0014391696693382312,foot-ground,True,False
102,left_knee_link,left_ankle_roll_link,left_knee_link,left_ankle_roll_link,-0.021651678931913443,0.021651678931913443,self-collision,False,False
102,ground,right_ankle_roll_sphere_1_link,world,right_ankle_roll_sphere_1_link,-0.0005949375993673225,0.0005949375993673225,foot-ground,True,False
103,ground,right_ankle_roll_sphere_2_link,world,right_ankle_roll_sphere_2_link,-0.0006596542513996771,0.0006596542513996771,foot-ground,True,False
103,right_rubber_hand_link,largebox,right_rubber_hand_link,largebox_link,-0.004863630063016974,0.004863630063016974,hand-box,True,False
103,left_ankle_intermediate_1_link,left_ankle_roll_link,left_ankle_intermediate_1_link,left_ankle_roll_link,-0.004883551098916694,0.004883551098916694,self-collision,False,False
103,torso_link,largebox,torso_link,largebox_link,-0.0009391378281611851,0.0009391378281611851,other-body-box,False,True
103,ground,right_ankle_roll_link,world,right_ankle_roll_link,-0.001410193388845675,0.001410193388845675,foot-ground,True,False
103,ground,left_ankle_roll_sphere_1_link,world,left_ankle_roll_sphere_1_link,-0.0009954982767822569,0.0009954982767822569,foot-ground,True,False
103,ground,right_ankle_roll_sphere_3_link,world,right_ankle_roll_sphere_3_link,-0.0009203982206320077,0.0009203982206320077,foot-ground,True,False
103,ground,right_ankle_roll_sphere_4_link,world,right_ankle_roll_sphere_4_link,-0.0009984971289389464,0.0009984971289389464,foot-ground,True,False
103,ground,right_ankle_roll_sphere_5_link,world,right_ankle_roll_sphere_5_link,-0.0009985458671596384,0.0009985458671596384,foot-ground,True,False
103,right_knee_link,right_ankle_roll_link,right_knee_link,right_ankle_roll_link,-0.039672826763441305,0.039672826763441305,self-collision,False,False
103,ground,left_ankle_roll_link,world,left_ankle_roll_link,-0.0015195391100201912,0.0015195391100201912,foot-ground,True,False
103,left_knee_link,left_ankle_roll_link,left_knee_link,left_ankle_roll_link,-0.02141516245047201,0.02141516245047201,self-collision,False,False
103,left_rubber_hand_link,largebox,left_rubber_hand_link,largebox_link,-0.0006630731175825827,0.0006630731175825827,hand-box,True,False
103,ground,right_ankle_roll_sphere_1_link,world,right_ankle_roll_sphere_1_link,-0.0005945718278105609,0.0005945718278105609,foot-ground,True,False
104,ground,right_ankle_roll_sphere_2_link,world,right_ankle_roll_sphere_2_link,-0.0004045650017085031,0.0004045650017085031,foot-ground,True,False
104,right_rubber_hand_link,largebox,right_rubber_hand_link,largebox_link,-0.004951320631055994,0.004951320631055994,hand-box,True,False
104,left_ankle_intermediate_1_link,left_ankle_roll_link,left_ankle_intermediate_1_link,left_ankle_roll_link,-0.004542987771672585,0.004542987771672585,self-collision,False,False
104,torso_link,largebox,torso_link,largebox_link,-0.0009050916358410016,0.0009050916358410016,other-body-box,False,True
104,ground,right_ankle_roll_link,world,right_ankle_roll_link,-0.001420233314278721,0.001420233314278721,foot-ground,True,False
104,ground,left_ankle_roll_sphere_1_link,world,left_ankle_roll_sphere_1_link,-0.0009939315892497384,0.0009939315892497384,foot-ground,True,False
104,ground,right_ankle_roll_sphere_3_link,world,right_ankle_roll_sphere_3_link,-0.0008596075090534947,0.0008596075090534947,foot-ground,True,False
104,ground,right_ankle_roll_sphere_4_link,world,right_ankle_roll_sphere_4_link,-0.000995957043230608,0.000995957043230608,foot-ground,True,False
104,ground,right_ankle_roll_sphere_5_link,world,right_ankle_roll_sphere_5_link,-0.0009960210502997805,0.0009960210502997805,foot-ground,True,False
104,right_knee_link,right_ankle_roll_link,right_knee_link,right_ankle_roll_link,-0.04020979254340801,0.04020979254340801,self-collision,False,False
104,ground,left_ankle_roll_link,world,left_ankle_roll_link,-0.0015062558201598963,0.0015062558201598963,foot-ground,True,False
104,left_knee_link,left_ankle_roll_link,left_knee_link,left_ankle_roll_link,-0.022343895144818576,0.022343895144818576,self-collision,False,False
104,left_rubber_hand_link,largebox,left_rubber_hand_link,largebox_link,-0.0026093901655989127,0.0026093901655989127,hand-box,True,False
104,ground,right_ankle_roll_sphere_1_link,world,right_ankle_roll_sphere_1_link,-0.000290940389894241,0.000290940389894241,foot-ground,True,False
105,right_rubber_hand_link,largebox,right_rubber_hand_link,largebox_link,-0.00021426764320224556,0.00021426764320224556,hand-box,True,False
105,left_ankle_intermediate_1_link,left_ankle_roll_link,left_ankle_intermediate_1_link,left_ankle_roll_link,-0.0020432542979283153,0.0020432542979283153,self-collision,False,False
105,torso_link,largebox,torso_link,largebox_link,-0.0009856797183951521,0.0009856797183951521,other-body-box,False,True
105,ground,right_ankle_roll_link,world,right_ankle_roll_link,-0.0013215836172772513,0.0013215836172772513,foot-ground,True,False
105,ground,left_ankle_roll_sphere_1_link,world,left_ankle_roll_sphere_1_link,-0.0009896734439941183,0.0009896734439941183,foot-ground,True,False
105,ground,right_ankle_roll_sphere_3_link,world,right_ankle_roll_sphere_3_link,-5.433998932378569e-05,5.433998932378569e-05,foot-ground,True,False
105,ground,right_ankle_roll_sphere_4_link,world,right_ankle_roll_sphere_4_link,-0.000638686555025701,0.000638686555025701,foot-ground,True,False
105,ground,right_ankle_roll_sphere_5_link,world,right_ankle_roll_sphere_5_link,-0.0008218390927361595,0.0008218390927361595,foot-ground,True,False
105,right_knee_link,right_ankle_roll_link,right_knee_link,right_ankle_roll_link,-0.04055436136774096,0.04055436136774096,self-collision,False,False
105,left_wrist_pitch_link,largebox,left_wrist_pitch_link,largebox_link,-0.000292483851802125,0.000292483851802125,other-body-box,False,True
105,ground,left_ankle_roll_link,world,left_ankle_roll_link,-0.0014856026124238503,0.0014856026124238503,foot-ground,True,False
105,left_knee_link,left_ankle_roll_link,left_knee_link,left_ankle_roll_link,-0.023281662690738905,0.023281662690738905,self-collision,False,False
105,ground,left_ankle_roll_sphere_3_link,world,left_ankle_roll_sphere_3_link,-9.30143075961445e-05,9.30143075961445e-05,foot-ground,True,False
106,right_rubber_hand_link,largebox,right_rubber_hand_link,largebox_link,-0.0009152247827219767,0.0009152247827219767,hand-box,True,False
106,left_ankle_intermediate_1_link,left_ankle_roll_link,left_ankle_intermediate_1_link,left_ankle_roll_link,-0.0025656892531591563,0.0025656892531591563,self-collision,False,False
106,torso_link,largebox,torso_link,largebox_link,-0.0009351844790500968,0.0009351844790500968,other-body-box,False,True
106,ground,right_ankle_roll_link,world,right_ankle_roll_link,-0.0010209451539161946,0.0010209451539161946,foot-ground,True,False
106,ground,left_ankle_roll_sphere_1_link,world,left_ankle_roll_sphere_1_link,-0.0009952194693038955,0.0009952194693038955,foot-ground,True,False
106,ground,right_ankle_roll_sphere_5_link,world,right_ankle_roll_sphere_5_link,-0.0005072170489340303,0.0005072170489340303,foot-ground,True,False
106,right_knee_link,right_ankle_roll_link,right_knee_link,right_ankle_roll_link,-0.03983911283057637,0.03983911283057637,self-collision,False,False
106,left_wrist_pitch_link,largebox,left_wrist_pitch_link,largebox_link,-0.0012783670796543412,0.0012783670796543412,other-body-box,False,True
106,ground,left_ankle_roll_link,world,left_ankle_roll_link,-0.0014602126750529396,0.0014602126750529396,foot-ground,True,False
106,left_knee_link,left_ankle_roll_link,left_knee_link,left_ankle_roll_link,-0.02442450085848545,0.02442450085848545,self-collision,False,False
106,left_rubber_hand_link,largebox,left_rubber_hand_link,largebox_link,-0.0003007738674767335,0.0003007738674767335,hand-box,True,False
106,ground,left_ankle_roll_sphere_3_link,world,left_ankle_roll_sphere_3_link,-0.00020784648146845216,0.00020784648146845216,foot-ground,True,False
107,left_ankle_intermediate_1_link,left_ankle_roll_link,left_ankle_intermediate_1_link,left_ankle_roll_link,-0.00302885989150245,0.00302885989150245,self-collision,False,False
107,torso_link,largebox,torso_link,largebox_link,-0.0009387277822183737,0.0009387277822183737,other-body-box,False,True
107,ground,right_ankle_roll_link,world,right_ankle_roll_link,-0.0009941791865861957,0.0009941791865861957,foot-ground,True,False
107,ground,left_ankle_roll_sphere_1_link,world,left_ankle_roll_sphere_1_link,-0.000996692914716899,0.000996692914716899,foot-ground,True,False
107,ground,right_ankle_roll_sphere_5_link,world,right_ankle_roll_sphere_5_link,-0.00036671232524527596,0.00036671232524527596,foot-ground,True,False
107,right_knee_link,right_ankle_roll_link,right_knee_link,right_ankle_roll_link,-0.038716075187738286,0.038716075187738286,self-collision,False,False
107,left_wrist_pitch_link,largebox,left_wrist_pitch_link,largebox_link,-0.0011886506381900142,0.0011886506381900142,other-body-box,False,True
107,ground,left_ankle_roll_link,world,left_ankle_roll_link,-0.0014315383890187647,0.0014315383890187647,foot-ground,True,False
107,left_knee_link,left_ankle_roll_link,left_knee_link,left_ankle_roll_link,-0.025531130498149313,0.025531130498149313,self-collision,False,False
107,left_rubber_hand_link,largebox,left_rubber_hand_link,largebox_link,-0.000576999069977463,0.000576999069977463,hand-box,True,False
107,ground,left_ankle_roll_sphere_3_link,world,left_ankle_roll_sphere_3_link,-0.0004052024464197548,0.0004052024464197548,foot-ground,True,False
108,right_rubber_hand_link,largebox,right_rubber_hand_link,largebox_link,-0.00021592010684823304,0.00021592010684823304,hand-box,True,False
108,ground,left_ankle_roll_sphere_5_link,world,left_ankle_roll_sphere_5_link,-0.00023905110649132932,0.00023905110649132932,foot-ground,True,False
108,left_ankle_intermediate_1_link,left_ankle_roll_link,left_ankle_intermediate_1_link,left_ankle_roll_link,-0.0033116427418524857,0.0033116427418524857,self-collision,False,False
108,torso_link,largebox,torso_link,largebox_link,-0.0009706511247906391,0.0009706511247906391,other-body-box,False,True
108,ground,left_ankle_roll_sphere_1_link,world,left_ankle_roll_sphere_1_link,-0.000999155214909275,0.000999155214909275,foot-ground,True,False
108,ground,left_ankle_roll_sphere_2_link,world,left_ankle_roll_sphere_2_link,-0.0005719499080612976,0.0005719499080612976,foot-ground,True,False
108,right_knee_link,right_ankle_roll_link,right_knee_link,right_ankle_roll_link,-0.03947500251856545,0.03947500251856545,self-collision,False,False
108,left_wrist_pitch_link,largebox,left_wrist_pitch_link,largebox_link,-0.0016252778652667554,0.0016252778652667554,other-body-box,False,True
108,ground,left_ankle_roll_link,world,left_ankle_roll_link,-0.0014088928621858836,0.0014088928621858836,foot-ground,True,False
108,left_knee_link,left_ankle_roll_link,left_knee_link,left_ankle_roll_link,-0.027677267544872014,0.027677267544872014,self-collision,False,False
108,left_rubber_hand_link,largebox,left_rubber_hand_link,largebox_link,-0.0012835126116279155,0.0012835126116279155,hand-box,True,False
108,ground,left_ankle_roll_sphere_3_link,world,left_ankle_roll_sphere_3_link,-0.0005529007595468502,0.0005529007595468502,foot-ground,True,False
108,ground,left_ankle_roll_sphere_4_link,world,left_ankle_roll_sphere_4_link,-4.025439132927366e-05,4.025439132927366e-05,foot-ground,True,False
109,right_rubber_hand_link,largebox,right_rubber_hand_link,largebox_link,-0.0014852876022681122,0.0014852876022681122,hand-box,True,False
109,ground,left_ankle_roll_sphere_5_link,world,left_ankle_roll_sphere_5_link,-0.0005782148255480324,0.0005782148255480324,foot-ground,True,False
109,left_ankle_intermediate_1_link,left_ankle_roll_link,left_ankle_intermediate_1_link,left_ankle_roll_link,-0.0033192135365729958,0.0033192135365729958,self-collision,False,False
109,torso_link,largebox,torso_link,largebox_link,-0.0009122971039833144,0.0009122971039833144,other-body-box,False,True
109,ground,left_ankle_roll_sphere_1_link,world,left_ankle_roll_sphere_1_link,-0.0009994833107249334,0.0009994833107249334,foot-ground,True,False
109,ground,left_ankle_roll_sphere_2_link,world,left_ankle_roll_sphere_2_link,-0.0009412201569703174,0.0009412201569703174,foot-ground,True,False
109,right_knee_link,right_ankle_roll_link,right_knee_link,right_ankle_roll_link,-0.04060089694893626,0.04060089694893626,self-collision,False,False
109,left_wrist_pitch_link,largebox,left_wrist_pitch_link,largebox_link,-0.00032281069419858033,0.00032281069419858033,other-body-box,False,True
109,ground,left_ankle_roll_link,world,left_ankle_roll_link,-0.0014177806847417256,0.0014177806847417256,foot-ground,True,False
109,left_knee_link,left_ankle_roll_link,left_knee_link,left_ankle_roll_link,-0.029173337024082036,0.029173337024082036,self-collision,False,False
109,left_rubber_hand_link,largebox,left_rubber_hand_link,largebox_link,-0.0011743520884494596,0.0011743520884494596,hand-box,True,False
109,ground,left_ankle_roll_sphere_3_link,world,left_ankle_roll_sphere_3_link,-0.0006544502870954967,0.0006544502870954967,foot-ground,True,False
109,ground,left_ankle_roll_sphere_4_link,world,left_ankle_roll_sphere_4_link,-0.000584534502589956,0.000584534502589956,foot-ground,True,False
110,left_wrist_pitch_link,largebox,left_wrist_pitch_link,largebox_link,-0.0017770207840581698,0.0017770207840581698,other-body-box,False,True
110,right_rubber_hand_link,largebox,right_rubber_hand_link,largebox_link,-0.00031552777793834863,0.00031552777793834863,hand-box,True,False
110,ground,left_ankle_roll_link,world,left_ankle_roll_link,-0.001432332595624336,0.001432332595624336,foot-ground,True,False
110,ground,left_ankle_roll_sphere_5_link,world,left_ankle_roll_sphere_5_link,-0.0005475613414778575,0.0005475613414778575,foot-ground,True,False
110,left_knee_link,left_ankle_roll_link,left_knee_link,left_ankle_roll_link,-0.030659035025012438,0.030659035025012438,self-collision,False,False
110,torso_link,largebox,torso_link,largebox_link,-0.0009687813806067008,0.0009687813806067008,other-body-box,False,True
110,left_rubber_hand_link,largebox,left_rubber_hand_link,largebox_link,-0.0012052510309366882,0.0012052510309366882,hand-box,True,False
110,left_ankle_intermediate_1_link,left_ankle_roll_link,left_ankle_intermediate_1_link,left_ankle_roll_link,-0.0030737112662087562,0.0030737112662087562,self-collision,False,False
110,right_knee_link,right_ankle_roll_link,right_knee_link,right_ankle_roll_link,-0.03772687796577401,0.03772687796577401,self-collision,False,False
110,ground,left_ankle_roll_sphere_3_link,world,left_ankle_roll_sphere_3_link,-0.0005932760931525336,0.0005932760931525336,foot-ground,True,False
110,ground,left_ankle_roll_sphere_1_link,world,left_ankle_roll_sphere_1_link,-0.0009918654759889364,0.0009918654759889364,foot-ground,True,False
110,ground,left_ankle_roll_sphere_4_link,world,left_ankle_roll_sphere_4_link,-0.0005955870147529184,0.0005955870147529184,foot-ground,True,False
110,ground,left_ankle_roll_sphere_2_link,world,left_ankle_roll_sphere_2_link,-0.0009937912439892593,0.0009937912439892593,foot-ground,True,False
111,right_rubber_hand_link,largebox,right_rubber_hand_link,largebox_link,-0.0004151757961547431,0.0004151757961547431,hand-box,True,False
111,ground,left_ankle_roll_link,world,left_ankle_roll_link,-0.001436527980314229,0.001436527980314229,foot-ground,True,False
111,ground,left_ankle_roll_sphere_5_link,world,left_ankle_roll_sphere_5_link,-0.0005481667984372244,0.0005481667984372244,foot-ground,True,False
111,left_knee_link,left_ankle_roll_link,left_knee_link,left_ankle_roll_link,-0.03207855077394972,0.03207855077394972,self-collision,False,False
111,torso_link,largebox,torso_link,largebox_link,-0.0009777830168458124,0.0009777830168458124,other-body-box,False,True
111,left_rubber_hand_link,largebox,left_rubber_hand_link,largebox_link,-0.0004242752486032647,0.0004242752486032647,hand-box,True,False
111,left_ankle_intermediate_1_link,left_ankle_roll_link,left_ankle_intermediate_1_link,left_ankle_roll_link,-0.0027150633904421823,0.0027150633904421823,self-collision,False,False
111,right_knee_link,right_ankle_roll_link,right_knee_link,right_ankle_roll_link,-0.03661346640111113,0.03661346640111113,self-collision,False,False
111,ground,left_ankle_roll_sphere_3_link,world,left_ankle_roll_sphere_3_link,-0.000595150330555203,0.000595150330555203,foot-ground,True,False
111,ground,left_ankle_roll_sphere_1_link,world,left_ankle_roll_sphere_1_link,-0.0009968518896742154,0.0009968518896742154,foot-ground,True,False
111,ground,left_ankle_roll_sphere_4_link,world,left_ankle_roll_sphere_4_link,-0.0005956906850435552,0.0005956906850435552,foot-ground,True,False
111,ground,left_ankle_roll_sphere_2_link,world,left_ankle_roll_sphere_2_link,-0.0009973021850811772,0.0009973021850811772,foot-ground,True,False
112,left_wrist_pitch_link,largebox,left_wrist_pitch_link,largebox_link,-0.00024562931101679286,0.00024562931101679286,other-body-box,False,True
112,right_rubber_hand_link,largebox,right_rubber_hand_link,largebox_link,-0.0007192465084729371,0.0007192465084729371,hand-box,True,False
112,ground,left_ankle_roll_link,world,left_ankle_roll_link,-0.001437535296829405,0.001437535296829405,foot-ground,True,False
112,ground,left_ankle_roll_sphere_5_link,world,left_ankle_roll_sphere_5_link,-0.0005491694631979049,0.0005491694631979049,foot-ground,True,False
112,left_knee_link,left_ankle_roll_link,left_knee_link,left_ankle_roll_link,-0.033593600247438765,0.033593600247438765,self-collision,False,False
112,torso_link,largebox,torso_link,largebox_link,-0.0009723635004901254,0.0009723635004901254,other-body-box,False,True
112,left_rubber_hand_link,largebox,left_rubber_hand_link,largebox_link,-0.00019239210433630305,0.00019239210433630305,hand-box,True,False
112,left_ankle_intermediate_1_link,left_ankle_roll_link,left_ankle_intermediate_1_link,left_ankle_roll_link,-0.002697761301644147,0.002697761301644147,self-collision,False,False
112,right_knee_link,right_ankle_roll_link,right_knee_link,right_ankle_roll_link,-0.03602725932235587,0.03602725932235587,self-collision,False,False
112,ground,left_ankle_roll_sphere_3_link,world,left_ankle_roll_sphere_3_link,-0.0005965810626418723,0.0005965810626418723,foot-ground,True,False
112,ground,left_ankle_roll_sphere_1_link,world,left_ankle_roll_sphere_1_link,-0.0009982554289033703,0.0009982554289033703,foot-ground,True,False
112,ground,left_ankle_roll_sphere_4_link,world,left_ankle_roll_sphere_4_link,-0.0005962754713313588,0.0005962754713313588,foot-ground,True,False
112,ground,left_ankle_roll_sphere_2_link,world,left_ankle_roll_sphere_2_link,-0.0009980007694779412,0.0009980007694779412,foot-ground,True,False
113,right_rubber_hand_link,largebox,right_rubber_hand_link,largebox_link,-0.000346682508049298,0.000346682508049298,hand-box,True,False
113,ground,left_ankle_roll_sphere_5_link,world,left_ankle_roll_sphere_5_link,-0.0005711523916057662,0.0005711523916057662,foot-ground,True,False
113,torso_link,largebox,torso_link,largebox_link,-0.0009424076004637405,0.0009424076004637405,other-body-box,False,True
113,ground,left_ankle_roll_sphere_1_link,world,left_ankle_roll_sphere_1_link,-0.0009983092840853474,0.0009983092840853474,foot-ground,True,False
113,ground,left_ankle_roll_sphere_2_link,world,left_ankle_roll_sphere_2_link,-0.000998474648690662,0.000998474648690662,foot-ground,True,False
113,right_knee_link,right_ankle_roll_link,right_knee_link,right_ankle_roll_link,-0.036494884358122814,0.036494884358122814,self-collision,False,False
113,left_wrist_pitch_link,largebox,left_wrist_pitch_link,largebox_link,-0.002708050330816697,0.002708050330816697,other-body-box,False,True
113,ground,left_ankle_roll_link,world,left_ankle_roll_link,-0.0014363275452521432,0.0014363275452521432,foot-ground,True,False
113,left_knee_link,left_ankle_roll_link,left_knee_link,left_ankle_roll_link,-0.034605059910242264,0.034605059910242264,self-collision,False,False
113,left_rubber_hand_link,largebox,left_rubber_hand_link,largebox_link,-0.0010433368812027,0.0010433368812027,hand-box,True,False
113,ground,left_ankle_roll_sphere_3_link,world,left_ankle_roll_sphere_3_link,-0.0006160257596617589,0.0006160257596617589,foot-ground,True,False
113,ground,left_ankle_roll_sphere_4_link,world,left_ankle_roll_sphere_4_link,-0.000616224197188135,0.000616224197188135,foot-ground,True,False
114,right_rubber_hand_link,largebox,right_rubber_hand_link,largebox_link,-0.0021692945438998856,0.0021692945438998856,hand-box,True,False
114,ground,left_ankle_roll_sphere_5_link,world,left_ankle_roll_sphere_5_link,-0.0005711676732792796,0.0005711676732792796,foot-ground,True,False
114,torso_link,largebox,torso_link,largebox_link,-0.0009469684059426331,0.0009469684059426331,other-body-box,False,True
114,ground,left_ankle_roll_sphere_1_link,world,left_ankle_roll_sphere_1_link,-0.0009979434611926677,0.0009979434611926677,foot-ground,True,False
114,ground,left_ankle_roll_sphere_2_link,world,left_ankle_roll_sphere_2_link,-0.0009982913189554255,0.0009982913189554255,foot-ground,True,False
114,right_knee_link,right_ankle_roll_link,right_knee_link,right_ankle_roll_link,-0.037280617421602685,0.037280617421602685,self-collision,False,False
114,left_wrist_pitch_link,largebox,left_wrist_pitch_link,largebox_link,-0.0017417666670569293,0.0017417666670569293,other-body-box,False,True
114,ground,left_ankle_roll_link,world,left_ankle_roll_link,-0.001436070373207008,0.001436070373207008,foot-ground,True,False
114,left_knee_link,left_ankle_roll_link,left_knee_link,left_ankle_roll_link,-0.03554814195057185,0.03554814195057185,self-collision,False,False
114,left_rubber_hand_link,largebox,left_rubber_hand_link,largebox_link,-0.0008337778137404855,0.0008337778137404855,hand-box,True,False
114,ground,left_ankle_roll_sphere_3_link,world,left_ankle_roll_sphere_3_link,-0.0006159010340737034,0.0006159010340737034,foot-ground,True,False
114,ground,left_ankle_roll_sphere_4_link,world,left_ankle_roll_sphere_4_link,-0.0006163184633890149,0.0006163184633890149,foot-ground,True,False
115,right_rubber_hand_link,largebox,right_rubber_hand_link,largebox_link,-0.0007098092997682853,0.0007098092997682853,hand-box,True,False
115,ground,left_ankle_roll_sphere_5_link,world,left_ankle_roll_sphere_5_link,-0.000999322580090718,0.000999322580090718,foot-ground,True,False
115,torso_link,largebox,torso_link,largebox_link,-0.0010082257030161051,0.0010082257030161051,other-body-box,False,True
115,ground,left_ankle_roll_sphere_1_link,world,left_ankle_roll_sphere_1_link,-0.0006607441773360838,0.0006607441773360838,foot-ground,True,False
115,ground,left_ankle_roll_sphere_2_link,world,left_ankle_roll_sphere_2_link,-0.0005960668949719214,0.0005960668949719214,foot-ground,True,False
115,right_knee_link,right_ankle_roll_link,right_knee_link,right_ankle_roll_link,-0.037412226649907565,0.037412226649907565,self-collision,False,False
115,left_wrist_pitch_link,largebox,left_wrist_pitch_link,largebox_link,-0.0009857069802663293,0.0009857069802663293,other-body-box,False,True
115,ground,left_ankle_roll_link,world,left_ankle_roll_link,-0.0014108285155802966,0.0014108285155802966,foot-ground,True,False
115,left_knee_link,left_ankle_roll_link,left_knee_link,left_ankle_roll_link,-0.036245836483279115,0.036245836483279115,self-collision,False,False
115,left_rubber_hand_link,largebox,left_rubber_hand_link,largebox_link,-0.001042664387587891,0.001042664387587891,hand-box,True,False
115,ground,left_ankle_roll_sphere_3_link,world,left_ankle_roll_sphere_3_link,-0.000999085050147455,0.000999085050147455,foot-ground,True,False
115,ground,left_ankle_roll_sphere_4_link,world,left_ankle_roll_sphere_4_link,-0.0009214723113104588,0.0009214723113104588,foot-ground,True,False
116,right_rubber_hand_link,largebox,right_rubber_hand_link,largebox_link,-0.0008404382012211775,0.0008404382012211775,hand-box,True,False
116,ground,left_ankle_roll_sphere_5_link,world,left_ankle_roll_sphere_5_link,-0.0009974232044067622,0.0009974232044067622,foot-ground,True,False
116,torso_link,largebox,torso_link,largebox_link,-0.0009508210336196116,0.0009508210336196116,other-body-box,False,True
116,ground,right_ankle_roll_link,world,right_ankle_roll_link,-0.0003064259824636095,0.0003064259824636095,foot-ground,True,False
116,ground,left_ankle_roll_sphere_1_link,world,left_ankle_roll_sphere_1_link,-0.0006568296084736606,0.0006568296084736606,foot-ground,True,False
116,left_ankle_roll_link,right_ankle_roll_link,left_ankle_roll_link,right_ankle_roll_link,-0.0062056122180564055,0.0062056122180564055,self-collision,False,False
116,ground,left_ankle_roll_sphere_2_link,world,left_ankle_roll_sphere_2_link,-0.000593226056803473,0.000593226056803473,foot-ground,True,False
116,right_knee_link,right_ankle_roll_link,right_knee_link,right_ankle_roll_link,-0.03642769853060296,0.03642769853060296,self-collision,False,False
116,left_ankle_roll_link,right_ankle_roll_sphere_1_link,left_ankle_roll_link,right_ankle_roll_sphere_1_link,-0.000842191024811409,0.000842191024811409,self-collision,False,False
116,ground,left_ankle_roll_link,world,left_ankle_roll_link,-0.0014084998537483295,0.0014084998537483295,foot-ground,True,False
116,left_knee_link,left_ankle_roll_link,left_knee_link,left_ankle_roll_link,-0.03650725015018985,0.03650725015018985,self-collision,False,False
116,left_rubber_hand_link,largebox,left_rubber_hand_link,largebox_link,-0.0009641972723359038,0.0009641972723359038,hand-box,True,False
116,ground,left_ankle_roll_sphere_3_link,world,left_ankle_roll_sphere_3_link,-0.0009963858225911703,0.0009963858225911703,foot-ground,True,False
116,ground,left_ankle_roll_sphere_4_link,world,left_ankle_roll_sphere_4_link,-0.0009200615605869438,0.0009200615605869438,foot-ground,True,False
116,left_ankle_roll_sphere_2_link,right_ankle_roll_link,left_ankle_roll_sphere_2_link,right_ankle_roll_link,-0.011652319305234915,0.011652319305234915,self-collision,False,False
117,right_rubber_hand_link,largebox,right_rubber_hand_link,largebox_link,-8.893202784007737e-06,8.893202784007737e-06,hand-box,True,False
117,ground,left_ankle_roll_sphere_5_link,world,left_ankle_roll_sphere_5_link,-0.0009957675742390077,0.0009957675742390077,foot-ground,True,False
117,torso_link,largebox,torso_link,largebox_link,-0.0009358463248467092,0.0009358463248467092,other-body-box,False,True
117,ground,right_ankle_roll_link,world,right_ankle_roll_link,-0.0018543198661244917,0.0018543198661244917,foot-ground,True,False
117,ground,left_ankle_roll_sphere_1_link,world,left_ankle_roll_sphere_1_link,-0.000660110326492251,0.000660110326492251,foot-ground,True,False
117,left_ankle_roll_link,right_ankle_roll_link,left_ankle_roll_link,right_ankle_roll_link,-0.011877086658118596,0.011877086658118596,self-collision,False,False
117,ground,right_ankle_roll_sphere_3_link,world,right_ankle_roll_sphere_3_link,-0.0009563499995386649,0.0009563499995386649,foot-ground,True,False
117,ground,left_ankle_roll_sphere_2_link,world,left_ankle_roll_sphere_2_link,-0.0005969312935332647,0.0005969312935332647,foot-ground,True,False
117,right_knee_link,right_ankle_roll_link,right_knee_link,right_ankle_roll_link,-0.035533732690596426,0.035533732690596426,self-collision,False,False
117,left_ankle_roll_link,right_ankle_roll_sphere_1_link,left_ankle_roll_link,right_ankle_roll_sphere_1_link,-0.029881540217560343,0.029881540217560343,self-collision,False,False
117,left_wrist_pitch_link,largebox,left_wrist_pitch_link,largebox_link,-0.0022906932405071245,0.0022906932405071245,other-body-box,False,True
117,ground,left_ankle_roll_link,world,left_ankle_roll_link,-0.0014067885073430694,0.0014067885073430694,foot-ground,True,False
117,left_knee_link,left_ankle_roll_link,left_knee_link,left_ankle_roll_link,-0.03667577543698253,0.03667577543698253,self-collision,False,False
117,left_rubber_hand_link,largebox,left_rubber_hand_link,largebox_link,-0.0010173378226421004,0.0010173378226421004,hand-box,True,False
117,ground,left_ankle_roll_sphere_3_link,world,left_ankle_roll_sphere_3_link,-0.000995017439885319,0.000995017439885319,foot-ground,True,False
117,ground,left_ankle_roll_sphere_4_link,world,left_ankle_roll_sphere_4_link,-0.0009192026003345356,0.0009192026003345356,foot-ground,True,False
117,left_ankle_roll_sphere_2_link,right_ankle_roll_link,left_ankle_roll_sphere_2_link,right_ankle_roll_link,-0.0017249269958496127,0.0017249269958496127,self-collision,False,False
118,ground,left_ankle_roll_sphere_5_link,world,left_ankle_roll_sphere_5_link,-0.0009784143703712748,0.0009784143703712748,foot-ground,True,False
118,torso_link,largebox,torso_link,largebox_link,-0.0009201149793867935,0.0009201149793867935,other-body-box,False,True
118,ground,right_ankle_roll_link,world,right_ankle_roll_link,-0.0014223492398274425,0.0014223492398274425,foot-ground,True,False
118,ground,left_ankle_roll_sphere_1_link,world,left_ankle_roll_sphere_1_link,-0.0006780442440088184,0.0006780442440088184,foot-ground,True,False
118,ground,left_ankle_roll_sphere_2_link,world,left_ankle_roll_sphere_2_link,-0.000585950897370918,0.000585950897370918,foot-ground,True,False
118,right_knee_link,right_ankle_roll_link,right_knee_link,right_ankle_roll_link,-0.03302448846715639,0.03302448846715639,self-collision,False,False
118,right_ankle_intermediate_1_link,right_ankle_roll_link,right_ankle_intermediate_1_link,right_ankle_roll_link,-0.0026138878893860046,0.0026138878893860046,self-collision,False,False
118,left_wrist_pitch_link,largebox,left_wrist_pitch_link,largebox_link,-0.0010646903567117505,0.0010646903567117505,other-body-box,False,True
118,ground,left_ankle_roll_link,world,left_ankle_roll_link,-0.001402157336546004,0.001402157336546004,foot-ground,True,False
118,left_knee_link,left_ankle_roll_link,left_knee_link,left_ankle_roll_link,-0.03686046062598333,0.03686046062598333,self-collision,False,False
118,left_rubber_hand_link,largebox,left_rubber_hand_link,largebox_link,-0.0009289313786739195,0.0009289313786739195,hand-box,True,False
118,ground,left_ankle_roll_sphere_3_link,world,left_ankle_roll_sphere_3_link,-0.0009972054520717621,0.0009972054520717621,foot-ground,True,False
118,ground,right_ankle_roll_sphere_1_link,world,right_ankle_roll_sphere_1_link,-0.000929123746529671,0.000929123746529671,foot-ground,True,False
118,ground,left_ankle_roll_sphere_4_link,world,left_ankle_roll_sphere_4_link,-0.0008866934361062831,0.0008866934361062831,foot-ground,True,False
119,ground,right_ankle_roll_sphere_2_link,world,right_ankle_roll_sphere_2_link,-0.00091707435174252,0.00091707435174252,foot-ground,True,False
119,right_rubber_hand_link,largebox,right_rubber_hand_link,largebox_link,-0.003646683476971238,0.003646683476971238,hand-box,True,False
119,ground,left_ankle_roll_sphere_5_link,world,left_ankle_roll_sphere_5_link,-0.000820113463885659,0.000820113463885659,foot-ground,True,False
119,torso_link,largebox,torso_link,largebox_link,-0.000849353922406787,0.000849353922406787,other-body-box,False,True
119,ground,right_ankle_roll_link,world,right_ankle_roll_link,-0.0013645986151360895,0.0013645986151360895,foot-ground,True,False
119,ground,left_ankle_roll_sphere_1_link,world,left_ankle_roll_sphere_1_link,-0.0008247270350318419,0.0008247270350318419,foot-ground,True,False
119,ground,right_ankle_roll_sphere_3_link,world,right_ankle_roll_sphere_3_link,-0.0005467642926389139,0.0005467642926389139,foot-ground,True,False
119,ground,left_ankle_roll_sphere_2_link,world,left_ankle_roll_sphere_2_link,-0.0005064150228901226,0.0005064150228901226,foot-ground,True,False
119,ground,right_ankle_roll_sphere_4_link,world,right_ankle_roll_sphere_4_link,-0.0005306795944941085,0.0005306795944941085,foot-ground,True,False
119,ground,right_ankle_roll_sphere_5_link,world,right_ankle_roll_sphere_5_link,-0.000493421429950471,0.000493421429950471,foot-ground,True,False
119,right_knee_link,right_ankle_roll_link,right_knee_link,right_ankle_roll_link,-0.029765754939852118,0.029765754939852118,self-collision,False,False
119,right_ankle_intermediate_1_link,right_ankle_roll_link,right_ankle_intermediate_1_link,right_ankle_roll_link,-0.0030530225297431685,0.0030530225297431685,self-collision,False,False
119,left_wrist_pitch_link,largebox,left_wrist_pitch_link,largebox_link,-0.000989940578301568,0.000989940578301568,other-body-box,False,True
119,ground,left_ankle_roll_link,world,left_ankle_roll_link,-0.0014100098836591426,0.0014100098836591426,foot-ground,True,False
119,left_knee_link,left_ankle_roll_link,left_knee_link,left_ankle_roll_link,-0.037156290111054785,0.037156290111054785,self-collision,False,False
119,left_rubber_hand_link,largebox,left_rubber_hand_link,largebox_link,-0.000993045225454764,0.000993045225454764,hand-box,True,False
119,ground,left_ankle_roll_sphere_3_link,world,left_ankle_roll_sphere_3_link,-0.0009948330464417772,0.0009948330464417772,foot-ground,True,False
119,ground,right_ankle_roll_sphere_1_link,world,right_ankle_roll_sphere_1_link,-0.0009304782668631923,0.0009304782668631923,foot-ground,True,False
119,ground,left_ankle_roll_sphere_4_link,world,left_ankle_roll_sphere_4_link,-0.0006128586318717181,0.0006128586318717181,foot-ground,True,False
120,ground,right_ankle_roll_sphere_2_link,world,right_ankle_roll_sphere_2_link,-0.0009423221069520425,0.0009423221069520425,foot-ground,True,False
120,right_rubber_hand_link,largebox,right_rubber_hand_link,largebox_link,-0.0010033619308077307,0.0010033619308077307,hand-box,True,False
120,ground,left_ankle_roll_sphere_5_link,world,left_ankle_roll_sphere_5_link,-0.0006364956024548811,0.0006364956024548811,foot-ground,True,False
120,torso_link,largebox,torso_link,largebox_link,-0.000997649240406212,0.000997649240406212,other-body-box,False,True
120,ground,right_ankle_roll_link,world,right_ankle_roll_link,-0.0014208989372306163,0.0014208989372306163,foot-ground,True,False
120,ground,left_ankle_roll_sphere_1_link,world,left_ankle_roll_sphere_1_link,-0.0009954287777117722,0.0009954287777117722,foot-ground,True,False
120,ground,left_ankle_roll_sphere_2_link,world,left_ankle_roll_sphere_2_link,-0.0004069510230945662,0.0004069510230945662,foot-ground,True,False
120,ground,right_ankle_roll_sphere_4_link,world,right_ankle_roll_sphere_4_link,-0.0001372323918091582,0.0001372323918091582,foot-ground,True,False
120,right_knee_link,right_ankle_roll_link,right_knee_link,right_ankle_roll_link,-0.027729888470746034,0.027729888470746034,self-collision,False,False
120,right_ankle_intermediate_1_link,right_ankle_roll_link,right_ankle_intermediate_1_link,right_ankle_roll_link,-0.0034165572841440423,0.0034165572841440423,self-collision,False,False
120,ground,left_ankle_roll_link,world,left_ankle_roll_link,-0.0014973928565521662,0.0014973928565521662,foot-ground,True,False
120,left_knee_link,left_ankle_roll_link,left_knee_link,left_ankle_roll_link,-0.037658396404928185,0.037658396404928185,self-collision,False,False
120,left_rubber_hand_link,largebox,left_rubber_hand_link,largebox_link,-0.0006277698869044251,0.0006277698869044251,hand-box,True,False
120,ground,left_ankle_roll_sphere_3_link,world,left_ankle_roll_sphere_3_link,-0.0009963921813250223,0.0009963921813250223,foot-ground,True,False
120,ground,left_ankle_roll_sphere_4_link,world,left_ankle_roll_sphere_4_link,-0.0002902188757843765,0.0002902188757843765,foot-ground,True,False
121,ground,right_ankle_roll_sphere_2_link,world,right_ankle_roll_sphere_2_link,-0.0009620771533781864,0.0009620771533781864,foot-ground,True,False
121,ground,left_ankle_roll_sphere_5_link,world,left_ankle_roll_sphere_5_link,-0.0008447199725766961,0.0008447199725766961,foot-ground,True,False
121,torso_link,largebox,torso_link,largebox_link,-0.0009990019191231242,0.0009990019191231242,other-body-box,False,True
121,ground,right_ankle_roll_link,world,right_ankle_roll_link,-0.0015613337078096666,0.0015613337078096666,foot-ground,True,False
121,ground,left_ankle_roll_sphere_1_link,world,left_ankle_roll_sphere_1_link,-0.0006991140867698272,0.0006991140867698272,foot-ground,True,False
121,ground,left_ankle_roll_sphere_2_link,world,left_ankle_roll_sphere_2_link,-0.00039284815180647397,0.00039284815180647397,foot-ground,True,False
121,right_knee_link,right_ankle_roll_link,right_knee_link,right_ankle_roll_link,-0.025835618712285735,0.025835618712285735,self-collision,False,False
121,right_ankle_intermediate_1_link,right_ankle_roll_link,right_ankle_intermediate_1_link,right_ankle_roll_link,-0.0032110397643552446,0.0032110397643552446,self-collision,False,False
121,ground,left_ankle_roll_link,world,left_ankle_roll_link,-0.0014011920797946005,0.0014011920797946005,foot-ground,True,False
121,left_knee_link,left_ankle_roll_link,left_knee_link,left_ankle_roll_link,-0.038298700272269254,0.038298700272269254,self-collision,False,False
121,left_rubber_hand_link,largebox,left_rubber_hand_link,largebox_link,-0.0007373725476955417,0.0007373725476955417,hand-box,True,False
121,ground,left_ankle_roll_sphere_3_link,world,left_ankle_roll_sphere_3_link,-0.0009970333384717025,0.0009970333384717025,foot-ground,True,False
121,ground,left_ankle_roll_sphere_4_link,world,left_ankle_roll_sphere_4_link,-0.0006295142165156807,0.0006295142165156807,foot-ground,True,False
122,ground,right_ankle_roll_sphere_2_link,world,right_ankle_roll_sphere_2_link,-0.0009929037807518718,0.0009929037807518718,foot-ground,True,False
122,right_rubber_hand_link,largebox,right_rubber_hand_link,largebox_link,-0.0009599493346625632,0.0009599493346625632,hand-box,True,False
122,torso_link,largebox,torso_link,largebox_link,-0.0009919613400670019,0.0009919613400670019,other-body-box,False,True
122,ground,right_ankle_roll_link,world,right_ankle_roll_link,-0.0015867182992381837,0.0015867182992381837,foot-ground,True,False
122,ground,left_ankle_roll_sphere_1_link,world,left_ankle_roll_sphere_1_link,-0.0005197926275288109,0.0005197926275288109,foot-ground,True,False
122,ground,left_ankle_roll_sphere_2_link,world,left_ankle_roll_sphere_2_link,-0.00043673935151949516,0.00043673935151949516,foot-ground,True,False
122,right_knee_link,right_ankle_roll_link,right_knee_link,right_ankle_roll_link,-0.025807660305263103,0.025807660305263103,self-collision,False,False
122,right_ankle_intermediate_1_link,right_ankle_roll_link,right_ankle_intermediate_1_link,right_ankle_roll_link,-0.0031970916093028573,0.0031970916093028573,self-collision,False,False
122,ground,left_ankle_roll_link,world,left_ankle_roll_link,-0.0009975202196985805,0.0009975202196985805,foot-ground,True,False
122,left_knee_link,left_ankle_roll_link,left_knee_link,left_ankle_roll_link,-0.039421704600840685,0.039421704600840685,self-collision,False,False
122,left_rubber_hand_link,largebox,left_rubber_hand_link,largebox_link,-0.0006094247016389526,0.0006094247016389526,hand-box,True,False
123,ground,right_ankle_roll_sphere_2_link,world,right_ankle_roll_sphere_2_link,-0.000995434894739122,0.000995434894739122,foot-ground,True,False
123,right_rubber_hand_link,largebox,right_rubber_hand_link,largebox_link,-0.0005963079410385153,0.0005963079410385153,hand-box,True,False
123,left_shoulder_yaw_link,largebox,left_shoulder_yaw_link,largebox_link,-0.0005600574583425888,0.0005600574583425888,other-body-box,False,True
123,torso_link,largebox,torso_link,largebox_link,-0.0010506909699322386,0.0010506909699322386,other-body-box,False,True
123,ground,right_ankle_roll_link,world,right_ankle_roll_link,-0.0015756208799275369,0.0015756208799275369,foot-ground,True,False
123,right_knee_link,right_ankle_roll_link,right_knee_link,right_ankle_roll_link,-0.027204045253900327,0.027204045253900327,self-collision,False,False
123,right_ankle_intermediate_1_link,right_ankle_roll_link,right_ankle_intermediate_1_link,right_ankle_roll_link,-0.0033614653875139316,0.0033614653875139316,self-collision,False,False
123,left_knee_link,left_ankle_roll_link,left_knee_link,left_ankle_roll_link,-0.04030279719924784,0.04030279719924784,self-collision,False,False
123,left_rubber_hand_link,largebox,left_rubber_hand_link,largebox_link,-0.0006046236085628237,0.0006046236085628237,hand-box,True,False
124,ground,right_ankle_roll_sphere_2_link,world,right_ankle_roll_sphere_2_link,-0.0009903360660819356,0.0009903360660819356,foot-ground,True,False
124,right_rubber_hand_link,largebox,right_rubber_hand_link,largebox_link,-0.00051771662383987,0.00051771662383987,hand-box,True,False
124,left_shoulder_yaw_link,largebox,left_shoulder_yaw_link,largebox_link,-0.0006421930412052884,0.0006421930412052884,other-body-box,False,True
124,torso_link,largebox,torso_link,largebox_link,-0.0009602905971021203,0.0009602905971021203,other-body-box,False,True
124,ground,right_ankle_roll_link,world,right_ankle_roll_link,-0.0015640474091044784,0.0015640474091044784,foot-ground,True,False
124,right_knee_link,right_ankle_roll_link,right_knee_link,right_ankle_roll_link,-0.02840188228224877,0.02840188228224877,self-collision,False,False
124,right_ankle_intermediate_1_link,right_ankle_roll_link,right_ankle_intermediate_1_link,right_ankle_roll_link,-0.003287511774839033,0.003287511774839033,self-collision,False,False
124,left_knee_link,left_ankle_roll_link,left_knee_link,left_ankle_roll_link,-0.04087785723610002,0.04087785723610002,self-collision,False,False
124,left_rubber_hand_link,largebox,left_rubber_hand_link,largebox_link,-0.0002561870927600546,0.0002561870927600546,hand-box,True,False
125,ground,right_ankle_roll_sphere_2_link,world,right_ankle_roll_sphere_2_link,-0.000989672825428371,0.000989672825428371,foot-ground,True,False
125,left_shoulder_yaw_link,largebox,left_shoulder_yaw_link,largebox_link,-0.0007415934019099207,0.0007415934019099207,other-body-box,False,True
125,torso_link,largebox,torso_link,largebox_link,-0.0009925084969281545,0.0009925084969281545,other-body-box,False,True
125,ground,right_ankle_roll_link,world,right_ankle_roll_link,-0.001549843654264027,0.001549843654264027,foot-ground,True,False
125,right_knee_link,right_ankle_roll_link,right_knee_link,right_ankle_roll_link,-0.029427066768788313,0.029427066768788313,self-collision,False,False
125,right_ankle_intermediate_1_link,right_ankle_roll_link,right_ankle_intermediate_1_link,right_ankle_roll_link,-0.003155395717096887,0.003155395717096887,self-collision,False,False
125,left_knee_link,left_ankle_roll_link,left_knee_link,left_ankle_roll_link,-0.04189839732398676,0.04189839732398676,self-collision,False,False
125,left_rubber_hand_link,largebox,left_rubber_hand_link,largebox_link,-0.0004342754604916288,0.0004342754604916288,hand-box,True,False
126,ground,right_ankle_roll_sphere_2_link,world,right_ankle_roll_sphere_2_link,-0.0009946637388228317,0.0009946637388228317,foot-ground,True,False
126,right_rubber_hand_link,largebox,right_rubber_hand_link,largebox_link,-0.0009078614339480678,0.0009078614339480678,hand-box,True,False
126,left_shoulder_yaw_link,largebox,left_shoulder_yaw_link,largebox_link,-0.0007983879763933249,0.0007983879763933249,other-body-box,False,True
126,torso_link,largebox,torso_link,largebox_link,-0.0009689846352833043,0.0009689846352833043,other-body-box,False,True
126,ground,right_ankle_roll_link,world,right_ankle_roll_link,-0.001568668597384755,0.001568668597384755,foot-ground,True,False
126,right_knee_link,right_ankle_roll_link,right_knee_link,right_ankle_roll_link,-0.03042595496041947,0.03042595496041947,self-collision,False,False
126,right_ankle_intermediate_1_link,right_ankle_roll_link,right_ankle_intermediate_1_link,right_ankle_roll_link,-0.003164088068675852,0.003164088068675852,self-collision,False,False
126,left_knee_link,left_ankle_roll_link,left_knee_link,left_ankle_roll_link,-0.042886653043306966,0.042886653043306966,self-collision,False,False
126,left_rubber_hand_link,largebox,left_rubber_hand_link,largebox_link,-0.0004654058126092042,0.0004654058126092042,hand-box,True,False
127,ground,right_ankle_roll_sphere_2_link,world,right_ankle_roll_sphere_2_link,-0.000993723240738177,0.000993723240738177,foot-ground,True,False
127,right_rubber_hand_link,largebox,right_rubber_hand_link,largebox_link,-0.0009464601261461175,0.0009464601261461175,hand-box,True,False
127,left_shoulder_yaw_link,largebox,left_shoulder_yaw_link,largebox_link,-0.0007652388229031915,0.0007652388229031915,other-body-box,False,True
127,torso_link,largebox,torso_link,largebox_link,-0.0009746444201629983,0.0009746444201629983,other-body-box,False,True
127,ground,right_ankle_roll_link,world,right_ankle_roll_link,-0.0015749906036480778,0.0015749906036480778,foot-ground,True,False
127,right_knee_link,right_ankle_roll_link,right_knee_link,right_ankle_roll_link,-0.030993273275695926,0.030993273275695926,self-collision,False,False
127,right_ankle_intermediate_1_link,right_ankle_roll_link,right_ankle_intermediate_1_link,right_ankle_roll_link,-0.003203594881274585,0.003203594881274585,self-collision,False,False
127,left_knee_link,left_ankle_roll_link,left_knee_link,left_ankle_roll_link,-0.04242680859294698,0.04242680859294698,self-collision,False,False
127,left_rubber_hand_link,largebox,left_rubber_hand_link,largebox_link,-0.0010363903808190272,0.0010363903808190272,hand-box,True,False
128,ground,right_ankle_roll_sphere_2_link,world,right_ankle_roll_sphere_2_link,-0.0009961683166409925,0.0009961683166409925,foot-ground,True,False
128,right_rubber_hand_link,largebox,right_rubber_hand_link,largebox_link,-0.0008018153066416261,0.0008018153066416261,hand-box,True,False
128,left_shoulder_yaw_link,largebox,left_shoulder_yaw_link,largebox_link,-0.0007494985192321724,0.0007494985192321724,other-body-box,False,True
128,torso_link,largebox,torso_link,largebox_link,-0.0009759685669387397,0.0009759685669387397,other-body-box,False,True
128,ground,right_ankle_roll_link,world,right_ankle_roll_link,-0.0015873422905451906,0.0015873422905451906,foot-ground,True,False
128,right_knee_link,right_ankle_roll_link,right_knee_link,right_ankle_roll_link,-0.030978768973173143,0.030978768973173143,self-collision,False,False
128,right_ankle_intermediate_1_link,right_ankle_roll_link,right_ankle_intermediate_1_link,right_ankle_roll_link,-0.003183437022723515,0.003183437022723515,self-collision,False,False
128,left_knee_link,left_ankle_roll_link,left_knee_link,left_ankle_roll_link,-0.04222152951703756,0.04222152951703756,self-collision,False,False
128,left_rubber_hand_link,largebox,left_rubber_hand_link,largebox_link,-0.0005603168903969974,0.0005603168903969974,hand-box,True,False
129,ground,right_ankle_roll_sphere_2_link,world,right_ankle_roll_sphere_2_link,-0.0009941955078591911,0.0009941955078591911,foot-ground,True,False
129,right_rubber_hand_link,largebox,right_rubber_hand_link,largebox_link,-0.0007882540592145659,0.0007882540592145659,hand-box,True,False
129,left_shoulder_yaw_link,largebox,left_shoulder_yaw_link,largebox_link,-0.0007544995022814166,0.0007544995022814166,other-body-box,False,True
129,torso_link,largebox,torso_link,largebox_link,-0.0009868337447820758,0.0009868337447820758,other-body-box,False,True
129,ground,right_ankle_roll_link,world,right_ankle_roll_link,-0.0015659091413840823,0.0015659091413840823,foot-ground,True,False
129,right_knee_link,right_ankle_roll_link,right_knee_link,right_ankle_roll_link,-0.030786384920770765,0.030786384920770765,self-collision,False,False
129,right_ankle_intermediate_1_link,right_ankle_roll_link,right_ankle_intermediate_1_link,right_ankle_roll_link,-0.003130224449260227,0.003130224449260227,self-collision,False,False
129,left_knee_link,left_ankle_roll_link,left_knee_link,left_ankle_roll_link,-0.041981560899819165,0.041981560899819165,self-collision,False,False
129,left_rubber_hand_link,largebox,left_rubber_hand_link,largebox_link,-0.0002546596799305745,0.0002546596799305745,hand-box,True,False
130,ground,right_ankle_roll_sphere_2_link,world,right_ankle_roll_sphere_2_link,-0.000994947955284267,0.000994947955284267,foot-ground,True,False
130,right_rubber_hand_link,largebox,right_rubber_hand_link,largebox_link,-0.0008069905260018051,0.0008069905260018051,hand-box,True,False
130,left_shoulder_yaw_link,largebox,left_shoulder_yaw_link,largebox_link,-0.0007539760536052764,0.0007539760536052764,other-body-box,False,True
130,torso_link,largebox,torso_link,largebox_link,-0.0009054850640481948,0.0009054850640481948,other-body-box,False,True
130,ground,right_ankle_roll_link,world,right_ankle_roll_link,-0.0015540383583114506,0.0015540383583114506,foot-ground,True,False
130,right_knee_link,right_ankle_roll_link,right_knee_link,right_ankle_roll_link,-0.030658929233038007,0.030658929233038007,self-collision,False,False
130,right_ankle_intermediate_1_link,right_ankle_roll_link,right_ankle_intermediate_1_link,right_ankle_roll_link,-0.0032268449634788032,0.0032268449634788032,self-collision,False,False
130,left_knee_link,left_ankle_roll_link,left_knee_link,left_ankle_roll_link,-0.0413243495419853,0.0413243495419853,self-collision,False,False
130,left_rubber_hand_link,largebox,left_rubber_hand_link,largebox_link,-7.588483645996902e-05,7.588483645996902e-05,hand-box,True,False
131,ground,right_ankle_roll_sphere_2_link,world,right_ankle_roll_sphere_2_link,-0.0009921969957340402,0.0009921969957340402,foot-ground,True,False
131,right_rubber_hand_link,largebox,right_rubber_hand_link,largebox_link,-0.0007680239857275756,0.0007680239857275756,hand-box,True,False
131,left_shoulder_yaw_link,largebox,left_shoulder_yaw_link,largebox_link,-0.0006767068192537057,0.0006767068192537057,other-body-box,False,True
131,ground,right_ankle_roll_link,world,right_ankle_roll_link,-0.0015307236774270983,0.0015307236774270983,foot-ground,True,False
131,right_knee_link,right_ankle_roll_link,right_knee_link,right_ankle_roll_link,-0.030379668578071783,0.030379668578071783,self-collision,False,False
131,right_ankle_intermediate_1_link,right_ankle_roll_link,right_ankle_intermediate_1_link,right_ankle_roll_link,-0.003143577845986553,0.003143577845986553,self-collision,False,False
131,left_knee_link,left_ankle_roll_link,left_knee_link,left_ankle_roll_link,-0.04051481782692409,0.04051481782692409,self-collision,False,False
132,ground,right_ankle_roll_sphere_2_link,world,right_ankle_roll_sphere_2_link,-0.000992816222738213,0.000992816222738213,foot-ground,True,False
132,right_rubber_hand_link,largebox,right_rubber_hand_link,largebox_link,-0.0007858786574602566,0.0007858786574602566,hand-box,True,False
132,left_shoulder_yaw_link,largebox,left_shoulder_yaw_link,largebox_link,-0.0007153984997719381,0.0007153984997719381,other-body-box,False,True
132,ground,right_ankle_roll_link,world,right_ankle_roll_link,-0.0015131807969232178,0.0015131807969232178,foot-ground,True,False
132,ground,left_ankle_roll_sphere_2_link,world,left_ankle_roll_sphere_2_link,-0.0005985636933621584,0.0005985636933621584,foot-ground,True,False
132,right_knee_link,right_ankle_roll_link,right_knee_link,right_ankle_roll_link,-0.030150453775372926,0.030150453775372926,self-collision,False,False
132,right_ankle_intermediate_1_link,right_ankle_roll_link,right_ankle_intermediate_1_link,right_ankle_roll_link,-0.003142572094515239,0.003142572094515239,self-collision,False,False
132,ground,left_ankle_roll_link,world,left_ankle_roll_link,-0.0009810931944144383,0.0009810931944144383,foot-ground,True,False
132,left_knee_link,left_ankle_roll_link,left_knee_link,left_ankle_roll_link,-0.03948778471456155,0.03948778471456155,self-collision,False,False
133,ground,right_ankle_roll_sphere_2_link,world,right_ankle_roll_sphere_2_link,-0.0009963898063206243,0.0009963898063206243,foot-ground,True,False
133,right_rubber_hand_link,largebox,right_rubber_hand_link,largebox_link,-0.0008683648957297369,0.0008683648957297369,hand-box,True,False
133,left_shoulder_yaw_link,largebox,left_shoulder_yaw_link,largebox_link,-0.0007353134130368144,0.0007353134130368144,other-body-box,False,True
133,ground,right_ankle_roll_link,world,right_ankle_roll_link,-0.0015050619077614756,0.0015050619077614756,foot-ground,True,False
133,ground,left_ankle_roll_sphere_2_link,world,left_ankle_roll_sphere_2_link,-0.0005116169496419852,0.0005116169496419852,foot-ground,True,False
133,ground,right_ankle_roll_sphere_4_link,world,right_ankle_roll_sphere_4_link,-5.511817025264081e-05,5.511817025264081e-05,foot-ground,True,False
133,right_knee_link,right_ankle_roll_link,right_knee_link,right_ankle_roll_link,-0.029728013066069453,0.029728013066069453,self-collision,False,False
133,right_ankle_intermediate_1_link,right_ankle_roll_link,right_ankle_intermediate_1_link,right_ankle_roll_link,-0.003240692526276248,0.003240692526276248,self-collision,False,False
133,ground,left_ankle_roll_link,world,left_ankle_roll_link,-0.0009372111398321843,0.0009372111398321843,foot-ground,True,False
133,left_knee_link,left_ankle_roll_link,left_knee_link,left_ankle_roll_link,-0.03485115300494515,0.03485115300494515,self-collision,False,False
134,ground,right_ankle_roll_sphere_2_link,world,right_ankle_roll_sphere_2_link,-0.0009922302175765533,0.0009922302175765533,foot-ground,True,False
134,right_rubber_hand_link,largebox,right_rubber_hand_link,largebox_link,-0.0009370767192105889,0.0009370767192105889,hand-box,True,False
134,left_ankle_intermediate_1_link,left_ankle_roll_link,left_ankle_intermediate_1_link,left_ankle_roll_link,-0.0028003468785609,0.0028003468785609,self-collision,False,False
134,left_shoulder_yaw_link,largebox,left_shoulder_yaw_link,largebox_link,-0.0005441408617817001,0.0005441408617817001,other-body-box,False,True
134,ground,right_ankle_roll_link,world,right_ankle_roll_link,-0.0014800661923513557,0.0014800661923513557,foot-ground,True,False
134,ground,left_ankle_roll_sphere_2_link,world,left_ankle_roll_sphere_2_link,-0.00023846394677972099,0.00023846394677972099,foot-ground,True,False
134,ground,right_ankle_roll_sphere_4_link,world,right_ankle_roll_sphere_4_link,-0.00012243897212032683,0.00012243897212032683,foot-ground,True,False
134,right_knee_link,right_ankle_roll_link,right_knee_link,right_ankle_roll_link,-0.029707033205363637,0.029707033205363637,self-collision,False,False
134,right_ankle_intermediate_1_link,right_ankle_roll_link,right_ankle_intermediate_1_link,right_ankle_roll_link,-0.0032299944709375944,0.0032299944709375944,self-collision,False,False
134,ground,left_ankle_roll_link,world,left_ankle_roll_link,-0.0009558227328419211,0.0009558227328419211,foot-ground,True,False
134,left_knee_link,left_ankle_roll_link,left_knee_link,left_ankle_roll_link,-0.028867790201781512,0.028867790201781512,self-collision,False,False
134,left_rubber_hand_link,largebox,left_rubber_hand_link,largebox_link,-0.00034753520147784434,0.00034753520147784434,hand-box,True,False
135,ground,right_ankle_roll_sphere_2_link,world,right_ankle_roll_sphere_2_link,-0.0009952905875699842,0.0009952905875699842,foot-ground,True,False
135,right_rubber_hand_link,largebox,right_rubber_hand_link,largebox_link,-0.0008098673981227766,0.0008098673981227766,hand-box,True,False
135,ground,left_ankle_roll_sphere_5_link,world,left_ankle_roll_sphere_5_link,-0.0006009522947184277,0.0006009522947184277,foot-ground,True,False
135,left_ankle_intermediate_1_link,left_ankle_roll_link,left_ankle_intermediate_1_link,left_ankle_roll_link,-0.002674497323613814,0.002674497323613814,self-collision,False,False
135,left_shoulder_yaw_link,largebox,left_shoulder_yaw_link,largebox_link,-0.0004986949954123576,0.0004986949954123576,other-body-box,False,True
135,ground,right_ankle_roll_link,world,right_ankle_roll_link,-0.0014746861836520478,0.0014746861836520478,foot-ground,True,False
135,ground,left_ankle_roll_sphere_2_link,world,left_ankle_roll_sphere_2_link,-0.0005615439207197854,0.0005615439207197854,foot-ground,True,False
135,ground,right_ankle_roll_sphere_4_link,world,right_ankle_roll_sphere_4_link,-0.00015414826998540795,0.00015414826998540795,foot-ground,True,False
135,right_knee_link,right_ankle_roll_link,right_knee_link,right_ankle_roll_link,-0.029744859178083366,0.029744859178083366,self-collision,False,False
135,right_ankle_intermediate_1_link,right_ankle_roll_link,right_ankle_intermediate_1_link,right_ankle_roll_link,-0.003190008585109372,0.003190008585109372,self-collision,False,False
135,ground,left_ankle_roll_link,world,left_ankle_roll_link,-0.0014188504600885082,0.0014188504600885082,foot-ground,True,False
135,left_knee_link,left_ankle_roll_link,left_knee_link,left_ankle_roll_link,-0.024685601760274553,0.024685601760274553,self-collision,False,False
135,left_rubber_hand_link,largebox,left_rubber_hand_link,largebox_link,-0.00014282169673136835,0.00014282169673136835,hand-box,True,False
135,ground,left_ankle_roll_sphere_3_link,world,left_ankle_roll_sphere_3_link,-0.0001317934929591048,0.0001317934929591048,foot-ground,True,False
135,ground,left_ankle_roll_sphere_4_link,world,left_ankle_roll_sphere_4_link,-0.0009868128947748958,0.0009868128947748958,foot-ground,True,False
136,ground,right_ankle_roll_sphere_2_link,world,right_ankle_roll_sphere_2_link,-0.0009968823818330861,0.0009968823818330861,foot-ground,True,False
136,right_rubber_hand_link,largebox,right_rubber_hand_link,largebox_link,-0.0008305068687406714,0.0008305068687406714,hand-box,True,False
136,ground,left_ankle_roll_sphere_5_link,world,left_ankle_roll_sphere_5_link,-0.0008070739101568259,0.0008070739101568259,foot-ground,True,False
136,left_ankle_intermediate_1_link,left_ankle_roll_link,left_ankle_intermediate_1_link,left_ankle_roll_link,-0.0025379564287451445,0.0025379564287451445,self-collision,False,False
136,left_shoulder_yaw_link,largebox,left_shoulder_yaw_link,largebox_link,-0.0004555939774898432,0.0004555939774898432,other-body-box,False,True
136,ground,right_ankle_roll_link,world,right_ankle_roll_link,-0.0014581242320481566,0.0014581242320481566,foot-ground,True,False
136,ground,left_ankle_roll_sphere_1_link,world,left_ankle_roll_sphere_1_link,-0.0006868946268797247,0.0006868946268797247,foot-ground,True,False
136,ground,left_ankle_roll_sphere_2_link,world,left_ankle_roll_sphere_2_link,-0.0009965236917876255,0.0009965236917876255,foot-ground,True,False
136,ground,right_ankle_roll_sphere_4_link,world,right_ankle_roll_sphere_4_link,-0.00022567860731983937,0.00022567860731983937,foot-ground,True,False
136,right_knee_link,right_ankle_roll_link,right_knee_link,right_ankle_roll_link,-0.02970278931113729,0.02970278931113729,self-collision,False,False
136,right_ankle_intermediate_1_link,right_ankle_roll_link,right_ankle_intermediate_1_link,right_ankle_roll_link,-0.0032281825197179315,0.0032281825197179315,self-collision,False,False
136,ground,left_ankle_roll_link,world,left_ankle_roll_link,-0.0014490359064977358,0.0014490359064977358,foot-ground,True,False
136,left_knee_link,left_ankle_roll_link,left_knee_link,left_ankle_roll_link,-0.02431793327300441,0.02431793327300441,self-collision,False,False
136,left_rubber_hand_link,largebox,left_rubber_hand_link,largebox_link,-0.00022108904862737366,0.00022108904862737366,hand-box,True,False
136,ground,left_ankle_roll_sphere_3_link,world,left_ankle_roll_sphere_3_link,-0.000624942286914911,0.000624942286914911,foot-ground,True,False
136,ground,left_ankle_roll_sphere_4_link,world,left_ankle_roll_sphere_4_link,-0.0009964971648043905,0.0009964971648043905,foot-ground,True,False
137,ground,right_ankle_roll_sphere_2_link,world,right_ankle_roll_sphere_2_link,-0.0009982071860729523,0.0009982071860729523,foot-ground,True,False
137,right_rubber_hand_link,largebox,right_rubber_hand_link,largebox_link,-0.0008292820315389665,0.0008292820315389665,hand-box,True,False
137,ground,left_ankle_roll_sphere_5_link,world,left_ankle_roll_sphere_5_link,-0.0008075665349430777,0.0008075665349430777,foot-ground,True,False
137,left_ankle_intermediate_1_link,left_ankle_roll_link,left_ankle_intermediate_1_link,left_ankle_roll_link,-0.0025447073415741372,0.0025447073415741372,self-collision,False,False
137,left_shoulder_yaw_link,largebox,left_shoulder_yaw_link,largebox_link,-0.0007504563590373381,0.0007504563590373381,other-body-box,False,True
137,ground,right_ankle_roll_link,world,right_ankle_roll_link,-0.0014441107860475866,0.0014441107860475866,foot-ground,True,False
137,ground,left_ankle_roll_sphere_1_link,world,left_ankle_roll_sphere_1_link,-0.0006873255053615216,0.0006873255053615216,foot-ground,True,False
137,ground,left_ankle_roll_sphere_2_link,world,left_ankle_roll_sphere_2_link,-0.0009970528590042852,0.0009970528590042852,foot-ground,True,False
137,ground,right_ankle_roll_sphere_4_link,world,right_ankle_roll_sphere_4_link,-0.0003734154180800439,0.0003734154180800439,foot-ground,True,False
137,right_knee_link,right_ankle_roll_link,right_knee_link,right_ankle_roll_link,-0.029352859353312,0.029352859353312,self-collision,False,False
137,right_ankle_intermediate_1_link,right_ankle_roll_link,right_ankle_intermediate_1_link,right_ankle_roll_link,-0.003295254441777251,0.003295254441777251,self-collision,False,False
137,ground,left_ankle_roll_link,world,left_ankle_roll_link,-0.0014495940265804863,0.0014495940265804863,foot-ground,True,False
137,left_knee_link,left_ankle_roll_link,left_knee_link,left_ankle_roll_link,-0.02422951069347999,0.02422951069347999,self-collision,False,False
137,left_rubber_hand_link,largebox,left_rubber_hand_link,largebox_link,-0.0005447561594979916,0.0005447561594979916,hand-box,True,False
137,ground,left_ankle_roll_sphere_3_link,world,left_ankle_roll_sphere_3_link,-0.0006253746119405578,0.0006253746119405578,foot-ground,True,False
137,ground,left_ankle_roll_sphere_4_link,world,left_ankle_roll_sphere_4_link,-0.0009970474363118756,0.0009970474363118756,foot-ground,True,False
138,ground,right_ankle_roll_sphere_2_link,world,right_ankle_roll_sphere_2_link,-0.0009989175819046852,0.0009989175819046852,foot-ground,True,False
138,right_rubber_hand_link,largebox,right_rubber_hand_link,largebox_link,-0.0007641481769518621,0.0007641481769518621,hand-box,True,False
138,ground,left_ankle_roll_sphere_5_link,world,left_ankle_roll_sphere_5_link,-0.0008076290175708994,0.0008076290175708994,foot-ground,True,False
138,left_ankle_intermediate_1_link,left_ankle_roll_link,left_ankle_intermediate_1_link,left_ankle_roll_link,-0.0024960800416498896,0.0024960800416498896,self-collision,False,False
138,left_shoulder_yaw_link,largebox,left_shoulder_yaw_link,largebox_link,-0.00035025162972010526,0.00035025162972010526,other-body-box,False,True
138,ground,right_ankle_roll_link,world,right_ankle_roll_link,-0.0014354723303470415,0.0014354723303470415,foot-ground,True,False
138,ground,left_ankle_roll_sphere_1_link,world,left_ankle_roll_sphere_1_link,-0.0006876226688525928,0.0006876226688525928,foot-ground,True,False
138,ground,left_ankle_roll_sphere_2_link,world,left_ankle_roll_sphere_2_link,-0.0009973885708478803,0.0009973885708478803,foot-ground,True,False
138,ground,right_ankle_roll_sphere_4_link,world,right_ankle_roll_sphere_4_link,-0.00040071505355303554,0.00040071505355303554,foot-ground,True,False
138,pelvis_contour_link,left_hip_roll_link,pelvis_contour_link,left_hip_roll_link,-0.0004092503797576974,0.0004092503797576974,self-collision,False,False
138,right_knee_link,right_ankle_roll_link,right_knee_link,right_ankle_roll_link,-0.029289547219367634,0.029289547219367634,self-collision,False,False
138,right_ankle_intermediate_1_link,right_ankle_roll_link,right_ankle_intermediate_1_link,right_ankle_roll_link,-0.0032665538380007575,0.0032665538380007575,self-collision,False,False
138,ground,left_ankle_roll_link,world,left_ankle_roll_link,-0.001449809061748901,0.001449809061748901,foot-ground,True,False
138,left_knee_link,left_ankle_roll_link,left_knee_link,left_ankle_roll_link,-0.024339313626188325,0.024339313626188325,self-collision,False,False
138,ground,left_ankle_roll_sphere_3_link,world,left_ankle_roll_sphere_3_link,-0.0006254406976662864,0.0006254406976662864,foot-ground,True,False
138,ground,left_ankle_roll_sphere_4_link,world,left_ankle_roll_sphere_4_link,-0.0009971597800606342,0.0009971597800606342,foot-ground,True,False
139,ground,right_ankle_roll_sphere_2_link,world,right_ankle_roll_sphere_2_link,-0.0009986978803127903,0.0009986978803127903,foot-ground,True,False
139,pelvis_contour_link,right_hip_roll_link,pelvis_contour_link,right_hip_roll_link,-0.000966123449023984,0.000966123449023984,self-collision,False,False
139,right_rubber_hand_link,largebox,right_rubber_hand_link,largebox_link,-0.0007722679537038174,0.0007722679537038174,hand-box,True,False
139,ground,left_ankle_roll_sphere_5_link,world,left_ankle_roll_sphere_5_link,-0.0008109270014898867,0.0008109270014898867,foot-ground,True,False
139,left_ankle_intermediate_1_link,left_ankle_roll_link,left_ankle_intermediate_1_link,left_ankle_roll_link,-0.002733805569199707,0.002733805569199707,self-collision,False,False
139,left_shoulder_yaw_link,largebox,left_shoulder_yaw_link,largebox_link,-7.327243915554449e-05,7.327243915554449e-05,other-body-box,False,True
139,ground,right_ankle_roll_link,world,right_ankle_roll_link,-0.0014189015301644611,0.0014189015301644611,foot-ground,True,False
139,ground,left_ankle_roll_sphere_1_link,world,left_ankle_roll_sphere_1_link,-0.0006921042511808034,0.0006921042511808034,foot-ground,True,False
139,ground,left_ankle_roll_sphere_2_link,world,left_ankle_roll_sphere_2_link,-0.000996622436868425,0.000996622436868425,foot-ground,True,False
139,ground,right_ankle_roll_sphere_4_link,world,right_ankle_roll_sphere_4_link,-0.0004950832014366099,0.0004950832014366099,foot-ground,True,False
139,pelvis_contour_link,left_hip_roll_link,pelvis_contour_link,left_hip_roll_link,-0.0016838252513050322,0.0016838252513050322,self-collision,False,False
139,ground,right_ankle_roll_sphere_5_link,world,right_ankle_roll_sphere_5_link,-2.6047878504328707e-05,2.6047878504328707e-05,foot-ground,True,False
139,right_knee_link,right_ankle_roll_link,right_knee_link,right_ankle_roll_link,-0.028855865644762058,0.028855865644762058,self-collision,False,False
139,right_ankle_intermediate_1_link,right_ankle_roll_link,right_ankle_intermediate_1_link,right_ankle_roll_link,-0.0032950045004016965,0.0032950045004016965,self-collision,False,False
139,ground,left_ankle_roll_link,world,left_ankle_roll_link,-0.001448574708354581,0.001448574708354581,foot-ground,True,False
139,left_knee_link,left_ankle_roll_link,left_knee_link,left_ankle_roll_link,-0.024590590899853507,0.024590590899853507,self-collision,False,False
139,left_rubber_hand_link,largebox,left_rubber_hand_link,largebox_link,-0.0012886655017366327,0.0012886655017366327,hand-box,True,False
139,ground,left_ankle_roll_sphere_3_link,world,left_ankle_roll_sphere_3_link,-0.0006317357050809698,0.0006317357050809698,foot-ground,True,False
139,ground,right_ankle_roll_sphere_1_link,world,right_ankle_roll_sphere_1_link,-0.00032885450222659967,0.00032885450222659967,foot-ground,True,False
139,ground,left_ankle_roll_sphere_4_link,world,left_ankle_roll_sphere_4_link,-0.0009971575279061192,0.0009971575279061192,foot-ground,True,False
140,ground,right_ankle_roll_sphere_2_link,world,right_ankle_roll_sphere_2_link,-0.0005584313744329506,0.0005584313744329506,foot-ground,True,False
140,pelvis_contour_link,right_hip_roll_link,pelvis_contour_link,right_hip_roll_link,-0.0026859745062156187,0.0026859745062156187,self-collision,False,False
140,right_rubber_hand_link,largebox,right_rubber_hand_link,largebox_link,-0.0010488586746042333,0.0010488586746042333,hand-box,True,False
140,ground,left_ankle_roll_sphere_5_link,world,left_ankle_roll_sphere_5_link,-0.0008077339298980376,0.0008077339298980376,foot-ground,True,False
140,left_ankle_intermediate_1_link,left_ankle_roll_link,left_ankle_intermediate_1_link,left_ankle_roll_link,-0.0028832167821035704,0.0028832167821035704,self-collision,False,False
140,left_shoulder_yaw_link,largebox,left_shoulder_yaw_link,largebox_link,-0.0008537735797600893,0.0008537735797600893,other-body-box,False,True
140,ground,right_ankle_roll_link,world,right_ankle_roll_link,-0.0014089943534988589,0.0014089943534988589,foot-ground,True,False
140,ground,left_ankle_roll_sphere_1_link,world,left_ankle_roll_sphere_1_link,-0.0009974681948612838,0.0009974681948612838,foot-ground,True,False
140,ground,right_ankle_roll_sphere_3_link,world,right_ankle_roll_sphere_3_link,-0.0004268635662860376,0.0004268635662860376,foot-ground,True,False
140,ground,left_ankle_roll_sphere_2_link,world,left_ankle_roll_sphere_2_link,-0.0006870795052917556,0.0006870795052917556,foot-ground,True,False
140,ground,right_ankle_roll_sphere_4_link,world,right_ankle_roll_sphere_4_link,-0.0009992520727796451,0.0009992520727796451,foot-ground,True,False
140,pelvis_contour_link,left_hip_roll_link,pelvis_contour_link,left_hip_roll_link,-0.0028962950671639065,0.0028962950671639065,self-collision,False,False
140,ground,right_ankle_roll_sphere_5_link,world,right_ankle_roll_sphere_5_link,-0.0007593074261374169,0.0007593074261374169,foot-ground,True,False
140,right_knee_link,right_ankle_roll_link,right_knee_link,right_ankle_roll_link,-0.02876105211593699,0.02876105211593699,self-collision,False,False
140,right_ankle_intermediate_1_link,right_ankle_roll_link,right_ankle_intermediate_1_link,right_ankle_roll_link,-0.0032601574909906644,0.0032601574909906644,self-collision,False,False
140,ground,left_ankle_roll_link,world,left_ankle_roll_link,-0.0014506093329881772,0.0014506093329881772,foot-ground,True,False
140,left_knee_link,left_ankle_roll_link,left_knee_link,left_ankle_roll_link,-0.024941706852384476,0.024941706852384476,self-collision,False,False
140,left_rubber_hand_link,largebox,left_rubber_hand_link,largebox_link,-0.001267363769390531,0.001267363769390531,hand-box,True,False
140,ground,left_ankle_roll_sphere_3_link,world,left_ankle_roll_sphere_3_link,-0.000997602924711175,0.000997602924711175,foot-ground,True,False
140,ground,right_ankle_roll_sphere_1_link,world,right_ankle_roll_sphere_1_link,-8.144095235494263e-05,8.144095235494263e-05,foot-ground,True,False
140,ground,left_ankle_roll_sphere_4_link,world,left_ankle_roll_sphere_4_link,-0.0006251364972277426,0.0006251364972277426,foot-ground,True,False
141,ground,right_ankle_roll_sphere_2_link,world,right_ankle_roll_sphere_2_link,-0.0006284799957917931,0.0006284799957917931,foot-ground,True,False
141,pelvis_contour_link,right_hip_roll_link,pelvis_contour_link,right_hip_roll_link,-0.0040688752508234866,0.0040688752508234866,self-collision,False,False
141,right_rubber_hand_link,largebox,right_rubber_hand_link,largebox_link,-0.0006360825532933656,0.0006360825532933656,hand-box,True,False
141,ground,left_ankle_roll_sphere_5_link,world,left_ankle_roll_sphere_5_link,-0.0008087589541473641,0.0008087589541473641,foot-ground,True,False
141,left_ankle_intermediate_1_link,left_ankle_roll_link,left_ankle_intermediate_1_link,left_ankle_roll_link,-0.002922467474546067,0.002922467474546067,self-collision,False,False
141,left_shoulder_yaw_link,largebox,left_shoulder_yaw_link,largebox_link,-0.0006058318446117011,0.0006058318446117011,other-body-box,False,True
141,ground,right_ankle_roll_link,world,right_ankle_roll_link,-0.0013959406304024369,0.0013959406304024369,foot-ground,True,False
141,ground,left_ankle_roll_sphere_1_link,world,left_ankle_roll_sphere_1_link,-0.0009943774175070154,0.0009943774175070154,foot-ground,True,False
141,ground,right_ankle_roll_sphere_3_link,world,right_ankle_roll_sphere_3_link,-0.0006807928139688632,0.0006807928139688632,foot-ground,True,False
141,ground,left_ankle_roll_sphere_2_link,world,left_ankle_roll_sphere_2_link,-0.0006893385154627214,0.0006893385154627214,foot-ground,True,False
141,ground,right_ankle_roll_sphere_4_link,world,right_ankle_roll_sphere_4_link,-0.0009959737802897354,0.0009959737802897354,foot-ground,True,False
141,pelvis_contour_link,left_hip_roll_link,pelvis_contour_link,left_hip_roll_link,-0.003028505820252103,0.003028505820252103,self-collision,False,False
141,ground,right_ankle_roll_sphere_5_link,world,right_ankle_roll_sphere_5_link,-0.0008785278505376746,0.0008785278505376746,foot-ground,True,False
141,right_knee_link,right_ankle_roll_link,right_knee_link,right_ankle_roll_link,-0.028936749610339457,0.028936749610339457,self-collision,False,False
141,right_ankle_intermediate_1_link,right_ankle_roll_link,right_ankle_intermediate_1_link,right_ankle_roll_link,-0.003328640765859231,0.003328640765859231,self-collision,False,False
141,ground,left_ankle_roll_link,world,left_ankle_roll_link,-0.0014470166732113467,0.0014470166732113467,foot-ground,True,False
141,left_knee_link,left_ankle_roll_link,left_knee_link,left_ankle_roll_link,-0.025545453538352775,0.025545453538352775,self-collision,False,False
141,left_rubber_hand_link,largebox,left_rubber_hand_link,largebox_link,-0.004040059377028199,0.004040059377028199,hand-box,True,False
141,ground,left_ankle_roll_sphere_3_link,world,left_ankle_roll_sphere_3_link,-0.000995266401935784,0.000995266401935784,foot-ground,True,False
141,ground,right_ankle_roll_sphere_1_link,world,right_ankle_roll_sphere_1_link,-0.0003658291905244025,0.0003658291905244025,foot-ground,True,False
141,ground,left_ankle_roll_sphere_4_link,world,left_ankle_roll_sphere_4_link,-0.0006292197194826326,0.0006292197194826326,foot-ground,True,False
142,ground,right_ankle_roll_sphere_2_link,world,right_ankle_roll_sphere_2_link,-0.0006580586173387309,0.0006580586173387309,foot-ground,True,False
142,pelvis_contour_link,right_hip_roll_link,pelvis_contour_link,right_hip_roll_link,-0.005095906068719944,0.005095906068719944,self-collision,False,False
142,right_rubber_hand_link,largebox,right_rubber_hand_link,largebox_link,-0.0010069318694856527,0.0010069318694856527,hand-box,True,False
142,ground,left_ankle_roll_sphere_5_link,world,left_ankle_roll_sphere_5_link,-0.0008087628798844121,0.0008087628798844121,foot-ground,True,False
142,left_ankle_intermediate_1_link,left_ankle_roll_link,left_ankle_intermediate_1_link,left_ankle_roll_link,-0.0027292641258798434,0.0027292641258798434,self-collision,False,False
142,left_shoulder_yaw_link,largebox,left_shoulder_yaw_link,largebox_link,-2.273742546542168e-05,2.273742546542168e-05,other-body-box,False,True
142,ground,right_ankle_roll_link,world,right_ankle_roll_link,-0.0014077714241992369,0.0014077714241992369,foot-ground,True,False
142,ground,left_ankle_roll_sphere_1_link,world,left_ankle_roll_sphere_1_link,-0.000993892924016279,0.000993892924016279,foot-ground,True,False
142,ground,right_ankle_roll_sphere_3_link,world,right_ankle_roll_sphere_3_link,-0.0009182095790554934,0.0009182095790554934,foot-ground,True,False
142,ground,left_ankle_roll_sphere_2_link,world,left_ankle_roll_sphere_2_link,-0.0006889209672103344,0.0006889209672103344,foot-ground,True,False
142,ground,right_ankle_roll_sphere_4_link,world,right_ankle_roll_sphere_4_link,-0.0009961116360765248,0.0009961116360765248,foot-ground,True,False
142,pelvis_contour_link,left_hip_roll_link,pelvis_contour_link,left_hip_roll_link,-0.004271385249019544,0.004271385249019544,self-collision,False,False
142,ground,right_ankle_roll_sphere_5_link,world,right_ankle_roll_sphere_5_link,-0.0009961678052898574,0.0009961678052898574,foot-ground,True,False
142,right_knee_link,right_ankle_roll_link,right_knee_link,right_ankle_roll_link,-0.02898921053447273,0.02898921053447273,self-collision,False,False
142,right_ankle_intermediate_1_link,right_ankle_roll_link,right_ankle_intermediate_1_link,right_ankle_roll_link,-0.003212993374752421,0.003212993374752421,self-collision,False,False
142,ground,left_ankle_roll_link,world,left_ankle_roll_link,-0.0014467487179774426,0.0014467487179774426,foot-ground,True,False
142,left_knee_link,left_ankle_roll_link,left_knee_link,left_ankle_roll_link,-0.027430640315064175,0.027430640315064175,self-collision,False,False
142,left_rubber_hand_link,largebox,left_rubber_hand_link,largebox_link,-0.0009376997294029549,0.0009376997294029549,hand-box,True,False
142,ground,left_ankle_roll_sphere_3_link,world,left_ankle_roll_sphere_3_link,-0.0009951822714131245,0.0009951822714131245,foot-ground,True,False
142,ground,right_ankle_roll_sphere_1_link,world,right_ankle_roll_sphere_1_link,-0.0005931402364878725,0.0005931402364878725,foot-ground,True,False
142,ground,left_ankle_roll_sphere_4_link,world,left_ankle_roll_sphere_4_link,-0.0006292159232459916,0.0006292159232459916,foot-ground,True,False
143,ground,right_ankle_roll_sphere_2_link,world,right_ankle_roll_sphere_2_link,-0.0006584972936432799,0.0006584972936432799,foot-ground,True,False
143,pelvis_contour_link,right_hip_roll_link,pelvis_contour_link,right_hip_roll_link,-0.005885402865554584,0.005885402865554584,self-collision,False,False
143,right_rubber_hand_link,largebox,right_rubber_hand_link,largebox_link,-0.0008084291617154599,0.0008084291617154599,hand-box,True,False
143,ground,left_ankle_roll_sphere_5_link,world,left_ankle_roll_sphere_5_link,-0.0008021852410260355,0.0008021852410260355,foot-ground,True,False
143,left_ankle_intermediate_1_link,left_ankle_roll_link,left_ankle_intermediate_1_link,left_ankle_roll_link,-0.0028279945108958954,0.0028279945108958954,self-collision,False,False
143,left_shoulder_yaw_link,largebox,left_shoulder_yaw_link,largebox_link,-0.0006629721793740412,0.0006629721793740412,other-body-box,False,True
143,ground,right_ankle_roll_link,world,right_ankle_roll_link,-0.001407907236966436,0.001407907236966436,foot-ground,True,False
143,ground,left_ankle_roll_sphere_1_link,world,left_ankle_roll_sphere_1_link,-0.0009906626795106238,0.0009906626795106238,foot-ground,True,False
143,ground,right_ankle_roll_sphere_3_link,world,right_ankle_roll_sphere_3_link,-0.0009183032517424859,0.0009183032517424859,foot-ground,True,False
143,ground,left_ankle_roll_sphere_2_link,world,left_ankle_roll_sphere_2_link,-0.0006800032964334136,0.0006800032964334136,foot-ground,True,False
143,ground,right_ankle_roll_sphere_4_link,world,right_ankle_roll_sphere_4_link,-0.0009962889115001433,0.0009962889115001433,foot-ground,True,False
143,pelvis_contour_link,left_hip_roll_link,pelvis_contour_link,left_hip_roll_link,-0.00500611387185694,0.00500611387185694,self-collision,False,False
143,ground,right_ankle_roll_sphere_5_link,world,right_ankle_roll_sphere_5_link,-0.000996271706665673,0.000996271706665673,foot-ground,True,False
143,right_knee_link,right_ankle_roll_link,right_knee_link,right_ankle_roll_link,-0.029352686761102226,0.029352686761102226,self-collision,False,False
143,right_ankle_intermediate_1_link,right_ankle_roll_link,right_ankle_intermediate_1_link,right_ankle_roll_link,-0.0032014102832720187,0.0032014102832720187,self-collision,False,False
143,ground,left_ankle_roll_link,world,left_ankle_roll_link,-0.0014445763758881847,0.0014445763758881847,foot-ground,True,False
143,left_knee_link,left_ankle_roll_link,left_knee_link,left_ankle_roll_link,-0.028543523828988754,0.028543523828988754,self-collision,False,False
143,left_rubber_hand_link,largebox,left_rubber_hand_link,largebox_link,-0.0031159309391424056,0.0031159309391424056,hand-box,True,False
143,ground,left_ankle_roll_sphere_3_link,world,left_ankle_roll_sphere_3_link,-0.0009920701073929906,0.0009920701073929906,foot-ground,True,False
143,ground,right_ankle_roll_sphere_1_link,world,right_ankle_roll_sphere_1_link,-0.0005935092438452338,0.0005935092438452338,foot-ground,True,False
143,ground,left_ankle_roll_sphere_4_link,world,left_ankle_roll_sphere_4_link,-0.0006192788477003405,0.0006192788477003405,foot-ground,True,False
144,ground,right_ankle_roll_sphere_2_link,world,right_ankle_roll_sphere_2_link,-0.0006564361778266933,0.0006564361778266933,foot-ground,True,False
144,pelvis_contour_link,right_hip_roll_link,pelvis_contour_link,right_hip_roll_link,-0.00596133662541147,0.00596133662541147,self-collision,False,False
144,right_rubber_hand_link,largebox,right_rubber_hand_link,largebox_link,-0.000838714976157548,0.000838714976157548,hand-box,True,False
144,ground,left_ankle_roll_sphere_5_link,world,left_ankle_roll_sphere_5_link,-0.0008002287197676058,0.0008002287197676058,foot-ground,True,False
144,left_ankle_intermediate_1_link,left_ankle_roll_link,left_ankle_intermediate_1_link,left_ankle_roll_link,-0.002707760356761707,0.002707760356761707,self-collision,False,False
144,left_shoulder_yaw_link,largebox,left_shoulder_yaw_link,largebox_link,-0.0004955237463220852,0.0004955237463220852,other-body-box,False,True
144,ground,right_ankle_roll_link,world,right_ankle_roll_link,-0.0014047865841667895,0.0014047865841667895,foot-ground,True,False
144,ground,left_ankle_roll_sphere_1_link,world,left_ankle_roll_sphere_1_link,-0.000986326766281835,0.000986326766281835,foot-ground,True,False
144,ground,right_ankle_roll_sphere_3_link,world,right_ankle_roll_sphere_3_link,-0.0009154569031814856,0.0009154569031814856,foot-ground,True,False
144,ground,left_ankle_roll_sphere_2_link,world,left_ankle_roll_sphere_2_link,-0.0006776716391256243,0.0006776716391256243,foot-ground,True,False
144,ground,right_ankle_roll_sphere_4_link,world,right_ankle_roll_sphere_4_link,-0.000993220496641664,0.000993220496641664,foot-ground,True,False
144,pelvis_contour_link,left_hip_roll_link,pelvis_contour_link,left_hip_roll_link,-0.005020436861964933,0.005020436861964933,self-collision,False,False
144,ground,right_ankle_roll_sphere_5_link,world,right_ankle_roll_sphere_5_link,-0.0009931979963068637,0.0009931979963068637,foot-ground,True,False
144,right_knee_link,right_ankle_roll_link,right_knee_link,right_ankle_roll_link,-0.03010965306458316,0.03010965306458316,self-collision,False,False
144,right_ankle_intermediate_1_link,right_ankle_roll_link,right_ankle_intermediate_1_link,right_ankle_roll_link,-0.003127622175821465,0.003127622175821465,self-collision,False,False
144,left_wrist_pitch_link,largebox,left_wrist_pitch_link,largebox_link,-0.000186421582050747,0.000186421582050747,other-body-box,False,True
144,ground,left_ankle_roll_link,world,left_ankle_roll_link,-0.001440479523348668,0.001440479523348668,foot-ground,True,False
144,left_knee_link,left_ankle_roll_link,left_knee_link,left_ankle_roll_link,-0.029964354931520776,0.029964354931520776,self-collision,False,False
144,left_rubber_hand_link,largebox,left_rubber_hand_link,largebox_link,-0.0037840268161439955,0.0037840268161439955,hand-box,True,False
144,ground,left_ankle_roll_sphere_3_link,world,left_ankle_roll_sphere_3_link,-0.0009887660574230293,0.0009887660574230293,foot-ground,True,False
144,ground,right_ankle_roll_sphere_1_link,world,right_ankle_roll_sphere_1_link,-0.0005916331832765435,0.0005916331832765435,foot-ground,True,False
144,ground,left_ankle_roll_sphere_4_link,world,left_ankle_roll_sphere_4_link,-0.0006183799048355759,0.0006183799048355759,foot-ground,True,False
145,ground,right_ankle_roll_sphere_2_link,world,right_ankle_roll_sphere_2_link,-0.0006566420012979702,0.0006566420012979702,foot-ground,True,False
145,pelvis_contour_link,right_hip_roll_link,pelvis_contour_link,right_hip_roll_link,-0.006471009429955266,0.006471009429955266,self-collision,False,False
145,right_rubber_hand_link,largebox,right_rubber_hand_link,largebox_link,-0.0009777325044816876,0.0009777325044816876,hand-box,True,False
145,ground,left_ankle_roll_sphere_5_link,world,left_ankle_roll_sphere_5_link,-0.0008006818310932256,0.0008006818310932256,foot-ground,True,False
145,left_ankle_intermediate_1_link,left_ankle_roll_link,left_ankle_intermediate_1_link,left_ankle_roll_link,-0.0026888865755875097,0.0026888865755875097,self-collision,False,False
145,left_shoulder_yaw_link,largebox,left_shoulder_yaw_link,largebox_link,-0.002028459557952264,0.002028459557952264,other-body-box,False,True
145,ground,right_ankle_roll_link,world,right_ankle_roll_link,-0.0014044978790563184,0.0014044978790563184,foot-ground,True,False
145,ground,left_ankle_roll_sphere_1_link,world,left_ankle_roll_sphere_1_link,-0.0009861995483011086,0.0009861995483011086,foot-ground,True,False
145,ground,right_ankle_roll_sphere_3_link,world,right_ankle_roll_sphere_3_link,-0.0009153018127812411,0.0009153018127812411,foot-ground,True,False
145,ground,left_ankle_roll_sphere_2_link,world,left_ankle_roll_sphere_2_link,-0.0006807270153669697,0.0006807270153669697,foot-ground,True,False
145,ground,right_ankle_roll_sphere_4_link,world,right_ankle_roll_sphere_4_link,-0.000992954943825757,0.000992954943825757,foot-ground,True,False
145,pelvis_contour_link,left_hip_roll_link,pelvis_contour_link,left_hip_roll_link,-0.004687236481221546,0.004687236481221546,self-collision,False,False
145,ground,right_ankle_roll_sphere_5_link,world,right_ankle_roll_sphere_5_link,-0.0009929333016298605,0.0009929333016298605,foot-ground,True,False
145,right_knee_link,right_ankle_roll_link,right_knee_link,right_ankle_roll_link,-0.0308131710473723,0.0308131710473723,self-collision,False,False
145,right_ankle_intermediate_1_link,right_ankle_roll_link,right_ankle_intermediate_1_link,right_ankle_roll_link,-0.0030735185721771086,0.0030735185721771086,self-collision,False,False
145,left_wrist_pitch_link,largebox,left_wrist_pitch_link,largebox_link,-0.0004925315070234276,0.0004925315070234276,other-body-box,False,True
145,ground,left_ankle_roll_link,world,left_ankle_roll_link,-0.0014391010001308865,0.0014391010001308865,foot-ground,True,False
145,left_knee_link,left_ankle_roll_link,left_knee_link,left_ankle_roll_link,-0.03167846703534974,0.03167846703534974,self-collision,False,False
145,left_rubber_hand_link,largebox,left_rubber_hand_link,largebox_link,-0.00548920700620302,0.00548920700620302,hand-box,True,False
145,ground,left_ankle_roll_sphere_3_link,world,left_ankle_roll_sphere_3_link,-0.000987416029879058,0.000987416029879058,foot-ground,True,False
145,ground,right_ankle_roll_sphere_1_link,world,right_ankle_roll_sphere_1_link,-0.0005919310587608776,0.0005919310587608776,foot-ground,True,False
145,ground,left_ankle_roll_sphere_4_link,world,left_ankle_roll_sphere_4_link,-0.00062084899035809,0.00062084899035809,foot-ground,True,False
146,ground,right_ankle_roll_sphere_2_link,world,right_ankle_roll_sphere_2_link,-0.0006550128101911979,0.0006550128101911979,foot-ground,True,False
146,pelvis_contour_link,right_hip_roll_link,pelvis_contour_link,right_hip_roll_link,-0.006959538367131798,0.006959538367131798,self-collision,False,False
146,right_rubber_hand_link,largebox,right_rubber_hand_link,largebox_link,-0.0009199940040502258,0.0009199940040502258,hand-box,True,False
146,ground,left_ankle_roll_sphere_5_link,world,left_ankle_roll_sphere_5_link,-0.0008022718784732935,0.0008022718784732935,foot-ground,True,False
146,left_ankle_intermediate_1_link,left_ankle_roll_link,left_ankle_intermediate_1_link,left_ankle_roll_link,-0.0025385976323766962,0.0025385976323766962,self-collision,False,False
146,left_shoulder_yaw_link,largebox,left_shoulder_yaw_link,largebox_link,-0.0031568600167914407,0.0031568600167914407,other-body-box,False,True
146,ground,right_ankle_roll_link,world,right_ankle_roll_link,-0.0014039145594817656,0.0014039145594817656,foot-ground,True,False
146,ground,left_ankle_roll_sphere_1_link,world,left_ankle_roll_sphere_1_link,-0.0009854772195229565,0.0009854772195229565,foot-ground,True,False
146,ground,right_ankle_roll_sphere_3_link,world,right_ankle_roll_sphere_3_link,-0.000914372052253652,0.000914372052253652,foot-ground,True,False
146,ground,left_ankle_roll_sphere_2_link,world,left_ankle_roll_sphere_2_link,-0.0006796988503444219,0.0006796988503444219,foot-ground,True,False
146,ground,right_ankle_roll_sphere_4_link,world,right_ankle_roll_sphere_4_link,-0.000992336714619779,0.000992336714619779,foot-ground,True,False
146,pelvis_contour_link,left_hip_roll_link,pelvis_contour_link,left_hip_roll_link,-0.004945214121160571,0.004945214121160571,self-collision,False,False
146,ground,right_ankle_roll_sphere_5_link,world,right_ankle_roll_sphere_5_link,-0.0009922751892286466,0.0009922751892286466,foot-ground,True,False
146,right_knee_link,right_ankle_roll_link,right_knee_link,right_ankle_roll_link,-0.03208061477177823,0.03208061477177823,self-collision,False,False
146,right_ankle_intermediate_1_link,right_ankle_roll_link,right_ankle_intermediate_1_link,right_ankle_roll_link,-0.003004247625353035,0.003004247625353035,self-collision,False,False
146,left_wrist_pitch_link,largebox,left_wrist_pitch_link,largebox_link,-0.000560464013699094,0.000560464013699094,other-body-box,False,True
146,ground,left_ankle_roll_link,world,left_ankle_roll_link,-0.0014397066281490005,0.0014397066281490005,foot-ground,True,False
146,left_knee_link,left_ankle_roll_link,left_knee_link,left_ankle_roll_link,-0.03288644040039676,0.03288644040039676,self-collision,False,False
146,left_rubber_hand_link,largebox,left_rubber_hand_link,largebox_link,-0.005842949524014082,0.005842949524014082,hand-box,True,False
146,ground,left_ankle_roll_sphere_3_link,world,left_ankle_roll_sphere_3_link,-0.0009889300743446674,0.0009889300743446674,foot-ground,True,False
146,ground,right_ankle_roll_sphere_1_link,world,right_ankle_roll_sphere_1_link,-0.0005900422582194266,0.0005900422582194266,foot-ground,True,False
146,ground,left_ankle_roll_sphere_4_link,world,left_ankle_roll_sphere_4_link,-0.0006219960313304266,0.0006219960313304266,foot-ground,True,False
147,ground,right_ankle_roll_sphere_2_link,world,right_ankle_roll_sphere_2_link,-0.0006590358798466379,0.0006590358798466379,foot-ground,True,False
147,pelvis_contour_link,right_hip_roll_link,pelvis_contour_link,right_hip_roll_link,-0.00696305715634038,0.00696305715634038,self-collision,False,False
147,right_rubber_hand_link,largebox,right_rubber_hand_link,largebox_link,-0.000829590428987878,0.000829590428987878,hand-box,True,False
147,ground,left_ankle_roll_sphere_5_link,world,left_ankle_roll_sphere_5_link,-0.0008029469253764921,0.0008029469253764921,foot-ground,True,False
147,left_shoulder_yaw_link,largebox,left_shoulder_yaw_link,largebox_link,-0.001919482464726216,0.001919482464726216,other-body-box,False,True
147,ground,right_ankle_roll_link,world,right_ankle_roll_link,-0.0014071907940800751,0.0014071907940800751,foot-ground,True,False
147,ground,left_ankle_roll_sphere_1_link,world,left_ankle_roll_sphere_1_link,-0.00099177429859459,0.00099177429859459,foot-ground,True,False
147,ground,right_ankle_roll_sphere_3_link,world,right_ankle_roll_sphere_3_link,-0.000917903311428772,0.000917903311428772,foot-ground,True,False
147,ground,left_ankle_roll_sphere_2_link,world,left_ankle_roll_sphere_2_link,-0.000681271961239841,0.000681271961239841,foot-ground,True,False
147,ground,right_ankle_roll_sphere_4_link,world,right_ankle_roll_sphere_4_link,-0.0009956361963590196,0.0009956361963590196,foot-ground,True,False
147,pelvis_contour_link,left_hip_roll_link,pelvis_contour_link,left_hip_roll_link,-0.00569159969915721,0.00569159969915721,self-collision,False,False
147,ground,right_ankle_roll_sphere_5_link,world,right_ankle_roll_sphere_5_link,-0.000995607704023487,0.000995607704023487,foot-ground,True,False
147,right_knee_link,right_ankle_roll_link,right_knee_link,right_ankle_roll_link,-0.03276045166308733,0.03276045166308733,self-collision,False,False
147,right_ankle_intermediate_1_link,right_ankle_roll_link,right_ankle_intermediate_1_link,right_ankle_roll_link,-0.002964607390813931,0.002964607390813931,self-collision,False,False
147,ground,left_ankle_roll_link,world,left_ankle_roll_link,-0.0014454331858115461,0.0014454331858115461,foot-ground,True,False
147,left_knee_link,left_ankle_roll_link,left_knee_link,left_ankle_roll_link,-0.03406230079792602,0.03406230079792602,self-collision,False,False
147,left_rubber_hand_link,largebox,left_rubber_hand_link,largebox_link,-0.005956921453909594,0.005956921453909594,hand-box,True,False
147,ground,left_ankle_roll_sphere_3_link,world,left_ankle_roll_sphere_3_link,-0.0009927826651094191,0.0009927826651094191,foot-ground,True,False
147,ground,right_ankle_roll_sphere_1_link,world,right_ankle_roll_sphere_1_link,-0.0005942584757380976,0.0005942584757380976,foot-ground,True,False
147,ground,left_ankle_roll_sphere_4_link,world,left_ankle_roll_sphere_4_link,-0.0006201798602837203,0.0006201798602837203,foot-ground,True,False
148,ground,right_ankle_roll_sphere_2_link,world,right_ankle_roll_sphere_2_link,-0.0006576323012738713,0.0006576323012738713,foot-ground,True,False
148,pelvis_contour_link,right_hip_roll_link,pelvis_contour_link,right_hip_roll_link,-0.006762035373941683,0.006762035373941683,self-collision,False,False
148,right_rubber_hand_link,largebox,right_rubber_hand_link,largebox_link,-0.0007358361090880894,0.0007358361090880894,hand-box,True,False
148,ground,left_ankle_roll_sphere_5_link,world,left_ankle_roll_sphere_5_link,-0.0008034743460182915,0.0008034743460182915,foot-ground,True,False
148,left_shoulder_yaw_link,largebox,left_shoulder_yaw_link,largebox_link,-0.0024508682885507477,0.0024508682885507477,other-body-box,False,True
148,ground,right_ankle_roll_link,world,right_ankle_roll_link,-0.0014069874307126168,0.0014069874307126168,foot-ground,True,False
148,ground,left_ankle_roll_sphere_1_link,world,left_ankle_roll_sphere_1_link,-0.0009907985447938977,0.0009907985447938977,foot-ground,True,False
148,ground,right_ankle_roll_sphere_3_link,world,right_ankle_roll_sphere_3_link,-0.0009172589291084289,0.0009172589291084289,foot-ground,True,False
148,ground,left_ankle_roll_sphere_2_link,world,left_ankle_roll_sphere_2_link,-0.0006801617854462023,0.0006801617854462023,foot-ground,True,False
148,ground,right_ankle_roll_sphere_4_link,world,right_ankle_roll_sphere_4_link,-0.0009954023348713896,0.0009954023348713896,foot-ground,True,False
148,pelvis_contour_link,left_hip_roll_link,pelvis_contour_link,left_hip_roll_link,-0.005979221216457525,0.005979221216457525,self-collision,False,False
148,ground,right_ankle_roll_sphere_5_link,world,right_ankle_roll_sphere_5_link,-0.0009953021711801768,0.0009953021711801768,foot-ground,True,False
148,right_knee_link,right_ankle_roll_link,right_knee_link,right_ankle_roll_link,-0.033626464320418964,0.033626464320418964,self-collision,False,False
148,right_ankle_intermediate_1_link,right_ankle_roll_link,right_ankle_intermediate_1_link,right_ankle_roll_link,-0.0027919559273034827,0.0027919559273034827,self-collision,False,False
148,ground,left_ankle_roll_link,world,left_ankle_roll_link,-0.0014452893737206193,0.0014452893737206193,foot-ground,True,False
148,left_knee_link,left_ankle_roll_link,left_knee_link,left_ankle_roll_link,-0.03546106280451039,0.03546106280451039,self-collision,False,False
148,left_rubber_hand_link,largebox,left_rubber_hand_link,largebox_link,-0.006172800127878519,0.006172800127878519,hand-box,True,False
148,ground,left_ankle_roll_sphere_3_link,world,left_ankle_roll_sphere_3_link,-0.0009932254352165671,0.0009932254352165671,foot-ground,True,False
148,ground,right_ankle_roll_sphere_1_link,world,right_ankle_roll_sphere_1_link,-0.0005925127964714052,0.0005925127964714052,foot-ground,True,False
148,ground,left_ankle_roll_sphere_4_link,world,left_ankle_roll_sphere_4_link,-0.0006204613239993327,0.0006204613239993327,foot-ground,True,False
149,ground,right_ankle_roll_sphere_2_link,world,right_ankle_roll_sphere_2_link,-0.0006570701621602939,0.0006570701621602939,foot-ground,True,False
149,pelvis_contour_link,right_hip_roll_link,pelvis_contour_link,right_hip_roll_link,-0.007566965513131879,0.007566965513131879,self-collision,False,False
149,right_rubber_hand_link,largebox,right_rubber_hand_link,largebox_link,-0.0007649534293144022,0.0007649534293144022,hand-box,True,False
149,ground,left_ankle_roll_sphere_5_link,world,left_ankle_roll_sphere_5_link,-0.0008052927495345403,0.0008052927495345403,foot-ground,True,False
149,left_shoulder_yaw_link,largebox,left_shoulder_yaw_link,largebox_link,-0.0007199511657254437,0.0007199511657254437,other-body-box,False,True
149,ground,right_ankle_roll_link,world,right_ankle_roll_link,-0.0014073810105368657,0.0014073810105368657,foot-ground,True,False
149,ground,left_ankle_roll_sphere_1_link,world,left_ankle_roll_sphere_1_link,-0.0009948515187968706,0.0009948515187968706,foot-ground,True,False
149,ground,right_ankle_roll_sphere_3_link,world,right_ankle_roll_sphere_3_link,-0.0009173968778882135,0.0009173968778882135,foot-ground,True,False
149,ground,left_ankle_roll_sphere_2_link,world,left_ankle_roll_sphere_2_link,-0.0006844063043594554,0.0006844063043594554,foot-ground,True,False
149,ground,right_ankle_roll_sphere_4_link,world,right_ankle_roll_sphere_4_link,-0.0009957506011891984,0.0009957506011891984,foot-ground,True,False
149,pelvis_contour_link,left_hip_roll_link,pelvis_contour_link,left_hip_roll_link,-0.005966151913367704,0.005966151913367704,self-collision,False,False
149,ground,right_ankle_roll_sphere_5_link,world,right_ankle_roll_sphere_5_link,-0.0009956503233136639,0.0009956503233136639,foot-ground,True,False
149,right_knee_link,right_ankle_roll_link,right_knee_link,right_ankle_roll_link,-0.03443775957847103,0.03443775957847103,self-collision,False,False
149,ground,left_ankle_roll_link,world,left_ankle_roll_link,-0.0014481096365317435,0.0014481096365317435,foot-ground,True,False
149,left_knee_link,left_ankle_roll_link,left_knee_link,left_ankle_roll_link,-0.036802620881708464,0.036802620881708464,self-collision,False,False
149,left_rubber_hand_link,largebox,left_rubber_hand_link,largebox_link,-0.001141098818795802,0.001141098818795802,hand-box,True,False
149,ground,left_ankle_roll_sphere_3_link,world,left_ankle_roll_sphere_3_link,-0.0009951742110436866,0.0009951742110436866,foot-ground,True,False
149,ground,right_ankle_roll_sphere_1_link,world,right_ankle_roll_sphere_1_link,-0.0005917753927428054,0.0005917753927428054,foot-ground,True,False
149,ground,left_ankle_roll_sphere_4_link,world,left_ankle_roll_sphere_4_link,-0.0006226399537187849,0.0006226399537187849,foot-ground,True,False
150,ground,right_ankle_roll_sphere_2_link,world,right_ankle_roll_sphere_2_link,-0.0006576002880316059,0.0006576002880316059,foot-ground,True,False
150,pelvis_contour_link,right_hip_roll_link,pelvis_contour_link,right_hip_roll_link,-0.0073117089264694846,0.0073117089264694846,self-collision,False,False
150,right_rubber_hand_link,largebox,right_rubber_hand_link,largebox_link,-0.0008042813289152878,0.0008042813289152878,hand-box,True,False
150,ground,left_ankle_roll_sphere_5_link,world,left_ankle_roll_sphere_5_link,-0.0008065894364754972,0.0008065894364754972,foot-ground,True,False
150,left_shoulder_yaw_link,largebox,left_shoulder_yaw_link,largebox_link,-0.000717562548024589,0.000717562548024589,other-body-box,False,True
150,ground,right_ankle_roll_link,world,right_ankle_roll_link,-0.0014073052753344611,0.0014073052753344611,foot-ground,True,False
150,ground,left_ankle_roll_sphere_1_link,world,left_ankle_roll_sphere_1_link,-0.0009936787894993067,0.0009936787894993067,foot-ground,True,False
150,ground,right_ankle_roll_sphere_3_link,world,right_ankle_roll_sphere_3_link,-0.0009174195023006057,0.0009174195023006057,foot-ground,True,False
150,ground,left_ankle_roll_sphere_2_link,world,left_ankle_roll_sphere_2_link,-0.0006853852552537619,0.0006853852552537619,foot-ground,True,False
150,ground,right_ankle_roll_sphere_4_link,world,right_ankle_roll_sphere_4_link,-0.000995717609492362,0.000995717609492362,foot-ground,True,False
150,pelvis_contour_link,left_hip_roll_link,pelvis_contour_link,left_hip_roll_link,-0.005108484920515091,0.005108484920515091,self-collision,False,False
150,ground,right_ankle_roll_sphere_5_link,world,right_ankle_roll_sphere_5_link,-0.0009955794358017514,0.0009955794358017514,foot-ground,True,False
150,right_knee_link,right_ankle_roll_link,right_knee_link,right_ankle_roll_link,-0.0349478356468958,0.0349478356468958,self-collision,False,False
150,ground,left_ankle_roll_link,world,left_ankle_roll_link,-0.001447150206022929,0.001447150206022929,foot-ground,True,False
150,left_knee_link,left_ankle_roll_link,left_knee_link,left_ankle_roll_link,-0.038365373795242796,0.038365373795242796,self-collision,False,False
150,left_rubber_hand_link,largebox,left_rubber_hand_link,largebox_link,-0.0009212565668472034,0.0009212565668472034,hand-box,True,False
150,ground,left_ankle_roll_sphere_3_link,world,left_ankle_roll_sphere_3_link,-0.0009950331976439864,0.0009950331976439864,foot-ground,True,False
150,ground,right_ankle_roll_sphere_1_link,world,right_ankle_roll_sphere_1_link,-0.0005923518653718094,0.0005923518653718094,foot-ground,True,False
150,ground,left_ankle_roll_sphere_4_link,world,left_ankle_roll_sphere_4_link,-0.000625080956549332,0.000625080956549332,foot-ground,True,False
151,ground,right_ankle_roll_sphere_2_link,world,right_ankle_roll_sphere_2_link,-0.0006584304709836486,0.0006584304709836486,foot-ground,True,False
151,pelvis_contour_link,right_hip_roll_link,pelvis_contour_link,right_hip_roll_link,-0.007719095559831871,0.007719095559831871,self-collision,False,False
151,right_rubber_hand_link,largebox,right_rubber_hand_link,largebox_link,-0.0013002086902686866,0.0013002086902686866,hand-box,True,False
151,ground,left_ankle_roll_sphere_5_link,world,left_ankle_roll_sphere_5_link,-0.0008064067454165843,0.0008064067454165843,foot-ground,True,False
151,ground,right_ankle_roll_link,world,right_ankle_roll_link,-0.0014087474420688417,0.0014087474420688417,foot-ground,True,False
151,ground,left_ankle_roll_sphere_1_link,world,left_ankle_roll_sphere_1_link,-0.0009961827940204266,0.0009961827940204266,foot-ground,True,False
151,ground,right_ankle_roll_sphere_3_link,world,right_ankle_roll_sphere_3_link,-0.0009187598755956419,0.0009187598755956419,foot-ground,True,False
151,ground,left_ankle_roll_sphere_2_link,world,left_ankle_roll_sphere_2_link,-0.0006857262214956554,0.0006857262214956554,foot-ground,True,False
151,ground,right_ankle_roll_sphere_4_link,world,right_ankle_roll_sphere_4_link,-0.0009971171377305679,0.0009971171377305679,foot-ground,True,False
151,pelvis_contour_link,left_hip_roll_link,pelvis_contour_link,left_hip_roll_link,-0.0049048463804453185,0.0049048463804453185,self-collision,False,False
151,ground,right_ankle_roll_sphere_5_link,world,right_ankle_roll_sphere_5_link,-0.0009970157884163213,0.0009970157884163213,foot-ground,True,False
151,right_knee_link,right_ankle_roll_link,right_knee_link,right_ankle_roll_link,-0.035601949794358156,0.035601949794358156,self-collision,False,False
151,ground,left_ankle_roll_link,world,left_ankle_roll_link,-0.0014493356250050889,0.0014493356250050889,foot-ground,True,False
151,left_knee_link,left_ankle_roll_link,left_knee_link,left_ankle_roll_link,-0.03931879322123555,0.03931879322123555,self-collision,False,False
151,left_rubber_hand_link,largebox,left_rubber_hand_link,largebox_link,-0.0009321139827950797,0.0009321139827950797,hand-box,True,False
151,ground,left_ankle_roll_sphere_3_link,world,left_ankle_roll_sphere_3_link,-0.000996317295493705,0.000996317295493705,foot-ground,True,False
151,ground,right_ankle_roll_sphere_1_link,world,right_ankle_roll_sphere_1_link,-0.000593132752537878,0.000593132752537878,foot-ground,True,False
151,ground,left_ankle_roll_sphere_4_link,world,left_ankle_roll_sphere_4_link,-0.0006237694084639768,0.0006237694084639768,foot-ground,True,False
152,ground,right_ankle_roll_sphere_2_link,world,right_ankle_roll_sphere_2_link,-0.0006588069831346055,0.0006588069831346055,foot-ground,True,False
152,pelvis_contour_link,right_hip_roll_link,pelvis_contour_link,right_hip_roll_link,-0.006809290969542553,0.006809290969542553,self-collision,False,False
152,right_rubber_hand_link,largebox,right_rubber_hand_link,largebox_link,-0.0015348938874334417,0.0015348938874334417,hand-box,True,False
152,ground,left_ankle_roll_sphere_5_link,world,left_ankle_roll_sphere_5_link,-0.0008077063369921712,0.0008077063369921712,foot-ground,True,False
152,left_shoulder_yaw_link,largebox,left_shoulder_yaw_link,largebox_link,-0.000729768054781324,0.000729768054781324,other-body-box,False,True
152,ground,right_ankle_roll_link,world,right_ankle_roll_link,-0.0014090508133112085,0.0014090508133112085,foot-ground,True,False
152,ground,left_ankle_roll_sphere_1_link,world,left_ankle_roll_sphere_1_link,-0.0009971955332191132,0.0009971955332191132,foot-ground,True,False
152,ground,right_ankle_roll_sphere_3_link,world,right_ankle_roll_sphere_3_link,-0.000919029359271714,0.000919029359271714,foot-ground,True,False
152,ground,left_ankle_roll_sphere_2_link,world,left_ankle_roll_sphere_2_link,-0.0006895012352929114,0.0006895012352929114,foot-ground,True,False
152,ground,right_ankle_roll_sphere_4_link,world,right_ankle_roll_sphere_4_link,-0.000997435740500644,0.000997435740500644,foot-ground,True,False
152,pelvis_contour_link,left_hip_roll_link,pelvis_contour_link,left_hip_roll_link,-0.003588591718017259,0.003588591718017259,self-collision,False,False
152,ground,right_ankle_roll_sphere_5_link,world,right_ankle_roll_sphere_5_link,-0.0009973025372113113,0.0009973025372113113,foot-ground,True,False
152,right_knee_link,right_ankle_roll_link,right_knee_link,right_ankle_roll_link,-0.03621181836051626,0.03621181836051626,self-collision,False,False
152,ground,left_ankle_roll_link,world,left_ankle_roll_link,-0.0014491517468857365,0.0014491517468857365,foot-ground,True,False
152,left_knee_link,left_ankle_roll_link,left_knee_link,left_ankle_roll_link,-0.04025374065892781,0.04025374065892781,self-collision,False,False
152,left_rubber_hand_link,largebox,left_rubber_hand_link,largebox_link,-0.0009242326095622866,0.0009242326095622866,hand-box,True,False
152,ground,left_ankle_roll_sphere_3_link,world,left_ankle_roll_sphere_3_link,-0.0009960747101967196,0.0009960747101967196,foot-ground,True,False
152,ground,right_ankle_roll_sphere_1_link,world,right_ankle_roll_sphere_1_link,-0.0005934683321104977,0.0005934683321104977,foot-ground,True,False
152,ground,left_ankle_roll_sphere_4_link,world,left_ankle_roll_sphere_4_link,-0.0006268415526852747,0.0006268415526852747,foot-ground,True,False
153,ground,right_ankle_roll_sphere_2_link,world,right_ankle_roll_sphere_2_link,-0.0006592635091993973,0.0006592635091993973,foot-ground,True,False
153,pelvis_contour_link,right_hip_roll_link,pelvis_contour_link,right_hip_roll_link,-0.00787654154639611,0.00787654154639611,self-collision,False,False
153,right_rubber_hand_link,largebox,right_rubber_hand_link,largebox_link,-0.0010631312271125737,0.0010631312271125737,hand-box,True,False
153,ground,left_ankle_roll_sphere_5_link,world,left_ankle_roll_sphere_5_link,-0.0008069519679523044,0.0008069519679523044,foot-ground,True,False
153,left_shoulder_yaw_link,largebox,left_shoulder_yaw_link,largebox_link,-0.0012577827619862786,0.0012577827619862786,other-body-box,False,True
153,ground,right_ankle_roll_link,world,right_ankle_roll_link,-0.0014095794185640595,0.0014095794185640595,foot-ground,True,False
153,ground,left_ankle_roll_sphere_1_link,world,left_ankle_roll_sphere_1_link,-0.0009967458562042423,0.0009967458562042423,foot-ground,True,False
153,ground,right_ankle_roll_sphere_3_link,world,right_ankle_roll_sphere_3_link,-0.0009195829257689627,0.0009195829257689627,foot-ground,True,False
153,ground,left_ankle_roll_sphere_2_link,world,left_ankle_roll_sphere_2_link,-0.0006863543747558263,0.0006863543747558263,foot-ground,True,False
153,ground,right_ankle_roll_sphere_4_link,world,right_ankle_roll_sphere_4_link,-0.0009979511916073614,0.0009979511916073614,foot-ground,True,False
153,pelvis_contour_link,left_hip_roll_link,pelvis_contour_link,left_hip_roll_link,-0.005154058299433731,0.005154058299433731,self-collision,False,False
153,ground,right_ankle_roll_sphere_5_link,world,right_ankle_roll_sphere_5_link,-0.0009978443520514682,0.0009978443520514682,foot-ground,True,False
153,right_knee_link,right_ankle_roll_link,right_knee_link,right_ankle_roll_link,-0.0366854410490004,0.0366854410490004,self-collision,False,False
153,ground,left_ankle_roll_link,world,left_ankle_roll_link,-0.0014498579448149786,0.0014498579448149786,foot-ground,True,False
153,left_knee_link,left_ankle_roll_link,left_knee_link,left_ankle_roll_link,-0.04097701436122378,0.04097701436122378,self-collision,False,False
153,left_rubber_hand_link,largebox,left_rubber_hand_link,largebox_link,-0.000988396265478711,0.000988396265478711,hand-box,True,False
153,ground,left_ankle_roll_sphere_3_link,world,left_ankle_roll_sphere_3_link,-0.0009968287670874326,0.0009968287670874326,foot-ground,True,False
153,ground,right_ankle_roll_sphere_1_link,world,right_ankle_roll_sphere_1_link,-0.0005939566210007288,0.0005939566210007288,foot-ground,True,False
153,ground,left_ankle_roll_sphere_4_link,world,left_ankle_roll_sphere_4_link,-0.0006243589893493327,0.0006243589893493327,foot-ground,True,False
154,ground,right_ankle_roll_sphere_2_link,world,right_ankle_roll_sphere_2_link,-0.0006598116652590724,0.0006598116652590724,foot-ground,True,False
154,pelvis_contour_link,right_hip_roll_link,pelvis_contour_link,right_hip_roll_link,-0.00804791181825408,0.00804791181825408,self-collision,False,False
154,right_rubber_hand_link,largebox,right_rubber_hand_link,largebox_link,-0.001479053683749329,0.001479053683749329,hand-box,True,False
154,ground,left_ankle_roll_sphere_5_link,world,left_ankle_roll_sphere_5_link,-0.0007650490287500712,0.0007650490287500712,foot-ground,True,False
154,left_shoulder_yaw_link,largebox,left_shoulder_yaw_link,largebox_link,-0.0009216495527408497,0.0009216495527408497,other-body-box,False,True
154,ground,right_ankle_roll_link,world,right_ankle_roll_link,-0.0014100543761180785,0.0014100543761180785,foot-ground,True,False
154,ground,left_ankle_roll_sphere_1_link,world,left_ankle_roll_sphere_1_link,-0.0009973658815654032,0.0009973658815654032,foot-ground,True,False
154,ground,right_ankle_roll_sphere_3_link,world,right_ankle_roll_sphere_3_link,-0.0009201136736771967,0.0009201136736771967,foot-ground,True,False
154,ground,left_ankle_roll_sphere_2_link,world,left_ankle_roll_sphere_2_link,-0.0006177252868379305,0.0006177252868379305,foot-ground,True,False
154,ground,right_ankle_roll_sphere_4_link,world,right_ankle_roll_sphere_4_link,-0.0009984216501221803,0.0009984216501221803,foot-ground,True,False
154,pelvis_contour_link,left_hip_roll_link,pelvis_contour_link,left_hip_roll_link,-0.005367672643599469,0.005367672643599469,self-collision,False,False
154,ground,right_ankle_roll_sphere_5_link,world,right_ankle_roll_sphere_5_link,-0.0009983364054478505,0.0009983364054478505,foot-ground,True,False
154,right_knee_link,right_ankle_roll_link,right_knee_link,right_ankle_roll_link,-0.03694737792111069,0.03694737792111069,self-collision,False,False
154,ground,right_rubber_hand_link,world,right_rubber_hand_link,-0.0005822560877562916,0.0005822560877562916,robot-ground-excluding-foot,False,True
154,ground,left_ankle_roll_link,world,left_ankle_roll_link,-0.0014624527746521405,0.0014624527746521405,foot-ground,True,False
154,left_knee_link,left_ankle_roll_link,left_knee_link,left_ankle_roll_link,-0.04172107203718145,0.04172107203718145,self-collision,False,False
154,left_rubber_hand_link,largebox,left_rubber_hand_link,largebox_link,-0.0009484262542589356,0.0009484262542589356,hand-box,True,False
154,ground,left_ankle_roll_sphere_3_link,world,left_ankle_roll_sphere_3_link,-0.0009973067072130372,0.0009973067072130372,foot-ground,True,False
154,ground,right_ankle_roll_sphere_1_link,world,right_ankle_roll_sphere_1_link,-0.0005945550182215866,0.0005945550182215866,foot-ground,True,False
154,ground,left_ankle_roll_sphere_4_link,world,left_ankle_roll_sphere_4_link,-0.0005417379935400727,0.0005417379935400727,foot-ground,True,False
155,ground,right_ankle_roll_sphere_2_link,world,right_ankle_roll_sphere_2_link,-0.0007297872798370025,0.0007297872798370025,foot-ground,True,False
155,pelvis_contour_link,right_hip_roll_link,pelvis_contour_link,right_hip_roll_link,-0.007792003865511737,0.007792003865511737,self-collision,False,False
155,right_rubber_hand_link,largebox,right_rubber_hand_link,largebox_link,-0.0010021397558292316,0.0010021397558292316,hand-box,True,False
155,right_hip_yaw_link,largebox,right_hip_yaw_link,largebox_link,-0.0011795390755857532,0.0011795390755857532,other-body-box,False,True
155,left_shoulder_yaw_link,largebox,left_shoulder_yaw_link,largebox_link,-0.0008946152876893321,0.0008946152876893321,other-body-box,False,True
155,ground,right_ankle_roll_link,world,right_ankle_roll_link,-0.0013977852388033507,0.0013977852388033507,foot-ground,True,False
155,ground,left_ankle_roll_sphere_1_link,world,left_ankle_roll_sphere_1_link,-0.0004598678910608554,0.0004598678910608554,foot-ground,True,False
155,ground,right_ankle_roll_sphere_3_link,world,right_ankle_roll_sphere_3_link,-0.0007926460921059966,0.0007926460921059966,foot-ground,True,False
155,ground,left_ankle_roll_sphere_2_link,world,left_ankle_roll_sphere_2_link,-0.0006085901195163603,0.0006085901195163603,foot-ground,True,False
155,ground,right_ankle_roll_sphere_4_link,world,right_ankle_roll_sphere_4_link,-0.0009992936643101495,0.0009992936643101495,foot-ground,True,False
155,pelvis_contour_link,left_hip_roll_link,pelvis_contour_link,left_hip_roll_link,-0.005350304353896065,0.005350304353896065,self-collision,False,False
155,ground,largebox,world,largebox_link,-0.0021489751312105954,0.0021489751312105954,object-ground,True,False
155,ground,right_ankle_roll_sphere_5_link,world,right_ankle_roll_sphere_5_link,-0.0009256505550852652,0.0009256505550852652,foot-ground,True,False
155,right_knee_link,right_ankle_roll_link,right_knee_link,right_ankle_roll_link,-0.03703656355448484,0.03703656355448484,self-collision,False,False
155,ground,right_rubber_hand_link,world,right_rubber_hand_link,-0.0009995749594180897,0.0009995749594180897,robot-ground-excluding-foot,False,True
155,ground,left_ankle_roll_link,world,left_ankle_roll_link,-0.0010254434668396997,0.0010254434668396997,foot-ground,True,False
155,left_knee_link,left_ankle_roll_link,left_knee_link,left_ankle_roll_link,-0.042173062994823346,0.042173062994823346,self-collision,False,False
155,left_rubber_hand_link,largebox,left_rubber_hand_link,largebox_link,-0.0008675548926649485,0.0008675548926649485,hand-box,True,False
155,ground,right_ankle_roll_sphere_1_link,world,right_ankle_roll_sphere_1_link,-0.0005575809696668722,0.0005575809696668722,foot-ground,True,False
156,ground,right_ankle_roll_sphere_2_link,world,right_ankle_roll_sphere_2_link,-0.0009994353646939234,0.0009994353646939234,foot-ground,True,False
156,pelvis_contour_link,right_hip_roll_link,pelvis_contour_link,right_hip_roll_link,-0.008300250904744386,0.008300250904744386,self-collision,False,False
156,right_rubber_hand_link,largebox,right_rubber_hand_link,largebox_link,-0.0009980766311903644,0.0009980766311903644,hand-box,True,False
156,right_hip_yaw_link,largebox,right_hip_yaw_link,largebox_link,-0.0010658669949137473,0.0010658669949137473,other-body-box,False,True
156,left_shoulder_yaw_link,largebox,left_shoulder_yaw_link,largebox_link,-0.0010035352407847392,0.0010035352407847392,other-body-box,False,True
156,ground,right_ankle_roll_link,world,right_ankle_roll_link,-0.0014356641301137736,0.0014356641301137736,foot-ground,True,False
156,ground,left_ankle_roll_sphere_1_link,world,left_ankle_roll_sphere_1_link,-0.0004718986539266742,0.0004718986539266742,foot-ground,True,False
156,ground,right_ankle_roll_sphere_3_link,world,right_ankle_roll_sphere_3_link,-0.0006388453835247275,0.0006388453835247275,foot-ground,True,False
156,ground,left_ankle_roll_sphere_2_link,world,left_ankle_roll_sphere_2_link,-0.000559008108088537,0.000559008108088537,foot-ground,True,False
156,ground,right_ankle_roll_sphere_4_link,world,right_ankle_roll_sphere_4_link,-0.0006389584870305559,0.0006389584870305559,foot-ground,True,False
156,pelvis_contour_link,left_hip_roll_link,pelvis_contour_link,left_hip_roll_link,-0.005158863900313573,0.005158863900313573,self-collision,False,False
156,ground,largebox,world,largebox_link,-0.007328516060234547,0.007328516060234547,object-ground,True,False
156,ground,right_ankle_roll_sphere_5_link,world,right_ankle_roll_sphere_5_link,-0.0005964917819887587,0.0005964917819887587,foot-ground,True,False
156,right_knee_link,right_ankle_roll_link,right_knee_link,right_ankle_roll_link,-0.03717607140795057,0.03717607140795057,self-collision,False,False
156,ground,left_rubber_hand_link,world,left_rubber_hand_link,-0.0008565347440114834,0.0008565347440114834,robot-ground-excluding-foot,False,True
156,ground,right_rubber_hand_link,world,right_rubber_hand_link,-0.0010000486630321603,0.0010000486630321603,robot-ground-excluding-foot,False,True
156,ground,left_ankle_roll_link,world,left_ankle_roll_link,-0.0010340799724661218,0.0010340799724661218,foot-ground,True,False
156,left_knee_link,left_ankle_roll_link,left_knee_link,left_ankle_roll_link,-0.04263390185958099,0.04263390185958099,self-collision,False,False
156,left_rubber_hand_link,largebox,left_rubber_hand_link,largebox_link,-0.0010035479912904044,0.0010035479912904044,hand-box,True,False
156,ground,right_ankle_roll_sphere_1_link,world,right_ankle_roll_sphere_1_link,-0.0009993411117723968,0.0009993411117723968,foot-ground,True,False
157,ground,right_ankle_roll_sphere_2_link,world,right_ankle_roll_sphere_2_link,-0.0009992374078711562,0.0009992374078711562,foot-ground,True,False
157,pelvis_contour_link,right_hip_roll_link,pelvis_contour_link,right_hip_roll_link,-0.00861923156696702,0.00861923156696702,self-collision,False,False
157,right_rubber_hand_link,largebox,right_rubber_hand_link,largebox_link,-0.000999399855785607,0.000999399855785607,hand-box,True,False
157,left_ankle_intermediate_1_link,left_ankle_roll_link,left_ankle_intermediate_1_link,left_ankle_roll_link,-0.00011224120406133631,0.00011224120406133631,self-collision,False,False
157,right_hip_yaw_link,largebox,right_hip_yaw_link,largebox_link,-0.0011541175983678237,0.0011541175983678237,other-body-box,False,True
157,left_shoulder_yaw_link,largebox,left_shoulder_yaw_link,largebox_link,-0.0008832934055323233,0.0008832934055323233,other-body-box,False,True
157,ground,right_ankle_roll_link,world,right_ankle_roll_link,-0.0014354952884554177,0.0014354952884554177,foot-ground,True,False
157,ground,left_ankle_roll_sphere_1_link,world,left_ankle_roll_sphere_1_link,-0.00022694476446896272,0.00022694476446896272,foot-ground,True,False
157,ground,right_ankle_roll_sphere_3_link,world,right_ankle_roll_sphere_3_link,-0.000638780252411336,0.000638780252411336,foot-ground,True,False
157,ground,left_ankle_roll_sphere_2_link,world,left_ankle_roll_sphere_2_link,-0.0005699373320939586,0.0005699373320939586,foot-ground,True,False
157,ground,right_ankle_roll_sphere_4_link,world,right_ankle_roll_sphere_4_link,-0.0006387875466715145,0.0006387875466715145,foot-ground,True,False
157,pelvis_contour_link,left_hip_roll_link,pelvis_contour_link,left_hip_roll_link,-0.005186136341559705,0.005186136341559705,self-collision,False,False
157,ground,largebox,world,largebox_link,-0.008619395416428366,0.008619395416428366,object-ground,True,False
157,ground,right_ankle_roll_sphere_5_link,world,right_ankle_roll_sphere_5_link,-0.0005963779620055841,0.0005963779620055841,foot-ground,True,False
157,right_knee_link,right_ankle_roll_link,right_knee_link,right_ankle_roll_link,-0.037297930597055245,0.037297930597055245,self-collision,False,False
157,ground,left_rubber_hand_link,world,left_rubber_hand_link,-0.0009991965306069273,0.0009991965306069273,robot-ground-excluding-foot,False,True
157,ground,right_rubber_hand_link,world,right_rubber_hand_link,-0.000999158693741245,0.000999158693741245,robot-ground-excluding-foot,False,True
157,ground,left_ankle_roll_link,world,left_ankle_roll_link,-0.0010031210211239108,0.0010031210211239108,foot-ground,True,False
157,left_knee_link,left_ankle_roll_link,left_knee_link,left_ankle_roll_link,-0.043006014133581294,0.043006014133581294,self-collision,False,False
157,left_rubber_hand_link,largebox,left_rubber_hand_link,largebox_link,-0.0009802794541490106,0.0009802794541490106,hand-box,True,False
157,ground,right_ankle_roll_sphere_1_link,world,right_ankle_roll_sphere_1_link,-0.0009992313293210068,0.0009992313293210068,foot-ground,True,False
158,ground,right_ankle_roll_sphere_2_link,world,right_ankle_roll_sphere_2_link,-0.0009993898986615886,0.0009993898986615886,foot-ground,True,False
158,pelvis_contour_link,right_hip_roll_link,pelvis_contour_link,right_hip_roll_link,-0.008663348453844755,0.008663348453844755,self-collision,False,False
158,right_rubber_hand_link,largebox,right_rubber_hand_link,largebox_link,-0.0010044755125539068,0.0010044755125539068,hand-box,True,False
158,left_ankle_intermediate_1_link,left_ankle_roll_link,left_ankle_intermediate_1_link,left_ankle_roll_link,-0.00035471734554963497,0.00035471734554963497,self-collision,False,False
158,right_hip_yaw_link,largebox,right_hip_yaw_link,largebox_link,-0.0006926789203550304,0.0006926789203550304,other-body-box,False,True
158,left_shoulder_yaw_link,largebox,left_shoulder_yaw_link,largebox_link,-0.0014490120788889643,0.0014490120788889643,other-body-box,False,True
158,ground,right_ankle_roll_link,world,right_ankle_roll_link,-0.0014355873708485553,0.0014355873708485553,foot-ground,True,False
158,ground,left_ankle_roll_sphere_1_link,world,left_ankle_roll_sphere_1_link,-5.107841301000334e-05,5.107841301000334e-05,foot-ground,True,False
158,ground,right_ankle_roll_sphere_3_link,world,right_ankle_roll_sphere_3_link,-0.0006394263930254813,0.0006394263930254813,foot-ground,True,False
158,ground,left_ankle_roll_sphere_2_link,world,left_ankle_roll_sphere_2_link,-0.0005397996376633905,0.0005397996376633905,foot-ground,True,False
158,ground,right_ankle_roll_sphere_4_link,world,right_ankle_roll_sphere_4_link,-0.0006394893682531147,0.0006394893682531147,foot-ground,True,False
158,pelvis_contour_link,left_hip_roll_link,pelvis_contour_link,left_hip_roll_link,-0.005115757036748186,0.005115757036748186,self-collision,False,False
158,ground,largebox,world,largebox_link,-0.00670149025878225,0.00670149025878225,object-ground,True,False
158,ground,right_ankle_roll_sphere_5_link,world,right_ankle_roll_sphere_5_link,-0.0005971160243635225,0.0005971160243635225,foot-ground,True,False
158,right_knee_link,right_ankle_roll_link,right_knee_link,right_ankle_roll_link,-0.037397075986512485,0.037397075986512485,self-collision,False,False
158,ground,right_rubber_hand_link,world,right_rubber_hand_link,-0.0009995387989654297,0.0009995387989654297,robot-ground-excluding-foot,False,True
158,ground,left_ankle_roll_link,world,left_ankle_roll_link,-0.0009998514652182662,0.0009998514652182662,foot-ground,True,False
158,left_knee_link,left_ankle_roll_link,left_knee_link,left_ankle_roll_link,-0.04337982269113794,0.04337982269113794,self-collision,False,False
158,left_rubber_hand_link,largebox,left_rubber_hand_link,largebox_link,-0.001007593317627814,0.001007593317627814,hand-box,True,False
158,ground,right_ankle_roll_sphere_1_link,world,right_ankle_roll_sphere_1_link,-0.000999337419305228,0.000999337419305228,foot-ground,True,False
159,ground,right_ankle_roll_sphere_2_link,world,right_ankle_roll_sphere_2_link,-0.0009993579536612526,0.0009993579536612526,foot-ground,True,False
159,pelvis_contour_link,right_hip_roll_link,pelvis_contour_link,right_hip_roll_link,-0.008761276756708847,0.008761276756708847,self-collision,False,False
159,right_rubber_hand_link,largebox,right_rubber_hand_link,largebox_link,-0.0010039826976135369,0.0010039826976135369,hand-box,True,False
159,left_ankle_intermediate_1_link,left_ankle_roll_link,left_ankle_intermediate_1_link,left_ankle_roll_link,-0.0005865873397521426,0.0005865873397521426,self-collision,False,False
159,right_hip_yaw_link,largebox,right_hip_yaw_link,largebox_link,-0.0009426666357460062,0.0009426666357460062,other-body-box,False,True
159,left_shoulder_yaw_link,largebox,left_shoulder_yaw_link,largebox_link,-0.0011266134376039239,0.0011266134376039239,other-body-box,False,True
159,ground,right_ankle_roll_link,world,right_ankle_roll_link,-0.0014356065044915274,0.0014356065044915274,foot-ground,True,False
159,ground,right_ankle_roll_sphere_3_link,world,right_ankle_roll_sphere_3_link,-0.0006389093942406497,0.0006389093942406497,foot-ground,True,False
159,ground,left_ankle_roll_sphere_2_link,world,left_ankle_roll_sphere_2_link,-0.0005669119697485235,0.0005669119697485235,foot-ground,True,False
159,ground,right_ankle_roll_sphere_4_link,world,right_ankle_roll_sphere_4_link,-0.0006389299638416201,0.0006389299638416201,foot-ground,True,False
159,pelvis_contour_link,left_hip_roll_link,pelvis_contour_link,left_hip_roll_link,-0.00512613495191612,0.00512613495191612,self-collision,False,False
159,ground,largebox,world,largebox_link,-0.006064336136306719,0.006064336136306719,object-ground,True,False
159,ground,right_ankle_roll_sphere_5_link,world,right_ankle_roll_sphere_5_link,-0.0005965161844584252,0.0005965161844584252,foot-ground,True,False
159,right_knee_link,right_ankle_roll_link,right_knee_link,right_ankle_roll_link,-0.03769263019739594,0.03769263019739594,self-collision,False,False
159,ground,right_rubber_hand_link,world,right_rubber_hand_link,-0.000999043700659008,0.000999043700659008,robot-ground-excluding-foot,False,True
159,ground,left_ankle_roll_link,world,left_ankle_roll_link,-0.0009994827253085106,0.0009994827253085106,foot-ground,True,False
159,left_knee_link,left_ankle_roll_link,left_knee_link,left_ankle_roll_link,-0.04374717344538545,0.04374717344538545,self-collision,False,False
159,left_rubber_hand_link,largebox,left_rubber_hand_link,largebox_link,-0.0017295266707643558,0.0017295266707643558,hand-box,True,False
159,ground,right_ankle_roll_sphere_1_link,world,right_ankle_roll_sphere_1_link,-0.0009993408123271088,0.0009993408123271088,foot-ground,True,False
160,ground,right_ankle_roll_sphere_2_link,world,right_ankle_roll_sphere_2_link,-0.00099901655463554,0.00099901655463554,foot-ground,True,False
160,pelvis_contour_link,right_hip_roll_link,pelvis_contour_link,right_hip_roll_link,-0.008721753255877346,0.008721753255877346,self-collision,False,False
160,right_rubber_hand_link,largebox,right_rubber_hand_link,largebox_link,-0.0010082883444473972,0.0010082883444473972,hand-box,True,False
160,left_ankle_intermediate_1_link,left_ankle_roll_link,left_ankle_intermediate_1_link,left_ankle_roll_link,-0.0005159251507657336,0.0005159251507657336,self-collision,False,False
160,right_hip_yaw_link,largebox,right_hip_yaw_link,largebox_link,-0.00109255707866307,0.00109255707866307,other-body-box,False,True
160,left_shoulder_yaw_link,largebox,left_shoulder_yaw_link,largebox_link,-0.001160212854704204,0.001160212854704204,other-body-box,False,True
160,ground,right_ankle_roll_link,world,right_ankle_roll_link,-0.0014352420663593206,0.0014352420663593206,foot-ground,True,False
160,ground,right_ankle_roll_sphere_3_link,world,right_ankle_roll_sphere_3_link,-0.000638654194866097,0.000638654194866097,foot-ground,True,False
160,ground,left_ankle_roll_sphere_2_link,world,left_ankle_roll_sphere_2_link,-0.0008218685489490103,0.0008218685489490103,foot-ground,True,False
160,ground,right_ankle_roll_sphere_4_link,world,right_ankle_roll_sphere_4_link,-0.0006387233505395487,0.0006387233505395487,foot-ground,True,False
160,pelvis_contour_link,left_hip_roll_link,pelvis_contour_link,left_hip_roll_link,-0.00515018928921436,0.00515018928921436,self-collision,False,False
160,ground,largebox,world,largebox_link,-0.0059366206472082905,0.0059366206472082905,object-ground,True,False
160,ground,right_ankle_roll_sphere_5_link,world,right_ankle_roll_sphere_5_link,-0.0005963006589300253,0.0005963006589300253,foot-ground,True,False
160,right_knee_link,right_ankle_roll_link,right_knee_link,right_ankle_roll_link,-0.03796173989789697,0.03796173989789697,self-collision,False,False
160,ground,left_rubber_hand_link,world,left_rubber_hand_link,-0.0009952018614016317,0.0009952018614016317,robot-ground-excluding-foot,False,True
160,ground,right_rubber_hand_link,world,right_rubber_hand_link,-0.0009988115608891707,0.0009988115608891707,robot-ground-excluding-foot,False,True
160,ground,left_ankle_roll_link,world,left_ankle_roll_link,-0.0012522823407989173,0.0012522823407989173,foot-ground,True,False
160,left_knee_link,left_ankle_roll_link,left_knee_link,left_ankle_roll_link,-0.043629566589702545,0.043629566589702545,self-collision,False,False
160,left_rubber_hand_link,largebox,left_rubber_hand_link,largebox_link,-0.0009508994100747847,0.0009508994100747847,hand-box,True,False
160,ground,right_ankle_roll_sphere_1_link,world,right_ankle_roll_sphere_1_link,-0.0009989589249076647,0.0009989589249076647,foot-ground,True,False
160,ground,left_ankle_roll_sphere_4_link,world,left_ankle_roll_sphere_4_link,-0.000119638377245628,0.000119638377245628,foot-ground,True,False
161,ground,right_ankle_roll_sphere_2_link,world,right_ankle_roll_sphere_2_link,-0.0006376296695863341,0.0006376296695863341,foot-ground,True,False
161,pelvis_contour_link,right_hip_roll_link,pelvis_contour_link,right_hip_roll_link,-0.008838377697103161,0.008838377697103161,self-collision,False,False
161,right_rubber_hand_link,largebox,right_rubber_hand_link,largebox_link,-0.0010008656022456874,0.0010008656022456874,hand-box,True,False
161,ground,left_ankle_roll_sphere_5_link,world,left_ankle_roll_sphere_5_link,-0.00014456571521649208,0.00014456571521649208,foot-ground,True,False
161,left_ankle_intermediate_1_link,left_ankle_roll_link,left_ankle_intermediate_1_link,left_ankle_roll_link,-0.000434704064463623,0.000434704064463623,self-collision,False,False
161,left_shoulder_yaw_link,largebox,left_shoulder_yaw_link,largebox_link,-0.0009897987950314019,0.0009897987950314019,other-body-box,False,True
161,ground,right_ankle_roll_link,world,right_ankle_roll_link,-0.0014122594127826613,0.0014122594127826613,foot-ground,True,False
161,ground,right_ankle_roll_sphere_3_link,world,right_ankle_roll_sphere_3_link,-0.0009158270441209709,0.0009158270441209709,foot-ground,True,False
161,ground,right_ankle_roll_sphere_4_link,world,right_ankle_roll_sphere_4_link,-0.0009994636248178172,0.0009994636248178172,foot-ground,True,False
161,pelvis_contour_link,left_hip_roll_link,pelvis_contour_link,left_hip_roll_link,-0.005168153056151023,0.005168153056151023,self-collision,False,False
161,ground,largebox,world,largebox_link,-0.005039517427734258,0.005039517427734258,object-ground,True,False
161,ground,right_ankle_roll_sphere_5_link,world,right_ankle_roll_sphere_5_link,-0.0009993940686074424,0.0009993940686074424,foot-ground,True,False
161,right_knee_link,right_ankle_roll_link,right_knee_link,right_ankle_roll_link,-0.03810561799282769,0.03810561799282769,self-collision,False,False
161,ground,left_rubber_hand_link,world,left_rubber_hand_link,-0.0009999812268994962,0.0009999812268994962,robot-ground-excluding-foot,False,True
161,ground,right_rubber_hand_link,world,right_rubber_hand_link,-0.00099996996230646,0.00099996996230646,robot-ground-excluding-foot,False,True
161,ground,left_ankle_roll_link,world,left_ankle_roll_link,-0.0009999820844626625,0.0009999820844626625,foot-ground,True,False
161,left_knee_link,left_ankle_roll_link,left_knee_link,left_ankle_roll_link,-0.043505043769007684,0.043505043769007684,self-collision,False,False
161,left_rubber_hand_link,largebox,left_rubber_hand_link,largebox_link,-0.0009989274791485786,0.0009989274791485786,hand-box,True,False
161,ground,right_ankle_roll_sphere_1_link,world,right_ankle_roll_sphere_1_link,-0.000567932519005626,0.000567932519005626,foot-ground,True,False
161,ground,left_ankle_roll_sphere_4_link,world,left_ankle_roll_sphere_4_link,-0.0005869627865969047,0.0005869627865969047,foot-ground,True,False
162,ground,right_ankle_roll_sphere_2_link,world,right_ankle_roll_sphere_2_link,-0.000637398530110792,0.000637398530110792,foot-ground,True,False
162,pelvis_contour_link,right_hip_roll_link,pelvis_contour_link,right_hip_roll_link,-0.008888704724969304,0.008888704724969304,self-collision,False,False
162,right_rubber_hand_link,largebox,right_rubber_hand_link,largebox_link,-0.0010091407687453924,0.0010091407687453924,hand-box,True,False
162,ground,left_ankle_roll_sphere_5_link,world,left_ankle_roll_sphere_5_link,-0.00015972025360918,0.00015972025360918,foot-ground,True,False
162,left_ankle_intermediate_1_link,left_ankle_roll_link,left_ankle_intermediate_1_link,left_ankle_roll_link,-0.0003961627689945263,0.0003961627689945263,self-collision,False,False
162,left_shoulder_yaw_link,largebox,left_shoulder_yaw_link,largebox_link,-0.0017735318490919028,0.0017735318490919028,other-body-box,False,True
162,ground,right_ankle_roll_link,world,right_ankle_roll_link,-0.0014119982868998453,0.0014119982868998453,foot-ground,True,False
162,ground,right_ankle_roll_sphere_3_link,world,right_ankle_roll_sphere_3_link,-0.0009155816653482049,0.0009155816653482049,foot-ground,True,False
162,ground,right_ankle_roll_sphere_4_link,world,right_ankle_roll_sphere_4_link,-0.000999202219920974,0.000999202219920974,foot-ground,True,False
162,pelvis_contour_link,left_hip_roll_link,pelvis_contour_link,left_hip_roll_link,-0.005276917682794105,0.005276917682794105,self-collision,False,False
162,ground,largebox,world,largebox_link,-0.0034113582408976384,0.0034113582408976384,object-ground,True,False
162,ground,right_ankle_roll_sphere_5_link,world,right_ankle_roll_sphere_5_link,-0.0009991372732537007,0.0009991372732537007,foot-ground,True,False
162,right_knee_link,right_ankle_roll_link,right_knee_link,right_ankle_roll_link,-0.0383324876259018,0.0383324876259018,self-collision,False,False
162,ground,left_rubber_hand_link,world,left_rubber_hand_link,-0.000998856390826905,0.000998856390826905,robot-ground-excluding-foot,False,True
162,ground,right_rubber_hand_link,world,right_rubber_hand_link,-0.000999461995129708,0.000999461995129708,robot-ground-excluding-foot,False,True
162,ground,left_ankle_roll_link,world,left_ankle_roll_link,-0.0010008283991484422,0.0010008283991484422,foot-ground,True,False
162,left_knee_link,left_ankle_roll_link,left_knee_link,left_ankle_roll_link,-0.04344585102615292,0.04344585102615292,self-collision,False,False
162,left_rubber_hand_link,largebox,left_rubber_hand_link,largebox_link,-0.0009808781695500035,0.0009808781695500035,hand-box,True,False
162,ground,right_ankle_roll_sphere_1_link,world,right_ankle_roll_sphere_1_link,-0.0005677147346334855,0.0005677147346334855,foot-ground,True,False
162,ground,left_ankle_roll_sphere_4_link,world,left_ankle_roll_sphere_4_link,-0.0005464764266972953,0.0005464764266972953,foot-ground,True,False
163,ground,right_ankle_roll_sphere_2_link,world,right_ankle_roll_sphere_2_link,-0.0006374366668391576,0.0006374366668391576,foot-ground,True,False
163,pelvis_contour_link,right_hip_roll_link,pelvis_contour_link,right_hip_roll_link,-0.008907794175557315,0.008907794175557315,self-collision,False,False
163,right_rubber_hand_link,largebox,right_rubber_hand_link,largebox_link,-0.0010049768158651579,0.0010049768158651579,hand-box,True,False
163,ground,left_ankle_roll_sphere_5_link,world,left_ankle_roll_sphere_5_link,-0.00019173668318255965,0.00019173668318255965,foot-ground,True,False
163,left_ankle_intermediate_1_link,left_ankle_roll_link,left_ankle_intermediate_1_link,left_ankle_roll_link,-0.0003739507686098681,0.0003739507686098681,self-collision,False,False
163,left_shoulder_yaw_link,largebox,left_shoulder_yaw_link,largebox_link,-0.0017033011487135458,0.0017033011487135458,other-body-box,False,True
163,ground,right_ankle_roll_link,world,right_ankle_roll_link,-0.0014120424719331441,0.0014120424719331441,foot-ground,True,False
163,ground,right_ankle_roll_sphere_3_link,world,right_ankle_roll_sphere_3_link,-0.0009156220250552153,0.0009156220250552153,foot-ground,True,False
163,ground,right_ankle_roll_sphere_4_link,world,right_ankle_roll_sphere_4_link,-0.0009992466040978564,0.0009992466040978564,foot-ground,True,False
163,pelvis_contour_link,left_hip_roll_link,pelvis_contour_link,left_hip_roll_link,-0.005267998598767545,0.005267998598767545,self-collision,False,False
163,ground,largebox,world,largebox_link,-0.0027335402352362537,0.0027335402352362537,object-ground,True,False
163,ground,right_ankle_roll_sphere_5_link,world,right_ankle_roll_sphere_5_link,-0.000999180340734005,0.000999180340734005,foot-ground,True,False
163,right_knee_link,right_ankle_roll_link,right_knee_link,right_ankle_roll_link,-0.03848908488061731,0.03848908488061731,self-collision,False,False
163,ground,left_rubber_hand_link,world,left_rubber_hand_link,-0.0009990189680470635,0.0009990189680470635,robot-ground-excluding-foot,False,True
163,ground,right_rubber_hand_link,world,right_rubber_hand_link,-0.0009998557940986003,0.0009998557940986003,robot-ground-excluding-foot,False,True
163,ground,left_ankle_roll_link,world,left_ankle_roll_link,-0.001000739220772269,0.001000739220772269,foot-ground,True,False
163,left_knee_link,left_ankle_roll_link,left_knee_link,left_ankle_roll_link,-0.04341333279222356,0.04341333279222356,self-collision,False,False
163,left_rubber_hand_link,largebox,left_rubber_hand_link,largebox_link,-0.0009802856296234896,0.0009802856296234896,hand-box,True,False
163,ground,right_ankle_roll_sphere_1_link,world,right_ankle_roll_sphere_1_link,-0.0005677495176369561,0.0005677495176369561,foot-ground,True,False
163,ground,left_ankle_roll_sphere_4_link,world,left_ankle_roll_sphere_4_link,-0.00047879634748596283,0.00047879634748596283,foot-ground,True,False
164,ground,right_ankle_roll_sphere_2_link,world,right_ankle_roll_sphere_2_link,-0.0006375854663632661,0.0006375854663632661,foot-ground,True,False
164,pelvis_contour_link,right_hip_roll_link,pelvis_contour_link,right_hip_roll_link,-0.008952893394079495,0.008952893394079495,self-collision,False,False
164,right_rubber_hand_link,largebox,right_rubber_hand_link,largebox_link,-0.0010001201336679588,0.0010001201336679588,hand-box,True,False
164,ground,left_ankle_roll_sphere_5_link,world,left_ankle_roll_sphere_5_link,-0.00019622231260450328,0.00019622231260450328,foot-ground,True,False
164,left_ankle_intermediate_1_link,left_ankle_roll_link,left_ankle_intermediate_1_link,left_ankle_roll_link,-0.0003440015377802197,0.0003440015377802197,self-collision,False,False
164,left_shoulder_yaw_link,largebox,left_shoulder_yaw_link,largebox_link,-0.001091811595867867,0.001091811595867867,other-body-box,False,True
164,ground,right_ankle_roll_link,world,right_ankle_roll_link,-0.0014122402080589472,0.0014122402080589472,foot-ground,True,False
164,ground,right_ankle_roll_sphere_3_link,world,right_ankle_roll_sphere_3_link,-0.0009158192269771671,0.0009158192269771671,foot-ground,True,False
164,ground,right_ankle_roll_sphere_4_link,world,right_ankle_roll_sphere_4_link,-0.0009994392569846458,0.0009994392569846458,foot-ground,True,False
164,pelvis_contour_link,left_hip_roll_link,pelvis_contour_link,left_hip_roll_link,-0.005395491984879555,0.005395491984879555,self-collision,False,False
164,ground,largebox,world,largebox_link,-0.0033070616425555366,0.0033070616425555366,object-ground,True,False
164,ground,right_ankle_roll_sphere_5_link,world,right_ankle_roll_sphere_5_link,-0.0009993804719558947,0.0009993804719558947,foot-ground,True,False
164,right_knee_link,right_ankle_roll_link,right_knee_link,right_ankle_roll_link,-0.03865115902359667,0.03865115902359667,self-collision,False,False
164,ground,left_rubber_hand_link,world,left_rubber_hand_link,-0.00023016091973666886,0.00023016091973666886,robot-ground-excluding-foot,False,True
164,ground,right_rubber_hand_link,world,right_rubber_hand_link,-0.000999826638842738,0.000999826638842738,robot-ground-excluding-foot,False,True
164,ground,left_ankle_roll_link,world,left_ankle_roll_link,-0.0009999940399516294,0.0009999940399516294,foot-ground,True,False
164,left_knee_link,left_ankle_roll_link,left_knee_link,left_ankle_roll_link,-0.04338643850191745,0.04338643850191745,self-collision,False,False
164,left_rubber_hand_link,largebox,left_rubber_hand_link,largebox_link,-0.0012350474916788673,0.0012350474916788673,hand-box,True,False
164,ground,right_ankle_roll_sphere_1_link,world,right_ankle_roll_sphere_1_link,-0.0005679021080237023,0.0005679021080237023,foot-ground,True,False
164,ground,left_ankle_roll_sphere_4_link,world,left_ankle_roll_sphere_4_link,-0.00040140372246894995,0.00040140372246894995,foot-ground,True,False
165,ground,right_ankle_roll_sphere_2_link,world,right_ankle_roll_sphere_2_link,-0.0006375290962906252,0.0006375290962906252,foot-ground,True,False
165,pelvis_contour_link,right_hip_roll_link,pelvis_contour_link,right_hip_roll_link,-0.008991658022821758,0.008991658022821758,self-collision,False,False
165,right_rubber_hand_link,largebox,right_rubber_hand_link,largebox_link,-0.001003365825370195,0.001003365825370195,hand-box,True,False
165,ground,left_ankle_roll_sphere_5_link,world,left_ankle_roll_sphere_5_link,-0.0002455012058016513,0.0002455012058016513,foot-ground,True,False
165,left_ankle_intermediate_1_link,left_ankle_roll_link,left_ankle_intermediate_1_link,left_ankle_roll_link,-0.00020294392557104746,0.00020294392557104746,self-collision,False,False
165,right_hip_yaw_link,largebox,right_hip_yaw_link,largebox_link,-0.0009143274182818462,0.0009143274182818462,other-body-box,False,True
165,left_shoulder_yaw_link,largebox,left_shoulder_yaw_link,largebox_link,-0.0009434766321501364,0.0009434766321501364,other-body-box,False,True
165,ground,right_ankle_roll_link,world,right_ankle_roll_link,-0.0014121113219398053,0.0014121113219398053,foot-ground,True,False
165,ground,right_ankle_roll_sphere_3_link,world,right_ankle_roll_sphere_3_link,-0.000915679576552148,0.000915679576552148,foot-ground,True,False
165,ground,right_ankle_roll_sphere_4_link,world,right_ankle_roll_sphere_4_link,-0.000999320446798113,0.000999320446798113,foot-ground,True,False
165,pelvis_contour_link,left_hip_roll_link,pelvis_contour_link,left_hip_roll_link,-0.0053847622246232935,0.0053847622246232935,self-collision,False,False
165,ground,largebox,world,largebox_link,-0.0036989498235192875,0.0036989498235192875,object-ground,True,False
165,ground,right_ankle_roll_sphere_5_link,world,right_ankle_roll_sphere_5_link,-0.0009992436914383054,0.0009992436914383054,foot-ground,True,False
165,right_knee_link,right_ankle_roll_link,right_knee_link,right_ankle_roll_link,-0.03871773872768766,0.03871773872768766,self-collision,False,False
165,ground,left_rubber_hand_link,world,left_rubber_hand_link,-0.000999443250789031,0.000999443250789031,robot-ground-excluding-foot,False,True
165,ground,right_rubber_hand_link,world,right_rubber_hand_link,-0.0009998782531092237,0.0009998782531092237,robot-ground-excluding-foot,False,True
165,ground,left_ankle_roll_link,world,left_ankle_roll_link,-0.0009999592138138537,0.0009999592138138537,foot-ground,True,False
165,left_knee_link,left_ankle_roll_link,left_knee_link,left_ankle_roll_link,-0.04316372158317644,0.04316372158317644,self-collision,False,False
165,left_rubber_hand_link,largebox,left_rubber_hand_link,largebox_link,-0.0009600205698998276,0.0009600205698998276,hand-box,True,False
165,ground,right_ankle_roll_sphere_1_link,world,right_ankle_roll_sphere_1_link,-0.0005678283710856573,0.0005678283710856573,foot-ground,True,False
165,ground,left_ankle_roll_sphere_4_link,world,left_ankle_roll_sphere_4_link,-0.00018206613312889402,0.00018206613312889402,foot-ground,True,False
166,ground,right_ankle_roll_sphere_2_link,world,right_ankle_roll_sphere_2_link,-0.0006373754232466408,0.0006373754232466408,foot-ground,True,False
166,pelvis_contour_link,right_hip_roll_link,pelvis_contour_link,right_hip_roll_link,-0.009019421560298571,0.009019421560298571,self-collision,False,False
166,right_rubber_hand_link,largebox,right_rubber_hand_link,largebox_link,-0.0009951475359144535,0.0009951475359144535,hand-box,True,False
166,ground,left_ankle_roll_sphere_5_link,world,left_ankle_roll_sphere_5_link,-0.00018299551137145997,0.00018299551137145997,foot-ground,True,False
166,left_ankle_intermediate_1_link,left_ankle_roll_link,left_ankle_intermediate_1_link,left_ankle_roll_link,-0.00011106144857406242,0.00011106144857406242,self-collision,False,False
166,left_shoulder_yaw_link,largebox,left_shoulder_yaw_link,largebox_link,-0.0009940989531377203,0.0009940989531377203,other-body-box,False,True
166,ground,right_ankle_roll_link,world,right_ankle_roll_link,-0.001411983232739479,0.001411983232739479,foot-ground,True,False
166,ground,right_ankle_roll_sphere_3_link,world,right_ankle_roll_sphere_3_link,-0.0009155773482393331,0.0009155773482393331,foot-ground,True,False
166,ground,right_ankle_roll_sphere_4_link,world,right_ankle_roll_sphere_4_link,-0.0009991839467710434,0.0009991839467710434,foot-ground,True,False
166,pelvis_contour_link,left_hip_roll_link,pelvis_contour_link,left_hip_roll_link,-0.005436026616389492,0.005436026616389492,self-collision,False,False
166,ground,largebox,world,largebox_link,-0.0033454913191396374,0.0033454913191396374,object-ground,True,False
166,ground,right_ankle_roll_sphere_5_link,world,right_ankle_roll_sphere_5_link,-0.0009991266836204922,0.0009991266836204922,foot-ground,True,False
166,right_knee_link,right_ankle_roll_link,right_knee_link,right_ankle_roll_link,-0.038724992997038826,0.038724992997038826,self-collision,False,False
166,ground,left_ankle_roll_link,world,left_ankle_roll_link,-0.000999934247509264,0.000999934247509264,foot-ground,True,False
166,left_knee_link,left_ankle_roll_link,left_knee_link,left_ankle_roll_link,-0.04300946129105518,0.04300946129105518,self-collision,False,False
166,left_rubber_hand_link,largebox,left_rubber_hand_link,largebox_link,-0.001265712205000935,0.001265712205000935,hand-box,True,False
166,ground,right_ankle_roll_sphere_1_link,world,right_ankle_roll_sphere_1_link,-0.0005677032578035477,0.0005677032578035477,foot-ground,True,False
166,ground,left_ankle_roll_sphere_4_link,world,left_ankle_roll_sphere_4_link,-0.00014863112277260348,0.00014863112277260348,foot-ground,True,False
167,ground,right_ankle_roll_sphere_2_link,world,right_ankle_roll_sphere_2_link,-0.0006375442153098562,0.0006375442153098562,foot-ground,True,False
167,pelvis_contour_link,right_hip_roll_link,pelvis_contour_link,right_hip_roll_link,-0.009077294630528532,0.009077294630528532,self-collision,False,False
167,right_rubber_hand_link,largebox,right_rubber_hand_link,largebox_link,-0.0013293721355050747,0.0013293721355050747,hand-box,True,False
167,ground,left_ankle_roll_sphere_5_link,world,left_ankle_roll_sphere_5_link,-0.0001942980937378073,0.0001942980937378073,foot-ground,True,False
167,left_shoulder_yaw_link,largebox,left_shoulder_yaw_link,largebox_link,-0.0009450040555183392,0.0009450040555183392,other-body-box,False,True
167,ground,right_ankle_roll_link,world,right_ankle_roll_link,-0.0014121599649303263,0.0014121599649303263,foot-ground,True,False
167,ground,right_ankle_roll_sphere_3_link,world,right_ankle_roll_sphere_3_link,-0.0009157831620909091,0.0009157831620909091,foot-ground,True,False
167,ground,right_ankle_roll_sphere_4_link,world,right_ankle_roll_sphere_4_link,-0.0009993534343737736,0.0009993534343737736,foot-ground,True,False
167,pelvis_contour_link,left_hip_roll_link,pelvis_contour_link,left_hip_roll_link,-0.005472896284575729,0.005472896284575729,self-collision,False,False
167,ground,largebox,world,largebox_link,-0.0032885224614347397,0.0032885224614347397,object-ground,True,False
167,ground,right_ankle_roll_sphere_5_link,world,right_ankle_roll_sphere_5_link,-0.0009993147723155208,0.0009993147723155208,foot-ground,True,False
167,right_knee_link,right_ankle_roll_link,right_knee_link,right_ankle_roll_link,-0.03852971241400402,0.03852971241400402,self-collision,False,False
167,ground,left_ankle_roll_link,world,left_ankle_roll_link,-0.0009998184657771109,0.0009998184657771109,foot-ground,True,False
167,left_knee_link,left_ankle_roll_link,left_knee_link,left_ankle_roll_link,-0.04281772387946933,0.04281772387946933,self-collision,False,False
167,left_rubber_hand_link,largebox,left_rubber_hand_link,largebox_link,-0.0006689903827051535,0.0006689903827051535,hand-box,True,False
167,ground,right_ankle_roll_sphere_1_link,world,right_ankle_roll_sphere_1_link,-0.0005679023217408019,0.0005679023217408019,foot-ground,True,False
167,ground,left_ankle_roll_sphere_4_link,world,left_ankle_roll_sphere_4_link,-0.0001043596740933862,0.0001043596740933862,foot-ground,True,False
168,ground,right_ankle_roll_sphere_2_link,world,right_ankle_roll_sphere_2_link,-0.0006376435628124037,0.0006376435628124037,foot-ground,True,False
168,pelvis_contour_link,right_hip_roll_link,pelvis_contour_link,right_hip_roll_link,-0.009061501833506139,0.009061501833506139,self-collision,False,False
168,right_rubber_hand_link,largebox,right_rubber_hand_link,largebox_link,-0.0013856627780883535,0.0013856627780883535,hand-box,True,False
168,ground,left_ankle_roll_sphere_5_link,world,left_ankle_roll_sphere_5_link,-0.00019549377890191576,0.00019549377890191576,foot-ground,True,False
168,left_shoulder_yaw_link,largebox,left_shoulder_yaw_link,largebox_link,-0.0008309879483385935,0.0008309879483385935,other-body-box,False,True
168,ground,right_ankle_roll_link,world,right_ankle_roll_link,-0.0014120101944717148,0.0014120101944717148,foot-ground,True,False
168,ground,right_ankle_roll_sphere_3_link,world,right_ankle_roll_sphere_3_link,-0.0009157198750124771,0.0009157198750124771,foot-ground,True,False
168,ground,right_ankle_roll_sphere_4_link,world,right_ankle_roll_sphere_4_link,-0.0009992111047434837,0.0009992111047434837,foot-ground,True,False
168,pelvis_contour_link,left_hip_roll_link,pelvis_contour_link,left_hip_roll_link,-0.005056618072672006,0.005056618072672006,self-collision,False,False
168,ground,largebox,world,largebox_link,-0.00327682267585247,0.00327682267585247,object-ground,True,False
168,ground,right_ankle_roll_sphere_5_link,world,right_ankle_roll_sphere_5_link,-0.000999184306284275,0.000999184306284275,foot-ground,True,False
168,right_knee_link,right_ankle_roll_link,right_knee_link,right_ankle_roll_link,-0.038130733025654256,0.038130733025654256,self-collision,False,False
168,ground,left_ankle_roll_link,world,left_ankle_roll_link,-0.0009998311692064263,0.0009998311692064263,foot-ground,True,False
168,left_knee_link,left_ankle_roll_link,left_knee_link,left_ankle_roll_link,-0.04232823823246551,0.04232823823246551,self-collision,False,False
168,ground,right_ankle_roll_sphere_1_link,world,right_ankle_roll_sphere_1_link,-0.0005680675380365643,0.0005680675380365643,foot-ground,True,False
168,ground,left_ankle_roll_sphere_4_link,world,left_ankle_roll_sphere_4_link,-2.8624946509191e-05,2.8624946509191e-05,foot-ground,True,False
169,ground,right_ankle_roll_sphere_2_link,world,right_ankle_roll_sphere_2_link,-0.0006374931829333337,0.0006374931829333337,foot-ground,True,False
169,pelvis_contour_link,right_hip_roll_link,pelvis_contour_link,right_hip_roll_link,-0.009141287991861022,0.009141287991861022,self-collision,False,False
169,right_rubber_hand_link,largebox,right_rubber_hand_link,largebox_link,-0.0012701175270229403,0.0012701175270229403,hand-box,True,False
169,ground,left_ankle_roll_sphere_5_link,world,left_ankle_roll_sphere_5_link,-0.00018521743721905664,0.00018521743721905664,foot-ground,True,False
169,left_shoulder_yaw_link,largebox,left_shoulder_yaw_link,largebox_link,-0.0009343233417665464,0.0009343233417665464,other-body-box,False,True
169,ground,right_ankle_roll_link,world,right_ankle_roll_link,-0.0014121756863075055,0.0014121756863075055,foot-ground,True,False
169,ground,right_ankle_roll_sphere_3_link,world,right_ankle_roll_sphere_3_link,-0.0009157558812435953,0.0009157558812435953,foot-ground,True,False
169,ground,right_ankle_roll_sphere_4_link,world,right_ankle_roll_sphere_4_link,-0.0009993715259808888,0.0009993715259808888,foot-ground,True,False
169,pelvis_contour_link,left_hip_roll_link,pelvis_contour_link,left_hip_roll_link,-0.004657368761964167,0.004657368761964167,self-collision,False,False
169,ground,largebox,world,largebox_link,-0.0033650770584381373,0.0033650770584381373,object-ground,True,False
169,ground,right_ankle_roll_sphere_5_link,world,right_ankle_roll_sphere_5_link,-0.0009993178651008057,0.0009993178651008057,foot-ground,True,False
169,right_knee_link,right_ankle_roll_link,right_knee_link,right_ankle_roll_link,-0.03759749771786103,0.03759749771786103,self-collision,False,False
169,ground,left_ankle_roll_link,world,left_ankle_roll_link,-0.000999956555153874,0.000999956555153874,foot-ground,True,False
169,left_knee_link,left_ankle_roll_link,left_knee_link,left_ankle_roll_link,-0.041969482660685786,0.041969482660685786,self-collision,False,False
169,ground,right_ankle_roll_sphere_1_link,world,right_ankle_roll_sphere_1_link,-0.0005678134789855903,0.0005678134789855903,foot-ground,True,False
170,ground,right_ankle_roll_sphere_2_link,world,right_ankle_roll_sphere_2_link,-0.0006375748771026103,0.0006375748771026103,foot-ground,True,False
170,pelvis_contour_link,right_hip_roll_link,pelvis_contour_link,right_hip_roll_link,-0.009000292315531205,0.009000292315531205,self-collision,False,False
170,ground,left_ankle_roll_sphere_5_link,world,left_ankle_roll_sphere_5_link,-0.00020810677821094924,0.00020810677821094924,foot-ground,True,False
170,ground,right_ankle_roll_link,world,right_ankle_roll_link,-0.0014122890055354373,0.0014122890055354373,foot-ground,True,False
170,ground,right_ankle_roll_sphere_3_link,world,right_ankle_roll_sphere_3_link,-0.0009158430026563044,0.0009158430026563044,foot-ground,True,False
170,ground,right_ankle_roll_sphere_4_link,world,right_ankle_roll_sphere_4_link,-0.0009994872502256764,0.0009994872502256764,foot-ground,True,False
170,pelvis_contour_link,left_hip_roll_link,pelvis_contour_link,left_hip_roll_link,-0.004305717142831761,0.004305717142831761,self-collision,False,False
170,ground,largebox,world,largebox_link,-0.0033603405169984057,0.0033603405169984057,object-ground,True,False
170,ground,right_ankle_roll_sphere_5_link,world,right_ankle_roll_sphere_5_link,-0.0009994230110479249,0.0009994230110479249,foot-ground,True,False
170,right_knee_link,right_ankle_roll_link,right_knee_link,right_ankle_roll_link,-0.03704356332359396,0.03704356332359396,self-collision,False,False
170,ground,left_ankle_roll_link,world,left_ankle_roll_link,-0.0010003718644773854,0.0010003718644773854,foot-ground,True,False
170,left_knee_link,left_ankle_roll_link,left_knee_link,left_ankle_roll_link,-0.0415193726257822,0.0415193726257822,self-collision,False,False
170,ground,right_ankle_roll_sphere_1_link,world,right_ankle_roll_sphere_1_link,-0.0005678713374614687,0.0005678713374614687,foot-ground,True,False
171,ground,right_ankle_roll_sphere_2_link,world,right_ankle_roll_sphere_2_link,-0.0006375246401851649,0.0006375246401851649,foot-ground,True,False
171,pelvis_contour_link,right_hip_roll_link,pelvis_contour_link,right_hip_roll_link,-0.00934648455837006,0.00934648455837006,self-collision,False,False
171,ground,left_ankle_roll_sphere_5_link,world,left_ankle_roll_sphere_5_link,-0.00019745139829059882,0.00019745139829059882,foot-ground,True,False
171,ground,right_ankle_roll_link,world,right_ankle_roll_link,-0.0014121620598554659,0.0014121620598554659,foot-ground,True,False
171,ground,right_ankle_roll_sphere_3_link,world,right_ankle_roll_sphere_3_link,-0.0009157180502394153,0.0009157180502394153,foot-ground,True,False
171,ground,right_ankle_roll_sphere_4_link,world,right_ankle_roll_sphere_4_link,-0.0009993680181824794,0.0009993680181824794,foot-ground,True,False
171,pelvis_contour_link,left_hip_roll_link,pelvis_contour_link,left_hip_roll_link,-0.005607946668267291,0.005607946668267291,self-collision,False,False
171,ground,largebox,world,largebox_link,-0.0033176622921406163,0.0033176622921406163,object-ground,True,False
171,ground,right_ankle_roll_sphere_5_link,world,right_ankle_roll_sphere_5_link,-0.0009992927456621723,0.0009992927456621723,foot-ground,True,False
171,right_knee_link,right_ankle_roll_link,right_knee_link,right_ankle_roll_link,-0.0364299746353581,0.0364299746353581,self-collision,False,False
171,ground,left_ankle_roll_link,world,left_ankle_roll_link,-0.0009995889749785866,0.0009995889749785866,foot-ground,True,False
171,left_knee_link,left_ankle_roll_link,left_knee_link,left_ankle_roll_link,-0.040570684412643,0.040570684412643,self-collision,False,False
171,ground,right_ankle_roll_sphere_1_link,world,right_ankle_roll_sphere_1_link,-0.0005678163335659436,0.0005678163335659436,foot-ground,True,False
172,ground,right_ankle_roll_sphere_2_link,world,right_ankle_roll_sphere_2_link,-0.0006374374229192693,0.0006374374229192693,foot-ground,True,False
172,pelvis_contour_link,right_hip_roll_link,pelvis_contour_link,right_hip_roll_link,-0.008929266767902372,0.008929266767902372,self-collision,False,False
172,ground,left_ankle_roll_sphere_5_link,world,left_ankle_roll_sphere_5_link,-0.0002052077818927812,0.0002052077818927812,foot-ground,True,False
172,ground,right_ankle_roll_link,world,right_ankle_roll_link,-0.0014121037783158055,0.0014121037783158055,foot-ground,True,False
172,ground,right_ankle_roll_sphere_3_link,world,right_ankle_roll_sphere_3_link,-0.00091566552461187,0.00091566552461187,foot-ground,True,False
172,ground,right_ankle_roll_sphere_4_link,world,right_ankle_roll_sphere_4_link,-0.0009993053946024946,0.0009993053946024946,foot-ground,True,False
172,pelvis_contour_link,left_hip_roll_link,pelvis_contour_link,left_hip_roll_link,-0.005643165995569882,0.005643165995569882,self-collision,False,False
172,ground,largebox,world,largebox_link,-0.0032773474505289335,0.0032773474505289335,object-ground,True,False
172,ground,right_ankle_roll_sphere_5_link,world,right_ankle_roll_sphere_5_link,-0.000999238163432752,0.000999238163432752,foot-ground,True,False
172,right_knee_link,right_ankle_roll_link,right_knee_link,right_ankle_roll_link,-0.0355279803444252,0.0355279803444252,self-collision,False,False
172,ground,left_ankle_roll_link,world,left_ankle_roll_link,-0.0009994543602701925,0.0009994543602701925,foot-ground,True,False
172,left_knee_link,left_ankle_roll_link,left_knee_link,left_ankle_roll_link,-0.039846537600119386,0.039846537600119386,self-collision,False,False
172,ground,right_ankle_roll_sphere_1_link,world,right_ankle_roll_sphere_1_link,-0.0005677375312604154,0.0005677375312604154,foot-ground,True,False
173,ground,right_ankle_roll_sphere_2_link,world,right_ankle_roll_sphere_2_link,-0.0009761790598326178,0.0009761790598326178,foot-ground,True,False
173,pelvis_contour_link,right_hip_roll_link,pelvis_contour_link,right_hip_roll_link,-0.008390726410348354,0.008390726410348354,self-collision,False,False
173,ground,left_ankle_roll_sphere_5_link,world,left_ankle_roll_sphere_5_link,-0.00021658196585118677,0.00021658196585118677,foot-ground,True,False
173,ground,right_ankle_roll_link,world,right_ankle_roll_link,-0.001427360999559972,0.001427360999559972,foot-ground,True,False
173,ground,right_ankle_roll_sphere_3_link,world,right_ankle_roll_sphere_3_link,-0.0006598781608039865,0.0006598781608039865,foot-ground,True,False
173,ground,right_ankle_roll_sphere_4_link,world,right_ankle_roll_sphere_4_link,-0.0006319927363936757,0.0006319927363936757,foot-ground,True,False
173,pelvis_contour_link,left_hip_roll_link,pelvis_contour_link,left_hip_roll_link,-0.005143760166455694,0.005143760166455694,self-collision,False,False
173,ground,largebox,world,largebox_link,-0.003212840348059298,0.003212840348059298,object-ground,True,False
173,ground,right_ankle_roll_sphere_5_link,world,right_ankle_roll_sphere_5_link,-0.0006057163264727812,0.0006057163264727812,foot-ground,True,False
173,right_knee_link,right_ankle_roll_link,right_knee_link,right_ankle_roll_link,-0.03460738989050646,0.03460738989050646,self-collision,False,False
173,ground,left_ankle_roll_link,world,left_ankle_roll_link,-0.0009999878830228084,0.0009999878830228084,foot-ground,True,False
173,left_knee_link,left_ankle_roll_link,left_knee_link,left_ankle_roll_link,-0.039252776004554873,0.039252776004554873,self-collision,False,False
173,ground,right_ankle_roll_sphere_1_link,world,right_ankle_roll_sphere_1_link,-0.0009994169135078756,0.0009994169135078756,foot-ground,True,False
174,ground,right_ankle_roll_sphere_2_link,world,right_ankle_roll_sphere_2_link,-0.000749165078904923,0.000749165078904923,foot-ground,True,False
174,pelvis_contour_link,right_hip_roll_link,pelvis_contour_link,right_hip_roll_link,-0.008395879149504001,0.008395879149504001,self-collision,False,False
174,ground,left_ankle_roll_sphere_5_link,world,left_ankle_roll_sphere_5_link,-0.00019652022616327685,0.00019652022616327685,foot-ground,True,False
174,ground,right_ankle_roll_link,world,right_ankle_roll_link,-0.0014104604127131992,0.0014104604127131992,foot-ground,True,False
174,ground,right_ankle_roll_sphere_3_link,world,right_ankle_roll_sphere_3_link,-0.000865601326992922,0.000865601326992922,foot-ground,True,False
174,ground,right_ankle_roll_sphere_4_link,world,right_ankle_roll_sphere_4_link,-0.0005658106066344362,0.0005658106066344362,foot-ground,True,False
174,pelvis_contour_link,left_hip_roll_link,pelvis_contour_link,left_hip_roll_link,-0.00503839561282185,0.00503839561282185,self-collision,False,False
174,ground,largebox,world,largebox_link,-0.0032808881487431663,0.0032808881487431663,object-ground,True,False
174,ground,right_ankle_roll_sphere_5_link,world,right_ankle_roll_sphere_5_link,-0.0006970739771383133,0.0006970739771383133,foot-ground,True,False
174,right_knee_link,right_ankle_roll_link,right_knee_link,right_ankle_roll_link,-0.03356360913386394,0.03356360913386394,self-collision,False,False
174,ground,left_ankle_roll_link,world,left_ankle_roll_link,-0.0009996272825764513,0.0009996272825764513,foot-ground,True,False
174,left_knee_link,left_ankle_roll_link,left_knee_link,left_ankle_roll_link,-0.038500680995159214,0.038500680995159214,self-collision,False,False
174,ground,right_ankle_roll_sphere_1_link,world,right_ankle_roll_sphere_1_link,-0.0009989906792036629,0.0009989906792036629,foot-ground,True,False
175,ground,right_ankle_roll_sphere_2_link,world,right_ankle_roll_sphere_2_link,-0.0006019917830254349,0.0006019917830254349,foot-ground,True,False
175,pelvis_contour_link,right_hip_roll_link,pelvis_contour_link,right_hip_roll_link,-0.00742340990805318,0.00742340990805318,self-collision,False,False
175,ground,left_ankle_roll_sphere_5_link,world,left_ankle_roll_sphere_5_link,-0.0002202790869993863,0.0002202790869993863,foot-ground,True,False
175,ground,right_ankle_roll_link,world,right_ankle_roll_link,-0.001465501407660913,0.001465501407660913,foot-ground,True,False
175,ground,right_ankle_roll_sphere_3_link,world,right_ankle_roll_sphere_3_link,-0.000998295596330869,0.000998295596330869,foot-ground,True,False
175,ground,right_ankle_roll_sphere_4_link,world,right_ankle_roll_sphere_4_link,-0.0005232014315678336,0.0005232014315678336,foot-ground,True,False
175,pelvis_contour_link,left_hip_roll_link,pelvis_contour_link,left_hip_roll_link,-0.004871003878790234,0.004871003878790234,self-collision,False,False
175,ground,largebox,world,largebox_link,-0.0032480913721732174,0.0032480913721732174,object-ground,True,False
175,ground,right_ankle_roll_sphere_5_link,world,right_ankle_roll_sphere_5_link,-0.000756136846765741,0.000756136846765741,foot-ground,True,False
175,right_knee_link,right_ankle_roll_link,right_knee_link,right_ankle_roll_link,-0.03258024683637417,0.03258024683637417,self-collision,False,False
175,right_ankle_intermediate_1_link,right_ankle_roll_link,right_ankle_intermediate_1_link,right_ankle_roll_link,-0.0024915565408541035,0.0024915565408541035,self-collision,False,False
175,ground,left_ankle_roll_link,world,left_ankle_roll_link,-0.000999807534202292,0.000999807534202292,foot-ground,True,False
175,left_knee_link,left_ankle_roll_link,left_knee_link,left_ankle_roll_link,-0.03776975215841025,0.03776975215841025,self-collision,False,False
175,ground,right_ankle_roll_sphere_1_link,world,right_ankle_roll_sphere_1_link,-0.0009979035869946305,0.0009979035869946305,foot-ground,True,False
176,pelvis_contour_link,right_hip_roll_link,pelvis_contour_link,right_hip_roll_link,-0.00828255808931666,0.00828255808931666,self-collision,False,False
176,ground,left_ankle_roll_sphere_5_link,world,left_ankle_roll_sphere_5_link,-0.00020032410782519754,0.00020032410782519754,foot-ground,True,False
176,ground,right_ankle_roll_link,world,right_ankle_roll_link,-0.0014017815222825553,0.0014017815222825553,foot-ground,True,False
176,ground,right_ankle_roll_sphere_3_link,world,right_ankle_roll_sphere_3_link,-0.000996590318832087,0.000996590318832087,foot-ground,True,False
176,ground,right_ankle_roll_sphere_4_link,world,right_ankle_roll_sphere_4_link,-0.000398716498210795,0.000398716498210795,foot-ground,True,False
176,pelvis_contour_link,left_hip_roll_link,pelvis_contour_link,left_hip_roll_link,-0.0055836376963843415,0.0055836376963843415,self-collision,False,False
176,ground,largebox,world,largebox_link,-0.0032414610302861635,0.0032414610302861635,object-ground,True,False
176,ground,right_ankle_roll_sphere_5_link,world,right_ankle_roll_sphere_5_link,-0.0008018714123031274,0.0008018714123031274,foot-ground,True,False
176,right_knee_link,right_ankle_roll_link,right_knee_link,right_ankle_roll_link,-0.031706682941761044,0.031706682941761044,self-collision,False,False
176,right_ankle_intermediate_1_link,right_ankle_roll_link,right_ankle_intermediate_1_link,right_ankle_roll_link,-0.002439369975930847,0.002439369975930847,self-collision,False,False
176,ground,left_ankle_roll_link,world,left_ankle_roll_link,-0.0009994330211640402,0.0009994330211640402,foot-ground,True,False
176,left_knee_link,left_ankle_roll_link,left_knee_link,left_ankle_roll_link,-0.03700408988844378,0.03700408988844378,self-collision,False,False
176,ground,right_ankle_roll_sphere_1_link,world,right_ankle_roll_sphere_1_link,-6.091446830265492e-05,6.091446830265492e-05,foot-ground,True,False
177,pelvis_contour_link,right_hip_roll_link,pelvis_contour_link,right_hip_roll_link,-0.007225251962034759,0.007225251962034759,self-collision,False,False
177,ground,left_ankle_roll_sphere_5_link,world,left_ankle_roll_sphere_5_link,-0.00020198041849560627,0.00020198041849560627,foot-ground,True,False
177,ground,right_ankle_roll_link,world,right_ankle_roll_link,-0.001395239948263377,0.001395239948263377,foot-ground,True,False
177,ground,right_ankle_roll_sphere_3_link,world,right_ankle_roll_sphere_3_link,-0.0009895649106928797,0.0009895649106928797,foot-ground,True,False
177,ground,right_ankle_roll_sphere_4_link,world,right_ankle_roll_sphere_4_link,-0.0003960729626714876,0.0003960729626714876,foot-ground,True,False
177,pelvis_contour_link,left_hip_roll_link,pelvis_contour_link,left_hip_roll_link,-0.005325455671543425,0.005325455671543425,self-collision,False,False
177,ground,largebox,world,largebox_link,-0.003209678411143918,0.003209678411143918,object-ground,True,False
177,ground,right_ankle_roll_sphere_5_link,world,right_ankle_roll_sphere_5_link,-0.0007991629081544249,0.0007991629081544249,foot-ground,True,False
177,right_knee_link,right_ankle_roll_link,right_knee_link,right_ankle_roll_link,-0.030771209718843007,0.030771209718843007,self-collision,False,False
177,right_ankle_intermediate_1_link,right_ankle_roll_link,right_ankle_intermediate_1_link,right_ankle_roll_link,-0.002461747531668987,0.002461747531668987,self-collision,False,False
177,ground,left_ankle_roll_link,world,left_ankle_roll_link,-0.0009920378797461764,0.0009920378797461764,foot-ground,True,False
177,left_knee_link,left_ankle_roll_link,left_knee_link,left_ankle_roll_link,-0.03601400929487156,0.03601400929487156,self-collision,False,False
177,ground,right_ankle_roll_sphere_1_link,world,right_ankle_roll_sphere_1_link,-3.618349084372457e-05,3.618349084372457e-05,foot-ground,True,False
178,pelvis_contour_link,right_hip_roll_link,pelvis_contour_link,right_hip_roll_link,-0.007229512268534979,0.007229512268534979,self-collision,False,False
178,ground,left_ankle_roll_sphere_5_link,world,left_ankle_roll_sphere_5_link,-0.00010218532075914177,0.00010218532075914177,foot-ground,True,False
178,ground,right_ankle_roll_link,world,right_ankle_roll_link,-0.001394775070350511,0.001394775070350511,foot-ground,True,False
178,ground,right_ankle_roll_sphere_3_link,world,right_ankle_roll_sphere_3_link,-0.000992176840431863,0.000992176840431863,foot-ground,True,False
178,ground,right_ankle_roll_sphere_4_link,world,right_ankle_roll_sphere_4_link,-0.0004412428492891569,0.0004412428492891569,foot-ground,True,False
178,pelvis_contour_link,left_hip_roll_link,pelvis_contour_link,left_hip_roll_link,-0.004565834554242282,0.004565834554242282,self-collision,False,False
178,ground,largebox,world,largebox_link,-0.0032372118068071387,0.0032372118068071387,object-ground,True,False
178,ground,right_ankle_roll_sphere_5_link,world,right_ankle_roll_sphere_5_link,-0.0007854369343890831,0.0007854369343890831,foot-ground,True,False
178,right_knee_link,right_ankle_roll_link,right_knee_link,right_ankle_roll_link,-0.03046455133453435,0.03046455133453435,self-collision,False,False
178,right_ankle_intermediate_1_link,right_ankle_roll_link,right_ankle_intermediate_1_link,right_ankle_roll_link,-0.0023264865824182135,0.0023264865824182135,self-collision,False,False
178,ground,left_ankle_roll_link,world,left_ankle_roll_link,-0.001001089316346345,0.001001089316346345,foot-ground,True,False
178,left_knee_link,left_ankle_roll_link,left_knee_link,left_ankle_roll_link,-0.03521400076713077,0.03521400076713077,self-collision,False,False
178,ground,right_ankle_roll_sphere_1_link,world,right_ankle_roll_sphere_1_link,-0.0003620854135104384,0.0003620854135104384,foot-ground,True,False
179,ground,right_ankle_roll_sphere_2_link,world,right_ankle_roll_sphere_2_link,-0.0002958692187475546,0.0002958692187475546,foot-ground,True,False
179,pelvis_contour_link,right_hip_roll_link,pelvis_contour_link,right_hip_roll_link,-0.006462853357762449,0.006462853357762449,self-collision,False,False
179,ground,left_ankle_roll_sphere_5_link,world,left_ankle_roll_sphere_5_link,-3.8968918411970074e-06,3.8968918411970074e-06,foot-ground,True,False
179,ground,right_ankle_roll_link,world,right_ankle_roll_link,-0.0014216502852651101,0.0014216502852651101,foot-ground,True,False
179,ground,right_ankle_roll_sphere_3_link,world,right_ankle_roll_sphere_3_link,-0.0009976346886086422,0.0009976346886086422,foot-ground,True,False
179,ground,right_ankle_roll_sphere_4_link,world,right_ankle_roll_sphere_4_link,-0.0008618637776404729,0.0008618637776404729,foot-ground,True,False
179,pelvis_contour_link,left_hip_roll_link,pelvis_contour_link,left_hip_roll_link,-0.0041676446980338094,0.0041676446980338094,self-collision,False,False
179,ground,largebox,world,largebox_link,-0.0032177457428858303,0.0032177457428858303,object-ground,True,False
179,ground,right_ankle_roll_sphere_5_link,world,right_ankle_roll_sphere_5_link,-0.000997667915650864,0.000997667915650864,foot-ground,True,False
179,right_knee_link,right_ankle_roll_link,right_knee_link,right_ankle_roll_link,-0.03006614088440554,0.03006614088440554,self-collision,False,False
179,right_ankle_intermediate_1_link,right_ankle_roll_link,right_ankle_intermediate_1_link,right_ankle_roll_link,-0.0023704696811686077,0.0023704696811686077,self-collision,False,False
179,ground,left_ankle_roll_link,world,left_ankle_roll_link,-0.0009997843968354986,0.0009997843968354986,foot-ground,True,False
179,left_knee_link,left_ankle_roll_link,left_knee_link,left_ankle_roll_link,-0.034373489302032906,0.034373489302032906,self-collision,False,False
179,ground,right_ankle_roll_sphere_1_link,world,right_ankle_roll_sphere_1_link,-0.0004090116445543612,0.0004090116445543612,foot-ground,True,False
180,ground,right_ankle_roll_sphere_2_link,world,right_ankle_roll_sphere_2_link,-0.00029519514070354674,0.00029519514070354674,foot-ground,True,False
180,pelvis_contour_link,right_hip_roll_link,pelvis_contour_link,right_hip_roll_link,-0.00492527705701179,0.00492527705701179,self-collision,False,False
180,ground,right_ankle_roll_link,world,right_ankle_roll_link,-0.0014211809521549532,0.0014211809521549532,foot-ground,True,False
180,ground,right_ankle_roll_sphere_3_link,world,right_ankle_roll_sphere_3_link,-0.000997191768025668,0.000997191768025668,foot-ground,True,False
180,ground,right_ankle_roll_sphere_4_link,world,right_ankle_roll_sphere_4_link,-0.000861248326892365,0.000861248326892365,foot-ground,True,False
180,pelvis_contour_link,left_hip_roll_link,pelvis_contour_link,left_hip_roll_link,-0.0031890121633395135,0.0031890121633395135,self-collision,False,False
180,ground,largebox,world,largebox_link,-0.0032865042744878725,0.0032865042744878725,object-ground,True,False
180,ground,right_ankle_roll_sphere_5_link,world,right_ankle_roll_sphere_5_link,-0.0009971473187864585,0.0009971473187864585,foot-ground,True,False
180,right_knee_link,right_ankle_roll_link,right_knee_link,right_ankle_roll_link,-0.02982680430601725,0.02982680430601725,self-collision,False,False
180,right_ankle_intermediate_1_link,right_ankle_roll_link,right_ankle_intermediate_1_link,right_ankle_roll_link,-0.0022902206613655413,0.0022902206613655413,self-collision,False,False
180,ground,left_ankle_roll_link,world,left_ankle_roll_link,-0.0009993879314695517,0.0009993879314695517,foot-ground,True,False
180,left_knee_link,left_ankle_roll_link,left_knee_link,left_ankle_roll_link,-0.033270152212777626,0.033270152212777626,self-collision,False,False
180,ground,right_ankle_roll_sphere_1_link,world,right_ankle_roll_sphere_1_link,-0.00040848134164796473,0.00040848134164796473,foot-ground,True,False
181,ground,right_ankle_roll_sphere_2_link,world,right_ankle_roll_sphere_2_link,-0.0002945823267008303,0.0002945823267008303,foot-ground,True,False
181,pelvis_contour_link,right_hip_roll_link,pelvis_contour_link,right_hip_roll_link,-0.003754289549749157,0.003754289549749157,self-collision,False,False
181,ground,left_ankle_roll_sphere_5_link,world,left_ankle_roll_sphere_5_link,-3.573423566985683e-05,3.573423566985683e-05,foot-ground,True,False
181,left_ankle_intermediate_1_link,left_ankle_roll_link,left_ankle_intermediate_1_link,left_ankle_roll_link,-0.002382705197226387,0.002382705197226387,self-collision,False,False
181,ground,right_ankle_roll_link,world,right_ankle_roll_link,-0.0014204309424630628,0.0014204309424630628,foot-ground,True,False
181,ground,right_ankle_roll_sphere_3_link,world,right_ankle_roll_sphere_3_link,-0.0009963866991757426,0.0009963866991757426,foot-ground,True,False
181,ground,right_ankle_roll_sphere_4_link,world,right_ankle_roll_sphere_4_link,-0.0008607042609538795,0.0008607042609538795,foot-ground,True,False
181,pelvis_contour_link,left_hip_roll_link,pelvis_contour_link,left_hip_roll_link,-0.0021133368946491954,0.0021133368946491954,self-collision,False,False
181,ground,largebox,world,largebox_link,-0.0033173785393516286,0.0033173785393516286,object-ground,True,False
181,ground,right_ankle_roll_sphere_5_link,world,right_ankle_roll_sphere_5_link,-0.0009964782805477355,0.0009964782805477355,foot-ground,True,False
181,right_knee_link,right_ankle_roll_link,right_knee_link,right_ankle_roll_link,-0.02955978247175789,0.02955978247175789,self-collision,False,False
181,right_ankle_intermediate_1_link,right_ankle_roll_link,right_ankle_intermediate_1_link,right_ankle_roll_link,-0.002315900069351687,0.002315900069351687,self-collision,False,False
181,ground,left_ankle_roll_link,world,left_ankle_roll_link,-0.0009997187666796747,0.0009997187666796747,foot-ground,True,False
181,left_knee_link,left_ankle_roll_link,left_knee_link,left_ankle_roll_link,-0.032005823723463556,0.032005823723463556,self-collision,False,False
181,ground,right_ankle_roll_sphere_1_link,world,right_ankle_roll_sphere_1_link,-0.00040765102521905013,0.00040765102521905013,foot-ground,True,False
182,ground,right_ankle_roll_sphere_2_link,world,right_ankle_roll_sphere_2_link,-0.00029405133923969453,0.00029405133923969453,foot-ground,True,False
182,pelvis_contour_link,right_hip_roll_link,pelvis_contour_link,right_hip_roll_link,-0.0016931849479494138,0.0016931849479494138,self-collision,False,False
182,ground,left_ankle_roll_sphere_5_link,world,left_ankle_roll_sphere_5_link,-9.008270737488871e-05,9.008270737488871e-05,foot-ground,True,False
182,left_ankle_intermediate_1_link,left_ankle_roll_link,left_ankle_intermediate_1_link,left_ankle_roll_link,-0.0022182893547465637,0.0022182893547465637,self-collision,False,False
182,ground,right_ankle_roll_link,world,right_ankle_roll_link,-0.0014199940235296651,0.0014199940235296651,foot-ground,True,False
182,ground,right_ankle_roll_sphere_3_link,world,right_ankle_roll_sphere_3_link,-0.0009959780990937478,0.0009959780990937478,foot-ground,True,False
182,ground,right_ankle_roll_sphere_4_link,world,right_ankle_roll_sphere_4_link,-0.0008601534117152606,0.0008601534117152606,foot-ground,True,False
182,pelvis_contour_link,left_hip_roll_link,pelvis_contour_link,left_hip_roll_link,-0.0006180714459450565,0.0006180714459450565,self-collision,False,False
182,ground,largebox,world,largebox_link,-0.003268673999005517,0.003268673999005517,object-ground,True,False
182,ground,right_ankle_roll_sphere_5_link,world,right_ankle_roll_sphere_5_link,-0.0009959976138073012,0.0009959976138073012,foot-ground,True,False
182,right_knee_link,right_ankle_roll_link,right_knee_link,right_ankle_roll_link,-0.02944176585759159,0.02944176585759159,self-collision,False,False
182,right_ankle_intermediate_1_link,right_ankle_roll_link,right_ankle_intermediate_1_link,right_ankle_roll_link,-0.0022056811510746815,0.0022056811510746815,self-collision,False,False
182,ground,left_ankle_roll_link,world,left_ankle_roll_link,-0.0009949051868995626,0.0009949051868995626,foot-ground,True,False
182,left_knee_link,left_ankle_roll_link,left_knee_link,left_ankle_roll_link,-0.030642522263534977,0.030642522263534977,self-collision,False,False
182,ground,right_ankle_roll_sphere_1_link,world,right_ankle_roll_sphere_1_link,-0.0004072385787217648,0.0004072385787217648,foot-ground,True,False
183,ground,right_ankle_roll_sphere_2_link,world,right_ankle_roll_sphere_2_link,-0.0002941474384955149,0.0002941474384955149,foot-ground,True,False
183,left_ankle_intermediate_1_link,left_ankle_roll_link,left_ankle_intermediate_1_link,left_ankle_roll_link,-0.0022118084912065017,0.0022118084912065017,self-collision,False,False
183,ground,right_ankle_roll_link,world,right_ankle_roll_link,-0.0014202289228380412,0.0014202289228380412,foot-ground,True,False
183,ground,right_ankle_roll_sphere_3_link,world,right_ankle_roll_sphere_3_link,-0.0009962569631518049,0.0009962569631518049,foot-ground,True,False
183,ground,right_ankle_roll_sphere_4_link,world,right_ankle_roll_sphere_4_link,-0.0008602139018301638,0.0008602139018301638,foot-ground,True,False
183,ground,largebox,world,largebox_link,-0.003248747666651869,0.003248747666651869,object-ground,True,False
183,ground,right_ankle_roll_sphere_5_link,world,right_ankle_roll_sphere_5_link,-0.000996165242504096,0.000996165242504096,foot-ground,True,False
183,right_knee_link,right_ankle_roll_link,right_knee_link,right_ankle_roll_link,-0.02941132688843276,0.02941132688843276,self-collision,False,False
183,right_ankle_intermediate_1_link,right_ankle_roll_link,right_ankle_intermediate_1_link,right_ankle_roll_link,-0.002236821956149576,0.002236821956149576,self-collision,False,False
183,left_knee_link,left_ankle_roll_link,left_knee_link,left_ankle_roll_link,-0.02959347258982245,0.02959347258982245,self-collision,False,False
183,ground,right_ankle_roll_sphere_1_link,world,right_ankle_roll_sphere_1_link,-0.0004075166562635497,0.0004075166562635497,foot-ground,True,False
184,ground,right_ankle_roll_sphere_2_link,world,right_ankle_roll_sphere_2_link,-0.00029339772253607604,0.00029339772253607604,foot-ground,True,False
184,left_ankle_intermediate_1_link,left_ankle_roll_link,left_ankle_intermediate_1_link,left_ankle_roll_link,-0.0021190570277774545,0.0021190570277774545,self-collision,False,False
184,ground,right_ankle_roll_link,world,right_ankle_roll_link,-0.001419539518363662,0.001419539518363662,foot-ground,True,False
184,ground,right_ankle_roll_sphere_3_link,world,right_ankle_roll_sphere_3_link,-0.000995682624843927,0.000995682624843927,foot-ground,True,False
184,ground,right_ankle_roll_sphere_4_link,world,right_ankle_roll_sphere_4_link,-0.0008591712258948529,0.0008591712258948529,foot-ground,True,False
184,ground,largebox,world,largebox_link,-0.003252260322485906,0.003252260322485906,object-ground,True,False
184,ground,right_ankle_roll_sphere_5_link,world,right_ankle_roll_sphere_5_link,-0.0009953268610483545,0.0009953268610483545,foot-ground,True,False
184,right_knee_link,right_ankle_roll_link,right_knee_link,right_ankle_roll_link,-0.029497527952430908,0.029497527952430908,self-collision,False,False
184,right_ankle_intermediate_1_link,right_ankle_roll_link,right_ankle_intermediate_1_link,right_ankle_roll_link,-0.0022057793283176697,0.0022057793283176697,self-collision,False,False
184,left_knee_link,left_ankle_roll_link,left_knee_link,left_ankle_roll_link,-0.02933816992342239,0.02933816992342239,self-collision,False,False
184,ground,right_ankle_roll_sphere_1_link,world,right_ankle_roll_sphere_1_link,-0.00040715722166030557,0.00040715722166030557,foot-ground,True,False
185,ground,right_ankle_roll_sphere_2_link,world,right_ankle_roll_sphere_2_link,-0.0006832717713344183,0.0006832717713344183,foot-ground,True,False
185,left_ankle_intermediate_1_link,left_ankle_roll_link,left_ankle_intermediate_1_link,left_ankle_roll_link,-0.0022174432606365396,0.0022174432606365396,self-collision,False,False
185,ground,right_ankle_roll_link,world,right_ankle_roll_link,-0.0014468031339521133,0.0014468031339521133,foot-ground,True,False
185,ground,right_ankle_roll_sphere_3_link,world,right_ankle_roll_sphere_3_link,-0.0009942409643596333,0.0009942409643596333,foot-ground,True,False
185,ground,right_ankle_roll_sphere_4_link,world,right_ankle_roll_sphere_4_link,-0.0006214651227344518,0.0006214651227344518,foot-ground,True,False
185,ground,largebox,world,largebox_link,-0.003276638306620089,0.003276638306620089,object-ground,True,False
185,ground,right_ankle_roll_sphere_5_link,world,right_ankle_roll_sphere_5_link,-0.0008042363382374891,0.0008042363382374891,foot-ground,True,False
185,right_knee_link,right_ankle_roll_link,right_knee_link,right_ankle_roll_link,-0.02942198178852115,0.02942198178852115,self-collision,False,False
185,right_ankle_intermediate_1_link,right_ankle_roll_link,right_ankle_intermediate_1_link,right_ankle_roll_link,-0.002203353280865253,0.002203353280865253,self-collision,False,False
185,left_knee_link,left_ankle_roll_link,left_knee_link,left_ankle_roll_link,-0.02918010937597862,0.02918010937597862,self-collision,False,False
185,ground,right_ankle_roll_sphere_1_link,world,right_ankle_roll_sphere_1_link,-0.0009939183060220713,0.0009939183060220713,foot-ground,True,False
186,ground,right_ankle_roll_sphere_2_link,world,right_ankle_roll_sphere_2_link,-0.0009400248700477285,0.0009400248700477285,foot-ground,True,False
186,left_ankle_intermediate_1_link,left_ankle_roll_link,left_ankle_intermediate_1_link,left_ankle_roll_link,-0.0023006167182980097,0.0023006167182980097,self-collision,False,False
186,ground,right_ankle_roll_link,world,right_ankle_roll_link,-0.0013771405840833362,0.0013771405840833362,foot-ground,True,False
186,ground,right_ankle_roll_sphere_3_link,world,right_ankle_roll_sphere_3_link,-0.0005837464775759913,0.0005837464775759913,foot-ground,True,False
186,ground,right_ankle_roll_sphere_4_link,world,right_ankle_roll_sphere_4_link,-0.0005819619587969357,0.0005819619587969357,foot-ground,True,False
186,ground,largebox,world,largebox_link,-0.0032708946587824417,0.0032708946587824417,object-ground,True,False
186,ground,right_ankle_roll_sphere_5_link,world,right_ankle_roll_sphere_5_link,-0.000540746665086164,0.000540746665086164,foot-ground,True,False
186,right_knee_link,right_ankle_roll_link,right_knee_link,right_ankle_roll_link,-0.0291333183104954,0.0291333183104954,self-collision,False,False
186,right_ankle_intermediate_1_link,right_ankle_roll_link,right_ankle_intermediate_1_link,right_ankle_roll_link,-0.0020439513703477408,0.0020439513703477408,self-collision,False,False
186,left_knee_link,left_ankle_roll_link,left_knee_link,left_ankle_roll_link,-0.02420682590420635,0.02420682590420635,self-collision,False,False
186,ground,right_ankle_roll_sphere_1_link,world,right_ankle_roll_sphere_1_link,-0.0009415119690302743,0.0009415119690302743,foot-ground,True,False
187,ground,right_ankle_roll_sphere_2_link,world,right_ankle_roll_sphere_2_link,-0.00097716139605047,0.00097716139605047,foot-ground,True,False
187,left_ankle_intermediate_1_link,left_ankle_roll_link,left_ankle_intermediate_1_link,left_ankle_roll_link,-0.0023341954603787185,0.0023341954603787185,self-collision,False,False
187,ground,right_ankle_roll_link,world,right_ankle_roll_link,-0.0014375843855699184,0.0014375843855699184,foot-ground,True,False
187,ground,right_ankle_roll_sphere_3_link,world,right_ankle_roll_sphere_3_link,-0.0005264494974145792,0.0005264494974145792,foot-ground,True,False
187,ground,right_ankle_roll_sphere_4_link,world,right_ankle_roll_sphere_4_link,-0.0009715760048277329,0.0009715760048277329,foot-ground,True,False
187,ground,largebox,world,largebox_link,-0.003246855073097632,0.003246855073097632,object-ground,True,False
187,ground,right_ankle_roll_sphere_5_link,world,right_ankle_roll_sphere_5_link,-0.0007439916609046247,0.0007439916609046247,foot-ground,True,False
187,right_knee_link,right_ankle_roll_link,right_knee_link,right_ankle_roll_link,-0.028900410044390423,0.028900410044390423,self-collision,False,False
187,right_ankle_intermediate_1_link,right_ankle_roll_link,right_ankle_intermediate_1_link,right_ankle_roll_link,-0.0020057920906829813,0.0020057920906829813,self-collision,False,False
187,left_knee_link,left_ankle_roll_link,left_knee_link,left_ankle_roll_link,-0.023965803690562476,0.023965803690562476,self-collision,False,False
187,ground,right_ankle_roll_sphere_1_link,world,right_ankle_roll_sphere_1_link,-0.0006062226398728414,0.0006062226398728414,foot-ground,True,False
188,ground,right_ankle_roll_sphere_2_link,world,right_ankle_roll_sphere_2_link,-0.0009528608500243658,0.0009528608500243658,foot-ground,True,False
188,left_ankle_intermediate_1_link,left_ankle_roll_link,left_ankle_intermediate_1_link,left_ankle_roll_link,-0.0025449886769626923,0.0025449886769626923,self-collision,False,False
188,ground,right_ankle_roll_link,world,right_ankle_roll_link,-0.001411960157139392,0.001411960157139392,foot-ground,True,False
188,ground,right_ankle_roll_sphere_3_link,world,right_ankle_roll_sphere_3_link,-0.00051279750658047,0.00051279750658047,foot-ground,True,False
188,ground,right_ankle_roll_sphere_4_link,world,right_ankle_roll_sphere_4_link,-0.0009475842164459796,0.0009475842164459796,foot-ground,True,False
188,ground,largebox,world,largebox_link,-0.0032757478639100224,0.0032757478639100224,object-ground,True,False
188,ground,right_ankle_roll_sphere_5_link,world,right_ankle_roll_sphere_5_link,-0.0007253074662896359,0.0007253074662896359,foot-ground,True,False
188,right_knee_link,right_ankle_roll_link,right_knee_link,right_ankle_roll_link,-0.028472396056808458,0.028472396056808458,self-collision,False,False
188,right_ankle_intermediate_1_link,right_ankle_roll_link,right_ankle_intermediate_1_link,right_ankle_roll_link,-0.0021120726215254626,0.0021120726215254626,self-collision,False,False
188,left_knee_link,left_ankle_roll_link,left_knee_link,left_ankle_roll_link,-0.024170297739497387,0.024170297739497387,self-collision,False,False
188,ground,right_ankle_roll_sphere_1_link,world,right_ankle_roll_sphere_1_link,-0.0005905385918031107,0.0005905385918031107,foot-ground,True,False
189,ground,right_ankle_roll_sphere_2_link,world,right_ankle_roll_sphere_2_link,-0.0004326182180676942,0.0004326182180676942,foot-ground,True,False
189,left_ankle_intermediate_1_link,left_ankle_roll_link,left_ankle_intermediate_1_link,left_ankle_roll_link,-0.0028875815596629273,0.0028875815596629273,self-collision,False,False
189,ground,right_ankle_roll_link,world,right_ankle_roll_link,-0.0013800210620311046,0.0013800210620311046,foot-ground,True,False
189,ground,right_ankle_roll_sphere_3_link,world,right_ankle_roll_sphere_3_link,-0.0009653257400049345,0.0009653257400049345,foot-ground,True,False
189,ground,right_ankle_roll_sphere_4_link,world,right_ankle_roll_sphere_4_link,-0.0008536245894405275,0.0008536245894405275,foot-ground,True,False
189,ground,largebox,world,largebox_link,-0.0032510369856921795,0.0032510369856921795,object-ground,True,False
189,ground,right_ankle_roll_sphere_5_link,world,right_ankle_roll_sphere_5_link,-0.0009601004353799692,0.0009601004353799692,foot-ground,True,False
189,right_knee_link,right_ankle_roll_link,right_knee_link,right_ankle_roll_link,-0.02800211078426601,0.02800211078426601,self-collision,False,False
189,right_ankle_intermediate_1_link,right_ankle_roll_link,right_ankle_intermediate_1_link,right_ankle_roll_link,-0.00207873888813849,0.00207873888813849,self-collision,False,False
189,left_knee_link,left_ankle_roll_link,left_knee_link,left_ankle_roll_link,-0.02495444805187888,0.02495444805187888,self-collision,False,False
189,ground,right_ankle_roll_sphere_1_link,world,right_ankle_roll_sphere_1_link,-0.0005257025102047,0.0005257025102047,foot-ground,True,False
190,ground,right_ankle_roll_sphere_2_link,world,right_ankle_roll_sphere_2_link,-0.0005541477193047725,0.0005541477193047725,foot-ground,True,False
190,left_ankle_intermediate_1_link,left_ankle_roll_link,left_ankle_intermediate_1_link,left_ankle_roll_link,-0.0031809133799089173,0.0031809133799089173,self-collision,False,False
190,ground,right_ankle_roll_link,world,right_ankle_roll_link,-0.0013984215771104605,0.0013984215771104605,foot-ground,True,False
190,ground,right_ankle_roll_sphere_3_link,world,right_ankle_roll_sphere_3_link,-0.0009864053929709562,0.0009864053929709562,foot-ground,True,False
190,ground,right_ankle_roll_sphere_4_link,world,right_ankle_roll_sphere_4_link,-0.0008998057529332427,0.0008998057529332427,foot-ground,True,False
190,ground,largebox,world,largebox_link,-0.00328116008836285,0.00328116008836285,object-ground,True,False
190,ground,right_ankle_roll_sphere_5_link,world,right_ankle_roll_sphere_5_link,-0.0009846202400460155,0.0009846202400460155,foot-ground,True,False
190,right_knee_link,right_ankle_roll_link,right_knee_link,right_ankle_roll_link,-0.027451207421977875,0.027451207421977875,self-collision,False,False
190,right_ankle_intermediate_1_link,right_ankle_roll_link,right_ankle_intermediate_1_link,right_ankle_roll_link,-0.0022943778497112183,0.0022943778497112183,self-collision,False,False
190,left_knee_link,left_ankle_roll_link,left_knee_link,left_ankle_roll_link,-0.02558740694242359,0.02558740694242359,self-collision,False,False
190,ground,right_ankle_roll_sphere_1_link,world,right_ankle_roll_sphere_1_link,-0.00062631408600287,0.00062631408600287,foot-ground,True,False
191,ground,right_ankle_roll_sphere_2_link,world,right_ankle_roll_sphere_2_link,-0.0005614629529595632,0.0005614629529595632,foot-ground,True,False
191,left_ankle_intermediate_1_link,left_ankle_roll_link,left_ankle_intermediate_1_link,left_ankle_roll_link,-0.0033543582533161476,0.0033543582533161476,self-collision,False,False
191,ground,right_ankle_roll_link,world,right_ankle_roll_link,-0.001405100087924431,0.001405100087924431,foot-ground,True,False
191,ground,right_ankle_roll_sphere_3_link,world,right_ankle_roll_sphere_3_link,-0.0009927220806831656,0.0009927220806831656,foot-ground,True,False
191,ground,right_ankle_roll_sphere_4_link,world,right_ankle_roll_sphere_4_link,-0.0009077924334514589,0.0009077924334514589,foot-ground,True,False
191,ground,largebox,world,largebox_link,-0.003271797423049755,0.003271797423049755,object-ground,True,False
191,ground,right_ankle_roll_sphere_5_link,world,right_ankle_roll_sphere_5_link,-0.0009918345454313767,0.0009918345454313767,foot-ground,True,False
191,right_knee_link,right_ankle_roll_link,right_knee_link,right_ankle_roll_link,-0.026822717988643274,0.026822717988643274,self-collision,False,False
191,right_ankle_intermediate_1_link,right_ankle_roll_link,right_ankle_intermediate_1_link,right_ankle_roll_link,-0.002406125604976092,0.002406125604976092,self-collision,False,False
191,left_knee_link,left_ankle_roll_link,left_knee_link,left_ankle_roll_link,-0.027017067930940664,0.027017067930940664,self-collision,False,False
191,ground,right_ankle_roll_sphere_1_link,world,right_ankle_roll_sphere_1_link,-0.0006322376589859803,0.0006322376589859803,foot-ground,True,False
192,ground,right_ankle_roll_sphere_2_link,world,right_ankle_roll_sphere_2_link,-0.000999197846286908,0.000999197846286908,foot-ground,True,False
192,left_ankle_intermediate_1_link,left_ankle_roll_link,left_ankle_intermediate_1_link,left_ankle_roll_link,-0.003311987865763255,0.003311987865763255,self-collision,False,False
192,ground,right_ankle_roll_link,world,right_ankle_roll_link,-0.0014393754059875835,0.0014393754059875835,foot-ground,True,False
192,ground,right_ankle_roll_sphere_3_link,world,right_ankle_roll_sphere_3_link,-0.0005880786194958068,0.0005880786194958068,foot-ground,True,False
192,ground,right_ankle_roll_sphere_4_link,world,right_ankle_roll_sphere_4_link,-0.0005879983163586634,0.0005879983163586634,foot-ground,True,False
192,ground,largebox,world,largebox_link,-0.0032728570565166704,0.0032728570565166704,object-ground,True,False
192,ground,right_ankle_roll_sphere_5_link,world,right_ankle_roll_sphere_5_link,-0.000539662839927217,0.000539662839927217,foot-ground,True,False
192,right_knee_link,right_ankle_roll_link,right_knee_link,right_ankle_roll_link,-0.025554098726489255,0.025554098726489255,self-collision,False,False
192,right_ankle_intermediate_1_link,right_ankle_roll_link,right_ankle_intermediate_1_link,right_ankle_roll_link,-0.0026274496516847934,0.0026274496516847934,self-collision,False,False
192,left_knee_link,left_ankle_roll_link,left_knee_link,left_ankle_roll_link,-0.028022987449351028,0.028022987449351028,self-collision,False,False
192,ground,right_ankle_roll_sphere_1_link,world,right_ankle_roll_sphere_1_link,-0.0009992647655678649,0.0009992647655678649,foot-ground,True,False
193,ground,right_ankle_roll_sphere_2_link,world,right_ankle_roll_sphere_2_link,-0.0006753367408376008,0.0006753367408376008,foot-ground,True,False
193,left_ankle_intermediate_1_link,left_ankle_roll_link,left_ankle_intermediate_1_link,left_ankle_roll_link,-0.0032791843124058417,0.0032791843124058417,self-collision,False,False
193,ground,right_ankle_roll_link,world,right_ankle_roll_link,-0.0014075555041764796,0.0014075555041764796,foot-ground,True,False
193,ground,right_ankle_roll_sphere_3_link,world,right_ankle_roll_sphere_3_link,-0.0007318593195602191,0.0007318593195602191,foot-ground,True,False
193,ground,right_ankle_roll_sphere_4_link,world,right_ankle_roll_sphere_4_link,-0.00034523976125612043,0.00034523976125612043,foot-ground,True,False
193,ground,largebox,world,largebox_link,-0.0032953839276314845,0.0032953839276314845,object-ground,True,False
193,ground,right_ankle_roll_sphere_5_link,world,right_ankle_roll_sphere_5_link,-0.0005035049894603896,0.0005035049894603896,foot-ground,True,False
193,right_knee_link,right_ankle_roll_link,right_knee_link,right_ankle_roll_link,-0.025560863419354568,0.025560863419354568,self-collision,False,False
193,right_ankle_intermediate_1_link,right_ankle_roll_link,right_ankle_intermediate_1_link,right_ankle_roll_link,-0.002716053555712347,0.002716053555712347,self-collision,False,False
193,left_knee_link,left_ankle_roll_link,left_knee_link,left_ankle_roll_link,-0.028750624182959983,0.028750624182959983,self-collision,False,False
193,ground,right_ankle_roll_sphere_1_link,world,right_ankle_roll_sphere_1_link,-0.000997519706091017,0.000997519706091017,foot-ground,True,False
194,ground,right_ankle_roll_sphere_2_link,world,right_ankle_roll_sphere_2_link,-0.0006141091854823385,0.0006141091854823385,foot-ground,True,False
194,left_ankle_intermediate_1_link,left_ankle_roll_link,left_ankle_intermediate_1_link,left_ankle_roll_link,-0.003293058708525448,0.003293058708525448,self-collision,False,False
194,ground,right_ankle_roll_link,world,right_ankle_roll_link,-0.0014051786199838316,0.0014051786199838316,foot-ground,True,False
194,ground,right_ankle_roll_sphere_3_link,world,right_ankle_roll_sphere_3_link,-0.0005626894753007197,0.0005626894753007197,foot-ground,True,False
194,ground,right_ankle_roll_sphere_4_link,world,right_ankle_roll_sphere_4_link,-0.00010241161498796957,0.00010241161498796957,foot-ground,True,False
194,ground,largebox,world,largebox_link,-0.0033404760773517728,0.0033404760773517728,object-ground,True,False
194,ground,right_ankle_roll_sphere_5_link,world,right_ankle_roll_sphere_5_link,-0.0002768633590108189,0.0002768633590108189,foot-ground,True,False
194,right_knee_link,right_ankle_roll_link,right_knee_link,right_ankle_roll_link,-0.025489640768158406,0.025489640768158406,self-collision,False,False
194,right_ankle_intermediate_1_link,right_ankle_roll_link,right_ankle_intermediate_1_link,right_ankle_roll_link,-0.0029048725077010368,0.0029048725077010368,self-collision,False,False
194,ground,left_ankle_roll_link,world,left_ankle_roll_link,-0.0008479642758497455,0.0008479642758497455,foot-ground,True,False
194,left_knee_link,left_ankle_roll_link,left_knee_link,left_ankle_roll_link,-0.029028205295367676,0.029028205295367676,self-collision,False,False
194,left_hip_roll_link,left_rubber_hand_link,left_hip_roll_link,left_rubber_hand_link,-0.0054403734070272575,0.0054403734070272575,self-collision,False,False
194,ground,right_ankle_roll_sphere_1_link,world,right_ankle_roll_sphere_1_link,-0.000997674069076293,0.000997674069076293,foot-ground,True,False
195,left_ankle_intermediate_1_link,left_ankle_roll_link,left_ankle_intermediate_1_link,left_ankle_roll_link,-0.0030334955482165527,0.0030334955482165527,self-collision,False,False
195,ground,right_ankle_roll_link,world,right_ankle_roll_link,-0.0010072884158244914,0.0010072884158244914,foot-ground,True,False
195,ground,right_ankle_roll_sphere_3_link,world,right_ankle_roll_sphere_3_link,-0.0004505601581061792,0.0004505601581061792,foot-ground,True,False
195,ground,left_ankle_roll_sphere_2_link,world,left_ankle_roll_sphere_2_link,-0.0009604398125529863,0.0009604398125529863,foot-ground,True,False
195,left_hip_roll_link,left_wrist_yaw_link,left_hip_roll_link,left_wrist_yaw_link,-0.0010130385269148529,0.0010130385269148529,self-collision,False,False
195,ground,largebox,world,largebox_link,-0.003311939486839499,0.003311939486839499,object-ground,True,False
195,right_knee_link,right_ankle_roll_link,right_knee_link,right_ankle_roll_link,-0.024959380146295562,0.024959380146295562,self-collision,False,False
195,right_ankle_intermediate_1_link,right_ankle_roll_link,right_ankle_intermediate_1_link,right_ankle_roll_link,-0.00291355532078727,0.00291355532078727,self-collision,False,False
195,ground,left_ankle_roll_link,world,left_ankle_roll_link,-0.0019130555960038056,0.0019130555960038056,foot-ground,True,False
195,left_knee_link,left_ankle_roll_link,left_knee_link,left_ankle_roll_link,-0.029213114086601794,0.029213114086601794,self-collision,False,False
195,left_hip_roll_link,left_rubber_hand_link,left_hip_roll_link,left_rubber_hand_link,-0.015973703931648944,0.015973703931648944,self-collision,False,False
195,left_hip_roll_link,left_thumb_link,left_hip_roll_link,left_thumb_link,-0.0009589128476254205,0.0009589128476254205,self-collision,False,False
195,ground,right_ankle_roll_sphere_1_link,world,right_ankle_roll_sphere_1_link,-7.85309635416764e-05,7.85309635416764e-05,foot-ground,True,False
