frame_idx,active_event,nearest_trigger,distance_to_trigger,semantic_score,base_budget,final_budget_after_rescue,configured_semantic_refine_iterations,minimum_semantic_refine_iterations,base_sqp_iterations,semantic_refine_iterations,actual_sqp_iterations,semantic_body_parts,frame_wall_time,mesh_time,optimization_time,collision_check_time,jacobian_time,solver_time,coarse_total_cost,final_total_cost,coarse_left_hand_object_error,coarse_right_hand_object_error,semantic_vertex_weight_mean,semantic_vertex_weight_max,semantic_boosted_vertex_count,semantic_weight_l1,semantic_weight_l2,is_critical_interaction_neighborhood,penetration_depth,raw_penetration_depth,raw_penetration_pair_count,expected_contact_penetration_depth,expected_contact_penetration_pair_count,illegal_penetration_depth,illegal_penetration_pair_count,left_hand_box_signed_distance,right_hand_box_signed_distance,self_collision_violation,joint_limit_violation,foot_sticking_error,velocity_limit_violation,final_laplacian_error,left_hand_demo_object_distance,left_hand_robot_object_distance,left_hand_object_error,left_hand_local_laplacian_error,left_hand_object_neighbor_laplacian_error,right_hand_demo_object_distance,right_hand_robot_object_distance,right_hand_object_error,right_hand_local_laplacian_error,right_hand_object_neighbor_laplacian_error,pelvis_robot_position,left_hand_robot_position,right_hand_robot_position
0,,contact,30,1.3863432936411706e-49,50,50,0,0,50,0,50,,1.8017347268760204,0.0025718379765748978,1.787790531059727,0.01134494598954916,,1.787790531059727,1.1843197111200612,1.1843197111200612,,,1.0,1.0,0,0.0,0.0,False,0.0014683117942896062,0.028121296152426145,17,0.0031038711506328753,13,0.0,0,0.08330191633362816,0.14348423131428412,,0.0,0.0,,0.02216287178401527,0.222575568590948,0.261747590605622,0.03917202201467404,0.0673238599442344,0.018941533531892946,0.2745051197479645,0.29032930133646623,0.01582418158850174,0.05567150598183199,0.017795206513540027,0.6347837536785604|0.8022254605390892|0.7704831134259317,0.8535500641405531|0.6324761172535904|0.5958030154155177,0.39922125349784665|0.6539254724494161|0.6124329095519923
1,,contact,29,2.2120380336009962e-46,2,2,0,0,2,0,2,,0.09283951087854803,0.002611147938296199,0.07901665894314647,0.0111853270791471,,0.07901665894314647,0.7522796835342794,0.7522796835342794,,,1.0,1.0,0,0.0,0.0,False,0.0008618065140983122,0.02986117164111296,14,0.0031473427068362536,10,0.0,0,0.05648909465402596,0.1167468985500193,,0.0,0.001602318679462273,,0.021507266009788615,0.19466303616604216,0.23410059979236628,0.03943756362632411,0.06194177950250897,0.017485154122083155,0.24702061277048,0.2616260927172897,0.01460547994680969,0.050360143801756664,0.01662527632596058,0.634966888976732|0.8105347363590003|0.7586585046929529,0.8672929556770137|0.6428567156554494|0.5585341868628808,0.38948802865318943|0.651589451840023|0.5742381828494985
2,,contact,28,2.7487850079102147e-43,2,2,0,0,2,0,2,,0.09725495101884007,0.002622986910864711,0.08302524918690324,0.011580360122025013,,0.08302524918690324,0.709602344328849,0.709602344328849,,,1.0,1.0,0,0.0,0.0,False,0.0007487152207827988,0.031437388656473386,13,0.0031186797000378186,9,0.0,0,0.02860719478903917,0.0839065590072785,,0.0,0.0014978421665217195,,0.021087189445256328,0.16702964198679293,0.202932966071004,0.03590332408421107,0.057363093150882165,0.017921863145598006,0.218889967517298,0.2265190818468393,0.007629114329541303,0.04472889725629413,0.016585712127882048,0.6289277224485098|0.8226474256496064|0.7420897088742396,0.8722882118988076|0.6521594976035633|0.5165103220982952,0.3871825105964536|0.6413949335485624|0.5310731163130751
3,,contact,27,2.6602064159439866e-40,2,2,0,0,2,0,2,,0.10164785897359252,0.0026111009065061808,0.08717192686162889,0.011837420985102654,,0.08717192686162889,0.6998206170528202,0.6998206170528202,,,1.0,1.0,0,0.0,0.0,False,0.0007018770111012138,0.0328528541989456,12,0.003141146459411881,8,0.0,0,0.004958148041380284,0.05140771081711115,,0.0,0.0015619835780543287,,0.021011448692806432,0.14084248028933713,0.16683538439888795,0.025992904109550824,0.05219048139124675,0.018696247419196513,0.19075423092319974,0.19196754400807706,0.001213313084877321,0.03489736616887677,0.01697826045487717,0.6210297949400098|0.837664692260075|0.7208131733401721,0.8783624223808002|0.6549530795325477|0.47193090582124697,0.38664312361107217|0.6272751502309634|0.48529909523863407
4,,contact,26,2.005008781961654e-37,2,3,1,1,2,1,3,,0.17956300196237862,0.0026360901538282633,0.15872210706584156,0.0124898471403867,,0.15872210706584156,0.7085496583745072,0.7032016438672644,0.02082311384082769,0.0004981471721816066,1.0,1.0,0,0.0,0.0,False,0.0012694383963603867,0.03489614592539039,14,0.0031371618314882943,9,0.0,0,-0.010379182425822364,0.02253388710273363,,0.0,0.0013628922947806325,,0.021073295028043185,0.11775434054355444,0.13611698494651162,0.01836264440295718,0.04331691193413518,0.018760258155262867,0.16346603677236926,0.1623347416891005,0.0011312950832687574,0.02841147456016433,0.01813443337318688,0.6107063295918592|0.8589461220827304|0.6875904671265892,0.8853318656843755|0.6544819814203429|0.4265385986882081,0.3851503956435597|0.616527212329446|0.434257804800522
5,,contact,25,1.1769109439216723e-34,2,2,0,0,2,0,2,,0.10810378100723028,0.002677574986591935,0.09262458910234272,0.012769252061843872,,0.09262458910234272,0.666593996406651,0.666593996406651,,,1.0,1.0,0,0.0,0.0,False,0.0032414553665985057,0.03610319135299525,16,0.0031110539474660526,11,0.0032414553665985057,1,-0.01764506205998906,0.008368167095479606,,0.0,0.0014618058391639786,,0.02097861495787435,0.09956860049399487,0.11870256535806652,0.01913396486407165,0.04051345949406417,0.01886691060896259,0.13873854643006756,0.14881787668505925,0.010079330254991692,0.02949480573348374,0.01821389989145386,0.6081014228712279|0.8700947708275524|0.6629112944422935,0.8910021586556969|0.6509656471935206|0.3904695041219049,0.3840769003995416|0.6001458622648383|0.39504155161004695
6,,contact,24,5.380186160021138e-32,2,2,0,0,2,0,2,,0.11101432796567678,0.002640312071889639,0.09569454798474908,0.0126524749211967,,0.09569454798474908,0.6961893742526153,0.6961893742526153,,,1.0,1.0,0,0.0,0.0,False,0.004283768000747243,0.03564397501338573,15,0.0031355946968038007,10,0.004283768000747243,1,-0.017111924684563462,-0.004032150676646751,,0.0,0.001514230758820478,,0.021285143257747205,0.08879512663570269,0.09947343480891126,0.01067830817320857,0.04135524132420554,0.019645949278983537,0.11883766528894972,0.13699034205775829,0.018152676768808565,0.030320188627397642,0.018544203593213696,0.607150067379934|0.884019634605096|0.6426987074401616,0.895828440901213|0.6485084203265806|0.3532063134490332,0.3894191773200126|0.5861569244510048|0.3631967325258796
7,,contact,23,1.915478951967148e-29,2,2,0,0,2,0,2,,0.11642626696266234,0.002654680982232094,0.10097617306746542,0.0127672019880265,,0.10097617306746542,0.706525096143068,0.706525096143068,,,1.0,1.0,0,0.0,0.0,False,0.0021735815034305828,0.03558671501339147,13,0.0031557274893412313,8,0.0021735815034305828,1,-0.019984845612885493,-0.011085340001791621,,0.0,0.001376526955223055,,0.02147484451977181,0.08391605980249676,0.08646613584724248,0.0025500760447457194,0.03750646486357255,0.019525840855142588,0.10638536290407621,0.11979087765496675,0.013405514750890538,0.03025632707199159,0.018728558476353536,0.6061092452166015|0.8901124231240773|0.6259705207090748,0.8974811468511297|0.6392357245716073|0.3188501858922121,0.3969631729798409|0.5730473325240326|0.33073186576188596
8,,contact,22,5.311092249679095e-27,2,2,0,0,2,0,2,,0.11843822989612818,0.0025851698592305183,0.10265903803519905,0.013164547039195895,,0.10265903803519905,0.7044549068491092,0.7044549068491092,,,1.0,1.0,0,0.0,0.0,False,0.002317233269098787,0.036099594672498014,12,0.002967420815621097,7,0.002317233269098787,1,-0.015909952469304045,-0.008531082696530135,,0.0,0.0013028982991300313,,0.021399993690929063,0.08027341396293271,0.08605932639675609,0.005785912433823384,0.03737324145230724,0.019277009945043985,0.09965398132270455,0.11165367126116892,0.01199968993846437,0.030861516132762574,0.019147738636540363,0.6035847155303137|0.8955550034711897|0.610526727932415,0.8988734047469984|0.6329100204735235|0.2917055277846409,0.40233545450792285|0.5626803708981204|0.2967406936192669
9,,contact,21,1.146876582225596e-24,2,2,0,0,2,0,2,,0.12023016600869596,0.0026218718849122524,0.10443535400554538,0.013142582029104233,,0.10443535400554538,0.7019979441868727,0.7019979441868727,,,1.0,1.0,0,0.0,0.0,False,0.0015383314668591247,0.03686195080534402,11,0.003008943902417044,6,0.0015383314668591247,1,-0.005609522357415742,-0.001529941572195881,,0.0,0.0013318150437718842,,0.021400526642613108,0.078574444051005,0.09616598372806258,0.01759153967705758,0.03752260344053339,0.018936257819353604,0.08475699918663318,0.10265673570869403,0.017899736522060852,0.03286722133936012,0.020032368726394616,0.6081832730386159|0.9000087993188707|0.5967412543684971,0.903390763964806|0.6272025612037133|0.2670523483960771,0.407020092852008|0.5560877158581612|0.268013725490925
10,,contact,20,1.9287498479639178e-22,2,2,0,0,2,0,2,,0.12188547197729349,0.002617649035528302,0.10607445403002203,0.013162868097424507,,0.10607445403002203,0.7105471823820672,0.7105471823820672,,,1.0,1.0,0,0.0,0.0,False,0.001218813702549587,0.036728627222775256,9,0.002972382152683306,4,0.001218813702549587,1,0.004929430102057708,0.0004555519219966442,,0.0,0.001313729866036259,,0.02147969519321951,0.0745574537008932,0.08918938545191328,0.01463193175102008,0.03649414519399781,0.018781132322527143,0.07821379770334051,0.10067196536636384,0.022458167663023332,0.03452086342966729,0.01988560207296132,0.6118863225844343|0.9026955407058376|0.5860659952542473,0.9036407981107123|0.6214146654118391|0.24469358563854715,0.4124300998671537|0.5462572673646142|0.244099003060908
11,,contact,19,2.5261637809256925e-20,2,2,0,0,2,0,2,,0.12561783497221768,0.0026086869183927774,0.10989316389895976,0.013086243998259306,,0.10989316389895976,0.7183456100065673,0.7183456100065673,,,1.0,1.0,0,0.0,0.0,False,0.0014631889739404082,0.037100662440346405,9,0.003018469779875105,4,0.0009685246435886252,1,-0.0014814978373252075,-0.014498806691156219,,0.0,0.0013528666252607686,,0.021562954019332385,0.07612232754810105,0.0863974177246112,0.01027509017651014,0.03712522994240389,0.018870185478380642,0.07599210873720244,0.10243452455161628,0.02644241581441384,0.034246735229007175,0.01928822112228044,0.6146960510216127|0.9052885060189282|0.5751891188405323,0.9038000504075907|0.6162631444534896|0.2260413835382923,0.41923716460606647|0.5427831458414041|0.22099690934019633
12,,contact,18,2.576757109154981e-18,2,2,0,0,2,0,2,,0.12993653188459575,0.0026603201404213905,0.11393673997372389,0.013310095993801951,,0.11393673997372389,0.715696362633896,0.715696362633896,,,1.0,1.0,0,0.0,0.0,False,0.0014679101985788298,0.03777417655276735,9,0.0030128680476467218,4,0.0008741415451097995,1,-0.011194673923110798,-0.026969419419327068,,0.0,0.0013613268708509783,,0.02150820622548645,0.07950557536863648,0.08668808036192396,0.007182504993287486,0.037166711518270355,0.01898008859389521,0.06475706662099791,0.08659482419487521,0.021837757573877306,0.033182180710942186,0.018708840676349446,0.6144227759841038|0.9063799575972794|0.5628078757522013,0.9024578656318757|0.610589142193877|0.20614261071228812,0.4278800020627996|0.5356027263769156|0.19857942316045885
13,,contact,17,2.0469717131642043e-16,2,2,0,0,2,0,2,,0.1326412248890847,0.0026366000529378653,0.11631375388242304,0.013663146179169416,,0.11631375388242304,0.7260144220870316,0.7260144220870316,,,1.0,1.0,0,0.0,0.0,False,0.001981223543914626,0.038048206747724966,9,0.003035093538967387,4,0.001981223543914626,1,-0.019030192362659903,-0.030743291681181617,,0.0,0.00135230518245023,,0.021634396404830343,0.0731831569668558,0.09070245525529265,0.017519298288436846,0.03674838309985384,0.01870516060131677,0.059706961524533954,0.07879441705288284,0.01908745552834889,0.034334774378324745,0.019323951727905384,0.6160608602385105|0.9080493828586417|0.5526584722892146,0.901075050803534|0.6033909625019004|0.18814060031592672,0.43281637474544143|0.5303942708836333|0.17966419477086015
14,,contact,16,1.2664165549094176e-14,2,2,0,0,2,0,2,,0.13556708814576268,0.002629782073199749,0.1191582668107003,0.013751524034887552,,0.1191582668107003,0.7248829099209946,0.7248829099209946,,,1.0,1.0,0,0.0,0.0,False,0.0011754195466562867,0.03870957704335934,10,0.0030380263466471824,4,0.0011754195466562867,1,-0.024569649188736165,-0.03499397626849721,,0.0,0.0013614553049344981,,0.021680933459365097,0.06960966218364845,0.0879569089169829,0.01834724673333446,0.03500836273997996,0.01875936559792378,0.058226961794825144,0.07478240759365114,0.016555445798825993,0.034892640058005735,0.019872444756581422,0.6173560788024092|0.9085866321130905|0.5426223815257675,0.899387406917238|0.5991242820955637|0.1724300769319299,0.43775906258915215|0.530487573787272|0.15988867680012248
15,,contact,15,6.101936677605324e-13,2,2,0,0,2,0,2,,0.16415874008089304,0.0025928558316081762,0.14742244500666857,0.014115189900621772,,0.14742244500666857,0.7343278032656555,0.7343278032656555,,,1.0,1.0,0,0.0,0.0,False,0.0012131968112159032,0.0391628559168585,10,0.002990893649162163,5,0.0011353968162303996,1,-0.028332843416331244,-0.02929609335692618,,0.0,0.0013698131901408112,,0.02175354619997463,0.06819076923508341,0.08013987451572802,0.011949105280644606,0.034482076179593035,0.018645659871816576,0.051732893876668254,0.07633348709863244,0.024600593221964187,0.03889799462713369,0.02023503584681869,0.6208864865584004|0.908288921518648|0.5333663621779148,0.897383910470308|0.5903691916680534|0.16009093820132536,0.43783024014079536|0.5284844994585643|0.1447354807074878
16,,contact,14,2.289734845645553e-11,2,2,0,0,2,0,2,,0.14456486189737916,0.002611969830468297,0.12758790818043053,0.014336977852508426,,0.12758790818043053,0.7378071369015988,0.7378071369015988,,,1.0,1.0,0,0.0,0.0,False,0.0015342567887794145,0.03950825770196509,13,0.002996716034210256,5,0.0015342567887794145,4,-0.03288901781508713,-0.02820067294866213,,0.0,0.0013663841893433461,,0.021798143140710623,0.06402632931514866,0.07469391234687306,0.010667583031724395,0.03722112269211013,0.019181909514172115,0.04456511921968228,0.07147682946423196,0.026911710244549684,0.03976494755222193,0.020180901859094304,0.6209341740011843|0.9088951628909194|0.5263420427187012,0.8942461612534738|0.586067684283732|0.15112762693064855,0.4404174183195405|0.5258213627293827|0.13514797351068608
17,,contact,13,6.691586091292782e-10,2,2,0,0,2,0,2,,0.14715789002366364,0.0026106229051947594,0.13035378395579755,0.014166738837957382,,0.13035378395579755,0.750226158810709,0.750226158810709,,,1.0,1.0,0,0.0,0.0,False,0.0012769211029377975,0.039220355042758254,13,0.0030182819769577485,5,0.0012769211029377975,4,-0.0382679890426143,-0.027112446364903064,,0.0,0.0014139468335504864,,0.021933179087353233,0.058311006527179424,0.0711945568640079,0.012883550336828475,0.04052182969644087,0.01929120656956525,0.039410877470981445,0.07111313542909868,0.031702257958117236,0.047936338212139676,0.020580665354012255,0.6208957521020936|0.9117494374600276|0.522550610121872,0.8914770306497675|0.5839844946494345|0.14718434428064547,0.4407989388873902|0.5222291299611933|0.13529532728060847
18,,contact,12,1.522997974471263e-08,2,2,0,0,2,0,2,,0.14813145203515887,0.0026285462081432343,0.1310698699671775,0.014399379957467318,,0.1310698699671775,0.7681323703082413,0.7681323703082413,,,1.0,1.0,0,0.0,0.0,False,0.00118610361929114,0.03880317779214906,14,0.003035532063797697,6,0.00118610361929114,4,-0.04439249368367193,-0.027141766674477097,,0.0,0.0014009641333159195,,0.0221348836924282,0.05258928045085924,0.06688729088872179,0.014298010437862552,0.04164897142952981,0.019296249443167462,0.034969496022889825,0.07084963081432531,0.03588013479143549,0.056467172922653575,0.021419941502819714,0.620085903694433|0.9136544678093256|0.5191704300909775,0.8876905176958116|0.5814878796298565|0.1425110458885039,0.44110119563872735|0.5216842617984915|0.1353200168073435
19,,contact,11,2.699578503363014e-07,2,2,0,0,2,0,2,,0.1487030228599906,0.0026266248896718025,0.13164653489366174,0.014402471948415041,,0.13164653489366174,0.7854970453357532,0.7854970453357532,,,1.0,1.0,0,0.0,0.0,False,0.001067182527372354,0.03832348558559953,14,0.0029856556847730753,6,0.001067182527372354,4,-0.03194642070348941,-0.026643566364063176,,0.0,0.0013982597499659509,,0.022179839821781625,0.04693967049141904,0.07342524880293869,0.026485578311519646,0.04764820132380343,0.018619011347603173,0.03153757446137274,0.07140674301556288,0.03986916855419014,0.06380604098422964,0.02143862130879241,0.6194849427746224|0.9146958201525018|0.5157601184998418,0.8938674219984483|0.5825233713731869|0.1374195217172992,0.4405409925915943|0.5200174475675694|0.13519243567556655
20,,contact,10,3.726653172078671e-06,2,2,0,0,2,0,2,,0.14647085685282946,0.0026123300194740295,0.12955763190984726,0.014273084932938218,,0.12955763190984726,0.8239626291519253,0.8239626291519253,,,1.0,1.0,0,0.0,0.0,False,0.001138520824710415,0.03816559592843627,15,0.0029824674316329125,6,0.001138520824710415,5,-0.02895207174323744,-0.02595387358148571,,0.0,0.0014149062924483464,,0.022599403663404554,0.042137197001041356,0.07236300528496091,0.030225808283919554,0.05439249103319983,0.019876215609963138,0.030081807189030255,0.07218597119467685,0.042104164005646594,0.06825445284668563,0.02126559961946793,0.6188498889817174|0.9137051059575638|0.5142665167201328,0.8935108572798743|0.5781624236616496|0.13634201112732564,0.43991520058969086|0.5176949084993658|0.13488792978298897
21,,contact,9,4.006529739295107e-05,2,2,0,0,2,0,2,,0.1452272899914533,0.00263836607336998,0.12825720314867795,0.014301663031801581,,0.12825720314867795,0.8617589063618574,0.8617589063618574,,,1.0,1.0,0,0.0,0.0,False,0.0010739857993244256,0.03811593190750201,15,0.0029389578279449546,6,0.0010739857993244256,5,-0.02755246889257279,-0.024451309141250377,,0.0,0.0014144620590552293,,0.022981506818208,0.03866287067761362,0.07057102744899235,0.03190815677137873,0.05810886086971775,0.020208321550373633,0.029937430837878223,0.07251148028192694,0.04257404944404872,0.07348783285299394,0.021985855777465865,0.6171553141603131|0.9141714796402547|0.5113305513061618,0.8921435765720034|0.5745518532755529|0.1367432839597305,0.4400456282487641|0.5132317019344738|0.13508175707336117
22,,contact,8,0.00033546262790251185,2,2,0,0,2,0,2,,0.14919562498107553,0.0026649869978427887,0.13221995695494115,0.014282749965786934,,0.13221995695494115,0.8666024442738174,0.8666024442738174,,,1.0,1.0,0,0.0,0.0,False,0.0018515499720554857,0.03811859214719529,15,0.0029502151468231153,6,0.0018515499720554857,5,-0.026737018527205336,-0.02378823905879024,,0.0,0.0014168448302819224,,0.02301169068866199,0.03735674281998337,0.06937044978751292,0.032013706967529545,0.06063434291545134,0.02039957457027742,0.03126426443896467,0.07268194420664077,0.0414176797676761,0.07514722978767668,0.021564034717106734,0.6186058494520756|0.9139917173188009|0.5087846886736475,0.8910619394098234|0.5704973518467724|0.1369923373477996,0.43997342470339196|0.5115993527029588|0.1352596451740653
23,,contact,7,0.002187491118182885,2,2,0,0,2,0,2,,0.1465557247865945,0.0026608898770064116,0.12948399083688855,0.014380756998434663,,0.12948399083688855,0.8935592055805361,0.8935592055805361,,,0.9999999999999998,1.0058736713545862,32,0.11359566347899297,0.013248357493851318,False,0.0011097422136474716,0.03825799054665613,15,0.003077930906285109,6,0.0011097422136474716,5,-0.02648167977690008,-0.022473902795763223,,0.0,0.0014142553468461563,,0.02321079010987344,0.036789626405801315,0.06874343246489076,0.03195380605908944,0.06307729136216403,0.020597233211621,0.032377184243247814,0.07346940685244296,0.04109222260919515,0.07691072612499489,0.02166988351102515,0.6175695200821611|0.9139349571304679|0.505422007451813,0.8904671321903672|0.5676112539393512|0.1372537898787559,0.43990611798368445|0.5077823402373157|0.1353948771007215
24,,contact,6,0.011108996538242306,2,2,0,0,2,0,2,,0.14728282089345157,0.0026831268332898617,0.13012482807971537,0.014442665036767721,,0.13012482807971537,0.9095660397348868,0.9095660397348868,,,1.0000000000000007,1.0297459462280403,32,0.5752808241383943,0.06709345924065611,False,0.0010203405788474923,0.038244122439058115,15,0.003059761113823445,6,0.0009999792951402298,5,-0.0268665278040654,-0.021600336725763114,,0.0,0.0014147287001527633,,0.02333288779680809,0.03570710406711344,0.06789655055908737,0.03218944649197393,0.06431944679332863,0.020690851131837676,0.031150753970617714,0.07399884275593599,0.042848088785318275,0.07843644139622515,0.021626504679943908,0.617714613770491|0.9135505995865579|0.5032591500674042,0.8896642570420893|0.5658439262351758|0.13753187243423629,0.44009766900224195|0.5049708143973711|0.13550625315596831
25,,contact,5,0.04393693362340742,2,2,0,0,2,0,2,,0.14535391493700445,0.0026955250650644302,0.12857529800385237,0.014054727973416448,,0.12857529800385237,0.9351855944463414,0.9351855944463414,,,1.0000000000000002,1.1172970563100093,30,2.1799903069834343,0.2600524085558598,False,0.0014656512354141726,0.03820518493014191,16,0.00284940048380658,6,0.0014656512354141726,5,-0.02543854468788531,-0.021108577285106733,,0.0,0.0014155087962715548,,0.023437685975147587,0.031443064163288646,0.06721947759290336,0.03577641342961472,0.0682643419495344,0.02115759233627426,0.026889081374842517,0.07437150869390982,0.04748242731906731,0.08038573881743685,0.02203182827954689,0.6176236541693947|0.9117227233207661|0.5024064725883999,0.8887121588822413|0.559502317040316|0.13776014776552659,0.44049579304716563|0.5024501593603923|0.13554437369660727
26,,contact,4,0.1353352832366127,2,2,0,0,2,0,2,,0.14744089008308947,0.002675896044820547,0.13001042418181896,0.01471547200344503,,0.13001042418181896,0.958819751029187,0.958819751029187,,,1.0,1.3549793417460239,28,6.3147762774500436,0.7726507689540076,False,0.0010631800424050347,0.03804339194921741,16,0.0011607672289883075,6,0.0010631800424050347,5,-0.027031390030682445,-0.0246978351719207,,0.0,0.0013049922116378375,,0.023452635754527554,0.02728719847017925,0.06604218739081692,0.038754988920637674,0.06931894992601734,0.020879803103642073,0.024626742472030148,0.07214734072052185,0.04752059824849171,0.07986425272698607,0.02143090175556274,0.6184536803272054|0.909823048880227|0.5027706324186018,0.8885111174749402|0.5603354285219921|0.13777112386960777,0.4412018428696431|0.5095136473326537|0.13534522109024708
27,,contact,3,0.32465246735834974,2,2,0,0,2,0,2,right_hand|left_hand,0.14507877896539867,0.002671455033123493,0.12737538199871778,0.014998321188613772,,0.12737538199871778,0.9849112629250822,0.9849112629250822,,,0.9999999999999998,1.8057332306982972,29,14.658146850780556,1.7702507328259944,True,0.001475313625642724,0.03806947597768401,14,0.001475313625642724,5,0.0010028944104594206,5,-0.032207148554146414,-0.026820410893552804,,0.0,0.0013727845824554922,,0.023480234165030783,0.026344933036570133,0.06454028210757298,0.038195349071002846,0.06789241280136622,0.0205410903150384,0.024136155590451434,0.07085897221221124,0.04672281662175981,0.0772911140752595,0.021291505067096938,0.6188505452350632|0.9097683455146213|0.5023864822563466,0.8881120730915025|0.5691959870735124|0.13794158103873477,0.44229462260014557|0.5127560486772338|0.13519733422801633
28,,contact,2,0.6065306597126334,2,2,0,0,2,0,2,right_hand|left_hand,0.14818216511048377,0.0026982480194419622,0.13039658311754465,0.015052071772515774,,0.13039658311754465,0.9996804948955467,0.9996804948955467,,,1.0,2.4015987003921806,29,25.498314818673133,3.0794077145693457,True,0.0011218856968153862,0.038058771569950106,15,0.0011218856968153862,6,0.001011935876209541,5,-0.032827468881068356,-0.028900212267261693,,0.0,0.0014086049080227546,,0.02330199832385796,0.02473398841874053,0.06324145083914677,0.038507462420406244,0.06617110129114916,0.020444473987079957,0.022772098598587653,0.06943513756782524,0.04666303896923758,0.0749629004680735,0.02111660160920947,0.6175688853593495|0.9088339334824774|0.505096023085889,0.8872621656370832|0.5653883390604292|0.13805345354175216,0.44383746049655526|0.5137451089122489|0.13503262231617588
29,,contact,1,0.8824969025845955,2,2,0,0,2,0,2,right_hand|left_hand,0.1490203831344843,0.002689352026209235,0.1311874007806182,0.015110110864043236,,0.1311874007806182,1.0064986016576722,1.0064986016576722,,,1.0000000000000002,2.910452766797455,29,34.75554456519984,4.197394722719348,True,0.0011783307520627506,0.03786045732338322,13,0.0011783307520627506,5,0.0010229909696168604,4,-0.03361743532991568,-0.03215277053779886,,0.0,0.0014131335972169367,,0.02328626997196642,0.025322629422426395,0.06416521275690595,0.038842583334479555,0.0630185307222335,0.020565978007705522,0.022617856403851232,0.0661856533104185,0.04356779690656726,0.07156187561555026,0.02130207009767626,0.6196804378770623|0.9092706570997001|0.5081575834353936,0.8866662260022182|0.5646635844263977|0.1380671427532285,0.4464874001405641|0.5127388194355549|0.13522858302072302
30,contact,contact,0,1.0,2,2,0,0,2,0,2,right_hand|left_hand,0.14907696982845664,0.002741039963439107,0.1315076791215688,0.014796438859775662,,0.1315076791215688,0.9653381479887853,0.9653381479887853,,,1.0,3.1081081081081083,29,38.35135135135135,4.631656956757916,True,0.0010054270087528627,0.038094768020034586,13,0.0010054270087528627,5,0.0009946036827293697,4,-0.03438950627137949,-0.03464127539749562,,0.0,0.0014152258059930358,,0.023082469240518405,0.02569152784587973,0.06374968185993928,0.03805815401405954,0.05754891982342032,0.020002582125480353,0.02207419619357838,0.0630658970659748,0.040991700872396425,0.06753546487550406,0.021420577957045963,0.6190972109145946|0.9075044396325656|0.5112468905055803,0.8838557436466424|0.5612022954768313|0.13795083537288974,0.4487820558211193|0.5092574215981162|0.13541487422805754
31,contact,contact,1,0.8824969025845955,2,2,0,0,2,0,2,right_hand|left_hand,0.14913960406556726,0.002711456036195159,0.13126426399685442,0.015131872845813632,,0.13126426399685442,0.8837433566361916,0.8837433566361916,,,1.0,2.928383982443302,28,34.304287585445046,4.197335426745566,True,0.005612790369804735,0.03817895366460697,14,0.005612790369804735,5,0.0014934013435484866,5,-0.03503704716802325,-0.03687499488265722,,0.0,0.001237593658048203,,0.022786371537045953,0.025699321141880678,0.06473869195278739,0.039039370810906714,0.05253897524749453,0.01949060705107998,0.021329846123886942,0.060467784765594605,0.03913793864170766,0.0595921265475148,0.020411544977590533,0.6209426431415827|0.9047895216713314|0.513216246092848,0.882121571609394|0.5607718072807786|0.13791744598217878,0.4513377413811299|0.5085933398506298|0.13528560278476764
32,contact,contact,2,0.6065306597126334,2,2,0,0,2,0,2,right_hand|left_hand,0.1488050448242575,0.00273763295263052,0.13099182187579572,0.015043159946799278,,0.13099182187579572,0.8036512905452,0.8036512905452,,,1.0,2.4015987003921806,29,25.498314818673133,3.0794077145693457,True,0.0015935648677257996,0.03881777128245947,15,0.0009962107986678237,6,0.0015935648677257996,5,-0.03731874196706997,-0.03324324615061336,,0.0,0.0013647982312134403,,0.02237752214574217,0.02620099128199984,0.06700219873568565,0.04080120745368581,0.04477961008274315,0.01853887880300501,0.02211831179660422,0.06104289615556629,0.03892458435896207,0.05411913908742799,0.020852672866579918,0.6234862121964436|0.8982330370867445|0.51674979024487,0.8788442176875325|0.5587744744284406|0.13797853002783422,0.4522828431684042|0.5042505402721268|0.13481990927023269
33,contact,contact,3,0.32465246735834974,2,3,1,1,2,1,3,right_hand|left_hand,0.25210215407423675,0.002754742978140712,0.2271256058011204,0.015138237969949841,,0.2271256058011204,0.7386382203054558,0.7382125646157485,0.03404515716856579,0.03267670267116374,1.0,1.8104085715548444,28,14.416469413474035,1.7639415378339618,True,0.0010249350268240337,0.04056840218002672,12,0.0010249350268240337,6,0.000999834638059638,2,-0.035446872340060054,-0.03059157333829532,,0.0,0.0012664482805687398,,0.02196641208612704,0.026911834767950258,0.06110560384409989,0.03419376907614963,0.03843124566159439,0.018183603413424693,0.022946397203677464,0.05502836888937509,0.032081971685697624,0.04662529274584669,0.020208117585606335,0.6211281280231163|0.8904844163734231|0.5203242732508488,0.8760321973825763|0.5527402286817689|0.13801666018984676,0.45332309554536565|0.5068129312766008|0.13419288823389644
34,contact,contact,4,0.25,2,2,0,0,2,0,2,right_hand|left_hand,0.15195455495268106,0.0026933231856673956,0.1344164100009948,0.014812937937676907,,0.1344164100009948,0.7180936772360502,0.7180936772360502,,,1.0,1.6328600405679514,29,11.513184584178498,1.390436571197103,True,0.0012822942566113327,0.040695026806370715,10,0.0012822942566113327,6,0.0,0,-0.03301221504665719,-0.03142385905497669,,0.0,0.0014087177108114827,,0.02179921999367505,0.027928037298889173,0.06404818251372892,0.03612014521483974,0.04237024934742334,0.017524272924114605,0.024002788856349398,0.04807247087031088,0.02406968201396148,0.03657947351715951,0.02118391604699856,0.6238413282741174|0.8932876096845354|0.5293764514932113,0.8786361567810406|0.553359238559081|0.15220832392771183,0.4598334390830894|0.5025034153212609|0.13789496321641612
35,contact,contact,5,0.25,2,2,0,0,2,0,2,right_hand|left_hand,0.1517623250838369,0.0026634191162884235,0.1336557639297098,0.015401898883283138,,0.1336557639297098,0.7087248650850791,0.7087248650850791,,,1.0,1.6328600405679514,29,11.5131845841785,1.390436571197103,True,0.0015159754386728022,0.03997694035155311,11,0.0015159754386728022,6,0.00038336021607277004,1,-0.03253961130730687,-0.03132553629871637,,0.0,0.0012397151230440692,,0.021832773220645623,0.029322161609551225,0.06319946793635212,0.03387730632680089,0.04248051732691712,0.017563317948102165,0.025333554594958,0.04767635353001731,0.022342798935059312,0.034208551615061145,0.02115368296483772,0.6225778080565372|0.8951358798480008|0.5447591800093631,0.878150318178066|0.545690057437973|0.17016100591162392,0.45962602569877353|0.5007146592383053|0.15469003234265774
36,contact,contact,6,0.25,2,2,0,0,2,0,2,right_hand|left_hand,0.1511189171578735,0.002750084036961198,0.13368071499280632,0.01465255580842495,,0.13368071499280632,0.6923951877655599,0.6923951877655599,,,1.0,1.6328600405679514,29,11.5131845841785,1.390436571197103,True,0.004119917713897359,0.03885832092327324,11,0.004119917713897359,6,0.0009363748620416085,1,-0.03274788778253068,-0.035719828401056475,,0.0,0.0014116491632180342,,0.021640619152221825,0.03130343505431578,0.061732299622385585,0.030428864568069806,0.03997867913254185,0.01751640544870559,0.026588516920129236,0.045721006906339824,0.019132489986210588,0.031484056949274745,0.020929914515727087,0.6226194386992029|0.8958643312730512|0.5651458412694154,0.876634331951952|0.5370983567295656|0.18979829747496862,0.4599673562542665|0.4992871281182513|0.17923285089927776
37,contact,contact,7,0.25,2,2,0,0,2,0,2,right_hand|left_hand,0.14582132711075246,0.002656772034242749,0.12873385404236615,0.014398517087101936,,0.12873385404236615,0.6781464622228311,0.6781464622228311,,,1.0,1.6295546558704452,30,11.700404858299596,1.395748620868797,True,0.0016642527023709164,0.03729765795838208,11,0.0016642527023709164,6,0.0007119871525487903,1,-0.03363834628646423,-0.0322052262876138,,0.0,0.0014875282343390559,,0.021538090690338428,0.03375589518207893,0.0619048977068506,0.02814900252477167,0.03772799755786562,0.01770921760284005,0.02796416232611147,0.04819634526469752,0.020232182938586054,0.03328778722521261,0.020517807640139236,0.6185800642832961|0.8954480722622027|0.5857086628523118,0.8747484870338701|0.5317066425540102|0.21442318627949336,0.45499432654010236|0.4983399400127823|0.19993929757298143
38,contact,contact,8,0.25,2,2,0,0,2,0,2,right_hand|left_hand,0.14459202508442104,0.0026823291555047035,0.12743001501075923,0.014446791028603911,,0.12743001501075923,0.6581860187260733,0.6581860187260733,,,1.0,1.6328600405679514,29,11.513184584178502,1.390436571197103,True,0.0026641178803196164,0.03573985415935746,10,0.0026641178803196164,5,0.0010816339811997866,1,-0.03237168537280155,-0.03190163924803002,,0.0,0.0014136094048106407,,0.021377435649966966,0.036744128846563404,0.06392657167452648,0.027182442827963074,0.03644319496361621,0.01834248717880206,0.02991824115629804,0.04803442239646391,0.018116181240165872,0.032322453089985506,0.021431427500186624,0.6180955580779776|0.8929975742474341|0.6053357758053682,0.8721061647273929|0.5344233304847008|0.2349301286884887,0.4528777856529566|0.4984926583419047|0.22272998535896207
39,contact,contact,9,0.25,2,2,0,0,2,0,2,right_hand|left_hand,0.14042571582831442,0.0026651399675756693,0.12310223584063351,0.014627290889620781,,0.12310223584063351,0.6468738266650501,0.6468738266650501,,,1.0,1.6295546558704452,30,11.700404858299594,1.395748620868797,True,0.004869677712230153,0.03411487438818667,11,0.004869677712230153,6,0.0007344660831114375,1,-0.03433375655349913,-0.032191379608278226,,0.0,0.0014589340558549691,,0.021300174465347845,0.03939630956635782,0.06183261355429709,0.02243630398793927,0.03247138450892433,0.018331950514855665,0.03153447099792206,0.04827568685156501,0.01674121585364295,0.031234929173966332,0.02121296221009576,0.6152965949745854|0.8924798420012608|0.6267429454845662,0.8680997318193896|0.5281993647973648|0.2675866175730469,0.4494779813991224|0.4934504901281247|0.2523253400355603
40,contact,contact,10,0.25,2,2,0,0,2,0,2,right_hand|left_hand,0.13440265110693872,0.002705004997551441,0.1170649800915271,0.014601483941078186,,0.1170649800915271,0.6494241129054398,0.6494241129054398,,,1.0,1.6262626262626265,31,11.878787878787874,1.4006572130636732,True,0.003519271639500679,0.03266607452639242,13,0.003519271639500679,6,0.0010954578887832356,1,-0.03200360978556738,-0.03147867329588472,,0.0,0.0014381007529736122,,0.021342641661797238,0.041099633093159775,0.06323217644752469,0.02213254335436491,0.03399790040878458,0.01878325197645845,0.033285816620185815,0.04906830199434313,0.015782485374157315,0.030788104670483325,0.021312730039281618,0.6122110772950233|0.8914922921048918|0.6457123347464421,0.8647668378970809|0.5301367834669232|0.29543374681543383,0.44535026336727795|0.49031010679228926|0.28363769295669633
41,contact,contact,11,0.25,2,2,0,0,2,0,2,right_hand|left_hand,0.13426475692540407,0.0027195350266993046,0.1170163550414145,0.014498402131721377,,0.1170163550414145,0.646906284334463,0.646906284334463,,,1.0,1.622983870967742,32,12.048387096774194,1.4051710654596452,True,0.00395299277792549,0.03143439204529516,13,0.00395299277792549,6,0.0011471869156701453,1,-0.03182311619918465,-0.030174211051475552,,0.0,0.0014175055831896818,,0.0213784178236855,0.043174152491047266,0.0621896072657245,0.019015454774677233,0.03173739902392012,0.01887212508682772,0.03532677739183851,0.050858894138551575,0.015532116746713065,0.03025752166959828,0.021276810744770256,0.6061324830878428|0.8879364372818904|0.6631897823810189,0.860246371107534|0.5284291124401694|0.32833016991408714,0.4405998477781812|0.4902665260754873|0.31360969397036736
42,contact,contact,12,0.25,2,2,0,0,2,0,2,right_hand|left_hand,0.13291494478471577,0.0027376769576221704,0.11579332104884088,0.014352414989843965,,0.11579332104884088,0.6419521885499763,0.6419521885499763,,,1.0,1.6262626262626265,31,11.878787878787875,1.4006572130636732,True,0.00291267708734258,0.031099517737218002,13,0.00291267708734258,7,0.0,0,-0.0303539350820472,-0.02875154654703138,,0.0,0.0014045022403895205,,0.021343865397870896,0.04431518889612136,0.06342882286691073,0.01911363397078937,0.03279451709799917,0.018785983832630786,0.03730398362212385,0.05127754350275628,0.013973559880632432,0.028046884595642474,0.021397692880188928,0.6036587924301751|0.8859339501164558|0.6768965669576185,0.8568697194560527|0.5290084677028789|0.3602526319352239,0.43720233613288795|0.4856422346015613|0.34653494050796546
43,contact,contact,13,0.25,2,2,0,0,2,0,2,right_hand|left_hand,0.13276650197803974,0.002728590974584222,0.11577836098149419,0.014225085033103824,,0.11577836098149419,0.6455897990979464,0.6455897990979464,,,1.0,1.6262626262626265,31,11.878787878787875,1.4006572130636732,True,0.0018456774184100015,0.030735334347882587,14,0.0018456774184100015,8,0.0,0,-0.027926538472190288,-0.026787725082536795,,0.0,0.0014198849275129058,,0.02136210212883929,0.04515242212278731,0.0671160480644381,0.021963625941650793,0.03623058823503858,0.01866313282582625,0.038905617084151564,0.05280143703154856,0.013895819947396998,0.028051121646827656,0.021666097700126938,0.5993328447875489|0.8841507114783344|0.6886829574777217,0.8555819384609573|0.5313111925313914|0.39436928845384017,0.4323379759388457|0.4849501720664835|0.3788811794405417
44,contact,contact,14,0.25,2,2,0,0,2,0,2,right_hand|left_hand,0.13224271102808416,0.002733890898525715,0.115422636969015,0.014053527964279056,,0.115422636969015,0.6277810791045281,0.6277810791045281,,,1.0,1.6262626262626265,31,11.878787878787875,1.4006572130636732,True,0.0021309619594003515,0.030563961338472723,14,0.0021309619594003515,8,0.0,0,-0.029207963810655713,-0.026038959248667837,,0.0,0.0014621928059137899,,0.021170138589586066,0.04558979301930462,0.06666198361101455,0.021072190591709936,0.03637446631789511,0.018695925680371577,0.039558003577122504,0.054177621127525714,0.01461961755040321,0.029401009962915323,0.021295593392110825,0.5908671396882884|0.8883506176967596|0.6985881387082233,0.8504009095455036|0.5315744962337635|0.42857575224043143,0.4262478725667833|0.48510880200577|0.41314629611121934
45,contact,contact,15,0.25,2,2,0,0,2,0,2,right_hand|left_hand,0.13079414702951908,0.0027451440691947937,0.11397810303606093,0.014036304084584117,,0.11397810303606093,0.6400575834888216,0.6400575834888216,,,1.0,1.6262626262626265,31,11.878787878787875,1.4006572130636732,True,0.0018543696572700108,0.02937426830946402,13,0.0018543696572700108,7,0.0,0,-0.028762080325948958,-0.027508547608997347,,0.0,0.0013915779987648375,,0.021357837866455887,0.045321410987796004,0.0678896443422316,0.0225682333544356,0.03866271284235531,0.018914006966822817,0.03955574037981286,0.053744191527516735,0.014188451147703875,0.029308034822587477,0.021517647350037937,0.5835146278253076|0.8883321104762862|0.7088660982673479,0.8469936469777889|0.5311603636520099|0.4619994899405793,0.42184309612533705|0.4836563301949097|0.446547193627603
46,contact,contact,16,0.25,2,2,0,0,2,0,2,right_hand|left_hand,0.1309876840095967,0.002710821107029915,0.11430511414073408,0.013939904049038887,,0.11430511414073408,0.6697270462631977,0.6697270462631977,,,1.0,1.6262626262626265,31,11.878787878787875,1.4006572130636732,True,0.004491401092847153,0.029967050262897033,13,0.004491401092847153,7,0.0,0,-0.027279504791257736,-0.027470803133857302,,0.0,0.0014317115093494225,,0.021675071133764098,0.045371744869698076,0.07019087095426173,0.02481912608456365,0.04170784335736089,0.01848821861617838,0.039796004214663484,0.054360498942293015,0.01456449472762953,0.029866667043245983,0.021750585304833658,0.5751019435808403|0.8838502679963676|0.7154143955190154,0.8434526739196608|0.5324567746623391|0.49258084164864785,0.41629936117080135|0.4836079109633935|0.47745268275516634
47,contact,contact,17,0.25,2,2,0,0,2,0,2,right_hand|left_hand,0.1318298359401524,0.0027159699238836765,0.11515824496746063,0.01392430393025279,,0.11515824496746063,0.6941055530499322,0.6941055530499322,,,1.0,1.6262626262626265,31,11.878787878787875,1.4006572130636732,True,0.0019080162113470356,0.030904759186274278,16,0.0019080162113470356,11,0.0,0,-0.028116309710895848,-0.02486575286372883,,0.0,0.0014328006146584911,,0.021985061800883887,0.04539990454306814,0.06998003179334658,0.024580127250278444,0.04241691386416834,0.01894496987045043,0.04030086310138736,0.056238139942568134,0.01593727684118077,0.030760834863642308,0.02159085454717501,0.5661587860395215|0.87782939152784|0.719990536369397,0.8377039783367989|0.532132218553977|0.5227745946975842,0.41006300728792977|0.4847088100896718|0.5032506053971953
48,contact,contact,18,0.25,2,2,0,0,2,0,2,right_hand|left_hand,0.15345351211726665,0.002714072819799185,0.13699898403137922,0.013709370978176594,,0.13699898403137922,0.7341189781345552,0.7341189781345552,,,1.0,1.6262626262626265,31,11.878787878787875,1.4006572130636732,True,0.0014232353120517752,0.0320917319647204,15,0.0014232353120517752,10,0.0001998825425563594,1,-0.028589954230179515,-0.023330805363917406,,0.0,0.0014410302148963631,,0.022461177413269105,0.045355222799172264,0.07043592777258097,0.025080704973408703,0.04381511241034642,0.018779035368473324,0.04045546363171159,0.057189039113130356,0.016733575481418766,0.030757293371413377,0.02210269733742266,0.5561308221895613|0.8700413366838893|0.72271882510455,0.8314725787130618|0.5325830784860738|0.5495479285962064,0.40509126339587886|0.48466272651481757|0.5269091014954285
49,contact,lift,17,0.25,2,2,0,0,2,0,2,right_hand|left_hand,0.1270628860220313,0.0027142800390720367,0.11080180504359305,0.013516282197088003,,0.11080180504359305,0.7348465348633461,0.7348465348633461,,,1.0,1.6262626262626265,31,11.878787878787875,1.4006572130636732,True,0.0027283200137513536,0.03306614613720488,16,0.0027283200137513536,11,0.0009507694756769602,2,-0.029189149412458093,-0.024024833948493196,,0.0,0.0014402749430647173,,0.02244712970852022,0.04411848653710435,0.07010314175362771,0.025984655216523357,0.04414706062495468,0.018599314538700052,0.04059159351652607,0.057355090727671455,0.016763497211145388,0.03120040445545253,0.021498423062717775,0.55131401052124|0.8603235421753361|0.7250358250523572,0.8252290943770557|0.5301544145340789|0.5723114671282374,0.39988021698471116|0.4848402285436068|0.5523606352330429
50,contact,lift,16,0.25,2,2,0,0,2,0,2,right_hand|left_hand,0.12758985511027277,0.00267837499268353,0.11138337315060198,0.013495818013325334,,0.11138337315060198,0.734166513622266,0.734166513622266,,,1.0000000000000002,1.622983870967742,32,12.048387096774194,1.4051710654596452,True,0.0014136637669595609,0.03339000704257486,13,0.0014136637669595609,9,0.000889548349822078,2,-0.02993951398948269,-0.021940542535629604,,0.0,0.0014483882600723607,,0.022393041896597538,0.04299833347474767,0.07134509139345067,0.028346757918703003,0.04680318727044755,0.017830285477266016,0.039546160245616836,0.05933439296865671,0.019788232723039874,0.034074399337720954,0.020720204555224823,0.5438541254612747|0.8508387310261932|0.7284999898665266,0.8185519430189654|0.529286098965352|0.5904473223644985,0.39396428322508675|0.48701109754567257|0.5713263366206272
51,contact,lift,15,0.25,2,2,0,0,2,0,2,right_hand|left_hand,0.1254042040091008,0.0026876002084463835,0.10946403606794775,0.01322149601764977,,0.10946403606794775,0.7561629373648506,0.7561629373648506,,,1.0,1.6197183098591548,33,12.209255533199196,1.4092983939419408,True,0.00278422700006431,0.03448880403228319,15,0.00278422700006431,10,0.0012005833225224166,3,-0.0322283966605692,-0.02325714514143762,,0.0,0.0014306681573193003,,0.022665990582350727,0.0430331024640381,0.07502988042303606,0.031996777958997955,0.04894659460621273,0.017445108690869876,0.0389231022401135,0.059032207431329656,0.020109105191216156,0.03445725373460337,0.02127109210289516,0.538258817099633|0.8365753562640175|0.7308833178830352,0.8113213142996435|0.531222763085142|0.6060967256088012,0.3890960015155307|0.48483633169254|0.5912343585402232
52,contact,lift,14,0.25,2,2,0,0,2,0,2,right_hand|left_hand,0.1198236271739006,0.002673444105312228,0.10381041280925274,0.013303018175065517,,0.10381041280925274,0.7319661516178627,0.7319661516178627,,,1.0,1.6164658634538154,34,12.361445783132522,1.4130469440546405,True,0.0014291067300748542,0.03452279101571104,14,0.0014291067300748542,10,0.0009556488633969268,2,-0.03149964790275739,-0.02193627184674085,,0.0,0.0013787657020855138,,0.022299405089718713,0.04354814501566332,0.07775785439894788,0.034209709383284555,0.05183436076525014,0.016944017175852415,0.03888576392798141,0.06122620658772065,0.022340442659739237,0.03670821818004443,0.020842859408323606,0.5328036039623664|0.8228103933944241|0.7307368214751145,0.8067318721120741|0.5277531140584539|0.6192087305468981,0.3826282735199796|0.48839702124298756|0.6058447976982863
53,contact,lift,13,0.25,2,5,3,2,2,3,5,right_hand|left_hand,0.28402770194225013,0.0026137821841984987,0.26201477088034153,0.013048976892605424,,0.26201477088034153,0.7264185660585982,0.7270242261961927,0.03843513260220212,0.02161346428568784,0.9999999999999999,1.6132264529058116,35,12.50501002004008,1.4164240194884878,True,0.001450692695256283,0.03504707962365114,14,0.001450692695256283,9,0.001028274001278931,3,-0.030233918226040046,-0.021849011637971927,,0.0,0.0013771662346858218,,0.022200010987197975,0.0439225774101812,0.08180104309123803,0.037878465681056836,0.05376702342432252,0.016436078619115793,0.03883741285180156,0.06154126900069329,0.022703856148891727,0.03675498721714313,0.020751350194225807,0.5281059949413041|0.8109433699527607|0.7316186898901599,0.8016738560005005|0.5261811470677153|0.6294483700944441,0.3781296454570138|0.4856313774014734|0.6184835534550192
54,contact,lift,12,0.25,2,2,0,0,2,0,2,right_hand|left_hand,0.1197130570653826,0.0027500889264047146,0.10359127004630864,0.013338929042220116,,0.10359127004630864,0.7177313792941672,0.7177313792941672,,,0.9999999999999999,1.6132264529058116,35,12.50501002004008,1.4164240194884878,True,0.003486157037412174,0.0356732690114418,15,0.003486157037412174,10,0.0010250884973233981,3,-0.029387469105882857,-0.023537592810413344,,0.0,0.0013651637092324382,,0.022103295229558558,0.04456305780223359,0.08337223760805679,0.0388091798058232,0.05493496002158002,0.01638489970811112,0.03914922911374541,0.060295610329767275,0.021146381216021866,0.03514254416496829,0.020643282246506436,0.5236013302073229|0.7962698403479738|0.7330645892154091,0.7972944178411919|0.5209088996498907|0.6393152975453384,0.3737832531723526|0.4785473579791309|0.633281164454197
55,contact,lift,11,0.25,2,2,0,0,2,0,2,right_hand|left_hand,0.12062411312945187,0.002742995973676443,0.10465796198695898,0.013191909994930029,,0.10465796198695898,0.7106516029601978,0.7106516029601978,,,0.9999999999999999,1.6132264529058116,35,12.50501002004008,1.4164240194884878,True,0.0014437500693190997,0.03584078961687562,14,0.0014437500693190997,9,0.0010155699590156664,3,-0.029204779743862375,-0.023580815698874602,,0.0,0.0013522436699327255,,0.022036103265194805,0.045977777571562344,0.08330148813063457,0.03732371055907222,0.05396249615362697,0.016278026000713052,0.039528284363214,0.060420405412263796,0.0208921210490498,0.034485814094690856,0.02087228768664302,0.5193988389061931|0.7821742000067208|0.7341202521686043,0.7933029837343801|0.5134108126802382|0.6495228197901879,0.36941135952883275|0.47223313176823567|0.6426283754204475
56,contact,lift,10,0.25,2,2,0,0,2,0,2,right_hand|left_hand,0.12140590697526932,0.004573829937726259,0.10382444597780704,0.01297760708257556,,0.10382444597780704,0.7201838705607702,0.7201838705607702,,,0.9999999999999999,1.6132264529058116,35,12.50501002004008,1.4164240194884878,True,0.0014468594586870276,0.03619312615680201,14,0.0014468594586870276,9,0.0010932558048519087,3,-0.028805649877561734,-0.023595786069568803,,0.0,0.0013534007895590046,,0.022178299538713062,0.046856424441654033,0.08604388784274442,0.03918746340109038,0.0559592128910268,0.016791986225781194,0.040072941428593856,0.06040752494025797,0.020334583511664117,0.03357121072726881,0.021028413785688472,0.5174771195066121|0.7688929189380035|0.7352270958472014,0.7884430522426441|0.5092734494916912|0.6557904158484813,0.3657868169283935|0.4641647980164068|0.6488591209379156
57,contact,lift,9,0.25,2,2,0,0,2,0,2,right_hand|left_hand,0.14048028108663857,0.002665200037881732,0.12469793111085892,0.013084113830700517,,0.12469793111085892,0.7191476192608398,0.7191476192608398,,,0.9999999999999999,1.6132264529058116,35,12.50501002004008,1.4164240194884878,True,0.0024228465753574277,0.036770682703781615,17,0.0024228465753574277,11,0.0018199861288486496,3,-0.03018308374829992,-0.023971001664341074,,0.0,0.0013604971192595508,,0.022254903346763194,0.047106205861016825,0.08292455667344897,0.03581835081243215,0.054346695779268636,0.017145209296166124,0.04059147177297748,0.060187784557542166,0.01959631278456469,0.03290225708250571,0.02137139818056073,0.513794806148397|0.7549552892358443|0.7365760363920408,0.7849672896321508|0.49723386204953235|0.6652335331573538,0.362572071914336|0.4547264663102514|0.6530749883156879
58,contact,lift,8,0.25,2,2,0,0,2,0,2,right_hand|left_hand,0.1177053889259696,0.0026245000772178173,0.10185063700191677,0.013198117958381772,,0.10185063700191677,0.7307073228939178,0.7307073228939178,,,0.9999999999999999,1.6132264529058116,35,12.50501002004008,1.4164240194884878,True,0.0017296987653540492,0.03752824623868284,16,0.0017296987653540492,11,0.001559753687906923,2,-0.029071977312366215,-0.024752140394904032,,0.0,0.0013440641844579416,,0.022403771508489673,0.04747470353695365,0.0858369267675118,0.03836222323055815,0.05710322908099318,0.017181363638164693,0.041238220421284645,0.059577258591046914,0.01833903816976227,0.03181041365332477,0.021623394055380277,0.5132800475831764|0.7430577126618702|0.7346948964606945,0.7810750769660229|0.48936477574802245|0.6645156740702896,0.36033971722778385|0.44492007012999735|0.6546966767975897
59,contact,lift,7,0.25,2,2,0,0,2,0,2,right_hand|left_hand,0.11703633610159159,0.0027422821149230003,0.10135046602226794,0.012911819852888584,,0.10135046602226794,0.7290004670035983,0.7290004670035983,,,0.9999999999999999,1.6132264529058116,35,12.50501002004008,1.4164240194884878,True,0.0016199244999165752,0.03840207682654345,18,0.0016199244999165752,13,0.0010878567986230409,2,-0.0294547642285945,-0.02361493108312196,,0.0,0.001341421800057311,,0.02241325434178398,0.04783961738034645,0.0851886602664979,0.03734904288615146,0.056762459882341,0.01705698164150437,0.041370924921126,0.060387038090527694,0.019016113169401695,0.03249254600968177,0.02177533771855862,0.5110547542586972|0.72931995453827|0.7323463293394546,0.7777707807996658|0.47694300640921583|0.6666343558331366,0.35707459843262607|0.4336377529194494|0.6527203489406866
60,contact,lift,6,0.25,2,2,0,0,2,0,2,right_hand|left_hand,0.11822311882860959,0.002758017973974347,0.10226988093927503,0.013164883945137262,,0.10226988093927503,0.7263360884544467,0.7263360884544467,,,0.9999999999999999,1.6132264529058116,35,12.50501002004008,1.4164240194884878,True,0.001666050565671609,0.039227206578176965,18,0.001666050565671609,14,0.0011544184729646578,1,-0.02904996583945163,-0.02668723851401822,,0.0,0.001343295424821085,,0.022380976602600505,0.04849226055337269,0.08637592820727177,0.037883667653899084,0.05759395993206581,0.016981541962743464,0.041350422090621605,0.05756299833860684,0.016212576247985236,0.03378801254637905,0.021984697426134223,0.5098250310629925|0.7148053416942388|0.7297633831303189,0.773684398622781|0.46562210768611545|0.664840594574796,0.3559726320048433|0.41822062284130324|0.6539329759769674
61,contact,lift,5,0.25,2,2,0,0,2,0,2,right_hand|left_hand,0.11945363110862672,0.002759960014373064,0.10326933697797358,0.013393168803304434,,0.10326933697797358,0.7107893082946928,0.7107893082946928,,,1.0000000000000002,1.61,36,12.640000000000004,1.4194365079143205,True,0.004360180290198287,0.039993796999671954,16,0.004360180290198287,11,0.0010626102767818946,2,-0.029766836594236068,-0.02712115004949922,,0.0,0.0013390467237309716,,0.022182343114594907,0.04899456267311318,0.08506004209378769,0.03606547942067451,0.056208847225817024,0.017077390649724435,0.04132883089483988,0.0571188871369126,0.01579005624207272,0.032837291205484447,0.02207865606062681,0.5079295674202352|0.6987022402511651|0.7270258955351888,0.7702608056766796|0.45181536018861135|0.6664201879656954,0.35260278894916347|0.402805112151641|0.6531701530016996
62,contact,lift,4,0.25,2,2,0,0,2,0,2,right_hand|left_hand,0.1198650780133903,0.002763856202363968,0.10356237203814089,0.013506288873031735,,0.10356237203814089,0.6987422064995438,0.6987422064995438,,,1.0000000000000002,1.61,36,12.640000000000004,1.4194365079143205,True,0.002062512023905637,0.040721696859485706,16,0.002062512023905637,11,0.0011545153523527252,2,-0.02958616730341923,-0.027942474478020785,,0.0,0.0013424726362584228,,0.02202982316956732,0.049394518204468864,0.08515785230756473,0.035763334103095866,0.05578872038134575,0.01687246439578439,0.04091367850967092,0.0561453237226635,0.015231645212992584,0.032033083848110516,0.02197555617926869,0.5095930580600695|0.6829116329888496|0.7239915567276861,0.766978372975766|0.4381119863587553|0.6649614041795572,0.35005077669289664|0.3875439614066252|0.6532886220812756
63,contact,lift,3,0.32465246735834974,2,2,0,0,2,0,2,right_hand|left_hand,0.11948713706806302,0.002764517907053232,0.10350384400226176,0.013186479918658733,,0.10350384400226176,0.6881203318225966,0.6881203318225966,,,1.0000000000000002,1.7736699809936491,36,16.031456655343813,1.8002875673766623,True,0.0016497211993694964,0.04148476853721786,13,0.0016497211993694964,8,0.0012792298677814645,2,-0.02935901120189932,-0.02726044142649009,,0.0,0.0013383225732865609,,0.021879400507893696,0.049733938832591626,0.08405588524275011,0.03432194641015848,0.0541929024344345,0.016807798857343553,0.04040591621269891,0.055846814321358886,0.015440898108659978,0.03173625116790698,0.021738806834737688,0.5107105014562168|0.666801663040599|0.7206663951578137,0.7636247898364515|0.4214944377307103|0.6625780696041748,0.3475943026892479|0.37198956696633895|0.6526780629163519
64,contact,lift,2,0.6065306597126334,2,2,0,0,2,0,2,right_hand|left_hand,0.11968369781970978,0.0027586270589381456,0.10386091796681285,0.013027115957811475,,0.10386091796681285,0.6866867362150194,0.6866867362150194,,,1.0,2.328380167328632,36,27.525779204973627,3.09106771458294,True,0.002473971086593276,0.04225204694342288,12,0.002473971086593276,7,0.001577601485555677,2,-0.02910087275357931,-0.026669937603625016,,0.0,0.0013320323378705476,,0.02187393268556434,0.05013678328391289,0.08211700355425545,0.031980220270342564,0.05185813674706753,0.016692943670283043,0.03949828466078453,0.05497769409065916,0.015479409429874628,0.03109862108842574,0.0214323121317952,0.5122665262480466|0.6499373457350898|0.7167840056201465,0.7609721893625747|0.40166473329373154|0.6606216648886666,0.3463338155206081|0.35484283401393|0.6521398392476017
65,contact,lift,1,0.8824969025845955,2,2,0,0,2,0,2,right_hand|left_hand,0.11916388501413167,0.0027938869316130877,0.10314698005095124,0.013190536061301827,,0.10314698005095124,0.6897481513484325,0.6897481513484325,,,1.0000000000000002,2.8073135376573504,35,36.85502116007144,4.174513824956884,True,0.0025325527121751942,0.0429238817396414,11,0.0025325527121751942,6,0.001563635458848578,2,-0.029019282618280684,-0.025829616324887894,,0.0,0.0012954552004133795,,0.02183155130413113,0.05044326989977869,0.08101293944194496,0.03056966954216627,0.05025647760860464,0.01664252840888617,0.03849170584953987,0.05770573803888113,0.019214032189341257,0.03389739136952152,0.020682878216635416,0.5121055673414086|0.6321292465599923|0.7140933238314529,0.7586330872950533|0.3810789662909109|0.659625413167301,0.3437726916428613|0.3444901190991439|0.6511388498138828
66,contact|lift,lift,0,1.0,2,2,0,0,2,0,2,right_hand|left_hand,0.12174514913931489,0.002744089812040329,0.10593938501551747,0.013030495960265398,,0.10593938501551747,0.6977358972253959,0.6977358972253959,,,1.0000000000000002,2.987012987012987,35,40.51948051948052,4.5895817254854245,True,0.0024160423053627145,0.0428992182315201,11,0.0024160423053627145,6,0.0023120164691818046,2,-0.029412819455643557,-0.02688642669437158,,0.0,0.001465297254503903,,0.022007577201346464,0.051031612626181985,0.08068045646492576,0.029648843838743777,0.04882138723005346,0.01671076862487539,0.0376196995923931,0.05472760468156241,0.01710790508916931,0.03337509668934369,0.021054752443801148,0.5155688615902188|0.6124627312357244|0.7151975319935822,0.7568723539447179|0.3603512763370311|0.6613734196041685,0.34264480373664097|0.32131044597278785|0.6571908131198937
67,lift,lift,1,0.8824969025845955,2,2,0,0,2,0,2,right_hand|left_hand,0.12169383303262293,0.002745568985119462,0.10608715401031077,0.01282825693488121,,0.10608715401031077,0.7157554010366324,0.7157554010366324,,,1.0000000000000002,2.8073135376573504,35,36.85502116007144,4.174513824956884,True,0.002319994684416335,0.04261177294866342,12,0.002319994684416335,7,0.0022603903375090634,2,-0.02917544596157029,-0.025495809419734172,,0.0,0.001452336438057613,,0.022193719378389605,0.052160158948375626,0.0834997197160158,0.031339560767640176,0.049327573707618554,0.01670722646855101,0.037032972472281,0.059722608416183674,0.02268963594390267,0.035810539821375664,0.021210919000238873,0.5162758362957546|0.5923510730806015|0.715155799987902,0.7556373445758298|0.3415851442797667|0.6625478481639164,0.33951566005591566|0.3129490710113739|0.6577441099524088
68,lift,lift,2,0.6065306597126334,2,2,0,0,2,0,2,right_hand|left_hand,0.12168842507526278,0.0026302409823983908,0.10589149803854525,0.013134876964613795,,0.10589149803854525,0.7175825814315429,0.7175825814315429,,,1.0000000000000004,2.3385654261222752,35,27.29623614053267,3.091804360741831,True,0.0032510150991060943,0.04304610846131132,10,0.0023021486927617824,5,0.0032510150991060943,2,-0.02972651890891065,-0.028065991323414252,,0.0,0.0014508245914761793,,0.022314838815579684,0.053379002177505394,0.0836196051534395,0.030240602975934103,0.04786669767790404,0.016846485169935897,0.03671912429589608,0.05662650008795261,0.01990737579205653,0.03393437792200555,0.02139632986075827,0.5203868640933111|0.5697252704975532|0.7165557637900916,0.754444209667122|0.31953161149018305|0.6668787644486426,0.33819652781844073|0.29035667304869645|0.6675793083403987
69,lift,lift,3,0.32465246735834974,2,2,0,0,2,0,2,right_hand|left_hand,0.14323795400559902,0.002736025955528021,0.1275485521182418,0.012921448098495603,,0.1275485521182418,0.7608923160630519,0.7608923160630519,,,1.0000000000000002,1.7781805544880556,35,15.868779934658395,1.797433270617648,True,0.002062374628083209,0.04367068921691275,11,0.002062374628083209,5,0.0009971280010572237,2,-0.0299647076046341,-0.02711469380389886,,0.0,0.0014499790466566092,,0.022647214829925405,0.05388450247948265,0.08465361032488568,0.03076910784540303,0.048808554994978284,0.016896850306529616,0.03700867742774968,0.05879164049186283,0.021782963064113148,0.03618469533041567,0.021720919321149557,0.5237877318467474|0.5486573831714601|0.7189622483013157,0.753967750619|0.29984406624295795|0.6717971006451922,0.3357226046843252|0.27538127838053206|0.673082768892655
70,lift,lift,4,0.25,2,2,0,0,2,0,2,right_hand|left_hand,0.11605284316465259,0.002732211025431752,0.10065442603081465,0.01263356301933527,,0.10065442603081465,0.8622862366619326,0.8622862366619326,,,0.9999999999999999,1.6132264529058116,35,12.50501002004008,1.4164240194884878,True,0.0022012746171634623,0.04464287103297282,11,0.0019300757196973467,5,0.0022012746171634623,2,-0.029912889105668583,-0.02040808848751574,,0.0,0.0014296531762279829,,0.023286908763429842,0.054745524450562334,0.08340106614356525,0.02865554169300292,0.04884269395991848,0.01688085457584882,0.03771509751251009,0.06908775500645978,0.031372657493949685,0.042670364931706714,0.022338395819267703,0.5256321368921946|0.529145645517999|0.7207027766211562,0.7537671660930638|0.278644884456135|0.6768357248006233,0.3320885319285247|0.2705694230218725|0.6706029149228223
71,lift,lift,5,0.25,2,2,0,0,2,0,2,right_hand|left_hand,0.11099824192933738,0.002706197090446949,0.09596576588228345,0.012295153923332691,,0.09596576588228345,0.745538634082677,0.745538634082677,,,0.9999999999999999,1.6132264529058116,35,12.50501002004008,1.4164240194884878,True,0.0015775585820955729,0.04123718059090831,8,0.0015775585820955729,4,0.001012753514622225,1,-0.03134893565447072,-0.020907225743737712,,0.0,0.0012684084546673322,,0.022373327330529796,0.055322868465104334,0.0802247889571493,0.02490192049204496,0.04952211600697235,0.017387714814154683,0.03816458677540281,0.06578864304482158,0.027624056269418773,0.04058438330998184,0.020815575409279648,0.5261552381881793|0.4998550608268833|0.7278327593207965,0.7539840607236503|0.25930910621641934|0.686837606775024,0.33110934595091457|0.2480754747153636|0.6783543167369386
72,lift,lift,6,0.25,2,2,0,0,2,0,2,right_hand|left_hand,0.1071392148733139,0.0026655360125005245,0.09207170899026096,0.012366528855636716,,0.09207170899026096,0.7040849424511311,0.7040849424511311,,,0.9999999999999999,1.6132264529058116,35,12.50501002004008,1.4164240194884878,True,0.0014592688791322424,0.03637555107283838,8,0.0014592688791322424,5,0.0009103471173417671,1,-0.03075519780186653,-0.022548164792407732,,0.0,0.0012264136634292206,,0.02210660022939367,0.055568303809093826,0.08071412975060192,0.025145825941508097,0.049635967901032425,0.017303990682765565,0.03799352123234755,0.06338411911688344,0.025390597884535883,0.038119191262181266,0.020579355004153126,0.5300785678556152|0.4789300555081745|0.7304708177398245,0.7529274323799452|0.23800937962358584|0.6891719248936389,0.33240433175695644|0.2286712287713482|0.6824915620105715
73,lift,lift,7,0.25,2,2,0,0,2,0,2,right_hand|left_hand,0.10790639300830662,0.0026860369835048914,0.09277275786735117,0.012415782082825899,,0.09277275786735117,0.6743393440272528,0.6743393440272528,,,0.9999999999999999,1.6132264529058116,35,12.50501002004008,1.4164240194884878,True,0.0014098600180590358,0.035247967417290194,10,0.0014098600180590358,7,0.0009344793707539989,1,-0.030373692570520916,-0.020818586430868535,,0.0,0.0011495315965185657,,0.02186471581780381,0.05525468948402768,0.08158501835035642,0.026330328866328738,0.04862280300333344,0.01750997486465463,0.037862509163204494,0.06500310957633733,0.027140600413132834,0.039832681947517316,0.020157867406536575,0.5334606854987365|0.4602394121508189|0.7329575949693752,0.7518245540208757|0.2153690752714064|0.6915543238543156,0.3301954975034783|0.212305339441063|0.6861378532667304
74,lift,lift,8,0.25,2,2,0,0,2,0,2,right_hand|left_hand,0.1085344310849905,0.002671934897080064,0.09337700018659234,0.012454907177016139,,0.09337700018659234,0.6769988552334992,0.6769988552334992,,,0.9999999999999999,1.6132264529058116,35,12.50501002004008,1.4164240194884878,True,0.0014109349963729208,0.0359774135648836,11,0.0014109349963729208,8,0.000978622615139868,1,-0.030876586059465083,-0.02053483803716638,,0.0,0.0011407466861618313,,0.021946610617672998,0.0552517462021013,0.0820121751751252,0.0267604289730239,0.04648763594611382,0.01825211575740015,0.03773448116883345,0.06477199867342372,0.02703751750459027,0.04001527809867131,0.019415444351443854,0.5363535379886157|0.44039360698205826|0.7331710241666622,0.7500032025699921|0.19316019271180065|0.6941709183270802,0.32980410871064|0.19444674514222715|0.687959909751029
75,lift,lift,9,0.25,2,2,0,0,2,0,2,right_hand|left_hand,0.11049596895463765,0.0027371691539883614,0.09445183211937547,0.013273993041366339,,0.09445183211937547,0.6867957537603249,0.6867957537603249,,,0.9999999999999999,1.6132264529058116,35,12.50501002004008,1.4164240194884878,True,0.0014113069304160647,0.03616299267032583,11,0.0014113069304160647,8,0.0009686700076070587,1,-0.030490913572798206,-0.01985820487720602,,0.0,0.0011379235563691538,,0.02206842909262615,0.05504233004156982,0.08293439312236846,0.02789206308079864,0.04582196360221213,0.018273791043820965,0.03780574298591345,0.06555490513806654,0.02774916215215309,0.04294162633309938,0.019403505581928677,0.5388339223281177|0.4222743326282543|0.7338749467811271,0.7485525411015864|0.17149726136164878|0.6954259678617448,0.32824020197769643|0.17824004940756008|0.6902700706971934
76,lift,lift,10,0.25,2,2,0,0,2,0,2,right_hand|left_hand,0.11635453603230417,0.0026978699024766684,0.09975140797905624,0.01387342088855803,,0.09975140797905624,0.6823807897977688,0.6823807897977688,,,0.9999999999999999,1.6132264529058116,35,12.50501002004008,1.4164240194884878,True,0.001411428624822509,0.036659267438357596,14,0.001411428624822509,8,0.0009102961254636444,1,-0.03030581885194472,-0.019907788946188276,,0.0,0.0011227848766817321,,0.021971516294734632,0.05502234518738768,0.08316571098268272,0.028143365795295035,0.04583406367458309,0.018042633933435442,0.037929833137146575,0.06557047854070071,0.027640645403554133,0.04263434599211798,0.01897820747286554,0.5394869854720382|0.40349896549527264|0.7327332212490913,0.7469142183471756|0.1512745884343904|0.6953744668126061,0.32761467505073|0.16150494655479536|0.6907065713162507
77,lift,lift,11,0.25,2,2,0,0,2,0,2,right_hand|left_hand,0.12461895891465247,0.0026582551654428244,0.10772867407649755,0.014199538854882121,,0.10772867407649755,0.6710892087017506,0.6710892087017506,,,0.9999999999999999,1.6132264529058116,35,12.50501002004008,1.4164240194884878,True,0.0016786773799277316,0.037382042560818174,14,0.0016786773799277316,9,0.0008865240645571509,1,-0.03022005656334592,-0.02012722477739537,,0.0,0.0014208600016035685,,0.021740610379959835,0.054896188116882357,0.08374704839273929,0.028850860275856934,0.04559449810789269,0.01818592627746097,0.037866171346140474,0.06575626146478195,0.02789009011864147,0.042770212669428466,0.01838492365316168,0.535929312408383|0.3833716761435371|0.7319319942710102,0.7461614376450564|0.13001787238833257|0.6966786440057956,0.32669013789639817|0.14525903307017107|0.6910590426179888
78,lift,lift,12,0.25,2,2,0,0,2,0,2,right_hand|left_hand,0.1257207589223981,0.0027070939540863037,0.1088305120356381,0.014152767136693,,0.1088305120356381,0.6724081864591503,0.6724081864591503,,,0.9999999999999999,1.6132264529058116,35,12.50501002004008,1.4164240194884878,True,0.001452003060925633,0.045181498545372706,15,0.001452003060925633,9,0.0007295276712186993,1,-0.02996613236839174,-0.01910430961657461,,0.0,0.001427886956794939,,0.02167732041325235,0.05424781529848365,0.08354819785357202,0.02930038255508837,0.049261307991346905,0.018017588857100798,0.038394989384729065,0.06654917868925288,0.028154189304523812,0.044039714594263514,0.0184602100294021,0.5387948929655995|0.36657208070865044|0.7305946169405184,0.7447956266555459|0.10999144508843414|0.6941375652659884,0.32455053718158633|0.12879667199209463|0.6910856803179325
79,lift,lift,13,0.25,2,2,0,0,2,0,2,right_hand|left_hand,0.12445985991507769,0.0027106718625873327,0.10847844113595784,0.013239918975159526,,0.10847844113595784,0.6827104372066655,0.6827104372066655,,,0.9999999999999999,1.6132264529058116,35,12.50501002004008,1.4164240194884878,True,0.0016638608912964217,0.03849055907733531,13,0.0016638608912964217,10,0.000958056252184647,1,-0.029979069837038352,-0.020373925825047934,,0.0,0.0014205029651842029,,0.021841605911679583,0.053541845803466416,0.08202055404018,0.028478708236713578,0.051045368130483604,0.018234902705976087,0.03885015828802071,0.06586408780768921,0.0270139295196685,0.04366790658547428,0.01899577336710184,0.5385481782644854|0.3504064199896489|0.7314332159352671,0.7441990210723687|0.09094383661457042|0.6926024144541642,0.3243600426300861|0.11294310679157989|0.6905670642069534
80,lift,lift,14,0.25,2,2,0,0,2,0,2,right_hand|left_hand,0.11977675906382501,0.0027013628277927637,0.10420318902470171,0.012839846080169082,,0.10420318902470171,0.7175543763087165,0.7175543763087165,,,0.9999999999999999,1.6132264529058116,35,12.50501002004008,1.4164240194884878,True,0.0014147078772907343,0.03911757145902048,14,0.0014147078772907343,10,0.0009104024496641022,1,-0.02989485039984352,-0.020458177397378208,,0.0,0.0014384701177951355,,0.022154991978351843,0.05281163420317074,0.08129947505538884,0.028487840852218102,0.052947896497094,0.01850505377676502,0.03909757151750115,0.06585268411799906,0.026755112600497913,0.04380838433090137,0.01935916701818428,0.538808747543787|0.3339758563801904|0.7299203844236396,0.7430349095046224|0.07078455688804275|0.6894554892018051,0.32371980131268674|0.0965878439384097|0.6867752472599591
81,lift,lift,15,0.25,2,2,0,0,2,0,2,right_hand|left_hand,0.11943620606325567,0.0026497950311750174,0.10392311797477305,0.01283107791095972,,0.10392311797477305,0.7338031989061633,0.7338031989061633,,,0.9999999999999999,1.6132264529058116,35,12.50501002004008,1.4164240194884878,True,0.0014122716310029752,0.03937718815688343,18,0.0014122716310029752,14,0.0009524912417498005,1,-0.02998985788442532,-0.02044373288924284,,0.0,0.0014461490011331544,,0.022273359850473073,0.05296259291520634,0.08119602686584633,0.028233433950639993,0.055174495015451026,0.018807241086731534,0.03961493467729736,0.06609606745879122,0.02648113278149386,0.04333857939422916,0.019394763600846392,0.5385351707488999|0.31782466068598403|0.7285870299724386,0.7420109666860639|0.04982517109489969|0.686927284818189,0.3226700656616968|0.08066899943122156|0.6818148841825094
82,lift,lift,16,0.25,2,2,0,0,2,0,2,right_hand|left_hand,0.14301126007921994,0.0027200020849704742,0.12764797289855778,0.012611316051334143,,0.12764797289855778,0.72680032829501,0.72680032829501,,,0.9999999999999999,1.6132264529058116,35,12.50501002004008,1.4164240194884878,True,0.0014138263871957893,0.03980852278392774,13,0.0014138263871957893,9,0.0009760612122755863,1,-0.029872249737527667,-0.01955069230041495,,0.0,0.0014148477369260943,,0.022189427628951795,0.05349538631266275,0.08172614198605527,0.02823075567339252,0.055323004263551294,0.01881963177492689,0.03953561794581501,0.06670300005104088,0.027167382105225867,0.044091674727982956,0.019304849656347725,0.5372530278431217|0.30008354671663895|0.726429346379628,0.7402541815203251|0.02866447257938755|0.6829785536636612,0.32037809539530887|0.0640515596132686|0.6764292471662094
83,lift,lift,17,0.25,2,2,0,0,2,0,2,right_hand|left_hand,0.11572030815295875,0.0026792350690811872,0.10037774709053338,0.01263202610425651,,0.10037774709053338,0.704900685586236,0.704900685586236,,,1.0000000000000002,1.61,36,12.640000000000004,1.4194365079143205,True,0.0016293419817059,0.04055044591632706,13,0.0016293419817059,9,0.0009791940987716047,1,-0.030058372313620296,-0.01991586404931489,,0.0,0.001413653451360587,,0.02195484467757776,0.05423468429844837,0.0829936387931633,0.028758954494714925,0.05434516953656944,0.018556888528664304,0.03948351861285519,0.06601316175112988,0.02652964313827469,0.043541171613636326,0.01947271829773789,0.5344250065162325|0.28035742799270125|0.7235896077149264,0.7379703870132329|0.006398015384071781|0.6797475140729147,0.31816326099453157|0.04541490112155573|0.6717564923038399
84,lift,lift,18,0.25,2,2,0,0,2,0,2,right_hand|left_hand,0.11671829596161842,0.0026510630268603563,0.10146834887564182,0.0125658989418298,,0.10146834887564182,0.6944109357272368,0.6944109357272368,,,1.0000000000000002,1.61,36,12.640000000000004,1.4194365079143205,True,0.001739721395144285,0.041435536776437215,12,0.001739721395144285,8,0.0009862360329613434,1,-0.029927501012354085,-0.020261903476422205,,0.0,0.0014145478051931818,,0.02181429214544065,0.05392009683769248,0.08311446273559721,0.02919436589790473,0.055064156250904855,0.018519010281612243,0.03952623391725996,0.06563196916316134,0.02610573524590138,0.04350282852948798,0.019713880736618155,0.5312968912185468|0.25994755481857956|0.7225770547154484,0.7358862438780799|-0.012991928429222751|0.6765792093333501,0.31553818999484695|0.026413863970060108|0.6679962166594754
85,lift,lift,19,0.25,2,2,0,0,2,0,2,right_hand|left_hand,0.11506588105112314,0.0026351078413426876,0.1000826379749924,0.012315131956711411,,0.1000826379749924,0.7111486063647712,0.7111486063647712,,,1.0000000000000002,1.61,36,12.640000000000004,1.4194365079143205,True,0.0017374368749235973,0.04147417612784576,9,0.0017374368749235973,5,0.0009465586577218632,1,-0.030032183090865416,-0.020666799058245644,,0.0,0.0010097161883071749,,0.0220222165074573,0.052944634894628216,0.08315833330086818,0.030213698406239962,0.05514662553407737,0.0186354742571889,0.03941355537398549,0.06558906992775838,0.026175514553772893,0.043728264370204946,0.020150300420397723,0.5288327577709212|0.23831042059466398|0.7228562112495169,0.7336173488736997|-0.03265510726941169|0.6750301529880824,0.31274167051670393|0.00681156031251505|0.6656485917032189
86,lift,lift,20,0.25,2,2,0,0,2,0,2,right_hand|left_hand,0.11784302908927202,0.0026843638624995947,0.10280161700211465,0.012323420960456133,,0.10280161700211465,0.7313263359008728,0.7313263359008728,,,1.0000000000000002,1.61,36,12.640000000000004,1.4194365079143205,True,0.0017125641793521856,0.04171855931400384,7,0.0017125641793521856,3,0.0009620669812458044,1,-0.03061988225399581,-0.020852078799018514,,0.0,0.0013892103337172534,,0.022276561021091764,0.052335570968175225,0.08218142182733591,0.029845850859160687,0.05554455221449384,0.019008910512674046,0.03957457891397682,0.06589644852960448,0.026321869615627665,0.043153679090229026,0.020330645763090908,0.5261256795417171|0.21734758608879132|0.7245734425285569,0.7313073977178352|-0.05148747069897252|0.6752197789552938,0.30972564463260976|-0.01409863630197633|0.6641947584659286
87,lift,lift,21,0.25,2,2,0,0,2,0,2,right_hand|left_hand,0.11820265604183078,0.002704828977584839,0.10308978310786188,0.012375435791909695,,0.10308978310786188,0.7633681998570706,0.7633681998570706,,,1.0000000000000002,1.61,36,12.640000000000004,1.4194365079143205,True,0.0016969141619716868,0.04178223396224848,7,0.0016969141619716868,3,0.0009170610234175841,1,-0.03142454565033326,-0.02053205085544718,,0.0,0.001446210709315173,,0.022655392369547927,0.05202448067509307,0.08097316898524268,0.028948688310149608,0.05520581387434755,0.019213016042738406,0.0394933665107388,0.06655797452559754,0.027064608014858743,0.043324760159112484,0.020430810858023906,0.522272020031535|0.1946793222213017|0.7271542239655772,0.7296973398919304|-0.07065127944307228|0.6780800572834395,0.3069335281284625|-0.036027052467710395|0.6632131940930206
88,lift,lift,22,0.25,2,2,0,0,2,0,2,right_hand|left_hand,0.11678371811285615,0.0026813510339707136,0.10177094303071499,0.012299832189455628,,0.10177094303071499,0.7839611269859571,0.7839611269859571,,,1.0000000000000002,1.61,36,12.640000000000004,1.4194365079143205,True,0.0016583484734738092,0.042345425294093325,7,0.0016583484734738092,3,0.0009192210839277654,1,-0.0316953080721003,-0.02053410430776026,,0.0,0.0014350640233239335,,0.022882397682466263,0.05167485160244185,0.08102432405465272,0.029349472452210874,0.05211695658533208,0.01940317084330419,0.039589975463028844,0.0664337873222271,0.026843811859198256,0.04225760248329373,0.020274713305795118,0.5168137260647364|0.17276891505780537|0.7264481552533103,0.728710555334313|-0.0902072058220994|0.680003193584959,0.30535157395931734|-0.05948892233971757|0.6624123675855614
89,lift,lift,23,0.25,2,2,0,0,2,0,2,right_hand|left_hand,0.11395844304934144,0.0027237278409302235,0.09867688803933561,0.012525517027825117,,0.09867688803933561,0.7567251915725179,0.7567251915725179,,,1.0000000000000002,1.61,36,12.640000000000004,1.4194365079143205,True,0.0015368302326086158,0.04036759314368443,7,0.0015368302326086158,3,0.00093761623292965,1,-0.030994600844785225,-0.021602000133979615,,0.0,0.0013520682127104418,,0.022385828168844286,0.051297621187728105,0.08324432953447412,0.03194670834674602,0.050012662530188684,0.018752248392685234,0.0399114196952542,0.06547266631091969,0.025561246615665494,0.04176102360371288,0.02060810414477513,0.5207429264869992|0.14792257145521326|0.7291895603061205,0.7281710641985177|-0.11122494967286499|0.6798225031005963,0.3052641733668258|-0.08173747805743488|0.665819835967522
90,lift,lift,24,0.25,2,2,0,0,2,0,2,right_hand|left_hand,0.1084389069583267,0.0027477750554680824,0.09305815608240664,0.012593156890943646,,0.09305815608240664,0.7442393397097458,0.7442393397097458,,,1.0000000000000002,1.61,36,12.640000000000004,1.4194365079143205,True,0.0015137120645701066,0.03691424723782055,7,0.0015137120645701066,3,0.0009411550255319368,1,-0.03137966119801483,-0.021480377458701128,,0.0,0.0011531251304083454,,0.022425226697557105,0.05108688241584495,0.08426116559327938,0.033174283177434434,0.04977058865618148,0.018315245124715086,0.03907005146331291,0.06494821362216667,0.02587816215885376,0.041723870156609395,0.020477213447777885,0.5166653270788204|0.12469319179057604|0.7316875317789774,0.7277342531406935|-0.13166132164478206|0.6828448272379454,0.30516384595580004|-0.10603333063651509|0.6673262197950011
91,lift,lift,25,0.25,2,2,0,0,2,0,2,right_hand|left_hand,0.10852332599461079,0.0027209799736738205,0.09304592502303421,0.012722057988867164,,0.09304592502303421,0.7114261453024651,0.7114261453024651,,,0.9999999999999999,1.6132264529058116,35,12.50501002004008,1.4164240194884878,True,0.0014776224263694827,0.0332072968859034,8,0.0014776224263694827,4,0.0009206334258804877,1,-0.03069347621677565,-0.02076117392836707,,0.0,0.001182416524221326,,0.02204264806568195,0.05120678272609865,0.08429039347673604,0.03308361075063739,0.04957888665871705,0.01735178325125554,0.039043695649939224,0.06501301426937617,0.025969318619436944,0.04106313486597336,0.019826529696552585,0.5108673144170742|0.10324388154537749|0.7312025204717161,0.7278531792718412|-0.14866297002170395|0.6822916964502604,0.3058578179678806|-0.13026646486013052|0.6681272146142264
92,lift,lift,26,0.25,2,2,0,0,2,0,2,right_hand|left_hand,0.10969259100966156,0.0027290480211377144,0.09444464789703488,0.012487106025218964,,0.09444464789703488,0.6998624498678223,0.6998624498678223,,,0.9999999999999999,1.6132264529058116,35,12.50501002004008,1.4164240194884878,True,0.0014239578360451845,0.03404912244758165,11,0.0014239578360451845,5,0.0010674188610570318,2,-0.030459586269268257,-0.02044640855699953,,0.0,0.0011762963446224118,,0.021977339758936364,0.05176764694933557,0.0850083966017296,0.03324074965239403,0.05108366142653497,0.016733776135692217,0.03899495115191409,0.06460990908016527,0.025614957928251178,0.03984250254312751,0.020046312884059708,0.5059106829239958|0.08209262014554418|0.730167271907421,0.7287384587062383|-0.16665931713780666|0.6836514533151017,0.3067783634073967|-0.15613768125186955|0.6706934155775184
93,lift,lift,27,0.25,2,2,0,0,2,0,2,right_hand|left_hand,0.11136186611838639,0.0026832029689103365,0.0957896769978106,0.012854221975430846,,0.0957896769978106,0.6929926882175316,0.6929926882175316,,,0.9999999999999999,1.6132264529058116,35,12.50501002004008,1.4164240194884878,True,0.0014489340162977954,0.03491429161361059,11,0.0014489340162977954,7,0.000986619296434177,1,-0.03065336933895857,-0.019967953775077874,,0.0,0.0011644085702895942,,0.021871273369564126,0.05251810766007785,0.08393193414514134,0.031413826485063495,0.0511212029583689,0.016553635044821144,0.03902641846104848,0.0649876307915174,0.02596121233046892,0.039595017122592766,0.019915958040418513,0.5022256397776356|0.06231265460851239|0.7311330109893219,0.7299861232403173|-0.18150895038880127|0.6864417454433611,0.30794666833713347|-0.18085594977854072|0.6737782407197848
94,lift,lift,28,0.25,2,2,0,0,2,0,2,right_hand|left_hand,0.11251869308762252,0.0026766688097268343,0.09674107888713479,0.013069364009425044,,0.09674107888713479,0.6881439388584828,0.6881439388584828,,,0.9999999999999999,1.6132264529058116,35,12.50501002004008,1.4164240194884878,True,0.0014092335603431844,0.03570355356458968,10,0.0014092335603431844,7,0.0009861400082362137,1,-0.03047848910503781,-0.020616958030728938,,0.0,0.0011625166938467493,,0.021843809677907947,0.05337867936515988,0.08347004950836577,0.03009137014320589,0.05056746006398301,0.01656035889784145,0.03923634126538478,0.06443329939054619,0.025196958125161414,0.039139408231540156,0.01991727752703531,0.5006482395075285|0.04260385615411939|0.7316848000207278,0.73126364950326|-0.19649280399364105|0.6884113634714903,0.3099778427601812|-0.20526716506979062|0.6781732878700398
95,lift,lift,29,0.25,2,2,0,0,2,0,2,right_hand|left_hand,0.11295382701791823,0.0026977260131388903,0.09662425587885082,0.01359731494449079,,0.09662425587885082,0.6861518734320778,0.6861518734320778,,,0.9999999999999999,1.6132264529058116,35,12.50501002004008,1.4164240194884878,True,0.0014078800720610102,0.03655290224452026,12,0.0014078800720610102,8,0.0009540419139734135,1,-0.030697667130347384,-0.02046507036611267,,0.0,0.0011655519955321037,,0.021818296941048865,0.05324327289408438,0.0825703920298438,0.029327119135759423,0.05020283513183314,0.016381826440729188,0.039320056580962465,0.06437682879904963,0.025056772218087164,0.03901139038493209,0.019933177061595062,0.5000456316696554|0.021980346111854437|0.7318422203889268,0.7328474351698079|-0.21104290721455982|0.6915138282913735,0.31244366143723556|-0.2293120162587842|0.6811465309860794
96,lift,lift,30,0.25,2,2,0,0,2,0,2,right_hand|left_hand,0.14312110212631524,0.002676654141396284,0.126455410849303,0.013957325136289,,0.126455410849303,0.6797247450195635,0.6797247450195635,,,0.9999999999999999,1.6132264529058116,35,12.50501002004008,1.4164240194884878,True,0.0014082561391598296,0.03758673817427896,12,0.0014082561391598296,8,0.000970140655549151,1,-0.030712349939285843,-0.02026237600265901,,0.0,0.001162386756081311,,0.02169250062880361,0.05264279447243873,0.08199593951605631,0.029353145043617586,0.04890119788697075,0.01636913650158247,0.039595738524436035,0.06429581288330176,0.024700074358865724,0.03865453317547522,0.019860672081345496,0.4991744723083017|0.0019143397519223357|0.7311568307288402,0.7344590119609935|-0.22560151483273846|0.6942659316692574,0.31493649006504987|-0.2532591989764891|0.6834912423643518
97,lift,lift,31,0.25,2,3,1,1,2,1,3,right_hand|left_hand,0.19285686197690666,0.002736482070758939,0.16808186192065477,0.014877617824822664,,0.16808186192065477,0.6769842278962208,0.6748660005053098,0.03003009747072416,0.025627154154583963,0.9999999999999999,1.6132264529058116,35,12.50501002004008,1.4164240194884878,True,0.0014355228846430097,0.0385685607826462,20,0.0014355228846430097,10,0.0009981737163646393,2,-0.030908348866576674,-0.02032200987074617,,0.0,0.0014139417731774723,,0.021639019411832515,0.05186772513673518,0.08243662239238983,0.030568897255654648,0.048480123362272594,0.016549615921205844,0.039767764578703284,0.06500443711321721,0.025236672534513928,0.038907105622021466,0.02027033892754902,0.4961396680417351|-0.015998077239912843|0.7301912260191198,0.7354062014544688|-0.24238194156381876|0.6953003572059657,0.3168125120587016|-0.2746893093354216|0.6857241359108064
98,lift,lift,32,0.25,2,2,0,0,2,0,2,right_hand|left_hand,0.12772533111274242,0.00274035707116127,0.11075379489921033,0.014197677839547396,,0.11075379489921033,0.6798609900655959,0.6798609900655959,,,0.9999999999999999,1.6132264529058116,35,12.50501002004008,1.4164240194884878,True,0.0018207292877312625,0.03866214754358491,14,0.0018207292877312625,10,0.000980565309842224,1,-0.030908307703089832,-0.020158025555112147,,0.0,0.0014235716849085914,,0.02171680467186417,0.05101938130571162,0.08097255713350122,0.029953175827789606,0.05004015397577121,0.016731990066171813,0.040257295241883505,0.06632768845000382,0.026070393208120317,0.03991090964267089,0.020634047898394244,0.4957230058971417|-0.03180659005983124|0.7314226851249933,0.7371303234027013|-0.2563635957917938|0.6958223624731467,0.318413042287051|-0.293628366076186|0.6870353927079452
99,lift,lift,33,0.25,2,2,0,0,2,0,2,right_hand|left_hand,0.12199751916341484,0.002700245939195156,0.10595967201516032,0.013305119937285781,,0.10595967201516032,0.6923494590977575,0.6923494590977575,,,0.9999999999999999,1.6132264529058116,35,12.50501002004008,1.4164240194884878,True,0.0017194135249239545,0.038911181936656214,15,0.0017194135249239545,11,0.0009569628020585919,1,-0.03091943841528355,-0.02058759770403462,,0.0,0.0014283936830141186,,0.02192782207622757,0.05020037318986627,0.08041677885609574,0.030216405666229476,0.0498099896019743,0.01686842362550086,0.040929933158895,0.06630646763971629,0.025376534480821285,0.039996502056702285,0.021000861587060167,0.4947945741844073|-0.04751559527568051|0.7322760838422337,0.7385448036742425|-0.27277210719575745|0.6950154429419952,0.3200134660465664|-0.31289288528281795|0.6884034487708444
100,lift,lift,34,0.25,2,5,3,2,2,3,5,right_hand|left_hand,0.28687859303317964,0.002766495803371072,0.2650156538002193,0.012841776013374329,,0.2650156538002193,0.6969103110172292,0.6939393563823577,0.02946837555074882,0.02490878560650072,0.9999999999999999,1.6132264529058116,35,12.50501002004008,1.4164240194884878,True,0.0014502095646335943,0.03915246671041733,19,0.0014502095646335943,14,0.0009917090660164773,2,-0.031539643114292915,-0.02196650128978206,,0.0,0.001412341084538038,,0.02197398805470939,0.049869754028211734,0.07980308938485342,0.029933335356641687,0.04811448276985708,0.01694167619228343,0.04117591618043275,0.06491114728508654,0.023735231104653788,0.0388584985707971,0.021416641326139716,0.4935412199478475|-0.06341408388930352|0.7315736360185513,0.7389051240775036|-0.2903633258736268|0.6932236443482499,0.32254106959488826|-0.33278480763423807|0.6875043907795676
101,lift,lift,35,0.25,2,2,0,0,2,0,2,right_hand|left_hand,0.1204989249818027,0.0026975320652127266,0.10467264801263809,0.013091357192024589,,0.10467264801263809,0.691790282443808,0.691790282443808,,,0.9999999999999999,1.6132264529058116,35,12.50501002004008,1.4164240194884878,True,0.0014346290571942248,0.03930871093210289,17,0.0014346290571942248,13,0.0009603851493310694,1,-0.030840331438984236,-0.021408042745539646,,0.0,0.0014221354295837715,,0.021926985008069503,0.05012815757372075,0.07930045158243855,0.0291722940087178,0.04913190173155339,0.016896007623309527,0.041063160271135754,0.06554402424046413,0.024480863969328373,0.039988615598013755,0.021489659636146623,0.4947128595228497|-0.07922703180518721|0.730160323402909,0.7400008725715403|-0.3058202484424008|0.6885029457917377,0.32258567562181006|-0.3506079835652458|0.6860016321709319
102,lift,lift,36,0.25,2,2,0,0,2,0,2,right_hand|left_hand,0.12018547602929175,0.002697652904316783,0.10438062809407711,0.013075188966467977,,0.10438062809407711,0.6902884419994795,0.6902884419994795,,,0.9999999999999999,1.6132264529058116,35,12.50501002004008,1.4164240194884878,True,0.0014755669741144568,0.039631819500681814,13,0.0014755669741144568,9,0.0009656858881137292,1,-0.030754592189698116,-0.021848956391396612,,0.0,0.0014195566208171223,,0.02196915146121317,0.050887856121957245,0.07968928811982486,0.02880143199786761,0.04891424360493337,0.017084726105470537,0.04023130942507063,0.06424931413166628,0.024018004706595646,0.0417614526641828,0.021388899272923985,0.496892421247626|-0.09559505045408374|0.7291309161555326,0.740404646259837|-0.3235729780974163|0.6840241574368451,0.3223707561335222|-0.3704548768569551|0.6858552006688976
103,lift,lift,37,0.25,2,2,0,0,2,0,2,right_hand|left_hand,0.1182298909407109,0.002691396977752447,0.10269913007505238,0.012806836050003767,,0.10269913007505238,0.6928302906538888,0.6928302906538888,,,0.9999999999999999,1.6132264529058116,35,12.50501002004008,1.4164240194884878,True,0.0015543606899913187,0.04023145297133662,14,0.0015543606899913187,10,0.0009712581049114571,1,-0.030767732089298505,-0.022083407398284294,,0.0,0.0014168929283636341,,0.02202955599537125,0.052053548970268836,0.08078544194967736,0.02873189297940853,0.0480185871222146,0.017503950280060025,0.0391092353510085,0.06340965966006436,0.02430042430905586,0.04202028596442945,0.021339684127675465,0.5010988097638681|-0.11174453768233072|0.7278254000643403,0.74077042433193|-0.34285063958133993|0.6796856757238755,0.3228588774324076|-0.3878836690590245|0.6830773010175617
104,lift,lift,38,0.25,2,2,0,0,2,0,2,right_hand|left_hand,0.12210384313948452,0.0027173329144716263,0.10650960612110794,0.012842525960877538,,0.10650960612110794,0.7008971647285986,0.7008971647285986,,,0.9999999999999999,1.6132264529058116,35,12.50501002004008,1.4164240194884878,True,0.0015457416651418025,0.04074569014062812,14,0.0015457416651418025,10,0.0009500110624812291,1,-0.031034338921298144,-0.022067823916856355,,0.0,0.001414605560705265,,0.022143619508740255,0.05296771424189847,0.08094116895752103,0.027973454715622556,0.04709185914142044,0.017639596540202515,0.03796130654290091,0.06364331907640595,0.025682012533505043,0.04357670442930967,0.021399533584000697,0.5054083146157182|-0.12906505614305183|0.7278982709479745,0.7410772006096108|-0.3626571405427156|0.6761075037778299,0.3222976927627563|-0.40290431835248375|0.6811348880618644
105,lift,lift,39,0.25,2,2,0,0,2,0,2,right_hand|left_hand,0.12274961080402136,0.002673586132004857,0.10691550001502037,0.013127678073942661,,0.10691550001502037,0.7088251935609248,0.7088251935609248,,,0.9999999999999999,1.6132264529058116,35,12.50501002004008,1.4164240194884878,True,0.0015202083183636639,0.041164659188210356,12,0.0015202083183636639,8,0.0009550376348545775,1,-0.03130993923871905,-0.021052213664134456,,0.0,0.001409730930773838,,0.022260081398128947,0.05350023260415402,0.08081068416506762,0.0273104515609136,0.046883532877450264,0.017659462954801097,0.03711203527518356,0.06577976576001142,0.02866773048482786,0.043932832276318175,0.0214619402328861,0.5103972875408022|-0.14521207848920795|0.7272341049192715,0.7410329606636009|-0.3836216475652639|0.6719858094830501,0.3222787809360607|-0.4135825481618925|0.6762267366831277
106,lift,lift,40,0.25,2,2,0,0,2,0,2,right_hand|left_hand,0.1223052570130676,0.0027046760078519583,0.10663221194408834,0.012933352030813694,,0.10663221194408834,0.7222658893284818,0.7222658893284818,,,0.9999999999999999,1.6132264529058116,35,12.505010020040082,1.4164240194884878,True,0.0014961357133361393,0.040698049647233614,10,0.0014961357133361393,6,0.0009316987530434417,1,-0.03153671735420005,-0.019588160685914957,,0.0,0.0013153576776914683,,0.022422625975123275,0.05412634430526514,0.08151238648425094,0.027386042178985798,0.04544778154313738,0.017603533920546612,0.03634802915806794,0.06893732629179301,0.032589297133725076,0.045578883718907996,0.0209223897891894,0.5154866091681608|-0.16353459599122178|0.7279482030474589,0.7413529247214976|-0.40733160817095165|0.6707879827233564,0.321380633584228|-0.42107444558133345|0.6730861598465592
107,lift,lift,41,0.25,2,2,0,0,2,0,2,right_hand|left_hand,0.14329670905135572,0.002719478914514184,0.12766599794849753,0.012877883855253458,,0.12766599794849753,0.7330815126729138,0.7330815126729138,,,1.0000000000000002,1.6164658634538154,34,12.361445783132522,1.4130469440546405,True,0.0026860038111438944,0.039395529172572635,12,0.0026860038111438944,7,0.0009341364250627787,2,-0.03372560664874236,-0.02136001204168103,,0.0,0.0014014437507342754,,0.022467205002783423,0.05482173867011342,0.07964949158723175,0.024827752917118334,0.04205372942802938,0.018303089524065494,0.03560123242083103,0.06712827420042053,0.031527041779589496,0.043546383956118664,0.02153015764518118,0.5198541313166946|-0.1835295262143536|0.7285754030716872,0.7410538827277667|-0.43719418851763364|0.6756844975724201,0.3208328098720147|-0.432994115532169|0.674241984921226
108,lift,lift,42,0.25,2,2,0,0,2,0,2,right_hand|left_hand,0.12117947405204177,0.002668108092620969,0.10570428101345897,0.012764185201376677,,0.10570428101345897,0.7381296712511073,0.7381296712511073,,,0.9999999999999999,1.6132264529058116,35,12.505010020040082,1.4164240194884878,True,0.0014349578278936015,0.03980451930425466,9,0.0014349578278936015,4,0.0009345957227727963,2,-0.03346380929055215,-0.01962550335415436,,0.0,0.0014283344405433141,,0.022343018205335744,0.0552368818839593,0.08081923053391474,0.025582348649955435,0.04225343492202869,0.017957425675615375,0.03496290298900075,0.0689446931260607,0.03398179013705995,0.04514414458975326,0.020713748208419033,0.526889089768643|-0.2024305710839839|0.7292287999667862,0.739587834435075|-0.4595147030867838|0.6767019624610933,0.3184050184363749|-0.44087476164830997|0.6733379629158865
109,lift,lift,43,0.25,2,2,0,0,2,0,2,right_hand|left_hand,0.11961894598789513,0.0027147678192704916,0.10412117699161172,0.012750827008858323,,0.10412117699161172,0.7706402911955236,0.7706402911955236,,,0.9999999999999999,1.6132264529058116,35,12.505010020040082,1.4164240194884878,True,0.0014130295511704943,0.0408151418858696,11,0.0014130295511704943,6,0.0011428158129722366,2,-0.03361427805606354,-0.01931633639510366,,0.0,0.001418797771653119,,0.022592919695110417,0.056012868311818176,0.08037261062365714,0.02435974231183896,0.04166817501425134,0.017925995135908708,0.03483913335289958,0.06958876433857535,0.03474963098567577,0.04540317933900892,0.02104029373269116,0.5330725372909838|-0.2188157154755253|0.7288578282898112,0.7357253531763928|-0.484073685948339|0.6775862860637542,0.3155111042992824|-0.44831977902770787|0.6733559728454335
110,lift,lift,44,0.25,2,2,0,0,2,0,2,right_hand|left_hand,0.11493749497458339,0.0027057609986513853,0.0996480081230402,0.012548424070701003,,0.0996480081230402,0.7176276161291937,0.7176276161291937,,,0.9999999999999999,1.6132264529058116,35,12.505010020040082,1.4164240194884878,True,0.001445769677358405,0.03827035667551021,13,0.001445769677358405,8,0.0009710353186744292,2,-0.03390324170111825,-0.020040391688686654,,0.0,0.0011953528122642036,,0.021972843837695,0.05608804471666944,0.08191356579717247,0.025825521080503032,0.04282719277778253,0.018108228949567404,0.03515241213300122,0.06678703800283722,0.031634625869836,0.041594126525953186,0.0203082857474273,0.5335013519226315|-0.23741251784684175|0.7303716787269952,0.7314313489332847|-0.5064183441725166|0.6798857021816517,0.3111651648213297|-0.4619992865829377|0.6751373331370588
111,lift,lift,45,0.25,2,2,0,0,2,0,2,right_hand|left_hand,0.11053621699102223,0.0026967290323227644,0.095548280980438,0.012260750867426395,,0.095548280980438,0.6938824744422638,0.6938824744422638,,,0.9999999999999999,1.6132264529058116,35,12.505010020040082,1.4164240194884878,True,0.0021162286491455684,0.037218911466610605,13,0.001438172408694826,8,0.0021162286491455684,2,-0.03404058382768227,-0.020592953521967772,,0.0,0.0011897710985451504,,0.021885153409217765,0.05577113393807282,0.08057311596210157,0.024801982024028744,0.04050636059316876,0.018132187101044382,0.03572954787296409,0.06663436219636025,0.03090481432339616,0.042066334059508895,0.020095706625620637,0.5401719601646885|-0.25331433500702993|0.731988438261967,0.7244182347160653|-0.531540672481707|0.6809108274680755,0.3070591138739948|-0.4698385730005683|0.676433385814403
112,lift,lift,46,0.25,2,2,0,0,2,0,2,right_hand|left_hand,0.1098400978371501,0.0026713369879871607,0.09469542698934674,0.012440726859495044,,0.09469542698934674,0.6945264404141808,0.6945264404141808,,,1.0000000000000002,1.6164658634538154,34,12.361445783132522,1.4130469440546405,True,0.001966239726990504,0.03661007904892777,12,0.0014340914387958384,8,0.001966239726990504,2,-0.03370181779862236,-0.020671995959363088,,0.0,0.0011918406841503356,,0.02201527370410185,0.055248476280676646,0.07932153652915355,0.024073060248476906,0.0395173478398728,0.018692862644652506,0.03602896960882871,0.06672721120501875,0.030698241596190036,0.04235312245065709,0.019892208235410196,0.5445564879847538|-0.26787235571214535|0.7313214691728339,0.7168129307768807|-0.5562242617467551|0.6809891958877307,0.3024947438986254|-0.4773842988509216|0.6765193702068732
113,lift,lift,47,0.25,2,2,0,0,2,0,2,right_hand|left_hand,0.11141155287623405,0.002645013853907585,0.0956724549178034,0.013059520861133933,,0.0956724549178034,0.6872097767982456,0.6872097767982456,,,1.0000000000000002,1.6164658634538154,34,12.361445783132522,1.4130469440546405,True,0.0019940426611155526,0.03704391665319634,12,0.0014363598929696929,8,0.0019940426611155526,2,-0.03337359213042568,-0.020918031679856952,,0.0,0.0012015516742309885,,0.02194196113330362,0.05566647986554079,0.07673960838182539,0.021073128516284602,0.037085451943977214,0.01860357460287936,0.03583825587427293,0.06647809364303704,0.03063983776876411,0.043152116063491626,0.019331594082897013,0.5485305587437288|-0.2826051868710249|0.7316120355390154,0.7081904351963743|-0.5807047164617036|0.6836372062409782,0.29772549761963335|-0.4831563426482372|0.6785473606685585
114,lift,lift,48,0.25,2,2,0,0,2,0,2,right_hand|left_hand,0.1151056420058012,0.002708811778575182,0.09938494698144495,0.012976323021575809,,0.09938494698144495,0.6873655061748095,0.6873655061748095,,,1.0000000000000002,1.6197183098591548,33,12.209255533199196,1.4092983939419406,True,0.0014366449596709824,0.03769357953417252,12,0.0014366449596709824,8,0.0009477047531147725,2,-0.032575883590833854,-0.02056294702530259,,0.0,0.0012119724405493528,,0.021909390380820994,0.0558757900289848,0.07733531533574778,0.021459525306762976,0.037140867607036415,0.01871893323034571,0.035844354745566666,0.06626270243620207,0.0304183476906354,0.04636891901389315,0.018976844903400816,0.5508962386969598|-0.29783154994521915|0.7320063716875551,0.7012861373802844|-0.601248122136595|0.6860779268309556,0.2928954567176836|-0.48947405691223356|0.6804377973214005
115,lift,place,47,0.25,2,2,0,0,2,0,2,right_hand|left_hand,0.11835448490455747,0.0027024869341403246,0.10232757194899023,0.013292911928147078,,0.10232757194899023,0.6763410826197434,0.6763410826197434,,,1.0000000000000002,1.6164658634538154,34,12.361445783132522,1.4130469440546405,True,0.00143477809387451,0.03772337540409795,12,0.00143477809387451,8,0.0009494422504102984,2,-0.03233805309641369,-0.021023795255080913,,0.0,0.001219162514664483,,0.02174140306452788,0.05593824760482853,0.07693334419297551,0.02099509658814698,0.035668938315750624,0.018756227385953464,0.03589319932958406,0.06516179935840134,0.02926860002881728,0.046457563870094185,0.018018808496836115,0.5516494798339272|-0.3137301486462701|0.7326546462048555,0.692937294644758|-0.621073082994|0.6871962344323818,0.28803632335794677|-0.49579372675977557|0.6836429668523183
116,lift,place,46,0.25,2,2,0,0,2,0,2,right_hand|left_hand,0.12334488215856254,0.002738575916737318,0.10631364886648953,0.014260871103033423,,0.10631364886648953,0.6678638659298967,0.6678638659298967,,,1.0000000000000002,1.6164658634538154,34,12.361445783132522,1.4130469440546405,True,0.0017309609733400788,0.03719357458449757,17,0.0017309609733400788,10,0.0009818211533409033,2,-0.03244479526525801,-0.02132561068873251,,0.0,0.001412461291392415,,0.021548696876282743,0.056955765568527744,0.07701955797943666,0.020063792410908915,0.035865820769262605,0.018467360838270715,0.03528753059383781,0.0644166483586093,0.029129117764771492,0.04549529993168667,0.01847170012259416,0.5535131388970822|-0.32915603510573965|0.7337369864285037,0.6852611444109442|-0.6388724787809594|0.6908732935928147,0.28499987239231045|-0.5015868173155752|0.6819453710236996
117,lift,place,45,0.25,2,2,0,0,2,0,2,right_hand|left_hand,0.12709717289544642,0.0027307760901749134,0.11012311303056777,0.014210968045517802,,0.11012311303056777,0.6535800210533389,0.6535800210533389,,,0.9999999999999999,1.6132264529058116,35,12.505010020040082,1.4164240194884878,True,0.0015465800353171265,0.03731897618755334,17,0.0015465800353171265,10,0.0009289858101946685,2,-0.03249069235275748,-0.02127374981801644,,0.0,0.0014351990305229425,,0.02136637145641071,0.0570566810003831,0.077404399412665,0.020347718412281897,0.0370059560197471,0.018367261919215616,0.03500568239384986,0.06319930965969722,0.028193627265847364,0.046392896485343116,0.01817513898219213,0.5553176209138126|-0.34321529382553156|0.7360735857597948,0.677456892987244|-0.6554656593721648|0.6897116741698747,0.2796317222258659|-0.5084277279348483|0.6831693202876609
118,,place,44,7.9567438919514e-106,2,3,1,1,2,1,3,,0.205039155902341,0.0026526881847530603,0.1822972041554749,0.013706417987123132,,0.1822972041554749,0.6591826598220484,0.6585512539776855,0.023322625363800233,0.027934380920450863,1.0,1.0,0,0.0,0.0,False,0.0014771967231939492,0.0372618052828948,16,0.0014771967231939492,11,0.0010157350727964115,2,-0.03333715211821087,-0.021946396643480526,,0.0,0.0014142678539289892,,0.02155026673791538,0.05576177716425725,0.07836423818388574,0.02260246101962849,0.03878062036785176,0.01875868757719486,0.03483489255930243,0.06286006606145506,0.028025173502152625,0.04827333627878787,0.019270606028343684,0.5535823936016045|-0.35644980509918833|0.7393200231904081,0.6700376527958409|-0.6694123938692538|0.6889702282372249,0.2745452014025794|-0.5141048363973368|0.6828188012217055
119,,place,43,4.204243584226447e-101,2,2,0,0,2,0,2,,0.11982689192518592,0.0026359560433775187,0.10377183207310736,0.013387605082243681,,0.10377183207310736,0.6604769773223661,0.6604769773223661,,,1.0,1.0,0,0.0,0.0,False,0.0014561616907227404,0.03731156802919791,19,0.0014561616907227404,14,0.000961277409370534,2,-0.03313055061968839,-0.022056252007038424,,0.0,0.001435857802163482,,0.021628917761690188,0.05475018218066663,0.07936825767595904,0.024618075495292407,0.04059840778340366,0.019142142335659317,0.03552033205987898,0.06295711639249493,0.027436784332615954,0.048341004467831565,0.019472077056275967,0.5524522339976465|-0.36898114430377205|0.7402166169652328,0.6634409836621125|-0.6838280532733073|0.6875867784697359,0.2694312768181396|-0.5204170431895294|0.6787329023664204
120,,place,42,1.73008220968259e-96,2,2,0,0,2,0,2,,0.11978233000263572,0.0026363099459558725,0.10429455200210214,0.012818154878914356,,0.10429455200210214,0.6544557443754753,0.6544557443754753,,,1.0,1.0,0,0.0,0.0,False,0.0014979815231318389,0.03771132243188369,15,0.0014979815231318389,10,0.0008021002429841745,2,-0.033137613830472645,-0.022291508920663006,,0.0,0.0014197033104542415,,0.021573582005744676,0.0535846723992566,0.07934724336886738,0.02576257096961078,0.04158887699105148,0.01934100492842673,0.036018969630686425,0.06265040904726595,0.02663143941657952,0.04736506111946212,0.01963753298084633,0.5526851481769102|-0.37956670813381593|0.7391752185314859,0.6563845985868554|-0.6977932804941445|0.683618818249893,0.2643584439298666|-0.5286339891060399|0.6726383521507189
121,,place,41,5.544622590477945e-92,2,2,0,0,2,0,2,,0.11892301915213466,0.0026825550012290478,0.10314736003056169,0.013063068967312574,,0.10314736003056169,0.647338647502711,0.647338647502711,,,1.0,1.0,0,0.0,0.0,False,0.003996866657150294,0.0383338925535773,15,0.003996866657150294,10,0.0009931025342356792,2,-0.033312876463460483,-0.030188609489442797,,0.0,0.0014136392975460563,,0.021554318885200752,0.05216890439881354,0.07896413868714332,0.026795234288329778,0.042099909483802926,0.019502823300474724,0.03670326799095206,0.05413590653314418,0.017432638542192118,0.0388635361690068,0.020241350013206656,0.5504880616347435|-0.39061880028174195|0.737597490268958,0.6495707199154872|-0.7104217983424442|0.6788215601513345,0.2596804067489732|-0.5467096670147092|0.6704397857898423
122,,place,40,1.3838965267367376e-87,2,2,0,0,2,0,2,,0.1250588579569012,0.0026682941243052483,0.10927631799131632,0.013084548059850931,,0.10927631799131632,0.6661685868018375,0.6661685868018375,,,1.0,1.0,0,0.0,0.0,False,0.0015940032395172637,0.039391397919012916,11,0.0015940032395172637,7,0.0009962870997680534,1,-0.033270473368967046,-0.028184606014619362,,0.0,0.0014132030741261417,,0.021856746469582473,0.05039925341482985,0.07844373454072467,0.028044481125894825,0.04334438236873883,0.0199037974350472,0.03737979340805761,0.056946589188092644,0.019566795780035035,0.04075768361274144,0.020402870163225877,0.5483057853800006|-0.39948748964122166|0.7378192947741049,0.6435115135254361|-0.7223490310132226|0.6723379722591082,0.25270565882645935|-0.5539969145126294|0.6615602000139775
123,,place,39,2.6900579025827697e-83,2,5,3,2,2,3,5,,0.29316710704006255,0.0026384368538856506,0.27142932009883225,0.012863548006862402,,0.27142932009883225,0.6856131545909913,0.6846147317391055,0.028310782635221104,0.019372246762530534,1.0,1.0,0,0.0,0.0,False,0.0019013485461716502,0.04035047382520851,11,0.0019013485461716502,5,0.0010031655567328546,3,-0.03407033250338465,-0.028137535860834006,,0.0,0.0013840646022486786,,0.022122168202313122,0.048590236256571745,0.07550585732547914,0.026915621068907394,0.04201551052109391,0.020276772571960023,0.03783253773622625,0.05724810726286704,0.019415569526640787,0.04082492226572654,0.020205093689133046,0.5460120067859642|-0.4108736842317209|0.7367204712066309,0.6365346167276347|-0.736090719011207|0.6672168664184749,0.2471413131345607|-0.5649700345320402|0.6527375453637725
124,,place,38,4.0723586257611754e-79,2,2,0,0,2,0,2,,0.12474321201443672,0.002562528010457754,0.1093562189489603,0.012794093927368522,,0.1093562189489603,0.7061976733274344,0.7061976733274344,,,1.0,1.0,0,0.0,0.0,False,0.0018699415107532348,0.04092080827238792,10,0.0018699415107532348,5,0.0009433835398584001,2,-0.033603037761286814,-0.027926483747023667,,0.0,0.0014227241281695258,,0.022321357606321774,0.046601115321645445,0.0775423793734471,0.030941264051801656,0.045165224268076724,0.02077624121615497,0.0381141854321234,0.057609708938296325,0.019495523506172924,0.04066851228531055,0.02037551843523342,0.5419529583527961|-0.42155759771876455|0.7335368678780806,0.634250134535816|-0.7455608359920941|0.6610424174368797,0.24243027373691683|-0.5765741199242269|0.6423415309343431
125,,place,37,4.801277241771782e-75,2,3,1,1,2,1,3,,0.18580750701949,0.002644086955115199,0.16404124000109732,0.012919988948851824,,0.16404124000109732,0.7226047300527063,0.7223433818799473,0.03560017822749764,0.020051846483795314,1.0,1.0,0,0.0,0.0,False,0.0015663505188193184,0.04199646301193741,10,0.0015663505188193184,4,0.0010017856392534608,3,-0.03495302011553214,-0.028161949396631414,,0.0,0.0014141969528603025,,0.022370146399584963,0.044502139896591894,0.07923457605299722,0.034732436156405325,0.046827282538220834,0.019741881174163044,0.03819874678334629,0.058011372225634766,0.019812625442288477,0.040791906475387274,0.020464468297288672,0.5355470483335686|-0.43179694958639037|0.7314782447862925,0.6316656138653143|-0.7532193869062666|0.65507744112986,0.2388481932925377|-0.5877392297294005|0.6334176324546582
126,,place,36,4.408531331463226e-71,2,2,0,0,2,0,2,,0.14795038988813758,0.0026891950983554125,0.13261492713354528,0.01261579291895032,,0.13261492713354528,0.737839876689649,0.737839876689649,,,1.0,1.0,0,0.0,0.0,False,0.001575819987511086,0.04286926550512149,9,0.001575819987511086,4,0.0009803679245037056,2,-0.03422402956110382,-0.030078128924792225,,0.0,0.001425552416968742,,0.02237383556957387,0.043265443969175484,0.08145488546839379,0.0381894414992183,0.049768981436179735,0.018702687067797763,0.03873991025243634,0.05740443041670529,0.01866452016426895,0.03849504389215185,0.020291782763102277,0.5254796240291515|-0.4376820946468089|0.7268138058592611,0.6305941785384712|-0.7635134576327182|0.6483753039634639,0.23584004405242553|-0.6002726961215271|0.6270165090050496
127,,place,35,3.1525171551450254e-67,2,2,0,0,2,0,2,,0.12039190786890686,0.0025789299979805946,0.10491115413606167,0.012870562030002475,,0.10491115413606167,0.6794076128020533,0.6794076128020533,,,1.0,1.0,0,0.0,0.0,False,0.0015846375072622113,0.04246375800156921,9,0.0015846375072622113,4,0.000971276232353796,2,-0.03410396899248802,-0.03021640312981866,,0.0,0.001385360962167542,,0.021480355138307695,0.04252775919215564,0.07915952057932908,0.036631761387173445,0.04962265988944526,0.01694209875719811,0.03946046908564276,0.057570356319162415,0.018109887233519653,0.03787903671534982,0.020381064021010576,0.5240568312354845|-0.44729560722331213|0.7215198377174458,0.6270270830528817|-0.7816178369151014|0.6454575078012876,0.23392943719949627|-0.6111958589276234|0.6184113361172442
128,,place,34,1.7556880978548265e-63,2,2,0,0,2,0,2,,0.12007503514178097,0.0026290600653737783,0.10440873797051609,0.013007031986489892,,0.10440873797051609,0.662235972939357,0.662235972939357,,,1.0,1.0,0,0.0,0.0,False,0.00159690449727342,0.0423483298288955,9,0.00159690449727342,4,0.0009581510286412187,2,-0.0343476639894007,-0.029587490386107973,,0.0,0.0012698987298850677,,0.021387384891229707,0.04177182841045491,0.08031225575337257,0.03854042734291766,0.052007349878482524,0.01690208812985679,0.03929337046680483,0.057638241706860945,0.018344871240056113,0.03657506481630291,0.02068274993858258,0.5204762570177598|-0.45156476994189976|0.7180407736992758,0.6253017826786269|-0.7928473830863134|0.6388124794953909,0.23063416159443634|-0.6235024416273652|0.6088675652770831
129,,place,33,7.61489029373637e-60,2,2,0,0,2,0,2,,0.11899837502278388,0.0026659939903765917,0.1034882899839431,0.012815024936571717,,0.1034882899839431,0.6627910895774052,0.6627910895774052,,,1.0,1.0,0,0.0,0.0,False,0.0015758970750672265,0.04205160928511614,9,0.0015758970750672265,4,0.0009871217164553053,2,-0.0346645205348306,-0.029873894416143187,,0.0,0.0014257947408127974,,0.021447315535855164,0.041129601799476265,0.08197472271551319,0.040845120916036926,0.054072007531629426,0.01678246173093581,0.0391301753395377,0.056158077424863714,0.017027902085326015,0.03436467621713781,0.021191142439294035,0.5211682216080329|-0.4588816566453616|0.7174096852498266,0.6235595420324292|-0.8037611125649536|0.6321654360955234,0.22798515264146121|-0.6366328237895494|0.5992269774044028
130,,place,32,2.572209372642415e-56,2,2,0,0,2,0,2,,0.12209815811365843,0.002643120940774679,0.10644711181521416,0.0129789758939296,,0.10644711181521416,0.6614065006481771,0.6614065006481771,,,1.0,1.0,0,0.0,0.0,False,0.0015637715433279471,0.04141658829921474,9,0.0015637715433279471,4,0.0009083733037900665,2,-0.0350613808760567,-0.029470858499410113,,0.0,0.0014275064298252408,,0.021437663050415747,0.04000050704978831,0.08332749773426051,0.043326990684472204,0.056091098623448854,0.017099790926134888,0.03899501941497049,0.05639579367500756,0.017400774260037076,0.034853735251952,0.020943508385349602,0.5198220747797474|-0.46371751630293295|0.7170432389766628,0.6214376441736326|-0.8136524959671251|0.6254400326031854,0.22484128661781547|-0.6464241709672187|0.5894933174760639
131,,place,31,6.766675675168404e-53,2,2,0,0,2,0,2,,0.12217703997157514,0.0028425920754671097,0.1062728320248425,0.013031619135290384,,0.1062728320248425,0.6527226362887955,0.6527226362887955,,,1.0,1.0,0,0.0,0.0,False,0.0015413300106021759,0.04052392019387652,7,0.0015413300106021759,3,0.0006731285432308026,1,-0.035239110443583854,-0.029663794614103622,,0.0,0.001007992317192447,,0.021376882965285945,0.03896155319826337,0.08348463120652483,0.04452307800826146,0.0565423948354405,0.017698527028110485,0.037822671556629286,0.056195135419365355,0.01837246386273607,0.03541147210178828,0.02081334526126715,0.5199516682502905|-0.4690575158395101|0.7184855582982214,0.6178833659880288|-0.8250520803646557|0.6176239546925278,0.22190728155327327|-0.6548725001877251|0.5787140344845146
132,,place,30,1.3863432936411706e-49,2,2,0,0,2,0,2,,0.1421381919644773,0.0055979101452976465,0.12315363110974431,0.01335679879412055,,0.12315363110974431,0.6471410200517868,0.6471410200517868,,,1.0,1.0,0,0.0,0.0,False,0.0015232574182748732,0.039527925433958416,9,0.0015232574182748732,5,0.0007085430075080279,1,-0.03501041392508242,-0.02956279291760744,,0.0,0.0011904475198193834,,0.021276790760189623,0.037777260080334885,0.08321334628641007,0.045436086206075185,0.0571621796178239,0.017790149309951302,0.0369565349353064,0.055322512012573155,0.018365977077266754,0.03538988675699761,0.020726930848141922,0.5220651302178779|-0.4738181748423461|0.7188114713050535,0.6139457156372167|-0.8365310468795869|0.6072092248562833,0.21830106426664114|-0.6648349145414384|0.5662682876440589
133,,place,29,2.2120380336009962e-46,2,2,0,0,2,0,2,,0.12633616104722023,0.004075712990015745,0.10887540504336357,0.013354534981772304,,0.10887540504336357,0.6397957025758475,0.6397957025758475,,,1.0,1.0,0,0.0,0.0,False,0.001515550895732444,0.034833560567899324,10,0.001515550895732444,6,0.0007324350797383028,1,-0.0351526693516675,-0.029601517863547144,,0.0,0.0014042317020407245,,0.021145992825323902,0.03688969202023942,0.08213412210412172,0.04524443008388229,0.05623580809667817,0.017882778898723285,0.03739512761863865,0.05495140152439814,0.017556273905759492,0.034243244419362454,0.020986257187817388,0.52368242076447|-0.4776684794356822|0.7204995619539529,0.6083587781973503|-0.8498528526309913|0.5967660189256613,0.21546365696341702|-0.6722505199735445|0.5526779315275487
134,,place,28,2.7487850079102147e-43,2,2,0,0,2,0,2,,0.12975996197201312,0.0042802521493285894,0.11139904311858118,0.014050775906071067,,0.11139904311858118,0.6396674978863524,0.6396674978863524,,,1.0,1.0,0,0.0,0.0,False,0.001490458042602394,0.029718955069108904,12,0.001490458042602394,7,0.0005442723880536571,1,-0.03498897612290186,-0.02960136096481314,,0.0,0.0013910508427448863,,0.021097557619308475,0.03636324980399681,0.08052985950394782,0.044166609699951016,0.05564297963842973,0.01805360169862439,0.03783063549552053,0.05550422249982768,0.01767358700430715,0.034370679695553935,0.020933989236272287,0.525886261441037|-0.482019117144256|0.7198702642384924,0.6019299342660229|-0.863340855780009|0.5820686097345724,0.21227885006494193|-0.6768539242163603|0.5393290755099341
135,,place,27,2.6602064159439866e-40,2,2,0,0,2,0,2,,0.13813361711800098,0.0045076520182192326,0.11980695114471018,0.013789178105071187,,0.11980695114471018,0.6266262551016505,0.6266262551016505,,,1.0,1.0,0,0.0,0.0,False,0.0014851088649035955,0.029759605517584775,15,0.0014851088649035955,10,0.0004960093089453749,1,-0.03445190516850616,-0.029362659217845533,,0.0,0.0014124061233552437,,0.021067151922815133,0.03716821007807109,0.07968550300289644,0.042517292924825346,0.05392182978203167,0.017989278671004194,0.03738867590478526,0.055551701472797435,0.01816302556801218,0.03394440850485046,0.02106257561951043,0.5279332704670319|-0.48369808731183633|0.7169875283193384,0.5946537074273747|-0.8763850248597361|0.5632638716426627,0.20834985895738728|-0.6817578768602108|0.5221892915175784
136,,place,26,2.005008781961654e-37,2,2,0,0,2,0,2,,0.1377304361667484,0.004479627823457122,0.11942277196794748,0.013799106003716588,,0.11942277196794748,0.6157720142200602,0.6157720142200602,,,1.0,1.0,0,0.0,0.0,False,0.0014673637952117118,0.029716908287916566,16,0.0014673637952117118,11,0.0004980818909999379,1,-0.03470286353148211,-0.029652606606854093,,0.0,0.0014132218182667023,,0.021096136470429277,0.03780495403265198,0.07971754487346186,0.04191259084080988,0.05288580595372944,0.01828694229343332,0.0368517681028159,0.0558879049881702,0.0190361368853543,0.0346512708732077,0.02098581821099726,0.5311662654903023|-0.4890170232516489|0.7149812188739282,0.5874781521747157|-0.8885473561188518|0.5427400827239116,0.20496229621254008|-0.6848397375582398|0.5046509539136703
137,,place,25,1.1769109439216723e-34,2,2,0,0,2,0,2,,0.1409032321535051,0.00488339108414948,0.12225176487118006,0.013737511122599244,,0.12225176487118006,0.6158867044119342,0.6158867044119342,,,1.0,1.0,0,0.0,0.0,False,0.00145041660628005,0.029380815454664228,16,0.00145041660628005,11,0.0007502015024809655,1,-0.03527515500433509,-0.03004095880980806,,0.0,0.0014096881137782235,,0.02111464104579662,0.03760201398436941,0.07950469750303663,0.041902683518667216,0.050814393610627936,0.017754407303047913,0.035277974634717206,0.05619289661833103,0.020914921983613825,0.03594050103526135,0.021097465333402805,0.535241436256526|-0.49556710931622794|0.7130163408271828,0.5788237755542078|-0.9025357329900109|0.5213762230670778,0.20127882280717677|-0.6883813260323227|0.4854232926242853
138,,place,24,5.380186160021138e-32,2,2,0,0,2,0,2,,0.1312644190620631,0.0028324818704277277,0.11455019889399409,0.013853064039722085,,0.11455019889399409,0.6152910105482443,0.6152910105482443,,,1.0,1.0,0,0.0,0.0,False,0.0014498211929449521,0.029304589815003973,16,0.0014498211929449521,10,0.00036103912870706634,1,-0.035357892160481796,-0.03030601021684909,,0.0,0.0014118778478109503,,0.02110881690095557,0.03719016018660909,0.08109114664201592,0.043900986455406826,0.05217123967254918,0.017870847305767087,0.03349995747610454,0.05664939166206384,0.0231494341859593,0.0379535920766682,0.02070885557296557,0.5393300789411266|-0.5000549641573347|0.7082192329691046,0.5731067292178118|-0.9125530724132559|0.49632856470677156,0.1985175136679175|-0.6909429216936609|0.46392744108316214
139,,place,23,1.915478951967148e-29,2,2,0,0,2,0,2,,0.1318337118718773,0.004527055891230702,0.1132413730956614,0.014035627013072371,,0.1132413730956614,0.6107058938072265,0.6107058938072265,,,1.0,1.0,0,0.0,0.0,False,0.0014486253556417784,0.02887432668743889,19,0.0014486253556417784,12,5.557614995684024e-05,1,-0.03702184749139725,-0.03088147859844881,,0.0,0.0014127496917315434,,0.021048525753001465,0.037038735688581556,0.07959318596552843,0.042554450276946876,0.0520834639504276,0.01796282890951768,0.032157867581038,0.05697660590343201,0.024818738322394007,0.03948405795344188,0.02037200608587925,0.5428420694468531|-0.5078352246510619|0.7046975750696054,0.566510582059571|-0.9212132351039003|0.4697240339192837,0.19587026116457015|-0.6939553744926111|0.44096692379287095
140,,place,22,5.311092249679095e-27,2,2,0,0,2,0,2,,0.159084731945768,0.005659680813550949,0.13910712907090783,0.014288712060078979,,0.13910712907090783,0.6175744716209747,0.6175744716209747,,,1.0,1.0,0,0.0,0.0,False,0.0014477134807919477,0.02893908827833394,20,0.0014477134807919477,13,0.00035492296698776127,1,-0.03722887174015632,-0.030397676112366767,,0.0,0.001414021450600047,,0.02109362802445362,0.03578640923127751,0.07905995410678697,0.04327354487550946,0.0525841547594087,0.018243829518591163,0.0300754923830141,0.05886568688643846,0.02879019450342436,0.04139313494338832,0.019054106892422953,0.5452413954931004|-0.5137553530006064|0.6983321584218618,0.5605964305030113|-0.9302157970835955|0.4410277580264599,0.19021014125093202|-0.7001714635169676|0.4180280835445502
141,,place,21,1.146876582225596e-24,2,2,0,0,2,0,2,,0.13842862308956683,0.004528274992480874,0.11954839481040835,0.014322041068226099,,0.11954839481040835,0.6328232393655097,0.6328232393655097,,,1.0,1.0,0,0.0,0.0,False,0.004046366210961841,0.029145737557720486,20,0.004046366210961841,13,0.0005097506728911211,1,-0.03965086506205573,-0.03035027270310131,,0.0,0.001414293747615812,,0.02121616072235404,0.03574854234825055,0.07622388545054497,0.04047534310229442,0.05135163864716645,0.01838870151460017,0.029128209657845315,0.05922659131927916,0.030098381661433846,0.04251546506985756,0.019018694281336367,0.5496205764854096|-0.5191101467808883|0.6899568010544377,0.5535768032822599|-0.938832196404103|0.4126343427675936,0.18830978471357288|-0.7041025710056168|0.3914482140944171
142,,place,20,1.9287498479639178e-22,2,2,0,0,2,0,2,,0.13464595889672637,0.003804523032158613,0.1168317839037627,0.01397956209257245,,0.1168317839037627,0.652502023493368,0.652502023493368,,,1.0,1.0,0,0.0,0.0,False,0.0014464458850086334,0.029207058180085954,21,0.0014464458850086334,14,7.265252457898386e-05,1,-0.038896577587410164,-0.030645740948349598,,0.0,0.0014126348932177112,,0.02133647350202365,0.03462375263846536,0.07443199774789977,0.03980824510943441,0.053266717868972524,0.019124676298857737,0.028020788934438465,0.05978634692626016,0.031765557991821694,0.04393238511595484,0.018931192845696002,0.5528675357074|-0.5266662087468643|0.6828688580551117,0.5487819420293804|-0.9509092861064166|0.3859264401232548,0.18846096776791918|-0.7069783241471181|0.36444443675118354
143,,place,19,2.5261637809256925e-20,2,2,0,0,2,0,2,,0.1415396558586508,0.00586300203576684,0.12151620304211974,0.014128680108115077,,0.12151620304211974,0.6644899691557502,0.6644899691557502,,,1.0,1.0,0,0.0,0.0,False,0.003091396804162566,0.02948909323587265,21,0.003091396804162566,14,0.000658394610992763,1,-0.04151943811061365,-0.03059134812814257,,0.0,0.0014131492408211435,,0.021377703532300184,0.03369328420338895,0.0734822864333645,0.039789002229975556,0.055975976778353614,0.018924264131152807,0.026296471248980664,0.06001730052986811,0.033720829280887446,0.04517148249390601,0.01910538653519169,0.5544863600912268|-0.5323982963786921|0.673627810037231,0.5461591878923452|-0.9561523671020917|0.3556534537235695,0.1888924782729677|-0.7099677436889736|0.3360677340505137
144,,place,18,2.576757109154981e-18,2,2,0,0,2,0,2,,0.1335146129131317,0.004408396081998944,0.11477478197775781,0.014298995956778526,,0.11477478197775781,0.6888481635026318,0.6888481635026318,,,1.0,1.0,0,0.0,0.0,False,0.003762081651740523,0.030164913768516516,22,0.003762081651740523,14,0.0005008373386476139,2,-0.04179293724853217,-0.030767982699224206,,0.0,0.0014112279055341417,,0.021453171677375635,0.033285469857844606,0.07348293417089784,0.04019746431305323,0.05848928615082078,0.018587844437223573,0.025350095900338942,0.060286679477730795,0.03493658357739185,0.04581134803538431,0.019014179579225122,0.5568600214659438|-0.5377235410788069|0.6621173907430979,0.5444745919995739|-0.9634493449690085|0.32669252977106567,0.18906580177068993|-0.7137055331009629|0.3084525383764036
145,,place,17,2.0469717131642043e-16,2,2,0,0,2,0,2,,0.13646441395394504,0.005206698086112738,0.11694833100773394,0.014276050962507725,,0.11694833100773394,0.7112416856525245,0.7112416856525245,,,1.0,1.0,0,0.0,0.0,False,0.00504518070458404,0.0316730922321298,22,0.00504518070458404,14,0.0020255877826235447,2,-0.042142304809839715,-0.03134338627024924,,0.0,0.0014082935364705404,,0.02161757207265716,0.032705732092806486,0.07149423664935696,0.038788504556550474,0.05825976915624184,0.01795279335266783,0.024063446130862132,0.060375413635562036,0.03631196750469991,0.04658752599129426,0.01892465063828962,0.5614265016675722|-0.5437964033888262|0.6496115809099744,0.5412854264616077|-0.9713868602377821|0.30165208578049957,0.18941039370674984|-0.7167484383145045|0.2820672731866497
146,,place,16,1.2664165549094176e-14,2,2,0,0,2,0,2,,0.13800798682495952,0.005723463837057352,0.11823672289028764,0.01401764596812427,,0.11823672289028764,0.7427527497628665,0.7427527497628665,,,1.0,1.0,0,0.0,0.0,False,0.005741371266644549,0.03293532717751069,22,0.005741371266644549,14,0.0018159840960362272,2,-0.042124928673350936,-0.03142932111260954,,0.0,0.0014053611381781498,,0.02194316875517487,0.03168998651567943,0.07152212482350076,0.03983213830782133,0.05960141570590148,0.01823827662932758,0.02323291434889417,0.06026365733068651,0.03703074298179234,0.04590464292155826,0.019429354628222862,0.5594195590433579|-0.5449493045628933|0.6355249441988335,0.5395269539905848|-0.976739247829596|0.27650593011987684,0.1892927023145726|-0.7197147051195374|0.25473492579787294
147,,place,15,6.101936677605324e-13,2,2,0,0,2,0,2,,0.13367550284601748,0.0027932990342378616,0.11634328798390925,0.014509632950648665,,0.11634328798390925,0.7898660138720832,0.7898660138720832,,,1.0,1.0,0,0.0,0.0,False,0.0059486979041197124,0.034144909014925506,20,0.0059486979041197124,14,0.0020417127242238625,1,-0.042718025736709464,-0.03133668420181479,,0.0,0.0013822502699475355,,0.022320135875969635,0.030619936521373375,0.067553983469783,0.03693404694840963,0.05999290825696487,0.018097208325129965,0.02300405103576325,0.06164951622470802,0.038645465188944766,0.046765200991898244,0.02009200658593016,0.5598398596117959|-0.5484206823462598|0.6236966514285304,0.5329972024213672|-0.984793732947919|0.256349548232671,0.1893117160348246|-0.7202780555117355|0.23208719681928208
148,,place,14,2.289734845645553e-11,2,2,0,0,2,0,2,,0.1435574609786272,0.0045196558348834515,0.12420201115310192,0.014804292004555464,,0.12420201115310192,0.8038403354905301,0.8038403354905301,,,1.0,1.0,0,0.0,0.0,False,0.0060678681813219615,0.03549697688950412,20,0.0060678681813219615,14,0.0024431094799007846,1,-0.04257217394114399,-0.0315401671495632,,0.0,0.001386709831700664,,0.022466094320842185,0.030423132318076654,0.06740378869080672,0.03698065637273007,0.05970710403089679,0.018220520260834858,0.022649022153710126,0.06227781864959506,0.03962879649588493,0.04655336896063666,0.020157315178038447,0.5606721392299828|-0.5548129911532104|0.6120113776530565,0.5298834314413511|-0.9895756898471444|0.23442861496847595,0.18933372823955896|-0.7210711785154157|0.21067040085391936
149,,place,13,6.691586091292782e-10,2,2,0,0,2,0,2,,0.14786910894326866,0.00582251395098865,0.12738487892784178,0.01462949300184846,,0.12738487892784178,0.8181220817757748,0.8181220817757748,,,1.0,1.0,0,0.0,0.0,False,0.0014480675032708563,0.03680990304722501,19,0.0014480675032708563,14,0.0008113387850536835,1,-0.03808817472116921,-0.031283645969358176,,0.0,0.001387573495722007,,0.022564229097447205,0.029357986456967522,0.0710510198936096,0.041693033436642074,0.06352096401047505,0.01863335389291433,0.022605804200706885,0.06121939877394406,0.03861359457323718,0.048310145081778236,0.02054629531908292,0.5610234614347615|-0.5599943215168017|0.6004341051317968,0.5303187993849935|-0.994894441626185|0.2154898688354454,0.18826429805611283|-0.722797553959139|0.1911232992418821
150,,place,12,1.522997974471263e-08,2,2,0,0,2,0,2,,0.18590774713084102,0.0043787669856101274,0.16685857810080051,0.014639097033068538,,0.16685857810080051,0.8292485022268078,0.8292485022268078,,,1.0,1.0,0,0.0,0.0,False,0.0014481958447634911,0.03836231605100687,19,0.0014481958447634911,14,0.0005909759376081652,1,-0.03800279542734941,-0.03130306444229625,,0.0,0.0013959335796652473,,0.022856200186869468,0.028421487278345592,0.07151170995065058,0.04309022267230499,0.05831877540156572,0.018458630657430846,0.022795398613914934,0.059754440619927636,0.0369590420060127,0.04859686372977481,0.021010376037559213,0.5651328389033127|-0.5657202015056707|0.5879137870864669,0.5246233497344843|-1.0000674676124752|0.19377177392269185,0.18906249112249107|-0.7211037435917143|0.17614997902434235
151,,place,11,2.699578503363014e-07,2,2,0,0,2,0,2,,0.15935708908364177,0.004476557020097971,0.13979951292276382,0.015051706926897168,,0.13979951292276382,0.8327685134793084,0.8327685134793084,,,1.0,1.0,0,0.0,0.0,False,0.0014489030386421464,0.03932360541054247,18,0.0014489030386421464,14,0.0,0,-0.0374372676688175,-0.03199156270208725,,0.0,0.001399554536312281,,0.022875680724608733,0.027491255393820906,0.07157405089324524,0.044082795499424336,0.05980063920753295,0.018583051024734586,0.024166264173624576,0.05842890422447899,0.034262640050854415,0.046783369836457825,0.021951370020024952,0.5645894004383393|-0.567283963759983|0.5785556398154192,0.52174023305566|-1.0027785335975077|0.182343061257647,0.18898761871376069|-0.7196896711104979|0.164366169978937
152,,place,10,3.726653172078671e-06,2,2,0,0,2,0,2,,0.15477992384694517,0.002832405036315322,0.13672839500941336,0.015190624864771962,,0.13672839500941336,0.8386354183199394,0.8386354183199394,,,1.0,1.0,0,0.0,0.0,False,0.001493845172515204,0.04024702315214823,19,0.001493845172515204,14,0.0007286187318999576,1,-0.03770343353185801,-0.03267233344383769,,0.0,0.0014051181654864992,,0.022984109635691044,0.02702965980338548,0.07065396683119461,0.04362430702780913,0.056518034301143376,0.018663830457915708,0.023788094968484014,0.05771009659533303,0.03392200162684901,0.04695866973847289,0.021966044034102232,0.5653221313616115|-0.5686854168699347|0.5684329845230697,0.5161136534015247|-1.0057930632160599|0.168451174931839,0.18842724700354077|-0.717906324164709|0.15342378681787094
153,,place,9,4.006529739295107e-05,2,2,0,0,2,0,2,,0.1649085059762001,0.005500469822436571,0.1443469359073788,0.01503047882579267,,0.1443469359073788,0.8451554241696146,0.8451554241696146,,,1.0,1.0,0,0.0,0.0,False,0.0014495502740639425,0.040954333128752324,19,0.0014495502740639425,14,0.0012719168576667966,1,-0.03825566447928885,-0.032622834024648384,,0.0,0.001413335076823609,,0.023104310527773127,0.02688294377487423,0.0694243071360187,0.042541363361144474,0.05406901010184782,0.018968084144720114,0.023580982661257258,0.05800692680017237,0.034425944138915116,0.04756766190241307,0.021897209005308595,0.5646817098464942|-0.5700014339357786|0.5605801795531279,0.5117109836256306|-1.00688373056904|0.15673095211988539,0.1869899163218054|-0.7156052219244201|0.14458729130374592
154,,place,8,0.00033546262790251185,2,2,0,0,2,0,2,,0.15190881583839655,0.002606435213238001,0.13416220783255994,0.015107708051800728,,0.13416220783255994,0.8388011695265316,0.8388011695265316,,,1.0,1.0,0,0.0,0.0,False,0.0014498680878881898,0.041720667418712276,20,0.0014498680878881898,14,0.0008384377523439623,2,-0.03848099658442905,-0.033212897383995355,,0.0,0.001408029698552897,,0.02307202402102243,0.027578374618385686,0.06892873717791112,0.041350362559525435,0.051655490880386436,0.018858988583375473,0.023521168087791845,0.05763261323722454,0.03411144514943269,0.04786034180386734,0.021908548586860914,0.5652146944278283|-0.5731943637806788|0.5545350915539126,0.5085661307831567|-1.0069750537181776|0.14592740442710123,0.1856881609674075|-0.7139482717637885|0.13805509338975852
155,,place,7,0.002187491118182885,2,3,1,1,2,1,3,,0.22779644886031747,0.002705289050936699,0.20273311412893236,0.0153427270706743,,0.20273311412893236,0.8302831031603571,0.829840986743594,0.03721878855865353,0.03452003591002621,0.9999999999999999,1.0058545514223352,33,0.11534226633353084,0.013313806911114945,False,0.0014501679385137967,0.04223696978964969,19,0.0021489751312105954,12,0.0009999472136172638,3,-0.03883851165172736,-0.03501436258081014,,0.0,0.0014112686989195312,,0.022905063664107838,0.028482638957139813,0.06531494301903162,0.03683230406189181,0.04820025774814575,0.01797482574393201,0.02312318671560958,0.05762209374456614,0.034498907028956555,0.049104864430049126,0.02169895484667232,0.5641255032501624|-0.5719629628641001|0.551476209315131,0.5033767250411952|-1.0073267356247149|0.14083567562694388,0.18417476959205553|-0.7122620896765532|0.13759552261602984
156,,place,6,0.011108996538242306,2,2,0,0,2,0,2,,0.15265659312717617,0.0026472839526832104,0.1345622600056231,0.015415278961881995,,0.1345622600056231,0.826398649283576,0.826398649283576,,,1.0000000000000002,1.0296468270722086,33,0.5840809956953197,0.0674197052332265,False,0.001449982135203521,0.0426536152149905,20,0.007328516060234547,12,0.0010654631771997436,4,-0.039378634337928986,-0.033988087110294884,,0.0,0.0014012515823958798,,0.022798113355172712,0.029430555194348028,0.0635175683574918,0.03408701316314377,0.0488085011280009,0.017818019824442213,0.022366269712316186,0.059300454918084694,0.03693418520576851,0.052261072852683395,0.021633570998316694,0.5645998532110627|-0.5736715129245603|0.5496857353627563,0.5023559664427509|-1.005712823734411|0.1380253558456194,0.18214960670998565|-0.7101802365574543|0.13762410210385825
157,,place,5,0.04393693362340742,2,2,0,0,2,0,2,,0.15162867703475058,0.0026816099416464567,0.13334000017493963,0.01557165291160345,,0.13334000017493963,0.8243133910826017,0.8243133910826017,,,1.0,1.115613992165196,34,2.3183053282376047,0.2650073718659795,False,0.0014498597834239034,0.04302300160818384,21,0.008619395416428366,12,0.0011146020761379632,4,-0.03880751744319255,-0.0328944033109817,,0.0,0.0013855541249252886,,0.022734346721819763,0.029674758276009964,0.061321518896269675,0.031646760620259715,0.04692153625946357,0.017918318829668246,0.022004248975370743,0.06041591857583295,0.0384116696004622,0.054288905831878904,0.021602280808069314,0.5629710103808422|-0.5756159933803375|0.548645659123958,0.49728067400541737|-1.0086077921205687|0.13801130390529287,0.18135942138063094|-0.7088241931374477|0.13757060861365883
158,,place,4,0.1353352832366127,2,2,0,0,2,0,2,,0.15206388500519097,0.002708768006414175,0.13406296912580729,0.015261819120496511,,0.13406296912580729,0.8425475040046515,0.8425475040046515,,,1.0000000000000002,1.3458214095148935,34,6.93445145594034,0.7926827986320427,False,0.0014496578032066089,0.04340567137802551,21,0.00670149025878225,12,0.0012061871381030959,4,-0.038698844022951207,-0.03205781045978284,,0.0,0.0014031820809081567,,0.02284178984357845,0.028822959556492993,0.06370857226707022,0.034885612710577225,0.05165116187496559,0.017745666261247194,0.023525633929019848,0.060355682082224055,0.0368300481532042,0.054200150830415135,0.021836730953335087,0.5654153973063674|-0.5775208840097054|0.546445903306875,0.5021329440597906|-1.0067659230735275|0.13807087683960034,0.18229392899726038|-0.708822421268055|0.13757384499316175
159,,place,3,0.32465246735834974,2,2,0,0,2,0,2,right_hand|left_hand,0.1520920500624925,0.002667131135240197,0.1340043901000172,0.01538521097972989,,0.1340043901000172,0.8403349475472192,0.8403349475472192,,,1.0000000000000002,1.778180554488056,35,15.868779934658386,1.7974332706176481,True,0.0030365888252959494,0.04378959397595389,20,0.006064336136306719,11,0.0030365888252959494,4,-0.03721616641948344,-0.030805055189283337,,0.0,0.0013881172648378883,,0.02277236945968219,0.028222029035005217,0.062490625155128716,0.0342685961201235,0.049775226057973694,0.017715175621662842,0.02496753139055983,0.061309948577085514,0.036342417186525686,0.053612273317489974,0.02177731122565117,0.5634435186885238|-0.5802871014704855|0.5453350645326388,0.4953603174602861|-1.0133864157189298|0.1380445953294817,0.18188197024729974|-0.7089692354458998|0.13747671115149054
160,,place,2,0.6065306597126334,2,2,0,0,2,0,2,right_hand|left_hand,0.1527690188959241,0.0027444048319011927,0.13460440002381802,0.015386904124170542,,0.13460440002381802,0.8511214612526906,0.8511214612526906,,,1.0,2.328380167328632,36,27.525779204973627,3.09106771458294,True,0.0014472546148505093,0.04368329759980644,21,0.0059366206472082905,13,0.0010081874535526614,3,-0.03447544171721262,-0.030553699421014713,,0.0,0.0014073155515721362,,0.022820217544810215,0.027716878355266827,0.06356734596417793,0.0358504676089111,0.04990947671491677,0.017695377934128117,0.026678162967446153,0.06105188733665371,0.03437372436920756,0.05465128796144748,0.02238355739723411,0.5631150709567075|-0.5816290584584117|0.543704478339076,0.49119701486138123|-1.0190755640614593|0.13798038587102618,0.18201226435526732|-0.7101708083669516|0.13727200939565676
161,,place,1,0.8824969025845955,2,2,0,0,2,0,2,right_hand|left_hand,0.15192999504506588,0.002707189880311489,0.13404517783783376,0.015145754907280207,,0.13404517783783376,0.8545495118184823,0.8545495118184823,,,1.0,2.7908301873992154,36,37.10835011266569,4.167163520441786,True,0.0014492845343600687,0.04366795207300922,20,0.005039517427734258,12,0.0009991705561987474,3,-0.033041103850823816,-0.03054704848094758,,0.0,0.0013435065671953217,,0.022837589932806913,0.027859850731173672,0.06383318864466864,0.03597333791349497,0.0495106365463746,0.01768849239027621,0.028178550168756502,0.06114966346334792,0.03297111329459142,0.05464224126417589,0.021976351263234675,0.5615726017959772|-0.5838228651837885|0.5436518339843541,0.48774078277898214|-1.022664348681262|0.13797852332410687,0.18286603579319086|-0.7090851327420565|0.13627185907505013
162,place,place,0,1.0,2,2,0,0,2,0,2,right_hand|left_hand,0.1505594130139798,0.0027238738257437944,0.13259088108316064,0.015210687182843685,,0.13259088108316064,0.8447117873784604,0.8447117873784604,,,1.0,2.967741935483871,36,40.77419354838709,4.5788274448849045,True,0.0014486884435501758,0.043692434698107685,20,0.0034113582408976384,12,0.0009968443085799639,3,-0.0327060543941009,-0.03272910137692264,,0.0,0.0013930915361606505,,0.022785492866537034,0.029374126293451857,0.06352345413791599,0.03414932784446413,0.04832693484423552,0.01768346839279593,0.029207366910765007,0.05968728396495176,0.03047991705418675,0.05217443662808386,0.022023276732182108,0.5581737947839251|-0.5848550332329812|0.5441162931645925,0.48618440663997653|-1.023984078045475|0.1379917566958201,0.18385868466887473|-0.7096920654903629|0.1343128949661739
163,place,place,1,0.8824969025845955,2,2,0,0,2,0,2,right_hand|left_hand,0.15113338502123952,0.0027368650771677494,0.1334677420090884,0.014895878965035081,,0.1334677420090884,0.8272104058137063,0.8272104058137063,,,1.0000000000000002,2.7745392736699923,37,37.33537234997786,4.1588869621128115,True,0.00145008024705311,0.043676110128436696,20,0.0027335402352362537,12,0.0009994324324389403,3,-0.03327671610315441,-0.0318586092975206,,0.0,0.0013397193797459097,,0.022749506604118112,0.03150428727660695,0.06281300716632494,0.03130871988971799,0.04635428581485756,0.017824443558737746,0.03064899263967678,0.05998934043743525,0.02934034779775847,0.04945672346211331,0.02187928415008275,0.5574996081228412|-0.5853196578963216|0.5437969546874243,0.48497780634549487|-1.0246466084389816|0.13796478206381874,0.18141985411558723|-0.7127268285602558|0.13428632307051785
164,place,place,2,0.6065306597126334,2,5,3,2,2,3,5,right_hand|left_hand,0.35729775694198906,0.002744388999417424,0.3324794927611947,0.015097493072971702,,0.3324794927611947,0.8015773462733375,0.8016074998547086,0.027854297333579497,0.028833075000429774,1.0000000000000002,2.308273513192924,38,27.9271058855836,3.0873763268009644,True,0.001450725834642782,0.0436356350798531,20,0.0033070616425555366,12,0.001000002327364899,3,-0.03421304588760776,-0.031326795558253906,,0.0,0.0013887875518417997,,0.022558602948755786,0.0342397784909616,0.06210435246725584,0.027864573976294237,0.04426048560557866,0.017882128949669063,0.03187776298455548,0.060751385954769865,0.028873622970214383,0.046266490745539575,0.021373596787964865,0.55698138562456|-0.5866444085809431|0.5438391091080158,0.4849370456626967|-1.024065162044199|0.13785019227657624,0.18034893811317845|-0.7134284041681079|0.13430984189718004
165,place,release,2,0.6065306597126334,2,2,0,0,2,0,2,right_hand|left_hand,0.15012148208916187,0.002733956091105938,0.1324234490748495,0.01493066712282598,,0.1324234490748495,0.7749561133709106,0.7749561133709106,,,0.9999999999999999,2.2983498490622996,39,28.099386137321822,3.0844571971356034,True,0.0022634374586388006,0.04323548425836932,21,0.0036989498235192875,12,0.0022634374586388006,4,-0.03555796192374494,-0.031118031401595303,,0.0,0.0013518350396956441,,0.02241360478889691,0.03852701768521481,0.06003625368506181,0.021509235999847,0.03927428482948535,0.01822068278503716,0.03195709422104406,0.0612519097104247,0.029294815489380635,0.04211001880957432,0.020590773138214648,0.5531790310136642|-0.5856436388449082|0.5453005040581318,0.48265424248108846|-1.0231576569262009|0.1376339740199745,0.18045735743444732|-0.712466300545348|0.1341318292304019
166,place,release,1,0.8824969025845955,2,2,0,0,2,0,2,right_hand|left_hand,0.15347889880649745,0.0027506269980221987,0.1351787040475756,0.015512393787503242,,0.1351787040475756,0.7549083125101764,0.7549083125101764,,,1.0000000000000002,2.726788032343995,40,37.86312629059922,4.128769573438973,True,0.0014505306357879347,0.043116696122126985,20,0.0033454913191396374,12,0.0011327905018747864,3,-0.03667503031395647,-0.031015959255807246,,0.0,0.001116221226051927,,0.02249809087769158,0.044143587607936095,0.060824295114933695,0.0166807075069976,0.035861186924723905,0.018246310018399072,0.032630351534713914,0.06086250213939642,0.028232150604682503,0.03627845220431928,0.020633378667489138,0.5553599308273253|-0.5879481398296945|0.5462428492377841,0.4862413847017779|-1.0210836292258576|0.13765214009976767,0.1787672721005578|-0.7155983039077402|0.13410202792110523
167,place|release,release,0,1.0,2,2,0,0,2,0,2,right_hand|left_hand,0.15170255186967552,0.002939302008599043,0.1337068339344114,0.015025035012513399,,0.1337068339344114,0.7292562417809946,0.7292562417809946,,,1.0,2.875,41,41.625,4.511054131242497,True,0.0014507189905892115,0.04306995388075127,20,0.0032885224614347397,12,0.0009996994068315335,3,-0.03902388726955408,-0.03095337455554592,,0.0,0.0010227956987045115,,0.022539049604883492,0.05102108597820686,0.059462574266330365,0.008441488288123508,0.026905876111302664,0.017913909262070305,0.03403831060581309,0.06094967610063094,0.026911365494817853,0.03148733839923739,0.020781790061921098,0.5545600898598331|-0.5878630258083972|0.5475382015022897,0.4865021446101118|-1.0188292047894678|0.1375875416941349,0.1787956009358493|-0.7152342372388011|0.13407677504770646
168,release,release,1,0.8824969025845955,2,2,0,0,2,0,2,right_hand|left_hand,0.1512897601351142,0.0027850258629769087,0.13341535488143563,0.015052391914650798,,0.13341535488143563,0.7170685533106128,0.7170685533106128,,,1.0,2.6806526282509533,43,38.16998989262567,4.091227434978744,True,0.001448802289745428,0.04276623801936788,18,0.00327682267585247,12,0.0009878290163945758,2,-0.03897678235994739,-0.029308470067451964,,0.0,0.0014128606635217687,,0.02247369100364662,0.057945770332680925,0.06119520023679929,0.0032494299041183616,0.021236033345115753,0.01796270491760053,0.03768593914257465,0.06468823370725076,0.027002294564676108,0.028505225141759013,0.0204638976830527,0.5539928627695239|-0.5875185262270798|0.5528176892388418,0.4912707094500376|-1.016270113626039|0.13757676309463032,0.1777687755852098|-0.7144557022870512|0.14382552023086742
169,release,release,2,0.6065306597126334,2,2,0,0,2,0,2,right_hand|left_hand,0.14968825806863606,0.0027434048242866993,0.1321250710170716,0.01478664600290358,,0.1321250710170716,0.7212141289417857,0.7212141289417857,,,1.0000000000000002,2.2499845007681794,44,28.68651298732629,3.0597582106507,True,0.001467622537868897,0.04239065733117611,16,0.0033650770584381373,11,0.0008411090389283532,1,-0.03215499446603687,-0.028334283015299278,,0.0,0.0014067502259044768,,0.02235118268436608,0.06520212713187788,0.06663540311670886,0.0014332759848309784,0.018465146347635086,0.018273455959258687,0.04522794336980984,0.07148266004748904,0.026254716677679202,0.025857903347049394,0.020275451525766888,0.5509887829933948|-0.5868665328614352|0.5615303120230913,0.4983256125673862|-1.0164720089429036|0.14387349516715517,0.17962041332150297|-0.7106512054542092|0.15862748910812047
170,,release,3,0.32465246735834974,2,2,0,0,2,0,2,right_hand|left_hand,0.1470536570996046,0.002666386077180505,0.1294347490184009,0.014918443048372865,,0.1294347490184009,0.7232049250631091,0.7232049250631091,,,1.0,1.734081581717199,45,17.01283665736482,1.8065098415291179,True,0.0014681816807333506,0.04182507115019943,14,0.0033603405169984057,10,0.0,0,-0.020754143845168826,-0.030167593044053476,,0.0,0.0014136336399207625,,0.02215273628105559,0.07218582435300443,0.07666101245423708,0.004475188101232652,0.019112865061421548,0.01832593007846446,0.049393140583701305,0.06861874418796242,0.019225603604261114,0.022468680795337998,0.02011690195820023,0.5484809328726156|-0.5854608875426645|0.5713434229892458,0.508461840838181|-1.0172511992801647|0.15599918046460642,0.1856824174190298|-0.702291751743195|0.1748338325581692
171,,release,4,0.1353352832366127,2,2,0,0,2,0,2,,0.14106245595030487,0.002694305032491684,0.12421559216454625,0.014124342938885093,,0.12421559216454625,0.7293029365880843,0.7293029365880843,,,0.9999999999999999,1.3293494469922107,45,7.632895967454615,0.810499857388891,False,0.0014031871628259786,0.04077915001635782,13,0.0033176622921406163,9,0.0,0,-0.00520682666107497,-0.026274417777386816,,0.0,0.0014144398230289388,,0.0219704309553587,0.0817515852275083,0.09340447279758743,0.011652887570079123,0.022131613093032833,0.018921630718124853,0.05656154740956927,0.07480006005688326,0.018238512647313992,0.023889029616369434,0.019694215384167255,0.5459856465466856|-0.585637431622148|0.5841624082188246,0.5230531356240106|-1.0161854326319568|0.1748083132656434,0.18782551045353277|-0.6931784738557452|0.19393962656435673
172,,release,5,0.04393693362340742,2,2,0,0,2,0,2,,0.13711221190169454,0.0027540831360965967,0.12061488698236644,0.013712388928979635,,0.12061488698236644,0.7265931622401685,0.7265931622401685,,,1.0,1.109762989513574,48,2.6103362147801494,0.2741218869337599,False,0.0014172403791057504,0.039946529017424764,13,0.0032773474505289335,9,0.0,0,0.012263605290543822,-0.011798096088416088,,0.0,0.001351589966498156,,0.021877414587455766,0.08741630480404104,0.09597539488991988,0.008559090085878837,0.02394878220053093,0.018926744097765718,0.06847629255171706,0.09041378815312505,0.021937495601407994,0.02643415626090809,0.020451923026905603,0.545752152954757|-0.5848258817563224|0.5961896016986825,0.5383960213921849|-1.0134746353269108|0.19376943957619558,0.1870298330953149|-0.680106537280971|0.21357032912385743
173,,release,6,0.011108996538242306,2,2,0,0,2,0,2,,0.1306586170103401,0.00269516184926033,0.11475558020174503,0.013178413966670632,,0.11475558020174503,0.7188382142611849,0.7188382142611849,,,0.9999999999999997,1.0281623262270227,48,0.6697443315696051,0.07033254141498103,False,0.0014358219639148372,0.03930381581203887,13,0.003212840348059298,9,0.0,0,0.02796203529772079,0.001848152785175472,,0.0,0.00141333253595972,,0.021787653184741653,0.08849723896939748,0.10095734024970485,0.012460101280307362,0.024140792746955585,0.019276467890022093,0.07654651471494775,0.0980308637917529,0.021484349076805145,0.02760006388616182,0.020198317781277432,0.546571248875656|-0.5859065490006591|0.6080121356454603,0.5537475616460099|-1.0086211821688171|0.21147366452888042,0.18825389020180158|-0.6677703330373039|0.23164591363186082
174,,release,7,0.002187491118182885,2,2,0,0,2,0,2,,0.12569657992571592,0.002767502097412944,0.11009338521398604,0.012806945946067572,,0.11009338521398604,0.7020328070600645,0.7020328070600645,,,0.9999999999999999,1.0055678396386105,48,0.13241196792437093,0.01390511241215617,False,0.0014060042195102596,0.03854991016391815,13,0.0032808881487431663,9,0.0,0,0.04494135208350336,0.017675063927649504,,0.0,0.0014129914423401996,,0.021616166368256466,0.09535643335873249,0.10410458684097142,0.008748153482238924,0.024298960477117423,0.019154856149541884,0.08196116553129464,0.09947040198366407,0.01750923645236943,0.0280697509633746,0.020174413455781432,0.5473556383484507|-0.5833551461767394|0.6190390162386551,0.5698104024578131|-1.002550226318764|0.23203419432615627,0.19031386493484484|-0.6556128548889619|0.25114533100815917
175,,release,8,0.00033546262790251185,2,2,0,0,2,0,2,,0.12081780191510916,0.0026655239053070545,0.1055712210945785,0.012552378932014108,,0.1055712210945785,0.7077129674394333,0.7077129674394333,,,1.0,1.0,0,0.0,0.0,False,0.001465235114826352,0.03781409122634369,14,0.0032480913721732174,9,0.0,0,0.0458851983299855,0.018112929155748247,,0.0,0.0014118437227768465,,0.0216647619218559,0.10933019893862801,0.11393467633563487,0.004604477397006854,0.02477200846432832,0.01925991795053708,0.09345158665985749,0.10471990291317493,0.011268316253317437,0.026534349376575662,0.020396225898252872,0.5500768773811149|-0.5828181842182979|0.630561947681776,0.586969337959316|-0.9949637283491031|0.2554680882178482,0.19359087570947217|-0.6443034712549711|0.27109980615842466
176,,release,9,4.006529739295107e-05,2,3,1,1,2,1,3,,0.19785962905734777,0.002671449910849333,0.17702699126675725,0.012447721092030406,,0.17702699126675725,0.7044423597114079,0.7043684907351178,0.011270688797424808,0.005934271179374465,1.0,1.0,0,0.0,0.0,False,0.0014697437430644805,0.037045387951439496,12,0.0032414610302861635,7,0.0,0,0.048832511085848296,0.01754213910455249,,0.0,0.0014143841946715537,,0.02164096925610538,0.11992225228588647,0.13124244216111497,0.011320189875228495,0.025978253478626607,0.019372122430408638,0.10911909928107438,0.11516186419991992,0.0060427649188455335,0.025068117801333344,0.020368872001175996,0.5493497111320501|-0.5861690236719738|0.6442579929698563,0.6074318210893291|-0.9816349003001643|0.28247213075909416,0.1971787571047554|-0.6330363985716272|0.29456968011976037
177,,release,10,3.726653172078671e-06,2,2,0,0,2,0,2,,0.1169321381021291,0.0026598270051181316,0.10182174597866833,0.01242084801197052,,0.10182174597866833,0.6990104853336134,0.6990104853336134,,,1.0,1.0,0,0.0,0.0,False,0.0014552490910284856,0.03607104763041674,12,0.003209678411143918,7,0.0,0,0.055888201932353,0.023141030969526355,,0.0,0.0014035762194659343,,0.021490461300814705,0.12856650670278466,0.13082767998906605,0.0022611732862813927,0.02658582062090047,0.019429697408176447,0.11736156216501047,0.1276011659260545,0.010239603761044033,0.025383840407849603,0.01912878403466605,0.5495185120510048|-0.592746051327115|0.6605058064695989,0.6257805921332105|-0.9688261456523976|0.3115909206914721,0.20608502490403652|-0.6176900871598001|0.3257589257986547
178,,release,11,2.699578503363014e-07,2,2,0,0,2,0,2,,0.11810651002451777,0.0037659669760614634,0.10200907802209258,0.012302598915994167,,0.10200907802209258,0.6781491668041161,0.6781491668041161,,,1.0,1.0,0,0.0,0.0,False,0.0014277390695387852,0.0352623773525014,12,0.0032372118068071387,7,0.0,0,0.06792292780969866,0.033295494255581204,,0.0,0.0014153533047384225,,0.021293512924126005,0.1450407403415181,0.13626373234609865,0.008777007995419445,0.0269468235339519,0.01932813893709982,0.12793315693065788,0.14114791714213132,0.013214760211473442,0.026321217209570515,0.019110213858372086,0.5441134278304857|-0.5981286940884848|0.6738641447190512,0.6424882640833816|-0.9572983639929563|0.34251773812139774,0.21188972933440875|-0.6050662346471465|0.35139847982531824
179,,release,12,1.522997974471263e-08,2,2,0,0,2,0,2,,0.10652676387690008,0.0027013791259378195,0.09148858999833465,0.012307903030887246,,0.09148858999833465,0.6630244068642381,0.6630244068642381,,,1.0,1.0,0,0.0,0.0,False,0.001410995407072381,0.03445406239851645,13,0.0032177457428858303,8,0.0,0,0.08448357287928232,0.04349957820579142,,0.0,0.001412276361627437,,0.021162732922526357,0.16799531309944574,0.15003007893602327,0.017965234163422467,0.027443786233124125,0.019270410398668156,0.1430239994661397,0.1511590696144408,0.008135070148301116,0.02624295497809816,0.01915515378342854,0.5399045550833669|-0.5984789208358267|0.6850456741365178,0.6577555824743794|-0.943572196432819|0.3779402162551614,0.21867944331309552|-0.5937363716769472|0.37800873834880977
180,,release,13,6.691586091292782e-10,2,2,0,0,2,0,2,,0.10173983313143253,0.0026682501193135977,0.08682133094407618,0.012219782918691635,,0.08682133094407618,0.6677962305506173,0.6677962305506173,,,1.0,1.0,0,0.0,0.0,False,0.0014211371375959063,0.03335953470888947,13,0.0032865042744878725,8,0.0,0,0.10449594337087831,0.05509197912885888,,0.0,0.001381728998650198,,0.021215051659395946,0.19553606696033513,0.17132378488317057,0.024212282077164554,0.027664502784220953,0.01947818452804317,0.1612148843364886,0.1600454091716241,0.0011694751648644863,0.024987890522313618,0.019228208789436582,0.5357075063886251|-0.6017625951812174|0.6962130910835138,0.671908208169263|-0.9300956698285134|0.4123281394591351,0.2279939264040696|-0.5843482669263584|0.4072530950990474
181,,release,14,2.289734845645553e-11,2,2,0,0,2,0,2,,0.10015118797309697,0.00272947596386075,0.08546133106574416,0.011931879911571741,,0.08546133106574416,0.6698942982724388,0.6698942982724388,,,1.0,1.0,0,0.0,0.0,False,0.0014212870412804376,0.032132323709145455,15,0.0033173785393516286,9,0.0,0,0.1258368675533177,0.06965446390523233,,0.0,0.0014108099672097928,,0.021246430711975076,0.2254965775237558,0.19691920563995732,0.02857737188379847,0.027417735102834323,0.01962591704719269,0.18111092103285248,0.17512324242877733,0.005987678604075147,0.025583173366536094,0.01930181369951218,0.5346457961739841|-0.605310008032151|0.7066501178787425,0.6849592025128981|-0.9160050129907849|0.44601389133580627,0.2324870816224273|-0.576785598037916|0.4360334513398211
182,,release,15,6.101936677605324e-13,2,2,0,0,2,0,2,,0.09906959999352694,0.002723391866311431,0.08432398596778512,0.011993088060989976,,0.08432398596778512,0.6840741633928994,0.6840741633928994,,,1.0,1.0,0,0.0,0.0,False,0.00142034805259212,0.03081762618064196,15,0.003268673999005517,9,0.0,0,0.1454528763060008,0.08185450922786153,,0.0,0.0013760119942858413,,0.021491747176387157,0.2560121685361162,0.22294729632994895,0.033064872206167245,0.028344861126308917,0.01974668482882651,0.2015446298344794,0.18847671797711055,0.013067911857368858,0.024491147246024796,0.01975514757098131,0.5324454419566217|-0.6105540625362529|0.7173500901237923,0.6950213218302348|-0.9041864030752571|0.47773281727463807,0.24181436115762564|-0.5748107535970486|0.46587112047235335
183,,release,16,1.2664165549094176e-14,2,2,0,0,2,0,2,,0.09934714413248003,0.002696481067687273,0.0844334508292377,0.012186841107904911,,0.0844334508292377,0.6921988480743319,0.6921988480743319,,,1.0,1.0,0,0.0,0.0,False,0.0014065812038685857,0.029706919142405336,11,0.003248747666651869,7,0.0,0,0.16672141212615088,0.09589462417825168,,0.0,0.0014148739156492828,,0.02159747786747612,0.2856512034311202,0.25015658861590284,0.035494614815217373,0.028615637767819037,0.020092315652064725,0.22180153031505706,0.2045201262158086,0.01728140409924847,0.02368739158235559,0.019889023318799583,0.5293981668147097|-0.6122753770381206|0.7268417348388462,0.7042181645156449|-0.8911392197186239|0.5088295680266943,0.24646816528528556|-0.5728304744707243|0.4916710048639531
184,,release,17,2.0469717131642043e-16,2,2,0,0,2,0,2,,0.09828113904222846,0.002680521924048662,0.0836676680482924,0.011902807978913188,,0.0836676680482924,0.7133869015180074,0.7133869015180074,,,1.0,1.0,0,0.0,0.0,False,0.0014475350876150817,0.02964295083518939,11,0.003252260322485906,7,0.0,0,0.18747118219679848,0.11455585288105219,,0.0,0.0014115667364710037,,0.021897864207014985,0.3130544755253803,0.27803579969547376,0.03501867582990653,0.026824196140837146,0.019483769873916132,0.24108689094692043,0.22439525096056306,0.016691639986357365,0.024279575216845255,0.02033448492908784,0.523586238649826|-0.6165933746502744|0.7365067369912812,0.7110977073668716|-0.8772690354513777|0.5405678457388393,0.25242975106467674|-0.569069809632199|0.5190144392407824
185,,release,18,2.576757109154981e-18,2,2,0,0,2,0,2,,0.0961052868515253,0.0026870109140872955,0.08140495489351451,0.011985213030129671,,0.08140495489351451,0.723945278189883,0.723945278189883,,,1.0,1.0,0,0.0,0.0,False,0.0014469514706299952,0.029382334184174824,11,0.003276638306620089,7,0.0,0,0.2002119067958894,0.13393905842481324,,0.0,0.0014205248316177636,,0.022066434111681896,0.33778397384238973,0.2986971344429035,0.039086839399486206,0.02747006315349243,0.019362268353616038,0.2589417099700439,0.24523093149047887,0.013710778479565033,0.026104524638914408,0.020042207151621375,0.5196393516342537|-0.6231938394419542|0.7459639107335865,0.7140062686083408|-0.8642158490606847|0.5642910812085595,0.25598296937270887|-0.5686906236492613|0.5472161227730346
186,,release,19,2.5261637809256925e-20,2,2,0,0,2,0,2,,0.0925167971290648,0.0026983479037880898,0.07791667501442134,0.011873481096699834,,0.07791667501442134,0.6700490909237251,0.6700490909237251,,,1.0,1.0,0,0.0,0.0,False,0.0013996628272787762,0.02899520883275372,11,0.0032708946587824417,7,0.0,0,0.21521008096657113,0.14920621841130277,,0.0,0.0014198107849026568,,0.02144120382735451,0.359344136490238,0.32220416267502977,0.03713997381520823,0.02507545343072545,0.01935226221235071,0.27530081417143243,0.2629676239715144,0.01233319019991802,0.027420390588726633,0.019970790353923976,0.5255035238181897|-0.6403819196801236|0.7557959414762179,0.7141234460761384|-0.8570822409584493|0.5929532262262499,0.2630016655765385|-0.5704107304558899|0.5721653312694658
187,,release,20,1.9287498479639178e-22,2,2,0,0,2,0,2,,0.08929179096594453,0.0026801670901477337,0.07474060892127454,0.011841932078823447,,0.07474060892127454,0.6643132979590445,0.6643132979590445,,,1.0,1.0,0,0.0,0.0,False,0.0014371618931773716,0.028809897098829584,11,0.003246855073097632,7,0.0,0,0.22111585420637248,0.15885285453819442,,0.0,0.0014187226800198734,,0.021436456637886996,0.3770095537397474,0.3367895985619565,0.04021995517779092,0.0184561520867588,0.020565803895376565,0.2895092066965269,0.27761019931715614,0.011899007379370774,0.026553745865119525,0.019346734042223958,0.5233524341466024|-0.6535535695167061|0.7643570254157566,0.7068373380368759|-0.8463575063237164|0.6142406754801331,0.2640946054067757|-0.5795433755873655|0.5948718441167341
188,,release,21,1.146876582225596e-24,2,2,0,0,2,0,2,,0.08847332303412259,0.0026844111271202564,0.07353371009230614,0.01222503394819796,,0.07353371009230614,0.6394387368758494,0.6394387368758494,,,1.0,1.0,0,0.0,0.0,False,0.0014110247960786443,0.028365807433814644,11,0.0032757478639100224,7,0.0,0,0.24596032865964723,0.16598281648301416,,0.0,0.0014387189153068393,,0.021055633981691853,0.39003915902423797,0.36321528637145467,0.026823872652783298,0.013778353215005925,0.03352056519245306,0.30052213316320486,0.28808705857869366,0.012435074584511208,0.02386935784821542,0.01949181876854321,0.518823857734685|-0.6676207670174836|0.7705853828669433,0.7086919374868994|-0.8252435459263642|0.6408653907349293,0.2678551906346802|-0.5884414103206912|0.6118370421179966
189,,release,22,5.311092249679095e-27,2,2,0,0,2,0,2,,0.090922384057194,0.002657124074175954,0.0764714339748025,0.011765485862269998,,0.0764714339748025,0.62746270545199,0.62746270545199,,,1.0,1.0,0,0.0,0.0,False,0.0013565701744231613,0.027928178794333458,11,0.0032510369856921795,7,0.0,0,0.25023522246289787,0.16951227120427959,,0.0,0.0014439160500557876,,0.020975017447432832,0.3983120323993477,0.3718337888807268,0.02647824351862088,0.013475661291639704,0.03137629631829864,0.3083592293239548,0.2967393440792703,0.011619885244684547,0.020904339673813107,0.018822129789970977,0.5205574635024663|-0.6881786467624004|0.772332251486084,0.7088468272870114|-0.8254512233628288|0.6508945405448909,0.2751984812951258|-0.6053566875108125|0.6295077054823542
190,,release,23,1.915478951967148e-29,2,3,1,1,2,1,3,,0.1350168560165912,0.00272925291210413,0.11527944193221629,0.011688507860526443,,0.11527944193221629,0.5964473834012926,0.5966473681001425,0.024070717181652324,0.008496264915949403,1.0,1.0,0,0.0,0.0,False,0.00143548246439619,0.02745101314683579,11,0.00328116008836285,7,0.0,0,0.2538343951547066,0.17238394979367833,,0.0,0.0010030568797930234,,0.02060870844402039,0.40278409391672254,0.3786527434572786,0.024131350459443923,0.012589783041354491,0.03018346083391197,0.31361655247816944,0.305108094508878,0.00850845796929145,0.02079706590354933,0.01844937963213758,0.5231779755263503|-0.7064477980525704|0.7726028374674004,0.7072231008934322|-0.825089724696766|0.6596081253883831,0.27759817004688153|-0.6150511485865938|0.6420470011192311
191,,release,24,5.380186160021138e-32,2,2,0,0,2,0,2,,0.11340307001955807,0.0026477230712771416,0.09875609097070992,0.011969804996624589,,0.09875609097070992,0.5782555655374584,0.5782555655374584,,,1.0,1.0,0,0.0,0.0,False,0.0014294746277024734,0.027086618771158616,11,0.003271797423049755,7,0.0,0,0.2589801977898052,0.16952087801958804,,0.0,0.0012762243717798468,,0.020432377804206828,0.4038420920325744,0.3857803311602877,0.01806176087228667,0.015275476052243463,,0.3166459060158779,0.308058215749792,0.008587690266085912,0.01860545908962605,0.018099791723530906,0.526352940125904|-0.7211227974971479|0.7727871038935772,0.7079652623715768|-0.823939313211332|0.6672138302877862,0.2841599171703141|-0.6261703047321406|0.6492336035805495
192,,release,25,1.1769109439216723e-34,2,2,0,0,2,0,2,,0.0903417719528079,0.0026569499168545008,0.0759078860282898,0.011745834955945611,,0.0759078860282898,0.5790830697174848,0.5790830697174848,,,1.0,1.0,0,0.0,0.0,False,0.001431808963401688,0.028044058914200864,11,0.0032728570565166704,7,0.0,0,0.2558881689187267,0.1628385836524071,,0.0,0.0013754491336555605,,0.020575379644863116,0.40227656445836085,0.3847087981460798,0.017567766312281075,0.01744407221997423,,0.3184100408027123,0.30865671512256865,0.009753325680143643,0.014810927523165257,0.018884237455319555,0.5323134309371329|-0.7377843949428168|0.7711276823848197,0.7084006221957376|-0.8358158933376963|0.667656546058591,0.2923642596924936|-0.6405129864352991|0.6541440493172628
193,,release,26,2.005008781961654e-37,2,2,0,0,2,0,2,,0.091227020137012,0.002638051984831691,0.0768186068162322,0.011740075889974833,,0.0768186068162322,0.5726986232130521,0.5726986232130521,,,1.0,1.0,0,0.0,0.0,False,0.0014031551466877588,0.028767590864895803,11,0.0032953839276314845,7,0.0,0,0.24764666980936134,0.15901115528959942,,0.0,0.0014146310224447622,,0.020489068671838483,0.39822651118405494,0.37904754283050895,0.01917896835354599,0.017842376650070588,0.02122014816638944,0.3193566613925735,0.3108945636210237,0.008462097771549826,0.014951641148136201,0.019888726526382943,0.5360457801140012|-0.7569684512595148|0.7695162503707283,0.7078427490739779|-0.8618092463709303|0.6641887313671268,0.29710591594694824|-0.6559692720701082|0.6597050154081451
194,,release,27,2.6602064159439866e-40,2,2,0,0,2,0,2,,0.09664595406502485,0.0027096010744571686,0.08172772591933608,0.012179733021184802,,0.08172772591933608,0.5678452235387268,0.5678452235387268,,,1.0,1.0,0,0.0,0.0,False,0.001403022417726111,0.02904190870126075,13,0.0033404760773517728,8,0.0,0,0.23955647633683874,0.15458851288980036,,0.0,0.0012561151545880179,,0.020387863089089176,0.3923473930866343,0.3740390291188145,0.01830836396781982,0.019064786615139766,0.021779100639336645,0.31994222454913385,0.3123098365568569,0.0076323879922769455,0.01384597977123613,0.020118952787601087,0.5417683263259392|-0.7744405772378103|0.7683273068886393,0.7054937073824815|-0.8857022517648765|0.6605438305186211,0.3035483505753022|-0.6729864442220593|0.6637957724834765
195,,release,28,2.7487850079102147e-43,2,2,0,0,2,0,2,,0.09941384405829012,0.00262376107275486,0.08416847512125969,0.012592911953106523,,0.08416847512125969,0.5657805363623398,0.5657805363623398,,,1.0,1.0,0,0.0,0.0,False,0.0019130810952419017,0.029219520962266127,13,0.003311939486839499,6,0.0,0,0.23607552472406113,0.1542207668982769,,0.0,0.0014273394059321038,,0.020282646567416643,0.3863443280470266,0.372775773261537,0.013568554785489628,0.02043413026138698,0.021438761730918934,0.3212678924959147,0.3161397417851059,0.005128150710808799,0.011332087413845029,0.01933470106996123,0.5518426324350055|-0.7911634703615364|0.7688739909290955,0.7075077988710534|-0.9121441334717422|0.6567412402683044,0.31901909752928814|-0.6916949091702613|0.6693402259367403
