frame_idx,active_event,nearest_trigger,distance_to_trigger,semantic_score,base_budget,final_budget_after_rescue,configured_semantic_refine_iterations,minimum_semantic_refine_iterations,base_sqp_iterations,semantic_refine_iterations,actual_sqp_iterations,semantic_body_parts,frame_wall_time,mesh_time,optimization_time,collision_check_time,jacobian_time,solver_time,coarse_total_cost,final_total_cost,coarse_left_hand_object_error,coarse_right_hand_object_error,semantic_vertex_weight_mean,semantic_vertex_weight_max,semantic_boosted_vertex_count,semantic_weight_l1,semantic_weight_l2,is_critical_interaction_neighborhood,penetration_depth,raw_penetration_depth,raw_penetration_pair_count,expected_contact_penetration_depth,expected_contact_penetration_pair_count,illegal_penetration_depth,illegal_penetration_pair_count,left_hand_box_signed_distance,right_hand_box_signed_distance,self_collision_violation,joint_limit_violation,foot_sticking_error,velocity_limit_violation,final_laplacian_error,left_hand_demo_object_distance,left_hand_robot_object_distance,left_hand_object_error,left_hand_local_laplacian_error,left_hand_object_neighbor_laplacian_error,right_hand_demo_object_distance,right_hand_robot_object_distance,right_hand_object_error,right_hand_local_laplacian_error,right_hand_object_neighbor_laplacian_error,pelvis_robot_position,left_hand_robot_position,right_hand_robot_position
0,,contact,30,1.3863432936411706e-49,50,50,0,0,50,0,50,,1.7969233088660985,0.002598694059997797,1.7827957808040082,0.011500236112624407,,1.7827957808040082,1.1843197111200612,1.1843197111200612,,,1.0,1.0,0,0.0,0.0,False,0.0014683117942896062,0.028121296152426145,17,0.0031038711506328753,13,0.0,0,0.08330191633362816,0.14348423131428412,,0.0,0.0,,0.02216287178401527,0.222575568590948,0.261747590605622,0.03917202201467404,0.0673238599442344,0.018941533531892946,0.2745051197479645,0.29032930133646623,0.01582418158850174,0.05567150598183199,0.017795206513540027,0.6347837536785604|0.8022254605390892|0.7704831134259317,0.8535500641405531|0.6324761172535904|0.5958030154155177,0.39922125349784665|0.6539254724494161|0.6124329095519923
1,,contact,29,2.2120380336009962e-46,2,2,0,0,2,0,2,,0.09305880591273308,0.0026228560600429773,0.07912271190434694,0.01128377579152584,,0.07912271190434694,0.7522796835342794,0.7522796835342794,,,1.0,1.0,0,0.0,0.0,False,0.0008618065140983122,0.02986117164111296,14,0.0031473427068362536,10,0.0,0,0.05648909465402596,0.1167468985500193,,0.0,0.001602318679462273,,0.021507266009788615,0.19466303616604216,0.23410059979236628,0.03943756362632411,0.06194177950250897,0.017485154122083155,0.24702061277048,0.2616260927172897,0.01460547994680969,0.050360143801756664,0.01662527632596058,0.634966888976732|0.8105347363590003|0.7586585046929529,0.8672929556770137|0.6428567156554494|0.5585341868628808,0.38948802865318943|0.651589451840023|0.5742381828494985
2,,contact,28,2.7487850079102147e-43,2,2,0,0,2,0,2,,0.09798804996535182,0.0026690138038247824,0.08351349015720189,0.011777087114751339,,0.08351349015720189,0.709602344328849,0.709602344328849,,,1.0,1.0,0,0.0,0.0,False,0.0007487152207827988,0.031437388656473386,13,0.0031186797000378186,9,0.0,0,0.02860719478903917,0.0839065590072785,,0.0,0.0014978421665217195,,0.021087189445256328,0.16702964198679293,0.202932966071004,0.03590332408421107,0.057363093150882165,0.017921863145598006,0.218889967517298,0.2265190818468393,0.007629114329541303,0.04472889725629413,0.016585712127882048,0.6289277224485098|0.8226474256496064|0.7420897088742396,0.8722882118988076|0.6521594976035633|0.5165103220982952,0.3871825105964536|0.6413949335485624|0.5310731163130751
3,,contact,27,2.6602064159439866e-40,2,2,0,0,2,0,2,,0.10163127304986119,0.002650352893397212,0.08703911094926298,0.011911944020539522,,0.08703911094926298,0.6998206170528202,0.6998206170528202,,,1.0,1.0,0,0.0,0.0,False,0.0007018770111012138,0.0328528541989456,12,0.003141146459411881,8,0.0,0,0.004958148041380284,0.05140771081711115,,0.0,0.0015619835780543287,,0.021011448692806432,0.14084248028933713,0.16683538439888795,0.025992904109550824,0.05219048139124675,0.018696247419196513,0.19075423092319974,0.19196754400807706,0.001213313084877321,0.03489736616887677,0.01697826045487717,0.6210297949400098|0.837664692260075|0.7208131733401721,0.8783624223808002|0.6549530795325477|0.47193090582124697,0.38664312361107217|0.6272751502309634|0.48529909523863407
4,,contact,26,2.005008781961654e-37,2,3,1,1,2,1,3,,0.17838335107080638,0.002640774007886648,0.1576881839428097,0.01227707089856267,,0.1576881839428097,0.7085496583745072,0.7032016438672644,0.02082311384082769,0.0004981471721816066,1.0,1.0,0,0.0,0.0,False,0.0012694383963603867,0.03489614592539039,14,0.0031371618314882943,9,0.0,0,-0.010379182425822364,0.02253388710273363,,0.0,0.0013628922947806325,,0.021073295028043185,0.11775434054355444,0.13611698494651162,0.01836264440295718,0.04331691193413518,0.018760258155262867,0.16346603677236926,0.1623347416891005,0.0011312950832687574,0.02841147456016433,0.01813443337318688,0.6107063295918592|0.8589461220827304|0.6875904671265892,0.8853318656843755|0.6544819814203429|0.4265385986882081,0.3851503956435597|0.616527212329446|0.434257804800522
5,,contact,25,1.1769109439216723e-34,2,2,0,0,2,0,2,,0.10819085710681975,0.002666054992005229,0.09270660183392465,0.012785744853317738,,0.09270660183392465,0.666593996406651,0.666593996406651,,,1.0,1.0,0,0.0,0.0,False,0.0032414553665985057,0.03610319135299525,16,0.0031110539474660526,11,0.0032414553665985057,1,-0.01764506205998906,0.008368167095479606,,0.0,0.0014618058391639786,,0.02097861495787435,0.09956860049399487,0.11870256535806652,0.01913396486407165,0.04051345949406417,0.01886691060896259,0.13873854643006756,0.14881787668505925,0.010079330254991692,0.02949480573348374,0.01821389989145386,0.6081014228712279|0.8700947708275524|0.6629112944422935,0.8910021586556969|0.6509656471935206|0.3904695041219049,0.3840769003995416|0.6001458622648383|0.39504155161004695
6,,contact,24,5.380186160021138e-32,2,2,0,0,2,0,2,,0.11107378592714667,0.0026252211537212133,0.09577630297280848,0.012644779169932008,,0.09577630297280848,0.6961893742526153,0.6961893742526153,,,1.0,1.0,0,0.0,0.0,False,0.004283768000747243,0.03564397501338573,15,0.0031355946968038007,10,0.004283768000747243,1,-0.017111924684563462,-0.004032150676646751,,0.0,0.001514230758820478,,0.021285143257747205,0.08879512663570269,0.09947343480891126,0.01067830817320857,0.04135524132420554,0.019645949278983537,0.11883766528894972,0.13699034205775829,0.018152676768808565,0.030320188627397642,0.018544203593213696,0.607150067379934|0.884019634605096|0.6426987074401616,0.895828440901213|0.6485084203265806|0.3532063134490332,0.3894191773200126|0.5861569244510048|0.3631967325258796
7,,contact,23,1.915478951967148e-29,2,2,0,0,2,0,2,,0.11614809394814074,0.0026329001411795616,0.10075914789922535,0.012728007975965738,,0.10075914789922535,0.706525096143068,0.706525096143068,,,1.0,1.0,0,0.0,0.0,False,0.0021735815034305828,0.03558671501339147,13,0.0031557274893412313,8,0.0021735815034305828,1,-0.019984845612885493,-0.011085340001791621,,0.0,0.001376526955223055,,0.02147484451977181,0.08391605980249676,0.08646613584724248,0.0025500760447457194,0.03750646486357255,0.019525840855142588,0.10638536290407621,0.11979087765496675,0.013405514750890538,0.03025632707199159,0.018728558476353536,0.6061092452166015|0.8901124231240773|0.6259705207090748,0.8974811468511297|0.6392357245716073|0.3188501858922121,0.3969631729798409|0.5730473325240326|0.33073186576188596
8,,contact,22,5.311092249679095e-27,2,2,0,0,2,0,2,,0.11784616019576788,0.0026044740807265043,0.10221936600282788,0.012994165066629648,,0.10221936600282788,0.7044549068491092,0.7044549068491092,,,1.0,1.0,0,0.0,0.0,False,0.002317233269098787,0.036099594672498014,12,0.002967420815621097,7,0.002317233269098787,1,-0.015909952469304045,-0.008531082696530135,,0.0,0.0013028982991300313,,0.021399993690929063,0.08027341396293271,0.08605932639675609,0.005785912433823384,0.03737324145230724,0.019277009945043985,0.09965398132270455,0.11165367126116892,0.01199968993846437,0.030861516132762574,0.019147738636540363,0.6035847155303137|0.8955550034711897|0.610526727932415,0.8988734047469984|0.6329100204735235|0.2917055277846409,0.40233545450792285|0.5626803708981204|0.2967406936192669
9,,contact,21,1.146876582225596e-24,2,2,0,0,2,0,2,,0.12009829306043684,0.002635805169120431,0.10416546813212335,0.013261927058920264,,0.10416546813212335,0.7019979441868727,0.7019979441868727,,,1.0,1.0,0,0.0,0.0,False,0.0015383314668591247,0.03686195080534402,11,0.003008943902417044,6,0.0015383314668591247,1,-0.005609522357415742,-0.001529941572195881,,0.0,0.0013318150437718842,,0.021400526642613108,0.078574444051005,0.09616598372806258,0.01759153967705758,0.03752260344053339,0.018936257819353604,0.08475699918663318,0.10265673570869403,0.017899736522060852,0.03286722133936012,0.020032368726394616,0.6081832730386159|0.9000087993188707|0.5967412543684971,0.903390763964806|0.6272025612037133|0.2670523483960771,0.407020092852008|0.5560877158581612|0.268013725490925
10,,contact,20,1.9287498479639178e-22,2,2,0,0,2,0,2,,0.1220949140843004,0.002608387963846326,0.10622570686973631,0.013227708172053099,,0.10622570686973631,0.7105471823820672,0.7105471823820672,,,1.0,1.0,0,0.0,0.0,False,0.001218813702549587,0.036728627222775256,9,0.002972382152683306,4,0.001218813702549587,1,0.004929430102057708,0.0004555519219966442,,0.0,0.001313729866036259,,0.02147969519321951,0.0745574537008932,0.08918938545191328,0.01463193175102008,0.03649414519399781,0.018781132322527143,0.07821379770334051,0.10067196536636384,0.022458167663023332,0.03452086342966729,0.01988560207296132,0.6118863225844343|0.9026955407058376|0.5860659952542473,0.9036407981107123|0.6214146654118391|0.24469358563854715,0.4124300998671537|0.5462572673646142|0.244099003060908
11,,contact,19,2.5261637809256925e-20,2,2,0,0,2,0,2,,0.12509098695591092,0.0026710471138358116,0.10918282787315547,0.013205965049564838,,0.10918282787315547,0.7183456100065673,0.7183456100065673,,,1.0,1.0,0,0.0,0.0,False,0.0014631889739404082,0.037100662440346405,9,0.003018469779875105,4,0.0009685246435886252,1,-0.0014814978373252075,-0.014498806691156219,,0.0,0.0013528666252607686,,0.021562954019332385,0.07612232754810105,0.0863974177246112,0.01027509017651014,0.03712522994240389,0.018870185478380642,0.07599210873720244,0.10243452455161628,0.02644241581441384,0.034246735229007175,0.01928822112228044,0.6146960510216127|0.9052885060189282|0.5751891188405323,0.9038000504075907|0.6162631444534896|0.2260413835382923,0.41923716460606647|0.5427831458414041|0.22099690934019633
12,,contact,18,2.576757109154981e-18,2,2,0,0,2,0,2,,0.13016991689801216,0.002656337106600404,0.11423973203636706,0.013244171161204576,,0.11423973203636706,0.715696362633896,0.715696362633896,,,1.0,1.0,0,0.0,0.0,False,0.0014679101985788298,0.03777417655276735,9,0.0030128680476467218,4,0.0008741415451097995,1,-0.011194673923110798,-0.026969419419327068,,0.0,0.0013613268708509783,,0.02150820622548645,0.07950557536863648,0.08668808036192396,0.007182504993287486,0.037166711518270355,0.01898008859389521,0.06475706662099791,0.08659482419487521,0.021837757573877306,0.033182180710942186,0.018708840676349446,0.6144227759841038|0.9063799575972794|0.5628078757522013,0.9024578656318757|0.610589142193877|0.20614261071228812,0.4278800020627996|0.5356027263769156|0.19857942316045885
13,,contact,17,2.0469717131642043e-16,2,2,0,0,2,0,2,,0.133930339012295,0.0026135919615626335,0.11721341288648546,0.014062820933759212,,0.11721341288648546,0.7260144220870316,0.7260144220870316,,,1.0,1.0,0,0.0,0.0,False,0.001981223543914626,0.038048206747724966,9,0.003035093538967387,4,0.001981223543914626,1,-0.019030192362659903,-0.030743291681181617,,0.0,0.00135230518245023,,0.021634396404830343,0.0731831569668558,0.09070245525529265,0.017519298288436846,0.03674838309985384,0.01870516060131677,0.059706961524533954,0.07879441705288284,0.01908745552834889,0.034334774378324745,0.019323951727905384,0.6160608602385105|0.9080493828586417|0.5526584722892146,0.901075050803534|0.6033909625019004|0.18814060031592672,0.43281637474544143|0.5303942708836333|0.17966419477086015
14,,contact,16,1.2664165549094176e-14,2,2,0,0,2,0,2,,0.13739792094565928,0.002609828021377325,0.12079196213744581,0.013966498896479607,,0.12079196213744581,0.7248829099209946,0.7248829099209946,,,1.0,1.0,0,0.0,0.0,False,0.0011754195466562867,0.03870957704335934,10,0.0030380263466471824,4,0.0011754195466562867,1,-0.024569649188736165,-0.03499397626849721,,0.0,0.0013614553049344981,,0.021680933459365097,0.06960966218364845,0.0879569089169829,0.01834724673333446,0.03500836273997996,0.01875936559792378,0.058226961794825144,0.07478240759365114,0.016555445798825993,0.034892640058005735,0.019872444756581422,0.6173560788024092|0.9085866321130905|0.5426223815257675,0.899387406917238|0.5991242820955637|0.1724300769319299,0.43775906258915215|0.530487573787272|0.15988867680012248
15,,contact,15,6.101936677605324e-13,2,2,0,0,2,0,2,,0.16448286501690745,0.0026183449663221836,0.14765565795823932,0.014177212957292795,,0.14765565795823932,0.7343278032656555,0.7343278032656555,,,1.0,1.0,0,0.0,0.0,False,0.0012131968112159032,0.0391628559168585,10,0.002990893649162163,5,0.0011353968162303996,1,-0.028332843416331244,-0.02929609335692618,,0.0,0.0013698131901408112,,0.02175354619997463,0.06819076923508341,0.08013987451572802,0.011949105280644606,0.034482076179593035,0.018645659871816576,0.051732893876668254,0.07633348709863244,0.024600593221964187,0.03889799462713369,0.02023503584681869,0.6208864865584004|0.908288921518648|0.5333663621779148,0.897383910470308|0.5903691916680534|0.16009093820132536,0.43783024014079536|0.5284844994585643|0.1447354807074878
16,,contact,14,2.289734845645553e-11,2,2,0,0,2,0,2,,0.14429768617264926,0.0025957690086215734,0.12740189908072352,0.014270972926169634,,0.12740189908072352,0.7378071369015988,0.7378071369015988,,,1.0,1.0,0,0.0,0.0,False,0.0015342567887794145,0.03950825770196509,13,0.002996716034210256,5,0.0015342567887794145,4,-0.03288901781508713,-0.02820067294866213,,0.0,0.0013663841893433461,,0.021798143140710623,0.06402632931514866,0.07469391234687306,0.010667583031724395,0.03722112269211013,0.019181909514172115,0.04456511921968228,0.07147682946423196,0.026911710244549684,0.03976494755222193,0.020180901859094304,0.6209341740011843|0.9088951628909194|0.5263420427187012,0.8942461612534738|0.586067684283732|0.15112762693064855,0.4404174183195405|0.5258213627293827|0.13514797351068608
17,,contact,13,6.691586091292782e-10,2,2,0,0,2,0,2,,0.14815307199023664,0.0026429370045661926,0.1310178351122886,0.01445984817110002,,0.1310178351122886,0.750226158810709,0.750226158810709,,,1.0,1.0,0,0.0,0.0,False,0.0012769211029377975,0.039220355042758254,13,0.0030182819769577485,5,0.0012769211029377975,4,-0.0382679890426143,-0.027112446364903064,,0.0,0.0014139468335504864,,0.021933179087353233,0.058311006527179424,0.0711945568640079,0.012883550336828475,0.04052182969644087,0.01929120656956525,0.039410877470981445,0.07111313542909868,0.031702257958117236,0.047936338212139676,0.020580665354012255,0.6208957521020936|0.9117494374600276|0.522550610121872,0.8914770306497675|0.5839844946494345|0.14718434428064547,0.4407989388873902|0.5222291299611933|0.13529532728060847
18,,contact,12,1.522997974471263e-08,2,2,0,0,2,0,2,,0.14841508609242737,0.002659807913005352,0.13135549402795732,0.01437030709348619,,0.13135549402795732,0.7681323703082413,0.7681323703082413,,,1.0,1.0,0,0.0,0.0,False,0.00118610361929114,0.03880317779214906,14,0.003035532063797697,6,0.00118610361929114,4,-0.04439249368367193,-0.027141766674477097,,0.0,0.0014009641333159195,,0.0221348836924282,0.05258928045085924,0.06688729088872179,0.014298010437862552,0.04164897142952981,0.019296249443167462,0.034969496022889825,0.07084963081432531,0.03588013479143549,0.056467172922653575,0.021419941502819714,0.620085903694433|0.9136544678093256|0.5191704300909775,0.8876905176958116|0.5814878796298565|0.1425110458885039,0.44110119563872735|0.5216842617984915|0.1353200168073435
19,,contact,11,2.699578503363014e-07,2,2,0,0,2,0,2,,0.1485904729925096,0.002610779134556651,0.1311521551106125,0.014789559179916978,,0.1311521551106125,0.7854970453357532,0.7854970453357532,,,1.0,1.0,0,0.0,0.0,False,0.001067182527372354,0.03832348558559953,14,0.0029856556847730753,6,0.001067182527372354,4,-0.03194642070348941,-0.026643566364063176,,0.0,0.0013982597499659509,,0.022179839821781625,0.04693967049141904,0.07342524880293869,0.026485578311519646,0.04764820132380343,0.018619011347603173,0.03153757446137274,0.07140674301556288,0.03986916855419014,0.06380604098422964,0.02143862130879241,0.6194849427746224|0.9146958201525018|0.5157601184998418,0.8938674219984483|0.5825233713731869|0.1374195217172992,0.4405409925915943|0.5200174475675694|0.13519243567556655
20,,contact,10,3.726653172078671e-06,2,2,0,0,2,0,2,,0.14696983597241342,0.0026379439514130354,0.129793660948053,0.014507548185065389,,0.129793660948053,0.8239626291519253,0.8239626291519253,,,1.0,1.0,0,0.0,0.0,False,0.001138520824710415,0.03816559592843627,15,0.0029824674316329125,6,0.001138520824710415,5,-0.02895207174323744,-0.02595387358148571,,0.0,0.0014149062924483464,,0.022599403663404554,0.042137197001041356,0.07236300528496091,0.030225808283919554,0.05439249103319983,0.019876215609963138,0.030081807189030255,0.07218597119467685,0.042104164005646594,0.06825445284668563,0.02126559961946793,0.6188498889817174|0.9137051059575638|0.5142665167201328,0.8935108572798743|0.5781624236616496|0.13634201112732564,0.43991520058969086|0.5176949084993658|0.13488792978298897
21,,contact,9,4.006529739295107e-05,2,2,0,0,2,0,2,,0.1462513911537826,0.0026560649275779724,0.12933778297156096,0.014229156076908112,,0.12933778297156096,0.8617589063618574,0.8617589063618574,,,1.0,1.0,0,0.0,0.0,False,0.0010739857993244256,0.03811593190750201,15,0.0029389578279449546,6,0.0010739857993244256,5,-0.02755246889257279,-0.024451309141250377,,0.0,0.0014144620590552293,,0.022981506818208,0.03866287067761362,0.07057102744899235,0.03190815677137873,0.05810886086971775,0.020208321550373633,0.029937430837878223,0.07251148028192694,0.04257404944404872,0.07348783285299394,0.021985855777465865,0.6171553141603131|0.9141714796402547|0.5113305513061618,0.8921435765720034|0.5745518532755529|0.1367432839597305,0.4400456282487641|0.5132317019344738|0.13508175707336117
22,,contact,8,0.00033546262790251185,2,2,0,0,2,0,2,,0.14624250307679176,0.002605052199214697,0.12889220099896193,0.01471578306518495,,0.12889220099896193,0.8666024442738174,0.8666024442738174,,,1.0,1.0,0,0.0,0.0,False,0.0018515499720554857,0.03811859214719529,15,0.0029502151468231153,6,0.0018515499720554857,5,-0.026737018527205336,-0.02378823905879024,,0.0,0.0014168448302819224,,0.02301169068866199,0.03735674281998337,0.06937044978751292,0.032013706967529545,0.06063434291545134,0.02039957457027742,0.03126426443896467,0.07268194420664077,0.0414176797676761,0.07514722978767668,0.021564034717106734,0.6186058494520756|0.9139917173188009|0.5087846886736475,0.8910619394098234|0.5704973518467724|0.1369923373477996,0.43997342470339196|0.5115993527029588|0.1352596451740653
23,,contact,7,0.002187491118182885,2,2,0,0,2,0,2,,0.14670344511978328,0.002671979134902358,0.12960335286334157,0.014400048181414604,,0.12960335286334157,0.8931887254160694,0.8931887254160694,,,1.0,1.0,0,0.0,0.0,False,0.0011097427382901204,0.0382587781417206,15,0.003077930906285109,6,0.0011097427382901204,5,-0.02643226820151945,-0.02239458166960162,,0.0,0.001414254091133194,,0.023210656121308848,0.036789626405801315,0.06875082115892252,0.0319611947531212,0.0630820143405622,0.020597105019998715,0.032377184243247814,0.07348750647001612,0.0411103222267683,0.07692819438109691,0.021668601094278234,0.6175656910569043|0.9139378017464798|0.5054116006300877,0.8904745161270778|0.5676205422006438|0.13725272157865123,0.439902711016125|0.5077115919094456|0.13539548530708476
24,,contact,6,0.011108996538242306,2,2,0,0,2,0,2,,0.14724084897898138,0.002617109101265669,0.13004392595030367,0.01454847096465528,,0.13004392595030367,0.9074966196925771,0.9074966196925771,,,1.0,1.0,0,0.0,0.0,False,0.0012341277678586116,0.03824857641664822,15,0.003059761113823445,6,0.0012341277678586116,5,-0.026815309116294372,-0.021443067170663355,,0.0,0.001414719813440087,,0.023331456794344826,0.03570710406711344,0.06789192022634365,0.0321848161592302,0.06428914273096752,0.020691185244374334,0.031150753970617714,0.07411488805000233,0.04296413407938461,0.07852812488192593,0.021618780694752312,0.6176730451569601|0.9135571490607398|0.5032067341262717,0.8896538412248587|0.5657117282969291|0.1375198317186899,0.44007048144552874|0.504606238441347|0.13550647404278782
25,,contact,5,0.04393693362340742,2,2,0,0,2,0,2,,0.14568512607365847,0.0026272221002727747,0.12889927090145648,0.014130232855677605,,0.12889927090145648,0.9259565223021367,0.9259565223021367,,,1.0,1.0,0,0.0,0.0,False,0.0014065146932815964,0.03821893233859422,15,0.00284940048380658,6,0.0014065146932815964,5,-0.02533248755806028,-0.02049587702357414,,0.0,0.0014156251655139162,,0.0234353546189489,0.031443064163288646,0.06726159175464214,0.03581852759135349,0.06828655952087749,0.021155518076410546,0.026889081374842517,0.07481344064235,0.04792435926750749,0.08074158385057825,0.02200585616234141,0.6177218783104534|0.9119053572491601|0.502141821761156,0.8887483560470724|0.5594533972268565|0.13775968607395678,0.4404778074014071|0.5009271497457221|0.13555934054857036
26,,contact,4,0.1353352832366127,2,2,0,0,2,0,2,,0.14578413986600935,0.0026339381001889706,0.12877918896265328,0.014339808840304613,,0.12877918896265328,0.9317179633636791,0.9317179633636791,,,1.0,1.0,0,0.0,0.0,False,0.0010064026981029123,0.03806460525629293,16,0.0011607672289883075,6,0.0010064026981029123,5,-0.02676592418166024,-0.022984351424575777,,0.0,0.001322202044214099,,0.023451885594615893,0.02728719847017925,0.06622547993608377,0.03893828146590452,0.06942706374660046,0.02087627414304673,0.024626742472030148,0.07320190061202363,0.04857515813999348,0.08103045512152737,0.021347620739482476,0.618399792851986|0.9104828297069705|0.5020938264451525,0.8886810190688718|0.5602052306093893|0.13775803775132542,0.4409370032684234|0.5052415494369819|0.13546438906207015
27,,contact,3,0.32465246735834974,2,2,0,0,2,0,2,right_hand|left_hand,0.1668213838711381,0.0026334698777645826,0.14976303186267614,0.014392245095223188,,0.14976303186267614,0.9299506659102716,0.9299506659102716,,,1.0,1.0,0,0.0,0.0,True,0.0014891536036528152,0.03806804067199307,15,0.0014891536036528152,5,0.0010173889199419223,5,-0.03291418625952147,-0.02434034049850098,,0.0,0.0013971423758107752,,0.02348992761514284,0.026344933036570133,0.06426783989359582,0.03792290685702568,0.06811193765204897,0.020610815388054628,0.024136155590451434,0.0724641684903123,0.04832801289986087,0.0791599684747472,0.02113232875682558,0.6186285999860451|0.9110903599705823|0.5015447042429014,0.8877115999478218|0.571086321600819|0.1379341620782642,0.4416727504374021|0.5055463948248945|0.1354356024495818
28,,contact,2,0.6065306597126334,2,2,0,0,2,0,2,right_hand|left_hand,0.1431021369062364,0.002616946119815111,0.12629312789067626,0.014160185120999813,,0.12629312789067626,0.9108920702264258,0.9108920702264258,,,1.0,1.0,0,0.0,0.0,True,0.001085450227558793,0.03794129042656508,16,0.001085450227558793,6,0.0010254547415307486,5,-0.03312480190636791,-0.025766728174028586,,0.0,0.001402116575751547,,0.02334254194027933,0.02473398841874053,0.06314897278693804,0.03841498436819751,0.06639923830717233,0.02048199114876034,0.022772098598587653,0.07156047406886215,0.048788375470274495,0.07737516583046752,0.0208913478296211,0.6168960928071233|0.9111576650312159|0.5041542832360691,0.8871205608758578|0.5670044568253625|0.13797670369472964,0.44247731156735925|0.505550361588284|0.13534931362498875
29,,contact,1,0.8824969025845955,2,2,0,0,2,0,2,right_hand|left_hand,0.14410092402249575,0.0026337511371821165,0.1271874071098864,0.014249027008190751,,0.1271874071098864,0.899845353422787,0.899845353422787,,,1.0,1.0,0,0.0,0.0,True,0.0011802032909474236,0.03758000133176084,15,0.0011350545661691774,5,0.0011802032909474236,5,-0.03283128250832057,-0.027736211411461653,,0.0,0.0014154592297554755,,0.02331366001317196,0.025322629422426395,0.06463328168539209,0.03931065226296569,0.06354252124093394,0.02062020146065583,0.022617856403851232,0.0693544902199509,0.04673663381609966,0.0745127011467027,0.02099948733032737,0.619444764016805|0.9115970135880911|0.5077958205714539,0.8871137003443571|0.5652002295480829|0.13798617011245878,0.4436500033724482|0.5060486482215297|0.13546310725411959
30,contact,contact,0,1.0,2,2,0,0,2,0,2,right_hand|left_hand,0.1448408360593021,0.002617466961964965,0.1276803989894688,0.014510214794427156,,0.1276803989894688,0.8734538333007368,0.8734538333007368,,,1.0,1.0,0,0.0,0.0,True,0.0009994379363138517,0.0375203697955685,14,0.000999221731454232,5,0.0009994379363138517,5,-0.03341616782324053,-0.029875824483681868,,0.0,0.001415204639267277,,0.02311242721815423,0.02569152784587973,0.06592043722660561,0.040228909380725875,0.059793001476603894,0.019985051903919505,0.02207419619357838,0.06713908074488334,0.04506488455130496,0.07123006585732665,0.02110222793648753,0.6213571620601964|0.9110617624195954|0.5111610194712011,0.8860106569478561|0.5654694618810593|0.13798645168483487,0.44488250839942617|0.5035958566253773|0.13565516783989173
31,contact,contact,1,0.8824969025845955,2,2,0,0,2,0,2,right_hand|left_hand,0.14459439809434116,0.0026051399763673544,0.12771399808116257,0.01424372405745089,,0.12771399808116257,0.8366177494325807,0.8366177494325807,,,1.0,1.0,0,0.0,0.0,True,0.0011842692426707324,0.03770100768137591,13,0.0011837365431334873,5,0.0011842692426707324,4,-0.03589571388374502,-0.02858850294334836,,0.0,0.0014144424441058661,,0.022824054824457336,0.025699321141880678,0.06611220778009774,0.040412886638217065,0.05457070710246791,0.019539110233700415,0.021329846123886942,0.06841548846241528,0.04708564233852834,0.06696210149109978,0.01993357435270304,0.622431027348164|0.9090243452723471|0.5145145287923553,0.8832091497656344|0.5663939100533721|0.13792735600274217,0.44308248329510086|0.5040242046910883|0.13587086437447468
32,contact,contact,2,0.6065306597126334,2,2,0,0,2,0,2,right_hand|left_hand,0.14378559193573892,0.002632732968777418,0.12681045499630272,0.014310619095340371,,0.12681045499630272,0.7796269836675864,0.7796269836675864,,,1.0,1.0,0,0.0,0.0,True,0.0013215651923294824,0.03850840799253735,14,0.0010268789676718681,5,0.0013215651923294824,5,-0.03543294663807828,-0.029214556666511626,,0.0,0.0014090439848018106,,0.022299836381425003,0.02620099128199984,0.06966471534441875,0.043463724062418906,0.048256725943121914,0.01849894446382758,0.02211831179660422,0.0673581248532369,0.04523981305663268,0.06030773643525923,0.020376344040196767,0.6232170213387763|0.9000020645755391|0.5185388468174854,0.881343635484822|0.5635292127213113|0.13788429543664932,0.4453446597278684|0.501177932280542|0.13562306293722692
33,contact,contact,3,0.32465246735834974,2,3,1,1,2,1,3,right_hand|left_hand,0.22130646300502121,0.0026148580946028233,0.19673139206133783,0.014689987059682608,,0.19673139206133783,0.7263406636512411,0.7264004406583318,0.035868903772425645,0.0359345372282434,1.0,1.0,0,0.0,0.0,True,0.0011272141874509867,0.0399114326056583,11,0.0011272141874509867,6,0.0009992917228343334,1,-0.0363744322929449,-0.03163461761753261,,0.0,0.0014131527052418952,,0.02185768302330071,0.026911834767950258,0.06328311934940258,0.03637128458145232,0.04120820523113292,0.01835845078272857,0.022946397203677464,0.05916208537451294,0.036215688170835474,0.049479110185374334,0.019941567311489265,0.6216768564864507|0.8891408680909603|0.5219634140245503,0.8769773139564639|0.5562927018981314|0.13999364178912554,0.4501437267502824|0.5027284007634113|0.13494849458134173
34,contact,contact,4,0.25,2,2,0,0,2,0,2,right_hand|left_hand,0.14912904310040176,0.0025929659605026245,0.13179984991438687,0.0147051140666008,,0.13179984991438687,0.7067212475235285,0.7067212475235285,,,1.0,1.0,0,0.0,0.0,True,0.0011867451993066297,0.04051730258543737,11,0.0010486726417032466,6,0.0011867451993066297,1,-0.03455779424555239,-0.03243189520858358,,0.0,0.0014109420486254603,,0.021672512527977417,0.027928037298889173,0.06663207954982342,0.03870404225093425,0.04516013484919584,0.01797848164777075,0.024002788856349398,0.05447979431175358,0.03047700545540418,0.04312622237621868,0.02105398287830388,0.6227648701892469|0.8904689448296882|0.5330503771189504,0.879423063447026|0.5546653743297745|0.15759130468063814,0.4538932719019005|0.5002773706075235|0.14432843862809952
35,contact,contact,5,0.25,2,2,0,0,2,0,2,right_hand|left_hand,0.1481662830337882,0.0025962102226912975,0.13111831713467836,0.014417798956856132,,0.13111831713467836,0.6991451993683228,0.6991451993683228,,,1.0,1.0,0,0.0,0.0,True,0.0012735674435448013,0.03972501003196896,11,0.0012735674435448013,6,0.000635297915062838,1,-0.03321888997255762,-0.0321564084763164,,0.0,0.0012416736275820245,,0.021718119030242598,0.029322161609551225,0.06671056783908919,0.03738840622953796,0.04662234704030853,0.01795551806277259,0.025333554594958,0.05353241147648919,0.02819885688153119,0.04045371823939241,0.02101480665425067,0.6221033491098098|0.8920741908405561|0.5484286665266911,0.8797550844218377|0.5486716165348092|0.17529792350818063,0.45374487916879597|0.49949686698750345|0.16060262001087627
36,contact,contact,6,0.25,2,2,0,0,2,0,2,right_hand|left_hand,0.1439342440571636,0.002568198833614588,0.12672743992879987,0.01459340495057404,,0.12672743992879987,0.6872542994784182,0.6872542994784182,,,1.0,1.0,0,0.0,0.0,True,0.0010973783494985616,0.03854068311033679,11,0.0010973783494985616,6,0.0004378235125671037,1,-0.03352893698216697,-0.032662037867302374,,0.0,0.0014233978847464767,,0.02156841899828034,0.03130343505431578,0.0649321451225331,0.03362871006821733,0.04364581082480676,0.017862521806038093,0.026588516920129236,0.053401885591218834,0.026813368671089598,0.039731899906365956,0.02067097138211966,0.6227085253446131|0.8930391467476614|0.5678410032777107,0.8782540998377264|0.5400140461561314|0.19454945069609955,0.45213749702176714|0.4995169421260528|0.18250218102464352
37,contact,contact,7,0.25,2,2,0,0,2,0,2,right_hand|left_hand,0.14294544607400894,0.002559061860665679,0.12616658816114068,0.014186702901497483,,0.12616658816114068,0.6730773207228324,0.6730773207228324,,,1.0,1.0,0,0.0,0.0,True,0.0016301086823001555,0.037371663744864975,10,0.0016301086823001555,6,0.0,0,-0.03438698185410516,-0.02970539190037691,,0.0,0.0014302616870094027,,0.02145786388396259,0.03375589518207893,0.06435895537584932,0.03060306019377039,0.040338120209807406,0.018033079469171345,0.02796416232611147,0.054860198984760966,0.026896036658649498,0.04064314834132323,0.02033592089594109,0.6183497892845474|0.8927820723878604|0.5875742728463532,0.8759412647111958|0.5338468058184782|0.2186431984828941,0.44805695450770905|0.49961418990988643|0.20300427853746916
38,contact,contact,8,0.25,2,2,0,0,2,0,2,right_hand|left_hand,0.14051935402676463,0.002595319878309965,0.12371439207345247,0.014176821103319526,,0.12371439207345247,0.648134963580551,0.648134963580551,,,1.0,1.0,0,0.0,0.0,True,0.004380977773232042,0.03587108373559822,11,0.004380977773232042,6,0.00029004018140393883,1,-0.035311585283610114,-0.029997397997364672,,0.0,0.001416776846087777,,0.02128827542159565,0.036744128846563404,0.06429740156613993,0.027553272719576527,0.03718010819423094,0.01877988915792945,0.02991824115629804,0.053785649257021804,0.023867408100723766,0.03897734556032627,0.02135050782007313,0.6173106223627851|0.890542471642884|0.6071970104631752,0.8722087467746333|0.5342622018570187|0.24122880868529037,0.44671784180643437|0.4994790235769731|0.22602460927635862
39,contact,contact,9,0.25,2,2,0,0,2,0,2,right_hand|left_hand,0.15814468613825738,0.002604152075946331,0.14146829606033862,0.014041775837540627,,0.14146829606033862,0.6391949085041035,0.6391949085041035,,,1.0,1.0,0,0.0,0.0,True,0.0018284170495565348,0.03417138404457695,10,0.0018284170495565348,6,0.0,0,-0.03378111966926589,-0.030426440087810036,,0.0,0.001440494523398599,,0.021207972200417934,0.03939630956635782,0.06526327486640861,0.02586696530005079,0.036071930132319414,0.018511647949415226,0.03153447099792206,0.05330873362619713,0.021774262628275073,0.03732231284463952,0.021133304095806885,0.6153933959499157|0.8899987381260333|0.6282950078269284,0.8704530098997475|0.5308698899218448|0.2711568250053572,0.4439828713208324|0.4962505408748119|0.2548299477335642
40,contact,contact,10,0.25,2,2,0,0,2,0,2,right_hand|left_hand,0.1315255779772997,0.0025883789639919996,0.11481715692207217,0.014088549884036183,,0.11481715692207217,0.6398974329578788,0.6398974329578788,,,1.0,1.0,0,0.0,0.0,True,0.001786884307009188,0.03278200074137411,12,0.001786884307009188,6,0.0,0,-0.03323636568611654,-0.03005751509618726,,0.0,0.0014317733109671755,,0.02123391428994474,0.041099633093159775,0.06523971377520453,0.024140080682044755,0.03619247695213074,0.019015951783411082,0.033285816620185815,0.05343404092721176,0.020148224307025946,0.036269704938555296,0.021245398854087532,0.6120282278613928|0.8893559753035475|0.6472349883123603,0.8663332143541437|0.5316550817439759|0.3005934228108356,0.4404280139252901|0.49309149660711277|0.2859566348487824
41,contact,contact,11,0.25,2,2,0,0,2,0,2,right_hand|left_hand,0.1304578948765993,0.0026326568331569433,0.11389439017511904,0.013900400139391422,,0.11389439017511904,0.6376655187456436,0.6376655187456436,,,1.0,1.0,0,0.0,0.0,True,0.0017125404762545378,0.03171542667141261,11,0.0017125404762545378,5,0.0,0,-0.030505051659034166,-0.029293152401892897,,0.0,0.0014250421660550684,,0.02128511095509553,0.043174152491047266,0.06563317781994141,0.02245902532889414,0.03536868411752098,0.018900568551470674,0.03532677739183851,0.053734888618308,0.018408111226469487,0.033836331029671166,0.02123526365805872,0.6070076286300711|0.8855184860185061|0.6641648474598612,0.8627091040947693|0.531701422803997|0.3299116248934351,0.4370033342434374|0.48994069022160436|0.3164296431611395
42,contact,contact,12,0.25,2,2,0,0,2,0,2,right_hand|left_hand,0.1297902090009302,0.002648104913532734,0.11318672588095069,0.013921031029894948,,0.11318672588095069,0.634480851942237,0.634480851942237,,,1.0,1.0,0,0.0,0.0,True,0.00154973768918314,0.03101522666827533,11,0.00154973768918314,5,0.0,0,-0.029596223532088572,-0.02832427590600517,,0.0,0.0014132744966222114,,0.02128027512895611,0.04431518889612136,0.0659218496427953,0.02160666074667393,0.03583451376041744,0.018966454515245534,0.03730398362212385,0.05428928681833384,0.016985303196209986,0.03226543657340884,0.021285973024907662,0.6029314750796229|0.8832311092581996|0.6782717788632114,0.8586677913492448|0.5317011101328724|0.3620413238124184,0.4333118483903891|0.48830424837211345|0.34844147288613786
43,contact,contact,13,0.25,2,2,0,0,2,0,2,right_hand|left_hand,0.12911639199592173,0.0026119090616703033,0.11249795905314386,0.013974644942209125,,0.11249795905314386,0.633829064746627,0.633829064746627,,,1.0,1.0,0,0.0,0.0,True,0.0034865861852828306,0.03055758645394388,13,0.0034865861852828306,7,0.0,0,-0.030688082583552045,-0.02722876866309143,,0.0,0.0014041278837470452,,0.02127585988405881,0.04515242212278731,0.06585143281065521,0.0206990106878679,0.03577052628702817,0.019059854117701804,0.038905617084151564,0.055144882612260804,0.01623926552810924,0.03153455175405407,0.021523704483397445,0.5980556409747806|0.8812562123367029|0.6894634263584383,0.8544087477803064|0.5317119421939731|0.39746365722944926,0.4288502712546595|0.4866216417274445|0.3816315430426459
44,contact,contact,14,0.25,2,2,0,0,2,0,2,right_hand|left_hand,0.12829065299592912,0.0026454098988324404,0.11206710012629628,0.013547495007514954,,0.11206710012629628,0.6156981579578293,0.6156981579578293,,,1.0,1.0,0,0.0,0.0,True,0.001710431288903122,0.030049641390931386,12,0.001710431288903122,6,0.0,0,-0.03021964644945463,-0.02636131402008779,,0.0,0.0013945529109249451,,0.02107636418162445,0.04558979301930462,0.06711187638303748,0.02152208336373286,0.037710574745629485,0.019026390359218045,0.039558003577122504,0.05669506032366793,0.017137056746545427,0.03322588690285106,0.021212325858130328,0.5901912909053878|0.8852303917460169|0.6993271387130047,0.8511090841179607|0.532103518765755|0.4323588337927229,0.42269896147574126|0.4868732700108237|0.41617905324365845
45,contact,contact,15,0.25,2,2,0,0,2,0,2,right_hand|left_hand,0.12756986799649894,0.0026605180464684963,0.1112924690824002,0.013584967004135251,,0.1112924690824002,0.6230107276538521,0.6230107276538521,,,1.0,1.0,0,0.0,0.0,True,0.0019556231194352153,0.029434429937754275,13,0.0019556231194352153,7,0.0,0,-0.030782279808450497,-0.02769972208041338,,0.0,0.0013956230569060902,,0.021243558676051214,0.045321410987796004,0.06827839827234158,0.02295698728454558,0.039939559315738817,0.019281126958189482,0.03955574037981286,0.056219807535849334,0.016664067156036473,0.03282292917708304,0.021465567109767825,0.5838379622492819|0.882803014017307|0.7092841073518901,0.8469643024176093|0.532733769532458|0.4657505601107304,0.4186330982603028|0.48459959908262434|0.44906323165914946
46,contact,contact,16,0.25,2,2,0,0,2,0,2,right_hand|left_hand,0.126653061946854,0.002630059840157628,0.11040883720852435,0.013582299929112196,,0.11040883720852435,0.6558211055790423,0.6558211055790423,,,1.0,1.0,0,0.0,0.0,True,0.002021464447863469,0.030033785470685886,14,0.002021464447863469,8,0.0,0,-0.03112235887556558,-0.026686267171269762,,0.0,0.0014238043473640228,,0.021592064168049905,0.045371744869698076,0.0689290752017081,0.023557330332010025,0.0418501777856713,0.019110553851463184,0.039796004214663484,0.05787000302728639,0.018073998812622907,0.03426984329286678,0.021608891856624787,0.5739321022866037|0.8805412394180219|0.7159148668051846,0.842132110734956|0.5330541199411836|0.498389868042722,0.4121220864627323|0.484376027338532|0.47996727002563305
47,contact,contact,17,0.25,2,2,0,0,2,0,2,right_hand|left_hand,0.15094755101017654,0.002633522031828761,0.1342971189878881,0.013983845012262464,,0.1342971189878881,0.6812673146916122,0.6812673146916122,,,1.0,1.0,0,0.0,0.0,True,0.0015594872555194025,0.030651790920822874,15,0.0015594872555194025,10,0.0,0,-0.030746087974938163,-0.02537543139957954,,0.0,0.001416447834641143,,0.02192064452201064,0.04539990454306814,0.06999179802927337,0.024591893486205232,0.04387674291528348,0.019564553054865243,0.04030086310138736,0.05863021068184561,0.018329347580458247,0.03400420016655474,0.02157201772681416,0.5655689424418525|0.8742249541335816|0.7212314948628609,0.8373193808790571|0.5333923786328041|0.5283285786813028,0.40679898453083496|0.4836416353501346|0.5069259210733692
48,contact,contact,18,0.25,2,2,0,0,2,0,2,right_hand|left_hand,0.1260475900489837,0.0026445151306688786,0.109779616817832,0.013590447837486863,,0.109779616817832,0.7228087305193709,0.7228087305193709,,,1.0,1.0,0,0.0,0.0,True,0.003413530943327192,0.031205809922302902,16,0.003413530943327192,10,0.0006087495645176327,2,-0.031087007597545124,-0.02446707756333666,,0.0,0.0014163822884693108,,0.022415858338090077,0.045355222799172264,0.07080775986618389,0.025452537067011623,0.0457636748673894,0.019381937829112232,0.04045546363171159,0.05914768368206435,0.01869222005035276,0.033882596600347224,0.022089028749570215,0.5555677148804832|0.8674040818935985|0.7246125833444648,0.8313600291312417|0.5340437502242241|0.5554001407319558,0.4017108342213547|0.48431661457768316|0.5314293905073055
49,contact,lift,17,0.25,2,2,0,0,2,0,2,right_hand|left_hand,0.12493061297573149,0.00264168088324368,0.10886834794655442,0.013389791129156947,,0.10886834794655442,0.7271951376647038,0.7271951376647038,,,1.0,1.0,0,0.0,0.0,True,0.0018752780884347953,0.03223829361196423,16,0.0018752780884347953,10,0.0009346133096713449,2,-0.031774380175079386,-0.024301416149491217,,0.0,0.0013982598823910192,,0.022422523262809888,0.04411848653710435,0.0706424169970939,0.02652393045998954,0.04628850728659368,0.019185811376146913,0.04059159351652607,0.060005360276172384,0.019413766759646317,0.03521618965781086,0.02144745907257566,0.5503554107279337|0.8586041229458111|0.7273609980394068,0.8252318519716635|0.531972551508885|0.5786001268922145,0.3959340068548438|0.48639927910340774|0.5560469230313406
50,contact,lift,16,0.25,2,2,0,0,2,0,2,right_hand|left_hand,0.1253312740009278,0.0026042498648166656,0.10930855898186564,0.01338862394914031,,0.10930855898186564,0.7260708912288117,0.7260708912288117,,,1.0,1.0,0,0.0,0.0,True,0.0014251468780081232,0.03293700289040016,14,0.0014251468780081232,10,0.0011407888288583606,1,-0.030674285011397018,-0.023160788439776425,,0.0,0.0013731922227209728,,0.022357178472542993,0.04299833347474767,0.07424135574942765,0.031243022274679982,0.05055765612803875,0.018265597485159577,0.039546160245616836,0.061205591876027,0.02165943163041016,0.03734496377116157,0.02079052046565398,0.5436509577702527|0.8483208664964457|0.7310771883201707,0.8194574094350829|0.5336357259848421|0.5944744114130288,0.39031989929281097|0.48765710494329084|0.5765401512867158
51,contact,lift,15,0.25,2,2,0,0,2,0,2,right_hand|left_hand,0.12438340415246785,0.002623335923999548,0.10864540305919945,0.013081775978207588,,0.10864540305919945,0.7492197565135379,0.7492197565135379,,,1.0,1.0,0,0.0,0.0,True,0.0014304229528433188,0.03415216149807468,13,0.0014304229528433188,9,0.0010360446621967556,2,-0.03161672670678506,-0.022684493841616415,,0.0,0.0014228241360168396,,0.022632318074058255,0.0430331024640381,0.0769072243333391,0.033874121869301,0.05228861129074744,0.017857481270816943,0.0389231022401135,0.06200121771253498,0.02307811547242148,0.03865742085081179,0.021257096480641637,0.5373586113794284|0.8348974002681966|0.7335700415226728,0.8134564837530953|0.5329163234823188|0.6114501771349797,0.38495681500559253|0.48716403273691483|0.5944799819117962
52,contact,lift,14,0.25,2,2,0,0,2,0,2,right_hand|left_hand,0.11857334687374532,0.0025751651264727116,0.1028171309735626,0.013147860066965222,,0.1028171309735626,0.7190347289883234,0.7190347289883234,,,1.0,1.0,0,0.0,0.0,True,0.0014390172437212141,0.03436123704165897,12,0.0014390172437212141,8,0.0010350252363417328,2,-0.03171906604876007,-0.02300680865192639,,0.0,0.001391141326586075,,0.022232334175749893,0.04354814501566332,0.077636843356822,0.03408869834115868,0.05316708776782932,0.017355663224832393,0.03888576392798141,0.06286464321839617,0.023978879290414763,0.039298978277277366,0.020994017819782138,0.5327349037800986|0.8206240421821418|0.7336931253825628,0.8083545947192301|0.5275831470127692|0.6252909890461038,0.37943804975018386|0.48883094384570197|0.6109815596206709
53,contact,lift,13,0.25,2,5,3,2,2,3,5,right_hand|left_hand,0.28411578806117177,0.0026051709428429604,0.2618875289335847,0.013207602081820369,,0.2618875289335847,0.7076709973774747,0.7073376147407057,0.034420453142448265,0.024271923511441612,1.0,1.0,0,0.0,0.0,True,0.0014506517451959473,0.034820424218710844,15,0.0014506517451959473,10,0.001268003920033997,3,-0.03305627308319714,-0.022936349085426855,,0.0,0.0013729387326713075,,0.022090030093454543,0.0439225774101812,0.07795569652340217,0.034033119113220975,0.05159616035379706,0.01701755434568501,0.03883741285180156,0.0631708368470512,0.02433342399524964,0.0395138587530918,0.020993661796208186,0.5284564818930362|0.8069854384208515|0.7352532101785814,0.8015643219916672|0.5234433456447967|0.637584514297497,0.37476639052738137|0.48646592040192127|0.6241844339347938
54,contact,lift,12,0.25,2,2,0,0,2,0,2,right_hand|left_hand,0.11932715307921171,0.002645283006131649,0.10331394779495895,0.013331724097952247,,0.10331394779495895,0.6979603911938821,0.6979603911938821,,,1.0,1.0,0,0.0,0.0,True,0.0016943277651673416,0.03534834094022929,14,0.0016943277651673416,10,0.0010204419605874815,2,-0.03295783870278157,-0.02297579108040715,,0.0,0.0013592730879092767,,0.02197577525244971,0.04456305780223359,0.0784202346545835,0.033857176852349916,0.0517854639253925,0.01695549900535883,0.03914922911374541,0.06329714593903887,0.024147916825293464,0.039110472097570285,0.020776689883587274,0.5239130028297904|0.7936088104045026|0.7368423872866763,0.7972330677041951|0.5171564886127119|0.6483385811421479,0.369997745913793|0.48105923551612806|0.6367853569753363
55,contact,lift,11,0.25,2,2,0,0,2,0,2,right_hand|left_hand,0.11871903296560049,0.0026405169628560543,0.10281115700490773,0.013234189944341779,,0.10281115700490773,0.6912685874653057,0.6912685874653057,,,1.0,1.0,0,0.0,0.0,True,0.0016887609408314658,0.03560567690510394,12,0.0016887609408314658,9,0.0009952444307584352,1,-0.03238696779440531,-0.023230874363182608,,0.0,0.0013436248179346463,,0.02189344526688553,0.045977777571562344,0.07842333123811308,0.03244555366655074,0.050926480795668846,0.01675862925409563,0.039528284363214,0.06307084919414373,0.02354256483092973,0.03812436013566606,0.021025920292085987,0.5200937548783274|0.7799220767058398|0.7379730663445557,0.7935927519424992|0.5095230839829995|0.6588039246382839,0.3660559701213166|0.4747591904711792|0.6459900018387044
56,contact,lift,10,0.25,2,2,0,0,2,0,2,right_hand|left_hand,0.11812128801830113,0.0025904630310833454,0.10264583118259907,0.012853733031079173,,0.10264583118259907,0.6959972638565823,0.6959972638565823,,,1.0,1.0,0,0.0,0.0,True,0.0014443606636121153,0.03558467886392966,13,0.0014443606636121153,9,0.0010710028300710273,2,-0.03268972605936149,-0.023468397347000902,,0.0,0.001348489423856302,,0.022003498518938396,0.046856424441654033,0.0797422086631614,0.03288578422150736,0.051488041221154336,0.017346059549638877,0.040072941428593856,0.06282774448173958,0.022754803053145728,0.03712536733479891,0.021242372667156974,0.5183469379251655|0.7658865260406966|0.7392851053138134,0.7882686749414106|0.5044801356187387|0.6659902314572714,0.3625822672514994|0.4668262501936231|0.652552566460253
57,contact,lift,9,0.25,2,2,0,0,2,0,2,right_hand|left_hand,0.11728154891170561,0.0025805821642279625,0.10195643315091729,0.01271340879611671,,0.10195643315091729,0.7035773140562234,0.7035773140562234,,,1.0,1.0,0,0.0,0.0,True,0.002646984010050528,0.03612710053534918,15,0.002646984010050528,10,0.0009536977528095542,2,-0.03191154317773126,-0.023925016678997935,,0.0,0.0013416986943734555,,0.02212816987736244,0.047106205861016825,0.08072835358841732,0.03362214772740049,0.05710950120814534,0.017494662119839653,0.04059147177297748,0.06250422580707174,0.02191275403409426,0.03631706057003996,0.021579146867020546,0.5156528343625119|0.7536462524586044|0.7402705148578866,0.7845100446634405|0.5037553412630671|0.669394036744495,0.359643361258804|0.4576955791909342|0.6565032903634853
58,contact,lift,8,0.25,2,2,0,0,2,0,2,right_hand|left_hand,0.11733083496801555,0.0026239310391247272,0.10201542801223695,0.012659801170229912,,0.10201542801223695,0.7144019438199711,0.7144019438199711,,,1.0,1.0,0,0.0,0.0,True,0.0020303632131730594,0.0368817990729684,15,0.0020303632131730594,11,0.0009976766694059225,1,-0.0305195951355568,-0.02495018759077361,,0.0,0.0013399178637343212,,0.02229515033821173,0.04747470353695365,0.08209517956090301,0.03462047602394936,0.058712934165997564,0.017616107069306566,0.041238220421284645,0.06189370025600159,0.020655479834716946,0.03515226712563445,0.02185758598755494,0.5143968020661681|0.7411099365311266|0.738584774578813,0.7817390323243045|0.4935000082641616|0.6705049912282651,0.3575070816726357|0.4478315937043881|0.658101484136571
59,contact,lift,7,0.25,2,2,0,0,2,0,2,right_hand|left_hand,0.11714128218591213,0.0025634118355810642,0.10166897205635905,0.012877146014943719,,0.10166897205635905,0.712433281234243,0.712433281234243,,,1.0,1.0,0,0.0,0.0,True,0.0014454128771724042,0.03776332359038559,18,0.0014454128771724042,14,0.0009302820297248937,1,-0.030174346638096594,-0.025891078447005,,0.0,0.0013351629985342921,,0.022285076002154843,0.04783961738034645,0.0826827847237852,0.034843167343438744,0.05904927125858305,0.017409604431538127,0.041370924921126,0.06109085565475391,0.019719930733627912,0.03447598098090091,0.022088264218398882,0.5126197358870357|0.7272370069809344|0.7359415559386313,0.7782916040206982|0.4821231374426025|0.6711947455158944,0.3551222426777656|0.43536889883629326|0.6583401098659998
60,contact,lift,6,0.25,2,2,0,0,2,0,2,right_hand|left_hand,0.14010247797705233,0.0026497039943933487,0.12440277892164886,0.01301516080275178,,0.12440277892164886,0.7084372024356013,0.7084372024356013,,,1.0,1.0,0,0.0,0.0,True,0.0014863389233340171,0.03857900796360511,19,0.0014863389233340171,14,0.0010256222223770234,2,-0.029967520931810654,-0.02415295448451893,,0.0,0.0013383653641154912,,0.02225049630917727,0.04849226055337269,0.08281803782320209,0.0343257772698294,0.05929805881328032,0.0173053464198351,0.041350422090621605,0.06254518707621179,0.021194764985590184,0.03933073928720529,0.022090135379171136,0.5109680636300128|0.7132767302497439|0.7332371768761884,0.7740544649550053|0.47040913853153826|0.6694653714807803,0.3515857849263189|0.42336824688746305|0.6550621495307345
61,contact,lift,5,0.25,2,2,0,0,2,0,2,right_hand|left_hand,0.11716303508728743,0.0026832229923456907,0.10166191798634827,0.012786687118932605,,0.10166191798634827,0.6930283615438332,0.6930283615438332,,,1.0,1.0,0,0.0,0.0,True,0.001686129938476725,0.039350495664517676,16,0.001686129938476725,11,0.0010076351370533893,2,-0.03022238628171081,-0.02734737355208061,,0.0,0.0013347590647446305,,0.02205722684539068,0.04899456267311318,0.08270106387297806,0.033706501199864874,0.05844132567015968,0.017323559962803787,0.04132883089483988,0.05949083376247218,0.018162002867632303,0.03589547763660187,0.02228160640766568,0.5092503003659514|0.6976421515253594|0.7302390702442635,0.769994180116149|0.45723895351530974|0.6685507115763253,0.35008493287143017|0.40629170991094365|0.656297948378293
62,contact,lift,4,0.25,2,2,0,0,2,0,2,right_hand|left_hand,0.11754387593828142,0.002639068989083171,0.1020076151471585,0.0128634599968791,,0.1020076151471585,0.684806924598783,0.684806924598783,,,1.0,1.0,0,0.0,0.0,True,0.0015505229652124468,0.0401885091260448,13,0.0015505229652124468,8,0.0010521164364987595,2,-0.029873354899965676,-0.024976854499087153,,0.0,0.001337267382970647,,0.021927868488458926,0.049394518204468864,0.0836220666000173,0.03422754839554843,0.05786187163066957,0.0171099414963544,0.04091367850967092,0.06097824665232762,0.020064568142656704,0.03722718748972999,0.022017782580544053,0.5106129195540978|0.6824328521755462|0.7269118324735951,0.7667454362357395|0.44296880473114103|0.6665437068839404,0.34602877165756235|0.3925275375030737|0.6534757197734704
63,contact,lift,3,0.32465246735834974,2,2,0,0,2,0,2,right_hand|left_hand,0.11731510399840772,0.002654440002515912,0.101765519939363,0.0128581621684134,,0.101765519939363,0.6728887365929324,0.6728887365929324,,,1.0,1.0,0,0.0,0.0,True,0.0018694931061666448,0.040962817498831516,11,0.001420080147458893,6,0.0018694931061666448,2,-0.02978697343115222,-0.025002503253645614,,0.0,0.0013234486128381178,,0.021772020345833434,0.049733938832591626,0.08547214043270124,0.03573820160010961,0.055875858085331,0.017097178833450584,0.04040591621269891,0.060282839666963114,0.019876923454264207,0.036726075209591945,0.021896890885547138,0.511716445514072|0.6657856336767132|0.7242236667247499,0.7636247816964329|0.42569493059218877|0.6648847874806384,0.3436258670362267|0.3771030730980208|0.6540654500540375
64,contact,lift,2,0.6065306597126334,2,2,0,0,2,0,2,right_hand|left_hand,0.11703515192493796,0.0027121391613036394,0.1017270649317652,0.012559759896248579,,0.1017270649317652,0.6708909504249627,0.6708909504249627,,,1.0,1.0,0,0.0,0.0,True,0.0011287663724361963,0.04166823468978173,10,0.0010078172261343103,5,0.0011287663724361963,2,-0.0294739244841562,-0.024821557935892358,,0.0,0.001283758976374465,,0.02176269747083515,0.05013678328391289,0.0856863633332574,0.035549580049344505,0.055210766088674465,0.01714860065651573,0.03949828466078453,0.05982839431475278,0.020330109653968247,0.03678615198620706,0.02177692708006193,0.5132171869401715|0.6477041063241333|0.7224573381894688,0.7611246796648676|0.40934041304697033|0.6636971664402442,0.34137137789418454|0.361258984364368|0.6554953951172491
65,contact,lift,1,0.8824969025845955,2,2,0,0,2,0,2,right_hand|left_hand,0.11585011705756187,0.002641185885295272,0.10066977282986045,0.01250806706957519,,0.10066977282986045,0.6688783519783316,0.6688783519783316,,,1.0,1.0,0,0.0,0.0,True,0.0028034794150910425,0.04189629161099495,10,0.001712229839039528,5,0.0028034794150910425,2,-0.02974602518010272,-0.02489023108138788,,0.0,0.001291144413651997,,0.02172913808453322,0.05044326989977869,0.08546907555853961,0.03502580565876092,0.05365685861643375,0.0172508220512649,0.03849170584953987,0.05954964643525599,0.02105794058571612,0.037501650914036455,0.02139161728825561,0.5143869368938262|0.6278480038268277|0.7217295673255805,0.7589612853353168|0.3894217242473803|0.66385483663513,0.3396559079544272|0.34556114871731425|0.657576993673773
66,contact|lift,lift,0,1.0,2,2,0,0,2,0,2,right_hand|left_hand,0.12002957798540592,0.0026460401713848114,0.10458987392485142,0.012760258978232741,,0.10458987392485142,0.6836664581038462,0.6836664581038462,,,1.0,1.0,0,0.0,0.0,True,0.00242188155746946,0.04166068495061945,10,0.001706649697619786,5,0.00242188155746946,2,-0.02986560648371217,-0.02524236968924143,,0.0,0.0014153581582445431,,0.02190003180203819,0.051031612626181985,0.08400213361199936,0.032970520985817375,0.05365304574654942,0.017416681602810624,0.0376196995923931,0.0598777497330198,0.0222580501406267,0.03936500241316688,0.0216984665606394,0.5159187738777059|0.6084986465896711|0.723651858777584,0.7577579333918905|0.37054278254061407|0.665918652911091,0.33788227085655553|0.33018451668852694|0.6610300819290774
67,lift,lift,1,0.8824969025845955,2,2,0,0,2,0,2,right_hand|left_hand,0.12009168788790703,0.002634290140122175,0.10494390688836575,0.0124804622028023,,0.10494390688836575,0.6951827377920736,0.6951827377920736,,,1.0,1.0,0,0.0,0.0,True,0.0016761502666167646,0.04169414324871362,8,0.0016761502666167646,3,0.0009408130510119989,2,-0.02981321261332681,-0.025584204538501965,,0.0,0.0014225692098345619,,0.022111367505484345,0.052160158948375626,0.08328939900617739,0.031129240057801766,0.052606391183522526,0.017435840558686536,0.037032972472281,0.060278233551406143,0.02324526107912514,0.03814589626530563,0.022046295930658766,0.5182281839712526|0.5883513687544438|0.7234704132930269,0.7567220447682335|0.3488521943641184|0.6678602536194347,0.33633617321312576|0.3132627439327101|0.6648722658159074
68,lift,lift,2,0.6065306597126334,2,2,0,0,2,0,2,right_hand|left_hand,0.11993708997033536,0.002684239065274596,0.10490885912440717,0.01231080712750554,,0.10490885912440717,0.7076807468888702,0.7076807468888702,,,1.0,1.0,0,0.0,0.0,True,0.001883403049179888,0.042477201334103265,7,0.001883403049179888,3,0.0009899507078502262,1,-0.029870106104063154,-0.02654529295587693,,0.0,0.0014334382306896462,,0.022260787360157623,0.053379002177505394,0.08334820353437056,0.029969201356865163,0.050821889828421035,0.01743347501184507,0.03671912429589608,0.0607002332681045,0.023981108972208426,0.038781174771581065,0.022099853813899957,0.5210974573680246|0.5681362364744644|0.7241633629854166,0.7557552932493249|0.32517264143949837|0.6707836548485397,0.3346702577201822|0.29616455607928055|0.6712469961409125
69,lift,lift,3,0.32465246735834974,2,2,0,0,2,0,2,right_hand|left_hand,0.11838808190077543,0.002668611938133836,0.10308850812725723,0.012599342968314886,,0.10308850812725723,0.749681190725664,0.749681190725664,,,1.0,1.0,0,0.0,0.0,True,0.00541034136253099,0.04318313089472825,10,0.00541034136253099,4,0.0010710946845476493,2,-0.029911328754005595,-0.02946101342712737,,0.0,0.0014613956595208627,,0.022582206300282515,0.05388450247948265,0.08310667854674261,0.029222176067259964,0.05010359086541002,0.017330513259130816,0.03700867742774968,0.05955990615763138,0.022551228729881703,0.03783072669825329,0.022470128905099564,0.5241449531290905|0.5479223260245324|0.7250010794131169,0.7550298042106633|0.3017821515514593|0.6746217051667679,0.3346383939938346|0.27863037870292257|0.6791223314309491
70,lift,lift,4,0.25,2,2,0,0,2,0,2,right_hand|left_hand,0.1400896729901433,0.0026654100511223078,0.12413888308219612,0.013254316058009863,,0.12413888308219612,0.8451292430079999,0.8451292430079999,,,1.0,1.0,0,0.0,0.0,True,0.004703022888331521,0.04429706139300932,9,0.004703022888331521,4,0.001025087481675055,1,-0.029924551336454996,-0.02915119218083717,,0.0,0.0014188757228056452,,0.02316667767164229,0.054745524450562334,0.08301734644831557,0.028271821997753237,0.049146486940984044,0.0172367174777081,0.03771509751251009,0.061880073780147364,0.02416497626763727,0.03776000028885111,0.02311192165922021,0.5267379844592996|0.5288525843304431|0.7254463748190534,0.75467890084974|0.27871240619783927|0.6795017428719842,0.3342505785287102|0.2656891239197861|0.6815317663918798
71,lift,lift,5,0.25,2,2,0,0,2,0,2,right_hand|left_hand,0.11143762292340398,0.0026350291445851326,0.09614209295250475,0.0126283448189497,,0.09614209295250475,0.7276970775188322,0.7276970775188322,,,1.0,1.0,0,0.0,0.0,True,0.0051694918820319735,0.040272877943975355,10,0.0051694918820319735,5,0.0009376223225534969,2,-0.03254022304475335,-0.03055611511092593,,0.0,0.001343649944854109,,0.02229603336199919,0.055322868465104334,0.07988987023394967,0.024567001768845333,0.0491837793186221,0.017803335924028222,0.03816458677540281,0.05845647725555841,0.020291890480155596,0.03557336954086527,0.02160710301398096,0.5268528670724542|0.49915534385179333|0.7321727692277523,0.7544962081709027|0.25861583486060946|0.6906797815770376,0.3343974716835738|0.24356412141561826|0.688453129391638
72,lift,lift,6,0.25,2,2,0,0,2,0,2,right_hand|left_hand,0.10685393796302378,0.0026339900214225054,0.09179941681213677,0.012389627052471042,,0.09179941681213677,0.6875268262975449,0.6875268262975449,,,1.0,1.0,0,0.0,0.0,True,0.0019606453619277348,0.03525989995695766,11,0.0019606453619277348,7,0.0009481271883474279,1,-0.030702067533642463,-0.028297155257948958,,0.0,0.0012209302231792631,,0.02201687880870441,0.055568303809093826,0.08086183555821963,0.025293531749125804,0.0492958682493342,0.017661781904160984,0.03799352123234755,0.059160520479976254,0.0211669992476287,0.03584144845768933,0.021163003768598754,0.5306551854320862|0.4785985123590571|0.7344431640951247,0.7536585767919758|0.23695936219893154|0.6924428638794214,0.33274087606358516|0.2252114151852378|0.690934448280427
73,lift,lift,7,0.25,2,2,0,0,2,0,2,right_hand|left_hand,0.10845319111831486,0.002651961985975504,0.09285442600958049,0.012910230085253716,,0.09285442600958049,0.6568347390044772,0.6568347390044772,,,1.0,1.0,0,0.0,0.0,True,0.0019827894898831744,0.03462716390350584,12,0.0019827894898831744,8,0.0010081598857039215,1,-0.0303532335903558,-0.028426815455695476,,0.0,0.001114374937605298,,0.021774002481019992,0.05525468948402768,0.08040250704518245,0.02514781756115477,0.04943196497332554,0.017846394669278655,0.037862509163204494,0.05896919255012248,0.021106683386917985,0.035765353284087795,0.02081498317398723,0.534366631045177|0.4601735788701401|0.737032820893545,0.7526008243621995|0.2167366252608111|0.694104396710641,0.3319543415855443|0.20821382892745272|0.695077511271094
74,lift,lift,8,0.25,2,2,0,0,2,0,2,right_hand|left_hand,0.10929660103283823,0.002674554008990526,0.0933091389015317,0.013280879007652402,,0.0933091389015317,0.657662333527239,0.657662333527239,,,1.0,1.0,0,0.0,0.0,True,0.004906688929969136,0.035347024134160826,12,0.004906688929969136,8,0.0010728868979272693,1,-0.031047891669816252,-0.030189004406720343,,0.0,0.0011220419128120697,,0.021815286668014366,0.0552517462021013,0.08102938094678919,0.02577763474468789,0.04681515231198774,0.018553176197528706,0.03773448116883345,0.05773262396068711,0.019998142791853663,0.03504113600573141,0.0201028258842933,0.5365545826399489|0.44024289507784437|0.7373283529552738,0.7505527457314705|0.1939139169031397|0.6968564225705152,0.3320749727658068|0.19099384329825667|0.6985144303265062
75,lift,lift,9,0.25,2,2,0,0,2,0,2,right_hand|left_hand,0.1100629719439894,0.002659026999026537,0.0940718271303922,0.013295283075422049,,0.0940718271303922,0.6657506400734432,0.6657506400734432,,,1.0,1.0,0,0.0,0.0,True,0.00459691917382328,0.035462111983940614,12,0.00459691917382328,8,0.0011428170753128436,1,-0.03102834199014559,-0.029872304995611998,,0.0,0.0011125023244212202,,0.02193539001094546,0.05504233004156982,0.08157070786870041,0.026528377827130592,0.04599912458344784,0.01864875831673952,0.03780574298591345,0.05794414285455793,0.020138399868644477,0.037469239994074734,0.020113500759724574,0.5389420609684037|0.42216209019167883|0.738122686340876,0.7490591864591402|0.17254478050323566|0.6985581441902867,0.33035806864436584|0.1742225727857721|0.7016732163241219
76,lift,lift,10,0.25,2,2,0,0,2,0,2,right_hand|left_hand,0.11674317019060254,0.00266925897449255,0.09963876497931778,0.014399192994460464,,0.09963876497931778,0.661643391923546,0.661643391923546,,,1.0,1.0,0,0.0,0.0,True,0.00430717872067371,0.03595190065780965,14,0.00430717872067371,8,0.000998119869029715,1,-0.031115374994241662,-0.0292805898823012,,0.0,0.0011118495691502823,,0.021824594906387725,0.05502234518738768,0.08181885980747083,0.026796514620083152,0.04540258721105899,0.0184377718544509,0.037929833137146575,0.05803139861725387,0.020101565480107296,0.0373796972875314,0.01963747040627779,0.5393694394428886|0.4034514251797911|0.7367853453736468,0.7472346097624952|0.15183089358909213|0.6990034147641171,0.3288008916476638|0.1569403806551673|0.7026613637388871
77,lift,lift,11,0.25,2,2,0,0,2,0,2,right_hand|left_hand,0.12351569999009371,0.0025806711055338383,0.10683621908538043,0.014066032832488418,,0.10683621908538043,0.6493106870738351,0.6493106870738351,,,1.0,1.0,0,0.0,0.0,True,0.0014496500615077401,0.036735213717321025,13,0.0014496500615077401,8,0.0009618947787201071,1,-0.030792596557951413,-0.026137791860149306,,0.0,0.0014246144150007211,,0.02157491861360909,0.054896188116882357,0.08227498529794268,0.027378797181060323,0.04575387197905659,0.01850333601862319,0.037866171346140474,0.06206110818757366,0.024194936841433187,0.04050223450425031,0.01883191068267258,0.5362769353920753|0.3839812780940352|0.7354269983063347,0.7467218078847213|0.13127405024204455|0.699706191986329,0.3263891957992895|0.14405255475992654|0.6994658068765748
78,lift,lift,12,0.25,2,2,0,0,2,0,2,right_hand|left_hand,0.12483934103511274,0.0026677269488573074,0.10769773297943175,0.014439651044085622,,0.10769773297943175,0.6465038764408595,0.6465038764408595,,,1.0,1.0,0,0.0,0.0,True,0.004696378337707682,0.03750374223648645,15,0.004696378337707682,10,0.0009770670972799878,1,-0.03022631994294045,-0.02907842640108882,,0.0,0.0014446326691209392,,0.021494945881669975,0.05424781529848365,0.08185737883632418,0.027609563537840533,0.04995653526695557,0.018273373916777483,0.038394989384729065,0.05785225486045545,0.019457265475726383,0.03763384711686623,0.019088443946641068,0.5394585528403183|0.3665100277964668|0.7336317765313032,0.7456756309157866|0.11195190149691014|0.6967110463186299,0.32644251111468153|0.1226062230407381|0.7029892338815455
79,lift,lift,13,0.25,2,2,0,0,2,0,2,right_hand|left_hand,0.1251128010917455,0.0026154997758567333,0.10905367485247552,0.01341168093495071,,0.10905367485247552,0.6566768642588051,0.6566768642588051,,,1.0,1.0,0,0.0,0.0,True,0.0016751802791391025,0.0379143910315862,13,0.0016751802791391025,10,0.0009363990849726306,1,-0.03031206005324627,-0.02623332442797377,,0.0,0.0014213799859251167,,0.021652411021688613,0.053541845803466416,0.07994089106003067,0.02639904525656426,0.051813777904458506,0.01845871648944258,0.03885015828802071,0.061005146279759954,0.022154987991739247,0.040305838865644365,0.019377799655763583,0.5389977822482069|0.3506566884619378|0.7342304123336446,0.744840719322809|0.09344517777411372|0.6947933978529252,0.32385835857508005|0.1084977338263225|0.6994085082885467
80,lift,lift,14,0.25,2,2,0,0,2,0,2,right_hand|left_hand,0.12020823499187827,0.002590176183730364,0.10479943105019629,0.012786798877641559,,0.10479943105019629,0.6910143784141144,0.6910143784141144,,,1.0,1.0,0,0.0,0.0,True,0.0014600794292820157,0.038514471111474796,14,0.0014600794292820157,10,0.0009343955787270292,1,-0.03038561620172331,-0.02640930575092426,,0.0,0.0014431178031167242,,0.02197712569435739,0.05281163420317074,0.07851628236484973,0.025704648161678986,0.054151097917743016,0.01874703741440826,0.03909757151750115,0.06073877142753395,0.0216411999100328,0.040093915277689726,0.019778798522865335,0.5391807124770099|0.33409537240273546|0.7328754499941071,0.7433918215397145|0.07439958961875696|0.6909136580288131,0.32341073775355395|0.09193058233749889|0.6953931326704678
81,lift,lift,15,0.25,2,2,0,0,2,0,2,right_hand|left_hand,0.12014111806638539,0.0026050040032714605,0.10466198599897325,0.012840862153097987,,0.10466198599897325,0.7050049417049926,0.7050049417049926,,,1.0,1.0,0,0.0,0.0,True,0.0014948767994611284,0.0387768515719448,18,0.0014948767994611284,14,0.0009536878914410823,1,-0.03055582738863727,-0.026573693151945577,,0.0,0.0014567153358691414,,0.022077751000242417,0.05296259291520634,0.07857116865802095,0.025608575742814617,0.05607101708432918,0.019044174886636147,0.03961493467729736,0.06093521726711259,0.021320282589815227,0.03945486312232257,0.019793827356768448,0.5385465731231028|0.3176941885306631|0.7314892001377022,0.7423079236991339|0.053056979427638915|0.6885556303124232,0.3224172857908672|0.07604278656394124|0.6902440482963828
82,lift,lift,16,0.25,2,2,0,0,2,0,2,right_hand|left_hand,0.12010577088221908,0.0027180779725313187,0.10453114006668329,0.01282265200279653,,0.10453114006668329,0.6957334549158753,0.6957334549158753,,,1.0,1.0,0,0.0,0.0,True,0.0014985440351178853,0.039209118516292774,14,0.0014985440351178853,10,0.0009435215516137851,1,-0.03037716486393549,-0.026757507167822325,,0.0,0.0014237598072690588,,0.021988273108482212,0.05349538631266275,0.07902251074083051,0.025527124428167763,0.05638961148942953,0.01905682720968586,0.03953561794581501,0.060667494804690865,0.021131876858875853,0.03933354835102239,0.01976565582711008,0.5370999553261676|0.29976299809897783|0.7293393232100751,0.7407605584406141|0.032074828212230656|0.6847774626241657,0.32097978344687245|0.05899058091664855|0.6848916383698331
83,lift,lift,17,0.25,2,2,0,0,2,0,2,right_hand|left_hand,0.11768531799316406,0.002636027056723833,0.10238138190470636,0.01263486105017364,,0.10238138190470636,0.675858764385405,0.675858764385405,,,1.0,1.0,0,0.0,0.0,True,0.001566676821738243,0.040084705668998216,14,0.001566676821738243,10,0.0009017320481485708,1,-0.03015562257341564,-0.026578863482004778,,0.0,0.001414516618621855,,0.021769534702005603,0.05423468429844837,0.08036447316322802,0.02612978886477965,0.05593059293599604,0.01881728476975403,0.03948351861285519,0.060606018285585865,0.021122499672730673,0.03916156554892635,0.019915302212123176,0.5342124890255359|0.27992686645189574|0.7266024207950703,0.7390836288208029|0.010010047615188318|0.6818728583086419,0.31861018630273297|0.04073852705507407|0.6796746698716621
84,lift,lift,18,0.25,2,2,0,0,2,0,2,right_hand|left_hand,0.11644400097429752,0.0026524970307946205,0.10131175396963954,0.012447079876437783,,0.10131175396963954,0.6654464125641723,0.6654464125641723,,,1.0,1.0,0,0.0,0.0,True,0.00171634620229337,0.04067391920341126,12,0.00171634620229337,8,0.0009570812376150928,1,-0.030150167815261142,-0.026392586535340712,,0.0,0.0014077352870754641,,0.021637928722694745,0.05392009683769248,0.0804148741677767,0.026494777330084228,0.0564284987692431,0.018799183082400604,0.03952623391725996,0.06090621169432663,0.02137997777706667,0.03973179361822663,0.020166348938065987,0.5313804846648098|0.25913305831314987|0.7259032560398618,0.7367888868356042|-0.009537261105309999|0.6788512404192418,0.3156900204544717|0.022074701190803757|0.6756134522049129
85,lift,lift,19,0.25,2,2,0,0,2,0,2,right_hand|left_hand,0.13931260514073074,0.0026244400069117546,0.12422666605561972,0.012429580092430115,,0.12422666605561972,0.6829987332466029,0.6829987332466029,,,1.0,1.0,0,0.0,0.0,True,0.0017118461056447494,0.04086749748396776,8,0.0017118461056447494,4,0.0009266461364627054,1,-0.03027977528342163,-0.026302142620556523,,0.0,0.0014047975306406496,,0.02185671343000167,0.052944634894628216,0.08047741745715771,0.027532782562529494,0.056580104141749174,0.018965445555230637,0.03941355537398549,0.061455869325885155,0.022042313951899664,0.040518438126062234,0.02059956291862282,0.5290000456310576|0.23725966028155973|0.7267160446246591,0.7345892706003463|-0.029320852992965295|0.6776769013754126,0.31267007328596125|0.0028370607979318445|0.6730310688230452
86,lift,lift,20,0.25,2,2,0,0,2,0,2,right_hand|left_hand,0.11785662593320012,0.0025639841333031654,0.10275476705282927,0.012506227940320969,,0.10275476705282927,0.7040730041503672,0.7040730041503672,,,1.0,1.0,0,0.0,0.0,True,0.001702217341295189,0.04122926086780093,8,0.001702217341295189,4,0.0009200925108309721,1,-0.031188541256907953,-0.02868906376378355,,0.0,0.0013912188180066904,,0.022135129996732394,0.052335570968175225,0.0793414681323813,0.027005897164206073,0.056879150988254364,0.019423980144375536,0.03957457891397682,0.05975918994021512,0.0201846110262383,0.038213560769780254,0.02096188366903081,0.5262858932494469|0.21587997336179726|0.7288154026198149,0.7320732643714454|-0.04812164838190015|0.6780871132795185,0.31061102570493276|-0.019887731126236388|0.6736815189932293
87,lift,lift,21,0.25,2,2,0,0,2,0,2,right_hand|left_hand,0.11635894910432398,0.0026265589985996485,0.10128788300789893,0.012411262840032578,,0.10128788300789893,0.7379113155257031,0.7379113155257031,,,1.0,1.0,0,0.0,0.0,True,0.002037075645536568,0.041651211441133235,8,0.002037075645536568,4,0.0009022381590673145,1,-0.03199166603384107,-0.026887410781052168,,0.0,0.00146778215211072,,0.02252481035134541,0.05202448067509307,0.0783745668961524,0.026350086221059325,0.056705968588189444,0.019668622660429545,0.0394933665107388,0.061996961473175634,0.022503594962436833,0.03970391343637335,0.020984812127833728,0.5222946732617171|0.19313079437680764|0.7313799414932594,0.7306663555075127|-0.06745126892511955|0.681471413737994,0.3070046638528474|-0.040637283847286196|0.6715385714831501
88,lift,lift,22,0.25,2,2,0,0,2,0,2,right_hand|left_hand,0.11506834882311523,0.0026297811418771744,0.09993291413411498,0.012471300084143877,,0.09993291413411498,0.7631167140441302,0.7631167140441302,,,1.0,1.0,0,0.0,0.0,True,0.002428365681978739,0.04234986512244926,8,0.002428365681978739,4,0.000899736490939454,1,-0.03225595832063277,-0.026844713241246154,,0.0,0.0014306121511400431,,0.02277253880401432,0.05167485160244185,0.07863893398856096,0.026964082386119116,0.05337602434402347,0.019878219901499215,0.039589975463028844,0.061962734356795036,0.022372758893766193,0.03876397947864022,0.020808555023540506,0.5168936845829727|0.17197927334997182|0.7304143587154159,0.7293363445419685|-0.08737056046935536|0.6829661931198256,0.3051500325609894|-0.06419408078238262|0.6711071125627268
89,lift,lift,23,0.25,2,2,0,0,2,0,2,right_hand|left_hand,0.11203387496061623,0.0026260269805788994,0.09709785506129265,0.012278045993298292,,0.09709785506129265,0.7368427176097649,0.7368427176097649,,,1.0,1.0,0,0.0,0.0,True,0.002376007418216655,0.03992767923076679,8,0.002376007418216655,4,0.0009310710730749544,1,-0.031429449077274185,-0.03098313287536314,,0.0,0.0013535054991406577,,0.02233452199532921,0.051297621187728105,0.0812111522251104,0.029913531037382292,0.05125812047820522,0.019277451755341672,0.0399114196952542,0.05920164466471655,0.019290224969462352,0.036953635473334384,0.02132043078141696,0.5197583059171346|0.14626990724331368|0.7337498410740961,0.7288020094994236|-0.10921519324424192|0.6833988693782062,0.3066315460060102|-0.08718827653948007|0.6767900884276009
90,lift,lift,24,0.25,2,2,0,0,2,0,2,right_hand|left_hand,0.10803445894271135,0.0025907938834279776,0.09306048578582704,0.012352021876722574,,0.09306048578582704,0.7229121643871154,0.7229121643871154,,,1.0,1.0,0,0.0,0.0,True,0.0034715285288561826,0.03622699824562861,8,0.0034715285288561826,4,0.0008893727204373619,1,-0.033091859093838494,-0.02953277537521437,,0.0,0.0011465160539396555,,0.022330770622143302,0.05108688241584495,0.08068134629006646,0.02959446387422151,0.048414199978007603,0.018827804849037833,0.03907005146331291,0.05930655833850451,0.0202365068751916,0.037590230403230646,0.02113672489208531,0.5156427856638497|0.1227529932986062|0.7362407252076949,0.7284456360285675|-0.13508306222213468|0.6907922616116803,0.3057556875702255|-0.11163646791747331|0.6776816391506296
91,lift,lift,25,0.25,2,2,0,0,2,0,2,right_hand|left_hand,0.1077381051145494,0.002596606034785509,0.09269984695129097,0.012411331059411168,,0.09269984695129097,0.6922931829311804,0.6922931829311804,,,1.0,1.0,0,0.0,0.0,True,0.001597297272652426,0.03230849819487244,10,0.001597297272652426,5,0.0009385787290702302,1,-0.0316911840082863,-0.026184215941142952,,0.0,0.0011900589194630744,,0.021925943400458482,0.05120678272609865,0.0826045587736205,0.03139777604752184,0.04937514400355599,0.017724767604337346,0.039043695649939224,0.06137648103303959,0.022332785383100365,0.03866523538540874,0.020288111999713546,0.5101624360421714|0.10263444095185942|0.7350241236112567,0.7279183407014904|-0.14795599116742078|0.6862920913187611,0.30497044726301187|-0.134691686317314|0.6761295520752575
92,lift,lift,26,0.25,2,2,0,0,2,0,2,right_hand|left_hand,0.10843484289944172,0.0026121640112251043,0.0931030809879303,0.012687379028648138,,0.0931030809879303,0.682315248150363,0.682315248150363,,,1.0,1.0,0,0.0,0.0,True,0.0016438267719010996,0.03336475528311694,13,0.0016438267719010996,8,0.000972445889761947,1,-0.030717145225324316,-0.025908615350218156,,0.0,0.0011601886472986337,,0.02185490146073461,0.05176764694933557,0.08156604111014507,0.029798394160809497,0.053292706794433625,0.017073603678772073,0.03899495115191409,0.06071698395046798,0.021722032798553885,0.03730876264868654,0.020492309126741035,0.5057404096141117|0.08184997071758268|0.7340220744283168,0.7293090827016405|-0.1620353132985561|0.6858761830637033,0.30607295618362|-0.16077100463936786|0.678680502783768
93,lift,lift,27,0.25,2,2,0,0,2,0,2,right_hand|left_hand,0.11120897787623107,0.0026079530362039804,0.09545197803527117,0.013104225974529982,,0.09545197803527117,0.675871597490888,0.675871597490888,,,1.0,1.0,0,0.0,0.0,True,0.0014491226238388805,0.034236471176457256,12,0.0014491226238388805,8,0.0009670340381830456,1,-0.030698851817792416,-0.0253593731099393,,0.0,0.0011545698933278995,,0.02174884292301886,0.05251810766007785,0.08077631339874898,0.028258205738671133,0.05326235233251665,0.01685116632492722,0.03902641846104848,0.06124498048270881,0.02221856202166033,0.03711550673297821,0.02036896421156251,0.5019564495984418|0.062051684609816506|0.7350447901473206,0.7304414882930351|-0.17726609289717782|0.6883817706431855,0.3074400005854675|-0.18494392443667332|0.6813083511120226
94,lift,lift,28,0.25,2,2,0,0,2,0,2,right_hand|left_hand,0.11197970504872501,0.002651904011145234,0.0963186058215797,0.012972069904208183,,0.0963186058215797,0.6722447674567544,0.6722447674567544,,,1.0,1.0,0,0.0,0.0,True,0.001849418770805314,0.035052973405289845,12,0.001849418770805314,8,0.0009844701203600703,1,-0.03061837945960022,-0.026475299440884115,,0.0,0.0011513453726770223,,0.02173933510888485,0.05337867936515988,0.08019850018019539,0.026819820815035512,0.052809701349810424,0.01690083353073862,0.03923634126538478,0.06010964846582704,0.02087330720044226,0.03634105055675768,0.020370900198910562,0.5004880457650807|0.04187297511683296|0.7357136690760605,0.7317365761421726|-0.1920661226624529|0.6906280224045984,0.30976072292339774|-0.21008784126380176|0.6862464951865791
95,lift,lift,29,0.25,2,2,0,0,2,0,2,right_hand|left_hand,0.11192636704072356,0.0026181188877671957,0.09599878010340035,0.013277066871523857,,0.09599878010340035,0.6690983205396687,0.6690983205396687,,,1.0,1.0,0,0.0,0.0,True,0.0018465336753161893,0.03600093309119637,12,0.0018465336753161893,8,0.0009964784601724785,1,-0.0309991537053822,-0.02673570629247024,,0.0,0.0011407894909330727,,0.021707876946043304,0.05324327289408438,0.07987914826097044,0.02663587536688606,0.051635142995870326,0.016720652510113475,0.039320056580962465,0.059680239475611775,0.02036018289464931,0.03589775105134847,0.020393503104858494,0.49994487514155733|0.0211055337680989|0.7357147903491326,0.7330461476378314|-0.207824874086654|0.693989089407168,0.3124825037110218|-0.23415972759067238|0.6894591322267531
96,lift,lift,30,0.25,2,2,0,0,2,0,2,right_hand|left_hand,0.1176482739392668,0.002595512894913554,0.10119884996674955,0.013822173001244664,,0.10119884996674955,0.6623460696431128,0.6623460696431128,,,1.0,1.0,0,0.0,0.0,True,0.001759757978950241,0.036943594620942516,12,0.001759757978950241,8,0.0009730532933788089,1,-0.030830236608476724,-0.026660643089535085,,0.0,0.0011562362036536182,,0.021578189720348123,0.05264279447243873,0.07917979078958268,0.02653699631714395,0.050747752877358006,0.016679176986947968,0.039595738524436035,0.05942277967655255,0.019827041152116517,0.03537709565529602,0.020306540855083488,0.49918706801842505|0.0013106615442489917|0.7348014554259548,0.7347297274767661|-0.22186349530144925|0.6965301680484717,0.3151244682103461|-0.25810541016448163|0.6917706179369469
97,lift,lift,31,0.25,2,3,1,1,2,1,3,right_hand|left_hand,0.19034012197516859,0.002656667958945036,0.16611109604127705,0.01450828299857676,,0.16611109604127705,0.659126596624323,0.6579744796273244,0.02732541236625377,0.02063627502228757,1.0,1.0,0,0.0,0.0,True,0.0014355789147394299,0.03790333919362254,20,0.0014355789147394299,10,0.0009899724333880255,2,-0.0312277082462451,-0.025908716235736762,,0.0,0.001414930839129023,,0.02151847507801755,0.05186772513673518,0.07999265461972542,0.028124929482990238,0.04979299275120953,0.016824653009714426,0.039767764578703284,0.060962344684208414,0.02119458010550513,0.03631763021135149,0.02062625337201566,0.4959278569892579|-0.01656281358692919|0.7334369257489843,0.7356673521174729|-0.23934682316178957|0.6977214775189866,0.316562706746932|-0.2788913302512767|0.6932672645784722
98,lift,lift,32,0.25,2,2,0,0,2,0,2,right_hand|left_hand,0.14840101404115558,0.002686514984816313,0.13153801392763853,0.014142578933387995,,0.13153801392763853,0.66001329191761,0.66001329191761,,,1.0,1.0,0,0.0,0.0,True,0.0044544760743239625,0.038149925224427256,13,0.0044544760743239625,10,0.000970971394874634,1,-0.03060435630929703,-0.029082132749826073,,0.0,0.001415406512555957,,0.02158102394396595,0.05101938130571162,0.07846588854021157,0.02744650723449995,0.051992560157203695,0.016945083880924652,0.040257295241883505,0.059159658079452664,0.01890236283756916,0.034567705891672365,0.021098293073658715,0.4954661314552939|-0.0327799276814169|0.7343327599954227,0.7374052447196022|-0.2525772299293564|0.6973279758664868,0.32026767530799094|-0.2995535943809007|0.6967279845368575
99,lift,lift,33,0.25,2,2,0,0,2,0,2,right_hand|left_hand,0.12011321797035635,0.0026382398791611195,0.10434424900449812,0.013100681127980351,,0.10434424900449812,0.6717208549745576,0.6717208549745576,,,1.0,1.0,0,0.0,0.0,True,0.004324888872052124,0.038389215927052744,15,0.004324888872052124,11,0.0009201554012604057,1,-0.030778027250114803,-0.029751146797238448,,0.0,0.0014331134080972899,,0.021787777526344514,0.05020037318986627,0.07823265647994389,0.02803228329007762,0.051312707754576116,0.017100013597658982,0.040929933158895,0.05938021207058743,0.01845027891169243,0.03490330706009268,0.021500621443409133,0.49459044572097793|-0.04878541173508679|0.7352289472247208,0.7389151789116439|-0.26962816688584096|0.6971069107124229,0.321951145442176|-0.3185783602625935|0.6979835470052393
100,lift,lift,34,0.25,2,5,3,2,2,3,5,right_hand|left_hand,0.28378908708691597,0.002617183141410351,0.26225093589164317,0.012695704819634557,,0.26225093589164317,0.6794099461918981,0.6734030231219746,0.02749039894314726,0.02698504686201366,1.0,1.0,0,0.0,0.0,True,0.0015331465204192,0.03846208517072153,16,0.0015331465204192,11,0.000992926846203654,2,-0.03361781681713083,-0.027528594039363696,,0.0,0.0014136075385935611,,0.021826855766926005,0.049869754028211734,0.0793897931933772,0.02952003916516547,0.04624953509059029,0.0173165018035706,0.04117591618043275,0.06163353123462443,0.020457615054191677,0.036920042936941504,0.021748990857739618,0.49328911367585204|-0.06479620465435869|0.7346116235925761,0.7391707697958919|-0.29193383940673423|0.6994390749834485,0.32204848353703286|-0.33622704761922545|0.6947937573647364
101,lift,lift,35,0.25,2,2,0,0,2,0,2,right_hand|left_hand,0.11885825195349753,0.0026448010466992855,0.10365679999813437,0.01252515404485166,,0.10365679999813437,0.6732481695492119,0.6732481695492119,,,1.0,1.0,0,0.0,0.0,True,0.0016017017620311748,0.03865353754369699,14,0.0016017017620311748,9,0.0009648232078301178,2,-0.031031973299292304,-0.022395402143239096,,0.0,0.0014167575437426885,,0.02178208652462532,0.05012815757372075,0.077815634724082,0.027687477150361246,0.049297989789096025,0.01716213763032952,0.041063160271135754,0.06756285143210342,0.02649969116096766,0.042675593033980115,0.021617909609817902,0.4944946733446625|-0.08011378368991931|0.7330759129692054,0.7400698687658614|-0.30456064140140815|0.691250782119398,0.3190084720273922|-0.34989245102745997|0.6902732306778284
102,lift,lift,36,0.25,2,2,0,0,2,0,2,right_hand|left_hand,0.11783435405232012,0.0026175840757787228,0.10227674595080316,0.012907698983326554,,0.10227674595080316,0.6683322294609932,0.6683322294609932,,,1.0,1.0,0,0.0,0.0,True,0.004824922758806707,0.03902432322691837,14,0.004824922758806707,10,0.0009352757550114277,1,-0.030557431633283727,-0.030688931512385054,,0.0,0.0014145405772628286,,0.021798180318691792,0.050887856121957245,0.07735715529938231,0.026469299177425062,0.05028025733532604,0.01734246467223713,0.04023130942507063,0.05981247977282201,0.019581170347751378,0.03833057691885768,0.02184832617445363,0.49686285728851465|-0.09683841358046176|0.7320929406426245,0.7403782291311131|-0.3204842476574915|0.6858242751569621,0.3242102959420884|-0.3723125363620212|0.693760584826603
103,lift,lift,37,0.25,2,2,0,0,2,0,2,right_hand|left_hand,0.11854251008480787,0.0026238069403916597,0.10305801802314818,0.01282933703623712,,0.10305801802314818,0.670424298845095,0.670424298845095,,,1.0,1.0,0,0.0,0.0,True,0.0049124627008824695,0.03968028097075893,14,0.0049124627008824695,10,0.0009408703502111759,1,-0.030727279973270072,-0.030703349393744972,,0.0,0.0014137716317233647,,0.021857758542641655,0.052053548970268836,0.0787409274406051,0.02668737847033626,0.04895512233183568,0.017808376359042526,0.0391092353510085,0.059349521938381805,0.020240286587373306,0.0390893136645133,0.021735346834310387,0.5010985338631592|-0.11318712213093217|0.7304402931702914,0.7408499354789893|-0.34038749259834694|0.6819096189294449,0.32388121976433126|-0.39004082704650095|0.6919816535806192
104,lift,lift,38,0.25,2,2,0,0,2,0,2,right_hand|left_hand,0.1221709200181067,0.0026567098684608936,0.10675387596711516,0.012727640103548765,,0.10675387596711516,0.6794687288398654,0.6794687288398654,,,1.0,1.0,0,0.0,0.0,True,0.001980602002652848,0.0402240463545879,13,0.001980602002652848,9,0.0009221421871896673,1,-0.03105272495064426,-0.02885631775779629,,0.0,0.0014114251300446936,,0.021987876132888037,0.05296771424189847,0.07917670255931095,0.026208988317412474,0.04771019081737103,0.01796800584245608,0.03796130654290091,0.060143449319055,0.022182142776154087,0.04126688037925489,0.02172313656291054,0.5054101524590466|-0.13050723545771917|0.7303745902011048,0.7413389153328097|-0.3607578078500025|0.6790230528501642,0.32260393031363777|-0.4056833353555464|0.6894889208904191
105,lift,lift,39,0.25,2,2,0,0,2,0,2,right_hand|left_hand,0.12190068210475147,0.002670978894457221,0.10635083611123264,0.01284762006253004,,0.10635083611123264,0.6921374654240655,0.6921374654240655,,,1.0,1.0,0,0.0,0.0,True,0.0014872875864599885,0.040518188588385046,13,0.0014872875864599885,8,0.0009850284170601076,2,-0.031777320734329706,-0.021675346976085308,,0.0,0.0014019539431453867,,0.022141275092119845,0.05350023260415402,0.07945595631562662,0.025955723711472596,0.04594512016229767,0.018035261810637037,0.03711203527518356,0.0684693829479125,0.031357347672728936,0.04718203875733858,0.02156325062997919,0.5100476615923873|-0.146507937190452|0.7301021508212069,0.7404352479293417|-0.38350176067428393|0.6749989676655936,0.31863218367841895|-0.411424087973266|0.6805244046498338
106,lift,lift,40,0.25,2,2,0,0,2,0,2,right_hand|left_hand,0.12002909509465098,0.002638645935803652,0.1049300970043987,0.012429954018443823,,0.1049300970043987,0.7059706706779203,0.7059706706779203,,,1.0,1.0,0,0.0,0.0,True,0.0014601772785756834,0.039820446947175264,12,0.0014601772785756834,7,0.001360674047863511,2,-0.034119698837995927,-0.02098076473974686,,0.0,0.00115041271291909,,0.022308375780044867,0.05412634430526514,0.07989595926658137,0.02576961496131623,0.04310939697969289,0.018080601134032637,0.03634802915806794,0.07040995424861432,0.03406192509054638,0.0477752350224179,0.021063360285608245,0.5155545863470562|-0.16527575058674582|0.7312634586079633,0.7402179063884158|-0.40799391697045373|0.6761657926653456,0.31835086621764136|-0.41988560703779665|0.6777129707914545
107,lift,lift,41,0.25,2,2,0,0,2,0,2,right_hand|left_hand,0.11975914495997131,0.002613409887999296,0.10429793898947537,0.012814607005566359,,0.10429793898947537,0.7197227971192962,0.7197227971192962,,,1.0,1.0,0,0.0,0.0,True,0.001431583093137779,0.03876677967594866,12,0.001431583093137779,7,0.0012055440700466102,2,-0.03399410381974732,-0.019871906398257977,,0.0,0.0014207171619911893,,0.022363140265138904,0.05482173867011342,0.08137872059636932,0.0265569819262559,0.043243541653886615,0.018608718743624644,0.03560123242083103,0.0718873794891634,0.03628614706833237,0.04852501464274519,0.021574698022728947,0.5199117335892719|-0.18423232369015557|0.7314957799232301,0.7409929626250565|-0.43372719658044434|0.6785250201032051,0.31705330517372393|-0.42855908689623|0.6759840978433028
108,lift,lift,42,0.25,2,2,0,0,2,0,2,right_hand|left_hand,0.11790984193794429,0.0026097369845956564,0.10280961100943387,0.012457725126296282,,0.10280961100943387,0.7252229821045142,0.7252229821045142,,,1.0,1.0,0,0.0,0.0,True,0.0015571619094908312,0.03946360142810479,13,0.0014092593172379889,8,0.0015571619094908312,2,-0.03457256997344871,-0.019559922421411358,,0.0,0.001424141208031345,,0.02224538678445012,0.0552368818839593,0.080914626416387,0.025677744532427695,0.04308594011860321,0.018291989843465712,0.03496290298900075,0.07192503870501088,0.036962135716010126,0.0485090704776921,0.020880834401617848,0.5269230810792387|-0.20326409839721485|0.7324436527023056,0.739336230708502|-0.45623936410856447|0.6805520990576508,0.31565251126181015|-0.4377174539548874|0.675816803329392
109,lift,lift,43,0.25,2,2,0,0,2,0,2,right_hand|left_hand,0.11622114409692585,0.0026215410325676203,0.10135796992108226,0.012209798907861114,,0.10135796992108226,0.7607723506614857,0.7607723506614857,,,1.0,1.0,0,0.0,0.0,True,0.0014894051217372861,0.040642410225982195,13,0.0014894051217372861,8,0.0009034484360576633,2,-0.03509061878794739,-0.020066975607699433,,0.0,0.001417488364739563,,0.022530221098638198,0.056012868311818176,0.08013784650032596,0.024124978188507784,0.04420713178905246,0.0182388790863535,0.03483913335289958,0.07137803234192977,0.03653889898903019,0.04770573158567519,0.021305236461535777,0.5333474439603869|-0.21938793948606658|0.7320058628511178,0.7365110558648774|-0.47904443991647855|0.6809921124897718,0.3133424386923172|-0.4461853419365029|0.6763104544249412
110,lift,lift,44,0.25,2,2,0,0,2,0,2,right_hand|left_hand,0.13543571601621807,0.00263845082372427,0.12030208297073841,0.012461327016353607,,0.12030208297073841,0.7078254815293149,0.7078254815293149,,,1.0,1.0,0,0.0,0.0,True,0.001751584721776847,0.037714178835256545,13,0.0014325031788997994,8,0.001751584721776847,2,-0.03650085833475458,-0.019922948300914456,,0.0,0.0012082799448566229,,0.02194108188595488,0.05608804471666944,0.07950384655163147,0.023415801834962023,0.04382743718199975,0.018534865106053795,0.03515241213300122,0.06930086765326748,0.03414845552026626,0.0448839338904443,0.020557800144855618,0.5334942102475362|-0.23914836401857362|0.7341025684533699,0.731409554458064|-0.5034623205090172|0.6847758184381115,0.308342123348924|-0.4592646789531567|0.6784893519873154
111,lift,lift,45,0.25,2,2,0,0,2,0,2,right_hand|left_hand,0.10910518909804523,0.0026318219024688005,0.09407208301126957,0.01236968394368887,,0.09407208301126957,0.6858179717573897,0.6858179717573897,,,1.0,1.0,0,0.0,0.0,True,0.0014379991717113003,0.03664033653668716,12,0.0014379991717113003,8,0.000776432238628097,1,-0.035673884839470205,-0.020471700665893877,,0.0,0.001205857578524889,,0.021843399069519806,0.05577113393807282,0.07934701505931886,0.02357588112124604,0.0444626207134488,0.01841578291269438,0.03572954787296409,0.06904989223615045,0.03332034436318636,0.045156122272832,0.020307202513351774,0.5404858525966902|-0.25441475722816187|0.7352586931195525,0.7266853301010353|-0.5259663694864898|0.684152473548415,0.30467759327004174|-0.4670659550525962|0.679440713478459
112,lift,lift,46,0.25,2,2,0,0,2,0,2,right_hand|left_hand,0.10933967889286578,0.0025974230375140905,0.09423433104529977,0.012474928982555866,,0.09423433104529977,0.6870653574491076,0.6870653574491076,,,1.0,1.0,0,0.0,0.0,True,0.0014372990350494629,0.0360552008016618,12,0.0014372990350494629,8,0.0009265866542934598,1,-0.03372364750251222,-0.02075288863164637,,0.0,0.0012031822833237153,,0.021981298057289832,0.055248476280676646,0.0827014494249931,0.02745297314431646,0.04269116145933638,0.018950338147927237,0.03602896960882871,0.06893303180690491,0.0329040621980762,0.04528154313432361,0.020107804853089314,0.5443614052462725|-0.2689367003336455|0.7343481814832271,0.7193870941054382|-0.5529193969582227|0.6841681492485038,0.30022898204711307|-0.4745840910126299|0.6799665609129839
113,lift,lift,47,0.25,2,2,0,0,2,0,2,right_hand|left_hand,0.11304830387234688,0.002653352916240692,0.09724543383345008,0.013115004869177938,,0.09724543383345008,0.6796248783187593,0.6796248783187593,,,1.0,1.0,0,0.0,0.0,True,0.0014363771687622463,0.036523376252317996,12,0.0014363771687622463,8,0.0009507231309444503,2,-0.03347939983682657,-0.02141804039466244,,0.0,0.0012114914935649223,,0.021895023192397375,0.05566647986554079,0.07904894737185766,0.023382467506316874,0.03928769352940381,0.0188620204858629,0.03583825587427293,0.06818855939631654,0.032350303522043614,0.04565891651000572,0.01956577380675585,0.548086156904455|-0.2837703580171738|0.7347775217635418,0.7101528816565474|-0.5782390355173512|0.6870977601494958,0.29569486078887514|-0.4808210208097634|0.682198162159018
114,lift,lift,48,0.25,2,2,0,0,2,0,2,right_hand|left_hand,0.11564659094437957,0.0026568351313471794,0.09932767017744482,0.013630131958052516,,0.09932767017744482,0.677224280060379,0.677224280060379,,,1.0,1.0,0,0.0,0.0,True,0.0014367048293771958,0.03732848247202797,12,0.0014367048293771958,8,0.000943194732403646,2,-0.03320750054280808,-0.021013740980500017,,0.0,0.0012195943002445342,,0.021862927516033723,0.0558757900289848,0.07758928793895441,0.021713497909969605,0.03748246634468645,0.019039467416566737,0.035844354745566666,0.06809135369667375,0.03224699895110709,0.04896721742186753,0.01921270458920907,0.5501249411656186|-0.2990245952883391|0.7352765302118289,0.701682186896013|-0.600124264954148|0.6899142095347142,0.2910420104438414|-0.48678365996036355|0.6840055994922178
115,lift,place,47,0.25,2,2,0,0,2,0,2,right_hand|left_hand,0.11983637185767293,0.002666821936145425,0.10357915493659675,0.013557800091803074,,0.10357915493659675,0.666302266265669,0.666302266265669,,,1.0,1.0,0,0.0,0.0,True,0.0014342897442458438,0.037376830982702086,12,0.0014342897442458438,8,0.0013115943298929317,2,-0.033115622834955616,-0.021787515772363264,,0.0,0.0012297478197256424,,0.021681589041491135,0.05593824760482853,0.07690794772492539,0.020969700120096857,0.035625598542006205,0.019075087373418405,0.03589319932958406,0.06677443278700759,0.03088123345742353,0.0486320163920098,0.018224156156482287,0.5510599019609642|-0.3147565167309534|0.7358434813569484,0.6930723347219195|-0.6199525526659725|0.6910014859723278,0.2868929559500125|-0.4930214423223467|0.6868080655790988
116,lift,place,46,0.25,2,2,0,0,2,0,2,right_hand|left_hand,0.12304488802328706,0.0026138729881495237,0.10605152300558984,0.014341853093355894,,0.10605152300558984,0.6565562986244405,0.6565562986244405,,,1.0,1.0,0,0.0,0.0,True,0.0014304614515229137,0.03663703808558805,16,0.0014304614515229137,10,0.0009452666395141363,1,-0.03341781093816465,-0.02055239028140221,,0.0,0.0014041524605081022,,0.021463372959155298,0.056955765568527744,0.07828896595491862,0.021333200386390874,0.03685578210653986,0.0187026462457483,0.03528753059383781,0.06740712831630583,0.032119597722468016,0.04915982522818129,0.018611467247663303,0.5533490438731442|-0.329915644430258|0.7366960723791591,0.6863016085524708|-0.6370261250976402|0.6941967523806357,0.28285536658572763|-0.49770143145480705|0.6847663354321454
117,lift,place,45,0.25,2,2,0,0,2,0,2,right_hand|left_hand,0.12814338295720518,0.002713809022679925,0.11098365415818989,0.014410899952054024,,0.11098365415818989,0.6412869947103813,0.6412869947103813,,,1.0,1.0,0,0.0,0.0,True,0.0023156361530580344,0.03680683146806446,17,0.0018771094628929896,10,0.0023156361530580344,2,-0.03368374795591755,-0.021354194510971425,,0.0,0.0014358497423237217,,0.021280202157785585,0.0570566810003831,0.07689122407911572,0.01983454307873262,0.03640159085557602,0.018670670598345988,0.03500568239384986,0.06552734026542531,0.03052165787157545,0.0491706098606738,0.018287885742094244,0.5547255717902648|-0.34419959115298626|0.738898440980164,0.6769237299976547|-0.6543866481703786|0.6931802702401807,0.2786196827815233|-0.5047990686052307|0.6856955498126113
118,,place,44,7.9567438919514e-106,2,3,1,1,2,1,3,,0.18453024211339653,0.002677073935046792,0.16150347795337439,0.013969781110063195,,0.16150347795337439,0.6521362429573165,0.6473848169952574,0.023262588153973758,0.02831081946529368,1.0,1.0,0,0.0,0.0,False,0.0018053472856453708,0.03689330300646104,16,0.0018053472856453708,11,0.0010438802429690586,2,-0.03385255218311478,-0.028766412650728768,,0.0,0.0014143060120934956,,0.021455283170398656,0.05576177716425725,0.07873529022302862,0.02297351305877137,0.03903306312455712,0.0188675986612984,0.03483489255930243,0.05639585252608159,0.02156095996677916,0.042455411185092086,0.019649743721888078,0.5540480842937116|-0.35650792842621|0.7403114990144449,0.6703452677138537|-0.6686762288662229|0.690687582104526,0.27529994668408436|-0.5203361104815106|0.688479506989883
119,,place,43,4.204243584226447e-101,2,2,0,0,2,0,2,,0.12426816485822201,0.0026722329203039408,0.10765910893678665,0.01390699204057455,,0.10765910893678665,0.6504634411545936,0.6504634411545936,,,1.0,1.0,0,0.0,0.0,False,0.0014671382830510789,0.03719309765003609,19,0.0014671382830510789,14,0.0008223773375594101,2,-0.03352523978218791,-0.028137879707113456,,0.0,0.0014319272847624662,,0.021533169953322932,0.05475018218066663,0.07950821260620648,0.024758030425539854,0.040709180695434284,0.019178569646194493,0.03552033205987898,0.0559978654722421,0.020477533412363122,0.04174469870537829,0.01975811905644678,0.5532342542687286|-0.36804763019774855|0.7402305391405615,0.6636370746188099|-0.6837221144461051|0.6887498425600812,0.26911533635847634|-0.528838798053786|0.6837028313367798
120,,place,42,1.73008220968259e-96,2,2,0,0,2,0,2,,0.12480850704014301,0.002656413009390235,0.10860989894717932,0.013512559002265334,,0.10860989894717932,0.6448786454863203,0.6448786454863203,,,1.0,1.0,0,0.0,0.0,False,0.0014983633297492825,0.037639349790070026,15,0.0014983633297492825,10,0.0009945621238546254,2,-0.033459635866678994,-0.027956195179095644,,0.0,0.0014185288658756395,,0.021487389900731107,0.0535846723992566,0.07865930181694329,0.025074629417686692,0.04094795702257567,0.019413609799698795,0.036018969630686425,0.055960470908708544,0.01994150127802212,0.04091296141197623,0.019924160738017706,0.5532239325476866|-0.3789596077250603|0.7392597692635584,0.6558062792929248|-0.6980484421147504|0.6846734053803455,0.26380441387957876|-0.5370466383678245|0.6773281236299232
121,,place,41,5.544622590477945e-92,2,2,0,0,2,0,2,,0.12277339701540768,0.002642553998157382,0.10683849803172052,0.013263523112982512,,0.10683849803172052,0.643740729532176,0.643740729532176,,,1.0,1.0,0,0.0,0.0,False,0.00156230014050239,0.038285544811176186,15,0.00156230014050239,10,0.0009414198306172544,2,-0.03305037883015949,-0.027894600779857726,,0.0,0.0014104838424604837,,0.021491538611538876,0.05216890439881354,0.07910758247284018,0.02693867807402664,0.04222625893846024,0.01952090542750935,0.03670326799095206,0.055988083112463116,0.019284815121511055,0.04047923163212687,0.020101997289030824,0.5510832334325537|-0.38887163411317816|0.7376501562476507,0.6497360922446075|-0.7103704803191905|0.6794952719715769,0.25792954046523686|-0.5460360571187186|0.6697189049722881
122,,place,40,1.3838965267367376e-87,2,2,0,0,2,0,2,,0.12751489598304033,0.002645242027938366,0.1118585979565978,0.012980232946574688,,0.1118585979565978,0.6623980673263686,0.6623980673263686,,,1.0,1.0,0,0.0,0.0,False,0.0015861352246866536,0.0394259055737122,11,0.0015861352246866536,7,0.000993491620359388,1,-0.03311190070152392,-0.027873468815016622,,0.0,0.0014152974284865072,,0.0218073120558629,0.05039925341482985,0.07844897825651227,0.028049724841682423,0.04342223040046153,0.019944518622257646,0.03737979340805761,0.056933572863133795,0.019553779455076185,0.040685997132238395,0.020414562494888242,0.5484154990027155|-0.3987820889055101|0.7380590380737123,0.6435718559692735|-0.7224640149733953|0.6729551921476238,0.2517868642918669|-0.5548434063918113|0.662046370671105
123,,place,39,2.6900579025827697e-83,2,5,3,2,2,3,5,,0.3182738940231502,0.0026961949188262224,0.29622401110827923,0.012954880949109793,,0.29622401110827923,0.6820748255742419,0.6809505470730915,0.02838875547712308,0.019597098068352845,1.0,1.0,0,0.0,0.0,False,0.0018756523622612195,0.040319407781759464,11,0.0018756523622612195,5,0.001008022171641948,3,-0.03400764437242643,-0.027887638167669593,,0.0,0.0013846676479588656,,0.02207958810928754,0.048590236256571745,0.07549584341865292,0.02690560716208118,0.04210290370671639,0.020335590780187984,0.03783253773622625,0.0573916817754354,0.01955914403920915,0.04093891648122624,0.02022317830968144,0.5459529630034894|-0.4104450150945508|0.7371072723698888,0.6365493016159159|-0.7361881182293856|0.6675717572317154,0.24623644133381944|-0.5655678603651897|0.6533697860898937
124,,place,38,4.0723586257611754e-79,2,2,0,0,2,0,2,,0.12463581212796271,0.002613268094137311,0.10903422813862562,0.012956782011315227,,0.10903422813862562,0.7017231690316948,0.7017231690316948,,,1.0,1.0,0,0.0,0.0,False,0.001840529285291187,0.04087851603416273,9,0.001840529285291187,4,0.0009717875688239896,2,-0.03359300090176731,-0.027617129342358382,,0.0,0.0014253703207048598,,0.02227037193089087,0.046601115321645445,0.07742150385424583,0.030820388532600385,0.04515255158686721,0.020820041655454737,0.0381141854321234,0.05767083591485885,0.01955665048273545,0.04066119477335904,0.02038555439145308,0.5419847661367817|-0.4212060253044449|0.7337756444275562,0.6341503909547193|-0.7456698089977616|0.6612145637236194,0.24168270544121612|-0.5772060213792303|0.642613671796436
125,,place,37,4.801277241771782e-75,2,3,1,1,2,1,3,,0.1854354329407215,0.0026167919859290123,0.16348589886911213,0.013111051870509982,,0.16348589886911213,0.7151475191415914,0.7162999937568152,0.03551774281844805,0.017434980627309568,1.0,1.0,0,0.0,0.0,False,0.001558053487646597,0.04191774176547608,9,0.001558053487646597,3,0.0009933049706929153,3,-0.03484802051382552,-0.027828410998496977,,0.0,0.0014150287766183252,,0.02231078582209047,0.044502139896591894,0.07917628347387057,0.034674143577278674,0.046878565474555545,0.019744769954465443,0.03819874678334629,0.058230078450191416,0.020031331666845127,0.04096095968076702,0.0204745848863982,0.5356423897923192|-0.43128725970200016|0.7316098588969848,0.6316213357476391|-0.7532545036945236|0.6548809545121024,0.23828924440376553|-0.5879617372901552|0.6336903248636279
126,,place,36,4.408531331463226e-71,2,2,0,0,2,0,2,,0.12463320698589087,0.0026604169979691505,0.10885451105423272,0.013086688006296754,,0.10885451105423272,0.7305303208568149,0.7305303208568149,,,1.0,1.0,0,0.0,0.0,False,0.001569401839257873,0.042892051617236665,9,0.001569401839257873,4,0.0009674322673169644,2,-0.03410707447213568,-0.03021141382090775,,0.0,0.0014208802312747242,,0.022323767119081663,0.043265443969175484,0.08139071832626756,0.03812527435709207,0.04987777599721397,0.018717798954155065,0.03873991025243634,0.05717829395708416,0.018438383704647822,0.0381876498920133,0.020311662808741512,0.5256483491461564|-0.4370582164463249|0.7269347920429752,0.6305643597487642|-0.7636147154252174|0.6481993805828615,0.23549854146436477|-0.6009711916386125|0.627348080552526
127,,place,35,3.1525171551450254e-67,2,2,0,0,2,0,2,,0.12005484499968588,0.002638267120346427,0.1046705050393939,0.012716785073280334,,0.1046705050393939,0.6729576469429163,0.6729576469429163,,,1.0,1.0,0,0.0,0.0,False,0.0015756834289838949,0.042421535742779765,9,0.0015756834289838949,4,0.0009714025814186317,2,-0.03415122908383239,-0.030183053563812123,,0.0,0.0014076667297966438,,0.021456203355530057,0.04252775919215564,0.07899207875816802,0.036464319566012385,0.04957723977139023,0.01696767181010509,0.03946046908564276,0.05739662770236999,0.017936158616727226,0.03762826463668237,0.02040715022029365,0.5242170190869516|-0.4468807116225672|0.7218347664195133,0.6268832048553192|-0.7817482544008316|0.6455088267009976,0.23354773052933006|-0.611875327366028|0.6186720857811756
128,,place,34,1.7556880978548265e-63,2,2,0,0,2,0,2,,0.11845268402248621,0.0025920697953552008,0.10313758696429431,0.012692265212535858,,0.10313758696429431,0.6578412449305765,0.6578412449305765,,,1.0,1.0,0,0.0,0.0,False,0.0015872726538432406,0.04221010212011131,9,0.0015872726538432406,4,0.0009759710473624117,2,-0.03430781659379889,-0.029560741849202543,,0.0,0.0012706464379917232,,0.021368058138436046,0.04177182841045491,0.08026449060321847,0.03849266219276356,0.05201002465201825,0.0169211855852956,0.03929337046680483,0.05755107281659256,0.018257702349787727,0.03640728794455644,0.020701263569692388,0.5205819634673683|-0.451235881271404|0.7183568071710656,0.6252658554458885|-0.7928746900550767|0.6387522291519585,0.23024409010155208|-0.6241089887995451|0.6091262277366883
129,,place,33,7.61489029373637e-60,2,2,0,0,2,0,2,,0.11915455083362758,0.0025915917940437794,0.10364159988239408,0.012892181985080242,,0.10364159988239408,0.659321677242385,0.659321677242385,,,1.0,1.0,0,0.0,0.0,False,0.0015656576193832442,0.041973921962264904,9,0.0015656576193832442,4,0.0009872000243802692,2,-0.034676096607935136,-0.02986779798724548,,0.0,0.0014256047992869333,,0.021430772516239545,0.041129601799476265,0.08193910457061303,0.04080950277113676,0.054063421129198964,0.016798302521711574,0.0391301753395377,0.056140816164699146,0.017010640825161447,0.034285926795306565,0.021210504989616383,0.5212223240819084|-0.4586006545632459|0.7176841623835505,0.623527579676152|-0.8037649895493505|0.6321364240057399,0.22763790088021266|-0.6371116092176747|0.5994843162305679
130,,place,32,2.572209372642415e-56,2,2,0,0,2,0,2,,0.12052295985631645,0.0026673211250454187,0.10503862798213959,0.012782999081537127,,0.10503862798213959,0.6586486484929318,0.6586486484929318,,,1.0,1.0,0,0.0,0.0,False,0.0015537863914669749,0.041298059900559764,9,0.0015537863914669749,4,0.0009056554323860211,2,-0.03507558532338351,-0.02947532222831839,,0.0,0.0014268942367319979,,0.021425355812078464,0.04000050704978831,0.08328829490601283,0.04328778785622452,0.05606950895173198,0.01711256628110984,0.03899501941497049,0.056411220818114526,0.017416201403144038,0.03481799189156196,0.020960250582484612,0.5198759017601621|-0.46346741657941304|0.7172739077197239,0.6214205957540011|-0.8137205810784117|0.6254105331070455,0.22451227849115218|-0.6468366039582324|0.5897483968518104
131,,place,31,6.766675675168404e-53,2,2,0,0,2,0,2,,0.14439219399355352,0.002609682036563754,0.12855315417982638,0.013198876986280084,,0.12855315417982638,0.6505015924754661,0.6505015924754661,,,1.0,1.0,0,0.0,0.0,False,0.0015305336206950099,0.0404901100853966,7,0.0015305336206950099,3,0.0006756625620259887,1,-0.03523817116602501,-0.02959755156741828,,0.0,0.001061959022399356,,0.021366566510548392,0.03896155319826337,0.08346161963821708,0.04450006643995371,0.05653567512973361,0.01770636605038168,0.037822671556629286,0.056237448504641095,0.01841477694801181,0.03535906703855138,0.02082447890849131,0.5199499213341623|-0.4688634569028366|0.7186963476261112,0.6178606259561235|-0.8250244576157896|0.6175899555441398,0.22160288810674955|-0.6552243931061945|0.5789212069443009
132,,place,30,1.3863432936411706e-49,2,2,0,0,2,0,2,,0.12168514216318727,0.0026300339959561825,0.10596474097110331,0.013060901081189513,,0.10596474097110331,0.6454297852028937,0.6454297852028937,,,1.0,1.0,0,0.0,0.0,False,0.0015128579793858635,0.03948720544194542,9,0.0015128579793858635,5,0.0007140759185400442,1,-0.0350166234397804,-0.02950064333304958,,0.0,0.0011792109444702327,,0.021270443869035253,0.037777260080334885,0.08315683696832546,0.045379576887990575,0.05712406988188898,0.017783437505724684,0.0369565349353064,0.05538974961923455,0.018433214683928147,0.035352748888074534,0.02073145575398583,0.5220729612991521|-0.4736614597423776|0.7189225193280772,0.6139068711194896|-0.836531695012622|0.6071330809684962,0.21803713311910017|-0.6651256132465828|0.5664240739807145
133,,place,29,2.2120380336009962e-46,2,2,0,0,2,0,2,,0.12205475009977818,0.0025564800016582012,0.10639213188551366,0.01307685486972332,,0.10639213188551366,0.6379055000871443,0.6379055000871443,,,1.0,1.0,0,0.0,0.0,False,0.0015048236820980922,0.03485067153589946,10,0.0015048236820980922,6,0.0007345054784922977,1,-0.035140149280538324,-0.029561195803188056,,0.0,0.0014054002524552735,,0.02113910466619611,0.03688969202023942,0.08211344663221577,0.04522375461197635,0.056223193262331855,0.017892984699600475,0.03739512761863865,0.05503883056096094,0.017643702942322294,0.03423900818172883,0.020994814282255282,0.5236805458949242|-0.47754883327000713|0.7206315133662289,0.6083449894710795|-0.849861252648856|0.5967445435951563,0.21523397336510974|-0.6724582439055478|0.5528408310986308
134,,place,28,2.7487850079102147e-43,2,2,0,0,2,0,2,,0.1224069888703525,0.0026218558195978403,0.1066136579029262,0.013141719158738852,,0.1066136579029262,0.6378468706323829,0.6378468706323829,,,1.0,1.0,0,0.0,0.0,False,0.0014798006778905769,0.02970397299751873,12,0.0014798006778905769,7,0.0005438830275762696,1,-0.034982818277722316,-0.029516474064680054,,0.0,0.0013922173105358033,,0.021083530601359066,0.03636324980399681,0.08050344090394501,0.044140191099948205,0.05562848562842281,0.018062677449806587,0.03783063549552053,0.05563295806027575,0.017802322564755224,0.03440019900627251,0.02093393443900594,0.5258548571932417|-0.4819099137814682|0.7199301084857057,0.6019149330777417|-0.863331086469874|0.5820260043002093,0.21205244782763558|-0.6769888177088583|0.5394473848198956
135,,place,27,2.6602064159439866e-40,2,2,0,0,2,0,2,,0.12294409982860088,0.002654682146385312,0.10656095994636416,0.013698941096663475,,0.10656095994636416,0.6252311466886835,0.6252311466886835,,,1.0,1.0,0,0.0,0.0,False,0.001474400898547782,0.029742556985431184,15,0.001474400898547782,10,0.0005561489718213658,1,-0.03446150419167893,-0.02930413004835586,,0.0,0.0014126396612113923,,0.021051745835311626,0.03716821007807109,0.07961890154799159,0.0424506914699205,0.053870084476479375,0.017994777562931608,0.03738867590478526,0.055658393044992274,0.018269717140207017,0.033959452103056884,0.021065333304063454,0.5278971580901922|-0.4836008920619226|0.7170431215587022,0.5946027061205393|-0.8764171913733524|0.563210015374577,0.20815024620874212|-0.6818955960176677|0.522311000521457
136,,place,26,2.005008781961654e-37,2,2,0,0,2,0,2,,0.12982821697369218,0.00259620719589293,0.11354254209436476,0.01366005395539105,,0.11354254209436476,0.6143478968159078,0.6143478968159078,,,1.0,1.0,0,0.0,0.0,False,0.0014578824750805693,0.029700058366332188,16,0.0014578824750805693,11,0.0004560482763960316,1,-0.03469204761844935,-0.029588273769748596,,0.0,0.001413592614926227,,0.02108023089702483,0.03780495403265198,0.07975398644753146,0.041949032414879475,0.05293638401103095,0.01829169898948174,0.0368517681028159,0.05599605303008563,0.01914428492726973,0.03468038972774322,0.020987126085335858,0.5311599067185178|-0.48885573286015677|0.7150093414174508,0.5875245134121256|-0.8884725032768065|0.5427093199772421,0.20478433903425652|-0.6849342183808035|0.5047533499081742
137,,place,25,1.1769109439216723e-34,2,2,0,0,2,0,2,,0.12559330486692488,0.002650562906637788,0.1090656379237771,0.01384765887632966,,0.1090656379237771,0.6140232931169686,0.6140232931169686,,,1.0,1.0,0,0.0,0.0,False,0.0014496008829617997,0.02935010569070065,16,0.0014496008829617997,11,0.0007506346860336743,1,-0.03519173409405418,-0.029965803350911813,,0.0,0.0014106449077178511,,0.021094392327881573,0.03760201398436941,0.07953146902417821,0.0419294550398088,0.050855572380638356,0.01775619296134665,0.035277974634717206,0.05629206812328606,0.021014093488568857,0.03596838986634978,0.021090689861933073,0.5351908548497819|-0.495398913437623|0.7130367925366281,0.5788746844995641|-0.902538448125029|0.5213143055989731,0.20112368479315365|-0.6884562537984752|0.48549856904736466
138,,place,24,5.380186160021138e-32,2,2,0,0,2,0,2,,0.12697754194959998,0.0025981359649449587,0.11028895899653435,0.014060681918635964,,0.11028895899653435,0.6132906642042961,0.6132906642042961,,,1.0,1.0,0,0.0,0.0,False,0.0014498131055485364,0.029286864489653897,16,0.0014498131055485364,10,0.0003506868292553894,1,-0.03536707973327147,-0.030267088908056294,,0.0,0.0014119681165904632,,0.0210871987526759,0.03719016018660909,0.08109574889181131,0.043905588705202225,0.05216709408210131,0.017876627580737315,0.03349995747610454,0.05674256663837321,0.023242609162268668,0.03798556900355693,0.020706581406430367,0.5393024801375658|-0.49988963522007546|0.7082485134106757,0.5731000526359572|-0.9125265463472305|0.4962972016093549,0.1983787636122055|-0.6909982238917745|0.46400272256073327
139,,place,23,1.915478951967148e-29,2,2,0,0,2,0,2,,0.12762485397979617,0.002705252030864358,0.11074583604931831,0.01414293609559536,,0.11074583604931831,0.6086687023297679,0.6086687023297679,,,1.0,1.0,0,0.0,0.0,False,0.0014485747872918613,0.028853355363083255,20,0.0014485747872918613,13,7.325141205878627e-05,1,-0.037039668910910706,-0.030860235713404904,,0.0,0.0014130234745424702,,0.02102683299008343,0.037038735688581556,0.07958834270414546,0.0425496070155639,0.05207200539220841,0.017968526251282268,0.032157867581038,0.05705106429551051,0.02489319671447251,0.03950354797801446,0.020369531097521633,0.542799603934135|-0.507633856204842|0.704712628284882,0.566494083946523|-0.9211946405766905|0.46969661189504647,0.19576433334064314|-0.693992576995833|0.44102581756530607
140,,place,22,5.311092249679095e-27,2,2,0,0,2,0,2,,0.1271311710588634,0.0025952879805117846,0.11053900001570582,0.013967966195195913,,0.11053900001570582,0.615475540095042,0.615475540095042,,,1.0,1.0,0,0.0,0.0,False,0.001447592457124374,0.028890304611121354,21,0.001447592457124374,14,0.00037519982880450387,1,-0.03717844697662187,-0.030348539715415512,,0.0,0.0014141312624829504,,0.021070213443787046,0.03578640923127751,0.07911310327426656,0.04332669404298905,0.05266505481877368,0.018248559149243785,0.0300754923830141,0.058952015511374245,0.028876523128360147,0.041429345353819313,0.019054347503926705,0.5452136039698278|-0.5134859340032375|0.698310152594284,0.5606753359585256|-0.9301272133313113|0.4410262867509374,0.19011553257919853|-0.7001769491134706|0.4180711540379744
141,,place,21,1.146876582225596e-24,2,2,0,0,2,0,2,,0.12711978005245328,0.002636231016367674,0.11055449186824262,0.013896625954657793,,0.11055449186824262,0.6303715734490903,0.6303715734490903,,,1.0,1.0,0,0.0,0.0,False,0.004046431767877112,0.02912048885312446,21,0.004046431767877112,14,0.00046796427537713903,1,-0.03963743341131298,-0.030260901470848367,,0.0,0.0014142245233129864,,0.021190308580819033,0.03574854234825055,0.07628469928999759,0.040536156941747045,0.051455935820719646,0.01839278469894771,0.029128209657845315,0.05930701154044864,0.030178801882603322,0.042544769899693885,0.019014714958620237,0.549548203046268|-0.5187347041123517|0.68987067072851,0.5536775224899961|-0.9387191547820868|0.4126466000694232,0.1882223945503126|-0.7040973141503261|0.3914617919211759
142,,place,20,1.9287498479639178e-22,2,2,0,0,2,0,2,,0.13168517290614545,0.0025791560765355825,0.1148147420026362,0.014260591007769108,,0.1148147420026362,0.6495758735406154,0.6495758735406154,,,1.0,1.0,0,0.0,0.0,False,0.001458841055211161,0.029024832781536586,21,0.001458841055211161,14,4.89154202786557e-05,1,-0.03889863258291015,-0.030614564166826952,,0.0,0.0014121481910353952,,0.021306172308991393,0.03462375263846536,0.07441327000116339,0.039789517362698035,0.053337864993872254,0.019137660754076018,0.028020788934438465,0.0598696289325365,0.03184883999809804,0.04394291516505827,0.01892684572484595,0.5525654592952435|-0.5258792844546766|0.6827585210346785,0.5488083927948085|-0.9508332893978373|0.3859872672898407,0.18839491140798903|-0.7069466798107187|0.36449615657532125
143,,place,19,2.5261637809256925e-20,2,2,0,0,2,0,2,,0.1541643429081887,0.0026794502045959234,0.13727962295524776,0.014173269970342517,,0.13727962295524776,0.6612275323456757,0.6612275323456757,,,1.0,1.0,0,0.0,0.0,False,0.003087419885082765,0.029358653564345277,21,0.003087419885082765,14,0.0006627230702031806,1,-0.04151604727990055,-0.03051688526483254,,0.0,0.0014132303622264662,,0.021348424681416782,0.03369328420338895,0.07346545382526103,0.03977216962187208,0.0559243351920716,0.018924426573002244,0.026296471248980664,0.06013210184663258,0.03383563059765191,0.04523711087913561,0.019106102564599027,0.5543992529215823|-0.5320714430464543|0.673556241161418,0.5461150627575249|-0.9561513278609397|0.3555908108988183,0.18879820901028727|-0.7099078994459399|0.33609474265284617
144,,place,18,2.576757109154981e-18,2,2,0,0,2,0,2,,0.12991560599766672,0.0025638779625296593,0.11353708105161786,0.013786207884550095,,0.11353708105161786,0.6853641387627107,0.6853641387627107,,,1.0,1.0,0,0.0,0.0,False,0.0036285551128134863,0.030155132947331242,22,0.0036285551128134863,14,0.0005042206367442403,2,-0.041702003649611186,-0.030712765171921674,,0.0,0.0014097221840087618,,0.02142339026680384,0.033285469857844606,0.07351947922371291,0.0402340093658683,0.05846817890553497,0.01858523786563151,0.025350095900338942,0.060343286174441936,0.034993190274103,0.045843134087513455,0.01902376441821143,0.5568673412721904|-0.5374837078252787|0.6619644422761691,0.5444815284276844|-0.9634940996652488|0.32662639383940084,0.1890165517057054|-0.7136813411612494|0.3084672677575714
145,,place,17,2.0469717131642043e-16,2,2,0,0,2,0,2,,0.12938647507689893,0.0025728479959070683,0.11263841390609741,0.014145555905997753,,0.11263841390609741,0.7074925476026035,0.7074925476026035,,,1.0,1.0,0,0.0,0.0,False,0.005454638313646162,0.03170304305043964,22,0.005454638313646162,14,0.002035065006546974,2,-0.04211891407435431,-0.03154265182437577,,0.0,0.0014087096836767473,,0.02158622391082037,0.032705732092806486,0.07158963700751407,0.038883904914707584,0.058286273517981185,0.017951322635490187,0.024063446130862132,0.06034726470320719,0.036283818572345056,0.046523387769783445,0.018950483094708422,0.5614065990052832|-0.5434619449494978|0.6494273041113622,0.5413665890697403|-0.9713212148344167|0.3015403478112697,0.18942846914803346|-0.7168932226436544|0.28227679944574363
146,,place,16,1.2664165549094176e-14,2,2,0,0,2,0,2,,0.1295365619007498,0.0026147940661758184,0.11287906509824097,0.014013160951435566,,0.11287906509824097,0.7384873536477621,0.7384873536477621,,,1.0,1.0,0,0.0,0.0,False,0.005880571724473552,0.03296265712736729,22,0.005880571724473552,14,0.0031546475732154022,2,-0.042221973080566855,-0.03162719041116624,,0.0,0.0014056740294379614,,0.02190874298399133,0.03168998651567943,0.07144547282775174,0.039755486312072305,0.059561187737503456,0.018243556253262298,0.02323291434889417,0.060275289613046165,0.037042375264151994,0.04588426221088551,0.019450563877244836,0.5593875613019174|-0.5445772049479561|0.6352988924125791,0.5394573053813301|-0.9766939857757776|0.27651347251826275,0.18928905544248908|-0.7198289163187888|0.2549732998750762
147,,place,15,6.101936677605324e-13,2,2,0,0,2,0,2,,0.13004816905595362,0.0025537959299981594,0.11346018617041409,0.014006037963554263,,0.11346018617041409,0.7849915126845695,0.7849915126845695,,,1.0,1.0,0,0.0,0.0,False,0.0059333953013546575,0.034179891771123294,20,0.0059333953013546575,14,0.0019598738455142706,1,-0.042705746023260716,-0.031481528348622945,,0.0,0.0013808845659154796,,0.022283464845826127,0.030619936521373375,0.06758883920344147,0.036968902682068094,0.060052675574493064,0.018101726705591067,0.02300405103576325,0.061503304396144196,0.038499253360380944,0.04661120089966646,0.02009205824622196,0.5597519550977397|-0.5479909956027349|0.6233404382849115,0.5330579853594951|-0.984725622433237|0.2563637060590754,0.1894051041954132|-0.7203504492041679|0.23197809385125284
148,,place,14,2.289734845645553e-11,2,2,0,0,2,0,2,,0.13405435089953244,0.002587510971352458,0.11700647696852684,0.01442958414554596,,0.11700647696852684,0.7984094351138312,0.7984094351138312,,,1.0,1.0,0,0.0,0.0,False,0.005849677644564996,0.03551424816066304,20,0.005849677644564996,14,0.002584873755817424,1,-0.0423746949753685,-0.03149645685821412,,0.0,0.001386929997487309,,0.022422827279266967,0.030423132318076654,0.067478424201249,0.037055291883172345,0.059712758495015485,0.018213698697632796,0.022649022153710126,0.062346408451596134,0.03969738629788601,0.04662961006515148,0.020161119452068114,0.5608271350630648|-0.5542095767146314|0.6115815034373671,0.5298974895957852|-0.9897552738968678|0.2344035316505899,0.18930552454143756|-0.72104246884735|0.2107647481284645
149,,place,13,6.691586091292782e-10,2,2,0,0,2,0,2,,0.138411371037364,0.0025073590222746134,0.12133214389905334,0.014542149845510721,,0.12133214389905334,0.812698607259859,0.812698607259859,,,1.0,1.0,0,0.0,0.0,False,0.0014479015720523791,0.03682978280085919,19,0.0014479015720523791,14,0.0007235702268530708,1,-0.0380881460960687,-0.031259493204347066,,0.0,0.001388634503338536,,0.02252216143315126,0.029357986456967522,0.07108804654887055,0.041730060091903026,0.06360051076740265,0.01863834031605198,0.022605804200706885,0.06125339741497493,0.03864759321426804,0.04826916372324149,0.020535297309295927,0.5610554602892492|-0.5594509007456329|0.5999945486144241,0.5304107163230022|-0.9947681969283783|0.21550574989125376,0.18826633408613447|-0.7227831624633269|0.19104838864546414
150,,place,12,1.522997974471263e-08,2,2,0,0,2,0,2,,0.14417244493961334,0.0025817120913416147,0.12717742891982198,0.014383497880771756,,0.12717742891982198,0.8233285723521343,0.8233285723521343,,,1.0,1.0,0,0.0,0.0,False,0.0014480077554022107,0.03832665587530021,19,0.0014480077554022107,14,0.0007270373425309895,1,-0.03796790254813054,-0.03121854303215521,,0.0,0.0013969193724245336,,0.02280918877461625,0.028421487278345592,0.07157308864092023,0.043151601362574635,0.05845638937699838,0.01846613058530255,0.022795398613914934,0.05980124457135618,0.03700584595744125,0.04855799494950288,0.020987179031319133,0.5651357535081587|-0.5651717888974863|0.587448666794304,0.5247822462730615|-0.9999028245138433|0.19380922828993885,0.1890374722914617|-0.7210953039521012|0.17606721665050518
151,,place,11,2.699578503363014e-07,2,2,0,0,2,0,2,,0.17383098788559437,0.0025739590637385845,0.1563230538740754,0.014902505092322826,,0.1563230538740754,0.8265087300754635,0.8265087300754635,,,1.0,1.0,0,0.0,0.0,False,0.001448857538148815,0.03932435007680282,18,0.001448857538148815,14,0.0,0,-0.03744478813659846,-0.03193549071072255,,0.0,0.0014026933942518842,,0.02282575917688064,0.027491255393820906,0.07158431754953633,0.04409306215571542,0.05990172621360922,0.018592243255252553,0.024166264173624576,0.0584746776033006,0.03430841342967603,0.04674942053092655,0.02192173686508205,0.564556651547494|-0.5667653672705404|0.5781037944937657,0.5218187560940674|-1.0026957485924817|0.18242178444245497,0.1889618888134454|-0.7196750498601634|0.1642855279585883
152,,place,10,3.726653172078671e-06,2,2,0,0,2,0,2,,0.1514742800500244,0.002496708184480667,0.13380364002659917,0.015140318078920245,,0.13380364002659917,0.8318722383702382,0.8318722383702382,,,1.0,1.0,0,0.0,0.0,False,0.0015023234391610407,0.04027417253649693,19,0.0015023234391610407,14,0.0009528817189161515,1,-0.03774424789396136,-0.03266393239952592,,0.0,0.0014044120412655611,,0.02292845370298476,0.02702965980338548,0.07061708989588897,0.04358743009250349,0.05647265095954993,0.018658929652289172,0.023788094968484014,0.05773742812189862,0.0339493331534146,0.04690851115991266,0.02193749703130169,0.565286016654505|-0.5681693702202248|0.5679445436289953,0.5160672685915373|-1.0057761164569332|0.16842166196788952,0.18841730734217083|-0.7178984929220624|0.15333482511049712
153,,place,9,4.006529739295107e-05,2,2,0,0,2,0,2,,0.15365050500258803,0.0025583140086382627,0.13563745701685548,0.015424312092363834,,0.13563745701685548,0.8383373999588727,0.8383373999588727,,,1.0,1.0,0,0.0,0.0,False,0.0014495487308356474,0.041010645848415184,19,0.0014495487308356474,14,0.0012652547841317252,1,-0.03826526013362752,-0.032593052274760836,,0.0,0.001413374835300682,,0.023048226417631754,0.02688294377487423,0.0693643824087126,0.04248143863383837,0.05403488053216668,0.01896634308525856,0.023580982661257258,0.05803561786011683,0.03445463519885957,0.047523774296332644,0.021868834631226974,0.5646249046175061|-0.5694778787875436|0.560108915833774,0.5116390161560384|-1.0068948054566362|0.15675332556132843,0.18697682278350586|-0.7155930719755207|0.14450014066062833
154,,place,8,0.00033546262790251185,2,2,0,0,2,0,2,,0.1521942550316453,0.0026033848989754915,0.13454005680978298,0.015020610997453332,,0.13454005680978298,0.8319185329911846,0.8319185329911846,,,1.0,1.0,0,0.0,0.0,False,0.001449894632849797,0.0417446373843012,20,0.001449894632849797,14,0.0009315572232501956,2,-0.0385053237197539,-0.03321213084127095,,0.0,0.0014076698543194822,,0.02301333989651259,0.027578374618385686,0.0688600996611191,0.04128172504273341,0.05162665229748274,0.018859071268397858,0.023521168087791845,0.05765365142197949,0.03413248333418765,0.04781574010728827,0.02188092715546084,0.5651545870333682|-0.5726629066087636|0.5540698691274756,0.5084828695548909|-1.0070006243631826|0.14597593034282091,0.18568153552761985|-0.713934586446121|0.13797040096717664
155,,place,7,0.002187491118182885,2,3,1,1,2,1,3,,0.2293284898623824,0.00264233211055398,0.2034534269478172,0.01587079092860222,,0.2034534269478172,0.823244112959317,0.8231835602827832,0.03701342392046282,0.03461869648578102,1.0,1.0,0,0.0,0.0,False,0.0014501675112923093,0.04224420217476327,19,0.0021489751312105954,12,0.0011429152163827533,3,-0.038703631056581145,-0.03499290338966787,,0.0,0.001411368490602348,,0.022841170603896725,0.028482638957139813,0.06528027868898736,0.03679763973184755,0.0483466844615363,0.01798915432923083,0.02312318671560958,0.05770590531676475,0.034582718601155166,0.04914717950147942,0.021654315409108026,0.5643085057853198|-0.5710168182662928|0.5512107436070984,0.5034425766823559|-1.007271862463985|0.14104936866980378,0.18418153110058363|-0.7121333528998657|0.13760589096979042
156,,place,6,0.011108996538242306,2,2,0,0,2,0,2,,0.17521720100194216,0.0025916220620274544,0.15710374200716615,0.015491769881919026,,0.15710374200716615,0.8195262518028493,0.8195262518028493,,,1.0,1.0,0,0.0,0.0,False,0.001450057024844506,0.042649966054238736,20,0.007328516060234547,12,0.0011423489932612385,4,-0.03944309490041853,-0.03389908583592138,,0.0,0.0014012329336931333,,0.02273272021250161,0.029430555194348028,0.06336002842509948,0.033929473230751454,0.04891554251054272,0.01784296045391455,0.022366269712316186,0.05940987497655833,0.03704360526424214,0.05231366321027535,0.021581066194776417,0.5646332974809268|-0.5725882438480824|0.5495494167274917,0.5023923880025974|-1.005472625236123|0.13828972641482257,0.18217358911826215|-0.7099936833834397|0.13762989438607828
157,,place,5,0.04393693362340742,2,2,0,0,2,0,2,,0.1504494419787079,0.0025930979754775763,0.13218308705836535,0.01564426114782691,,0.13218308705836535,0.8166949488311462,0.8166949488311462,,,1.0,1.0,0,0.0,0.0,False,0.0014501154132274437,0.04301749450809528,21,0.008619395416428366,12,0.0012445345375252104,4,-0.03899733837804931,-0.0328238140939181,,0.0,0.0013820156267128779,,0.02266951871286413,0.029674758276009964,0.0613325686568868,0.03165781038087684,0.047208143303121224,0.0179357476100212,0.022004248975370743,0.060557408869064355,0.03855315989369361,0.05439525174530174,0.021548530466315892,0.5630216570097892|-0.57450274394094|0.5484879732905075,0.4979554735100265|-1.0078389122768239|0.13800840196872372,0.1814944400472513|-0.7084614091562297|0.13757482052510606
158,,place,4,0.1353352832366127,2,2,0,0,2,0,2,,0.15196782886050642,0.002598283113911748,0.1339726340956986,0.01536729489453137,,0.1339726340956986,0.830532093050829,0.830532093050829,,,1.0,1.0,0,0.0,0.0,False,0.0014497305592118988,0.04338498924396497,20,0.00670149025878225,12,0.0014363613321611846,3,-0.03932550819376601,-0.03178075448658291,,0.0,0.0013912471569559213,,0.022771098366918197,0.028822959556492993,0.06328197565058628,0.03445901609409329,0.0527753453615052,0.017887243912903108,0.023525633929019848,0.06083715358558077,0.03731151965656092,0.05460039912424892,0.021736335140928886,0.5640765251074545|-0.5756651720551517|0.54659362764167,0.502787051972385|-1.0053278690656213|0.13970301380689426,0.18241427526821055|-0.7079241234245017|0.13755690614057436
159,,place,3,0.32465246735834974,2,2,0,0,2,0,2,right_hand|left_hand,0.1509741668123752,0.002597677055746317,0.1330362120643258,0.01530546322464943,,0.1330362120643258,0.8290926541317022,0.8290926541317022,,,1.0,1.0,0,0.0,0.0,True,0.0017203759449767875,0.043748946852898374,19,0.006064336136306719,11,0.001053381081603147,3,-0.03928207134564765,-0.030274265660228394,,0.0,0.0013758515050015937,,0.0227345271347316,0.028222029035005217,0.06332647826906977,0.035104449234064555,0.053666954917762924,0.01789489835534623,0.02496753139055983,0.062061582658395016,0.03709405126783519,0.05436408868279151,0.021664895874501443,0.5630307506578025|-0.5780139622167794|0.5451371144804058,0.5012397530282354|-1.0074591787298617|0.13948890675249773,0.18195812049490612|-0.7076584054314022|0.1375051781013657
160,,place,2,0.6065306597126334,2,2,0,0,2,0,2,right_hand|left_hand,0.15097103803418577,0.002608981914818287,0.13305240287445486,0.015277301892638206,,0.13305240287445486,0.830242746830673,0.830242746830673,,,1.0,1.0,0,0.0,0.0,True,0.0014491993130392733,0.04363228755588697,21,0.0059366206472082905,12,0.0011615899258658607,4,-0.03746139132795179,-0.029617217982059074,,0.0,0.001402480976972273,,0.022767295481049044,0.027716878355266827,0.06456495240486977,0.03684807404960294,0.05408052635023475,0.01781348779339126,0.026678162967446153,0.06247436859276552,0.03579620562531936,0.0560274226649788,0.022235791071957084,0.5623011584261655|-0.5800024423423217|0.5434212949417679,0.4994717885368576|-1.0110800678509724|0.138063659583401,0.1817772178158015|-0.7081242131973955|0.13742618195477987
161,,place,1,0.8824969025845955,2,2,0,0,2,0,2,right_hand|left_hand,0.15005540405400097,0.002616893034428358,0.13217651285231113,0.015228151110932231,,0.13217651285231113,0.828861642786796,0.828861642786796,,,1.0,1.0,0,0.0,0.0,True,0.001449768809928153,0.043509929129648295,20,0.005039517427734258,12,0.0010302467771443613,3,-0.03681172605605276,-0.029235676815384082,,0.0,0.0013978172016319635,,0.022760430419692636,0.027859850731173672,0.06449354797768857,0.0366336972465149,0.05406789086720104,0.017797861180697865,0.028178550168756502,0.06280945485686618,0.03463090468810967,0.0564378361368322,0.02184116529957316,0.5611458540489337|-0.5824081710971699|0.5430782015514077,0.4971056401879767|-1.0135877299494993|0.13806067372232672,0.18251324274219505|-0.7071523650334245|0.13728832680338388
162,place,place,0,1.0,2,2,0,0,2,0,2,right_hand|left_hand,0.17409143107943237,0.002513828920200467,0.15610110410489142,0.015444430988281965,,0.15610110410489142,0.8222235387305981,0.8222235387305981,,,1.0,1.0,0,0.0,0.0,True,0.0016990515203141737,0.043445325014144304,20,0.0034113582408976384,12,0.0016990515203141737,3,-0.036381755450429765,-0.028585448370545663,,0.0,0.0013888053969728438,,0.022703210226408758,0.029374126293451857,0.0639517071625073,0.034577580869055435,0.05264804326807288,0.01779159124593281,0.029207366910765007,0.06332048227378181,0.03411311536301681,0.05609325963510045,0.02186187519023334,0.5590339412311658|-0.5841207599471442|0.5433494215301569,0.49502386206714644|-1.0154137872702556|0.1380537852326364,0.18204851774352626|-0.7069706894115445|0.13711459420399644
163,place,place,1,0.8824969025845955,2,2,0,0,2,0,2,right_hand|left_hand,0.14996709418483078,0.002562033012509346,0.13223319710232317,0.015140369068831205,,0.13223319710232317,0.8163232971222534,0.8163232971222534,,,1.0,1.0,0,0.0,0.0,True,0.001531987093267212,0.04341135069496063,20,0.0027335402352362537,12,0.001531987093267212,3,-0.03627712953575646,-0.028155863903052136,,0.0,0.0013853565216769002,,0.022682361657236385,0.03150428727660695,0.06373981360762934,0.03223552633102239,0.05131158599930164,0.017906414036714245,0.03064899263967678,0.06350999928885541,0.032861006649178626,0.053445806876192874,0.021760355500651692,0.5581466259869753|-0.5856214142019586|0.5430641927609489,0.4943067271891784|-1.0165492513573273|0.13804055170066068,0.17975470192708204|-0.7099332629833173|0.1371746494388293
164,place,place,2,0.6065306597126334,2,5,3,2,2,3,5,right_hand|left_hand,0.35733455582521856,0.0025635180063545704,0.33277047681622207,0.015128205996006727,,0.33277047681622207,0.8000850795279761,0.8000252322249112,0.028573667648964296,0.031952277565799714,1.0,1.0,0,0.0,0.0,True,0.0014507206373368664,0.04338855569624786,20,0.0033070616425555366,12,0.0011680785298493895,3,-0.03658885917535848,-0.027828958929323022,,0.0,0.001291158657955532,,0.022511986201445674,0.0342397784909616,0.06295228058132793,0.028712502090366326,0.04929391710587402,0.018004663357420316,0.03187776298455548,0.06385701403047302,0.031979251045917534,0.049910261861515946,0.02127640568643913,0.5566388846456056|-0.5874166933609576|0.5436364174186521,0.49299401200401294|-1.0174431511578237|0.1387884981597672,0.17894394994024743|-0.7109399544310796|0.13717348790866632
165,place,release,2,0.6065306597126334,2,2,0,0,2,0,2,right_hand|left_hand,0.15082375588826835,0.002621863968670368,0.13292756397277117,0.015240480890497565,,0.13292756397277117,0.7878365302499507,0.7878365302499507,,,1.0,1.0,0,0.0,0.0,True,0.0014507095693378352,0.043166290845398914,21,0.0036989498235192875,12,0.001002066826114409,4,-0.03757968707568082,-0.028187220766810128,,0.0,0.0013185833092390694,,0.022395908474104678,0.03852701768521481,0.06294259089790785,0.02441557321269304,0.04557642607654735,0.018141986631725407,0.03195709422104406,0.0635537591215004,0.03159666490045633,0.04519600269629368,0.020594004124316338,0.5556155725130724|-0.5884511830770807|0.5445792404551538,0.49444049168712056|-1.015574041756502|0.13788263901440137,0.1797305038827424|-0.7105189369828278|0.13714322165280318
166,place,release,1,0.8824969025845955,2,2,0,0,2,0,2,right_hand|left_hand,0.15032076905481517,0.0026293639093637466,0.13262665690854192,0.015031928895041347,,0.13262665690854192,0.7839548141702747,0.7839548141702747,,,1.0,1.0,0,0.0,0.0,True,0.0014505831654156344,0.04301120646337819,18,0.0033454913191396374,12,0.0010066675669738179,1,-0.0382736748169723,-0.026452380986153656,,0.0,0.0012958649874342085,,0.022411419692580273,0.044143587607936095,0.06225415521355789,0.018110567605621797,0.04161621243235901,0.018391557550976427,0.032630351534713914,0.0654081593890381,0.03277780785432419,0.04231440344727045,0.02049758510384355,0.553660271763132|-0.5880238213859597|0.5463431697491001,0.49415908870487907|-1.0147911862663561|0.1392993332502532,0.17765741756970393|-0.7109831930029198|0.13935448441848075
167,place|release,release,0,1.0,2,2,0,0,2,0,2,right_hand|left_hand,0.149954967899248,0.002632716903463006,0.13223081710748374,0.01505809579975903,,0.13223081710748374,0.7784381037516408,0.7784381037516408,,,1.0,1.0,0,0.0,0.0,True,0.0014506662000657658,0.04282213723292219,17,0.0032885224614347397,12,0.0010267970903186374,1,-0.038608617250208255,-0.025588720412642374,,0.0,0.0011281391567944008,,0.022399809125122565,0.05102108597820686,0.06214528888061588,0.011124202902409022,0.035697736833678245,0.01811723541426551,0.03403831060581309,0.06808141252492153,0.03404310191910844,0.040491714145287135,0.020793390016815936,0.5523577894484568|-0.587567239260772|0.5501598733973653,0.49454467820259457|-1.0140383875222427|0.14296120133357718,0.17739015007691644|-0.7099902061557234|0.14596317033501785
168,release,release,1,0.8824969025845955,2,2,0,0,2,0,2,right_hand|left_hand,0.1478227679617703,0.002611755160614848,0.1303910620044917,0.014787697000429034,,0.1303910620044917,0.7653902144823526,0.7653902144823526,,,1.0,1.0,0,0.0,0.0,True,0.00144967397740128,0.04233079531693784,16,0.00327682267585247,11,0.0008378540964973924,1,-0.036455041946625855,-0.02413899531835284,,0.0,0.001414661000767781,,0.022275318224811616,0.057945770332680925,0.06422948422543566,0.0062837138927547345,0.0325319676790073,0.018292025149582326,0.03768593914257465,0.07313999891512038,0.03545405977254573,0.036844772025974894,0.02035165073436074,0.5496177041167412|-0.5854832291101287|0.5572520862953299,0.4973850966238128|-1.0133482730865992|0.14720918884502898,0.17671058534148465|-0.7098265090800374|0.15702038709985552
169,release,release,2,0.6065306597126334,2,2,0,0,2,0,2,right_hand|left_hand,0.16869347705505788,0.00259210797958076,0.1514711258932948,0.014595767948776484,,0.1514711258932948,0.7527345623277194,0.7527345623277194,,,1.0,1.0,0,0.0,0.0,True,0.0014679673477170502,0.041968770181387144,15,0.0033650770584381373,10,0.000909766408402346,1,-0.029449496563485056,-0.03228004056848377,,0.0,0.0014140946389896796,,0.022157068844701446,0.06520212713187788,0.07011247197988278,0.0049103448480048995,0.02825325624746482,0.018502829401228705,0.04522794336980984,0.0698640372146773,0.02463609384486745,0.030015669520375453,0.020305629909602673,0.5465300514952275|-0.5861617882432073|0.5658368474093174,0.5035396463216888|-1.0138170079161088|0.15221140621698134,0.18108567447375382|-0.7095623440473943|0.1686528172801787
170,,release,3,0.32465246735834974,2,2,0,0,2,0,2,right_hand|left_hand,0.14418129692785442,0.0026222269516438246,0.12710371403954923,0.014421975938603282,,0.12710371403954923,0.7363103734537605,0.7363103734537605,,,1.0,1.0,0,0.0,0.0,True,0.001468532287288174,0.041518598786912,13,0.0033603405169984057,9,0.0,0,-0.017678142591144308,-0.026397436510995576,,0.0,0.0014133528399719343,,0.02198162005415176,0.07218582435300443,0.08044374766296132,0.008257923309956894,0.02575539391315984,0.01840023529878101,0.049393140583701305,0.0740803168563501,0.02468717627264879,0.03011441569834272,0.019812344849685488,0.5446736998636288|-0.586191695749737|0.5741656620523771,0.512251639583261|-1.0161458928656786|0.16164439811687847,0.18244289439324007|-0.6977730452619746|0.18076947101847357
171,,release,4,0.1353352832366127,2,2,0,0,2,0,2,,0.14012489607557654,0.0026375879533588886,0.12345885392278433,0.01399949798360467,,0.12345885392278433,0.7283212716252633,0.7283212716252633,,,1.0,1.0,0,0.0,0.0,False,0.0014055248485239369,0.040566746384875646,13,0.0033176622921406163,9,0.0,0,-0.002492541881059296,-0.025013356075817228,,0.0,0.0014139043386604138,,0.021850181831443362,0.0817515852275083,0.09496278663911349,0.013211201411605186,0.02574882821397419,0.01891843686564878,0.05656154740956927,0.07889925745109426,0.02233771004152499,0.027866126024833626,0.01958553251750009,0.5427282826785166|-0.5867486506755972|0.5855847777380333,0.524807540751737|-1.0163965918119326|0.17805952702415723,0.18456067354658556|-0.692066017475002|0.19712182085510938
172,,release,5,0.04393693362340742,2,2,0,0,2,0,2,,0.13599574682302773,0.0026209980715066195,0.11954762996174395,0.013795801205560565,,0.11954762996174395,0.7185900502755997,0.7185900502755997,,,1.0,1.0,0,0.0,0.0,False,0.0014044963816931127,0.03984400690115328,13,0.0032773474505289335,9,0.0,0,0.01308827817390501,-0.013405025504134471,,0.0,0.0014144640852352943,,0.021770924875595506,0.08741630480404104,0.09606201321087021,0.00864570840682917,0.025321819388958926,0.01892778433966557,0.06847629255171706,0.09239994713124344,0.023923654579526388,0.027905144006187894,0.020440717466429264,0.5430351355279192|-0.5859804654593547|0.5968479982329157,0.5387459446092168|-1.0139956132281402|0.19518018447538152,0.18432276344305773|-0.6808630245675151|0.2150089754712758
173,,release,6,0.011108996538242306,2,2,0,0,2,0,2,,0.13194456393830478,0.002608576091006398,0.11588031402789056,0.013426425866782665,,0.11588031402789056,0.7095361228252824,0.7095361228252824,,,1.0,1.0,0,0.0,0.0,False,0.0014357839516566245,0.03925071255061788,13,0.003212840348059298,9,0.0,0,0.026715675217618085,-0.001458974965771631,,0.0,0.0014136413973992318,,0.021698573499492824,0.08849723896939748,0.10127539657757212,0.012778157608174634,0.024405608032572298,0.019278227259562467,0.07654651471494775,0.09865925883889107,0.022112744123943318,0.0280457408653851,0.020242335459133093,0.5442516497730414|-0.5868337497230873|0.6082189228371784,0.553223548203741|-1.009283653465131|0.21216096918752272,0.1858203126726654|-0.6694011308841138|0.2324478185747797
174,,release,7,0.002187491118182885,2,2,0,0,2,0,2,,0.12661282112821937,0.0026073388289660215,0.11101237894035876,0.012961783912032843,,0.11101237894035876,0.6923530240672998,0.6923530240672998,,,1.0,1.0,0,0.0,0.0,False,0.001408457995133873,0.038500106035818604,13,0.0032808881487431663,9,0.0,0,0.04294990768280016,0.013322324752028436,,0.0,0.0014137441727602139,,0.021524508826233635,0.09535643335873249,0.10429036916656834,0.008933935807835844,0.024262063121373443,0.019168700993962128,0.08196116553129464,0.09988710389515049,0.01792593836385585,0.0282355655042903,0.02021241373573654,0.5451212797541108|-0.5840802965405009|0.6192329236147379,0.5690263111327265|-1.0032479318464533|0.23248671601996612,0.18798079514244068|-0.6573557998501137|0.2516749334708711
175,,release,8,0.00033546262790251185,2,2,0,0,2,0,2,,0.12194906501099467,0.002639958169311285,0.106412542052567,0.012853624066337943,,0.106412542052567,0.6980769522057813,0.6980769522057813,,,1.0,1.0,0,0.0,0.0,False,0.0014655038800628906,0.03776955280819211,14,0.0032480913721732174,9,0.0,0,0.043238519425814914,0.013180697532920504,,0.0,0.00141331066231075,,0.021575521233434376,0.10933019893862801,0.1139568035279657,0.004626604589337682,0.024633168525584396,0.01927685836859865,0.09345158665985749,0.10486230534662473,0.01141071868676724,0.026630530549501766,0.02043574749731905,0.5480299961595699|-0.5832402935489269|0.63065816300785,0.5861334638049281|-0.9956570509360521|0.2558001839305235,0.19144481405833264|-0.6459935651279611|0.2715151870185469
176,,release,9,4.006529739295107e-05,2,3,1,1,2,1,3,,0.17569149006158113,0.0026460580993443727,0.15486389328725636,0.012365533970296383,,0.15486389328725636,0.6948416199278438,0.6947450632328988,0.011106125323406948,0.0059559297126882405,1.0,1.0,0,0.0,0.0,False,0.0014806086093999277,0.03700837981963326,12,0.0032414610302861635,7,0.0,0,0.045506426581859216,0.012121824757862498,,0.0,0.001414386996913112,,0.021551134130334625,0.11992225228588647,0.13108099743652,0.011158745150633517,0.02569613919789759,0.019378704538019202,0.10911909928107438,0.11518074535487906,0.006061646073804675,0.025284625002905795,0.020395744835713502,0.5473890604275911|-0.5865056484959195|0.6443099005829619,0.6065414825625951|-0.9824135563759314|0.28269708384569486,0.19498906654455175|-0.6346747637990772|0.29487689074765033
177,,release,10,3.726653172078671e-06,2,2,0,0,2,0,2,,0.14027670491486788,0.0025975769385695457,0.12478713714517653,0.012858002912253141,,0.12478713714517653,0.6901302173491736,0.6901302173491736,,,1.0,1.0,0,0.0,0.0,False,0.0014772879641185115,0.03599678419334096,12,0.003209678411143918,7,0.0,0,0.051857340499005034,0.017009829131437115,,0.0,0.001414299199676362,,0.021413566234365466,0.12856650670278466,0.13071418535137763,0.002147678648592971,0.02626607364691597,0.01941450497276278,0.11736156216501047,0.1268263452710155,0.009464783106005029,0.025350501285733063,0.019191251326509673,0.5481002567565836|-0.5930511220994391|0.6605379427810311,0.6248657659796243|-0.9697332564318771|0.31177511948657544,0.20401284888908042|-0.6192684421913175|0.32590652561514655
178,,release,11,2.699578503363014e-07,2,2,0,0,2,0,2,,0.11338476603850722,0.00264128390699625,0.09820988588035107,0.012503603007644415,,0.09820988588035107,0.6694562718888093,0.6694562718888093,,,1.0,1.0,0,0.0,0.0,False,0.0014411079751677734,0.03519383586307326,12,0.0032372118068071387,7,0.0,0,0.063862504119367,0.026914354704199894,,0.0,0.0014140671726497601,,0.021217788115481816,0.1450407403415181,0.13610032576740377,0.00894041457411432,0.026680188241963537,0.01930585162989009,0.12793315693065788,0.14026269433236452,0.012329537401706642,0.026164464375550745,0.019163089775340494,0.5428608659633745|-0.5983763045812757|0.6738689389973742,0.6416674626518256|-0.9582452421057344|0.3426188549788115,0.20988321698974038|-0.6065752853459007|0.3513993835782393
179,,release,12,1.522997974471263e-08,2,2,0,0,2,0,2,,0.1066025709733367,0.0026097758673131466,0.09181014401838183,0.012150343041867018,,0.09181014401838183,0.6549942113708793,0.6549942113708793,,,1.0,1.0,0,0.0,0.0,False,0.001410835519538852,0.03438939971205637,14,0.0032177457428858303,9,0.0,0,0.08052673595926052,0.03728333159238417,,0.0,0.0014121432413310997,,0.021094138666165545,0.16799531309944574,0.1498116736609941,0.018183639438451638,0.02723473316967382,0.019240947829707044,0.1430239994661397,0.15139043996434973,0.008366440498210032,0.02601395605644109,0.019204044747386344,0.5388252606652335|-0.5986922610107406|0.6849554349746468,0.6570402775997648|-0.9445528834399006|0.37795268307808094,0.2167359752878439|-0.5950996977942858|0.3778845539417445
180,,release,13,6.691586091292782e-10,2,2,0,0,2,0,2,,0.10258486703969538,0.002610113937407732,0.08783536008559167,0.012111351825296879,,0.08783536008559167,0.6588416009294955,0.6588416009294955,,,1.0,1.0,0,0.0,0.0,False,0.0014211590083502389,0.03327735284051864,13,0.0032865042744878725,8,0.0,0,0.10068056675703119,0.048732467611840136,,0.0,0.001383363572803334,,0.021141303415006557,0.19553606696033513,0.17104507957521384,0.024490987385121288,0.027474650797194668,0.01944392654192136,0.1612148843364886,0.15999172725082192,0.0012231570856666707,0.024329222053986483,0.019277196818083715,0.5349207219829676|-0.6018623543754505|0.696118947213701,0.6713064008475269|-0.9310561369175114|0.4122498795863859,0.2260467754448994|-0.5857810784957207|0.4071054514479887
181,,release,14,2.289734845645553e-11,2,2,0,0,2,0,2,,0.09969029598869383,0.0026343700010329485,0.08500904496759176,0.012016667984426022,,0.08500904496759176,0.6617065449217111,0.6617065449217111,,,1.0,1.0,0,0.0,0.0,False,0.0014206682832089042,0.03201248240333093,15,0.0033173785393516286,9,0.0,0,0.1223633650154774,0.06390348600354656,,0.0,0.0014106947568595912,,0.021175791188327853,0.2254965775237558,0.19665965900747592,0.02883691851627987,0.02732930770848221,0.019598664549869894,0.18111092103285248,0.17504334480199568,0.006067576230856797,0.02516718508289685,0.019352996769265985,0.5339953446685667|-0.6051406395758141|0.7065568482347864,0.6844859349459878|-0.9168937243547154|0.4459613925833589,0.2305544648610149|-0.5780527189776281|0.4358657580438085
182,,release,15,6.101936677605324e-13,2,2,0,0,2,0,2,,0.09949152590706944,0.0026721330359578133,0.08462063292972744,0.012168863089755177,,0.08462063292972744,0.6781903867166199,0.6781903867166199,,,1.0,1.0,0,0.0,0.0,False,0.0014200626107621073,0.03064844563356653,15,0.003268673999005517,9,0.0,0,0.1424264146339187,0.07684870095713059,,0.0,0.0013759147813351654,,0.021442839279290162,0.2560121685361162,0.22279214652606302,0.03322002201005317,0.02842952472679597,0.01972111578686187,0.2015446298344794,0.18847974074598847,0.013064889088490933,0.024540538447456125,0.019788958913527995,0.5318937851473252|-0.6102337470940443|0.7172073842314187,0.694726393449128|-0.9049926529736035|0.47771826311818977,0.2399816162903845|-0.5757116151673375|0.4657026255408553
183,,release,16,1.2664165549094176e-14,2,2,0,0,2,0,2,,0.09923229808919132,0.002622711006551981,0.08438214589841664,0.01219979883171618,,0.08438214589841664,0.688257276716391,0.688257276716391,,,1.0,1.0,0,0.0,0.0,False,0.0013982029031395504,0.02956890504186302,11,0.003248747666651869,7,0.0,0,0.16350046668345009,0.09162383679857022,,0.0,0.0014149711607280037,,0.021569026372963703,0.2856512034311202,0.25007609607300385,0.035575107358116365,0.02881397045463781,0.020068575816682928,0.22180153031505706,0.20459586032505142,0.01720566999000564,0.02407508486890436,0.01992347583087378,0.5287574818971159|-0.6119536263241218|0.7267244802980851,0.7040049523717394|-0.8918201251821934|0.5088982389634551,0.24478547202018067|-0.5734280812313489|0.4915028278461035
184,,release,17,2.0469717131642043e-16,2,2,0,0,2,0,2,,0.09827342513017356,0.0025776438415050507,0.08337684418074787,0.01228877599351108,,0.08337684418074787,0.7099282572890047,0.7099282572890047,,,1.0,1.0,0,0.0,0.0,False,0.0013939917867085636,0.029596845083849688,11,0.003252260322485906,7,0.0,0,0.18470196446193832,0.11063207248217033,,0.0,0.0014114455812489638,,0.021875949594696575,0.3130544755253803,0.277985698140272,0.035068777385108274,0.027040556259823722,0.019467186671629545,0.24108689094692043,0.22442253118804908,0.016664359758871344,0.02473249643353849,0.020368923910968825,0.5231175714536284|-0.616177087503452|0.736368511940459,0.7109998652271976|-0.8779411743162678|0.5406069322731166,0.25086069206669287|-0.56951864507342|0.5188135182075131
185,,release,18,2.576757109154981e-18,2,2,0,0,2,0,2,,0.0966919930651784,0.0026252290699630976,0.0818579401820898,0.012179233832284808,,0.0818579401820898,0.7220463342310214,0.7220463342310214,,,1.0,1.0,0,0.0,0.0,False,0.0014468915399072427,0.02939107869111235,11,0.003276638306620089,7,0.0,0,0.19792410695054663,0.13030861720381282,,0.0,0.0014206514226744172,,0.022057681957354826,0.33778397384238973,0.29863842293187565,0.03914555091051408,0.027627975774814215,0.01934401151654357,0.2589417099700439,0.24517475745484918,0.01376695251519472,0.02653044849089809,0.020090728176551206,0.519289887785576|-0.6226663611832024|0.7456682850849115,0.7139992909442993|-0.8648503033341663|0.5642740482609303,0.25456600912524713|-0.568938362099114|0.5468760565651238
186,,release,19,2.5261637809256925e-20,2,2,0,0,2,0,2,,0.09341824892908335,0.0026639499701559544,0.07866966305300593,0.012052037054672837,,0.07866966305300593,0.6695277081857022,0.6695277081857022,,,1.0,1.0,0,0.0,0.0,False,0.0013987929285640792,0.029057629409865504,11,0.0032708946587824417,7,0.0,0,0.21323313490088402,0.14603507426492435,,0.0,0.001419160469801594,,0.021443550421351588,0.359344136490238,0.32200094939498664,0.03734318709525136,0.02514725188068504,0.01935459486040279,0.27530081417143243,0.2628425040537175,0.012458310117714921,0.02761760483678927,0.020025847412249814,0.52516774089084|-0.6397618673230786|0.75549196489853,0.7141212212285453|-0.8575416919857852|0.5927512747165908,0.26177750910046066|-0.5705214958117518|0.5717832647251475
187,,release,20,1.9287498479639178e-22,2,2,0,0,2,0,2,,0.08924419991672039,0.0026144259609282017,0.07456764206290245,0.01203150418587029,,0.07456764206290245,0.6644505460817431,0.6644505460817431,,,1.0,1.0,0,0.0,0.0,False,0.001438420096886557,0.028897841099615268,11,0.003246855073097632,7,0.0,0,0.21945875271847903,0.1561792778762161,,0.0,0.0014176683700980975,,0.02144119511015467,0.3770095537397474,0.3365547337576257,0.04045481998212175,0.01846026810343011,0.02058977857749781,0.2895092066965269,0.2775018208823124,0.01200738581421451,0.026785095978939005,0.019388620194924443,0.5230378895573713|-0.6529112535384828|0.764055020224989,0.7068005072156266|-0.8466120067857617|0.6140181153710276,0.2629768759679624|-0.5796216713593535|0.5945448713662935
188,,release,21,1.146876582225596e-24,2,2,0,0,2,0,2,,0.0870876160915941,0.002686457009986043,0.07261375314556062,0.01175887486897409,,0.07261375314556062,0.6404667524926805,0.6404667524926805,,,1.0,1.0,0,0.0,0.0,False,0.0014119407202937,0.028474768840589665,11,0.0032757478639100224,7,0.0,0,0.24447249192371423,0.16379370137024196,,0.0,0.001441121940324022,,0.02107310155523366,0.39003915902423797,0.36303540263798717,0.0270037563862508,0.013804379566352455,0.033689248791602004,0.30052213316320486,0.28804143228366463,0.01248070087954023,0.024175049784874007,0.01953590711644394,0.5186216084310717|-0.6670051539979478|0.7702930684789917,0.7086976913785995|-0.8252223402671748|0.6406470658093931,0.2669088728123261|-0.5884441149280513|0.6116089243833391
189,,release,22,5.311092249679095e-27,2,2,0,0,2,0,2,,0.09127192292362452,0.002588745905086398,0.07668526004999876,0.011963181896135211,,0.07668526004999876,0.6283464728085355,0.6283464728085355,,,1.0,1.0,0,0.0,0.0,False,0.0013799766797342322,0.02800519178406613,11,0.0032510369856921795,7,0.0,0,0.2490206623293485,0.16739682930612787,,0.0,0.001441366007690227,,0.02099140964355244,0.3983120323993477,0.3717236254892832,0.026588406910064477,0.013425288729831448,0.031429943989728676,0.3083592293239548,0.2966992698612791,0.011659959462675729,0.021166948467594947,0.018857774558264883,0.5205224131807883|-0.6876889059233663|0.7720782989562253,0.7088366233226191|-0.8254330290122911|0.6507688658384749,0.27439800185807967|-0.6054178867398131|0.6293673540260513
190,,release,23,1.915478951967148e-29,2,3,1,1,2,1,3,,0.13451787806116045,0.002635780954733491,0.11500177183188498,0.011545456945896149,,0.11500177183188498,0.5977404775700162,0.5979486347723884,0.02412863188896014,0.008508613003945786,1.0,1.0,0,0.0,0.0,False,0.0014355024562255347,0.02757936952694834,11,0.00328116008836285,7,0.0,0,0.25285254049540384,0.1701477544011336,,0.0,0.0010143242136463025,,0.0206283973042141,0.40278409391672254,0.3785966255379297,0.02418746837879282,0.012554972445305691,0.03025216723297298,0.31361655247816944,0.3050963624306549,0.008520190047514531,0.021073905650506444,0.0184915866156235,0.5232231570441759|-0.7059301573670258|0.7723443202595962,0.7072653516049535|-0.8249258690378357|0.6594910598960995,0.276870798482108|-0.6151100191102556|0.6419554322723895
191,,release,24,5.380186160021138e-32,2,2,0,0,2,0,2,,0.08959000604227185,0.0026488290168344975,0.07515128003433347,0.011760751949623227,,0.07515128003433347,0.5797746015163876,0.5797746015163876,,,1.0,1.0,0,0.0,0.0,False,0.0014293581745338825,0.027050562666193295,11,0.003271797423049755,7,0.0,0,0.258167332674498,0.16757519511088503,,0.0,0.0012670409857068012,,0.02045616612714651,0.4038420920325744,0.3857481460314633,0.018093946001111083,0.015223956257869875,,0.3166459060158779,0.30808594265146305,0.008559963364414835,0.018946952050445377,0.018144187229471705,0.5264543440370612|-0.720616615130058|0.772538629700837,0.7080281589837012|-0.8236892715984517|0.6670985538788007,0.2834679765071998|-0.6262222429549142|0.6492011666277653
192,,release,25,1.1769109439216723e-34,2,2,0,0,2,0,2,,0.11347476695664227,0.0026502320542931557,0.09860668401233852,0.0121863370295614,,0.09860668401233852,0.5807350749762374,0.5807350749762374,,,1.0,1.0,0,0.0,0.0,False,0.0014315933682815286,0.028014710538979887,11,0.0032728570565166704,7,0.0,0,0.2553527383692469,0.1612592228786589,,0.0,0.001226376329657166,,0.020609854149553145,0.40227656445836085,0.38477514044481326,0.017501424013547595,0.017467288457271447,,0.3184100408027123,0.3087662473199374,0.009643793482774887,0.01523805972989431,0.018934680758945423,0.5325040342130071|-0.7375189970011465|0.770981294484844,0.7085596287176762|-0.8358676220250495|0.6676546385178591,0.29168874592178073|-0.6406629572148389|0.6542355334636505
193,,release,26,2.005008781961654e-37,2,2,0,0,2,0,2,,0.09117628610692918,0.00265641906298697,0.07677746005356312,0.01171551295556128,,0.07677746005356312,0.574374232743717,0.574374232743717,,,1.0,1.0,0,0.0,0.0,False,0.001407313067371907,0.02874609235151185,11,0.0032953839276314845,7,0.0,0,0.24729580510789617,0.15789194384734273,,0.0,0.0014152268503544538,,0.020524635394226585,0.39822651118405494,0.3791426892716084,0.019083821912446564,0.01789690742143612,0.021213419636310134,0.3193566613925735,0.3110350121603429,0.00832164923223061,0.015417984023858165,0.01993644279951549,0.5361817111305756|-0.756754570380977|0.7694044651360946,0.7079652815236662|-0.8618740355474627|0.6642352421148262,0.2964850732413343|-0.6560701533572939|0.6598252140825225
194,,release,27,2.6602064159439866e-40,2,2,0,0,2,0,2,,0.09617853304371238,0.002630822127684951,0.08136712503619492,0.012153093004599214,,0.08136712503619492,0.5697556596717638,0.5697556596717638,,,1.0,1.0,0,0.0,0.0,False,0.0014049562858082648,0.029025196848480317,13,0.0033404760773517728,8,0.0,0,0.23877699392104468,0.15393724961109534,,0.0,0.001210482591988766,,0.02042940155167525,0.3923473930866343,0.37416555173074134,0.018181841355892958,0.019138063561113135,0.021763613703568847,0.31994222454913385,0.31248705619397216,0.00745516835516169,0.014349988442171537,0.020167096958444673,0.5419091049510617|-0.7742680474995359|0.7682568658396368,0.7056312645167467|-0.8858080432255984|0.6606128327212573,0.30297993245973726|-0.6730458114992128|0.6639573394258476
195,,release,28,2.7487850079102147e-43,2,2,0,0,2,0,2,,0.0993724528234452,0.002587395953014493,0.08398637385107577,0.012769215041771531,,0.08398637385107577,0.5677240192212032,0.5677240192212032,,,1.0,1.0,0,0.0,0.0,False,0.0019130172352639432,0.029214256198448835,13,0.003311939486839499,6,0.0,0,0.2353941518731908,0.15385114270710076,,0.0,0.0014273016643759852,,0.02032584070405708,0.3863443280470266,0.37291461538093673,0.013429712666089888,0.02050493817245203,0.021413012418144306,0.3212678924959147,0.3163018850851065,0.004966007410808215,0.011871723313419486,0.0193654693966804,0.5520099206661835|-0.7910842226843681|0.7688153352615147,0.7076570151642382|-0.9122661438417228|0.6568073830592649,0.3184955896710668|-0.6917557138966353|0.6695100412605001
