frame,geom_a,geom_b,body_a,body_b,signed_distance,penetration_depth,pair_type,expected_contact,illegal_penetration
0,ground,right_ankle_roll_sphere_2_link,world,right_ankle_roll_sphere_2_link,-0.0006835589638036479,0.0006835589638036479,foot-ground,True,False
0,ground,left_ankle_roll_sphere_5_link,world,left_ankle_roll_sphere_5_link,-0.0007550751540372274,0.0007550751540372274,foot-ground,True,False
0,left_ankle_intermediate_1_link,left_ankle_roll_link,left_ankle_intermediate_1_link,left_ankle_roll_link,-0.0021510294128936347,0.0021510294128936347,self-collision,False,False
0,ground,right_ankle_roll_link,world,right_ankle_roll_link,-0.0014463704650740615,0.0014463704650740615,foot-ground,True,False
0,ground,left_ankle_roll_sphere_1_link,world,left_ankle_roll_sphere_1_link,-0.0005990226807956979,0.0005990226807956979,foot-ground,True,False
0,ground,right_ankle_roll_sphere_3_link,world,right_ankle_roll_sphere_3_link,-0.0009929834106444406,0.0009929834106444406,foot-ground,True,False
0,ground,left_ankle_roll_sphere_2_link,world,left_ankle_roll_sphere_2_link,-0.0009998678891717369,0.0009998678891717369,foot-ground,True,False
0,ground,right_ankle_roll_sphere_4_link,world,right_ankle_roll_sphere_4_link,-0.0006198875371770931,0.0006198875371770931,foot-ground,True,False
0,ground,largebox,world,largebox_link,-0.0031038711506328753,0.0031038711506328753,object-ground,True,False
0,ground,right_ankle_roll_sphere_5_link,world,right_ankle_roll_sphere_5_link,-0.0008026025205181064,0.0008026025205181064,foot-ground,True,False
0,right_knee_link,right_ankle_roll_link,right_knee_link,right_ankle_roll_link,-0.023422146515978917,0.023422146515978917,self-collision,False,False
0,right_ankle_intermediate_1_link,right_ankle_roll_link,right_ankle_intermediate_1_link,right_ankle_roll_link,-0.001944741827599919,0.001944741827599919,self-collision,False,False
0,ground,left_ankle_roll_link,world,left_ankle_roll_link,-0.0014683117942896062,0.0014683117942896062,foot-ground,True,False
0,left_knee_link,left_ankle_roll_link,left_knee_link,left_ankle_roll_link,-0.028121296152426145,0.028121296152426145,self-collision,False,False
0,ground,left_ankle_roll_sphere_3_link,world,left_ankle_roll_sphere_3_link,-0.0005192385691112347,0.0005192385691112347,foot-ground,True,False
0,ground,right_ankle_roll_sphere_1_link,world,right_ankle_roll_sphere_1_link,-0.0009944721916931047,0.0009944721916931047,foot-ground,True,False
0,ground,left_ankle_roll_sphere_4_link,world,left_ankle_roll_sphere_4_link,-0.0010002528191624836,0.0010002528191624836,foot-ground,True,False
1,ground,left_ankle_roll_sphere_5_link,world,left_ankle_roll_sphere_5_link,-0.00017445926468511157,0.00017445926468511157,foot-ground,True,False
1,left_ankle_intermediate_1_link,left_ankle_roll_link,left_ankle_intermediate_1_link,left_ankle_roll_link,-0.00195804799977245,0.00195804799977245,self-collision,False,False
1,ground,right_ankle_roll_link,world,right_ankle_roll_link,-0.0007543228536851104,0.0007543228536851104,foot-ground,True,False
1,ground,left_ankle_roll_sphere_1_link,world,left_ankle_roll_sphere_1_link,-2.1638158440864634e-05,2.1638158440864634e-05,foot-ground,True,False
1,ground,right_ankle_roll_sphere_3_link,world,right_ankle_roll_sphere_3_link,-0.00029720597746698673,0.00029720597746698673,foot-ground,True,False
1,ground,left_ankle_roll_sphere_2_link,world,left_ankle_roll_sphere_2_link,-0.0003942779889770402,0.0003942779889770402,foot-ground,True,False
1,ground,largebox,world,largebox_link,-0.0031473427068362536,0.0031473427068362536,object-ground,True,False
1,ground,right_ankle_roll_sphere_5_link,world,right_ankle_roll_sphere_5_link,-9.469691869699436e-05,9.469691869699436e-05,foot-ground,True,False
1,right_knee_link,right_ankle_roll_link,right_knee_link,right_ankle_roll_link,-0.0244088721890455,0.0244088721890455,self-collision,False,False
1,right_ankle_intermediate_1_link,right_ankle_roll_link,right_ankle_intermediate_1_link,right_ankle_roll_link,-0.0024532720757080018,0.0024532720757080018,self-collision,False,False
1,ground,left_ankle_roll_link,world,left_ankle_roll_link,-0.0008618065140983122,0.0008618065140983122,foot-ground,True,False
1,left_knee_link,left_ankle_roll_link,left_knee_link,left_ankle_roll_link,-0.02986117164111296,0.02986117164111296,self-collision,False,False
1,ground,right_ankle_roll_sphere_1_link,world,right_ankle_roll_sphere_1_link,-0.0002994927216673554,0.0002994927216673554,foot-ground,True,False
1,ground,left_ankle_roll_sphere_4_link,world,left_ankle_roll_sphere_4_link,-0.00040156935343037877,0.00040156935343037877,foot-ground,True,False
2,ground,left_ankle_roll_sphere_5_link,world,left_ankle_roll_sphere_5_link,-9.673787791915616e-05,9.673787791915616e-05,foot-ground,True,False
2,left_ankle_intermediate_1_link,left_ankle_roll_link,left_ankle_intermediate_1_link,left_ankle_roll_link,-0.002024592944106382,0.002024592944106382,self-collision,False,False
2,ground,right_ankle_roll_link,world,right_ankle_roll_link,-0.0006770888994928753,0.0006770888994928753,foot-ground,True,False
2,ground,right_ankle_roll_sphere_3_link,world,right_ankle_roll_sphere_3_link,-0.00022878828049177537,0.00022878828049177537,foot-ground,True,False
2,ground,left_ankle_roll_sphere_2_link,world,left_ankle_roll_sphere_2_link,-0.0002922340768641068,0.0002922340768641068,foot-ground,True,False
2,ground,largebox,world,largebox_link,-0.0031186797000378186,0.0031186797000378186,object-ground,True,False
2,ground,right_ankle_roll_sphere_5_link,world,right_ankle_roll_sphere_5_link,-4.24762516266523e-05,4.24762516266523e-05,foot-ground,True,False
2,right_knee_link,right_ankle_roll_link,right_knee_link,right_ankle_roll_link,-0.026846139923947798,0.026846139923947798,self-collision,False,False
2,right_ankle_intermediate_1_link,right_ankle_roll_link,right_ankle_intermediate_1_link,right_ankle_roll_link,-0.0023695047340207415,0.0023695047340207415,self-collision,False,False
2,ground,left_ankle_roll_link,world,left_ankle_roll_link,-0.0007487152207827988,0.0007487152207827988,foot-ground,True,False
2,left_knee_link,left_ankle_roll_link,left_knee_link,left_ankle_roll_link,-0.031437388656473386,0.031437388656473386,self-collision,False,False
2,ground,right_ankle_roll_sphere_1_link,world,right_ankle_roll_sphere_1_link,-0.00022034741327362894,0.00022034741327362894,foot-ground,True,False
2,ground,left_ankle_roll_sphere_4_link,world,left_ankle_roll_sphere_4_link,-0.00029477083704914763,0.00029477083704914763,foot-ground,True,False
3,pelvis_contour_link,right_hip_roll_link,pelvis_contour_link,right_hip_roll_link,-0.0009640322019569825,0.0009640322019569825,self-collision,False,False
3,ground,left_ankle_roll_sphere_5_link,world,left_ankle_roll_sphere_5_link,-5.577464882540028e-05,5.577464882540028e-05,foot-ground,True,False
3,ground,right_ankle_roll_link,world,right_ankle_roll_link,-0.000613813009079027,0.000613813009079027,foot-ground,True,False
3,ground,right_ankle_roll_sphere_3_link,world,right_ankle_roll_sphere_3_link,-0.00016848445938994188,0.00016848445938994188,foot-ground,True,False
3,ground,left_ankle_roll_sphere_2_link,world,left_ankle_roll_sphere_2_link,-0.000246375317427292,0.000246375317427292,foot-ground,True,False
3,ground,largebox,world,largebox_link,-0.003141146459411881,0.003141146459411881,object-ground,True,False
3,right_knee_link,right_ankle_roll_link,right_knee_link,right_ankle_roll_link,-0.028902095599976946,0.028902095599976946,self-collision,False,False
3,right_ankle_intermediate_1_link,right_ankle_roll_link,right_ankle_intermediate_1_link,right_ankle_roll_link,-0.002174167277352257,0.002174167277352257,self-collision,False,False
3,ground,left_ankle_roll_link,world,left_ankle_roll_link,-0.0007018770111012138,0.0007018770111012138,foot-ground,True,False
3,left_knee_link,left_ankle_roll_link,left_knee_link,left_ankle_roll_link,-0.0328528541989456,0.0328528541989456,self-collision,False,False
3,ground,right_ankle_roll_sphere_1_link,world,right_ankle_roll_sphere_1_link,-0.00015563744042802318,0.00015563744042802318,foot-ground,True,False
3,ground,left_ankle_roll_sphere_4_link,world,left_ankle_roll_sphere_4_link,-0.0002493623282723697,0.0002493623282723697,foot-ground,True,False
4,pelvis_contour_link,right_hip_roll_link,pelvis_contour_link,right_hip_roll_link,-0.003948229503443854,0.003948229503443854,self-collision,False,False
4,ground,right_ankle_roll_link,world,right_ankle_roll_link,-0.0006169229539316201,0.0006169229539316201,foot-ground,True,False
4,ground,right_ankle_roll_sphere_3_link,world,right_ankle_roll_sphere_3_link,-0.00016057144460471153,0.00016057144460471153,foot-ground,True,False
4,ground,left_ankle_roll_sphere_2_link,world,left_ankle_roll_sphere_2_link,-0.00016016805734399547,0.00016016805734399547,foot-ground,True,False
4,pelvis_contour_link,left_hip_roll_link,pelvis_contour_link,left_hip_roll_link,-0.0030276198687383543,0.0030276198687383543,self-collision,False,False
4,ground,largebox,world,largebox_link,-0.0031371618314882943,0.0031371618314882943,object-ground,True,False
4,right_knee_link,right_ankle_roll_link,right_knee_link,right_ankle_roll_link,-0.03110786774236965,0.03110786774236965,self-collision,False,False
4,right_ankle_intermediate_1_link,right_ankle_roll_link,right_ankle_intermediate_1_link,right_ankle_roll_link,-0.0019377428397491236,0.0019377428397491236,self-collision,False,False
4,ground,left_ankle_roll_link,world,left_ankle_roll_link,-0.0006260714993968908,0.0006260714993968908,foot-ground,True,False
4,left_knee_link,left_ankle_roll_link,left_knee_link,left_ankle_roll_link,-0.03436358549959159,0.03436358549959159,self-collision,False,False
4,ground,right_ankle_roll_sphere_1_link,world,right_ankle_roll_sphere_1_link,-0.00016316376195492626,0.00016316376195492626,foot-ground,True,False
4,ground,left_ankle_roll_sphere_4_link,world,left_ankle_roll_sphere_4_link,-0.0001642023859512792,0.0001642023859512792,foot-ground,True,False
5,pelvis_contour_link,right_hip_roll_link,pelvis_contour_link,right_hip_roll_link,-0.00525046469014126,0.00525046469014126,self-collision,False,False
5,ground,right_ankle_roll_link,world,right_ankle_roll_link,-0.0009044907119012853,0.0009044907119012853,foot-ground,True,False
5,ground,right_ankle_roll_sphere_3_link,world,right_ankle_roll_sphere_3_link,-0.00042630330429962223,0.00042630330429962223,foot-ground,True,False
5,ground,left_ankle_roll_sphere_2_link,world,left_ankle_roll_sphere_2_link,-0.0004379938350753598,0.0004379938350753598,foot-ground,True,False
5,pelvis_contour_link,left_hip_roll_link,pelvis_contour_link,left_hip_roll_link,-0.005187049288440063,0.005187049288440063,self-collision,False,False
5,ground,largebox,world,largebox_link,-0.0031110539474660526,0.0031110539474660526,object-ground,True,False
5,ground,right_ankle_roll_sphere_5_link,world,right_ankle_roll_sphere_5_link,-0.00012557512543207635,0.00012557512543207635,foot-ground,True,False
5,right_knee_link,right_ankle_roll_link,right_knee_link,right_ankle_roll_link,-0.033355195076882005,0.033355195076882005,self-collision,False,False
5,ground,left_ankle_roll_link,world,left_ankle_roll_link,-0.0010008670982612697,0.0010008670982612697,foot-ground,True,False
5,left_knee_link,left_ankle_roll_link,left_knee_link,left_ankle_roll_link,-0.036167791746331224,0.036167791746331224,self-collision,False,False
5,ground,right_ankle_roll_sphere_1_link,world,right_ankle_roll_sphere_1_link,-0.00041211865562877214,0.00041211865562877214,foot-ground,True,False
5,ground,left_ankle_roll_sphere_4_link,world,left_ankle_roll_sphere_4_link,-0.0004348245163911203,0.0004348245163911203,foot-ground,True,False
6,pelvis_contour_link,right_hip_roll_link,pelvis_contour_link,right_hip_roll_link,-0.006206603130100505,0.006206603130100505,self-collision,False,False
6,ground,left_ankle_roll_sphere_5_link,world,left_ankle_roll_sphere_5_link,-2.786559662703008e-05,2.786559662703008e-05,foot-ground,True,False
6,ground,right_ankle_roll_link,world,right_ankle_roll_link,-0.0014961521780334705,0.0014961521780334705,foot-ground,True,False
6,ground,right_ankle_roll_sphere_3_link,world,right_ankle_roll_sphere_3_link,-0.0008745010611640935,0.0008745010611640935,foot-ground,True,False
6,pelvis_contour_link,left_hip_roll_link,pelvis_contour_link,left_hip_roll_link,-0.006696868842781437,0.006696868842781437,self-collision,False,False
6,ground,largebox,world,largebox_link,-0.0031355946968038007,0.0031355946968038007,object-ground,True,False
6,ground,right_ankle_roll_sphere_5_link,world,right_ankle_roll_sphere_5_link,-5.5618916673850875e-05,5.5618916673850875e-05,foot-ground,True,False
6,right_knee_link,right_ankle_roll_link,right_knee_link,right_ankle_roll_link,-0.03446956878210858,0.03446956878210858,self-collision,False,False
6,ground,left_ankle_roll_link,world,left_ankle_roll_link,-0.0008038814279248095,0.0008038814279248095,foot-ground,True,False
6,left_knee_link,left_ankle_roll_link,left_knee_link,left_ankle_roll_link,-0.03596268638391392,0.03596268638391392,self-collision,False,False
6,left_hip_yaw_link,largebox,left_hip_yaw_link,largebox_link,-0.0036578880462905528,0.0036578880462905528,other-body-box,False,True
6,ground,right_ankle_roll_sphere_1_link,world,right_ankle_roll_sphere_1_link,-0.0008571413582298777,0.0008571413582298777,foot-ground,True,False
6,ground,left_ankle_roll_sphere_4_link,world,left_ankle_roll_sphere_4_link,-0.0003459875366980279,0.0003459875366980279,foot-ground,True,False
7,pelvis_contour_link,right_hip_roll_link,pelvis_contour_link,right_hip_roll_link,-0.00641101164005492,0.00641101164005492,self-collision,False,False
7,ground,right_ankle_roll_link,world,right_ankle_roll_link,-0.0014640398955797183,0.0014640398955797183,foot-ground,True,False
7,ground,right_ankle_roll_sphere_3_link,world,right_ankle_roll_sphere_3_link,-0.000499634775229448,0.000499634775229448,foot-ground,True,False
7,pelvis_contour_link,left_hip_roll_link,pelvis_contour_link,left_hip_roll_link,-0.007201187443198628,0.007201187443198628,self-collision,False,False
7,ground,largebox,world,largebox_link,-0.0031557274893412313,0.0031557274893412313,object-ground,True,False
7,right_knee_link,right_ankle_roll_link,right_knee_link,right_ankle_roll_link,-0.03552218471230145,0.03552218471230145,self-collision,False,False
7,ground,left_ankle_roll_link,world,left_ankle_roll_link,-0.0009351012811879833,0.0009351012811879833,foot-ground,True,False
7,left_knee_link,left_ankle_roll_link,left_knee_link,left_ankle_roll_link,-0.03566209475692944,0.03566209475692944,self-collision,False,False
7,left_hip_yaw_link,largebox,left_hip_yaw_link,largebox_link,-0.0018857452903573296,0.0018857452903573296,other-body-box,False,True
7,ground,right_ankle_roll_sphere_1_link,world,right_ankle_roll_sphere_1_link,-0.0009695171899613995,0.0009695171899613995,foot-ground,True,False
7,ground,left_ankle_roll_sphere_4_link,world,left_ankle_roll_sphere_4_link,-0.0003908988705601272,0.0003908988705601272,foot-ground,True,False
8,pelvis_contour_link,right_hip_roll_link,pelvis_contour_link,right_hip_roll_link,-0.005896862895135191,0.005896862895135191,self-collision,False,False
8,ground,right_ankle_roll_link,world,right_ankle_roll_link,-0.0010471221329552624,0.0010471221329552624,foot-ground,True,False
8,ground,right_ankle_roll_sphere_3_link,world,right_ankle_roll_sphere_3_link,-0.00033709488110809146,0.00033709488110809146,foot-ground,True,False
8,pelvis_contour_link,left_hip_roll_link,pelvis_contour_link,left_hip_roll_link,-0.008061937663067356,0.008061937663067356,self-collision,False,False
8,ground,largebox,world,largebox_link,-0.002967420815621097,0.002967420815621097,object-ground,True,False
8,right_knee_link,right_ankle_roll_link,right_knee_link,right_ankle_roll_link,-0.03620982883466786,0.03620982883466786,self-collision,False,False
8,ground,left_ankle_roll_link,world,left_ankle_roll_link,-0.0009843697811100435,0.0009843697811100435,foot-ground,True,False
8,left_knee_link,left_ankle_roll_link,left_knee_link,left_ankle_roll_link,-0.03492674453542152,0.03492674453542152,self-collision,False,False
8,left_hip_yaw_link,largebox,left_hip_yaw_link,largebox_link,-0.002305498241134435,0.002305498241134435,other-body-box,False,True
8,ground,right_ankle_roll_sphere_1_link,world,right_ankle_roll_sphere_1_link,-0.0003815530529002178,0.0003815530529002178,foot-ground,True,False
8,ground,left_ankle_roll_sphere_4_link,world,left_ankle_roll_sphere_4_link,-0.00034427410467454105,0.00034427410467454105,foot-ground,True,False
9,pelvis_contour_link,right_hip_roll_link,pelvis_contour_link,right_hip_roll_link,-0.005587544086025062,0.005587544086025062,self-collision,False,False
9,ground,right_ankle_roll_link,world,right_ankle_roll_link,-0.0015040944342478262,0.0015040944342478262,foot-ground,True,False
9,ground,right_ankle_roll_sphere_3_link,world,right_ankle_roll_sphere_3_link,-0.00042493884288927804,0.00042493884288927804,foot-ground,True,False
9,pelvis_contour_link,left_hip_roll_link,pelvis_contour_link,left_hip_roll_link,-0.0088840169975056,0.0088840169975056,self-collision,False,False
9,ground,largebox,world,largebox_link,-0.003008943902417044,0.003008943902417044,object-ground,True,False
9,right_knee_link,right_ankle_roll_link,right_knee_link,right_ankle_roll_link,-0.03686399436899085,0.03686399436899085,self-collision,False,False
9,ground,left_ankle_roll_link,world,left_ankle_roll_link,-0.0009939814476197933,0.0009939814476197933,foot-ground,True,False
9,left_knee_link,left_ankle_roll_link,left_knee_link,left_ankle_roll_link,-0.03457649397304524,0.03457649397304524,self-collision,False,False
9,left_hip_yaw_link,largebox,left_hip_yaw_link,largebox_link,-0.001533302122629962,0.001533302122629962,other-body-box,False,True
9,ground,right_ankle_roll_sphere_1_link,world,right_ankle_roll_sphere_1_link,-0.0009828986011699318,0.0009828986011699318,foot-ground,True,False
9,ground,left_ankle_roll_sphere_4_link,world,left_ankle_roll_sphere_4_link,-0.00018358588747846138,0.00018358588747846138,foot-ground,True,False
10,pelvis_contour_link,right_hip_roll_link,pelvis_contour_link,right_hip_roll_link,-0.005921892853707339,0.005921892853707339,self-collision,False,False
10,ground,right_ankle_roll_link,world,right_ankle_roll_link,-0.0011576554514964449,0.0011576554514964449,foot-ground,True,False
10,ground,right_ankle_roll_sphere_3_link,world,right_ankle_roll_sphere_3_link,-0.0006857273881217081,0.0006857273881217081,foot-ground,True,False
10,pelvis_contour_link,left_hip_roll_link,pelvis_contour_link,left_hip_roll_link,-0.00946007184776787,0.00946007184776787,self-collision,False,False
10,ground,largebox,world,largebox_link,-0.002972382152683306,0.002972382152683306,object-ground,True,False
10,right_knee_link,right_ankle_roll_link,right_knee_link,right_ankle_roll_link,-0.0367984950888785,0.0367984950888785,self-collision,False,False
10,ground,left_ankle_roll_link,world,left_ankle_roll_link,-0.0009862401491567765,0.0009862401491567765,foot-ground,True,False
10,left_knee_link,left_ankle_roll_link,left_knee_link,left_ankle_roll_link,-0.033676351363198326,0.033676351363198326,self-collision,False,False
10,left_hip_yaw_link,largebox,left_hip_yaw_link,largebox_link,-0.0012120535921872622,0.0012120535921872622,other-body-box,False,True
11,pelvis_contour_link,right_hip_roll_link,pelvis_contour_link,right_hip_roll_link,-0.006434922669093762,0.006434922669093762,self-collision,False,False
11,ground,right_ankle_roll_link,world,right_ankle_roll_link,-0.0011435599984130698,0.0011435599984130698,foot-ground,True,False
11,ground,right_ankle_roll_sphere_3_link,world,right_ankle_roll_sphere_3_link,-0.0006894569379045047,0.0006894569379045047,foot-ground,True,False
11,pelvis_contour_link,left_hip_roll_link,pelvis_contour_link,left_hip_roll_link,-0.009570968311301664,0.009570968311301664,self-collision,False,False
11,ground,largebox,world,largebox_link,-0.003018469779875105,0.003018469779875105,object-ground,True,False
11,right_knee_link,right_ankle_roll_link,right_knee_link,right_ankle_roll_link,-0.037052626931522586,0.037052626931522586,self-collision,False,False
11,ground,left_ankle_roll_link,world,left_ankle_roll_link,-0.0009893339392825773,0.0009893339392825773,foot-ground,True,False
11,left_knee_link,left_ankle_roll_link,left_knee_link,left_ankle_roll_link,-0.03332545578425661,0.03332545578425661,self-collision,False,False
11,left_hip_yaw_link,largebox,left_hip_yaw_link,largebox_link,-0.000971860796007043,0.000971860796007043,other-body-box,False,True
12,pelvis_contour_link,right_hip_roll_link,pelvis_contour_link,right_hip_roll_link,-0.005282408175905487,0.005282408175905487,self-collision,False,False
12,ground,right_ankle_roll_link,world,right_ankle_roll_link,-0.0014293184678338365,0.0014293184678338365,foot-ground,True,False
12,ground,right_ankle_roll_sphere_3_link,world,right_ankle_roll_sphere_3_link,-0.0009832726190595982,0.0009832726190595982,foot-ground,True,False
12,pelvis_contour_link,left_hip_roll_link,pelvis_contour_link,left_hip_roll_link,-0.009790221124384588,0.009790221124384588,self-collision,False,False
12,ground,largebox,world,largebox_link,-0.0030128680476467218,0.0030128680476467218,object-ground,True,False
12,right_knee_link,right_ankle_roll_link,right_knee_link,right_ankle_roll_link,-0.03763497730599211,0.03763497730599211,self-collision,False,False
12,ground,left_ankle_roll_link,world,left_ankle_roll_link,-0.000998289670121777,0.000998289670121777,foot-ground,True,False
12,left_knee_link,left_ankle_roll_link,left_knee_link,left_ankle_roll_link,-0.033821641230315,0.033821641230315,self-collision,False,False
12,left_hip_yaw_link,largebox,left_hip_yaw_link,largebox_link,-0.0009096829230521714,0.0009096829230521714,other-body-box,False,True
13,pelvis_contour_link,right_hip_roll_link,pelvis_contour_link,right_hip_roll_link,-0.005922493457557174,0.005922493457557174,self-collision,False,False
13,ground,right_ankle_roll_link,world,right_ankle_roll_link,-0.001443431625730976,0.001443431625730976,foot-ground,True,False
13,ground,right_ankle_roll_sphere_3_link,world,right_ankle_roll_sphere_3_link,-0.0009858879278821396,0.0009858879278821396,foot-ground,True,False
13,pelvis_contour_link,left_hip_roll_link,pelvis_contour_link,left_hip_roll_link,-0.007686885079054226,0.007686885079054226,self-collision,False,False
13,ground,largebox,world,largebox_link,-0.003035093538967387,0.003035093538967387,object-ground,True,False
13,right_knee_link,right_ankle_roll_link,right_knee_link,right_ankle_roll_link,-0.03807184063935404,0.03807184063935404,self-collision,False,False
13,ground,left_ankle_roll_link,world,left_ankle_roll_link,-0.0009942490824770556,0.0009942490824770556,foot-ground,True,False
13,left_knee_link,left_ankle_roll_link,left_knee_link,left_ankle_roll_link,-0.033445820435312246,0.033445820435312246,self-collision,False,False
13,left_hip_yaw_link,largebox,left_hip_yaw_link,largebox_link,-0.0019417335780628764,0.0019417335780628764,other-body-box,False,True
14,pelvis_contour_link,right_hip_roll_link,pelvis_contour_link,right_hip_roll_link,-0.0055994482735223505,0.0055994482735223505,self-collision,False,False
14,left_ankle_intermediate_1_link,left_ankle_roll_link,left_ankle_intermediate_1_link,left_ankle_roll_link,-0.002599416907229271,0.002599416907229271,self-collision,False,False
14,ground,right_ankle_roll_link,world,right_ankle_roll_link,-0.0011451072402246416,0.0011451072402246416,foot-ground,True,False
14,ground,right_ankle_roll_sphere_3_link,world,right_ankle_roll_sphere_3_link,-0.0006726036417767948,0.0006726036417767948,foot-ground,True,False
14,pelvis_contour_link,left_hip_roll_link,pelvis_contour_link,left_hip_roll_link,-0.008337172014327113,0.008337172014327113,self-collision,False,False
14,ground,largebox,world,largebox_link,-0.0030380263466471824,0.0030380263466471824,object-ground,True,False
14,right_knee_link,right_ankle_roll_link,right_knee_link,right_ankle_roll_link,-0.03870685202967386,0.03870685202967386,self-collision,False,False
14,ground,left_ankle_roll_link,world,left_ankle_roll_link,-0.0009989556808532654,0.0009989556808532654,foot-ground,True,False
14,left_knee_link,left_ankle_roll_link,left_knee_link,left_ankle_roll_link,-0.033338098617066186,0.033338098617066186,self-collision,False,False
14,left_hip_yaw_link,largebox,left_hip_yaw_link,largebox_link,-0.0012634383220410106,0.0012634383220410106,other-body-box,False,True
15,pelvis_contour_link,right_hip_roll_link,pelvis_contour_link,right_hip_roll_link,-0.004482102733534846,0.004482102733534846,self-collision,False,False
15,right_rubber_hand_link,largebox,right_rubber_hand_link,largebox_link,-0.00027566890394509214,0.00027566890394509214,hand-box,True,False
15,left_ankle_intermediate_1_link,left_ankle_roll_link,left_ankle_intermediate_1_link,left_ankle_roll_link,-0.0027186439734603607,0.0027186439734603607,self-collision,False,False
15,ground,right_ankle_roll_link,world,right_ankle_roll_link,-0.0012498244901483803,0.0012498244901483803,foot-ground,True,False
15,ground,right_ankle_roll_sphere_3_link,world,right_ankle_roll_sphere_3_link,-0.000789288834847887,0.000789288834847887,foot-ground,True,False
15,pelvis_contour_link,left_hip_roll_link,pelvis_contour_link,left_hip_roll_link,-0.008514115087224411,0.008514115087224411,self-collision,False,False
15,ground,largebox,world,largebox_link,-0.002990893649162163,0.002990893649162163,object-ground,True,False
15,right_knee_link,right_ankle_roll_link,right_knee_link,right_ankle_roll_link,-0.03910420764942199,0.03910420764942199,self-collision,False,False
15,ground,left_ankle_roll_link,world,left_ankle_roll_link,-0.0009995222842600487,0.0009995222842600487,foot-ground,True,False
15,left_knee_link,left_ankle_roll_link,left_knee_link,left_ankle_roll_link,-0.03374024393150998,0.03374024393150998,self-collision,False,False
15,left_hip_yaw_link,largebox,left_hip_yaw_link,largebox_link,-0.0011243719417362852,0.0011243719417362852,other-body-box,False,True
16,pelvis_contour_link,right_hip_roll_link,pelvis_contour_link,right_hip_roll_link,-0.005034369697539315,0.005034369697539315,self-collision,False,False
16,right_rubber_hand_link,largebox,right_rubber_hand_link,largebox_link,-0.0009442083756695391,0.0009442083756695391,hand-box,True,False
16,right_hip_yaw_link,largebox,right_hip_yaw_link,largebox_link,-0.001698123124608028,0.001698123124608028,other-body-box,False,True
16,left_shoulder_yaw_link,largebox,left_shoulder_yaw_link,largebox_link,-0.0009308584558018612,0.0009308584558018612,other-body-box,False,True
16,ground,right_ankle_roll_link,world,right_ankle_roll_link,-0.0010602993659791608,0.0010602993659791608,foot-ground,True,False
16,ground,right_ankle_roll_sphere_3_link,world,right_ankle_roll_sphere_3_link,-0.0005846513166618229,0.0005846513166618229,foot-ground,True,False
16,pelvis_contour_link,left_hip_roll_link,pelvis_contour_link,left_hip_roll_link,-0.009480499572956172,0.009480499572956172,self-collision,False,False
16,ground,largebox,world,largebox_link,-0.002996716034210256,0.002996716034210256,object-ground,True,False
16,right_knee_link,right_ankle_roll_link,right_knee_link,right_ankle_roll_link,-0.03955477408960312,0.03955477408960312,self-collision,False,False
16,ground,right_rubber_hand_link,world,right_rubber_hand_link,-0.0009814203528386578,0.0009814203528386578,robot-ground-excluding-foot,False,True
16,ground,left_ankle_roll_link,world,left_ankle_roll_link,-0.000998803914937535,0.000998803914937535,foot-ground,True,False
16,left_knee_link,left_ankle_roll_link,left_knee_link,left_ankle_roll_link,-0.034259158546638246,0.034259158546638246,self-collision,False,False
16,left_hip_yaw_link,largebox,left_hip_yaw_link,largebox_link,-0.001027973458441564,0.001027973458441564,other-body-box,False,True
17,pelvis_contour_link,right_hip_roll_link,pelvis_contour_link,right_hip_roll_link,-0.004549547750967067,0.004549547750967067,self-collision,False,False
17,right_rubber_hand_link,largebox,right_rubber_hand_link,largebox_link,-0.0010099313872059673,0.0010099313872059673,hand-box,True,False
17,right_hip_yaw_link,largebox,right_hip_yaw_link,largebox_link,-0.0011772639658210599,0.0011772639658210599,other-body-box,False,True
17,left_shoulder_yaw_link,largebox,left_shoulder_yaw_link,largebox_link,-0.0009744222534467523,0.0009744222534467523,other-body-box,False,True
17,ground,right_ankle_roll_link,world,right_ankle_roll_link,-0.0009976389791902865,0.0009976389791902865,foot-ground,True,False
17,ground,right_ankle_roll_sphere_3_link,world,right_ankle_roll_sphere_3_link,-0.0005148856802494771,0.0005148856802494771,foot-ground,True,False
17,pelvis_contour_link,left_hip_roll_link,pelvis_contour_link,left_hip_roll_link,-0.0082050003842601,0.0082050003842601,self-collision,False,False
17,ground,largebox,world,largebox_link,-0.0030182819769577485,0.0030182819769577485,object-ground,True,False
17,right_knee_link,right_ankle_roll_link,right_knee_link,right_ankle_roll_link,-0.03923726448386666,0.03923726448386666,self-collision,False,False
17,ground,right_rubber_hand_link,world,right_rubber_hand_link,-0.00099955273752797,0.00099955273752797,robot-ground-excluding-foot,False,True
17,ground,left_ankle_roll_link,world,left_ankle_roll_link,-0.000999131332258263,0.000999131332258263,foot-ground,True,False
17,left_knee_link,left_ankle_roll_link,left_knee_link,left_ankle_roll_link,-0.03459308691062696,0.03459308691062696,self-collision,False,False
17,left_hip_yaw_link,largebox,left_hip_yaw_link,largebox_link,-0.001010197017084713,0.001010197017084713,other-body-box,False,True
18,pelvis_contour_link,right_hip_roll_link,pelvis_contour_link,right_hip_roll_link,-0.0050999866979900554,0.0050999866979900554,self-collision,False,False
18,right_rubber_hand_link,largebox,right_rubber_hand_link,largebox_link,-0.001025978980635306,0.001025978980635306,hand-box,True,False
18,right_hip_yaw_link,largebox,right_hip_yaw_link,largebox_link,-0.0009863266627432726,0.0009863266627432726,other-body-box,False,True
18,left_shoulder_yaw_link,largebox,left_shoulder_yaw_link,largebox_link,-0.001321118474280611,0.001321118474280611,other-body-box,False,True
18,ground,right_ankle_roll_link,world,right_ankle_roll_link,-0.000997452409771435,0.000997452409771435,foot-ground,True,False
18,ground,right_ankle_roll_sphere_3_link,world,right_ankle_roll_sphere_3_link,-0.0005392136214877217,0.0005392136214877217,foot-ground,True,False
18,pelvis_contour_link,left_hip_roll_link,pelvis_contour_link,left_hip_roll_link,-0.008163168535866475,0.008163168535866475,self-collision,False,False
18,ground,largebox,world,largebox_link,-0.003035532063797697,0.003035532063797697,object-ground,True,False
18,right_knee_link,right_ankle_roll_link,right_knee_link,right_ankle_roll_link,-0.03880554348764326,0.03880554348764326,self-collision,False,False
18,ground,right_rubber_hand_link,world,right_rubber_hand_link,-0.0010009779202405228,0.0010009779202405228,robot-ground-excluding-foot,False,True
18,ground,left_ankle_roll_link,world,left_ankle_roll_link,-0.0009961079772694628,0.0009961079772694628,foot-ground,True,False
18,left_knee_link,left_ankle_roll_link,left_knee_link,left_ankle_roll_link,-0.0348358579993891,0.0348358579993891,self-collision,False,False
18,left_rubber_hand_link,largebox,left_rubber_hand_link,largebox_link,-0.00020290971059142016,0.00020290971059142016,hand-box,True,False
18,left_hip_yaw_link,largebox,left_hip_yaw_link,largebox_link,-0.0011135165344706294,0.0011135165344706294,other-body-box,False,True
19,pelvis_contour_link,right_hip_roll_link,pelvis_contour_link,right_hip_roll_link,-0.0056583341029252665,0.0056583341029252665,self-collision,False,False
19,right_rubber_hand_link,largebox,right_rubber_hand_link,largebox_link,-0.0010250563632436677,0.0010250563632436677,hand-box,True,False
19,right_hip_yaw_link,largebox,right_hip_yaw_link,largebox_link,-0.000959747242115061,0.000959747242115061,other-body-box,False,True
19,left_shoulder_yaw_link,largebox,left_shoulder_yaw_link,largebox_link,-0.0008279923049753224,0.0008279923049753224,other-body-box,False,True
19,ground,right_ankle_roll_link,world,right_ankle_roll_link,-0.0010030092251629326,0.0010030092251629326,foot-ground,True,False
19,ground,right_ankle_roll_sphere_3_link,world,right_ankle_roll_sphere_3_link,-0.000566493936564885,0.000566493936564885,foot-ground,True,False
19,pelvis_contour_link,left_hip_roll_link,pelvis_contour_link,left_hip_roll_link,-0.007886333394063832,0.007886333394063832,self-collision,False,False
19,ground,largebox,world,largebox_link,-0.0029856556847730753,0.0029856556847730753,object-ground,True,False
19,right_knee_link,right_ankle_roll_link,right_knee_link,right_ankle_roll_link,-0.03833920029352725,0.03833920029352725,self-collision,False,False
19,ground,right_rubber_hand_link,world,right_rubber_hand_link,-0.0009997064480574275,0.0009997064480574275,robot-ground-excluding-foot,False,True
19,ground,left_ankle_roll_link,world,left_ankle_roll_link,-0.000994748217781706,0.000994748217781706,foot-ground,True,False
19,left_knee_link,left_ankle_roll_link,left_knee_link,left_ankle_roll_link,-0.035035452948580154,0.035035452948580154,self-collision,False,False
19,left_rubber_hand_link,largebox,left_rubber_hand_link,largebox_link,-0.0004974789010585567,0.0004974789010585567,hand-box,True,False
19,left_hip_yaw_link,largebox,left_hip_yaw_link,largebox_link,-0.0010819165646006879,0.0010819165646006879,other-body-box,False,True
20,pelvis_contour_link,right_hip_roll_link,pelvis_contour_link,right_hip_roll_link,-0.005947151249537541,0.005947151249537541,self-collision,False,False
20,right_rubber_hand_link,largebox,right_rubber_hand_link,largebox_link,-0.0010164283536014396,0.0010164283536014396,hand-box,True,False
20,right_hip_yaw_link,largebox,right_hip_yaw_link,largebox_link,-0.001009772226660724,0.001009772226660724,other-body-box,False,True
20,left_shoulder_yaw_link,largebox,left_shoulder_yaw_link,largebox_link,-0.0010710339646362033,0.0010710339646362033,other-body-box,False,True
20,ground,right_ankle_roll_link,world,right_ankle_roll_link,-0.0009989416492221098,0.0009989416492221098,foot-ground,True,False
20,ground,right_ankle_roll_sphere_3_link,world,right_ankle_roll_sphere_3_link,-0.0005581943977558982,0.0005581943977558982,foot-ground,True,False
20,pelvis_contour_link,left_hip_roll_link,pelvis_contour_link,left_hip_roll_link,-0.007862113891439038,0.007862113891439038,self-collision,False,False
20,ground,largebox,world,largebox_link,-0.0029824674316329125,0.0029824674316329125,object-ground,True,False
20,right_knee_link,right_ankle_roll_link,right_knee_link,right_ankle_roll_link,-0.03815884930642205,0.03815884930642205,self-collision,False,False
20,ground,left_rubber_hand_link,world,left_rubber_hand_link,-0.0009822323603730226,0.0009822323603730226,robot-ground-excluding-foot,False,True
20,ground,right_rubber_hand_link,world,right_rubber_hand_link,-0.0009982788244593671,0.0009982788244593671,robot-ground-excluding-foot,False,True
20,ground,left_ankle_roll_link,world,left_ankle_roll_link,-0.0009977753590954541,0.0009977753590954541,foot-ground,True,False
20,left_knee_link,left_ankle_roll_link,left_knee_link,left_ankle_roll_link,-0.03508763283292557,0.03508763283292557,self-collision,False,False
20,left_rubber_hand_link,largebox,left_rubber_hand_link,largebox_link,-0.0004817546710337989,0.0004817546710337989,hand-box,True,False
20,left_hip_yaw_link,largebox,left_hip_yaw_link,largebox_link,-0.0011415760982982637,0.0011415760982982637,other-body-box,False,True
21,pelvis_contour_link,right_hip_roll_link,pelvis_contour_link,right_hip_roll_link,-0.006326233991539754,0.006326233991539754,self-collision,False,False
21,right_rubber_hand_link,largebox,right_rubber_hand_link,largebox_link,-0.0009880064287485363,0.0009880064287485363,hand-box,True,False
21,right_hip_yaw_link,largebox,right_hip_yaw_link,largebox_link,-0.000992187807147521,0.000992187807147521,other-body-box,False,True
21,left_shoulder_yaw_link,largebox,left_shoulder_yaw_link,largebox_link,-0.0010580767636830246,0.0010580767636830246,other-body-box,False,True
21,ground,right_ankle_roll_link,world,right_ankle_roll_link,-0.0009995422082341027,0.0009995422082341027,foot-ground,True,False
21,ground,right_ankle_roll_sphere_3_link,world,right_ankle_roll_sphere_3_link,-0.0005571212208844529,0.0005571212208844529,foot-ground,True,False
21,pelvis_contour_link,left_hip_roll_link,pelvis_contour_link,left_hip_roll_link,-0.00796941142058663,0.00796941142058663,self-collision,False,False
21,ground,largebox,world,largebox_link,-0.0029389578279449546,0.0029389578279449546,object-ground,True,False
21,right_knee_link,right_ankle_roll_link,right_knee_link,right_ankle_roll_link,-0.03810614200866114,0.03810614200866114,self-collision,False,False
21,ground,left_rubber_hand_link,world,left_rubber_hand_link,-0.0009979064383219133,0.0009979064383219133,robot-ground-excluding-foot,False,True
21,ground,right_rubber_hand_link,world,right_rubber_hand_link,-0.00099969643956406,0.00099969643956406,robot-ground-excluding-foot,False,True
21,ground,left_ankle_roll_link,world,left_ankle_roll_link,-0.0009974926588435656,0.0009974926588435656,foot-ground,True,False
21,left_knee_link,left_ankle_roll_link,left_knee_link,left_ankle_roll_link,-0.03500480739912323,0.03500480739912323,self-collision,False,False
21,left_rubber_hand_link,largebox,left_rubber_hand_link,largebox_link,-0.0009035212687951294,0.0009035212687951294,hand-box,True,False
21,left_hip_yaw_link,largebox,left_hip_yaw_link,largebox_link,-0.0010995269907938948,0.0010995269907938948,other-body-box,False,True
22,pelvis_contour_link,right_hip_roll_link,pelvis_contour_link,right_hip_roll_link,-0.006505237766505606,0.006505237766505606,self-collision,False,False
22,right_rubber_hand_link,largebox,right_rubber_hand_link,largebox_link,-0.000980306948998158,0.000980306948998158,hand-box,True,False
22,right_hip_yaw_link,largebox,right_hip_yaw_link,largebox_link,-0.0008903497724577908,0.0008903497724577908,other-body-box,False,True
22,left_shoulder_yaw_link,largebox,left_shoulder_yaw_link,largebox_link,-0.0006070762520662132,0.0006070762520662132,other-body-box,False,True
22,ground,right_ankle_roll_link,world,right_ankle_roll_link,-0.0009988855721290366,0.0009988855721290366,foot-ground,True,False
22,ground,right_ankle_roll_sphere_3_link,world,right_ankle_roll_sphere_3_link,-0.0005680792786736484,0.0005680792786736484,foot-ground,True,False
22,pelvis_contour_link,left_hip_roll_link,pelvis_contour_link,left_hip_roll_link,-0.00741141838205385,0.00741141838205385,self-collision,False,False
22,ground,largebox,world,largebox_link,-0.0029502151468231153,0.0029502151468231153,object-ground,True,False
22,right_knee_link,right_ankle_roll_link,right_knee_link,right_ankle_roll_link,-0.0380852441230311,0.0380852441230311,self-collision,False,False
22,ground,left_rubber_hand_link,world,left_rubber_hand_link,-0.000996622911277431,0.000996622911277431,robot-ground-excluding-foot,False,True
22,ground,right_rubber_hand_link,world,right_rubber_hand_link,-0.0009972887339154968,0.0009972887339154968,robot-ground-excluding-foot,False,True
22,ground,left_ankle_roll_link,world,left_ankle_roll_link,-0.0009933606017899776,0.0009933606017899776,foot-ground,True,False
22,left_knee_link,left_ankle_roll_link,left_knee_link,left_ankle_roll_link,-0.0346382120603444,0.0346382120603444,self-collision,False,False
22,left_rubber_hand_link,largebox,left_rubber_hand_link,largebox_link,-0.0009428979907314117,0.0009428979907314117,hand-box,True,False
22,left_hip_yaw_link,largebox,left_hip_yaw_link,largebox_link,-0.0018548473147301375,0.0018548473147301375,other-body-box,False,True
23,pelvis_contour_link,right_hip_roll_link,pelvis_contour_link,right_hip_roll_link,-0.006523995076832045,0.006523995076832045,self-collision,False,False
23,right_rubber_hand_link,largebox,right_rubber_hand_link,largebox_link,-0.0010105358782776241,0.0010105358782776241,hand-box,True,False
23,right_hip_yaw_link,largebox,right_hip_yaw_link,largebox_link,-0.001017604640613498,0.001017604640613498,other-body-box,False,True
23,left_shoulder_yaw_link,largebox,left_shoulder_yaw_link,largebox_link,-0.0008821368465230517,0.0008821368465230517,other-body-box,False,True
23,ground,right_ankle_roll_link,world,right_ankle_roll_link,-0.0009999585391187518,0.0009999585391187518,foot-ground,True,False
23,ground,right_ankle_roll_sphere_3_link,world,right_ankle_roll_sphere_3_link,-0.0005759861514298857,0.0005759861514298857,foot-ground,True,False
23,pelvis_contour_link,left_hip_roll_link,pelvis_contour_link,left_hip_roll_link,-0.007090352010329509,0.007090352010329509,self-collision,False,False
23,ground,largebox,world,largebox_link,-0.003077930906285109,0.003077930906285109,object-ground,True,False
23,right_knee_link,right_ankle_roll_link,right_knee_link,right_ankle_roll_link,-0.038253845071346854,0.038253845071346854,self-collision,False,False
23,ground,left_rubber_hand_link,world,left_rubber_hand_link,-0.0009986970456693223,0.0009986970456693223,robot-ground-excluding-foot,False,True
23,ground,right_rubber_hand_link,world,right_rubber_hand_link,-0.0010000086683362996,0.0010000086683362996,robot-ground-excluding-foot,False,True
23,ground,left_ankle_roll_link,world,left_ankle_roll_link,-0.0010000629158304908,0.0010000629158304908,foot-ground,True,False
23,left_knee_link,left_ankle_roll_link,left_knee_link,left_ankle_roll_link,-0.034301132212866514,0.034301132212866514,self-collision,False,False
23,left_rubber_hand_link,largebox,left_rubber_hand_link,largebox_link,-0.0009629696695811901,0.0009629696695811901,hand-box,True,False
23,left_hip_yaw_link,largebox,left_hip_yaw_link,largebox_link,-0.0010748987220257078,0.0010748987220257078,other-body-box,False,True
24,pelvis_contour_link,right_hip_roll_link,pelvis_contour_link,right_hip_roll_link,-0.0056313173944302075,0.0056313173944302075,self-collision,False,False
24,right_rubber_hand_link,largebox,right_rubber_hand_link,largebox_link,-0.001019452800857995,0.001019452800857995,hand-box,True,False
24,right_hip_yaw_link,largebox,right_hip_yaw_link,largebox_link,-0.0009887410078009001,0.0009887410078009001,other-body-box,False,True
24,left_shoulder_yaw_link,largebox,left_shoulder_yaw_link,largebox_link,-0.0009917789403059013,0.0009917789403059013,other-body-box,False,True
24,ground,right_ankle_roll_link,world,right_ankle_roll_link,-0.0010103868528600207,0.0010103868528600207,foot-ground,True,False
24,ground,right_ankle_roll_sphere_3_link,world,right_ankle_roll_sphere_3_link,-0.0005899449156772608,0.0005899449156772608,foot-ground,True,False
24,pelvis_contour_link,left_hip_roll_link,pelvis_contour_link,left_hip_roll_link,-0.006846107900921369,0.006846107900921369,self-collision,False,False
24,ground,largebox,world,largebox_link,-0.003059761113823445,0.003059761113823445,object-ground,True,False
24,right_knee_link,right_ankle_roll_link,right_knee_link,right_ankle_roll_link,-0.03823897799586193,0.03823897799586193,self-collision,False,False
24,ground,left_rubber_hand_link,world,left_rubber_hand_link,-0.000997275703402939,0.000997275703402939,robot-ground-excluding-foot,False,True
24,ground,right_rubber_hand_link,world,right_rubber_hand_link,-0.0009999368863881503,0.0009999368863881503,robot-ground-excluding-foot,False,True
24,ground,left_ankle_roll_link,world,left_ankle_roll_link,-0.0009999505846280121,0.0009999505846280121,foot-ground,True,False
24,left_knee_link,left_ankle_roll_link,left_knee_link,left_ankle_roll_link,-0.034268738513889174,0.034268738513889174,self-collision,False,False
24,left_rubber_hand_link,largebox,left_rubber_hand_link,largebox_link,-0.0009766369103107048,0.0009766369103107048,hand-box,True,False
24,left_hip_yaw_link,largebox,left_hip_yaw_link,largebox_link,-0.0009975010529474637,0.0009975010529474637,other-body-box,False,True
25,pelvis_contour_link,right_hip_roll_link,pelvis_contour_link,right_hip_roll_link,-0.005905217814584321,0.005905217814584321,self-collision,False,False
25,right_rubber_hand_link,largebox,right_rubber_hand_link,largebox_link,-0.0010604911758679975,0.0010604911758679975,hand-box,True,False
25,right_hip_yaw_link,largebox,right_hip_yaw_link,largebox_link,-0.001077161428135645,0.001077161428135645,other-body-box,False,True
25,left_shoulder_yaw_link,largebox,left_shoulder_yaw_link,largebox_link,-0.0014646737321532405,0.0014646737321532405,other-body-box,False,True
25,ground,right_ankle_roll_link,world,right_ankle_roll_link,-0.0010215963700979103,0.0010215963700979103,foot-ground,True,False
25,ground,right_ankle_roll_sphere_3_link,world,right_ankle_roll_sphere_3_link,-0.0006022614287046436,0.0006022614287046436,foot-ground,True,False
25,pelvis_contour_link,left_hip_roll_link,pelvis_contour_link,left_hip_roll_link,-0.006422182048253761,0.006422182048253761,self-collision,False,False
25,ground,largebox,world,largebox_link,-0.00284940048380658,0.00284940048380658,object-ground,True,False
25,right_knee_link,right_ankle_roll_link,right_knee_link,right_ankle_roll_link,-0.03819585223759989,0.03819585223759989,self-collision,False,False
25,ground,left_rubber_hand_link,world,left_rubber_hand_link,-0.000981865185347583,0.000981865185347583,robot-ground-excluding-foot,False,True
25,ground,right_rubber_hand_link,world,right_rubber_hand_link,-0.0009941612568401953,0.0009941612568401953,robot-ground-excluding-foot,False,True
25,ground,left_ankle_roll_link,world,left_ankle_roll_link,-0.0009963460256661935,0.0009963460256661935,foot-ground,True,False
25,left_knee_link,left_ankle_roll_link,left_knee_link,left_ankle_roll_link,-0.034033199780903634,0.034033199780903634,self-collision,False,False
25,left_rubber_hand_link,largebox,left_rubber_hand_link,largebox_link,-0.0006596269661632709,0.0006596269661632709,hand-box,True,False
25,left_hip_yaw_link,largebox,left_hip_yaw_link,largebox_link,-0.0010899557358456657,0.0010899557358456657,other-body-box,False,True
26,pelvis_contour_link,right_hip_roll_link,pelvis_contour_link,right_hip_roll_link,-0.006105941041172236,0.006105941041172236,self-collision,False,False
26,right_rubber_hand_link,largebox,right_rubber_hand_link,largebox_link,-0.0010085137424072355,0.0010085137424072355,hand-box,True,False
26,right_hip_yaw_link,largebox,right_hip_yaw_link,largebox_link,-0.0009684611504340856,0.0009684611504340856,other-body-box,False,True
26,left_shoulder_yaw_link,largebox,left_shoulder_yaw_link,largebox_link,-0.0010448350026642933,0.0010448350026642933,other-body-box,False,True
26,ground,right_ankle_roll_link,world,right_ankle_roll_link,-0.0009996127370936539,0.0009996127370936539,foot-ground,True,False
26,ground,right_ankle_roll_sphere_3_link,world,right_ankle_roll_sphere_3_link,-0.0005867649248007005,0.0005867649248007005,foot-ground,True,False
26,pelvis_contour_link,left_hip_roll_link,pelvis_contour_link,left_hip_roll_link,-0.0069659781525549525,0.0069659781525549525,self-collision,False,False
26,ground,largebox,world,largebox_link,-0.0011607672289883075,0.0011607672289883075,object-ground,True,False
26,right_knee_link,right_ankle_roll_link,right_knee_link,right_ankle_roll_link,-0.038027261804745194,0.038027261804745194,self-collision,False,False
26,ground,left_rubber_hand_link,world,left_rubber_hand_link,-0.0009993157845122058,0.0009993157845122058,robot-ground-excluding-foot,False,True
26,ground,right_rubber_hand_link,world,right_rubber_hand_link,-0.000989083146874778,0.000989083146874778,robot-ground-excluding-foot,False,True
26,ground,left_ankle_roll_link,world,left_ankle_roll_link,-0.0009992705049792078,0.0009992705049792078,foot-ground,True,False
26,left_knee_link,left_ankle_roll_link,left_knee_link,left_ankle_roll_link,-0.03402563251920798,0.03402563251920798,self-collision,False,False
26,left_rubber_hand_link,largebox,left_rubber_hand_link,largebox_link,-0.0010669904851374756,0.0010669904851374756,hand-box,True,False
26,left_hip_yaw_link,largebox,left_hip_yaw_link,largebox_link,-0.0011243208322816028,0.0011243208322816028,other-body-box,False,True
27,pelvis_contour_link,right_hip_roll_link,pelvis_contour_link,right_hip_roll_link,-0.00614495132036412,0.00614495132036412,self-collision,False,False
27,right_rubber_hand_link,largebox,right_rubber_hand_link,largebox_link,-0.001001135187501792,0.001001135187501792,hand-box,True,False
27,right_hip_yaw_link,largebox,right_hip_yaw_link,largebox_link,-0.0010041996826304495,0.0010041996826304495,other-body-box,False,True
27,left_shoulder_yaw_link,largebox,left_shoulder_yaw_link,largebox_link,-0.0002564216316186807,0.0002564216316186807,other-body-box,False,True
27,ground,right_ankle_roll_link,world,right_ankle_roll_link,-0.000997726624211659,0.000997726624211659,foot-ground,True,False
27,ground,right_ankle_roll_sphere_3_link,world,right_ankle_roll_sphere_3_link,-0.0005987666317240859,0.0005987666317240859,foot-ground,True,False
27,pelvis_contour_link,left_hip_roll_link,pelvis_contour_link,left_hip_roll_link,-0.00704524326935127,0.00704524326935127,self-collision,False,False
27,right_knee_link,right_ankle_roll_link,right_knee_link,right_ankle_roll_link,-0.03804699113007304,0.03804699113007304,self-collision,False,False
27,ground,left_rubber_hand_link,world,left_rubber_hand_link,-0.0009739280383060794,0.0009739280383060794,robot-ground-excluding-foot,False,True
27,ground,right_rubber_hand_link,world,right_rubber_hand_link,-0.0009935902802398616,0.0009935902802398616,robot-ground-excluding-foot,False,True
27,ground,left_ankle_roll_link,world,left_ankle_roll_link,-0.0009967497705892087,0.0009967497705892087,foot-ground,True,False
27,left_knee_link,left_ankle_roll_link,left_knee_link,left_ankle_roll_link,-0.0343659042630135,0.0343659042630135,self-collision,False,False
27,left_rubber_hand_link,largebox,left_rubber_hand_link,largebox_link,-0.0014765335030906823,0.0014765335030906823,hand-box,True,False
27,left_hip_yaw_link,largebox,left_hip_yaw_link,largebox_link,-0.0008898271181823486,0.0008898271181823486,other-body-box,False,True
28,pelvis_contour_link,right_hip_roll_link,pelvis_contour_link,right_hip_roll_link,-0.006132658759497964,0.006132658759497964,self-collision,False,False
28,right_rubber_hand_link,largebox,right_rubber_hand_link,largebox_link,-0.000996672705789653,0.000996672705789653,hand-box,True,False
28,right_hip_yaw_link,largebox,right_hip_yaw_link,largebox_link,-0.0007453619472996137,0.0007453619472996137,other-body-box,False,True
28,left_shoulder_yaw_link,largebox,left_shoulder_yaw_link,largebox_link,-0.0007460769571720205,0.0007460769571720205,other-body-box,False,True
28,ground,right_ankle_roll_link,world,right_ankle_roll_link,-0.000999293523439318,0.000999293523439318,foot-ground,True,False
28,ground,right_ankle_roll_sphere_3_link,world,right_ankle_roll_sphere_3_link,-0.0006113340708363236,0.0006113340708363236,foot-ground,True,False
28,pelvis_contour_link,left_hip_roll_link,pelvis_contour_link,left_hip_roll_link,-0.007010909512669014,0.007010909512669014,self-collision,False,False
28,ground,largebox,world,largebox_link,-6.949847258658215e-05,6.949847258658215e-05,object-ground,True,False
28,right_knee_link,right_ankle_roll_link,right_knee_link,right_ankle_roll_link,-0.03803425098429525,0.03803425098429525,self-collision,False,False
28,ground,left_rubber_hand_link,world,left_rubber_hand_link,-0.0009971251829794386,0.0009971251829794386,robot-ground-excluding-foot,False,True
28,ground,right_rubber_hand_link,world,right_rubber_hand_link,-0.0009944559239314088,0.0009944559239314088,robot-ground-excluding-foot,False,True
28,ground,left_ankle_roll_link,world,left_ankle_roll_link,-0.0009993942249812912,0.0009993942249812912,foot-ground,True,False
28,left_knee_link,left_ankle_roll_link,left_knee_link,left_ankle_roll_link,-0.03438606106764841,0.03438606106764841,self-collision,False,False
28,left_rubber_hand_link,largebox,left_rubber_hand_link,largebox_link,-0.0011425197457238384,0.0011425197457238384,hand-box,True,False
28,left_hip_yaw_link,largebox,left_hip_yaw_link,largebox_link,-0.0010153310193467963,0.0010153310193467963,other-body-box,False,True
29,pelvis_contour_link,right_hip_roll_link,pelvis_contour_link,right_hip_roll_link,-0.0063288162366441775,0.0063288162366441775,self-collision,False,False
29,right_rubber_hand_link,largebox,right_rubber_hand_link,largebox_link,-0.0009769565664862617,0.0009769565664862617,hand-box,True,False
29,right_hip_yaw_link,largebox,right_hip_yaw_link,largebox_link,-0.0009511601973891948,0.0009511601973891948,other-body-box,False,True
29,ground,right_ankle_roll_link,world,right_ankle_roll_link,-0.000998754091255702,0.000998754091255702,foot-ground,True,False
29,ground,right_ankle_roll_sphere_3_link,world,right_ankle_roll_sphere_3_link,-0.0006128175398004169,0.0006128175398004169,foot-ground,True,False
29,pelvis_contour_link,left_hip_roll_link,pelvis_contour_link,left_hip_roll_link,-0.006987879504282965,0.006987879504282965,self-collision,False,False
29,right_knee_link,right_ankle_roll_link,right_knee_link,right_ankle_roll_link,-0.03781138404255388,0.03781138404255388,self-collision,False,False
29,ground,left_rubber_hand_link,world,left_rubber_hand_link,-0.0009981938885092467,0.0009981938885092467,robot-ground-excluding-foot,False,True
29,ground,right_rubber_hand_link,world,right_rubber_hand_link,-0.0009895331783988937,0.0009895331783988937,robot-ground-excluding-foot,False,True
29,ground,left_ankle_roll_link,world,left_ankle_roll_link,-0.0009984381628014086,0.0009984381628014086,foot-ground,True,False
29,left_knee_link,left_ankle_roll_link,left_knee_link,left_ankle_roll_link,-0.035135751193738796,0.035135751193738796,self-collision,False,False
29,left_rubber_hand_link,largebox,left_rubber_hand_link,largebox_link,-0.0013529710348926527,0.0013529710348926527,hand-box,True,False
29,left_hip_yaw_link,largebox,left_hip_yaw_link,largebox_link,-0.0010310467503652776,0.0010310467503652776,other-body-box,False,True
30,pelvis_contour_link,right_hip_roll_link,pelvis_contour_link,right_hip_roll_link,-0.006340832292651574,0.006340832292651574,self-collision,False,False
30,right_rubber_hand_link,largebox,right_rubber_hand_link,largebox_link,-0.0009551866170779688,0.0009551866170779688,hand-box,True,False
30,right_hip_yaw_link,largebox,right_hip_yaw_link,largebox_link,-0.0008844244547804025,0.0008844244547804025,other-body-box,False,True
30,ground,right_ankle_roll_link,world,right_ankle_roll_link,-0.0009983089239733456,0.0009983089239733456,foot-ground,True,False
30,ground,right_ankle_roll_sphere_3_link,world,right_ankle_roll_sphere_3_link,-0.000586967489298605,0.000586967489298605,foot-ground,True,False
30,pelvis_contour_link,left_hip_roll_link,pelvis_contour_link,left_hip_roll_link,-0.006905843123169761,0.006905843123169761,self-collision,False,False
30,right_knee_link,right_ankle_roll_link,right_knee_link,right_ankle_roll_link,-0.038081771484296006,0.038081771484296006,self-collision,False,False
30,ground,left_rubber_hand_link,world,left_rubber_hand_link,-0.000992183573692823,0.000992183573692823,robot-ground-excluding-foot,False,True
30,ground,right_rubber_hand_link,world,right_rubber_hand_link,-0.0009921192043933352,0.0009921192043933352,robot-ground-excluding-foot,False,True
30,ground,left_ankle_roll_link,world,left_ankle_roll_link,-0.000997877166385594,0.000997877166385594,foot-ground,True,False
30,left_knee_link,left_ankle_roll_link,left_knee_link,left_ankle_roll_link,-0.035712983778582674,0.035712983778582674,self-collision,False,False
30,left_rubber_hand_link,largebox,left_rubber_hand_link,largebox_link,-0.0008063582462627533,0.0008063582462627533,hand-box,True,False
30,left_hip_yaw_link,largebox,left_hip_yaw_link,largebox_link,-0.0008160573892354583,0.0008160573892354583,other-body-box,False,True
31,pelvis_contour_link,right_hip_roll_link,pelvis_contour_link,right_hip_roll_link,-0.006402868229569522,0.006402868229569522,self-collision,False,False
31,right_rubber_hand_link,largebox,right_rubber_hand_link,largebox_link,-0.005555731430618729,0.005555731430618729,hand-box,True,False
31,right_hip_yaw_link,largebox,right_hip_yaw_link,largebox_link,-0.0014397506152495632,0.0014397506152495632,other-body-box,False,True
31,left_shoulder_yaw_link,largebox,left_shoulder_yaw_link,largebox_link,-0.000900078615168512,0.000900078615168512,other-body-box,False,True
31,ground,right_ankle_roll_link,world,right_ankle_roll_link,-0.00100188885651014,0.00100188885651014,foot-ground,True,False
31,ground,right_ankle_roll_sphere_3_link,world,right_ankle_roll_sphere_3_link,-0.0005812090398248744,0.0005812090398248744,foot-ground,True,False
31,pelvis_contour_link,left_hip_roll_link,pelvis_contour_link,left_hip_roll_link,-0.0068313284902615234,0.0068313284902615234,self-collision,False,False
31,right_knee_link,right_ankle_roll_link,right_knee_link,right_ankle_roll_link,-0.038161707483467644,0.038161707483467644,self-collision,False,False
31,ground,left_rubber_hand_link,world,left_rubber_hand_link,-0.0009853008100628585,0.0009853008100628585,robot-ground-excluding-foot,False,True
31,ground,right_rubber_hand_link,world,right_rubber_hand_link,-0.0009323654828384126,0.0009323654828384126,robot-ground-excluding-foot,False,True
31,ground,left_ankle_roll_link,world,left_ankle_roll_link,-0.0009970213850544682,0.0009970213850544682,foot-ground,True,False
31,left_knee_link,left_ankle_roll_link,left_knee_link,left_ankle_roll_link,-0.03750805608631391,0.03750805608631391,self-collision,False,False
31,left_rubber_hand_link,largebox,left_rubber_hand_link,largebox_link,-0.0010815108373419258,0.0010815108373419258,hand-box,True,False
31,left_hip_yaw_link,largebox,left_hip_yaw_link,largebox_link,-0.0009391166869649331,0.0009391166869649331,other-body-box,False,True
32,pelvis_contour_link,right_hip_roll_link,pelvis_contour_link,right_hip_roll_link,-0.006149718781840965,0.006149718781840965,self-collision,False,False
32,right_rubber_hand_link,largebox,right_rubber_hand_link,largebox_link,-0.0006031064978053169,0.0006031064978053169,hand-box,True,False
32,right_hip_yaw_link,largebox,right_hip_yaw_link,largebox_link,-0.0015932076845311532,0.0015932076845311532,other-body-box,False,True
32,left_shoulder_yaw_link,largebox,left_shoulder_yaw_link,largebox_link,-0.0011727814970868,0.0011727814970868,other-body-box,False,True
32,ground,right_ankle_roll_link,world,right_ankle_roll_link,-0.0009956067808642652,0.0009956067808642652,foot-ground,True,False
32,ground,right_ankle_roll_sphere_3_link,world,right_ankle_roll_sphere_3_link,-0.000574860603728247,0.000574860603728247,foot-ground,True,False
32,pelvis_contour_link,left_hip_roll_link,pelvis_contour_link,left_hip_roll_link,-0.006184072639602037,0.006184072639602037,self-collision,False,False
32,right_knee_link,right_ankle_roll_link,right_knee_link,right_ankle_roll_link,-0.03881144868707456,0.03881144868707456,self-collision,False,False
32,ground,left_rubber_hand_link,world,left_rubber_hand_link,-0.000999050759223824,0.000999050759223824,robot-ground-excluding-foot,False,True
32,ground,right_rubber_hand_link,world,right_rubber_hand_link,-0.0009912017516130606,0.0009912017516130606,robot-ground-excluding-foot,False,True
32,ground,left_ankle_roll_link,world,left_ankle_roll_link,-0.0009961543288187075,0.0009961543288187075,foot-ground,True,False
32,left_knee_link,left_ankle_roll_link,left_knee_link,left_ankle_roll_link,-0.03874000101444103,0.03874000101444103,self-collision,False,False
32,left_rubber_hand_link,largebox,left_rubber_hand_link,largebox_link,-0.0009846074037560687,0.0009846074037560687,hand-box,True,False
32,left_hip_yaw_link,largebox,left_hip_yaw_link,largebox_link,-0.0008567513643863711,0.0008567513643863711,other-body-box,False,True
32,ground,left_ankle_roll_sphere_4_link,world,left_ankle_roll_sphere_4_link,-0.00021499529790141702,0.00021499529790141702,foot-ground,True,False
33,pelvis_contour_link,right_hip_roll_link,pelvis_contour_link,right_hip_roll_link,-0.006969819896628329,0.006969819896628329,self-collision,False,False
33,right_rubber_hand_link,largebox,right_rubber_hand_link,largebox_link,-0.0006482483130411387,0.0006482483130411387,hand-box,True,False
33,ground,right_ankle_roll_link,world,right_ankle_roll_link,-0.0009982609932315187,0.0009982609932315187,foot-ground,True,False
33,ground,right_ankle_roll_sphere_3_link,world,right_ankle_roll_sphere_3_link,-0.0005360502665106804,0.0005360502665106804,foot-ground,True,False
33,pelvis_contour_link,left_hip_roll_link,pelvis_contour_link,left_hip_roll_link,-0.007557161862476167,0.007557161862476167,self-collision,False,False
33,right_knee_link,right_ankle_roll_link,right_knee_link,right_ankle_roll_link,-0.039533042702658755,0.039533042702658755,self-collision,False,False
33,ground,left_rubber_hand_link,world,left_rubber_hand_link,-0.000984994281724702,0.000984994281724702,robot-ground-excluding-foot,False,True
33,ground,right_rubber_hand_link,world,right_rubber_hand_link,-0.0009013508967651296,0.0009013508967651296,robot-ground-excluding-foot,False,True
33,ground,left_ankle_roll_link,world,left_ankle_roll_link,-0.0010027710411862553,0.0010027710411862553,foot-ground,True,False
33,left_knee_link,left_ankle_roll_link,left_knee_link,left_ankle_roll_link,-0.04057835819326938,0.04057835819326938,self-collision,False,False
33,left_rubber_hand_link,largebox,left_rubber_hand_link,largebox_link,-0.0012324973396462963,0.0012324973396462963,hand-box,True,False
33,ground,left_ankle_roll_sphere_4_link,world,left_ankle_roll_sphere_4_link,-0.0005366358410427248,0.0005366358410427248,foot-ground,True,False
34,pelvis_contour_link,right_hip_roll_link,pelvis_contour_link,right_hip_roll_link,-0.007065336646600154,0.007065336646600154,self-collision,False,False
34,right_rubber_hand_link,largebox,right_rubber_hand_link,largebox_link,-0.003238488770094791,0.003238488770094791,hand-box,True,False
34,ground,right_ankle_roll_link,world,right_ankle_roll_link,-0.0009999030456692426,0.0009999030456692426,foot-ground,True,False
34,ground,right_ankle_roll_sphere_3_link,world,right_ankle_roll_sphere_3_link,-0.00029638368279007437,0.00029638368279007437,foot-ground,True,False
34,pelvis_contour_link,left_hip_roll_link,pelvis_contour_link,left_hip_roll_link,-0.007451883606563639,0.007451883606563639,self-collision,False,False
34,right_knee_link,right_ankle_roll_link,right_knee_link,right_ankle_roll_link,-0.03948401776061347,0.03948401776061347,self-collision,False,False
34,ground,left_ankle_roll_link,world,left_ankle_roll_link,-0.0012874929291229811,0.0012874929291229811,foot-ground,True,False
34,left_knee_link,left_ankle_roll_link,left_knee_link,left_ankle_roll_link,-0.040703443314351745,0.040703443314351745,self-collision,False,False
34,left_rubber_hand_link,largebox,left_rubber_hand_link,largebox_link,-0.001214301202129342,0.001214301202129342,hand-box,True,False
34,ground,left_ankle_roll_sphere_4_link,world,left_ankle_roll_sphere_4_link,-0.0008378723662603544,0.0008378723662603544,foot-ground,True,False
35,pelvis_contour_link,right_hip_roll_link,pelvis_contour_link,right_hip_roll_link,-0.006610153455914619,0.006610153455914619,self-collision,False,False
35,right_rubber_hand_link,largebox,right_rubber_hand_link,largebox_link,-0.0007698782035657353,0.0007698782035657353,hand-box,True,False
35,left_shoulder_yaw_link,largebox,left_shoulder_yaw_link,largebox_link,-0.0002883277337565465,0.0002883277337565465,other-body-box,False,True
35,ground,right_ankle_roll_link,world,right_ankle_roll_link,-0.0010566173090232889,0.0010566173090232889,foot-ground,True,False
35,ground,right_ankle_roll_sphere_3_link,world,right_ankle_roll_sphere_3_link,-0.00021736175968737736,0.00021736175968737736,foot-ground,True,False
35,pelvis_contour_link,left_hip_roll_link,pelvis_contour_link,left_hip_roll_link,-0.006709770304545087,0.006709770304545087,self-collision,False,False
35,right_knee_link,right_ankle_roll_link,right_knee_link,right_ankle_roll_link,-0.03879684132032027,0.03879684132032027,self-collision,False,False
35,ground,left_ankle_roll_link,world,left_ankle_roll_link,-0.0014501563109649979,0.0014501563109649979,foot-ground,True,False
35,left_knee_link,left_ankle_roll_link,left_knee_link,left_ankle_roll_link,-0.039799142568334694,0.039799142568334694,self-collision,False,False
35,left_rubber_hand_link,largebox,left_rubber_hand_link,largebox_link,-0.0013132731460044622,0.0013132731460044622,hand-box,True,False
35,ground,left_ankle_roll_sphere_4_link,world,left_ankle_roll_sphere_4_link,-0.0009713059754526991,0.0009713059754526991,foot-ground,True,False
36,pelvis_contour_link,right_hip_roll_link,pelvis_contour_link,right_hip_roll_link,-0.007797033841478063,0.007797033841478063,self-collision,False,False
36,right_rubber_hand_link,largebox,right_rubber_hand_link,largebox_link,-0.004100493625707802,0.004100493625707802,hand-box,True,False
36,left_shoulder_yaw_link,largebox,left_shoulder_yaw_link,largebox_link,-0.0009234044893528665,0.0009234044893528665,other-body-box,False,True
36,ground,right_ankle_roll_link,world,right_ankle_roll_link,-0.0014331515689663711,0.0014331515689663711,foot-ground,True,False
36,ground,right_ankle_roll_sphere_3_link,world,right_ankle_roll_sphere_3_link,-0.0007434549758125837,0.0007434549758125837,foot-ground,True,False
36,pelvis_contour_link,left_hip_roll_link,pelvis_contour_link,left_hip_roll_link,-0.008263725301471209,0.008263725301471209,self-collision,False,False
36,right_knee_link,right_ankle_roll_link,right_knee_link,right_ankle_roll_link,-0.037086641171950624,0.037086641171950624,self-collision,False,False
36,ground,left_ankle_roll_link,world,left_ankle_roll_link,-0.0016488186106469668,0.0016488186106469668,foot-ground,True,False
36,left_knee_link,left_ankle_roll_link,left_knee_link,left_ankle_roll_link,-0.0388644194184837,0.0388644194184837,self-collision,False,False
36,left_rubber_hand_link,largebox,left_rubber_hand_link,largebox_link,-0.0011257095794210137,0.0011257095794210137,hand-box,True,False
36,ground,left_ankle_roll_sphere_4_link,world,left_ankle_roll_sphere_4_link,-0.0009963843037888538,0.0009963843037888538,foot-ground,True,False
37,pelvis_contour_link,right_hip_roll_link,pelvis_contour_link,right_hip_roll_link,-0.008038018230211497,0.008038018230211497,self-collision,False,False
37,right_rubber_hand_link,largebox,right_rubber_hand_link,largebox_link,-0.0006093509635860528,0.0006093509635860528,hand-box,True,False
37,left_shoulder_yaw_link,largebox,left_shoulder_yaw_link,largebox_link,-0.0007675693946198742,0.0007675693946198742,other-body-box,False,True
37,ground,right_ankle_roll_link,world,right_ankle_roll_link,-0.0016627596531274096,0.0016627596531274096,foot-ground,True,False
37,ground,right_ankle_roll_sphere_3_link,world,right_ankle_roll_sphere_3_link,-0.0009695954751265416,0.0009695954751265416,foot-ground,True,False
37,pelvis_contour_link,left_hip_roll_link,pelvis_contour_link,left_hip_roll_link,-0.006890303642829179,0.006890303642829179,self-collision,False,False
37,right_knee_link,right_ankle_roll_link,right_knee_link,right_ankle_roll_link,-0.03586526214461544,0.03586526214461544,self-collision,False,False
37,ground,left_ankle_roll_link,world,left_ankle_roll_link,-0.0016253336002818447,0.0016253336002818447,foot-ground,True,False
37,left_knee_link,left_ankle_roll_link,left_knee_link,left_ankle_roll_link,-0.037304025852255424,0.037304025852255424,self-collision,False,False
37,left_rubber_hand_link,largebox,left_rubber_hand_link,largebox_link,-0.0010183686116411461,0.0010183686116411461,hand-box,True,False
37,ground,left_ankle_roll_sphere_4_link,world,left_ankle_roll_sphere_4_link,-0.000988588995176824,0.000988588995176824,foot-ground,True,False
38,pelvis_contour_link,right_hip_roll_link,pelvis_contour_link,right_hip_roll_link,-0.007224469866493846,0.007224469866493846,self-collision,False,False
38,right_rubber_hand_link,largebox,right_rubber_hand_link,largebox_link,-0.004543233842286734,0.004543233842286734,hand-box,True,False
38,left_shoulder_yaw_link,largebox,left_shoulder_yaw_link,largebox_link,-0.0009830128036466268,0.0009830128036466268,other-body-box,False,True
38,ground,right_ankle_roll_link,world,right_ankle_roll_link,-0.0018680478133967886,0.0018680478133967886,foot-ground,True,False
38,ground,right_ankle_roll_sphere_3_link,world,right_ankle_roll_sphere_3_link,-0.0009689439681066668,0.0009689439681066668,foot-ground,True,False
38,pelvis_contour_link,left_hip_roll_link,pelvis_contour_link,left_hip_roll_link,-0.007639655442961468,0.007639655442961468,self-collision,False,False
38,right_knee_link,right_ankle_roll_link,right_knee_link,right_ankle_roll_link,-0.03488060454187722,0.03488060454187722,self-collision,False,False
38,ground,left_ankle_roll_link,world,left_ankle_roll_link,-0.0013941509171348718,0.0013941509171348718,foot-ground,True,False
38,left_knee_link,left_ankle_roll_link,left_knee_link,left_ankle_roll_link,-0.03563980209091708,0.03563980209091708,self-collision,False,False
38,ground,left_ankle_roll_sphere_4_link,world,left_ankle_roll_sphere_4_link,-0.0009437649440626776,0.0009437649440626776,foot-ground,True,False
39,pelvis_contour_link,right_hip_roll_link,pelvis_contour_link,right_hip_roll_link,-0.007298657572652384,0.007298657572652384,self-collision,False,False
39,right_rubber_hand_link,largebox,right_rubber_hand_link,largebox_link,-0.002278576440979743,0.002278576440979743,hand-box,True,False
39,ground,right_ankle_roll_link,world,right_ankle_roll_link,-0.0018049974511934568,0.0018049974511934568,foot-ground,True,False
39,ground,right_ankle_roll_sphere_3_link,world,right_ankle_roll_sphere_3_link,-0.0009567620595027594,0.0009567620595027594,foot-ground,True,False
39,pelvis_contour_link,left_hip_roll_link,pelvis_contour_link,left_hip_roll_link,-0.008249718334337588,0.008249718334337588,self-collision,False,False
39,right_knee_link,right_ankle_roll_link,right_knee_link,right_ankle_roll_link,-0.033326521709475226,0.033326521709475226,self-collision,False,False
39,ground,left_ankle_roll_link,world,left_ankle_roll_link,-0.0014777167887997586,0.0014777167887997586,foot-ground,True,False
39,left_knee_link,left_ankle_roll_link,left_knee_link,left_ankle_roll_link,-0.03415799372261033,0.03415799372261033,self-collision,False,False
39,left_rubber_hand_link,largebox,left_rubber_hand_link,largebox_link,-0.004870893668979651,0.004870893668979651,hand-box,True,False
39,ground,left_ankle_roll_sphere_4_link,world,left_ankle_roll_sphere_4_link,-0.0009808311295140008,0.0009808311295140008,foot-ground,True,False
39,head_link,largebox,torso_link,largebox_link,-0.0009061201926316154,0.0009061201926316154,other-body-box,False,True
40,pelvis_contour_link,right_hip_roll_link,pelvis_contour_link,right_hip_roll_link,-0.0076356283214510795,0.0076356283214510795,self-collision,False,False
40,right_rubber_hand_link,largebox,right_rubber_hand_link,largebox_link,-0.0035254407073004035,0.0035254407073004035,hand-box,True,False
40,left_ankle_intermediate_1_link,left_ankle_roll_link,left_ankle_intermediate_1_link,left_ankle_roll_link,-0.0023246639070689246,0.0023246639070689246,self-collision,False,False
40,ground,right_ankle_roll_link,world,right_ankle_roll_link,-0.0017532950712909577,0.0017532950712909577,foot-ground,True,False
40,ground,right_ankle_roll_sphere_3_link,world,right_ankle_roll_sphere_3_link,-0.0009521080513851072,0.0009521080513851072,foot-ground,True,False
40,pelvis_contour_link,left_hip_roll_link,pelvis_contour_link,left_hip_roll_link,-0.007774978128096605,0.007774978128096605,self-collision,False,False
40,right_knee_link,right_ankle_roll_link,right_knee_link,right_ankle_roll_link,-0.03178612208326867,0.03178612208326867,self-collision,False,False
40,right_ankle_intermediate_1_link,right_ankle_roll_link,right_ankle_intermediate_1_link,right_ankle_roll_link,-0.0021551919949099607,0.0021551919949099607,self-collision,False,False
40,ground,left_ankle_roll_link,world,left_ankle_roll_link,-0.0010840239035724702,0.0010840239035724702,foot-ground,True,False
40,left_knee_link,left_ankle_roll_link,left_knee_link,left_ankle_roll_link,-0.03277523742600005,0.03277523742600005,self-collision,False,False
40,left_rubber_hand_link,largebox,left_rubber_hand_link,largebox_link,-0.00115346958653198,0.00115346958653198,hand-box,True,False
40,ground,left_ankle_roll_sphere_4_link,world,left_ankle_roll_sphere_4_link,-0.000605178389272691,0.000605178389272691,foot-ground,True,False
40,head_link,largebox,torso_link,largebox_link,-0.0010877236604532742,0.0010877236604532742,other-body-box,False,True
41,pelvis_contour_link,right_hip_roll_link,pelvis_contour_link,right_hip_roll_link,-0.0070817386534078874,0.0070817386534078874,self-collision,False,False
41,right_rubber_hand_link,largebox,right_rubber_hand_link,largebox_link,-0.00370032734449173,0.00370032734449173,hand-box,True,False
41,left_ankle_intermediate_1_link,left_ankle_roll_link,left_ankle_intermediate_1_link,left_ankle_roll_link,-0.0024123372598312265,0.0024123372598312265,self-collision,False,False
41,ground,right_ankle_roll_link,world,right_ankle_roll_link,-0.0016693223095432391,0.0016693223095432391,foot-ground,True,False
41,ground,right_ankle_roll_sphere_3_link,world,right_ankle_roll_sphere_3_link,-0.0009492388709381279,0.0009492388709381279,foot-ground,True,False
41,pelvis_contour_link,left_hip_roll_link,pelvis_contour_link,left_hip_roll_link,-0.006611722869903275,0.006611722869903275,self-collision,False,False
41,right_knee_link,right_ankle_roll_link,right_knee_link,right_ankle_roll_link,-0.030455318623278577,0.030455318623278577,self-collision,False,False
41,right_ankle_intermediate_1_link,right_ankle_roll_link,right_ankle_intermediate_1_link,right_ankle_roll_link,-0.00227068076921573,0.00227068076921573,self-collision,False,False
41,ground,left_ankle_roll_link,world,left_ankle_roll_link,-0.0014676798910002592,0.0014676798910002592,foot-ground,True,False
41,left_knee_link,left_ankle_roll_link,left_knee_link,left_ankle_roll_link,-0.0316560399441114,0.0316560399441114,self-collision,False,False
41,left_rubber_hand_link,largebox,left_rubber_hand_link,largebox_link,-0.0024926482781059967,0.0024926482781059967,hand-box,True,False
41,ground,left_ankle_roll_sphere_4_link,world,left_ankle_roll_sphere_4_link,-0.0009780876198551237,0.0009780876198551237,foot-ground,True,False
41,head_link,largebox,torso_link,largebox_link,-0.0007484612048220957,0.0007484612048220957,other-body-box,False,True
42,pelvis_contour_link,right_hip_roll_link,pelvis_contour_link,right_hip_roll_link,-0.007473940058757025,0.007473940058757025,self-collision,False,False
42,right_rubber_hand_link,largebox,right_rubber_hand_link,largebox_link,-0.003001287648060638,0.003001287648060638,hand-box,True,False
42,left_ankle_intermediate_1_link,left_ankle_roll_link,left_ankle_intermediate_1_link,left_ankle_roll_link,-0.00244810527927794,0.00244810527927794,self-collision,False,False
42,ground,right_ankle_roll_link,world,right_ankle_roll_link,-0.002041130349256126,0.002041130349256126,foot-ground,True,False
42,ground,right_ankle_roll_sphere_3_link,world,right_ankle_roll_sphere_3_link,-0.0009556556089136232,0.0009556556089136232,foot-ground,True,False
42,pelvis_contour_link,left_hip_roll_link,pelvis_contour_link,left_hip_roll_link,-0.006728661666122654,0.006728661666122654,self-collision,False,False
42,right_knee_link,right_ankle_roll_link,right_knee_link,right_ankle_roll_link,-0.029702291815098064,0.029702291815098064,self-collision,False,False
42,right_ankle_intermediate_1_link,right_ankle_roll_link,right_ankle_intermediate_1_link,right_ankle_roll_link,-0.0022496086371406876,0.0022496086371406876,self-collision,False,False
42,ground,left_ankle_roll_link,world,left_ankle_roll_link,-0.0015492347172094238,0.0015492347172094238,foot-ground,True,False
42,left_knee_link,left_ankle_roll_link,left_knee_link,left_ankle_roll_link,-0.031107575219189165,0.031107575219189165,self-collision,False,False
42,left_rubber_hand_link,largebox,left_rubber_hand_link,largebox_link,-0.0018675781512824396,0.0018675781512824396,hand-box,True,False
42,ground,right_ankle_roll_sphere_1_link,world,right_ankle_roll_sphere_1_link,-0.0001232604187424739,0.0001232604187424739,foot-ground,True,False
42,ground,left_ankle_roll_sphere_4_link,world,left_ankle_roll_sphere_4_link,-0.0009646734404874123,0.0009646734404874123,foot-ground,True,False
43,pelvis_contour_link,right_hip_roll_link,pelvis_contour_link,right_hip_roll_link,-0.0068564479665957495,0.0068564479665957495,self-collision,False,False
43,right_rubber_hand_link,largebox,right_rubber_hand_link,largebox_link,-0.0012945274289910408,0.0012945274289910408,hand-box,True,False
43,left_ankle_intermediate_1_link,left_ankle_roll_link,left_ankle_intermediate_1_link,left_ankle_roll_link,-0.0024001088313470725,0.0024001088313470725,self-collision,False,False
43,ground,right_ankle_roll_link,world,right_ankle_roll_link,-0.0018375355295820878,0.0018375355295820878,foot-ground,True,False
43,ground,right_ankle_roll_sphere_3_link,world,right_ankle_roll_sphere_3_link,-0.0009125936268402938,0.0009125936268402938,foot-ground,True,False
43,ground,left_ankle_roll_sphere_2_link,world,left_ankle_roll_sphere_2_link,-0.00022463147246207498,0.00022463147246207498,foot-ground,True,False
43,pelvis_contour_link,left_hip_roll_link,pelvis_contour_link,left_hip_roll_link,-0.005974507798764919,0.005974507798764919,self-collision,False,False
43,right_knee_link,right_ankle_roll_link,right_knee_link,right_ankle_roll_link,-0.028946692532534818,0.028946692532534818,self-collision,False,False
43,right_ankle_intermediate_1_link,right_ankle_roll_link,right_ankle_intermediate_1_link,right_ankle_roll_link,-0.002156451534141693,0.002156451534141693,self-collision,False,False
43,ground,left_ankle_roll_link,world,left_ankle_roll_link,-0.0017396590304965195,0.0017396590304965195,foot-ground,True,False
43,left_knee_link,left_ankle_roll_link,left_knee_link,left_ankle_roll_link,-0.03079436582879244,0.03079436582879244,self-collision,False,False
43,left_rubber_hand_link,largebox,left_rubber_hand_link,largebox_link,-0.0004135469828755872,0.0004135469828755872,hand-box,True,False
43,ground,right_ankle_roll_sphere_1_link,world,right_ankle_roll_sphere_1_link,-0.0001875827069026002,0.0001875827069026002,foot-ground,True,False
43,ground,left_ankle_roll_sphere_4_link,world,left_ankle_roll_sphere_4_link,-0.0009046299787200283,0.0009046299787200283,foot-ground,True,False
44,pelvis_contour_link,right_hip_roll_link,pelvis_contour_link,right_hip_roll_link,-0.005584690770130921,0.005584690770130921,self-collision,False,False
44,left_ankle_intermediate_1_link,left_ankle_roll_link,left_ankle_intermediate_1_link,left_ankle_roll_link,-0.002285157268343316,0.002285157268343316,self-collision,False,False
44,ground,right_ankle_roll_link,world,right_ankle_roll_link,-0.0017284201045934498,0.0017284201045934498,foot-ground,True,False
44,ground,right_ankle_roll_sphere_3_link,world,right_ankle_roll_sphere_3_link,-0.0009190302084835884,0.0009190302084835884,foot-ground,True,False
44,ground,left_ankle_roll_sphere_2_link,world,left_ankle_roll_sphere_2_link,-0.0008936555744994785,0.0008936555744994785,foot-ground,True,False
44,pelvis_contour_link,left_hip_roll_link,pelvis_contour_link,left_hip_roll_link,-0.00499675248605401,0.00499675248605401,self-collision,False,False
44,right_knee_link,right_ankle_roll_link,right_knee_link,right_ankle_roll_link,-0.028476523051945923,0.028476523051945923,self-collision,False,False
44,right_ankle_intermediate_1_link,right_ankle_roll_link,right_ankle_intermediate_1_link,right_ankle_roll_link,-0.0021487854851879734,0.0021487854851879734,self-collision,False,False
44,ground,left_ankle_roll_link,world,left_ankle_roll_link,-0.001477075816230581,0.001477075816230581,foot-ground,True,False
44,left_knee_link,left_ankle_roll_link,left_knee_link,left_ankle_roll_link,-0.030583526619036128,0.030583526619036128,self-collision,False,False
44,left_rubber_hand_link,largebox,left_rubber_hand_link,largebox_link,-0.003746982448615585,0.003746982448615585,hand-box,True,False
44,ground,right_ankle_roll_sphere_1_link,world,right_ankle_roll_sphere_1_link,-0.00023962781918527697,0.00023962781918527697,foot-ground,True,False
44,ground,left_ankle_roll_sphere_4_link,world,left_ankle_roll_sphere_4_link,-5.7406974937018566e-05,5.7406974937018566e-05,foot-ground,True,False
45,pelvis_contour_link,right_hip_roll_link,pelvis_contour_link,right_hip_roll_link,-0.0032300151057338966,0.0032300151057338966,self-collision,False,False
45,left_ankle_intermediate_1_link,left_ankle_roll_link,left_ankle_intermediate_1_link,left_ankle_roll_link,-0.002187522560835195,0.002187522560835195,self-collision,False,False
45,ground,right_ankle_roll_link,world,right_ankle_roll_link,-0.0015910278423460315,0.0015910278423460315,foot-ground,True,False
45,ground,right_ankle_roll_sphere_3_link,world,right_ankle_roll_sphere_3_link,-0.0009095662398579283,0.0009095662398579283,foot-ground,True,False
45,pelvis_contour_link,left_hip_roll_link,pelvis_contour_link,left_hip_roll_link,-0.0036926489871851043,0.0036926489871851043,self-collision,False,False
45,right_knee_link,right_ankle_roll_link,right_knee_link,right_ankle_roll_link,-0.02825279500616823,0.02825279500616823,self-collision,False,False
45,right_ankle_intermediate_1_link,right_ankle_roll_link,right_ankle_intermediate_1_link,right_ankle_roll_link,-0.002187714827929954,0.002187714827929954,self-collision,False,False
45,ground,left_ankle_roll_link,world,left_ankle_roll_link,-0.0013855645424201216,0.0013855645424201216,foot-ground,True,False
45,left_knee_link,left_ankle_roll_link,left_knee_link,left_ankle_roll_link,-0.029365216985488135,0.029365216985488135,self-collision,False,False
45,left_rubber_hand_link,largebox,left_rubber_hand_link,largebox_link,-0.0021785390686192563,0.0021785390686192563,hand-box,True,False
45,ground,right_ankle_roll_sphere_1_link,world,right_ankle_roll_sphere_1_link,-0.0003456793316017953,0.0003456793316017953,foot-ground,True,False
45,ground,left_ankle_roll_sphere_4_link,world,left_ankle_roll_sphere_4_link,-0.0009285178464216544,0.0009285178464216544,foot-ground,True,False
46,pelvis_contour_link,right_hip_roll_link,pelvis_contour_link,right_hip_roll_link,-0.002210505584276823,0.002210505584276823,self-collision,False,False
46,right_rubber_hand_link,largebox,right_rubber_hand_link,largebox_link,-0.004155490730647027,0.004155490730647027,hand-box,True,False
46,left_ankle_intermediate_1_link,left_ankle_roll_link,left_ankle_intermediate_1_link,left_ankle_roll_link,-0.002087775283005175,0.002087775283005175,self-collision,False,False
46,ground,right_ankle_roll_link,world,right_ankle_roll_link,-0.0014749740670541613,0.0014749740670541613,foot-ground,True,False
46,ground,right_ankle_roll_sphere_3_link,world,right_ankle_roll_sphere_3_link,-0.0008738788858624882,0.0008738788858624882,foot-ground,True,False
46,pelvis_contour_link,left_hip_roll_link,pelvis_contour_link,left_hip_roll_link,-0.0018794213565401785,0.0018794213565401785,self-collision,False,False
46,ground,right_ankle_roll_sphere_5_link,world,right_ankle_roll_sphere_5_link,-0.00016222330501052592,0.00016222330501052592,foot-ground,True,False
46,right_knee_link,right_ankle_roll_link,right_knee_link,right_ankle_roll_link,-0.02892038746925346,0.02892038746925346,self-collision,False,False
46,right_ankle_intermediate_1_link,right_ankle_roll_link,right_ankle_intermediate_1_link,right_ankle_roll_link,-0.002092393629255909,0.002092393629255909,self-collision,False,False
46,ground,left_ankle_roll_link,world,left_ankle_roll_link,-0.0014434595057612049,0.0014434595057612049,foot-ground,True,False
46,left_knee_link,left_ankle_roll_link,left_knee_link,left_ankle_roll_link,-0.029977468446955785,0.029977468446955785,self-collision,False,False
46,left_rubber_hand_link,largebox,left_rubber_hand_link,largebox_link,-0.0004955947063014915,0.0004955947063014915,hand-box,True,False
46,ground,right_ankle_roll_sphere_1_link,world,right_ankle_roll_sphere_1_link,-0.0008798441203214614,0.0008798441203214614,foot-ground,True,False
46,ground,left_ankle_roll_sphere_4_link,world,left_ankle_roll_sphere_4_link,-0.0008957511340365763,0.0008957511340365763,foot-ground,True,False
47,ground,right_ankle_roll_sphere_2_link,world,right_ankle_roll_sphere_2_link,-0.0005779139367702744,0.0005779139367702744,foot-ground,True,False
47,pelvis_contour_link,right_hip_roll_link,pelvis_contour_link,right_hip_roll_link,-0.00027685436454986945,0.00027685436454986945,self-collision,False,False
47,right_rubber_hand_link,largebox,right_rubber_hand_link,largebox_link,-0.004541532582200913,0.004541532582200913,hand-box,True,False
47,left_ankle_intermediate_1_link,left_ankle_roll_link,left_ankle_intermediate_1_link,left_ankle_roll_link,-0.002150566444695204,0.002150566444695204,self-collision,False,False
47,torso_link,largebox,torso_link,largebox_link,-0.00042085647470881116,0.00042085647470881116,other-body-box,False,True
47,ground,right_ankle_roll_link,world,right_ankle_roll_link,-0.0013449528522844756,0.0013449528522844756,foot-ground,True,False
47,ground,right_ankle_roll_sphere_3_link,world,right_ankle_roll_sphere_3_link,-0.0008932713087464383,0.0008932713087464383,foot-ground,True,False
47,ground,left_ankle_roll_sphere_2_link,world,left_ankle_roll_sphere_2_link,-0.00015006890845294368,0.00015006890845294368,foot-ground,True,False
47,ground,right_ankle_roll_sphere_4_link,world,right_ankle_roll_sphere_4_link,-0.000518490040215122,0.000518490040215122,foot-ground,True,False
47,ground,right_ankle_roll_sphere_5_link,world,right_ankle_roll_sphere_5_link,-0.0007025639539893032,0.0007025639539893032,foot-ground,True,False
47,right_knee_link,right_ankle_roll_link,right_knee_link,right_ankle_roll_link,-0.02987402527017191,0.02987402527017191,self-collision,False,False
47,right_ankle_intermediate_1_link,right_ankle_roll_link,right_ankle_intermediate_1_link,right_ankle_roll_link,-0.0019799148699656405,0.0019799148699656405,self-collision,False,False
47,ground,left_ankle_roll_link,world,left_ankle_roll_link,-0.0017994815612380234,0.0017994815612380234,foot-ground,True,False
47,left_knee_link,left_ankle_roll_link,left_knee_link,left_ankle_roll_link,-0.03098015700336776,0.03098015700336776,self-collision,False,False
47,left_rubber_hand_link,largebox,left_rubber_hand_link,largebox_link,-0.001606082740199008,0.001606082740199008,hand-box,True,False
47,ground,right_ankle_roll_sphere_1_link,world,right_ankle_roll_sphere_1_link,-0.000890231660546372,0.000890231660546372,foot-ground,True,False
47,ground,left_ankle_roll_sphere_4_link,world,left_ankle_roll_sphere_4_link,-0.0008962318114620433,0.0008962318114620433,foot-ground,True,False
48,ground,right_ankle_roll_sphere_2_link,world,right_ankle_roll_sphere_2_link,-0.0006472499742949103,0.0006472499742949103,foot-ground,True,False
48,left_ankle_intermediate_1_link,left_ankle_roll_link,left_ankle_intermediate_1_link,left_ankle_roll_link,-0.0019713794733230983,0.0019713794733230983,self-collision,False,False
48,left_shoulder_yaw_link,largebox,left_shoulder_yaw_link,largebox_link,-0.00047324169175594344,0.00047324169175594344,other-body-box,False,True
48,ground,right_ankle_roll_link,world,right_ankle_roll_link,-0.001412668692765403,0.001412668692765403,foot-ground,True,False
48,ground,right_ankle_roll_sphere_3_link,world,right_ankle_roll_sphere_3_link,-0.0009612257452781712,0.0009612257452781712,foot-ground,True,False
48,ground,left_ankle_roll_sphere_2_link,world,left_ankle_roll_sphere_2_link,-0.0006986108865820835,0.0006986108865820835,foot-ground,True,False
48,ground,right_ankle_roll_sphere_4_link,world,right_ankle_roll_sphere_4_link,-0.0005881038111538372,0.0005881038111538372,foot-ground,True,False
48,ground,right_ankle_roll_sphere_5_link,world,right_ankle_roll_sphere_5_link,-0.0007713644642594495,0.0007713644642594495,foot-ground,True,False
48,right_knee_link,right_ankle_roll_link,right_knee_link,right_ankle_roll_link,-0.031169794492294428,0.031169794492294428,self-collision,False,False
48,right_ankle_intermediate_1_link,right_ankle_roll_link,right_ankle_intermediate_1_link,right_ankle_roll_link,-0.002009481507877664,0.002009481507877664,self-collision,False,False
48,ground,left_ankle_roll_link,world,left_ankle_roll_link,-0.0015501049399659003,0.0015501049399659003,foot-ground,True,False
48,left_knee_link,left_ankle_roll_link,left_knee_link,left_ankle_roll_link,-0.03212775033272941,0.03212775033272941,self-collision,False,False
48,left_rubber_hand_link,largebox,left_rubber_hand_link,largebox_link,-0.0010554617564370317,0.0010554617564370317,hand-box,True,False
48,ground,right_ankle_roll_sphere_1_link,world,right_ankle_roll_sphere_1_link,-0.0009581849193985225,0.0009581849193985225,foot-ground,True,False
49,ground,right_ankle_roll_sphere_2_link,world,right_ankle_roll_sphere_2_link,-0.0006514005623636928,0.0006514005623636928,foot-ground,True,False
49,right_rubber_hand_link,largebox,right_rubber_hand_link,largebox_link,-0.00276718486683758,0.00276718486683758,hand-box,True,False
49,left_shoulder_yaw_link,largebox,left_shoulder_yaw_link,largebox_link,-0.0008978566250151532,0.0008978566250151532,other-body-box,False,True
49,torso_link,largebox,torso_link,largebox_link,-0.0009706453596027703,0.0009706453596027703,other-body-box,False,True
49,ground,right_ankle_roll_link,world,right_ankle_roll_link,-0.001413268779305997,0.001413268779305997,foot-ground,True,False
49,ground,right_ankle_roll_sphere_3_link,world,right_ankle_roll_sphere_3_link,-0.0009628308054203524,0.0009628308054203524,foot-ground,True,False
49,ground,right_ankle_roll_sphere_4_link,world,right_ankle_roll_sphere_4_link,-0.000593892671634475,0.000593892671634475,foot-ground,True,False
49,ground,right_ankle_roll_sphere_5_link,world,right_ankle_roll_sphere_5_link,-0.0007752131448512901,0.0007752131448512901,foot-ground,True,False
49,right_knee_link,right_ankle_roll_link,right_knee_link,right_ankle_roll_link,-0.03221261359287228,0.03221261359287228,self-collision,False,False
49,right_ankle_intermediate_1_link,right_ankle_roll_link,right_ankle_intermediate_1_link,right_ankle_roll_link,-0.0020154142696323235,0.0020154142696323235,self-collision,False,False
49,ground,left_ankle_roll_link,world,left_ankle_roll_link,-0.0010412059520353359,0.0010412059520353359,foot-ground,True,False
49,left_knee_link,left_ankle_roll_link,left_knee_link,left_ankle_roll_link,-0.032914667015789795,0.032914667015789795,self-collision,False,False
49,left_rubber_hand_link,largebox,left_rubber_hand_link,largebox_link,-0.0005946937997152874,0.0005946937997152874,hand-box,True,False
49,ground,right_ankle_roll_sphere_1_link,world,right_ankle_roll_sphere_1_link,-0.0009588490071852562,0.0009588490071852562,foot-ground,True,False
49,ground,left_ankle_roll_sphere_4_link,world,left_ankle_roll_sphere_4_link,-3.77443778454235e-05,3.77443778454235e-05,foot-ground,True,False
50,ground,right_ankle_roll_sphere_2_link,world,right_ankle_roll_sphere_2_link,-0.0006571966838838711,0.0006571966838838711,foot-ground,True,False
50,right_rubber_hand_link,largebox,right_rubber_hand_link,largebox_link,-0.00045659063595404614,0.00045659063595404614,hand-box,True,False
50,left_shoulder_yaw_link,largebox,left_shoulder_yaw_link,largebox_link,-0.0007858303477660672,0.0007858303477660672,other-body-box,False,True
50,torso_link,largebox,torso_link,largebox_link,-0.0003124474315714665,0.0003124474315714665,other-body-box,False,True
50,ground,right_ankle_roll_link,world,right_ankle_roll_link,-0.0014176008287346692,0.0014176008287346692,foot-ground,True,False
50,ground,right_ankle_roll_sphere_3_link,world,right_ankle_roll_sphere_3_link,-0.0009659887574509527,0.0009659887574509527,foot-ground,True,False
50,ground,right_ankle_roll_sphere_4_link,world,right_ankle_roll_sphere_4_link,-0.000596971682779889,0.000596971682779889,foot-ground,True,False
50,ground,right_ankle_roll_sphere_5_link,world,right_ankle_roll_sphere_5_link,-0.0007780127403254544,0.0007780127403254544,foot-ground,True,False
50,right_knee_link,right_ankle_roll_link,right_knee_link,right_ankle_roll_link,-0.03284787244336465,0.03284787244336465,self-collision,False,False
50,ground,left_ankle_roll_link,world,left_ankle_roll_link,-0.0010551510172011336,0.0010551510172011336,foot-ground,True,False
50,left_knee_link,left_ankle_roll_link,left_knee_link,left_ankle_roll_link,-0.03348176177262491,0.03348176177262491,self-collision,False,False
50,ground,right_ankle_roll_sphere_1_link,world,right_ankle_roll_sphere_1_link,-0.0009647109127764236,0.0009647109127764236,foot-ground,True,False
50,ground,left_ankle_roll_sphere_4_link,world,left_ankle_roll_sphere_4_link,-0.00011917919920261932,0.00011917919920261932,foot-ground,True,False
51,ground,right_ankle_roll_sphere_2_link,world,right_ankle_roll_sphere_2_link,-0.0006643781500264212,0.0006643781500264212,foot-ground,True,False
51,left_shoulder_yaw_link,largebox,left_shoulder_yaw_link,largebox_link,-0.0008989237587310461,0.0008989237587310461,other-body-box,False,True
51,torso_link,largebox,torso_link,largebox_link,-0.0012406876027602487,0.0012406876027602487,other-body-box,False,True
51,ground,right_ankle_roll_link,world,right_ankle_roll_link,-0.001428133941381509,0.001428133941381509,foot-ground,True,False
51,ground,right_ankle_roll_sphere_3_link,world,right_ankle_roll_sphere_3_link,-0.0009747313781059514,0.0009747313781059514,foot-ground,True,False
51,ground,right_ankle_roll_sphere_4_link,world,right_ankle_roll_sphere_4_link,-0.0006008087307734977,0.0006008087307734977,foot-ground,True,False
51,ground,right_ankle_roll_sphere_5_link,world,right_ankle_roll_sphere_5_link,-0.0007839572075406765,0.0007839572075406765,foot-ground,True,False
51,right_knee_link,right_ankle_roll_link,right_knee_link,right_ankle_roll_link,-0.03327647484348503,0.03327647484348503,self-collision,False,False
51,ground,left_ankle_roll_link,world,left_ankle_roll_link,-0.0009934360403012418,0.0009934360403012418,foot-ground,True,False
51,left_knee_link,left_ankle_roll_link,left_knee_link,left_ankle_roll_link,-0.034494428968230156,0.034494428968230156,self-collision,False,False
51,left_rubber_hand_link,largebox,left_rubber_hand_link,largebox_link,-0.0015396898648256524,0.0015396898648256524,hand-box,True,False
51,left_wrist_yaw_link,largebox,left_wrist_yaw_link,largebox_link,-6.456981415076113e-06,6.456981415076113e-06,other-body-box,False,True
51,ground,right_ankle_roll_sphere_1_link,world,right_ankle_roll_sphere_1_link,-0.000975980356136801,0.000975980356136801,foot-ground,True,False
51,ground,left_ankle_roll_sphere_4_link,world,left_ankle_roll_sphere_4_link,-0.0001633131189369792,0.0001633131189369792,foot-ground,True,False
52,ground,right_ankle_roll_sphere_2_link,world,right_ankle_roll_sphere_2_link,-0.0006637079087579425,0.0006637079087579425,foot-ground,True,False
52,right_rubber_hand_link,largebox,right_rubber_hand_link,largebox_link,-0.0031098777966889757,0.0031098777966889757,hand-box,True,False
52,left_shoulder_yaw_link,largebox,left_shoulder_yaw_link,largebox_link,-0.0009185134225051517,0.0009185134225051517,other-body-box,False,True
52,torso_link,largebox,torso_link,largebox_link,-0.0009670852203528257,0.0009670852203528257,other-body-box,False,True
52,ground,right_ankle_roll_link,world,right_ankle_roll_link,-0.0014261405401436653,0.0014261405401436653,foot-ground,True,False
52,ground,right_ankle_roll_sphere_3_link,world,right_ankle_roll_sphere_3_link,-0.0009733583523228095,0.0009733583523228095,foot-ground,True,False
52,ground,right_ankle_roll_sphere_4_link,world,right_ankle_roll_sphere_4_link,-0.000601274118106644,0.000601274118106644,foot-ground,True,False
52,ground,right_ankle_roll_sphere_5_link,world,right_ankle_roll_sphere_5_link,-0.0007836189680225777,0.0007836189680225777,foot-ground,True,False
52,right_knee_link,right_ankle_roll_link,right_knee_link,right_ankle_roll_link,-0.034163372729046404,0.034163372729046404,self-collision,False,False
52,ground,left_ankle_roll_link,world,left_ankle_roll_link,-0.0012797484271867415,0.0012797484271867415,foot-ground,True,False
52,left_knee_link,left_ankle_roll_link,left_knee_link,left_ankle_roll_link,-0.034563794159378325,0.034563794159378325,self-collision,False,False
52,left_rubber_hand_link,largebox,left_rubber_hand_link,largebox_link,-0.001322912418302763,0.001322912418302763,hand-box,True,False
52,ground,right_ankle_roll_sphere_1_link,world,right_ankle_roll_sphere_1_link,-0.000973778103938081,0.000973778103938081,foot-ground,True,False
52,ground,left_ankle_roll_sphere_4_link,world,left_ankle_roll_sphere_4_link,-0.00011187153951535116,0.00011187153951535116,foot-ground,True,False
53,ground,right_ankle_roll_sphere_2_link,world,right_ankle_roll_sphere_2_link,-0.0006796576928523755,0.0006796576928523755,foot-ground,True,False
53,right_rubber_hand_link,largebox,right_rubber_hand_link,largebox_link,-0.0033145368109786105,0.0033145368109786105,hand-box,True,False
53,left_shoulder_yaw_link,largebox,left_shoulder_yaw_link,largebox_link,-0.0010173990635972546,0.0010173990635972546,other-body-box,False,True
53,torso_link,largebox,torso_link,largebox_link,-0.0009770573624662132,0.0009770573624662132,other-body-box,False,True
53,ground,right_ankle_roll_link,world,right_ankle_roll_link,-0.0014422072352559684,0.0014422072352559684,foot-ground,True,False
53,ground,right_ankle_roll_sphere_3_link,world,right_ankle_roll_sphere_3_link,-0.000989587259063794,0.000989587259063794,foot-ground,True,False
53,ground,right_ankle_roll_sphere_4_link,world,right_ankle_roll_sphere_4_link,-0.0006175870788216317,0.0006175870788216317,foot-ground,True,False
53,ground,right_ankle_roll_sphere_5_link,world,right_ankle_roll_sphere_5_link,-0.0007999318043532362,0.0007999318043532362,foot-ground,True,False
53,right_knee_link,right_ankle_roll_link,right_knee_link,right_ankle_roll_link,-0.03468314812288717,0.03468314812288717,self-collision,False,False
53,ground,left_ankle_roll_link,world,left_ankle_roll_link,-0.0009945139014357202,0.0009945139014357202,foot-ground,True,False
53,left_knee_link,left_ankle_roll_link,left_knee_link,left_ankle_roll_link,-0.03509603753884813,0.03509603753884813,self-collision,False,False
53,left_rubber_hand_link,largebox,left_rubber_hand_link,largebox_link,-0.0008509502145404302,0.0008509502145404302,hand-box,True,False
53,left_wrist_yaw_link,largebox,left_wrist_yaw_link,largebox_link,-0.0005870428948226147,0.0005870428948226147,other-body-box,False,True
53,ground,right_ankle_roll_sphere_1_link,world,right_ankle_roll_sphere_1_link,-0.0009896578430541756,0.0009896578430541756,foot-ground,True,False
53,ground,left_ankle_roll_sphere_4_link,world,left_ankle_roll_sphere_4_link,-0.00015520931638411933,0.00015520931638411933,foot-ground,True,False
54,ground,right_ankle_roll_sphere_2_link,world,right_ankle_roll_sphere_2_link,-0.0006823680926178457,0.0006823680926178457,foot-ground,True,False
54,right_rubber_hand_link,largebox,right_rubber_hand_link,largebox_link,-0.001025567447891798,0.001025567447891798,hand-box,True,False
54,left_shoulder_yaw_link,largebox,left_shoulder_yaw_link,largebox_link,-0.000968079161380378,0.000968079161380378,other-body-box,False,True
54,torso_link,largebox,torso_link,largebox_link,-0.0010243983912066323,0.0010243983912066323,other-body-box,False,True
54,ground,right_ankle_roll_link,world,right_ankle_roll_link,-0.0014451176389953593,0.0014451176389953593,foot-ground,True,False
54,ground,right_ankle_roll_sphere_3_link,world,right_ankle_roll_sphere_3_link,-0.000992337298882046,0.000992337298882046,foot-ground,True,False
54,ground,right_ankle_roll_sphere_4_link,world,right_ankle_roll_sphere_4_link,-0.0006199836007311768,0.0006199836007311768,foot-ground,True,False
54,ground,right_ankle_roll_sphere_5_link,world,right_ankle_roll_sphere_5_link,-0.0008024716242724063,0.0008024716242724063,foot-ground,True,False
54,right_knee_link,right_ankle_roll_link,right_knee_link,right_ankle_roll_link,-0.035112709140393106,0.035112709140393106,self-collision,False,False
54,ground,left_ankle_roll_link,world,left_ankle_roll_link,-0.0009974031866781252,0.0009974031866781252,foot-ground,True,False
54,left_knee_link,left_ankle_roll_link,left_knee_link,left_ankle_roll_link,-0.03569181754060011,0.03569181754060011,self-collision,False,False
54,left_rubber_hand_link,largebox,left_rubber_hand_link,largebox_link,-0.0009332177802000158,0.0009332177802000158,hand-box,True,False
54,left_wrist_yaw_link,largebox,left_wrist_yaw_link,largebox_link,-0.0003229738682324623,0.0003229738682324623,other-body-box,False,True
54,ground,right_ankle_roll_sphere_1_link,world,right_ankle_roll_sphere_1_link,-0.0009926628410769035,0.0009926628410769035,foot-ground,True,False
54,ground,left_ankle_roll_sphere_4_link,world,left_ankle_roll_sphere_4_link,-0.00023657354807541785,0.00023657354807541785,foot-ground,True,False
55,ground,right_ankle_roll_sphere_2_link,world,right_ankle_roll_sphere_2_link,-0.0006809338551101154,0.0006809338551101154,foot-ground,True,False
55,right_rubber_hand_link,largebox,right_rubber_hand_link,largebox_link,-0.000993604565233716,0.000993604565233716,hand-box,True,False
55,left_shoulder_yaw_link,largebox,left_shoulder_yaw_link,largebox_link,-0.0008933352459993826,0.0008933352459993826,other-body-box,False,True
55,torso_link,largebox,torso_link,largebox_link,-0.0009885082802542078,0.0009885082802542078,other-body-box,False,True
55,ground,right_ankle_roll_link,world,right_ankle_roll_link,-0.0014446665314865915,0.0014446665314865915,foot-ground,True,False
55,ground,right_ankle_roll_sphere_3_link,world,right_ankle_roll_sphere_3_link,-0.0009907609708857462,0.0009907609708857462,foot-ground,True,False
55,ground,right_ankle_roll_sphere_4_link,world,right_ankle_roll_sphere_4_link,-0.0006162868397934602,0.0006162868397934602,foot-ground,True,False
55,ground,right_ankle_roll_sphere_5_link,world,right_ankle_roll_sphere_5_link,-0.0007995896891365871,0.0007995896891365871,foot-ground,True,False
55,right_knee_link,right_ankle_roll_link,right_knee_link,right_ankle_roll_link,-0.035665830722304864,0.035665830722304864,self-collision,False,False
55,ground,left_ankle_roll_link,world,left_ankle_roll_link,-0.0010258973467346458,0.0010258973467346458,foot-ground,True,False
55,left_knee_link,left_ankle_roll_link,left_knee_link,left_ankle_roll_link,-0.03582905181918114,0.03582905181918114,self-collision,False,False
55,left_rubber_hand_link,largebox,left_rubber_hand_link,largebox_link,-0.0007198126117323594,0.0007198126117323594,hand-box,True,False
55,ground,right_ankle_roll_sphere_1_link,world,right_ankle_roll_sphere_1_link,-0.0009929956310203531,0.0009929956310203531,foot-ground,True,False
56,ground,right_ankle_roll_sphere_2_link,world,right_ankle_roll_sphere_2_link,-0.000685219931042323,0.000685219931042323,foot-ground,True,False
56,right_rubber_hand_link,largebox,right_rubber_hand_link,largebox_link,-0.0009895437377132887,0.0009895437377132887,hand-box,True,False
56,left_shoulder_yaw_link,largebox,left_shoulder_yaw_link,largebox_link,-0.000856540742148651,0.000856540742148651,other-body-box,False,True
56,torso_link,largebox,torso_link,largebox_link,-0.001089072407706504,0.001089072407706504,other-body-box,False,True
56,ground,right_ankle_roll_link,world,right_ankle_roll_link,-0.0014483912158062585,0.0014483912158062585,foot-ground,True,False
56,ground,right_ankle_roll_sphere_3_link,world,right_ankle_roll_sphere_3_link,-0.0009951303725828945,0.0009951303725828945,foot-ground,True,False
56,ground,right_ankle_roll_sphere_4_link,world,right_ankle_roll_sphere_4_link,-0.0006218695488479148,0.0006218695488479148,foot-ground,True,False
56,ground,right_ankle_roll_sphere_5_link,world,right_ankle_roll_sphere_5_link,-0.0008047063944154253,0.0008047063944154253,foot-ground,True,False
56,right_knee_link,right_ankle_roll_link,right_knee_link,right_ankle_roll_link,-0.036166374883740415,0.036166374883740415,self-collision,False,False
56,ground,left_ankle_roll_link,world,left_ankle_roll_link,-0.0010311370653475725,0.0010311370653475725,foot-ground,True,False
56,left_knee_link,left_ankle_roll_link,left_knee_link,left_ankle_roll_link,-0.03538078678769191,0.03538078678769191,self-collision,False,False
56,left_rubber_hand_link,largebox,left_rubber_hand_link,largebox_link,-0.0008753836407690563,0.0008753836407690563,hand-box,True,False
56,left_wrist_yaw_link,largebox,left_wrist_yaw_link,largebox_link,-0.0002000189483475634,0.0002000189483475634,other-body-box,False,True
56,ground,right_ankle_roll_sphere_1_link,world,right_ankle_roll_sphere_1_link,-0.00099627061748814,0.00099627061748814,foot-ground,True,False
57,ground,right_ankle_roll_sphere_2_link,world,right_ankle_roll_sphere_2_link,-0.000684357466711266,0.000684357466711266,foot-ground,True,False
57,right_rubber_hand_link,largebox,right_rubber_hand_link,largebox_link,-0.0009295892106770398,0.0009295892106770398,hand-box,True,False
57,left_ankle_intermediate_1_link,left_ankle_roll_link,left_ankle_intermediate_1_link,left_ankle_roll_link,-0.0027781424930778814,0.0027781424930778814,self-collision,False,False
57,left_shoulder_yaw_link,largebox,left_shoulder_yaw_link,largebox_link,-0.0007539834498718895,0.0007539834498718895,other-body-box,False,True
57,torso_link,largebox,torso_link,largebox_link,-0.0010275293645136824,0.0010275293645136824,other-body-box,False,True
57,ground,right_ankle_roll_link,world,right_ankle_roll_link,-0.001447680209865923,0.001447680209865923,foot-ground,True,False
57,ground,right_ankle_roll_sphere_3_link,world,right_ankle_roll_sphere_3_link,-0.0009953182073910117,0.0009953182073910117,foot-ground,True,False
57,ground,left_ankle_roll_sphere_2_link,world,left_ankle_roll_sphere_2_link,-4.0452722022579594e-05,4.0452722022579594e-05,foot-ground,True,False
57,ground,right_ankle_roll_sphere_4_link,world,right_ankle_roll_sphere_4_link,-0.000622948473709954,0.000622948473709954,foot-ground,True,False
57,ground,right_ankle_roll_sphere_5_link,world,right_ankle_roll_sphere_5_link,-0.0008055594368021049,0.0008055594368021049,foot-ground,True,False
57,right_knee_link,right_ankle_roll_link,right_knee_link,right_ankle_roll_link,-0.03675562417178882,0.03675562417178882,self-collision,False,False
57,ground,left_ankle_roll_link,world,left_ankle_roll_link,-0.0024271116289689768,0.0024271116289689768,foot-ground,True,False
57,left_knee_link,left_ankle_roll_link,left_knee_link,left_ankle_roll_link,-0.03320057981303082,0.03320057981303082,self-collision,False,False
57,left_rubber_hand_link,largebox,left_rubber_hand_link,largebox_link,-0.001131161002080841,0.001131161002080841,hand-box,True,False
57,left_wrist_yaw_link,largebox,left_wrist_yaw_link,largebox_link,-0.0028994877990982937,0.0028994877990982937,other-body-box,False,True
57,ground,right_ankle_roll_sphere_1_link,world,right_ankle_roll_sphere_1_link,-0.0009946655781121463,0.0009946655781121463,foot-ground,True,False
57,ground,left_ankle_roll_sphere_4_link,world,left_ankle_roll_sphere_4_link,-0.000986028696280279,0.000986028696280279,foot-ground,True,False
58,ground,right_ankle_roll_sphere_2_link,world,right_ankle_roll_sphere_2_link,-0.0006191710675352942,0.0006191710675352942,foot-ground,True,False
58,right_rubber_hand_link,largebox,right_rubber_hand_link,largebox_link,-0.0012053651540248067,0.0012053651540248067,hand-box,True,False
58,left_ankle_intermediate_1_link,left_ankle_roll_link,left_ankle_intermediate_1_link,left_ankle_roll_link,-0.0026096017312140923,0.0026096017312140923,self-collision,False,False
58,torso_link,largebox,torso_link,largebox_link,-0.0010089046148410857,0.0010089046148410857,other-body-box,False,True
58,ground,right_ankle_roll_link,world,right_ankle_roll_link,-0.0014565172670754044,0.0014565172670754044,foot-ground,True,False
58,ground,right_ankle_roll_sphere_3_link,world,right_ankle_roll_sphere_3_link,-0.0009944203266602494,0.0009944203266602494,foot-ground,True,False
58,ground,left_ankle_roll_sphere_2_link,world,left_ankle_roll_sphere_2_link,-0.0003268333949377365,0.0003268333949377365,foot-ground,True,False
58,ground,right_ankle_roll_sphere_4_link,world,right_ankle_roll_sphere_4_link,-0.0005475554165921504,0.0005475554165921504,foot-ground,True,False
58,ground,right_ankle_roll_sphere_5_link,world,right_ankle_roll_sphere_5_link,-0.000766943529457084,0.000766943529457084,foot-ground,True,False
58,right_knee_link,right_ankle_roll_link,right_knee_link,right_ankle_roll_link,-0.03753719504131825,0.03753719504131825,self-collision,False,False
58,ground,left_ankle_roll_link,world,left_ankle_roll_link,-0.0017403871047941832,0.0017403871047941832,foot-ground,True,False
58,left_knee_link,left_ankle_roll_link,left_knee_link,left_ankle_roll_link,-0.03038734907560836,0.03038734907560836,self-collision,False,False
58,left_rubber_hand_link,largebox,left_rubber_hand_link,largebox_link,-0.0010851425492809375,0.0010851425492809375,hand-box,True,False
58,left_wrist_yaw_link,largebox,left_wrist_yaw_link,largebox_link,-0.002453860096329294,0.002453860096329294,other-body-box,False,True
58,ground,right_ankle_roll_sphere_1_link,world,right_ankle_roll_sphere_1_link,-0.0009915584925920427,0.0009915584925920427,foot-ground,True,False
58,ground,left_ankle_roll_sphere_4_link,world,left_ankle_roll_sphere_4_link,-0.0009842733255719409,0.0009842733255719409,foot-ground,True,False
59,ground,right_ankle_roll_sphere_2_link,world,right_ankle_roll_sphere_2_link,-0.0006173657357548329,0.0006173657357548329,foot-ground,True,False
59,ground,left_ankle_roll_sphere_5_link,world,left_ankle_roll_sphere_5_link,-0.0006301668282875017,0.0006301668282875017,foot-ground,True,False
59,left_ankle_intermediate_1_link,left_ankle_roll_link,left_ankle_intermediate_1_link,left_ankle_roll_link,-0.0029994593650138485,0.0029994593650138485,self-collision,False,False
59,torso_link,largebox,torso_link,largebox_link,-0.001112809945006621,0.001112809945006621,other-body-box,False,True
59,ground,right_ankle_roll_link,world,right_ankle_roll_link,-0.0014549298438092106,0.0014549298438092106,foot-ground,True,False
59,ground,left_ankle_roll_sphere_1_link,world,left_ankle_roll_sphere_1_link,-0.00039130418874438935,0.00039130418874438935,foot-ground,True,False
59,ground,right_ankle_roll_sphere_3_link,world,right_ankle_roll_sphere_3_link,-0.0009931743573701043,0.0009931743573701043,foot-ground,True,False
59,ground,left_ankle_roll_sphere_2_link,world,left_ankle_roll_sphere_2_link,-0.0009804886957428044,0.0009804886957428044,foot-ground,True,False
59,ground,right_ankle_roll_sphere_4_link,world,right_ankle_roll_sphere_4_link,-0.0005465105800118433,0.0005465105800118433,foot-ground,True,False
59,ground,right_ankle_roll_sphere_5_link,world,right_ankle_roll_sphere_5_link,-0.0007658856246560942,0.0007658856246560942,foot-ground,True,False
59,right_knee_link,right_ankle_roll_link,right_knee_link,right_ankle_roll_link,-0.03841127084737808,0.03841127084737808,self-collision,False,False
59,ground,left_ankle_roll_link,world,left_ankle_roll_link,-0.00148622837721964,0.00148622837721964,foot-ground,True,False
59,left_knee_link,left_ankle_roll_link,left_knee_link,left_ankle_roll_link,-0.02794080924643258,0.02794080924643258,self-collision,False,False
59,left_rubber_hand_link,largebox,left_rubber_hand_link,largebox_link,-0.001321571607818886,0.001321571607818886,hand-box,True,False
59,left_wrist_yaw_link,largebox,left_wrist_yaw_link,largebox_link,-0.0009339815830444881,0.0009339815830444881,other-body-box,False,True
59,ground,left_ankle_roll_sphere_3_link,world,left_ankle_roll_sphere_3_link,-0.00028252239924172595,0.00028252239924172595,foot-ground,True,False
59,ground,right_ankle_roll_sphere_1_link,world,right_ankle_roll_sphere_1_link,-0.0009895855502200504,0.0009895855502200504,foot-ground,True,False
59,ground,left_ankle_roll_sphere_4_link,world,left_ankle_roll_sphere_4_link,-0.0009895438076398247,0.0009895438076398247,foot-ground,True,False
60,ground,right_ankle_roll_sphere_2_link,world,right_ankle_roll_sphere_2_link,-0.00044250283063018616,0.00044250283063018616,foot-ground,True,False
60,right_rubber_hand_link,largebox,right_rubber_hand_link,largebox_link,-0.0012042051592109082,0.0012042051592109082,hand-box,True,False
60,ground,left_ankle_roll_sphere_5_link,world,left_ankle_roll_sphere_5_link,-0.0006300500227825216,0.0006300500227825216,foot-ground,True,False
60,left_ankle_intermediate_1_link,left_ankle_roll_link,left_ankle_intermediate_1_link,left_ankle_roll_link,-0.0031172019511034876,0.0031172019511034876,self-collision,False,False
60,torso_link,largebox,torso_link,largebox_link,-0.0011777807797486023,0.0011777807797486023,other-body-box,False,True
60,ground,right_ankle_roll_link,world,right_ankle_roll_link,-0.0014869006965725143,0.0014869006965725143,foot-ground,True,False
60,ground,left_ankle_roll_sphere_1_link,world,left_ankle_roll_sphere_1_link,-0.0009777989668100012,0.0009777989668100012,foot-ground,True,False
60,ground,right_ankle_roll_sphere_3_link,world,right_ankle_roll_sphere_3_link,-0.000994048451254964,0.000994048451254964,foot-ground,True,False
60,ground,left_ankle_roll_sphere_2_link,world,left_ankle_roll_sphere_2_link,-0.00039146438983564315,0.00039146438983564315,foot-ground,True,False
60,ground,right_ankle_roll_sphere_4_link,world,right_ankle_roll_sphere_4_link,-0.000334716489630303,0.000334716489630303,foot-ground,True,False
60,ground,right_ankle_roll_sphere_5_link,world,right_ankle_roll_sphere_5_link,-0.0006581657632821055,0.0006581657632821055,foot-ground,True,False
60,right_knee_link,right_ankle_roll_link,right_knee_link,right_ankle_roll_link,-0.03927199116082594,0.03927199116082594,self-collision,False,False
60,ground,left_ankle_roll_link,world,left_ankle_roll_link,-0.0014844262024292822,0.0014844262024292822,foot-ground,True,False
60,left_knee_link,left_ankle_roll_link,left_knee_link,left_ankle_roll_link,-0.025674827683460855,0.025674827683460855,self-collision,False,False
60,left_rubber_hand_link,largebox,left_rubber_hand_link,largebox_link,-0.0017152042076266916,0.0017152042076266916,hand-box,True,False
60,ground,left_ankle_roll_sphere_3_link,world,left_ankle_roll_sphere_3_link,-0.0009875962063924304,0.0009875962063924304,foot-ground,True,False
60,ground,right_ankle_roll_sphere_1_link,world,right_ankle_roll_sphere_1_link,-0.0009919461319840726,0.0009919461319840726,foot-ground,True,False
60,ground,left_ankle_roll_sphere_4_link,world,left_ankle_roll_sphere_4_link,-0.00028399471402320003,0.00028399471402320003,foot-ground,True,False
61,right_rubber_hand_link,largebox,right_rubber_hand_link,largebox_link,-0.0012556335255680118,0.0012556335255680118,hand-box,True,False
61,left_ankle_intermediate_1_link,left_ankle_roll_link,left_ankle_intermediate_1_link,left_ankle_roll_link,-0.002550216076861886,0.002550216076861886,self-collision,False,False
61,torso_link,largebox,torso_link,largebox_link,-0.0010515280050702874,0.0010515280050702874,other-body-box,False,True
61,ground,right_ankle_roll_link,world,right_ankle_roll_link,-0.001600888303207846,0.001600888303207846,foot-ground,True,False
61,ground,left_ankle_roll_sphere_1_link,world,left_ankle_roll_sphere_1_link,-0.0003829720411489433,0.0003829720411489433,foot-ground,True,False
61,ground,right_ankle_roll_sphere_3_link,world,right_ankle_roll_sphere_3_link,-0.000986413069220162,0.000986413069220162,foot-ground,True,False
61,ground,right_ankle_roll_sphere_5_link,world,right_ankle_roll_sphere_5_link,-0.00021464883681531887,0.00021464883681531887,foot-ground,True,False
61,right_knee_link,right_ankle_roll_link,right_knee_link,right_ankle_roll_link,-0.04011589841269542,0.04011589841269542,self-collision,False,False
61,ground,left_ankle_roll_link,world,left_ankle_roll_link,-0.0017396249109685319,0.0017396249109685319,foot-ground,True,False
61,left_knee_link,left_ankle_roll_link,left_knee_link,left_ankle_roll_link,-0.024388682422267965,0.024388682422267965,self-collision,False,False
61,left_rubber_hand_link,largebox,left_rubber_hand_link,largebox_link,-0.0015483175604608101,0.0015483175604608101,hand-box,True,False
61,left_wrist_yaw_link,largebox,left_wrist_yaw_link,largebox_link,-0.000749729257645132,0.000749729257645132,other-body-box,False,True
61,ground,left_ankle_roll_sphere_3_link,world,left_ankle_roll_sphere_3_link,-0.000989173739895005,0.000989173739895005,foot-ground,True,False
61,ground,right_ankle_roll_sphere_1_link,world,right_ankle_roll_sphere_1_link,-0.000983955102420101,0.000983955102420101,foot-ground,True,False
62,right_rubber_hand_link,largebox,right_rubber_hand_link,largebox_link,-0.0013211685740507767,0.0013211685740507767,hand-box,True,False
62,left_ankle_intermediate_1_link,left_ankle_roll_link,left_ankle_intermediate_1_link,left_ankle_roll_link,-0.002098068320330798,0.002098068320330798,self-collision,False,False
62,torso_link,largebox,torso_link,largebox_link,-0.0009590577586946064,0.0009590577586946064,other-body-box,False,True
62,ground,right_ankle_roll_link,world,right_ankle_roll_link,-0.0014810920917296619,0.0014810920917296619,foot-ground,True,False
62,ground,left_ankle_roll_sphere_1_link,world,left_ankle_roll_sphere_1_link,-0.00016451802245138602,0.00016451802245138602,foot-ground,True,False
62,ground,right_ankle_roll_sphere_3_link,world,right_ankle_roll_sphere_3_link,-0.00046322898023414254,0.00046322898023414254,foot-ground,True,False
62,right_knee_link,right_ankle_roll_link,right_knee_link,right_ankle_roll_link,-0.04108686038546233,0.04108686038546233,self-collision,False,False
62,ground,left_ankle_roll_link,world,left_ankle_roll_link,-0.0020574251644898157,0.0020574251644898157,foot-ground,True,False
62,left_knee_link,left_ankle_roll_link,left_knee_link,left_ankle_roll_link,-0.02342863605748445,0.02342863605748445,self-collision,False,False
62,left_rubber_hand_link,largebox,left_rubber_hand_link,largebox_link,-0.0011772770811062094,0.0011772770811062094,hand-box,True,False
62,left_wrist_yaw_link,largebox,left_wrist_yaw_link,largebox_link,-0.0020178215820629564,0.0020178215820629564,other-body-box,False,True
62,ground,left_ankle_roll_sphere_3_link,world,left_ankle_roll_sphere_3_link,-0.000993651788859985,0.000993651788859985,foot-ground,True,False
62,ground,right_ankle_roll_sphere_1_link,world,right_ankle_roll_sphere_1_link,-0.0009903401215832419,0.0009903401215832419,foot-ground,True,False
63,left_ankle_intermediate_1_link,left_ankle_roll_link,left_ankle_intermediate_1_link,left_ankle_roll_link,-0.0020139221003951657,0.0020139221003951657,self-collision,False,False
63,torso_link,largebox,torso_link,largebox_link,-0.0008986661648088673,0.0008986661648088673,other-body-box,False,True
63,ground,right_ankle_roll_link,world,right_ankle_roll_link,-0.0014842760256857448,0.0014842760256857448,foot-ground,True,False
63,ground,left_ankle_roll_sphere_1_link,world,left_ankle_roll_sphere_1_link,-0.00014907745773027736,0.00014907745773027736,foot-ground,True,False
63,ground,right_ankle_roll_sphere_3_link,world,right_ankle_roll_sphere_3_link,-9.168388737635768e-05,9.168388737635768e-05,foot-ground,True,False
63,right_knee_link,right_ankle_roll_link,right_knee_link,right_ankle_roll_link,-0.04195617027879309,0.04195617027879309,self-collision,False,False
63,ground,left_ankle_roll_link,world,left_ankle_roll_link,-0.0015386464009249125,0.0015386464009249125,foot-ground,True,False
63,left_knee_link,left_ankle_roll_link,left_knee_link,left_ankle_roll_link,-0.022946535964357792,0.022946535964357792,self-collision,False,False
63,left_rubber_hand_link,largebox,left_rubber_hand_link,largebox_link,-0.0011951320622846373,0.0011951320622846373,hand-box,True,False
63,left_wrist_yaw_link,largebox,left_wrist_yaw_link,largebox_link,-0.0006013966068731252,0.0006013966068731252,other-body-box,False,True
63,ground,right_ankle_roll_sphere_1_link,world,right_ankle_roll_sphere_1_link,-0.0009957854420302682,0.0009957854420302682,foot-ground,True,False
64,left_ankle_intermediate_1_link,left_ankle_roll_link,left_ankle_intermediate_1_link,left_ankle_roll_link,-0.001878573298635236,0.001878573298635236,self-collision,False,False
64,torso_link,largebox,torso_link,largebox_link,-0.0009735090132512864,0.0009735090132512864,other-body-box,False,True
64,ground,right_ankle_roll_link,world,right_ankle_roll_link,-0.0010075191297742973,0.0010075191297742973,foot-ground,True,False
64,ground,right_ankle_roll_sphere_3_link,world,right_ankle_roll_sphere_3_link,-0.00042227249135308714,0.00042227249135308714,foot-ground,True,False
64,right_knee_link,right_ankle_roll_link,right_knee_link,right_ankle_roll_link,-0.042422703560905606,0.042422703560905606,self-collision,False,False
64,ground,left_ankle_roll_link,world,left_ankle_roll_link,-0.0024704470028650075,0.0024704470028650075,foot-ground,True,False
64,left_knee_link,left_ankle_roll_link,left_knee_link,left_ankle_roll_link,-0.022672625009504857,0.022672625009504857,self-collision,False,False
64,left_rubber_hand_link,largebox,left_rubber_hand_link,largebox_link,-0.0010135874433784414,0.0010135874433784414,hand-box,True,False
64,left_wrist_yaw_link,largebox,left_wrist_yaw_link,largebox_link,-0.0014962042506039691,0.0014962042506039691,other-body-box,False,True
64,ground,left_ankle_roll_sphere_3_link,world,left_ankle_roll_sphere_3_link,-0.0009736843778529692,0.0009736843778529692,foot-ground,True,False
65,right_rubber_hand_link,largebox,right_rubber_hand_link,largebox_link,-0.0005638540566028083,0.0005638540566028083,hand-box,True,False
65,left_ankle_intermediate_1_link,left_ankle_roll_link,left_ankle_intermediate_1_link,left_ankle_roll_link,-0.0019800714158482308,0.0019800714158482308,self-collision,False,False
65,torso_link,largebox,torso_link,largebox_link,-0.0010448434736496093,0.0010448434736496093,other-body-box,False,True
65,ground,right_ankle_roll_link,world,right_ankle_roll_link,-0.0011516117865990154,0.0011516117865990154,foot-ground,True,False
65,ground,right_ankle_roll_sphere_3_link,world,right_ankle_roll_sphere_3_link,-0.0005822284069275053,0.0005822284069275053,foot-ground,True,False
65,right_knee_link,right_ankle_roll_link,right_knee_link,right_ankle_roll_link,-0.043034406311017875,0.043034406311017875,self-collision,False,False
65,ground,left_ankle_roll_link,world,left_ankle_roll_link,-0.00253063508425792,0.00253063508425792,foot-ground,True,False
65,left_knee_link,left_ankle_roll_link,left_knee_link,left_ankle_roll_link,-0.023108990906369503,0.023108990906369503,self-collision,False,False
65,left_rubber_hand_link,largebox,left_rubber_hand_link,largebox_link,-0.000982886024464058,0.000982886024464058,hand-box,True,False
65,left_wrist_yaw_link,largebox,left_wrist_yaw_link,largebox_link,-0.001261021289293493,0.001261021289293493,other-body-box,False,True
65,ground,left_ankle_roll_sphere_3_link,world,left_ankle_roll_sphere_3_link,-0.000971461362901045,0.000971461362901045,foot-ground,True,False
66,left_ankle_intermediate_1_link,left_ankle_roll_link,left_ankle_intermediate_1_link,left_ankle_roll_link,-0.0024374453509102695,0.0024374453509102695,self-collision,False,False
66,torso_link,largebox,torso_link,largebox_link,-0.0011480513374197698,0.0011480513374197698,other-body-box,False,True
66,ground,right_ankle_roll_link,world,right_ankle_roll_link,-0.0010313389612910846,0.0010313389612910846,foot-ground,True,False
66,ground,right_ankle_roll_sphere_3_link,world,right_ankle_roll_sphere_3_link,-0.0005831109714062406,0.0005831109714062406,foot-ground,True,False
66,right_knee_link,right_ankle_roll_link,right_knee_link,right_ankle_roll_link,-0.04301047921276693,0.04301047921276693,self-collision,False,False
66,ground,left_ankle_roll_link,world,left_ankle_roll_link,-0.002420511906742702,0.002420511906742702,foot-ground,True,False
66,left_knee_link,left_ankle_roll_link,left_knee_link,left_ankle_roll_link,-0.024094684829862448,0.024094684829862448,self-collision,False,False
66,left_rubber_hand_link,largebox,left_rubber_hand_link,largebox_link,-0.0007203997135375589,0.0007203997135375589,hand-box,True,False
66,left_wrist_yaw_link,largebox,left_wrist_yaw_link,largebox_link,-0.002193532416138469,0.002193532416138469,other-body-box,False,True
66,ground,left_ankle_roll_sphere_3_link,world,left_ankle_roll_sphere_3_link,-0.0009421427053913729,0.0009421427053913729,foot-ground,True,False
67,left_ankle_intermediate_1_link,left_ankle_roll_link,left_ankle_intermediate_1_link,left_ankle_roll_link,-0.002946035306992903,0.002946035306992903,self-collision,False,False
67,torso_link,largebox,torso_link,largebox_link,-0.0010112004130082286,0.0010112004130082286,other-body-box,False,True
67,ground,right_ankle_roll_link,world,right_ankle_roll_link,-0.000997659174083454,0.000997659174083454,foot-ground,True,False
67,ground,left_ankle_roll_sphere_1_link,world,left_ankle_roll_sphere_1_link,-1.8494998220248623e-06,1.8494998220248623e-06,foot-ground,True,False
67,ground,right_ankle_roll_sphere_3_link,world,right_ankle_roll_sphere_3_link,-0.00024721474937406795,0.00024721474937406795,foot-ground,True,False
67,right_knee_link,right_ankle_roll_link,right_knee_link,right_ankle_roll_link,-0.04274769964360334,0.04274769964360334,self-collision,False,False
67,ground,left_ankle_roll_link,world,left_ankle_roll_link,-0.0023237491668165085,0.0023237491668165085,foot-ground,True,False
67,left_knee_link,left_ankle_roll_link,left_knee_link,left_ankle_roll_link,-0.02536176248415639,0.02536176248415639,self-collision,False,False
67,left_rubber_hand_link,largebox,left_rubber_hand_link,largebox_link,-0.0007409672086095415,0.0007409672086095415,hand-box,True,False
67,left_wrist_yaw_link,largebox,left_wrist_yaw_link,largebox_link,-0.002073821359517544,0.002073821359517544,other-body-box,False,True
67,ground,left_ankle_roll_sphere_3_link,world,left_ankle_roll_sphere_3_link,-0.0009634048756532688,0.0009634048756532688,foot-ground,True,False
68,right_rubber_hand_link,largebox,right_rubber_hand_link,largebox_link,-0.002330821146858661,0.002330821146858661,hand-box,True,False
68,left_ankle_intermediate_1_link,left_ankle_roll_link,left_ankle_intermediate_1_link,left_ankle_roll_link,-0.0033757105408834392,0.0033757105408834392,self-collision,False,False
68,torso_link,largebox,torso_link,largebox_link,-0.001149776717278006,0.001149776717278006,other-body-box,False,True
68,ground,left_ankle_roll_sphere_1_link,world,left_ankle_roll_sphere_1_link,-7.34847490518704e-05,7.34847490518704e-05,foot-ground,True,False
68,right_knee_link,right_ankle_roll_link,right_knee_link,right_ankle_roll_link,-0.043144347933326055,0.043144347933326055,self-collision,False,False
68,right_ankle_intermediate_1_link,right_ankle_roll_link,right_ankle_intermediate_1_link,right_ankle_roll_link,-8.85767225702605e-05,8.85767225702605e-05,self-collision,False,False
68,ground,left_ankle_roll_link,world,left_ankle_roll_link,-0.0021896517154736395,0.0021896517154736395,foot-ground,True,False
68,left_knee_link,left_ankle_roll_link,left_knee_link,left_ankle_roll_link,-0.027930694056905264,0.027930694056905264,self-collision,False,False
68,left_rubber_hand_link,largebox,left_rubber_hand_link,largebox_link,-0.00048373602199129617,0.00048373602199129617,hand-box,True,False
68,left_wrist_yaw_link,largebox,left_wrist_yaw_link,largebox_link,-0.003927728895023255,0.003927728895023255,other-body-box,False,True
68,ground,left_ankle_roll_sphere_3_link,world,left_ankle_roll_sphere_3_link,-0.000962492540417882,0.000962492540417882,foot-ground,True,False
69,left_ankle_intermediate_1_link,left_ankle_roll_link,left_ankle_intermediate_1_link,left_ankle_roll_link,-0.003207837197230029,0.003207837197230029,self-collision,False,False
69,torso_link,largebox,torso_link,largebox_link,-0.0009994650301016483,0.0009994650301016483,other-body-box,False,True
69,ground,left_ankle_roll_sphere_1_link,world,left_ankle_roll_sphere_1_link,-0.0001457163945721247,0.0001457163945721247,foot-ground,True,False
69,right_knee_link,right_ankle_roll_link,right_knee_link,right_ankle_roll_link,-0.04369021733106823,0.04369021733106823,self-collision,False,False
69,right_ankle_intermediate_1_link,right_ankle_roll_link,right_ankle_intermediate_1_link,right_ankle_roll_link,-0.00027947295505875713,0.00027947295505875713,self-collision,False,False
69,ground,left_ankle_roll_link,world,left_ankle_roll_link,-0.002059982831717773,0.002059982831717773,foot-ground,True,False
69,left_knee_link,left_ankle_roll_link,left_knee_link,left_ankle_roll_link,-0.029628304207820366,0.029628304207820366,self-collision,False,False
69,left_rubber_hand_link,largebox,left_rubber_hand_link,largebox_link,-0.0006793696967646867,0.0006793696967646867,hand-box,True,False
69,left_wrist_yaw_link,largebox,left_wrist_yaw_link,largebox_link,-0.0019668419124220793,0.0019668419124220793,other-body-box,False,True
69,ground,left_ankle_roll_sphere_3_link,world,left_ankle_roll_sphere_3_link,-0.0009779220073049847,0.0009779220073049847,foot-ground,True,False
70,right_rubber_hand_link,largebox,right_rubber_hand_link,largebox_link,-0.001376950187723977,0.001376950187723977,hand-box,True,False
70,ground,left_ankle_roll_link,world,left_ankle_roll_link,-0.0019279273964458062,0.0019279273964458062,foot-ground,True,False
70,left_knee_link,left_ankle_roll_link,left_knee_link,left_ankle_roll_link,-0.030830218933456638,0.030830218933456638,self-collision,False,False
70,torso_link,largebox,torso_link,largebox_link,-0.0007307404002405149,0.0007307404002405149,other-body-box,False,True
70,left_rubber_hand_link,largebox,left_rubber_hand_link,largebox_link,-0.0005047463352372827,0.0005047463352372827,hand-box,True,False
70,left_ankle_intermediate_1_link,left_ankle_roll_link,left_ankle_intermediate_1_link,left_ankle_roll_link,-0.003121007303182599,0.003121007303182599,self-collision,False,False
70,left_wrist_yaw_link,largebox,left_wrist_yaw_link,largebox_link,-0.0028737330388211996,0.0028737330388211996,other-body-box,False,True
70,right_knee_link,right_ankle_roll_link,right_knee_link,right_ankle_roll_link,-0.044694027277140475,0.044694027277140475,self-collision,False,False
70,ground,left_ankle_roll_sphere_3_link,world,left_ankle_roll_sphere_3_link,-0.0009859670105724179,0.0009859670105724179,foot-ground,True,False
70,right_ankle_intermediate_1_link,right_ankle_roll_link,right_ankle_intermediate_1_link,right_ankle_roll_link,-0.0007854472304425625,0.0007854472304425625,self-collision,False,False
70,ground,left_ankle_roll_sphere_1_link,world,left_ankle_roll_sphere_1_link,-0.00022010225358712592,0.00022010225358712592,foot-ground,True,False
71,ground,left_ankle_roll_link,world,left_ankle_roll_link,-0.0014340980681599932,0.0014340980681599932,foot-ground,True,False
71,left_knee_link,left_ankle_roll_link,left_knee_link,left_ankle_roll_link,-0.033105807653791924,0.033105807653791924,self-collision,False,False
71,torso_link,largebox,torso_link,largebox_link,-0.001021033400438659,0.001021033400438659,other-body-box,False,True
71,left_rubber_hand_link,largebox,left_rubber_hand_link,largebox_link,-0.0016056727076668303,0.0016056727076668303,hand-box,True,False
71,left_ankle_intermediate_1_link,left_ankle_roll_link,left_ankle_intermediate_1_link,left_ankle_roll_link,-0.0029686914953342414,0.0029686914953342414,self-collision,False,False
71,right_knee_link,right_ankle_roll_link,right_knee_link,right_ankle_roll_link,-0.04129512660556564,0.04129512660556564,self-collision,False,False
71,ground,left_ankle_roll_sphere_3_link,world,left_ankle_roll_sphere_3_link,-0.0007740326069776106,0.0007740326069776106,foot-ground,True,False
71,ground,left_ankle_roll_sphere_1_link,world,left_ankle_roll_sphere_1_link,-0.00020486207553836993,0.00020486207553836993,foot-ground,True,False
72,ground,left_ankle_roll_link,world,left_ankle_roll_link,-0.0014607387507154027,0.0014607387507154027,foot-ground,True,False
72,ground,left_ankle_roll_sphere_5_link,world,left_ankle_roll_sphere_5_link,-0.00030166641378981656,0.00030166641378981656,foot-ground,True,False
72,left_knee_link,left_ankle_roll_link,left_knee_link,left_ankle_roll_link,-0.03444348465301461,0.03444348465301461,self-collision,False,False
72,torso_link,largebox,torso_link,largebox_link,-0.0009124142497206472,0.0009124142497206472,other-body-box,False,True
72,left_rubber_hand_link,largebox,left_rubber_hand_link,largebox_link,-0.0014270591276606681,0.0014270591276606681,hand-box,True,False
72,right_knee_link,right_ankle_roll_link,right_knee_link,right_ankle_roll_link,-0.03644580276452261,0.03644580276452261,self-collision,False,False
72,ground,left_ankle_roll_sphere_3_link,world,left_ankle_roll_sphere_3_link,-0.0009759316600349696,0.0009759316600349696,foot-ground,True,False
72,ground,left_ankle_roll_sphere_1_link,world,left_ankle_roll_sphere_1_link,-0.0004973344081733574,0.0004973344081733574,foot-ground,True,False
73,ground,left_ankle_roll_link,world,left_ankle_roll_link,-0.0014088849659914526,0.0014088849659914526,foot-ground,True,False
73,ground,left_ankle_roll_sphere_5_link,world,left_ankle_roll_sphere_5_link,-0.000997125278842134,0.000997125278842134,foot-ground,True,False
73,left_knee_link,left_ankle_roll_link,left_knee_link,left_ankle_roll_link,-0.03524948467973307,0.03524948467973307,self-collision,False,False
73,torso_link,largebox,torso_link,largebox_link,-0.0009109742858611491,0.0009109742858611491,other-body-box,False,True
73,left_rubber_hand_link,largebox,left_rubber_hand_link,largebox_link,-0.0011683456732785036,0.0011683456732785036,hand-box,True,False
73,right_knee_link,right_ankle_roll_link,right_knee_link,right_ankle_roll_link,-0.03462830747575729,0.03462830747575729,self-collision,False,False
73,ground,left_ankle_roll_sphere_3_link,world,left_ankle_roll_sphere_3_link,-0.0009973016146859184,0.0009973016146859184,foot-ground,True,False
73,ground,left_ankle_roll_sphere_1_link,world,left_ankle_roll_sphere_1_link,-0.0006589547756825553,0.0006589547756825553,foot-ground,True,False
73,ground,left_ankle_roll_sphere_4_link,world,left_ankle_roll_sphere_4_link,-0.0009188756853761781,0.0009188756853761781,foot-ground,True,False
73,ground,left_ankle_roll_sphere_2_link,world,left_ankle_roll_sphere_2_link,-0.0005935998345911039,0.0005935998345911039,foot-ground,True,False
74,right_rubber_hand_link,largebox,right_rubber_hand_link,largebox_link,-0.0004190920543101079,0.0004190920543101079,hand-box,True,False
74,ground,left_ankle_roll_sphere_5_link,world,left_ankle_roll_sphere_5_link,-0.0009983185972648459,0.0009983185972648459,foot-ground,True,False
74,torso_link,largebox,torso_link,largebox_link,-0.0009824192755716749,0.0009824192755716749,other-body-box,False,True
74,ground,left_ankle_roll_sphere_1_link,world,left_ankle_roll_sphere_1_link,-0.0005967077542006821,0.0005967077542006821,foot-ground,True,False
74,ground,left_ankle_roll_sphere_2_link,world,left_ankle_roll_sphere_2_link,-0.0006618122750381107,0.0006618122750381107,foot-ground,True,False
74,right_knee_link,right_ankle_roll_link,right_knee_link,right_ankle_roll_link,-0.034467539479069914,0.034467539479069914,self-collision,False,False
74,ground,left_ankle_roll_link,world,left_ankle_roll_link,-0.0014100023197446757,0.0014100023197446757,foot-ground,True,False
74,left_knee_link,left_ankle_roll_link,left_knee_link,left_ankle_roll_link,-0.03599616554265786,0.03599616554265786,self-collision,False,False
74,left_rubber_hand_link,largebox,left_rubber_hand_link,largebox_link,-0.0008826017772534805,0.0008826017772534805,hand-box,True,False
74,ground,left_ankle_roll_sphere_3_link,world,left_ankle_roll_sphere_3_link,-0.000920407612904974,0.000920407612904974,foot-ground,True,False
74,ground,left_ankle_roll_sphere_4_link,world,left_ankle_roll_sphere_4_link,-0.000998533037909889,0.000998533037909889,foot-ground,True,False
75,right_rubber_hand_link,largebox,right_rubber_hand_link,largebox_link,-0.00038923636033925957,0.00038923636033925957,hand-box,True,False
75,ground,left_ankle_roll_sphere_5_link,world,left_ankle_roll_sphere_5_link,-0.0009982842387093486,0.0009982842387093486,foot-ground,True,False
75,torso_link,largebox,torso_link,largebox_link,-0.0009905658856065314,0.0009905658856065314,other-body-box,False,True
75,ground,left_ankle_roll_sphere_1_link,world,left_ankle_roll_sphere_1_link,-0.0005775378666437658,0.0005775378666437658,foot-ground,True,False
75,ground,left_ankle_roll_sphere_2_link,world,left_ankle_roll_sphere_2_link,-0.0006467681877628693,0.0006467681877628693,foot-ground,True,False
75,right_knee_link,right_ankle_roll_link,right_knee_link,right_ankle_roll_link,-0.034861799304829966,0.034861799304829966,self-collision,False,False
75,ground,left_ankle_roll_link,world,left_ankle_roll_link,-0.001411153826120684,0.001411153826120684,foot-ground,True,False
75,left_knee_link,left_ankle_roll_link,left_knee_link,left_ankle_roll_link,-0.036174899905319774,0.036174899905319774,self-collision,False,False
75,left_rubber_hand_link,largebox,left_rubber_hand_link,largebox_link,-0.0009211857193206635,0.0009211857193206635,hand-box,True,False
75,ground,left_ankle_roll_sphere_3_link,world,left_ankle_roll_sphere_3_link,-0.0009161006553530414,0.0009161006553530414,foot-ground,True,False
75,ground,left_ankle_roll_sphere_4_link,world,left_ankle_roll_sphere_4_link,-0.0009991770406959635,0.0009991770406959635,foot-ground,True,False
76,right_rubber_hand_link,largebox,right_rubber_hand_link,largebox_link,-0.0002932869655527248,0.0002932869655527248,hand-box,True,False
76,ground,left_ankle_roll_sphere_5_link,world,left_ankle_roll_sphere_5_link,-0.0008076845408344175,0.0008076845408344175,foot-ground,True,False
76,torso_link,largebox,torso_link,largebox_link,-0.0009634794136966218,0.0009634794136966218,other-body-box,False,True
76,ground,left_ankle_roll_sphere_1_link,world,left_ankle_roll_sphere_1_link,-0.0006907063461608276,0.0006907063461608276,foot-ground,True,False
76,left_ankle_roll_link,right_ankle_roll_link,left_ankle_roll_link,right_ankle_roll_link,-0.02914945250841905,0.02914945250841905,self-collision,False,False
76,ground,left_ankle_roll_sphere_2_link,world,left_ankle_roll_sphere_2_link,-0.0010019064524101643,0.0010019064524101643,foot-ground,True,False
76,left_ankle_roll_link,right_ankle_roll_sphere_3_link,left_ankle_roll_link,right_ankle_roll_sphere_3_link,-0.009580078207505935,0.009580078207505935,self-collision,False,False
76,right_knee_link,right_ankle_roll_link,right_knee_link,right_ankle_roll_link,-0.03579548751770201,0.03579548751770201,self-collision,False,False
76,ground,left_ankle_roll_link,world,left_ankle_roll_link,-0.001452745639930919,0.001452745639930919,foot-ground,True,False
76,left_knee_link,left_ankle_roll_link,left_knee_link,left_ankle_roll_link,-0.03674686649356865,0.03674686649356865,self-collision,False,False
76,left_rubber_hand_link,largebox,left_rubber_hand_link,largebox_link,-0.0010584846889657995,0.0010584846889657995,hand-box,True,False
76,ground,left_ankle_roll_sphere_3_link,world,left_ankle_roll_sphere_3_link,-0.0006250299358691374,0.0006250299358691374,foot-ground,True,False
76,ground,left_ankle_roll_sphere_4_link,world,left_ankle_roll_sphere_4_link,-0.0009984700633683423,0.0009984700633683423,foot-ground,True,False
76,left_ankle_roll_sphere_2_link,right_ankle_roll_link,left_ankle_roll_sphere_2_link,right_ankle_roll_link,-0.015617635409886532,0.015617635409886532,self-collision,False,False
77,right_rubber_hand_link,largebox,right_rubber_hand_link,largebox_link,-0.0011680188839085365,0.0011680188839085365,hand-box,True,False
77,ground,left_ankle_roll_sphere_5_link,world,left_ankle_roll_sphere_5_link,-0.0009978287521176616,0.0009978287521176616,foot-ground,True,False
77,torso_link,largebox,torso_link,largebox_link,-0.0008695048070358757,0.0008695048070358757,other-body-box,False,True
77,ground,right_ankle_roll_link,world,right_ankle_roll_link,-0.000563390071716352,0.000563390071716352,foot-ground,True,False
77,left_knee_link,right_ankle_roll_link,left_knee_link,right_ankle_roll_link,-0.004550568268507207,0.004550568268507207,self-collision,False,False
77,ground,left_ankle_roll_sphere_1_link,world,left_ankle_roll_sphere_1_link,-0.0005756600845413058,0.0005756600845413058,foot-ground,True,False
77,left_ankle_roll_link,right_ankle_roll_link,left_ankle_roll_link,right_ankle_roll_link,-0.02358732117600433,0.02358732117600433,self-collision,False,False
77,ground,left_ankle_roll_sphere_2_link,world,left_ankle_roll_sphere_2_link,-0.0006448121065283285,0.0006448121065283285,foot-ground,True,False
77,right_knee_link,right_ankle_roll_link,right_knee_link,right_ankle_roll_link,-0.035973139627032025,0.035973139627032025,self-collision,False,False
77,ground,left_ankle_roll_link,world,left_ankle_roll_link,-0.0014106412035559054,0.0014106412035559054,foot-ground,True,False
77,left_knee_link,left_ankle_roll_link,left_knee_link,left_ankle_roll_link,-0.037394823040626274,0.037394823040626274,self-collision,False,False
77,left_rubber_hand_link,largebox,left_rubber_hand_link,largebox_link,-0.0008931127866176614,0.0008931127866176614,hand-box,True,False
77,ground,left_ankle_roll_sphere_3_link,world,left_ankle_roll_sphere_3_link,-0.0009155383119167282,0.0009155383119167282,foot-ground,True,False
77,ground,left_ankle_roll_sphere_4_link,world,left_ankle_roll_sphere_4_link,-0.0009985207383011547,0.0009985207383011547,foot-ground,True,False
78,right_rubber_hand_link,largebox,right_rubber_hand_link,largebox_link,-0.0013257572880158164,0.0013257572880158164,hand-box,True,False
78,ground,left_ankle_roll_sphere_5_link,world,left_ankle_roll_sphere_5_link,-0.0009983023595478277,0.0009983023595478277,foot-ground,True,False
78,torso_link,largebox,torso_link,largebox_link,-0.0007046619569454488,0.0007046619569454488,other-body-box,False,True
78,ground,right_ankle_roll_link,world,right_ankle_roll_link,-0.0010966585892296585,0.0010966585892296585,foot-ground,True,False
78,left_knee_link,right_ankle_roll_link,left_knee_link,right_ankle_roll_link,-0.003779562338729142,0.003779562338729142,self-collision,False,False
78,ground,left_ankle_roll_sphere_1_link,world,left_ankle_roll_sphere_1_link,-0.0005753392847923323,0.0005753392847923323,foot-ground,True,False
78,left_ankle_roll_link,right_ankle_roll_link,left_ankle_roll_link,right_ankle_roll_link,-0.014383386556048913,0.014383386556048913,self-collision,False,False
78,ground,right_ankle_roll_sphere_3_link,world,right_ankle_roll_sphere_3_link,-0.0004292513808766161,0.0004292513808766161,foot-ground,True,False
78,ground,left_ankle_roll_sphere_2_link,world,left_ankle_roll_sphere_2_link,-0.0006448607156760286,0.0006448607156760286,foot-ground,True,False
78,right_knee_link,right_ankle_roll_link,right_knee_link,right_ankle_roll_link,-0.03684462348591172,0.03684462348591172,self-collision,False,False
78,left_ankle_roll_link,right_ankle_roll_sphere_1_link,left_ankle_roll_link,right_ankle_roll_sphere_1_link,-0.04521382618882602,0.04521382618882602,self-collision,False,False
78,ground,left_ankle_roll_link,world,left_ankle_roll_link,-0.0014112388088163737,0.0014112388088163737,foot-ground,True,False
78,left_knee_link,left_ankle_roll_link,left_knee_link,left_ankle_roll_link,-0.03809365425758193,0.03809365425758193,self-collision,False,False
78,left_rubber_hand_link,largebox,left_rubber_hand_link,largebox_link,-0.0011287550554426873,0.0011287550554426873,hand-box,True,False
78,ground,left_ankle_roll_sphere_3_link,world,left_ankle_roll_sphere_3_link,-0.0009157260947740683,0.0009157260947740683,foot-ground,True,False
78,ground,left_ankle_roll_sphere_4_link,world,left_ankle_roll_sphere_4_link,-0.0009991518118345052,0.0009991518118345052,foot-ground,True,False
79,ground,left_ankle_roll_sphere_5_link,world,left_ankle_roll_sphere_5_link,-0.0010000225985993946,0.0010000225985993946,foot-ground,True,False
79,torso_link,largebox,torso_link,largebox_link,-0.0009631855756349894,0.0009631855756349894,other-body-box,False,True
79,ground,right_ankle_roll_link,world,right_ankle_roll_link,-0.0016630694257243617,0.0016630694257243617,foot-ground,True,False
79,ground,left_ankle_roll_sphere_1_link,world,left_ankle_roll_sphere_1_link,-0.0005778926846944079,0.0005778926846944079,foot-ground,True,False
79,ground,left_ankle_roll_sphere_2_link,world,left_ankle_roll_sphere_2_link,-0.00064769391619605,0.00064769391619605,foot-ground,True,False
79,right_knee_link,right_ankle_roll_link,right_knee_link,right_ankle_roll_link,-0.03440903789142874,0.03440903789142874,self-collision,False,False
79,ground,left_ankle_roll_link,world,left_ankle_roll_link,-0.0014130807987363589,0.0014130807987363589,foot-ground,True,False
79,left_knee_link,left_ankle_roll_link,left_knee_link,left_ankle_roll_link,-0.038495792528247946,0.038495792528247946,self-collision,False,False
79,left_rubber_hand_link,largebox,left_rubber_hand_link,largebox_link,-0.0011065679736963485,0.0011065679736963485,hand-box,True,False
79,ground,left_ankle_roll_sphere_3_link,world,left_ankle_roll_sphere_3_link,-0.0009173808809453425,0.0009173808809453425,foot-ground,True,False
79,ground,right_ankle_roll_sphere_1_link,world,right_ankle_roll_sphere_1_link,-0.0009510894213537345,0.0009510894213537345,foot-ground,True,False
79,ground,left_ankle_roll_sphere_4_link,world,left_ankle_roll_sphere_4_link,-0.0010011423587473122,0.0010011423587473122,foot-ground,True,False
80,right_rubber_hand_link,largebox,right_rubber_hand_link,largebox_link,-0.0014942340433834606,0.0014942340433834606,hand-box,True,False
80,ground,left_ankle_roll_sphere_5_link,world,left_ankle_roll_sphere_5_link,-0.0010041019504639986,0.0010041019504639986,foot-ground,True,False
80,torso_link,largebox,torso_link,largebox_link,-0.000929163566989924,0.000929163566989924,other-body-box,False,True
80,ground,right_ankle_roll_link,world,right_ankle_roll_link,-0.0012983933372848824,0.0012983933372848824,foot-ground,True,False
80,ground,left_ankle_roll_sphere_1_link,world,left_ankle_roll_sphere_1_link,-0.0006625278170382795,0.0006625278170382795,foot-ground,True,False
80,ground,left_ankle_roll_sphere_2_link,world,left_ankle_roll_sphere_2_link,-0.0006005346397305314,0.0006005346397305314,foot-ground,True,False
80,right_knee_link,right_ankle_roll_link,right_knee_link,right_ankle_roll_link,-0.02822975345792131,0.02822975345792131,self-collision,False,False
80,right_ankle_intermediate_1_link,right_ankle_roll_link,right_ankle_intermediate_1_link,right_ankle_roll_link,-0.0027712170609271586,0.0027712170609271586,self-collision,False,False
80,ground,left_ankle_roll_link,world,left_ankle_roll_link,-0.001414588389363848,0.001414588389363848,foot-ground,True,False
80,left_knee_link,left_ankle_roll_link,left_knee_link,left_ankle_roll_link,-0.03912057382827258,0.03912057382827258,self-collision,False,False
80,left_rubber_hand_link,largebox,left_rubber_hand_link,largebox_link,-0.0012173562008315902,0.0012173562008315902,hand-box,True,False
80,ground,left_ankle_roll_sphere_3_link,world,left_ankle_roll_sphere_3_link,-0.0010020798861034253,0.0010020798861034253,foot-ground,True,False
80,ground,right_ankle_roll_sphere_1_link,world,right_ankle_roll_sphere_1_link,-0.0007829537026677975,0.0007829537026677975,foot-ground,True,False
80,ground,left_ankle_roll_sphere_4_link,world,left_ankle_roll_sphere_4_link,-0.000927688073334129,0.000927688073334129,foot-ground,True,False
81,ground,right_ankle_roll_sphere_2_link,world,right_ankle_roll_sphere_2_link,-0.0006237004988959424,0.0006237004988959424,foot-ground,True,False
81,right_rubber_hand_link,largebox,right_rubber_hand_link,largebox_link,-2.9920324938648157e-05,2.9920324938648157e-05,hand-box,True,False
81,ground,left_ankle_roll_sphere_5_link,world,left_ankle_roll_sphere_5_link,-0.0010022311177100762,0.0010022311177100762,foot-ground,True,False
81,torso_link,largebox,torso_link,largebox_link,-0.0009857428956597941,0.0009857428956597941,other-body-box,False,True
81,ground,right_ankle_roll_link,world,right_ankle_roll_link,-0.0011094320975074366,0.0011094320975074366,foot-ground,True,False
81,ground,left_ankle_roll_sphere_1_link,world,left_ankle_roll_sphere_1_link,-0.0006625695273624844,0.0006625695273624844,foot-ground,True,False
81,ground,right_ankle_roll_sphere_3_link,world,right_ankle_roll_sphere_3_link,-9.5150526310382e-05,9.5150526310382e-05,foot-ground,True,False
81,ground,left_ankle_roll_sphere_2_link,world,left_ankle_roll_sphere_2_link,-0.0005993671375252091,0.0005993671375252091,foot-ground,True,False
81,ground,right_ankle_roll_sphere_4_link,world,right_ankle_roll_sphere_4_link,-3.883324529240558e-05,3.883324529240558e-05,foot-ground,True,False
81,right_knee_link,right_ankle_roll_link,right_knee_link,right_ankle_roll_link,-0.023919970600506477,0.023919970600506477,self-collision,False,False
81,right_ankle_intermediate_1_link,right_ankle_roll_link,right_ankle_intermediate_1_link,right_ankle_roll_link,-0.0024383496557130874,0.0024383496557130874,self-collision,False,False
81,ground,left_ankle_roll_link,world,left_ankle_roll_link,-0.0014131825004947002,0.0014131825004947002,foot-ground,True,False
81,left_knee_link,left_ankle_roll_link,left_knee_link,left_ankle_roll_link,-0.03937317599203172,0.03937317599203172,self-collision,False,False
81,left_rubber_hand_link,largebox,left_rubber_hand_link,largebox_link,-0.0012858932238041798,0.0012858932238041798,hand-box,True,False
81,ground,left_ankle_roll_sphere_3_link,world,left_ankle_roll_sphere_3_link,-0.001001072258426521,0.001001072258426521,foot-ground,True,False
81,ground,right_ankle_roll_sphere_1_link,world,right_ankle_roll_sphere_1_link,-0.0006706315664109222,0.0006706315664109222,foot-ground,True,False
81,ground,left_ankle_roll_sphere_4_link,world,left_ankle_roll_sphere_4_link,-0.0009252293906217941,0.0009252293906217941,foot-ground,True,False
82,ground,right_ankle_roll_sphere_2_link,world,right_ankle_roll_sphere_2_link,-0.00029105269720093845,0.00029105269720093845,foot-ground,True,False
82,right_rubber_hand_link,largebox,right_rubber_hand_link,largebox_link,-0.00023271177300387969,0.00023271177300387969,hand-box,True,False
82,ground,left_ankle_roll_sphere_5_link,world,left_ankle_roll_sphere_5_link,-0.0010023340480449497,0.0010023340480449497,foot-ground,True,False
82,torso_link,largebox,torso_link,largebox_link,-0.0009654301500338497,0.0009654301500338497,other-body-box,False,True
82,ground,right_ankle_roll_link,world,right_ankle_roll_link,-0.000759842089263163,0.000759842089263163,foot-ground,True,False
82,ground,left_ankle_roll_sphere_1_link,world,left_ankle_roll_sphere_1_link,-0.0006658364176329755,0.0006658364176329755,foot-ground,True,False
82,ground,left_ankle_roll_sphere_2_link,world,left_ankle_roll_sphere_2_link,-0.0006014262149381588,0.0006014262149381588,foot-ground,True,False
82,right_knee_link,right_ankle_roll_link,right_knee_link,right_ankle_roll_link,-0.022055691364151767,0.022055691364151767,self-collision,False,False
82,right_ankle_intermediate_1_link,right_ankle_roll_link,right_ankle_intermediate_1_link,right_ankle_roll_link,-0.004597156913383166,0.004597156913383166,self-collision,False,False
82,ground,left_ankle_roll_link,world,left_ankle_roll_link,-0.0014137845508224028,0.0014137845508224028,foot-ground,True,False
82,left_knee_link,left_ankle_roll_link,left_knee_link,left_ankle_roll_link,-0.03981003318695364,0.03981003318695364,self-collision,False,False
82,left_rubber_hand_link,largebox,left_rubber_hand_link,largebox_link,-0.0012502353632899144,0.0012502353632899144,hand-box,True,False
82,ground,left_ankle_roll_sphere_3_link,world,left_ankle_roll_sphere_3_link,-0.00100216935579243,0.00100216935579243,foot-ground,True,False
82,ground,left_ankle_roll_sphere_4_link,world,left_ankle_roll_sphere_4_link,-0.0009248771125586535,0.0009248771125586535,foot-ground,True,False
83,ground,right_ankle_roll_sphere_2_link,world,right_ankle_roll_sphere_2_link,-0.0009161141003501847,0.0009161141003501847,foot-ground,True,False
83,right_rubber_hand_link,largebox,right_rubber_hand_link,largebox_link,-0.00011926982859060409,0.00011926982859060409,hand-box,True,False
83,ground,left_ankle_roll_sphere_5_link,world,left_ankle_roll_sphere_5_link,-0.0009965261989025058,0.0009965261989025058,foot-ground,True,False
83,torso_link,largebox,torso_link,largebox_link,-0.0009676736324778779,0.0009676736324778779,other-body-box,False,True
83,ground,right_ankle_roll_link,world,right_ankle_roll_link,-0.0016295864903046048,0.0016295864903046048,foot-ground,True,False
83,ground,left_ankle_roll_sphere_1_link,world,left_ankle_roll_sphere_1_link,-0.0006598418168636986,0.0006598418168636986,foot-ground,True,False
83,ground,left_ankle_roll_sphere_2_link,world,left_ankle_roll_sphere_2_link,-0.0005951656409075292,0.0005951656409075292,foot-ground,True,False
83,right_knee_link,right_ankle_roll_link,right_knee_link,right_ankle_roll_link,-0.021025975147825185,0.021025975147825185,self-collision,False,False
83,right_ankle_intermediate_1_link,right_ankle_roll_link,right_ankle_intermediate_1_link,right_ankle_roll_link,-0.004947785638976868,0.004947785638976868,self-collision,False,False
83,ground,left_ankle_roll_link,world,left_ankle_roll_link,-0.0014080693989887774,0.0014080693989887774,foot-ground,True,False
83,left_knee_link,left_ankle_roll_link,left_knee_link,left_ankle_roll_link,-0.040551346715120534,0.040551346715120534,self-collision,False,False
83,left_rubber_hand_link,largebox,left_rubber_hand_link,largebox_link,-0.0012150341490912986,0.0012150341490912986,hand-box,True,False
83,ground,left_ankle_roll_sphere_3_link,world,left_ankle_roll_sphere_3_link,-0.0009964874339481134,0.0009964874339481134,foot-ground,True,False
83,ground,left_ankle_roll_sphere_4_link,world,left_ankle_roll_sphere_4_link,-0.0009188760228007109,0.0009188760228007109,foot-ground,True,False
84,ground,right_ankle_roll_sphere_2_link,world,right_ankle_roll_sphere_2_link,-0.0009814820387321092,0.0009814820387321092,foot-ground,True,False
84,ground,left_ankle_roll_sphere_5_link,world,left_ankle_roll_sphere_5_link,-0.000571913584966363,0.000571913584966363,foot-ground,True,False
84,torso_link,largebox,torso_link,largebox_link,-0.0009860147667767605,0.0009860147667767605,other-body-box,False,True
84,ground,right_ankle_roll_link,world,right_ankle_roll_link,-0.0017397968368681078,0.0017397968368681078,foot-ground,True,False
84,ground,left_ankle_roll_sphere_1_link,world,left_ankle_roll_sphere_1_link,-3.8493395386504474e-05,3.8493395386504474e-05,foot-ground,True,False
84,right_knee_link,right_ankle_roll_link,right_knee_link,right_ankle_roll_link,-0.021564838474150888,0.021564838474150888,self-collision,False,False
84,right_ankle_intermediate_1_link,right_ankle_roll_link,right_ankle_intermediate_1_link,right_ankle_roll_link,-0.004714091669018164,0.004714091669018164,self-collision,False,False
84,ground,left_ankle_roll_link,world,left_ankle_roll_link,-0.0009992203852058207,0.0009992203852058207,foot-ground,True,False
84,left_knee_link,left_ankle_roll_link,left_knee_link,left_ankle_roll_link,-0.04143751741650578,0.04143751741650578,self-collision,False,False
84,left_rubber_hand_link,largebox,left_rubber_hand_link,largebox_link,-0.0012233196111692823,0.0012233196111692823,hand-box,True,False
84,ground,left_ankle_roll_sphere_3_link,world,left_ankle_roll_sphere_3_link,-0.0005805723053972497,0.0005805723053972497,foot-ground,True,False
84,ground,left_ankle_roll_sphere_4_link,world,left_ankle_roll_sphere_4_link,-0.0004384927591649509,0.0004384927591649509,foot-ground,True,False
85,ground,right_ankle_roll_sphere_2_link,world,right_ankle_roll_sphere_2_link,-0.0009877254294517425,0.0009877254294517425,foot-ground,True,False
85,right_rubber_hand_link,largebox,right_rubber_hand_link,largebox_link,-3.6842644544787806e-05,3.6842644544787806e-05,hand-box,True,False
85,ground,left_ankle_roll_sphere_5_link,world,left_ankle_roll_sphere_5_link,-0.0005371399608013012,0.0005371399608013012,foot-ground,True,False
85,torso_link,largebox,torso_link,largebox_link,-0.0009614648960346445,0.0009614648960346445,other-body-box,False,True
85,ground,right_ankle_roll_link,world,right_ankle_roll_link,-0.0017376501439154042,0.0017376501439154042,foot-ground,True,False
85,right_knee_link,right_ankle_roll_link,right_knee_link,right_ankle_roll_link,-0.022448690678753977,0.022448690678753977,self-collision,False,False
85,right_ankle_intermediate_1_link,right_ankle_roll_link,right_ankle_intermediate_1_link,right_ankle_roll_link,-0.004436368782226349,0.004436368782226349,self-collision,False,False
85,ground,left_ankle_roll_link,world,left_ankle_roll_link,-0.0009985007387727299,0.0009985007387727299,foot-ground,True,False
85,left_knee_link,left_ankle_roll_link,left_knee_link,left_ankle_roll_link,-0.04147706841982232,0.04147706841982232,self-collision,False,False
85,left_rubber_hand_link,largebox,left_rubber_hand_link,largebox_link,-0.0011316687492693156,0.0011316687492693156,hand-box,True,False
86,ground,right_ankle_roll_sphere_2_link,world,right_ankle_roll_sphere_2_link,-0.000988867229684924,0.000988867229684924,foot-ground,True,False
86,torso_link,largebox,torso_link,largebox_link,-0.0009754536821874604,0.0009754536821874604,other-body-box,False,True
86,ground,right_ankle_roll_link,world,right_ankle_roll_link,-0.0017126039408200747,0.0017126039408200747,foot-ground,True,False
86,right_knee_link,right_ankle_roll_link,right_knee_link,right_ankle_roll_link,-0.023409656563550804,0.023409656563550804,self-collision,False,False
86,right_ankle_intermediate_1_link,right_ankle_roll_link,right_ankle_intermediate_1_link,right_ankle_roll_link,-0.002158176501716305,0.002158176501716305,self-collision,False,False
86,left_knee_link,left_ankle_roll_link,left_knee_link,left_ankle_roll_link,-0.04172080512451656,0.04172080512451656,self-collision,False,False
86,left_rubber_hand_link,largebox,left_rubber_hand_link,largebox_link,-0.0013409761043557955,0.0013409761043557955,hand-box,True,False
87,ground,right_ankle_roll_sphere_2_link,world,right_ankle_roll_sphere_2_link,-0.0009910196742851885,0.0009910196742851885,foot-ground,True,False
87,torso_link,largebox,torso_link,largebox_link,-0.0009170143136567749,0.0009170143136567749,other-body-box,False,True
87,ground,right_ankle_roll_link,world,right_ankle_roll_link,-0.001696943240882931,0.001696943240882931,foot-ground,True,False
87,right_knee_link,right_ankle_roll_link,right_knee_link,right_ankle_roll_link,-0.02465525547069708,0.02465525547069708,self-collision,False,False
87,right_ankle_intermediate_1_link,right_ankle_roll_link,right_ankle_intermediate_1_link,right_ankle_roll_link,-0.0026486334663205074,0.0026486334663205074,self-collision,False,False
87,left_knee_link,left_ankle_roll_link,left_knee_link,left_ankle_roll_link,-0.04178616669980617,0.04178616669980617,self-collision,False,False
87,left_rubber_hand_link,largebox,left_rubber_hand_link,largebox_link,-0.001099716990150948,0.001099716990150948,hand-box,True,False
88,ground,right_ankle_roll_sphere_2_link,world,right_ankle_roll_sphere_2_link,-0.0009904718600071928,0.0009904718600071928,foot-ground,True,False
88,torso_link,largebox,torso_link,largebox_link,-0.0009183448711309189,0.0009183448711309189,other-body-box,False,True
88,ground,right_ankle_roll_link,world,right_ankle_roll_link,-0.001658420744438796,0.001658420744438796,foot-ground,True,False
88,right_knee_link,right_ankle_roll_link,right_knee_link,right_ankle_roll_link,-0.02723041832321882,0.02723041832321882,self-collision,False,False
88,right_ankle_intermediate_1_link,right_ankle_roll_link,right_ankle_intermediate_1_link,right_ankle_roll_link,-0.0033823739760242,0.0033823739760242,self-collision,False,False
88,left_knee_link,left_ankle_roll_link,left_knee_link,left_ankle_roll_link,-0.04234830904598247,0.04234830904598247,self-collision,False,False
88,left_rubber_hand_link,largebox,left_rubber_hand_link,largebox_link,-0.0014278450780802199,0.0014278450780802199,hand-box,True,False
89,ground,right_ankle_roll_sphere_2_link,world,right_ankle_roll_sphere_2_link,-0.0009397389746506916,0.0009397389746506916,foot-ground,True,False
89,left_knee_link,left_ankle_roll_link,left_knee_link,left_ankle_roll_link,-0.040384547970735735,0.040384547970735735,self-collision,False,False
89,torso_link,largebox,torso_link,largebox_link,-0.0009372504197849851,0.0009372504197849851,other-body-box,False,True
89,left_rubber_hand_link,largebox,left_rubber_hand_link,largebox_link,-0.0010661023752880222,0.0010661023752880222,hand-box,True,False
89,ground,right_ankle_roll_link,world,right_ankle_roll_link,-0.0015368740287548671,0.0015368740287548671,foot-ground,True,False
89,right_knee_link,right_ankle_roll_link,right_knee_link,right_ankle_roll_link,-0.02931069510987372,0.02931069510987372,self-collision,False,False
89,right_ankle_intermediate_1_link,right_ankle_roll_link,right_ankle_intermediate_1_link,right_ankle_roll_link,-0.00327612339635798,0.00327612339635798,self-collision,False,False
90,ground,right_ankle_roll_sphere_2_link,world,right_ankle_roll_sphere_2_link,-0.0009859738460143803,0.0009859738460143803,foot-ground,True,False
90,left_knee_link,left_ankle_roll_link,left_knee_link,left_ankle_roll_link,-0.03691838706545378,0.03691838706545378,self-collision,False,False
90,torso_link,largebox,torso_link,largebox_link,-0.0009356545552460654,0.0009356545552460654,other-body-box,False,True
90,left_rubber_hand_link,largebox,left_rubber_hand_link,largebox_link,-0.0010684097265362957,0.0010684097265362957,hand-box,True,False
90,ground,right_ankle_roll_link,world,right_ankle_roll_link,-0.0015136604591378389,0.0015136604591378389,foot-ground,True,False
90,right_knee_link,right_ankle_roll_link,right_knee_link,right_ankle_roll_link,-0.031113112162902218,0.031113112162902218,self-collision,False,False
90,right_ankle_intermediate_1_link,right_ankle_roll_link,right_ankle_intermediate_1_link,right_ankle_roll_link,-0.0031109858966631015,0.0031109858966631015,self-collision,False,False
91,ground,right_ankle_roll_sphere_4_link,world,right_ankle_roll_sphere_4_link,-0.0001639874780182361,0.0001639874780182361,foot-ground,True,False
91,ground,right_ankle_roll_sphere_2_link,world,right_ankle_roll_sphere_2_link,-0.001000647406755882,0.001000647406755882,foot-ground,True,False
91,left_knee_link,left_ankle_roll_link,left_knee_link,left_ankle_roll_link,-0.033207278020045194,0.033207278020045194,self-collision,False,False
91,torso_link,largebox,torso_link,largebox_link,-0.0009242781517752596,0.0009242781517752596,other-body-box,False,True
91,left_rubber_hand_link,largebox,left_rubber_hand_link,largebox_link,-0.0010087032328524592,0.0010087032328524592,hand-box,True,False
91,ground,right_ankle_roll_link,world,right_ankle_roll_link,-0.0014775984361871213,0.0014775984361871213,foot-ground,True,False
91,right_knee_link,right_ankle_roll_link,right_knee_link,right_ankle_roll_link,-0.03269059769435456,0.03269059769435456,self-collision,False,False
91,right_ankle_intermediate_1_link,right_ankle_roll_link,right_ankle_intermediate_1_link,right_ankle_roll_link,-0.00309137216316753,0.00309137216316753,self-collision,False,False
92,ground,right_ankle_roll_sphere_4_link,world,right_ankle_roll_sphere_4_link,-0.0004266878068572002,0.0004266878068572002,foot-ground,True,False
92,ground,right_ankle_roll_sphere_2_link,world,right_ankle_roll_sphere_2_link,-0.0009972433372432239,0.0009972433372432239,foot-ground,True,False
92,left_knee_link,left_ankle_roll_link,left_knee_link,left_ankle_roll_link,-0.031181135935137244,0.031181135935137244,self-collision,False,False
92,torso_link,largebox,torso_link,largebox_link,-0.0010492610358252136,0.0010492610358252136,other-body-box,False,True
92,left_rubber_hand_link,largebox,left_rubber_hand_link,largebox_link,-0.0009215955206418047,0.0009215955206418047,hand-box,True,False
92,left_ankle_intermediate_1_link,left_ankle_roll_link,left_ankle_intermediate_1_link,left_ankle_roll_link,-0.0019528682364979566,0.0019528682364979566,self-collision,False,False
92,left_wrist_yaw_link,largebox,left_wrist_yaw_link,largebox_link,-0.001066558389955341,0.001066558389955341,other-body-box,False,True
92,ground,right_ankle_roll_link,world,right_ankle_roll_link,-0.0014240714328468962,0.0014240714328468962,foot-ground,True,False
92,right_knee_link,right_ankle_roll_link,right_knee_link,right_ankle_roll_link,-0.0340486159121183,0.0340486159121183,self-collision,False,False
92,right_ankle_intermediate_1_link,right_ankle_roll_link,right_ankle_intermediate_1_link,right_ankle_roll_link,-0.003020641937649546,0.003020641937649546,self-collision,False,False
92,ground,right_ankle_roll_sphere_1_link,world,right_ankle_roll_sphere_1_link,-0.00015838255505649847,0.00015838255505649847,foot-ground,True,False
93,ground,right_ankle_roll_sphere_2_link,world,right_ankle_roll_sphere_2_link,-0.0009960502606406489,0.0009960502606406489,foot-ground,True,False
93,left_ankle_intermediate_1_link,left_ankle_roll_link,left_ankle_intermediate_1_link,left_ankle_roll_link,-0.002080602135978965,0.002080602135978965,self-collision,False,False
93,torso_link,largebox,torso_link,largebox_link,-0.000986529521670526,0.000986529521670526,other-body-box,False,True
93,ground,right_ankle_roll_link,world,right_ankle_roll_link,-0.0014489646345792126,0.0014489646345792126,foot-ground,True,False
93,ground,right_ankle_roll_sphere_3_link,world,right_ankle_roll_sphere_3_link,-0.0006235651887510725,0.0006235651887510725,foot-ground,True,False
93,ground,right_ankle_roll_sphere_4_link,world,right_ankle_roll_sphere_4_link,-0.0009958363409358168,0.0009958363409358168,foot-ground,True,False
93,ground,right_ankle_roll_sphere_5_link,world,right_ankle_roll_sphere_5_link,-0.0008060258806410646,0.0008060258806410646,foot-ground,True,False
93,right_knee_link,right_ankle_roll_link,right_knee_link,right_ankle_roll_link,-0.03491397152640777,0.03491397152640777,self-collision,False,False
93,left_knee_link,left_ankle_roll_link,left_knee_link,left_ankle_roll_link,-0.032111074935069456,0.032111074935069456,self-collision,False,False
93,left_rubber_hand_link,largebox,left_rubber_hand_link,largebox_link,-0.0011666663797422622,0.0011666663797422622,hand-box,True,False
93,ground,right_ankle_roll_sphere_1_link,world,right_ankle_roll_sphere_1_link,-0.0006858243004866952,0.0006858243004866952,foot-ground,True,False
94,ground,right_ankle_roll_sphere_2_link,world,right_ankle_roll_sphere_2_link,-0.0006459145579100793,0.0006459145579100793,foot-ground,True,False
94,right_rubber_hand_link,largebox,right_rubber_hand_link,largebox_link,-0.00036123940988100345,0.00036123940988100345,hand-box,True,False
94,torso_link,largebox,torso_link,largebox_link,-0.0009860538277520342,0.0009860538277520342,other-body-box,False,True
94,ground,right_ankle_roll_link,world,right_ankle_roll_link,-0.001409257161123851,0.001409257161123851,foot-ground,True,False
94,ground,right_ankle_roll_sphere_3_link,world,right_ankle_roll_sphere_3_link,-0.0009163818723491894,0.0009163818723491894,foot-ground,True,False
94,ground,right_ankle_roll_sphere_4_link,world,right_ankle_roll_sphere_4_link,-0.0009968780546843947,0.0009968780546843947,foot-ground,True,False
94,ground,right_ankle_roll_sphere_5_link,world,right_ankle_roll_sphere_5_link,-0.000997130608408523,0.000997130608408523,foot-ground,True,False
94,right_knee_link,right_ankle_roll_link,right_knee_link,right_ankle_roll_link,-0.03570290734030379,0.03570290734030379,self-collision,False,False
94,left_knee_link,left_ankle_roll_link,left_knee_link,left_ankle_roll_link,-0.03381012105691389,0.03381012105691389,self-collision,False,False
94,left_rubber_hand_link,largebox,left_rubber_hand_link,largebox_link,-0.0009178014394522205,0.0009178014394522205,hand-box,True,False
94,ground,right_ankle_roll_sphere_1_link,world,right_ankle_roll_sphere_1_link,-0.0005788344059640743,0.0005788344059640743,foot-ground,True,False
95,ground,right_ankle_roll_sphere_2_link,world,right_ankle_roll_sphere_2_link,-0.0006513463045988736,0.0006513463045988736,foot-ground,True,False
95,right_rubber_hand_link,largebox,right_rubber_hand_link,largebox_link,-0.000478131142442037,0.000478131142442037,hand-box,True,False
95,torso_link,largebox,torso_link,largebox_link,-0.0009541120499916705,0.0009541120499916705,other-body-box,False,True
95,ground,right_ankle_roll_link,world,right_ankle_roll_link,-0.0014078912726842065,0.0014078912726842065,foot-ground,True,False
95,left_ankle_roll_link,right_ankle_roll_link,left_ankle_roll_link,right_ankle_roll_link,-0.008297014083947798,0.008297014083947798,self-collision,False,False
95,ground,right_ankle_roll_sphere_3_link,world,right_ankle_roll_sphere_3_link,-0.0009172852626215767,0.0009172852626215767,foot-ground,True,False
95,ground,right_ankle_roll_sphere_4_link,world,right_ankle_roll_sphere_4_link,-0.0009957351703833326,0.0009957351703833326,foot-ground,True,False
95,ground,right_ankle_roll_sphere_5_link,world,right_ankle_roll_sphere_5_link,-0.0009962574369108057,0.0009962574369108057,foot-ground,True,False
95,right_knee_link,right_ankle_roll_link,right_knee_link,right_ankle_roll_link,-0.03655483604521184,0.03655483604521184,self-collision,False,False
95,left_knee_link,left_ankle_roll_link,left_knee_link,left_ankle_roll_link,-0.035443126492421595,0.035443126492421595,self-collision,False,False
95,left_rubber_hand_link,largebox,left_rubber_hand_link,largebox_link,-0.0009785554568697008,0.0009785554568697008,hand-box,True,False
95,ground,right_ankle_roll_sphere_1_link,world,right_ankle_roll_sphere_1_link,-0.0005859713814640758,0.0005859713814640758,foot-ground,True,False
96,ground,right_ankle_roll_sphere_2_link,world,right_ankle_roll_sphere_2_link,-0.000659999617865034,0.000659999617865034,foot-ground,True,False
96,right_rubber_hand_link,largebox,right_rubber_hand_link,largebox_link,-0.00044134950388430294,0.00044134950388430294,hand-box,True,False
96,torso_link,largebox,torso_link,largebox_link,-0.0009726401470662865,0.0009726401470662865,other-body-box,False,True
96,ground,right_ankle_roll_link,world,right_ankle_roll_link,-0.0014082523470500333,0.0014082523470500333,foot-ground,True,False
96,left_ankle_roll_link,right_ankle_roll_link,left_ankle_roll_link,right_ankle_roll_link,-0.017064585158004617,0.017064585158004617,self-collision,False,False
96,ground,right_ankle_roll_sphere_3_link,world,right_ankle_roll_sphere_3_link,-0.0009199080680911921,0.0009199080680911921,foot-ground,True,False
96,ground,right_ankle_roll_sphere_4_link,world,right_ankle_roll_sphere_4_link,-0.000996479771732484,0.000996479771732484,foot-ground,True,False
96,ground,right_ankle_roll_sphere_5_link,world,right_ankle_roll_sphere_5_link,-0.000997029117389958,0.000997029117389958,foot-ground,True,False
96,right_knee_link,right_ankle_roll_link,right_knee_link,right_ankle_roll_link,-0.03758726731288611,0.03758726731288611,self-collision,False,False
96,left_knee_link,left_ankle_roll_link,left_knee_link,left_ankle_roll_link,-0.036403124774866624,0.036403124774866624,self-collision,False,False
96,left_rubber_hand_link,largebox,left_rubber_hand_link,largebox_link,-0.0008656543696927699,0.0008656543696927699,hand-box,True,False
96,ground,right_ankle_roll_sphere_1_link,world,right_ankle_roll_sphere_1_link,-0.0005961898648306268,0.0005961898648306268,foot-ground,True,False
97,ground,right_ankle_roll_sphere_2_link,world,right_ankle_roll_sphere_2_link,-0.000658774936245071,0.000658774936245071,foot-ground,True,False
97,right_rubber_hand_link,largebox,right_rubber_hand_link,largebox_link,-0.0007074990125807146,0.0007074990125807146,hand-box,True,False
97,torso_link,largebox,torso_link,largebox_link,-0.0008930622914258418,0.0008930622914258418,other-body-box,False,True
97,left_ankle_roll_link,right_ankle_pitch_link,left_ankle_roll_link,right_ankle_pitch_link,-0.00735869110475719,0.00735869110475719,self-collision,False,False
97,ground,right_ankle_roll_link,world,right_ankle_roll_link,-0.0014091440680433533,0.0014091440680433533,foot-ground,True,False
97,left_ankle_roll_link,right_ankle_roll_link,left_ankle_roll_link,right_ankle_roll_link,-0.029960974712618244,0.029960974712618244,self-collision,False,False
97,ground,right_ankle_roll_sphere_3_link,world,right_ankle_roll_sphere_3_link,-0.0009205636726653281,0.0009205636726653281,foot-ground,True,False
97,ground,right_ankle_roll_sphere_4_link,world,right_ankle_roll_sphere_4_link,-0.0009971985265002014,0.0009971985265002014,foot-ground,True,False
97,ground,right_ankle_roll_sphere_5_link,world,right_ankle_roll_sphere_5_link,-0.0009979443175163567,0.0009979443175163567,foot-ground,True,False
97,right_knee_link,right_ankle_roll_link,right_knee_link,right_ankle_roll_link,-0.038370343066693735,0.038370343066693735,self-collision,False,False
97,left_ankle_roll_sphere_2_link,right_ankle_pitch_link,left_ankle_roll_sphere_2_link,right_ankle_pitch_link,-0.0013796398800758058,0.0013796398800758058,self-collision,False,False
97,left_ankle_roll_link,right_ankle_roll_sphere_1_link,left_ankle_roll_link,right_ankle_roll_sphere_1_link,-0.010130781226221339,0.010130781226221339,self-collision,False,False
97,ground,left_ankle_roll_link,world,left_ankle_roll_link,-0.0009829522902768187,0.0009829522902768187,foot-ground,True,False
97,left_knee_link,left_ankle_roll_link,left_knee_link,left_ankle_roll_link,-0.035995732195929,0.035995732195929,self-collision,False,False
97,left_rubber_hand_link,largebox,left_rubber_hand_link,largebox_link,-0.0009933206374937026,0.0009933206374937026,hand-box,True,False
97,left_ankle_roll_link,right_knee_link,left_ankle_roll_link,right_knee_link,-0.010321854987185478,0.010321854987185478,self-collision,False,False
97,ground,right_ankle_roll_sphere_1_link,world,right_ankle_roll_sphere_1_link,-0.0005949125580493415,0.0005949125580493415,foot-ground,True,False
97,ground,left_ankle_roll_sphere_4_link,world,left_ankle_roll_sphere_4_link,-0.0005583379619186436,0.0005583379619186436,foot-ground,True,False
97,left_ankle_roll_sphere_2_link,right_ankle_roll_link,left_ankle_roll_sphere_2_link,right_ankle_roll_link,-0.03794237862144342,0.03794237862144342,self-collision,False,False
98,ground,right_ankle_roll_sphere_2_link,world,right_ankle_roll_sphere_2_link,-0.0006594556772894873,0.0006594556772894873,foot-ground,True,False
98,right_rubber_hand_link,largebox,right_rubber_hand_link,largebox_link,-0.000860659394918098,0.000860659394918098,hand-box,True,False
98,torso_link,largebox,torso_link,largebox_link,-0.0009829151017309024,0.0009829151017309024,other-body-box,False,True
98,ground,right_ankle_roll_link,world,right_ankle_roll_link,-0.0014092756658982235,0.0014092756658982235,foot-ground,True,False
98,ground,right_ankle_roll_sphere_3_link,world,right_ankle_roll_sphere_3_link,-0.0009204157175570138,0.0009204157175570138,foot-ground,True,False
98,ground,right_ankle_roll_sphere_4_link,world,right_ankle_roll_sphere_4_link,-0.0009974500114378086,0.0009974500114378086,foot-ground,True,False
98,ground,right_ankle_roll_sphere_5_link,world,right_ankle_roll_sphere_5_link,-0.000997941665633678,0.000997941665633678,foot-ground,True,False
98,right_knee_link,right_ankle_roll_link,right_knee_link,right_ankle_roll_link,-0.03861994336433042,0.03861994336433042,self-collision,False,False
98,ground,left_ankle_roll_link,world,left_ankle_roll_link,-0.001821504709317405,0.001821504709317405,foot-ground,True,False
98,left_knee_link,left_ankle_roll_link,left_knee_link,left_ankle_roll_link,-0.034656761091172605,0.034656761091172605,self-collision,False,False
98,left_rubber_hand_link,largebox,left_rubber_hand_link,largebox_link,-0.0007234077206393491,0.0007234077206393491,hand-box,True,False
98,ground,right_ankle_roll_sphere_1_link,world,right_ankle_roll_sphere_1_link,-0.0005952604323888255,0.0005952604323888255,foot-ground,True,False
98,ground,left_ankle_roll_sphere_4_link,world,left_ankle_roll_sphere_4_link,-0.0009667693898793043,0.0009667693898793043,foot-ground,True,False
98,left_ankle_roll_sphere_2_link,right_ankle_roll_link,left_ankle_roll_sphere_2_link,right_ankle_roll_link,-0.00014486258879327363,0.00014486258879327363,self-collision,False,False
99,ground,right_ankle_roll_sphere_2_link,world,right_ankle_roll_sphere_2_link,-0.0006547155754304283,0.0006547155754304283,foot-ground,True,False
99,right_rubber_hand_link,largebox,right_rubber_hand_link,largebox_link,-0.0004085265581379449,0.0004085265581379449,hand-box,True,False
99,left_ankle_intermediate_1_link,left_ankle_roll_link,left_ankle_intermediate_1_link,left_ankle_roll_link,-0.0027428917462057195,0.0027428917462057195,self-collision,False,False
99,torso_link,largebox,torso_link,largebox_link,-0.0009519633193676158,0.0009519633193676158,other-body-box,False,True
99,ground,right_ankle_roll_link,world,right_ankle_roll_link,-0.0014077173302669346,0.0014077173302669346,foot-ground,True,False
99,ground,right_ankle_roll_sphere_3_link,world,right_ankle_roll_sphere_3_link,-0.0009194368204594799,0.0009194368204594799,foot-ground,True,False
99,ground,left_ankle_roll_sphere_2_link,world,left_ankle_roll_sphere_2_link,-0.0002870139040881082,0.0002870139040881082,foot-ground,True,False
99,ground,right_ankle_roll_sphere_4_link,world,right_ankle_roll_sphere_4_link,-0.000995421617150996,0.000995421617150996,foot-ground,True,False
99,ground,right_ankle_roll_sphere_5_link,world,right_ankle_roll_sphere_5_link,-0.0009967673335498977,0.0009967673335498977,foot-ground,True,False
99,right_knee_link,right_ankle_roll_link,right_knee_link,right_ankle_roll_link,-0.0388425483242916,0.0388425483242916,self-collision,False,False
99,ground,left_ankle_roll_link,world,left_ankle_roll_link,-0.0017204991990397572,0.0017204991990397572,foot-ground,True,False
99,left_knee_link,left_ankle_roll_link,left_knee_link,left_ankle_roll_link,-0.0301617753724662,0.0301617753724662,self-collision,False,False
99,left_rubber_hand_link,largebox,left_rubber_hand_link,largebox_link,-0.0010606690617968456,0.0010606690617968456,hand-box,True,False
99,ground,right_ankle_roll_sphere_1_link,world,right_ankle_roll_sphere_1_link,-0.0005913949115208322,0.0005913949115208322,foot-ground,True,False
99,ground,left_ankle_roll_sphere_4_link,world,left_ankle_roll_sphere_4_link,-0.0009568192421721992,0.0009568192421721992,foot-ground,True,False
100,ground,right_ankle_roll_sphere_2_link,world,right_ankle_roll_sphere_2_link,-0.0006528255771216787,0.0006528255771216787,foot-ground,True,False
100,ground,left_ankle_roll_sphere_5_link,world,left_ankle_roll_sphere_5_link,-0.0005960020455484548,0.0005960020455484548,foot-ground,True,False
100,left_ankle_intermediate_1_link,left_ankle_roll_link,left_ankle_intermediate_1_link,left_ankle_roll_link,-0.002953677760213075,0.002953677760213075,self-collision,False,False
100,torso_link,largebox,torso_link,largebox_link,-0.0009521937085777143,0.0009521937085777143,other-body-box,False,True
100,ground,right_ankle_roll_link,world,right_ankle_roll_link,-0.0014066175953735792,0.0014066175953735792,foot-ground,True,False
100,ground,left_ankle_roll_sphere_1_link,world,left_ankle_roll_sphere_1_link,-0.0003406193203029642,0.0003406193203029642,foot-ground,True,False
100,ground,right_ankle_roll_sphere_3_link,world,right_ankle_roll_sphere_3_link,-0.000918999210095881,0.000918999210095881,foot-ground,True,False
100,ground,left_ankle_roll_sphere_2_link,world,left_ankle_roll_sphere_2_link,-0.0009382635731493413,0.0009382635731493413,foot-ground,True,False
100,ground,right_ankle_roll_sphere_4_link,world,right_ankle_roll_sphere_4_link,-0.000994084460724058,0.000994084460724058,foot-ground,True,False
100,ground,right_ankle_roll_sphere_5_link,world,right_ankle_roll_sphere_5_link,-0.0009959538094550724,0.0009959538094550724,foot-ground,True,False
100,right_knee_link,right_ankle_roll_link,right_knee_link,right_ankle_roll_link,-0.03905363053190816,0.03905363053190816,self-collision,False,False
100,ground,left_ankle_roll_link,world,left_ankle_roll_link,-0.0014522046623670383,0.0014522046623670383,foot-ground,True,False
100,left_knee_link,left_ankle_roll_link,left_knee_link,left_ankle_roll_link,-0.025136605401795797,0.025136605401795797,self-collision,False,False
100,left_rubber_hand_link,largebox,left_rubber_hand_link,largebox_link,-0.0014645792553129172,0.0014645792553129172,hand-box,True,False
100,ground,left_ankle_roll_sphere_3_link,world,left_ankle_roll_sphere_3_link,-0.00024198806238564987,0.00024198806238564987,foot-ground,True,False
100,ground,right_ankle_roll_sphere_1_link,world,right_ankle_roll_sphere_1_link,-0.0005902545349315341,0.0005902545349315341,foot-ground,True,False
100,ground,left_ankle_roll_sphere_4_link,world,left_ankle_roll_sphere_4_link,-0.0009591611658013024,0.0009591611658013024,foot-ground,True,False
101,ground,right_ankle_roll_sphere_2_link,world,right_ankle_roll_sphere_2_link,-0.0006569586471686156,0.0006569586471686156,foot-ground,True,False
101,right_rubber_hand_link,largebox,right_rubber_hand_link,largebox_link,-0.00028419328304438163,0.00028419328304438163,hand-box,True,False
101,ground,left_ankle_roll_sphere_5_link,world,left_ankle_roll_sphere_5_link,-0.0006170956036313678,0.0006170956036313678,foot-ground,True,False
101,left_ankle_intermediate_1_link,left_ankle_roll_link,left_ankle_intermediate_1_link,left_ankle_roll_link,-0.00207032341704301,0.00207032341704301,self-collision,False,False
101,torso_link,largebox,torso_link,largebox_link,-0.0009579051185231308,0.0009579051185231308,other-body-box,False,True
101,ground,right_ankle_roll_link,world,right_ankle_roll_link,-0.0014085330026963432,0.0014085330026963432,foot-ground,True,False
101,ground,left_ankle_roll_sphere_1_link,world,left_ankle_roll_sphere_1_link,-0.0009583460133149964,0.0009583460133149964,foot-ground,True,False
101,ground,right_ankle_roll_sphere_3_link,world,right_ankle_roll_sphere_3_link,-0.0009199937618315735,0.0009199937618315735,foot-ground,True,False
101,ground,left_ankle_roll_sphere_2_link,world,left_ankle_roll_sphere_2_link,-0.0003761119419252853,0.0003761119419252853,foot-ground,True,False
101,ground,right_ankle_roll_sphere_4_link,world,right_ankle_roll_sphere_4_link,-0.0009964503132604023,0.0009964503132604023,foot-ground,True,False
101,ground,right_ankle_roll_sphere_5_link,world,right_ankle_roll_sphere_5_link,-0.000997412659523171,0.000997412659523171,foot-ground,True,False
101,right_knee_link,right_ankle_roll_link,right_knee_link,right_ankle_roll_link,-0.039338204094051116,0.039338204094051116,self-collision,False,False
101,ground,left_ankle_roll_link,world,left_ankle_roll_link,-0.0014662963331695464,0.0014662963331695464,foot-ground,True,False
101,left_knee_link,left_ankle_roll_link,left_knee_link,left_ankle_roll_link,-0.023024652150103353,0.023024652150103353,self-collision,False,False
101,left_rubber_hand_link,largebox,left_rubber_hand_link,largebox_link,-0.0010508268152192302,0.0010508268152192302,hand-box,True,False
101,ground,left_ankle_roll_sphere_3_link,world,left_ankle_roll_sphere_3_link,-0.000971713243727172,0.000971713243727172,foot-ground,True,False
101,ground,right_ankle_roll_sphere_1_link,world,right_ankle_roll_sphere_1_link,-0.0005932448543112595,0.0005932448543112595,foot-ground,True,False
101,ground,left_ankle_roll_sphere_4_link,world,left_ankle_roll_sphere_4_link,-0.0002730323580595181,0.0002730323580595181,foot-ground,True,False
102,ground,right_ankle_roll_sphere_2_link,world,right_ankle_roll_sphere_2_link,-0.0006603910775690195,0.0006603910775690195,foot-ground,True,False
102,left_ankle_intermediate_1_link,left_ankle_roll_link,left_ankle_intermediate_1_link,left_ankle_roll_link,-0.004648551181218513,0.004648551181218513,self-collision,False,False
102,torso_link,largebox,torso_link,largebox_link,-0.000958355407540884,0.000958355407540884,other-body-box,False,True
102,ground,right_ankle_roll_link,world,right_ankle_roll_link,-0.0014093650041590196,0.0014093650041590196,foot-ground,True,False
102,ground,left_ankle_roll_sphere_1_link,world,left_ankle_roll_sphere_1_link,-0.00042547403122265414,0.00042547403122265414,foot-ground,True,False
102,ground,right_ankle_roll_sphere_3_link,world,right_ankle_roll_sphere_3_link,-0.0009203942019623016,0.0009203942019623016,foot-ground,True,False
102,ground,right_ankle_roll_sphere_4_link,world,right_ankle_roll_sphere_4_link,-0.0009976536659653213,0.0009976536659653213,foot-ground,True,False
102,ground,right_ankle_roll_sphere_5_link,world,right_ankle_roll_sphere_5_link,-0.000997944439814327,0.000997944439814327,foot-ground,True,False
102,right_knee_link,right_ankle_roll_link,right_knee_link,right_ankle_roll_link,-0.03965230319618976,0.03965230319618976,self-collision,False,False
102,ground,left_ankle_roll_link,world,left_ankle_roll_link,-0.0014058179632947566,0.0014058179632947566,foot-ground,True,False
102,left_knee_link,left_ankle_roll_link,left_knee_link,left_ankle_roll_link,-0.02200294643001585,0.02200294643001585,self-collision,False,False
102,left_rubber_hand_link,largebox,left_rubber_hand_link,largebox_link,-0.0010475557597388746,0.0010475557597388746,hand-box,True,False
102,ground,left_ankle_roll_sphere_3_link,world,left_ankle_roll_sphere_3_link,-0.000630631357684648,0.000630631357684648,foot-ground,True,False
102,ground,right_ankle_roll_sphere_1_link,world,right_ankle_roll_sphere_1_link,-0.0005960081908998388,0.0005960081908998388,foot-ground,True,False
103,ground,right_ankle_roll_sphere_2_link,world,right_ankle_roll_sphere_2_link,-0.0006623790127114572,0.0006623790127114572,foot-ground,True,False
103,left_ankle_intermediate_1_link,left_ankle_roll_link,left_ankle_intermediate_1_link,left_ankle_roll_link,-0.004637857799543815,0.004637857799543815,self-collision,False,False
103,torso_link,largebox,torso_link,largebox_link,-0.0009543502450009289,0.0009543502450009289,other-body-box,False,True
103,ground,right_ankle_roll_link,world,right_ankle_roll_link,-0.0014094412682370862,0.0014094412682370862,foot-ground,True,False
103,ground,left_ankle_roll_sphere_1_link,world,left_ankle_roll_sphere_1_link,-0.00027409000982695896,0.00027409000982695896,foot-ground,True,False
103,ground,right_ankle_roll_sphere_3_link,world,right_ankle_roll_sphere_3_link,-0.0009202896020183903,0.0009202896020183903,foot-ground,True,False
103,ground,right_ankle_roll_sphere_4_link,world,right_ankle_roll_sphere_4_link,-0.0009979729077253937,0.0009979729077253937,foot-ground,True,False
103,ground,right_ankle_roll_sphere_5_link,world,right_ankle_roll_sphere_5_link,-0.0009978512885430715,0.0009978512885430715,foot-ground,True,False
103,right_knee_link,right_ankle_roll_link,right_knee_link,right_ankle_roll_link,-0.04021921366706385,0.04021921366706385,self-collision,False,False
103,ground,left_ankle_roll_link,world,left_ankle_roll_link,-0.0018277378324029064,0.0018277378324029064,foot-ground,True,False
103,left_knee_link,left_ankle_roll_link,left_knee_link,left_ankle_roll_link,-0.021751882823962565,0.021751882823962565,self-collision,False,False
103,left_rubber_hand_link,largebox,left_rubber_hand_link,largebox_link,-0.0009637812786811306,0.0009637812786811306,hand-box,True,False
103,ground,left_ankle_roll_sphere_3_link,world,left_ankle_roll_sphere_3_link,-0.0009924189317452965,0.0009924189317452965,foot-ground,True,False
103,ground,right_ankle_roll_sphere_1_link,world,right_ankle_roll_sphere_1_link,-0.0005976429246222865,0.0005976429246222865,foot-ground,True,False
104,ground,right_ankle_roll_sphere_2_link,world,right_ankle_roll_sphere_2_link,-0.0006638140462440064,0.0006638140462440064,foot-ground,True,False
104,right_rubber_hand_link,largebox,right_rubber_hand_link,largebox_link,-0.00012228987470529196,0.00012228987470529196,hand-box,True,False
104,left_ankle_intermediate_1_link,left_ankle_roll_link,left_ankle_intermediate_1_link,left_ankle_roll_link,-0.0018690372517994186,0.0018690372517994186,self-collision,False,False
104,torso_link,largebox,torso_link,largebox_link,-0.000948954759992085,0.000948954759992085,other-body-box,False,True
104,ground,right_ankle_roll_link,world,right_ankle_roll_link,-0.0014073218794497105,0.0014073218794497105,foot-ground,True,False
104,ground,left_ankle_roll_sphere_1_link,world,left_ankle_roll_sphere_1_link,-0.00029344862993995174,0.00029344862993995174,foot-ground,True,False
104,ground,right_ankle_roll_sphere_3_link,world,right_ankle_roll_sphere_3_link,-0.0009192212451852684,0.0009192212451852684,foot-ground,True,False
104,ground,right_ankle_roll_sphere_4_link,world,right_ankle_roll_sphere_4_link,-0.0009959999721178654,0.0009959999721178654,foot-ground,True,False
104,ground,right_ankle_roll_sphere_5_link,world,right_ankle_roll_sphere_5_link,-0.0009959385731962101,0.0009959385731962101,foot-ground,True,False
104,right_knee_link,right_ankle_roll_link,right_knee_link,right_ankle_roll_link,-0.04075552520721992,0.04075552520721992,self-collision,False,False
104,ground,left_ankle_roll_link,world,left_ankle_roll_link,-0.001790152125083242,0.001790152125083242,foot-ground,True,False
104,left_knee_link,left_ankle_roll_link,left_knee_link,left_ankle_roll_link,-0.022646917021146587,0.022646917021146587,self-collision,False,False
104,left_rubber_hand_link,largebox,left_rubber_hand_link,largebox_link,-0.0008743073758069181,0.0008743073758069181,hand-box,True,False
104,ground,left_ankle_roll_sphere_3_link,world,left_ankle_roll_sphere_3_link,-0.000992269664766436,0.000992269664766436,foot-ground,True,False
104,ground,right_ankle_roll_sphere_1_link,world,right_ankle_roll_sphere_1_link,-0.0005998317738001744,0.0005998317738001744,foot-ground,True,False
105,right_rubber_hand_link,largebox,right_rubber_hand_link,largebox_link,-0.00047854371157222964,0.00047854371157222964,hand-box,True,False
105,left_ankle_intermediate_1_link,left_ankle_roll_link,left_ankle_intermediate_1_link,left_ankle_roll_link,-0.0022560495644754347,0.0022560495644754347,self-collision,False,False
105,torso_link,largebox,torso_link,largebox_link,-0.0009520841407684028,0.0009520841407684028,other-body-box,False,True
105,ground,right_ankle_roll_link,world,right_ankle_roll_link,-0.0014932828427749907,0.0014932828427749907,foot-ground,True,False
105,ground,left_ankle_roll_sphere_1_link,world,left_ankle_roll_sphere_1_link,-0.0003270240222992783,0.0003270240222992783,foot-ground,True,False
105,ground,right_ankle_roll_sphere_3_link,world,right_ankle_roll_sphere_3_link,-0.00040605976551362066,0.00040605976551362066,foot-ground,True,False
105,ground,right_ankle_roll_sphere_4_link,world,right_ankle_roll_sphere_4_link,-0.0009890713263761312,0.0009890713263761312,foot-ground,True,False
105,ground,right_ankle_roll_sphere_5_link,world,right_ankle_roll_sphere_5_link,-0.0009692630085151753,0.0009692630085151753,foot-ground,True,False
105,right_knee_link,right_ankle_roll_link,right_knee_link,right_ankle_roll_link,-0.041197589319527494,0.041197589319527494,self-collision,False,False
105,ground,left_ankle_roll_link,world,left_ankle_roll_link,-0.001719140629739796,0.001719140629739796,foot-ground,True,False
105,left_knee_link,left_ankle_roll_link,left_knee_link,left_ankle_roll_link,-0.023641305827673362,0.023641305827673362,self-collision,False,False
105,left_rubber_hand_link,largebox,left_rubber_hand_link,largebox_link,-0.0007124592083341541,0.0007124592083341541,hand-box,True,False
105,ground,left_ankle_roll_sphere_3_link,world,left_ankle_roll_sphere_3_link,-0.0009905302946612805,0.0009905302946612805,foot-ground,True,False
106,left_ankle_intermediate_1_link,left_ankle_roll_link,left_ankle_intermediate_1_link,left_ankle_roll_link,-0.002710469189629,0.002710469189629,self-collision,False,False
106,torso_link,largebox,torso_link,largebox_link,-0.0009378345468419869,0.0009378345468419869,other-body-box,False,True
106,ground,right_ankle_roll_link,world,right_ankle_roll_link,-0.0009998189813049604,0.0009998189813049604,foot-ground,True,False
106,ground,left_ankle_roll_sphere_1_link,world,left_ankle_roll_sphere_1_link,-0.00037321110690495107,0.00037321110690495107,foot-ground,True,False
106,ground,right_ankle_roll_sphere_5_link,world,right_ankle_roll_sphere_5_link,-0.0005102560629152179,0.0005102560629152179,foot-ground,True,False
106,right_knee_link,right_ankle_roll_link,right_knee_link,right_ankle_roll_link,-0.0407236922107127,0.0407236922107127,self-collision,False,False
106,ground,left_ankle_roll_link,world,left_ankle_roll_link,-0.0016311890885342371,0.0016311890885342371,foot-ground,True,False
106,left_knee_link,left_ankle_roll_link,left_knee_link,left_ankle_roll_link,-0.02475256779961868,0.02475256779961868,self-collision,False,False
106,left_rubber_hand_link,largebox,left_rubber_hand_link,largebox_link,-0.0007494080913526685,0.0007494080913526685,hand-box,True,False
106,ground,left_ankle_roll_sphere_3_link,world,left_ankle_roll_sphere_3_link,-0.0009902379424728365,0.0009902379424728365,foot-ground,True,False
107,right_rubber_hand_link,largebox,right_rubber_hand_link,largebox_link,-0.0026872468333479643,0.0026872468333479643,hand-box,True,False
107,ground,left_ankle_roll_sphere_5_link,world,left_ankle_roll_sphere_5_link,-3.906014823073286e-05,3.906014823073286e-05,foot-ground,True,False
107,left_ankle_intermediate_1_link,left_ankle_roll_link,left_ankle_intermediate_1_link,left_ankle_roll_link,-0.0032140838436971186,0.0032140838436971186,self-collision,False,False
107,torso_link,largebox,torso_link,largebox_link,-0.000930717828799138,0.000930717828799138,other-body-box,False,True
107,ground,right_ankle_roll_link,world,right_ankle_roll_link,-0.0009973286070159154,0.0009973286070159154,foot-ground,True,False
107,ground,left_ankle_roll_sphere_1_link,world,left_ankle_roll_sphere_1_link,-0.00047824592892616296,0.00047824592892616296,foot-ground,True,False
107,ground,right_ankle_roll_sphere_5_link,world,right_ankle_roll_sphere_5_link,-0.0003588034581704881,0.0003588034581704881,foot-ground,True,False
107,right_knee_link,right_ankle_roll_link,right_knee_link,right_ankle_roll_link,-0.039436509973111766,0.039436509973111766,self-collision,False,False
107,left_wrist_pitch_link,largebox,left_wrist_pitch_link,largebox_link,-1.748138912242847e-05,1.748138912242847e-05,other-body-box,False,True
107,ground,left_ankle_roll_link,world,left_ankle_roll_link,-0.0015351725378070086,0.0015351725378070086,foot-ground,True,False
107,left_knee_link,left_ankle_roll_link,left_knee_link,left_ankle_roll_link,-0.02589834184931139,0.02589834184931139,self-collision,False,False
107,left_rubber_hand_link,largebox,left_rubber_hand_link,largebox_link,-0.0008279531802232731,0.0008279531802232731,hand-box,True,False
107,ground,left_ankle_roll_sphere_3_link,world,left_ankle_roll_sphere_3_link,-0.0009925857561157185,0.0009925857561157185,foot-ground,True,False
108,ground,left_ankle_roll_sphere_5_link,world,left_ankle_roll_sphere_5_link,-0.00041686696777074993,0.00041686696777074993,foot-ground,True,False
108,left_ankle_intermediate_1_link,left_ankle_roll_link,left_ankle_intermediate_1_link,left_ankle_roll_link,-0.0033388733172752955,0.0033388733172752955,self-collision,False,False
108,torso_link,largebox,torso_link,largebox_link,-0.0009338657490081254,0.0009338657490081254,other-body-box,False,True
108,ground,left_ankle_roll_sphere_1_link,world,left_ankle_roll_sphere_1_link,-0.0005170651280476208,0.0005170651280476208,foot-ground,True,False
108,right_knee_link,right_ankle_roll_link,right_knee_link,right_ankle_roll_link,-0.03982526608277456,0.03982526608277456,self-collision,False,False
108,left_wrist_pitch_link,largebox,left_wrist_pitch_link,largebox_link,-0.000497282499204596,0.000497282499204596,other-body-box,False,True
108,ground,left_ankle_roll_link,world,left_ankle_roll_link,-0.0014628445264735085,0.0014628445264735085,foot-ground,True,False
108,left_knee_link,left_ankle_roll_link,left_knee_link,left_ankle_roll_link,-0.028366952288782193,0.028366952288782193,self-collision,False,False
108,left_rubber_hand_link,largebox,left_rubber_hand_link,largebox_link,-0.0005095293869209067,0.0005095293869209067,hand-box,True,False
108,ground,left_ankle_roll_sphere_3_link,world,left_ankle_roll_sphere_3_link,-0.0009969695546299699,0.0009969695546299699,foot-ground,True,False
109,ground,left_ankle_roll_sphere_5_link,world,left_ankle_roll_sphere_5_link,-0.0007266538821483265,0.0007266538821483265,foot-ground,True,False
109,left_ankle_intermediate_1_link,left_ankle_roll_link,left_ankle_intermediate_1_link,left_ankle_roll_link,-0.0032646030472485016,0.0032646030472485016,self-collision,False,False
109,torso_link,largebox,torso_link,largebox_link,-0.0009542407819829041,0.0009542407819829041,other-body-box,False,True
109,ground,left_ankle_roll_sphere_1_link,world,left_ankle_roll_sphere_1_link,-0.0005563094030336417,0.0005563094030336417,foot-ground,True,False
109,ground,left_ankle_roll_sphere_2_link,world,left_ankle_roll_sphere_2_link,-2.8662281590911658e-05,2.8662281590911658e-05,foot-ground,True,False
109,right_knee_link,right_ankle_roll_link,right_knee_link,right_ankle_roll_link,-0.04083127066683606,0.04083127066683606,self-collision,False,False
109,left_wrist_pitch_link,largebox,left_wrist_pitch_link,largebox_link,-0.0012515738764338757,0.0012515738764338757,other-body-box,False,True
109,ground,left_ankle_roll_link,world,left_ankle_roll_link,-0.001411484439754706,0.001411484439754706,foot-ground,True,False
109,left_knee_link,left_ankle_roll_link,left_knee_link,left_ankle_roll_link,-0.029774590425361014,0.029774590425361014,self-collision,False,False
109,left_rubber_hand_link,largebox,left_rubber_hand_link,largebox_link,-0.0008195919042668226,0.0008195919042668226,hand-box,True,False
109,ground,left_ankle_roll_sphere_3_link,world,left_ankle_roll_sphere_3_link,-0.0009975402560838528,0.0009975402560838528,foot-ground,True,False
109,ground,left_ankle_roll_sphere_4_link,world,left_ankle_roll_sphere_4_link,-0.00036436371035257747,0.00036436371035257747,foot-ground,True,False
110,right_rubber_hand_link,largebox,right_rubber_hand_link,largebox_link,-0.0008591154783983701,0.0008591154783983701,hand-box,True,False
110,ground,left_ankle_roll_sphere_5_link,world,left_ankle_roll_sphere_5_link,-0.0004309175611704767,0.0004309175611704767,foot-ground,True,False
110,left_ankle_intermediate_1_link,left_ankle_roll_link,left_ankle_intermediate_1_link,left_ankle_roll_link,-0.0030620584734858125,0.0030620584734858125,self-collision,False,False
110,torso_link,largebox,torso_link,largebox_link,-0.0009710253113602713,0.0009710253113602713,other-body-box,False,True
110,ground,left_ankle_roll_sphere_1_link,world,left_ankle_roll_sphere_1_link,-0.0009954741738586797,0.0009954741738586797,foot-ground,True,False
110,ground,left_ankle_roll_sphere_2_link,world,left_ankle_roll_sphere_2_link,-0.0009978012418588615,0.0009978012418588615,foot-ground,True,False
110,right_knee_link,right_ankle_roll_link,right_knee_link,right_ankle_roll_link,-0.03826848659965246,0.03826848659965246,self-collision,False,False
110,left_wrist_pitch_link,largebox,left_wrist_pitch_link,largebox_link,-0.0006287086878438153,0.0006287086878438153,other-body-box,False,True
110,ground,left_ankle_roll_link,world,left_ankle_roll_link,-0.0014450715895716615,0.0014450715895716615,foot-ground,True,False
110,left_knee_link,left_ankle_roll_link,left_knee_link,left_ankle_roll_link,-0.03140691000228643,0.03140691000228643,self-collision,False,False
110,left_rubber_hand_link,largebox,left_rubber_hand_link,largebox_link,-0.001435528521565671,0.001435528521565671,hand-box,True,False
110,ground,left_ankle_roll_sphere_3_link,world,left_ankle_roll_sphere_3_link,-0.0004890708094954501,0.0004890708094954501,foot-ground,True,False
110,ground,left_ankle_roll_sphere_4_link,world,left_ankle_roll_sphere_4_link,-0.0004918632910956696,0.0004918632910956696,foot-ground,True,False
111,left_wrist_pitch_link,largebox,left_wrist_pitch_link,largebox_link,-0.002151032733957975,0.002151032733957975,other-body-box,False,True
111,right_rubber_hand_link,largebox,right_rubber_hand_link,largebox_link,-0.0010401070164936799,0.0010401070164936799,hand-box,True,False
111,ground,left_ankle_roll_link,world,left_ankle_roll_link,-0.001438116213517207,0.001438116213517207,foot-ground,True,False
111,ground,left_ankle_roll_sphere_5_link,world,left_ankle_roll_sphere_5_link,-0.0005386185886503232,0.0005386185886503232,foot-ground,True,False
111,left_knee_link,left_ankle_roll_link,left_knee_link,left_ankle_roll_link,-0.032733011148330576,0.032733011148330576,self-collision,False,False
111,torso_link,largebox,torso_link,largebox_link,-0.0009393208064316927,0.0009393208064316927,other-body-box,False,True
111,left_rubber_hand_link,largebox,left_rubber_hand_link,largebox_link,-0.0009242679380786489,0.0009242679380786489,hand-box,True,False
111,left_ankle_intermediate_1_link,left_ankle_roll_link,left_ankle_intermediate_1_link,left_ankle_roll_link,-0.0029032159561280385,0.0029032159561280385,self-collision,False,False
111,right_knee_link,right_ankle_roll_link,right_knee_link,right_ankle_roll_link,-0.03723495363636728,0.03723495363636728,self-collision,False,False
111,ground,left_ankle_roll_sphere_3_link,world,left_ankle_roll_sphere_3_link,-0.0005870225440953091,0.0005870225440953091,foot-ground,True,False
111,ground,left_ankle_roll_sphere_1_link,world,left_ankle_roll_sphere_1_link,-0.0009980277067010808,0.0009980277067010808,foot-ground,True,False
111,ground,left_ankle_roll_sphere_4_link,world,left_ankle_roll_sphere_4_link,-0.0005869236690160913,0.0005869236690160913,foot-ground,True,False
111,ground,left_ankle_roll_sphere_2_link,world,left_ankle_roll_sphere_2_link,-0.0009979453108017343,0.0009979453108017343,foot-ground,True,False
112,left_wrist_pitch_link,largebox,left_wrist_pitch_link,largebox_link,-0.002017924706730123,0.002017924706730123,other-body-box,False,True
112,right_rubber_hand_link,largebox,right_rubber_hand_link,largebox_link,-0.0010933396622200553,0.0010933396622200553,hand-box,True,False
112,ground,left_ankle_roll_link,world,left_ankle_roll_link,-0.0014348516959079398,0.0014348516959079398,foot-ground,True,False
112,ground,left_ankle_roll_sphere_5_link,world,left_ankle_roll_sphere_5_link,-0.0005461455138964502,0.0005461455138964502,foot-ground,True,False
112,left_knee_link,left_ankle_roll_link,left_knee_link,left_ankle_roll_link,-0.03412241373888836,0.03412241373888836,self-collision,False,False
112,torso_link,largebox,torso_link,largebox_link,-0.0009737355331728842,0.0009737355331728842,other-body-box,False,True
112,left_rubber_hand_link,largebox,left_rubber_hand_link,largebox_link,-0.0005368317644834503,0.0005368317644834503,hand-box,True,False
112,right_knee_link,right_ankle_roll_link,right_knee_link,right_ankle_roll_link,-0.03659071174477321,0.03659071174477321,self-collision,False,False
112,ground,left_ankle_roll_sphere_3_link,world,left_ankle_roll_sphere_3_link,-0.00059361965183113,0.00059361965183113,foot-ground,True,False
112,ground,left_ankle_roll_sphere_1_link,world,left_ankle_roll_sphere_1_link,-0.0009955657966407806,0.0009955657966407806,foot-ground,True,False
112,ground,left_ankle_roll_sphere_4_link,world,left_ankle_roll_sphere_4_link,-0.0005932541069922559,0.0005932541069922559,foot-ground,True,False
112,ground,left_ankle_roll_sphere_2_link,world,left_ankle_roll_sphere_2_link,-0.000995261175941716,0.000995261175941716,foot-ground,True,False
113,right_rubber_hand_link,largebox,right_rubber_hand_link,largebox_link,-0.001055567390180881,0.001055567390180881,hand-box,True,False
113,ground,left_ankle_roll_sphere_5_link,world,left_ankle_roll_sphere_5_link,-0.0005705527688309722,0.0005705527688309722,foot-ground,True,False
113,torso_link,largebox,torso_link,largebox_link,-0.0009222837489759328,0.0009222837489759328,other-body-box,False,True
113,ground,left_ankle_roll_sphere_1_link,world,left_ankle_roll_sphere_1_link,-0.0009981750578537526,0.0009981750578537526,foot-ground,True,False
113,ground,left_ankle_roll_sphere_2_link,world,left_ankle_roll_sphere_2_link,-0.0009985279143075792,0.0009985279143075792,foot-ground,True,False
113,right_knee_link,right_ankle_roll_link,right_knee_link,right_ankle_roll_link,-0.036989610264039546,0.036989610264039546,self-collision,False,False
113,left_wrist_pitch_link,largebox,left_wrist_pitch_link,largebox_link,-0.00203718736084256,0.00203718736084256,other-body-box,False,True
113,ground,left_ankle_roll_link,world,left_ankle_roll_link,-0.0014363625921225004,0.0014363625921225004,foot-ground,True,False
113,left_knee_link,left_ankle_roll_link,left_knee_link,left_ankle_roll_link,-0.03516555658495843,0.03516555658495843,self-collision,False,False
113,left_rubber_hand_link,largebox,left_rubber_hand_link,largebox_link,-0.0005968995340394911,0.0005968995340394911,hand-box,True,False
113,ground,left_ankle_roll_sphere_3_link,world,left_ankle_roll_sphere_3_link,-0.0006153724988796965,0.0006153724988796965,foot-ground,True,False
113,ground,left_ankle_roll_sphere_4_link,world,left_ankle_roll_sphere_4_link,-0.0006157959266242892,0.0006157959266242892,foot-ground,True,False
114,right_rubber_hand_link,largebox,right_rubber_hand_link,largebox_link,-0.0006861553885165045,0.0006861553885165045,hand-box,True,False
114,ground,left_ankle_roll_sphere_5_link,world,left_ankle_roll_sphere_5_link,-0.0005937424584994541,0.0005937424584994541,foot-ground,True,False
114,torso_link,largebox,torso_link,largebox_link,-0.0009481289625669354,0.0009481289625669354,other-body-box,False,True
114,ground,left_ankle_roll_sphere_1_link,world,left_ankle_roll_sphere_1_link,-0.0009993633340545432,0.0009993633340545432,foot-ground,True,False
114,ground,left_ankle_roll_sphere_2_link,world,left_ankle_roll_sphere_2_link,-0.0010005352050798102,0.0010005352050798102,foot-ground,True,False
114,right_knee_link,right_ankle_roll_link,right_knee_link,right_ankle_roll_link,-0.03770116479763319,0.03770116479763319,self-collision,False,False
114,left_wrist_pitch_link,largebox,left_wrist_pitch_link,largebox_link,-2.1671797557798467e-05,2.1671797557798467e-05,other-body-box,False,True
114,ground,left_ankle_roll_link,world,left_ankle_roll_link,-0.0014366734753680013,0.0014366734753680013,foot-ground,True,False
114,left_knee_link,left_ankle_roll_link,left_knee_link,left_ankle_roll_link,-0.03605746825257333,0.03605746825257333,self-collision,False,False
114,left_rubber_hand_link,largebox,left_rubber_hand_link,largebox_link,-0.0011111301462319312,0.0011111301462319312,hand-box,True,False
114,ground,left_ankle_roll_sphere_3_link,world,left_ankle_roll_sphere_3_link,-0.0006357979475756321,0.0006357979475756321,foot-ground,True,False
114,ground,left_ankle_roll_sphere_4_link,world,left_ankle_roll_sphere_4_link,-0.0006372041928059567,0.0006372041928059567,foot-ground,True,False
115,right_rubber_hand_link,largebox,right_rubber_hand_link,largebox_link,-0.0004999326739588,0.0004999326739588,hand-box,True,False
115,ground,left_ankle_roll_sphere_5_link,world,left_ankle_roll_sphere_5_link,-0.0006038330805456923,0.0006038330805456923,foot-ground,True,False
115,torso_link,largebox,torso_link,largebox_link,-0.0009496080859063977,0.0009496080859063977,other-body-box,False,True
115,ground,left_ankle_roll_sphere_1_link,world,left_ankle_roll_sphere_1_link,-0.000997899695403543,0.000997899695403543,foot-ground,True,False
115,ground,left_ankle_roll_sphere_2_link,world,left_ankle_roll_sphere_2_link,-0.0009994365696973468,0.0009994365696973468,foot-ground,True,False
115,right_knee_link,right_ankle_roll_link,right_knee_link,right_ankle_roll_link,-0.03770002885727644,0.03770002885727644,self-collision,False,False
115,left_wrist_pitch_link,largebox,left_wrist_pitch_link,largebox_link,-9.63282621422451e-05,9.63282621422451e-05,other-body-box,False,True
115,ground,left_ankle_roll_link,world,left_ankle_roll_link,-0.0014347011250682683,0.0014347011250682683,foot-ground,True,False
115,left_knee_link,left_ankle_roll_link,left_knee_link,left_ankle_roll_link,-0.036887984743398855,0.036887984743398855,self-collision,False,False
115,left_rubber_hand_link,largebox,left_rubber_hand_link,largebox_link,-0.0011366237567364684,0.0011366237567364684,hand-box,True,False
115,ground,left_ankle_roll_sphere_3_link,world,left_ankle_roll_sphere_3_link,-0.0006444725403909604,0.0006444725403909604,foot-ground,True,False
115,ground,left_ankle_roll_sphere_4_link,world,left_ankle_roll_sphere_4_link,-0.0006463167895435279,0.0006463167895435279,foot-ground,True,False
116,right_rubber_hand_link,largebox,right_rubber_hand_link,largebox_link,-0.0017244114406415045,0.0017244114406415045,hand-box,True,False
116,ground,left_ankle_roll_sphere_5_link,world,left_ankle_roll_sphere_5_link,-0.0005914164367720317,0.0005914164367720317,foot-ground,True,False
116,torso_link,largebox,torso_link,largebox_link,-0.0009815425807023076,0.0009815425807023076,other-body-box,False,True
116,ground,right_ankle_roll_link,world,right_ankle_roll_link,-0.0007320482580322821,0.0007320482580322821,foot-ground,True,False
116,ground,left_ankle_roll_sphere_1_link,world,left_ankle_roll_sphere_1_link,-0.0009935803076210987,0.0009935803076210987,foot-ground,True,False
116,left_ankle_roll_link,right_ankle_roll_link,left_ankle_roll_link,right_ankle_roll_link,-0.009942144714932932,0.009942144714932932,self-collision,False,False
116,ground,right_ankle_roll_sphere_3_link,world,right_ankle_roll_sphere_3_link,-0.00028385867409770876,0.00028385867409770876,foot-ground,True,False
116,ground,left_ankle_roll_sphere_2_link,world,left_ankle_roll_sphere_2_link,-0.000994404797055158,0.000994404797055158,foot-ground,True,False
116,right_knee_link,right_ankle_roll_link,right_knee_link,right_ankle_roll_link,-0.03668191077776434,0.03668191077776434,self-collision,False,False
116,left_ankle_roll_link,right_ankle_roll_sphere_1_link,left_ankle_roll_link,right_ankle_roll_sphere_1_link,-0.002443679922628908,0.002443679922628908,self-collision,False,False
116,left_wrist_pitch_link,largebox,left_wrist_pitch_link,largebox_link,-0.00015418681244945553,0.00015418681244945553,other-body-box,False,True
116,ground,left_ankle_roll_link,world,left_ankle_roll_link,-0.001430402264016646,0.001430402264016646,foot-ground,True,False
116,left_knee_link,left_ankle_roll_link,left_knee_link,left_ankle_roll_link,-0.03720604367709013,0.03720604367709013,self-collision,False,False
116,left_rubber_hand_link,largebox,left_rubber_hand_link,largebox_link,-0.0008664390864064342,0.0008664390864064342,hand-box,True,False
116,ground,left_ankle_roll_sphere_3_link,world,left_ankle_roll_sphere_3_link,-0.0006332981763290798,0.0006332981763290798,foot-ground,True,False
116,ground,left_ankle_roll_sphere_4_link,world,left_ankle_roll_sphere_4_link,-0.0006342875636499495,0.0006342875636499495,foot-ground,True,False
116,left_ankle_roll_sphere_2_link,right_ankle_roll_link,left_ankle_roll_sphere_2_link,right_ankle_roll_link,-0.015742292135620256,0.015742292135620256,self-collision,False,False
117,right_rubber_hand_link,largebox,right_rubber_hand_link,largebox_link,-0.0008407638273141005,0.0008407638273141005,hand-box,True,False
117,ground,left_ankle_roll_sphere_5_link,world,left_ankle_roll_sphere_5_link,-0.0005962099111393128,0.0005962099111393128,foot-ground,True,False
117,torso_link,largebox,torso_link,largebox_link,-0.0009286765665975361,0.0009286765665975361,other-body-box,False,True
117,ground,right_ankle_roll_link,world,right_ankle_roll_link,-0.001534618415571766,0.001534618415571766,foot-ground,True,False
117,ground,left_ankle_roll_sphere_1_link,world,left_ankle_roll_sphere_1_link,-0.0009966436204735798,0.0009966436204735798,foot-ground,True,False
117,left_ankle_roll_link,right_ankle_roll_link,left_ankle_roll_link,right_ankle_roll_link,-0.017253690424986298,0.017253690424986298,self-collision,False,False
117,ground,right_ankle_roll_sphere_3_link,world,right_ankle_roll_sphere_3_link,-0.0006402876474624021,0.0006402876474624021,foot-ground,True,False
117,ground,left_ankle_roll_sphere_2_link,world,left_ankle_roll_sphere_2_link,-0.000998435221841786,0.000998435221841786,foot-ground,True,False
117,right_knee_link,right_ankle_roll_link,right_knee_link,right_ankle_roll_link,-0.03571790422327242,0.03571790422327242,self-collision,False,False
117,left_ankle_roll_link,right_ankle_roll_sphere_1_link,left_ankle_roll_link,right_ankle_roll_sphere_1_link,-0.034769869362693634,0.034769869362693634,self-collision,False,False
117,left_wrist_pitch_link,largebox,left_wrist_pitch_link,largebox_link,-0.0002698288278328853,0.0002698288278328853,other-body-box,False,True
117,ground,left_ankle_roll_link,world,left_ankle_roll_link,-0.0014340608321380052,0.0014340608321380052,foot-ground,True,False
117,left_knee_link,left_ankle_roll_link,left_knee_link,left_ankle_roll_link,-0.03734168435753024,0.03734168435753024,self-collision,False,False
117,left_rubber_hand_link,largebox,left_rubber_hand_link,largebox_link,-0.0009128965761028424,0.0009128965761028424,hand-box,True,False
117,ground,left_ankle_roll_sphere_3_link,world,left_ankle_roll_sphere_3_link,-0.0006373801618992743,0.0006373801618992743,foot-ground,True,False
117,ground,left_ankle_roll_sphere_4_link,world,left_ankle_roll_sphere_4_link,-0.0006395300835411169,0.0006395300835411169,foot-ground,True,False
117,left_ankle_roll_sphere_2_link,right_ankle_roll_link,left_ankle_roll_sphere_2_link,right_ankle_roll_link,-0.006341823215977968,0.006341823215977968,self-collision,False,False
118,right_rubber_hand_link,largebox,right_rubber_hand_link,largebox_link,-0.0009866661760966622,0.0009866661760966622,hand-box,True,False
118,ground,left_ankle_roll_sphere_5_link,world,left_ankle_roll_sphere_5_link,-0.0007688379333783335,0.0007688379333783335,foot-ground,True,False
118,torso_link,largebox,torso_link,largebox_link,-0.0009184443781145857,0.0009184443781145857,other-body-box,False,True
118,ground,right_ankle_roll_link,world,right_ankle_roll_link,-0.001535100546767882,0.001535100546767882,foot-ground,True,False
118,ground,left_ankle_roll_sphere_1_link,world,left_ankle_roll_sphere_1_link,-0.0006220589149326756,0.0006220589149326756,foot-ground,True,False
118,ground,right_ankle_roll_sphere_3_link,world,right_ankle_roll_sphere_3_link,-0.0009686973792623161,0.0009686973792623161,foot-ground,True,False
118,ground,left_ankle_roll_sphere_2_link,world,left_ankle_roll_sphere_2_link,-0.0009960956411919969,0.0009960956411919969,foot-ground,True,False
118,right_knee_link,right_ankle_roll_link,right_knee_link,right_ankle_roll_link,-0.03258034250750805,0.03258034250750805,self-collision,False,False
118,right_ankle_intermediate_1_link,right_ankle_roll_link,right_ankle_intermediate_1_link,right_ankle_roll_link,-0.002606027644103323,0.002606027644103323,self-collision,False,False
118,left_wrist_pitch_link,largebox,left_wrist_pitch_link,largebox_link,-0.00034665118056939614,0.00034665118056939614,other-body-box,False,True
118,ground,left_ankle_roll_link,world,left_ankle_roll_link,-0.0014605065971386548,0.0014605065971386548,foot-ground,True,False
118,left_knee_link,left_ankle_roll_link,left_knee_link,left_ankle_roll_link,-0.03723644186386668,0.03723644186386668,self-collision,False,False
118,left_rubber_hand_link,largebox,left_rubber_hand_link,largebox_link,-0.0005979232687139402,0.0005979232687139402,hand-box,True,False
118,ground,left_ankle_roll_sphere_3_link,world,left_ankle_roll_sphere_3_link,-0.0005486516181157945,0.0005486516181157945,foot-ground,True,False
118,ground,right_ankle_roll_sphere_1_link,world,right_ankle_roll_sphere_1_link,-0.0003919445371679533,0.0003919445371679533,foot-ground,True,False
118,ground,left_ankle_roll_sphere_4_link,world,left_ankle_roll_sphere_4_link,-0.0009974956896269772,0.0009974956896269772,foot-ground,True,False
119,ground,right_ankle_roll_sphere_2_link,world,right_ankle_roll_sphere_2_link,-0.0006270562469685359,0.0006270562469685359,foot-ground,True,False
119,right_rubber_hand_link,largebox,right_rubber_hand_link,largebox_link,-0.00046995388309414854,0.00046995388309414854,hand-box,True,False
119,ground,left_ankle_roll_sphere_5_link,world,left_ankle_roll_sphere_5_link,-0.0009077355510919141,0.0009077355510919141,foot-ground,True,False
119,torso_link,largebox,torso_link,largebox_link,-0.00095937931158048,0.00095937931158048,other-body-box,False,True
119,ground,right_ankle_roll_link,world,right_ankle_roll_link,-0.0013554990238775141,0.0013554990238775141,foot-ground,True,False
119,ground,left_ankle_roll_sphere_1_link,world,left_ankle_roll_sphere_1_link,-0.0007427410253633753,0.0007427410253633753,foot-ground,True,False
119,ground,right_ankle_roll_sphere_3_link,world,right_ankle_roll_sphere_3_link,-0.0008248320267882766,0.0008248320267882766,foot-ground,True,False
119,ground,left_ankle_roll_sphere_2_link,world,left_ankle_roll_sphere_2_link,-0.0005482739437745075,0.0005482739437745075,foot-ground,True,False
119,ground,right_ankle_roll_sphere_4_link,world,right_ankle_roll_sphere_4_link,-0.0009519604468026374,0.0009519604468026374,foot-ground,True,False
119,ground,right_ankle_roll_sphere_5_link,world,right_ankle_roll_sphere_5_link,-0.0009253739032463867,0.0009253739032463867,foot-ground,True,False
119,right_knee_link,right_ankle_roll_link,right_knee_link,right_ankle_roll_link,-0.029676600986375923,0.029676600986375923,self-collision,False,False
119,right_ankle_intermediate_1_link,right_ankle_roll_link,right_ankle_intermediate_1_link,right_ankle_roll_link,-0.0030238547402384464,0.0030238547402384464,self-collision,False,False
119,left_wrist_pitch_link,largebox,left_wrist_pitch_link,largebox_link,-0.00019056365045973245,0.00019056365045973245,other-body-box,False,True
119,ground,left_ankle_roll_link,world,left_ankle_roll_link,-0.0013959411431095428,0.0013959411431095428,foot-ground,True,False
119,left_knee_link,left_ankle_roll_link,left_knee_link,left_ankle_roll_link,-0.03725036329453574,0.03725036329453574,self-collision,False,False
119,left_rubber_hand_link,largebox,left_rubber_hand_link,largebox_link,-0.000958801759574815,0.000958801759574815,hand-box,True,False
119,ground,left_ankle_roll_sphere_3_link,world,left_ankle_roll_sphere_3_link,-0.000996812845674394,0.000996812845674394,foot-ground,True,False
119,ground,right_ankle_roll_sphere_1_link,world,right_ankle_roll_sphere_1_link,-0.0005211158969565732,0.0005211158969565732,foot-ground,True,False
119,ground,left_ankle_roll_sphere_4_link,world,left_ankle_roll_sphere_4_link,-0.0007634523477677525,0.0007634523477677525,foot-ground,True,False
120,ground,right_ankle_roll_sphere_2_link,world,right_ankle_roll_sphere_2_link,-0.0009347570535233633,0.0009347570535233633,foot-ground,True,False
120,ground,left_ankle_roll_sphere_5_link,world,left_ankle_roll_sphere_5_link,-0.0006367316270403959,0.0006367316270403959,foot-ground,True,False
120,torso_link,largebox,torso_link,largebox_link,-0.0007968588879974647,0.0007968588879974647,other-body-box,False,True
120,ground,right_ankle_roll_link,world,right_ankle_roll_link,-0.0014087513517450703,0.0014087513517450703,foot-ground,True,False
120,ground,left_ankle_roll_sphere_1_link,world,left_ankle_roll_sphere_1_link,-0.0009963366260936522,0.0009963366260936522,foot-ground,True,False
120,ground,left_ankle_roll_sphere_2_link,world,left_ankle_roll_sphere_2_link,-0.0004082136714770269,0.0004082136714770269,foot-ground,True,False
120,right_knee_link,right_ankle_roll_link,right_knee_link,right_ankle_roll_link,-0.027889148628348154,0.027889148628348154,self-collision,False,False
120,right_ankle_intermediate_1_link,right_ankle_roll_link,right_ankle_intermediate_1_link,right_ankle_roll_link,-0.003334517601901371,0.003334517601901371,self-collision,False,False
120,left_wrist_pitch_link,largebox,left_wrist_pitch_link,largebox_link,-0.00010743868335968965,0.00010743868335968965,other-body-box,False,True
120,ground,left_ankle_roll_link,world,left_ankle_roll_link,-0.0014977858074552118,0.0014977858074552118,foot-ground,True,False
120,left_knee_link,left_ankle_roll_link,left_knee_link,left_ankle_roll_link,-0.0377108137447853,0.0377108137447853,self-collision,False,False
120,left_rubber_hand_link,largebox,left_rubber_hand_link,largebox_link,-0.0009214996737105935,0.0009214996737105935,hand-box,True,False
120,ground,left_ankle_roll_sphere_3_link,world,left_ankle_roll_sphere_3_link,-0.000996504717888788,0.000996504717888788,foot-ground,True,False
120,ground,left_ankle_roll_sphere_4_link,world,left_ankle_roll_sphere_4_link,-0.00029075717234883485,0.00029075717234883485,foot-ground,True,False
121,ground,right_ankle_roll_sphere_2_link,world,right_ankle_roll_sphere_2_link,-0.0009577527781831656,0.0009577527781831656,foot-ground,True,False
121,right_rubber_hand_link,largebox,right_rubber_hand_link,largebox_link,-0.003998720998815597,0.003998720998815597,hand-box,True,False
121,ground,left_ankle_roll_sphere_5_link,world,left_ankle_roll_sphere_5_link,-0.000780082143429661,0.000780082143429661,foot-ground,True,False
121,torso_link,largebox,torso_link,largebox_link,-0.0009935968643858678,0.0009935968643858678,other-body-box,False,True
121,ground,right_ankle_roll_link,world,right_ankle_roll_link,-0.0015613243424977795,0.0015613243424977795,foot-ground,True,False
121,ground,left_ankle_roll_sphere_1_link,world,left_ankle_roll_sphere_1_link,-0.000727430292877653,0.000727430292877653,foot-ground,True,False
121,ground,left_ankle_roll_sphere_2_link,world,left_ankle_roll_sphere_2_link,-0.00032199529726346845,0.00032199529726346845,foot-ground,True,False
121,right_knee_link,right_ankle_roll_link,right_knee_link,right_ankle_roll_link,-0.02590979645850644,0.02590979645850644,self-collision,False,False
121,right_ankle_intermediate_1_link,right_ankle_roll_link,right_ankle_intermediate_1_link,right_ankle_roll_link,-0.003221272827813884,0.003221272827813884,self-collision,False,False
121,left_wrist_pitch_link,largebox,left_wrist_pitch_link,largebox_link,-7.5482281780892e-05,7.5482281780892e-05,other-body-box,False,True
121,ground,left_ankle_roll_link,world,left_ankle_roll_link,-0.0014114789107978823,0.0014114789107978823,foot-ground,True,False
121,left_knee_link,left_ankle_roll_link,left_knee_link,left_ankle_roll_link,-0.03835197826646311,0.03835197826646311,self-collision,False,False
121,left_rubber_hand_link,largebox,left_rubber_hand_link,largebox_link,-0.0007708705792164039,0.0007708705792164039,hand-box,True,False
121,ground,left_ankle_roll_sphere_3_link,world,left_ankle_roll_sphere_3_link,-0.0009964621567603712,0.0009964621567603712,foot-ground,True,False
121,ground,left_ankle_roll_sphere_4_link,world,left_ankle_roll_sphere_4_link,-0.0005099401620233491,0.0005099401620233491,foot-ground,True,False
122,ground,right_ankle_roll_sphere_2_link,world,right_ankle_roll_sphere_2_link,-0.0009921092355452991,0.0009921092355452991,foot-ground,True,False
122,right_rubber_hand_link,largebox,right_rubber_hand_link,largebox_link,-0.001070254197805584,0.001070254197805584,hand-box,True,False
122,torso_link,largebox,torso_link,largebox_link,-0.000996161426119302,0.000996161426119302,other-body-box,False,True
122,ground,right_ankle_roll_link,world,right_ankle_roll_link,-0.001592558994703331,0.001592558994703331,foot-ground,True,False
122,ground,left_ankle_roll_sphere_1_link,world,left_ankle_roll_sphere_1_link,-0.000589881754445863,0.000589881754445863,foot-ground,True,False
122,ground,left_ankle_roll_sphere_2_link,world,left_ankle_roll_sphere_2_link,-0.00020800754794397368,0.00020800754794397368,foot-ground,True,False
122,right_knee_link,right_ankle_roll_link,right_knee_link,right_ankle_roll_link,-0.025859685558350387,0.025859685558350387,self-collision,False,False
122,right_ankle_intermediate_1_link,right_ankle_roll_link,right_ankle_intermediate_1_link,right_ankle_roll_link,-0.0032230830750894085,0.0032230830750894085,self-collision,False,False
122,ground,left_ankle_roll_link,world,left_ankle_roll_link,-0.0009982391250077556,0.0009982391250077556,foot-ground,True,False
122,left_knee_link,left_ankle_roll_link,left_knee_link,left_ankle_roll_link,-0.03944146460679218,0.03944146460679218,self-collision,False,False
122,left_rubber_hand_link,largebox,left_rubber_hand_link,largebox_link,-0.0008193295639002118,0.0008193295639002118,hand-box,True,False
123,ground,right_ankle_roll_sphere_2_link,world,right_ankle_roll_sphere_2_link,-0.0009946867938322194,0.0009946867938322194,foot-ground,True,False
123,right_rubber_hand_link,largebox,right_rubber_hand_link,largebox_link,-0.000977162766746545,0.000977162766746545,hand-box,True,False
123,left_shoulder_yaw_link,largebox,left_shoulder_yaw_link,largebox_link,-0.0006599881739301899,0.0006599881739301899,other-body-box,False,True
123,torso_link,largebox,torso_link,largebox_link,-0.0010109763120804832,0.0010109763120804832,other-body-box,False,True
123,ground,right_ankle_roll_link,world,right_ankle_roll_link,-0.0015823561053201728,0.0015823561053201728,foot-ground,True,False
123,right_knee_link,right_ankle_roll_link,right_knee_link,right_ankle_roll_link,-0.02723822262005368,0.02723822262005368,self-collision,False,False
123,right_ankle_intermediate_1_link,right_ankle_roll_link,right_ankle_intermediate_1_link,right_ankle_roll_link,-0.0033860482914040424,0.0033860482914040424,self-collision,False,False
123,left_knee_link,left_ankle_roll_link,left_knee_link,left_ankle_roll_link,-0.04030436536279691,0.04030436536279691,self-collision,False,False
123,left_rubber_hand_link,largebox,left_rubber_hand_link,largebox_link,-0.0006653112485417584,0.0006653112485417584,hand-box,True,False
124,ground,right_ankle_roll_sphere_2_link,world,right_ankle_roll_sphere_2_link,-0.0009923022494224372,0.0009923022494224372,foot-ground,True,False
124,right_rubber_hand_link,largebox,right_rubber_hand_link,largebox_link,-0.0006939114645041489,0.0006939114645041489,hand-box,True,False
124,left_shoulder_yaw_link,largebox,left_shoulder_yaw_link,largebox_link,-0.0007100559001841089,0.0007100559001841089,other-body-box,False,True
124,torso_link,largebox,torso_link,largebox_link,-0.000935415545841381,0.000935415545841381,other-body-box,False,True
124,ground,right_ankle_roll_link,world,right_ankle_roll_link,-0.0015737136613850344,0.0015737136613850344,foot-ground,True,False
124,right_knee_link,right_ankle_roll_link,right_knee_link,right_ankle_roll_link,-0.028464737521742445,0.028464737521742445,self-collision,False,False
124,right_ankle_intermediate_1_link,right_ankle_roll_link,right_ankle_intermediate_1_link,right_ankle_roll_link,-0.00330724658897108,0.00330724658897108,self-collision,False,False
124,left_knee_link,left_ankle_roll_link,left_knee_link,left_ankle_roll_link,-0.04091346225496251,0.04091346225496251,self-collision,False,False
124,left_rubber_hand_link,largebox,left_rubber_hand_link,largebox_link,-0.00045599077642113905,0.00045599077642113905,hand-box,True,False
125,ground,right_ankle_roll_sphere_2_link,world,right_ankle_roll_sphere_2_link,-0.0009910394513096372,0.0009910394513096372,foot-ground,True,False
125,right_rubber_hand_link,largebox,right_rubber_hand_link,largebox_link,-0.0006804492791326611,0.0006804492791326611,hand-box,True,False
125,left_shoulder_yaw_link,largebox,left_shoulder_yaw_link,largebox_link,-0.0007661352170665742,0.0007661352170665742,other-body-box,False,True
125,torso_link,largebox,torso_link,largebox_link,-0.0009612706003139376,0.0009612706003139376,other-body-box,False,True
125,ground,right_ankle_roll_link,world,right_ankle_roll_link,-0.0015584622211470868,0.0015584622211470868,foot-ground,True,False
125,right_knee_link,right_ankle_roll_link,right_knee_link,right_ankle_roll_link,-0.029470860528537923,0.029470860528537923,self-collision,False,False
125,right_ankle_intermediate_1_link,right_ankle_roll_link,right_ankle_intermediate_1_link,right_ankle_roll_link,-0.0031741475531830987,0.0031741475531830987,self-collision,False,False
125,left_knee_link,left_ankle_roll_link,left_knee_link,left_ankle_roll_link,-0.04196173384806684,0.04196173384806684,self-collision,False,False
125,left_rubber_hand_link,largebox,left_rubber_hand_link,largebox_link,-0.0004196453165477565,0.0004196453165477565,hand-box,True,False
126,ground,right_ankle_roll_sphere_2_link,world,right_ankle_roll_sphere_2_link,-0.0009931725087633817,0.0009931725087633817,foot-ground,True,False
126,right_rubber_hand_link,largebox,right_rubber_hand_link,largebox_link,-0.0009185377128985012,0.0009185377128985012,hand-box,True,False
126,left_shoulder_yaw_link,largebox,left_shoulder_yaw_link,largebox_link,-0.0008304632663861528,0.0008304632663861528,other-body-box,False,True
126,torso_link,largebox,torso_link,largebox_link,-0.0009803971448957977,0.0009803971448957977,other-body-box,False,True
126,ground,right_ankle_roll_link,world,right_ankle_roll_link,-0.0015737612734833713,0.0015737612734833713,foot-ground,True,False
126,right_knee_link,right_ankle_roll_link,right_knee_link,right_ankle_roll_link,-0.030522275312472896,0.030522275312472896,self-collision,False,False
126,right_ankle_intermediate_1_link,right_ankle_roll_link,right_ankle_intermediate_1_link,right_ankle_roll_link,-0.003184692466804681,0.003184692466804681,self-collision,False,False
126,left_knee_link,left_ankle_roll_link,left_knee_link,left_ankle_roll_link,-0.042854367503320556,0.042854367503320556,self-collision,False,False
126,left_rubber_hand_link,largebox,left_rubber_hand_link,largebox_link,-0.000521901946257633,0.000521901946257633,hand-box,True,False
127,ground,right_ankle_roll_sphere_2_link,world,right_ankle_roll_sphere_2_link,-0.0009923506067559358,0.0009923506067559358,foot-ground,True,False
127,right_rubber_hand_link,largebox,right_rubber_hand_link,largebox_link,-0.0009483630991817538,0.0009483630991817538,hand-box,True,False
127,left_shoulder_yaw_link,largebox,left_shoulder_yaw_link,largebox_link,-0.0007347043692955274,0.0007347043692955274,other-body-box,False,True
127,torso_link,largebox,torso_link,largebox_link,-0.0009731602269185263,0.0009731602269185263,other-body-box,False,True
127,ground,right_ankle_roll_link,world,right_ankle_roll_link,-0.0015818268416337398,0.0015818268416337398,foot-ground,True,False
127,right_knee_link,right_ankle_roll_link,right_knee_link,right_ankle_roll_link,-0.03106174112344226,0.03106174112344226,self-collision,False,False
127,right_ankle_intermediate_1_link,right_ankle_roll_link,right_ankle_intermediate_1_link,right_ankle_roll_link,-0.003080055432102255,0.003080055432102255,self-collision,False,False
127,left_knee_link,left_ankle_roll_link,left_knee_link,left_ankle_roll_link,-0.042453473225183946,0.042453473225183946,self-collision,False,False
127,left_rubber_hand_link,largebox,left_rubber_hand_link,largebox_link,-0.000956039735170014,0.000956039735170014,hand-box,True,False
128,ground,right_ankle_roll_sphere_2_link,world,right_ankle_roll_sphere_2_link,-0.0009953584120509116,0.0009953584120509116,foot-ground,True,False
128,right_rubber_hand_link,largebox,right_rubber_hand_link,largebox_link,-0.0007915395972039191,0.0007915395972039191,hand-box,True,False
128,left_shoulder_yaw_link,largebox,left_shoulder_yaw_link,largebox_link,-0.000743824395158868,0.000743824395158868,other-body-box,False,True
128,torso_link,largebox,torso_link,largebox_link,-0.000958422417247265,0.000958422417247265,other-body-box,False,True
128,ground,right_ankle_roll_link,world,right_ankle_roll_link,-0.0015953994335639599,0.0015953994335639599,foot-ground,True,False
128,right_knee_link,right_ankle_roll_link,right_knee_link,right_ankle_roll_link,-0.03091923227084356,0.03091923227084356,self-collision,False,False
128,right_ankle_intermediate_1_link,right_ankle_roll_link,right_ankle_intermediate_1_link,right_ankle_roll_link,-0.003183149648024644,0.003183149648024644,self-collision,False,False
128,left_knee_link,left_ankle_roll_link,left_knee_link,left_ankle_roll_link,-0.042339286283936295,0.042339286283936295,self-collision,False,False
128,left_rubber_hand_link,largebox,left_rubber_hand_link,largebox_link,-0.0005238577362353947,0.0005238577362353947,hand-box,True,False
129,ground,right_ankle_roll_sphere_2_link,world,right_ankle_roll_sphere_2_link,-0.000994057838328971,0.000994057838328971,foot-ground,True,False
129,right_rubber_hand_link,largebox,right_rubber_hand_link,largebox_link,-0.0007867747862582986,0.0007867747862582986,hand-box,True,False
129,left_shoulder_yaw_link,largebox,left_shoulder_yaw_link,largebox_link,-0.0007605139044408599,0.0007605139044408599,other-body-box,False,True
129,torso_link,largebox,torso_link,largebox_link,-0.0009865989941292286,0.0009865989941292286,other-body-box,False,True
129,ground,right_ankle_roll_link,world,right_ankle_roll_link,-0.0015745518351503,0.0015745518351503,foot-ground,True,False
129,right_knee_link,right_ankle_roll_link,right_knee_link,right_ankle_roll_link,-0.030775719007635177,0.030775719007635177,self-collision,False,False
129,right_ankle_intermediate_1_link,right_ankle_roll_link,right_ankle_intermediate_1_link,right_ankle_roll_link,-0.0031260023980791,0.0031260023980791,self-collision,False,False
129,left_knee_link,left_ankle_roll_link,left_knee_link,left_ankle_roll_link,-0.04204479478624107,0.04204479478624107,self-collision,False,False
129,left_rubber_hand_link,largebox,left_rubber_hand_link,largebox_link,-0.0002645910441212984,0.0002645910441212984,hand-box,True,False
130,ground,right_ankle_roll_sphere_2_link,world,right_ankle_roll_sphere_2_link,-0.0009948583029491835,0.0009948583029491835,foot-ground,True,False
130,right_rubber_hand_link,largebox,right_rubber_hand_link,largebox_link,-0.0008524567696233248,0.0008524567696233248,hand-box,True,False
130,left_shoulder_yaw_link,largebox,left_shoulder_yaw_link,largebox_link,-0.0007543952319522401,0.0007543952319522401,other-body-box,False,True
130,torso_link,largebox,torso_link,largebox_link,-0.0009081247717515617,0.0009081247717515617,other-body-box,False,True
130,ground,right_ankle_roll_link,world,right_ankle_roll_link,-0.001562431291369324,0.001562431291369324,foot-ground,True,False
130,right_knee_link,right_ankle_roll_link,right_knee_link,right_ankle_roll_link,-0.030644759215404715,0.030644759215404715,self-collision,False,False
130,right_ankle_intermediate_1_link,right_ankle_roll_link,right_ankle_intermediate_1_link,right_ankle_roll_link,-0.003219973722740632,0.003219973722740632,self-collision,False,False
130,left_knee_link,left_ankle_roll_link,left_knee_link,left_ankle_roll_link,-0.0414035409196426,0.0414035409196426,self-collision,False,False
130,left_rubber_hand_link,largebox,left_rubber_hand_link,largebox_link,-1.4084495459754098e-05,1.4084495459754098e-05,hand-box,True,False
131,ground,right_ankle_roll_sphere_2_link,world,right_ankle_roll_sphere_2_link,-0.0009925093425522764,0.0009925093425522764,foot-ground,True,False
131,right_rubber_hand_link,largebox,right_rubber_hand_link,largebox_link,-0.0008130952899961241,0.0008130952899961241,hand-box,True,False
131,left_shoulder_yaw_link,largebox,left_shoulder_yaw_link,largebox_link,-0.000673066841612821,0.000673066841612821,other-body-box,False,True
131,ground,right_ankle_roll_link,world,right_ankle_roll_link,-0.0015399539154106884,0.0015399539154106884,foot-ground,True,False
131,right_knee_link,right_ankle_roll_link,right_knee_link,right_ankle_roll_link,-0.030381664744099007,0.030381664744099007,self-collision,False,False
131,right_ankle_intermediate_1_link,right_ankle_roll_link,right_ankle_intermediate_1_link,right_ankle_roll_link,-0.0031444530191156034,0.0031444530191156034,self-collision,False,False
131,left_knee_link,left_ankle_roll_link,left_knee_link,left_ankle_roll_link,-0.04052458651317778,0.04052458651317778,self-collision,False,False
132,ground,right_ankle_roll_sphere_2_link,world,right_ankle_roll_sphere_2_link,-0.0009928052802104194,0.0009928052802104194,foot-ground,True,False
132,right_rubber_hand_link,largebox,right_rubber_hand_link,largebox_link,-0.0008187674588193417,0.0008187674588193417,hand-box,True,False
132,left_shoulder_yaw_link,largebox,left_shoulder_yaw_link,largebox_link,-0.0007084625099165326,0.0007084625099165326,other-body-box,False,True
132,ground,right_ankle_roll_link,world,right_ankle_roll_link,-0.0015218800474563615,0.0015218800474563615,foot-ground,True,False
132,ground,left_ankle_roll_sphere_2_link,world,left_ankle_roll_sphere_2_link,-0.0006050530308959632,0.0006050530308959632,foot-ground,True,False
132,right_knee_link,right_ankle_roll_link,right_knee_link,right_ankle_roll_link,-0.030158206295188672,0.030158206295188672,self-collision,False,False
132,right_ankle_intermediate_1_link,right_ankle_roll_link,right_ankle_intermediate_1_link,right_ankle_roll_link,-0.0031433979492914987,0.0031433979492914987,self-collision,False,False
132,ground,left_ankle_roll_link,world,left_ankle_roll_link,-0.0009813802224909324,0.0009813802224909324,foot-ground,True,False
132,left_knee_link,left_ankle_roll_link,left_knee_link,left_ankle_roll_link,-0.039527254095001185,0.039527254095001185,self-collision,False,False
133,ground,right_ankle_roll_sphere_2_link,world,right_ankle_roll_sphere_2_link,-0.0009962308291676615,0.0009962308291676615,foot-ground,True,False
133,right_rubber_hand_link,largebox,right_rubber_hand_link,largebox_link,-0.0008832170760718627,0.0008832170760718627,hand-box,True,False
133,left_shoulder_yaw_link,largebox,left_shoulder_yaw_link,largebox_link,-0.000733104263404602,0.000733104263404602,other-body-box,False,True
133,ground,right_ankle_roll_link,world,right_ankle_roll_link,-0.00151409787783148,0.00151409787783148,foot-ground,True,False
133,ground,left_ankle_roll_sphere_2_link,world,left_ankle_roll_sphere_2_link,-0.0005033266389571729,0.0005033266389571729,foot-ground,True,False
133,ground,right_ankle_roll_sphere_4_link,world,right_ankle_roll_sphere_4_link,-2.4689954905127674e-05,2.4689954905127674e-05,foot-ground,True,False
133,right_knee_link,right_ankle_roll_link,right_knee_link,right_ankle_roll_link,-0.029738779352970646,0.029738779352970646,self-collision,False,False
133,right_ankle_intermediate_1_link,right_ankle_roll_link,right_ankle_intermediate_1_link,right_ankle_roll_link,-0.0032453540388448637,0.0032453540388448637,self-collision,False,False
133,ground,left_ankle_roll_link,world,left_ankle_roll_link,-0.0009450506872175982,0.0009450506872175982,foot-ground,True,False
133,left_knee_link,left_ankle_roll_link,left_knee_link,left_ankle_roll_link,-0.03483559619632451,0.03483559619632451,self-collision,False,False
134,ground,right_ankle_roll_sphere_2_link,world,right_ankle_roll_sphere_2_link,-0.0009920094040894055,0.0009920094040894055,foot-ground,True,False
134,right_rubber_hand_link,largebox,right_rubber_hand_link,largebox_link,-0.0009519225273203064,0.0009519225273203064,hand-box,True,False
134,left_ankle_intermediate_1_link,left_ankle_roll_link,left_ankle_intermediate_1_link,left_ankle_roll_link,-0.002788480027727705,0.002788480027727705,self-collision,False,False
134,left_shoulder_yaw_link,largebox,left_shoulder_yaw_link,largebox_link,-0.0005444204419402382,0.0005444204419402382,other-body-box,False,True
134,ground,right_ankle_roll_link,world,right_ankle_roll_link,-0.001488994706036844,0.001488994706036844,foot-ground,True,False
134,ground,left_ankle_roll_sphere_2_link,world,left_ankle_roll_sphere_2_link,-0.00022553519306451036,0.00022553519306451036,foot-ground,True,False
134,ground,right_ankle_roll_sphere_4_link,world,right_ankle_roll_sphere_4_link,-9.22277246620173e-05,9.22277246620173e-05,foot-ground,True,False
134,right_knee_link,right_ankle_roll_link,right_knee_link,right_ankle_roll_link,-0.0297155545222223,0.0297155545222223,self-collision,False,False
134,right_ankle_intermediate_1_link,right_ankle_roll_link,right_ankle_intermediate_1_link,right_ankle_roll_link,-0.0032336345579110637,0.0032336345579110637,self-collision,False,False
134,ground,left_ankle_roll_link,world,left_ankle_roll_link,-0.0010349496972325602,0.0010349496972325602,foot-ground,True,False
134,left_knee_link,left_ankle_roll_link,left_knee_link,left_ankle_roll_link,-0.02884870749494814,0.02884870749494814,self-collision,False,False
134,left_rubber_hand_link,largebox,left_rubber_hand_link,largebox_link,-0.0003461722283408658,0.0003461722283408658,hand-box,True,False
135,ground,right_ankle_roll_sphere_2_link,world,right_ankle_roll_sphere_2_link,-0.0009952410039859748,0.0009952410039859748,foot-ground,True,False
135,right_rubber_hand_link,largebox,right_rubber_hand_link,largebox_link,-0.000824253135640135,0.000824253135640135,hand-box,True,False
135,ground,left_ankle_roll_sphere_5_link,world,left_ankle_roll_sphere_5_link,-0.0006190060629171585,0.0006190060629171585,foot-ground,True,False
135,left_ankle_intermediate_1_link,left_ankle_roll_link,left_ankle_intermediate_1_link,left_ankle_roll_link,-0.0026754202791902243,0.0026754202791902243,self-collision,False,False
135,left_shoulder_yaw_link,largebox,left_shoulder_yaw_link,largebox_link,-0.0004969633582515565,0.0004969633582515565,other-body-box,False,True
135,ground,right_ankle_roll_link,world,right_ankle_roll_link,-0.0014835403237906525,0.0014835403237906525,foot-ground,True,False
135,ground,left_ankle_roll_sphere_2_link,world,left_ankle_roll_sphere_2_link,-0.0005620083404771345,0.0005620083404771345,foot-ground,True,False
135,ground,right_ankle_roll_sphere_4_link,world,right_ankle_roll_sphere_4_link,-0.00012389679695834748,0.00012389679695834748,foot-ground,True,False
135,right_knee_link,right_ankle_roll_link,right_knee_link,right_ankle_roll_link,-0.029755685839968682,0.029755685839968682,self-collision,False,False
135,right_ankle_intermediate_1_link,right_ankle_roll_link,right_ankle_intermediate_1_link,right_ankle_roll_link,-0.003194629870070173,0.003194629870070173,self-collision,False,False
135,ground,left_ankle_roll_link,world,left_ankle_roll_link,-0.0014157322137881498,0.0014157322137881498,foot-ground,True,False
135,left_knee_link,left_ankle_roll_link,left_knee_link,left_ankle_roll_link,-0.024688084460974508,0.024688084460974508,self-collision,False,False
135,left_rubber_hand_link,largebox,left_rubber_hand_link,largebox_link,-0.0001473686663621271,0.0001473686663621271,hand-box,True,False
135,ground,left_ankle_roll_sphere_3_link,world,left_ankle_roll_sphere_3_link,-0.00016752036438715933,0.00016752036438715933,foot-ground,True,False
135,ground,left_ankle_roll_sphere_4_link,world,left_ankle_roll_sphere_4_link,-0.000986639670244249,0.000986639670244249,foot-ground,True,False
136,ground,right_ankle_roll_sphere_2_link,world,right_ankle_roll_sphere_2_link,-0.0009967197560710973,0.0009967197560710973,foot-ground,True,False
136,right_rubber_hand_link,largebox,right_rubber_hand_link,largebox_link,-0.0008443890720379738,0.0008443890720379738,hand-box,True,False
136,ground,left_ankle_roll_sphere_5_link,world,left_ankle_roll_sphere_5_link,-0.0007688734815037178,0.0007688734815037178,foot-ground,True,False
136,left_ankle_intermediate_1_link,left_ankle_roll_link,left_ankle_intermediate_1_link,left_ankle_roll_link,-0.0025436829624538304,0.0025436829624538304,self-collision,False,False
136,left_shoulder_yaw_link,largebox,left_shoulder_yaw_link,largebox_link,-0.0004169955590892227,0.0004169955590892227,other-body-box,False,True
136,ground,right_ankle_roll_link,world,right_ankle_roll_link,-0.0014660952957313428,0.0014660952957313428,foot-ground,True,False
136,ground,left_ankle_roll_sphere_1_link,world,left_ankle_roll_sphere_1_link,-0.0006247149108272098,0.0006247149108272098,foot-ground,True,False
136,ground,left_ankle_roll_sphere_2_link,world,left_ankle_roll_sphere_2_link,-0.0009960784030778628,0.0009960784030778628,foot-ground,True,False
136,ground,right_ankle_roll_sphere_4_link,world,right_ankle_roll_sphere_4_link,-0.0001948972758448837,0.0001948972758448837,foot-ground,True,False
136,right_knee_link,right_ankle_roll_link,right_knee_link,right_ankle_roll_link,-0.029713327531597472,0.029713327531597472,self-collision,False,False
136,right_ankle_intermediate_1_link,right_ankle_roll_link,right_ankle_intermediate_1_link,right_ankle_roll_link,-0.0032326830039914323,0.0032326830039914323,self-collision,False,False
136,ground,left_ankle_roll_link,world,left_ankle_roll_link,-0.0014592223357653804,0.0014592223357653804,foot-ground,True,False
136,left_knee_link,left_ankle_roll_link,left_knee_link,left_ankle_roll_link,-0.02433243650947793,0.02433243650947793,self-collision,False,False
136,left_rubber_hand_link,largebox,left_rubber_hand_link,largebox_link,-0.00022075156553724717,0.00022075156553724717,hand-box,True,False
136,ground,left_ankle_roll_sphere_3_link,world,left_ankle_roll_sphere_3_link,-0.0005504262467268877,0.0005504262467268877,foot-ground,True,False
136,ground,left_ankle_roll_sphere_4_link,world,left_ankle_roll_sphere_4_link,-0.0009960624374276686,0.0009960624374276686,foot-ground,True,False
137,ground,right_ankle_roll_sphere_2_link,world,right_ankle_roll_sphere_2_link,-0.0009979893897609877,0.0009979893897609877,foot-ground,True,False
137,right_rubber_hand_link,largebox,right_rubber_hand_link,largebox_link,-0.0008258175665737943,0.0008258175665737943,hand-box,True,False
137,ground,left_ankle_roll_sphere_5_link,world,left_ankle_roll_sphere_5_link,-0.000807542989126774,0.000807542989126774,foot-ground,True,False
137,left_ankle_intermediate_1_link,left_ankle_roll_link,left_ankle_intermediate_1_link,left_ankle_roll_link,-0.0025468316065594965,0.0025468316065594965,self-collision,False,False
137,left_shoulder_yaw_link,largebox,left_shoulder_yaw_link,largebox_link,-0.0007489677439961595,0.0007489677439961595,other-body-box,False,True
137,ground,right_ankle_roll_link,world,right_ankle_roll_link,-0.0014489270597235968,0.0014489270597235968,foot-ground,True,False
137,ground,left_ankle_roll_sphere_1_link,world,left_ankle_roll_sphere_1_link,-0.0006872979514095301,0.0006872979514095301,foot-ground,True,False
137,ground,left_ankle_roll_sphere_2_link,world,left_ankle_roll_sphere_2_link,-0.000997010536128047,0.000997010536128047,foot-ground,True,False
137,ground,right_ankle_roll_sphere_4_link,world,right_ankle_roll_sphere_4_link,-0.00026534368558789583,0.00026534368558789583,foot-ground,True,False
137,right_knee_link,right_ankle_roll_link,right_knee_link,right_ankle_roll_link,-0.02937747991451764,0.02937747991451764,self-collision,False,False
137,right_ankle_intermediate_1_link,right_ankle_roll_link,right_ankle_intermediate_1_link,right_ankle_roll_link,-0.0033064572605935316,0.0033064572605935316,self-collision,False,False
137,ground,left_ankle_roll_link,world,left_ankle_roll_link,-0.001449554128877345,0.001449554128877345,foot-ground,True,False
137,left_knee_link,left_ankle_roll_link,left_knee_link,left_ankle_roll_link,-0.024236751497082473,0.024236751497082473,self-collision,False,False
137,left_rubber_hand_link,largebox,left_rubber_hand_link,largebox_link,-0.0005839560474320826,0.0005839560474320826,hand-box,True,False
137,ground,left_ankle_roll_sphere_3_link,world,left_ankle_roll_sphere_3_link,-0.0006253587282579803,0.0006253587282579803,foot-ground,True,False
137,ground,left_ankle_roll_sphere_4_link,world,left_ankle_roll_sphere_4_link,-0.0009970138299202026,0.0009970138299202026,foot-ground,True,False
138,ground,right_ankle_roll_sphere_2_link,world,right_ankle_roll_sphere_2_link,-0.0009988693864212582,0.0009988693864212582,foot-ground,True,False
138,right_rubber_hand_link,largebox,right_rubber_hand_link,largebox_link,-0.0007299329927252379,0.0007299329927252379,hand-box,True,False
138,ground,left_ankle_roll_sphere_5_link,world,left_ankle_roll_sphere_5_link,-0.0008076421935415542,0.0008076421935415542,foot-ground,True,False
138,left_ankle_intermediate_1_link,left_ankle_roll_link,left_ankle_intermediate_1_link,left_ankle_roll_link,-0.002497524971826065,0.002497524971826065,self-collision,False,False
138,left_shoulder_yaw_link,largebox,left_shoulder_yaw_link,largebox_link,-0.0003605347530282049,0.0003605347530282049,other-body-box,False,True
138,ground,right_ankle_roll_link,world,right_ankle_roll_link,-0.0014442411161448808,0.0014442411161448808,foot-ground,True,False
138,ground,left_ankle_roll_sphere_1_link,world,left_ankle_roll_sphere_1_link,-0.0006876349781279592,0.0006876349781279592,foot-ground,True,False
138,ground,left_ankle_roll_sphere_2_link,world,left_ankle_roll_sphere_2_link,-0.0009974000228606351,0.0009974000228606351,foot-ground,True,False
138,ground,right_ankle_roll_sphere_4_link,world,right_ankle_roll_sphere_4_link,-0.00037558504593140137,0.00037558504593140137,foot-ground,True,False
138,pelvis_contour_link,left_hip_roll_link,pelvis_contour_link,left_hip_roll_link,-0.0003661109233252663,0.0003661109233252663,self-collision,False,False
138,right_knee_link,right_ankle_roll_link,right_knee_link,right_ankle_roll_link,-0.02930115434172159,0.02930115434172159,self-collision,False,False
138,right_ankle_intermediate_1_link,right_ankle_roll_link,right_ankle_intermediate_1_link,right_ankle_roll_link,-0.0032718040069306537,0.0032718040069306537,self-collision,False,False
138,ground,left_ankle_roll_link,world,left_ankle_roll_link,-0.0014498209778785569,0.0014498209778785569,foot-ground,True,False
138,left_knee_link,left_ankle_roll_link,left_knee_link,left_ankle_roll_link,-0.024343382292710145,0.024343382292710145,self-collision,False,False
138,ground,left_ankle_roll_sphere_3_link,world,left_ankle_roll_sphere_3_link,-0.0006254542516443444,0.0006254542516443444,foot-ground,True,False
138,ground,left_ankle_roll_sphere_4_link,world,left_ankle_roll_sphere_4_link,-0.0009971723053235548,0.0009971723053235548,foot-ground,True,False
139,ground,right_ankle_roll_sphere_2_link,world,right_ankle_roll_sphere_2_link,-0.0009986294539474213,0.0009986294539474213,foot-ground,True,False
139,pelvis_contour_link,right_hip_roll_link,pelvis_contour_link,right_hip_roll_link,-0.0007755402251237858,0.0007755402251237858,self-collision,False,False
139,right_rubber_hand_link,largebox,right_rubber_hand_link,largebox_link,-0.0007620774899113475,0.0007620774899113475,hand-box,True,False
139,ground,left_ankle_roll_sphere_5_link,world,left_ankle_roll_sphere_5_link,-0.0008109696583357999,0.0008109696583357999,foot-ground,True,False
139,left_ankle_intermediate_1_link,left_ankle_roll_link,left_ankle_intermediate_1_link,left_ankle_roll_link,-0.0027479774982862304,0.0027479774982862304,self-collision,False,False
139,left_shoulder_yaw_link,largebox,left_shoulder_yaw_link,largebox_link,-5.7103427010388175e-05,5.7103427010388175e-05,other-body-box,False,True
139,ground,right_ankle_roll_link,world,right_ankle_roll_link,-0.0014267423134619595,0.0014267423134619595,foot-ground,True,False
139,ground,left_ankle_roll_sphere_1_link,world,left_ankle_roll_sphere_1_link,-0.0006921443037255217,0.0006921443037255217,foot-ground,True,False
139,ground,left_ankle_roll_sphere_2_link,world,left_ankle_roll_sphere_2_link,-0.0009966708513618637,0.0009966708513618637,foot-ground,True,False
139,ground,right_ankle_roll_sphere_4_link,world,right_ankle_roll_sphere_4_link,-0.0004435720693525052,0.0004435720693525052,foot-ground,True,False
139,pelvis_contour_link,left_hip_roll_link,pelvis_contour_link,left_hip_roll_link,-0.0017515018005559296,0.0017515018005559296,self-collision,False,False
139,right_knee_link,right_ankle_roll_link,right_knee_link,right_ankle_roll_link,-0.028870969151623377,0.028870969151623377,self-collision,False,False
139,right_ankle_intermediate_1_link,right_ankle_roll_link,right_ankle_intermediate_1_link,right_ankle_roll_link,-0.003302116398326657,0.003302116398326657,self-collision,False,False
139,ground,left_ankle_roll_link,world,left_ankle_roll_link,-0.0014486242352951574,0.0014486242352951574,foot-ground,True,False
139,left_knee_link,left_ankle_roll_link,left_knee_link,left_ankle_roll_link,-0.02459396276733046,0.02459396276733046,self-collision,False,False
139,left_rubber_hand_link,largebox,left_rubber_hand_link,largebox_link,-0.0012904735190995692,0.0012904735190995692,hand-box,True,False
139,ground,left_ankle_roll_sphere_3_link,world,left_ankle_roll_sphere_3_link,-0.0006317735107232497,0.0006317735107232497,foot-ground,True,False
139,ground,right_ankle_roll_sphere_1_link,world,right_ankle_roll_sphere_1_link,-0.00014810964393662928,0.00014810964393662928,foot-ground,True,False
139,ground,left_ankle_roll_sphere_4_link,world,left_ankle_roll_sphere_4_link,-0.0009972053678868565,0.0009972053678868565,foot-ground,True,False
140,ground,right_ankle_roll_sphere_2_link,world,right_ankle_roll_sphere_2_link,-0.0009985842644354556,0.0009985842644354556,foot-ground,True,False
140,pelvis_contour_link,right_hip_roll_link,pelvis_contour_link,right_hip_roll_link,-0.0026577337537724566,0.0026577337537724566,self-collision,False,False
140,right_rubber_hand_link,largebox,right_rubber_hand_link,largebox_link,-0.0007037406224652126,0.0007037406224652126,hand-box,True,False
140,ground,left_ankle_roll_sphere_5_link,world,left_ankle_roll_sphere_5_link,-0.0008097744429819689,0.0008097744429819689,foot-ground,True,False
140,left_ankle_intermediate_1_link,left_ankle_roll_link,left_ankle_intermediate_1_link,left_ankle_roll_link,-0.002943631866330912,0.002943631866330912,self-collision,False,False
140,left_shoulder_yaw_link,largebox,left_shoulder_yaw_link,largebox_link,-0.00035524411650150745,0.00035524411650150745,other-body-box,False,True
140,ground,right_ankle_roll_link,world,right_ankle_roll_link,-0.0014173623299716769,0.0014173623299716769,foot-ground,True,False
140,ground,left_ankle_roll_sphere_1_link,world,left_ankle_roll_sphere_1_link,-0.000690698370237215,0.000690698370237215,foot-ground,True,False
140,ground,left_ankle_roll_sphere_2_link,world,left_ankle_roll_sphere_2_link,-0.0009956398368523673,0.0009956398368523673,foot-ground,True,False
140,ground,right_ankle_roll_sphere_4_link,world,right_ankle_roll_sphere_4_link,-0.0004980404857176058,0.0004980404857176058,foot-ground,True,False
140,pelvis_contour_link,left_hip_roll_link,pelvis_contour_link,left_hip_roll_link,-0.0029727360057488633,0.0029727360057488633,self-collision,False,False
140,ground,right_ankle_roll_sphere_5_link,world,right_ankle_roll_sphere_5_link,-4.640029673790274e-05,4.640029673790274e-05,foot-ground,True,False
140,right_knee_link,right_ankle_roll_link,right_knee_link,right_ankle_roll_link,-0.028935775446511908,0.028935775446511908,self-collision,False,False
140,right_ankle_intermediate_1_link,right_ankle_roll_link,right_ankle_intermediate_1_link,right_ankle_roll_link,-0.0033281978541463836,0.0033281978541463836,self-collision,False,False
140,ground,left_ankle_roll_link,world,left_ankle_roll_link,-0.0014477103787527215,0.0014477103787527215,foot-ground,True,False
140,left_knee_link,left_ankle_roll_link,left_knee_link,left_ankle_roll_link,-0.025012883595491475,0.025012883595491475,self-collision,False,False
140,left_rubber_hand_link,largebox,left_rubber_hand_link,largebox_link,-0.001292106163617357,0.001292106163617357,hand-box,True,False
140,ground,left_ankle_roll_sphere_3_link,world,left_ankle_roll_sphere_3_link,-0.0006303247904405436,0.0006303247904405436,foot-ground,True,False
140,ground,right_ankle_roll_sphere_1_link,world,right_ankle_roll_sphere_1_link,-0.0003565846822028351,0.0003565846822028351,foot-ground,True,False
140,ground,left_ankle_roll_sphere_4_link,world,left_ankle_roll_sphere_4_link,-0.0009962545503787263,0.0009962545503787263,foot-ground,True,False
141,ground,right_ankle_roll_sphere_2_link,world,right_ankle_roll_sphere_2_link,-0.0009981176423109186,0.0009981176423109186,foot-ground,True,False
141,pelvis_contour_link,right_hip_roll_link,pelvis_contour_link,right_hip_roll_link,-0.0039760337097072,0.0039760337097072,self-collision,False,False
141,right_rubber_hand_link,largebox,right_rubber_hand_link,largebox_link,-0.0006294227585061513,0.0006294227585061513,hand-box,True,False
141,ground,left_ankle_roll_sphere_5_link,world,left_ankle_roll_sphere_5_link,-0.0008090698837548765,0.0008090698837548765,foot-ground,True,False
141,left_ankle_intermediate_1_link,left_ankle_roll_link,left_ankle_intermediate_1_link,left_ankle_roll_link,-0.0029277485392818076,0.0029277485392818076,self-collision,False,False
141,left_shoulder_yaw_link,largebox,left_shoulder_yaw_link,largebox_link,-0.0005099890201497315,0.0005099890201497315,other-body-box,False,True
141,ground,right_ankle_roll_link,world,right_ankle_roll_link,-0.0014088111246136313,0.0014088111246136313,foot-ground,True,False
141,ground,left_ankle_roll_sphere_1_link,world,left_ankle_roll_sphere_1_link,-0.0006900715167559223,0.0006900715167559223,foot-ground,True,False
141,ground,right_ankle_roll_sphere_3_link,world,right_ankle_roll_sphere_3_link,-6.064105947935824e-05,6.064105947935824e-05,foot-ground,True,False
141,ground,left_ankle_roll_sphere_2_link,world,left_ankle_roll_sphere_2_link,-0.0009945236679924736,0.0009945236679924736,foot-ground,True,False
141,ground,right_ankle_roll_sphere_4_link,world,right_ankle_roll_sphere_4_link,-0.0005768898314114116,0.0005768898314114116,foot-ground,True,False
141,pelvis_contour_link,left_hip_roll_link,pelvis_contour_link,left_hip_roll_link,-0.0029990635180211778,0.0029990635180211778,self-collision,False,False
141,ground,right_ankle_roll_sphere_5_link,world,right_ankle_roll_sphere_5_link,-0.00026414796992846237,0.00026414796992846237,foot-ground,True,False
141,right_knee_link,right_ankle_roll_link,right_knee_link,right_ankle_roll_link,-0.02913856534297815,0.02913856534297815,self-collision,False,False
141,right_ankle_intermediate_1_link,right_ankle_roll_link,right_ankle_intermediate_1_link,right_ankle_roll_link,-0.0032466666431484326,0.0032466666431484326,self-collision,False,False
141,ground,left_ankle_roll_link,world,left_ankle_roll_link,-0.0014465672032539685,0.0014465672032539685,foot-ground,True,False
141,left_knee_link,left_ankle_roll_link,left_knee_link,left_ankle_roll_link,-0.025616851119708767,0.025616851119708767,self-collision,False,False
141,left_rubber_hand_link,largebox,left_rubber_hand_link,largebox_link,-0.004044966889670723,0.004044966889670723,hand-box,True,False
141,ground,left_ankle_roll_sphere_3_link,world,left_ankle_roll_sphere_3_link,-0.0006298962465518211,0.0006298962465518211,foot-ground,True,False
141,ground,right_ankle_roll_sphere_1_link,world,right_ankle_roll_sphere_1_link,-0.0005679103323675402,0.0005679103323675402,foot-ground,True,False
141,ground,left_ankle_roll_sphere_4_link,world,left_ankle_roll_sphere_4_link,-0.0009952388280356798,0.0009952388280356798,foot-ground,True,False
142,ground,right_ankle_roll_sphere_2_link,world,right_ankle_roll_sphere_2_link,-0.0009972767916259636,0.0009972767916259636,foot-ground,True,False
142,pelvis_contour_link,right_hip_roll_link,pelvis_contour_link,right_hip_roll_link,-0.005014737093998176,0.005014737093998176,self-collision,False,False
142,right_rubber_hand_link,largebox,right_rubber_hand_link,largebox_link,-0.0009331299571672808,0.0009331299571672808,hand-box,True,False
142,ground,left_ankle_roll_sphere_5_link,world,left_ankle_roll_sphere_5_link,-0.0008090462513481852,0.0008090462513481852,foot-ground,True,False
142,left_ankle_intermediate_1_link,left_ankle_roll_link,left_ankle_intermediate_1_link,left_ankle_roll_link,-0.0029424745814611436,0.0029424745814611436,self-collision,False,False
142,left_shoulder_yaw_link,largebox,left_shoulder_yaw_link,largebox_link,-0.00010332824657764694,0.00010332824657764694,other-body-box,False,True
142,ground,right_ankle_roll_link,world,right_ankle_roll_link,-0.0014150090416843765,0.0014150090416843765,foot-ground,True,False
142,ground,left_ankle_roll_sphere_1_link,world,left_ankle_roll_sphere_1_link,-0.0006895777434543981,0.0006895777434543981,foot-ground,True,False
142,ground,right_ankle_roll_sphere_3_link,world,right_ankle_roll_sphere_3_link,-0.0006007131367936442,0.0006007131367936442,foot-ground,True,False
142,ground,left_ankle_roll_sphere_2_link,world,left_ankle_roll_sphere_2_link,-0.0009940543025070544,0.0009940543025070544,foot-ground,True,False
142,ground,right_ankle_roll_sphere_4_link,world,right_ankle_roll_sphere_4_link,-0.0006680385559080992,0.0006680385559080992,foot-ground,True,False
142,pelvis_contour_link,left_hip_roll_link,pelvis_contour_link,left_hip_roll_link,-0.004195233873037232,0.004195233873037232,self-collision,False,False
142,ground,right_ankle_roll_sphere_5_link,world,right_ankle_roll_sphere_5_link,-0.0005949818831378446,0.0005949818831378446,foot-ground,True,False
142,right_knee_link,right_ankle_roll_link,right_knee_link,right_ankle_roll_link,-0.029203472222854826,0.029203472222854826,self-collision,False,False
142,right_ankle_intermediate_1_link,right_ankle_roll_link,right_ankle_intermediate_1_link,right_ankle_roll_link,-0.003247402551225201,0.003247402551225201,self-collision,False,False
142,ground,left_ankle_roll_link,world,left_ankle_roll_link,-0.0014463369692864075,0.0014463369692864075,foot-ground,True,False
142,left_knee_link,left_ankle_roll_link,left_knee_link,left_ankle_roll_link,-0.02756176745313607,0.02756176745313607,self-collision,False,False
142,left_rubber_hand_link,largebox,left_rubber_hand_link,largebox_link,-0.0009249123243892654,0.0009249123243892654,hand-box,True,False
142,ground,left_ankle_roll_sphere_3_link,world,left_ankle_roll_sphere_3_link,-0.0006298097655621218,0.0006298097655621218,foot-ground,True,False
142,ground,right_ankle_roll_sphere_1_link,world,right_ankle_roll_sphere_1_link,-0.0009411722756972529,0.0009411722756972529,foot-ground,True,False
142,ground,left_ankle_roll_sphere_4_link,world,left_ankle_roll_sphere_4_link,-0.0009951816364253121,0.0009951816364253121,foot-ground,True,False
143,ground,right_ankle_roll_sphere_2_link,world,right_ankle_roll_sphere_2_link,-0.0009977155041721994,0.0009977155041721994,foot-ground,True,False
143,pelvis_contour_link,right_hip_roll_link,pelvis_contour_link,right_hip_roll_link,-0.005857540409087314,0.005857540409087314,self-collision,False,False
143,right_rubber_hand_link,largebox,right_rubber_hand_link,largebox_link,-0.0008542486483389539,0.0008542486483389539,hand-box,True,False
143,ground,left_ankle_roll_sphere_5_link,world,left_ankle_roll_sphere_5_link,-0.0008056607048066598,0.0008056607048066598,foot-ground,True,False
143,left_ankle_intermediate_1_link,left_ankle_roll_link,left_ankle_intermediate_1_link,left_ankle_roll_link,-0.002727615706737005,0.002727615706737005,self-collision,False,False
143,left_shoulder_yaw_link,largebox,left_shoulder_yaw_link,largebox_link,-0.0006594737827542441,0.0006594737827542441,other-body-box,False,True
143,ground,right_ankle_roll_link,world,right_ankle_roll_link,-0.001433956679886876,0.001433956679886876,foot-ground,True,False
143,ground,left_ankle_roll_sphere_1_link,world,left_ankle_roll_sphere_1_link,-0.0006851520074151211,0.0006851520074151211,foot-ground,True,False
143,ground,right_ankle_roll_sphere_3_link,world,right_ankle_roll_sphere_3_link,-0.0006372993549334958,0.0006372993549334958,foot-ground,True,False
143,ground,left_ankle_roll_sphere_2_link,world,left_ankle_roll_sphere_2_link,-0.0009918276107367561,0.0009918276107367561,foot-ground,True,False
143,ground,right_ankle_roll_sphere_4_link,world,right_ankle_roll_sphere_4_link,-0.0006373316677768795,0.0006373316677768795,foot-ground,True,False
143,pelvis_contour_link,left_hip_roll_link,pelvis_contour_link,left_hip_roll_link,-0.005004374274341694,0.005004374274341694,self-collision,False,False
143,ground,right_ankle_roll_sphere_5_link,world,right_ankle_roll_sphere_5_link,-0.0005949170961631568,0.0005949170961631568,foot-ground,True,False
143,right_knee_link,right_ankle_roll_link,right_knee_link,right_ankle_roll_link,-0.02948430394480242,0.02948430394480242,self-collision,False,False
143,right_ankle_intermediate_1_link,right_ankle_roll_link,right_ankle_intermediate_1_link,right_ankle_roll_link,-0.003172254355424134,0.003172254355424134,self-collision,False,False
143,ground,left_ankle_roll_link,world,left_ankle_roll_link,-0.0014445840235467397,0.0014445840235467397,foot-ground,True,False
143,left_knee_link,left_ankle_roll_link,left_knee_link,left_ankle_roll_link,-0.028589929008162956,0.028589929008162956,self-collision,False,False
143,left_rubber_hand_link,largebox,left_rubber_hand_link,largebox_link,-0.00309174364935301,0.00309174364935301,hand-box,True,False
143,ground,left_ankle_roll_sphere_3_link,world,left_ankle_roll_sphere_3_link,-0.0006251110379999194,0.0006251110379999194,foot-ground,True,False
143,ground,right_ankle_roll_sphere_1_link,world,right_ankle_roll_sphere_1_link,-0.0009976885768027159,0.0009976885768027159,foot-ground,True,False
143,ground,left_ankle_roll_sphere_4_link,world,left_ankle_roll_sphere_4_link,-0.0009931217619858794,0.0009931217619858794,foot-ground,True,False
144,ground,right_ankle_roll_sphere_2_link,world,right_ankle_roll_sphere_2_link,-0.00099475198685683,0.00099475198685683,foot-ground,True,False
144,pelvis_contour_link,right_hip_roll_link,pelvis_contour_link,right_hip_roll_link,-0.00592134088590715,0.00592134088590715,self-collision,False,False
144,right_rubber_hand_link,largebox,right_rubber_hand_link,largebox_link,-0.0008477922828482171,0.0008477922828482171,hand-box,True,False
144,ground,left_ankle_roll_sphere_5_link,world,left_ankle_roll_sphere_5_link,-0.0008040043043616918,0.0008040043043616918,foot-ground,True,False
144,left_ankle_intermediate_1_link,left_ankle_roll_link,left_ankle_intermediate_1_link,left_ankle_roll_link,-0.0027430867238413814,0.0027430867238413814,self-collision,False,False
144,left_shoulder_yaw_link,largebox,left_shoulder_yaw_link,largebox_link,-0.0005010239860567672,0.0005010239860567672,other-body-box,False,True
144,ground,right_ankle_roll_link,world,right_ankle_roll_link,-0.0014616471607384746,0.0014616471607384746,foot-ground,True,False
144,ground,left_ankle_roll_sphere_1_link,world,left_ankle_roll_sphere_1_link,-0.0006833054889714375,0.0006833054889714375,foot-ground,True,False
144,ground,right_ankle_roll_sphere_3_link,world,right_ankle_roll_sphere_3_link,-0.0005190238950647718,0.0005190238950647718,foot-ground,True,False
144,ground,left_ankle_roll_sphere_2_link,world,left_ankle_roll_sphere_2_link,-0.000987895173246804,0.000987895173246804,foot-ground,True,False
144,ground,right_ankle_roll_sphere_4_link,world,right_ankle_roll_sphere_4_link,-0.0009931451227813718,0.0009931451227813718,foot-ground,True,False
144,pelvis_contour_link,left_hip_roll_link,pelvis_contour_link,left_hip_roll_link,-0.0048843865592415325,0.0048843865592415325,self-collision,False,False
144,ground,right_ankle_roll_sphere_5_link,world,right_ankle_roll_sphere_5_link,-0.0007512472187601099,0.0007512472187601099,foot-ground,True,False
144,right_knee_link,right_ankle_roll_link,right_knee_link,right_ankle_roll_link,-0.030160176896887547,0.030160176896887547,self-collision,False,False
144,right_ankle_intermediate_1_link,right_ankle_roll_link,right_ankle_intermediate_1_link,right_ankle_roll_link,-0.0031458651060765758,0.0031458651060765758,self-collision,False,False
144,left_wrist_pitch_link,largebox,left_wrist_pitch_link,largebox_link,-3.654804552664925e-05,3.654804552664925e-05,other-body-box,False,True
144,ground,left_ankle_roll_link,world,left_ankle_roll_link,-0.0014408023505853192,0.0014408023505853192,foot-ground,True,False
144,left_knee_link,left_ankle_roll_link,left_knee_link,left_ankle_roll_link,-0.03005966565567797,0.03005966565567797,self-collision,False,False
144,left_rubber_hand_link,largebox,left_rubber_hand_link,largebox_link,-0.0037634910068449906,0.0037634910068449906,hand-box,True,False
144,ground,left_ankle_roll_sphere_3_link,world,left_ankle_roll_sphere_3_link,-0.0006245763913488326,0.0006245763913488326,foot-ground,True,False
144,ground,right_ankle_roll_sphere_1_link,world,right_ankle_roll_sphere_1_link,-0.0005996509637596617,0.0005996509637596617,foot-ground,True,False
144,ground,left_ankle_roll_sphere_4_link,world,left_ankle_roll_sphere_4_link,-0.0009900840124792724,0.0009900840124792724,foot-ground,True,False
145,ground,right_ankle_roll_sphere_2_link,world,right_ankle_roll_sphere_2_link,-0.0009936438671562407,0.0009936438671562407,foot-ground,True,False
145,pelvis_contour_link,right_hip_roll_link,pelvis_contour_link,right_hip_roll_link,-0.006440474241061714,0.006440474241061714,self-collision,False,False
145,right_rubber_hand_link,largebox,right_rubber_hand_link,largebox_link,-0.0006040557206958702,0.0006040557206958702,hand-box,True,False
145,ground,left_ankle_roll_sphere_5_link,world,left_ankle_roll_sphere_5_link,-0.0008032198588343023,0.0008032198588343023,foot-ground,True,False
145,left_ankle_intermediate_1_link,left_ankle_roll_link,left_ankle_intermediate_1_link,left_ankle_roll_link,-0.00256150834090306,0.00256150834090306,self-collision,False,False
145,left_shoulder_yaw_link,largebox,left_shoulder_yaw_link,largebox_link,-0.0020270217947398056,0.0020270217947398056,other-body-box,False,True
145,ground,right_ankle_roll_link,world,right_ankle_roll_link,-0.0014455071062118956,0.0014455071062118956,foot-ground,True,False
145,ground,left_ankle_roll_sphere_1_link,world,left_ankle_roll_sphere_1_link,-0.0006842156786142249,0.0006842156786142249,foot-ground,True,False
145,ground,right_ankle_roll_sphere_3_link,world,right_ankle_roll_sphere_3_link,-0.0006196228353917413,0.0006196228353917413,foot-ground,True,False
145,ground,left_ankle_roll_sphere_2_link,world,left_ankle_roll_sphere_2_link,-0.0009881827617262825,0.0009881827617262825,foot-ground,True,False
145,ground,right_ankle_roll_sphere_4_link,world,right_ankle_roll_sphere_4_link,-0.0009916483391690092,0.0009916483391690092,foot-ground,True,False
145,pelvis_contour_link,left_hip_roll_link,pelvis_contour_link,left_hip_roll_link,-0.004664726591266516,0.004664726591266516,self-collision,False,False
145,ground,right_ankle_roll_sphere_5_link,world,right_ankle_roll_sphere_5_link,-0.0008017535104213177,0.0008017535104213177,foot-ground,True,False
145,right_knee_link,right_ankle_roll_link,right_knee_link,right_ankle_roll_link,-0.030851807816225096,0.030851807816225096,self-collision,False,False
145,right_ankle_intermediate_1_link,right_ankle_roll_link,right_ankle_intermediate_1_link,right_ankle_roll_link,-0.0030572782305096774,0.0030572782305096774,self-collision,False,False
145,left_wrist_pitch_link,largebox,left_wrist_pitch_link,largebox_link,-0.0006115030054141407,0.0006115030054141407,other-body-box,False,True
145,ground,left_ankle_roll_link,world,left_ankle_roll_link,-0.0014402417730398388,0.0014402417730398388,foot-ground,True,False
145,left_knee_link,left_ankle_roll_link,left_knee_link,left_ankle_roll_link,-0.0316788777686727,0.0316788777686727,self-collision,False,False
145,left_rubber_hand_link,largebox,left_rubber_hand_link,largebox_link,-0.005380540698180905,0.005380540698180905,hand-box,True,False
145,ground,left_ankle_roll_sphere_3_link,world,left_ankle_roll_sphere_3_link,-0.0006243111206866428,0.0006243111206866428,foot-ground,True,False
145,ground,right_ankle_roll_sphere_1_link,world,right_ankle_roll_sphere_1_link,-0.0006836226140085186,0.0006836226140085186,foot-ground,True,False
145,ground,left_ankle_roll_sphere_4_link,world,left_ankle_roll_sphere_4_link,-0.0009890716204211105,0.0009890716204211105,foot-ground,True,False
146,ground,right_ankle_roll_sphere_2_link,world,right_ankle_roll_sphere_2_link,-0.0009914514109510683,0.0009914514109510683,foot-ground,True,False
146,pelvis_contour_link,right_hip_roll_link,pelvis_contour_link,right_hip_roll_link,-0.0068757885628327325,0.0068757885628327325,self-collision,False,False
146,right_rubber_hand_link,largebox,right_rubber_hand_link,largebox_link,-0.0005729885234042609,0.0005729885234042609,hand-box,True,False
146,ground,left_ankle_roll_sphere_5_link,world,left_ankle_roll_sphere_5_link,-0.000803187404375928,0.000803187404375928,foot-ground,True,False
146,left_ankle_intermediate_1_link,left_ankle_roll_link,left_ankle_intermediate_1_link,left_ankle_roll_link,-0.002644118435114376,0.002644118435114376,self-collision,False,False
146,left_shoulder_yaw_link,largebox,left_shoulder_yaw_link,largebox_link,-0.001817198724160432,0.001817198724160432,other-body-box,False,True
146,ground,right_ankle_roll_link,world,right_ankle_roll_link,-0.001443928395324659,0.001443928395324659,foot-ground,True,False
146,ground,left_ankle_roll_sphere_1_link,world,left_ankle_roll_sphere_1_link,-0.0006811378740828105,0.0006811378740828105,foot-ground,True,False
146,ground,right_ankle_roll_sphere_3_link,world,right_ankle_roll_sphere_3_link,-0.0006183947844357008,0.0006183947844357008,foot-ground,True,False
146,ground,left_ankle_roll_sphere_2_link,world,left_ankle_roll_sphere_2_link,-0.0009858578015496207,0.0009858578015496207,foot-ground,True,False
146,ground,right_ankle_roll_sphere_4_link,world,right_ankle_roll_sphere_4_link,-0.0009905098582516222,0.0009905098582516222,foot-ground,True,False
146,pelvis_contour_link,left_hip_roll_link,pelvis_contour_link,left_hip_roll_link,-0.004914159011776234,0.004914159011776234,self-collision,False,False
146,ground,right_ankle_roll_sphere_5_link,world,right_ankle_roll_sphere_5_link,-0.0008006933634396472,0.0008006933634396472,foot-ground,True,False
146,right_knee_link,right_ankle_roll_link,right_knee_link,right_ankle_roll_link,-0.03206213110965572,0.03206213110965572,self-collision,False,False
146,right_ankle_intermediate_1_link,right_ankle_roll_link,right_ankle_intermediate_1_link,right_ankle_roll_link,-0.002906602869363145,0.002906602869363145,self-collision,False,False
146,left_wrist_pitch_link,largebox,left_wrist_pitch_link,largebox_link,-0.0004069521640779339,0.0004069521640779339,other-body-box,False,True
146,ground,left_ankle_roll_link,world,left_ankle_roll_link,-0.0014394504526434211,0.0014394504526434211,foot-ground,True,False
146,left_knee_link,left_ankle_roll_link,left_knee_link,left_ankle_roll_link,-0.03294075404782054,0.03294075404782054,self-collision,False,False
146,left_rubber_hand_link,largebox,left_rubber_hand_link,largebox_link,-0.0057427472131336005,0.0057427472131336005,hand-box,True,False
146,ground,left_ankle_roll_sphere_3_link,world,left_ankle_roll_sphere_3_link,-0.0006235460198369255,0.0006235460198369255,foot-ground,True,False
146,ground,right_ankle_roll_sphere_1_link,world,right_ankle_roll_sphere_1_link,-0.0006813555161044654,0.0006813555161044654,foot-ground,True,False
146,ground,left_ankle_roll_sphere_4_link,world,left_ankle_roll_sphere_4_link,-0.000989209932797097,0.000989209932797097,foot-ground,True,False
147,ground,right_ankle_roll_sphere_2_link,world,right_ankle_roll_sphere_2_link,-0.0009974991916144411,0.0009974991916144411,foot-ground,True,False
147,pelvis_contour_link,right_hip_roll_link,pelvis_contour_link,right_hip_roll_link,-0.006720997508298479,0.006720997508298479,self-collision,False,False
147,right_rubber_hand_link,largebox,right_rubber_hand_link,largebox_link,-0.0006752442337744913,0.0006752442337744913,hand-box,True,False
147,ground,left_ankle_roll_sphere_5_link,world,left_ankle_roll_sphere_5_link,-0.0007550254791766796,0.0007550254791766796,foot-ground,True,False
147,left_shoulder_yaw_link,largebox,left_shoulder_yaw_link,largebox_link,-0.002047244464392445,0.002047244464392445,other-body-box,False,True
147,ground,right_ankle_roll_link,world,right_ankle_roll_link,-0.0014492751544672028,0.0014492751544672028,foot-ground,True,False
147,ground,left_ankle_roll_sphere_1_link,world,left_ankle_roll_sphere_1_link,-0.0006008808555720722,0.0006008808555720722,foot-ground,True,False
147,ground,right_ankle_roll_sphere_3_link,world,right_ankle_roll_sphere_3_link,-0.0006237150518437857,0.0006237150518437857,foot-ground,True,False
147,ground,left_ankle_roll_sphere_2_link,world,left_ankle_roll_sphere_2_link,-0.0009930740580883146,0.0009930740580883146,foot-ground,True,False
147,ground,right_ankle_roll_sphere_4_link,world,right_ankle_roll_sphere_4_link,-0.000995429699202982,0.000995429699202982,foot-ground,True,False
147,pelvis_contour_link,left_hip_roll_link,pelvis_contour_link,left_hip_roll_link,-0.005704377127354415,0.005704377127354415,self-collision,False,False
147,ground,right_ankle_roll_sphere_5_link,world,right_ankle_roll_sphere_5_link,-0.0008056846445792997,0.0008056846445792997,foot-ground,True,False
147,right_knee_link,right_ankle_roll_link,right_knee_link,right_ankle_roll_link,-0.032813571145447085,0.032813571145447085,self-collision,False,False
147,right_ankle_intermediate_1_link,right_ankle_roll_link,right_ankle_intermediate_1_link,right_ankle_roll_link,-0.002975503988936909,0.002975503988936909,self-collision,False,False
147,ground,left_ankle_roll_link,world,left_ankle_roll_link,-0.0014607698947803546,0.0014607698947803546,foot-ground,True,False
147,left_knee_link,left_ankle_roll_link,left_knee_link,left_ankle_roll_link,-0.034150726733714054,0.034150726733714054,self-collision,False,False
147,left_rubber_hand_link,largebox,left_rubber_hand_link,largebox_link,-0.005945757085536962,0.005945757085536962,hand-box,True,False
147,ground,left_ankle_roll_sphere_3_link,world,left_ankle_roll_sphere_3_link,-0.0005241255553146721,0.0005241255553146721,foot-ground,True,False
147,ground,right_ankle_roll_sphere_1_link,world,right_ankle_roll_sphere_1_link,-0.0006877369854817765,0.0006877369854817765,foot-ground,True,False
147,ground,left_ankle_roll_sphere_4_link,world,left_ankle_roll_sphere_4_link,-0.0009947573983341623,0.0009947573983341623,foot-ground,True,False
148,ground,right_ankle_roll_sphere_2_link,world,right_ankle_roll_sphere_2_link,-0.000994602550907781,0.000994602550907781,foot-ground,True,False
148,pelvis_contour_link,right_hip_roll_link,pelvis_contour_link,right_hip_roll_link,-0.0066718795780039974,0.0066718795780039974,self-collision,False,False
148,right_rubber_hand_link,largebox,right_rubber_hand_link,largebox_link,-0.0007406515731115254,0.0007406515731115254,hand-box,True,False
148,ground,left_ankle_roll_sphere_5_link,world,left_ankle_roll_sphere_5_link,-0.0007541986789260787,0.0007541986789260787,foot-ground,True,False
148,left_shoulder_yaw_link,largebox,left_shoulder_yaw_link,largebox_link,-0.0024434154330713886,0.0024434154330713886,other-body-box,False,True
148,ground,right_ankle_roll_link,world,right_ankle_roll_link,-0.0014474416634226543,0.0014474416634226543,foot-ground,True,False
148,ground,left_ankle_roll_sphere_1_link,world,left_ankle_roll_sphere_1_link,-0.0005991893287488675,0.0005991893287488675,foot-ground,True,False
148,ground,right_ankle_roll_sphere_3_link,world,right_ankle_roll_sphere_3_link,-0.0006219715509558519,0.0006219715509558519,foot-ground,True,False
148,ground,left_ankle_roll_sphere_2_link,world,left_ankle_roll_sphere_2_link,-0.000991108367909328,0.000991108367909328,foot-ground,True,False
148,ground,right_ankle_roll_sphere_4_link,world,right_ankle_roll_sphere_4_link,-0.0009942537707284494,0.0009942537707284494,foot-ground,True,False
148,pelvis_contour_link,left_hip_roll_link,pelvis_contour_link,left_hip_roll_link,-0.005941021416313655,0.005941021416313655,self-collision,False,False
148,ground,right_ankle_roll_sphere_5_link,world,right_ankle_roll_sphere_5_link,-0.0008044218021958328,0.0008044218021958328,foot-ground,True,False
148,right_knee_link,right_ankle_roll_link,right_knee_link,right_ankle_roll_link,-0.03364566136582062,0.03364566136582062,self-collision,False,False
148,right_ankle_intermediate_1_link,right_ankle_roll_link,right_ankle_intermediate_1_link,right_ankle_roll_link,-0.0027994994872768825,0.0027994994872768825,self-collision,False,False
148,ground,left_ankle_roll_link,world,left_ankle_roll_link,-0.0014592523201658707,0.0014592523201658707,foot-ground,True,False
148,left_knee_link,left_ankle_roll_link,left_knee_link,left_ankle_roll_link,-0.035502083234956905,0.035502083234956905,self-collision,False,False
148,left_rubber_hand_link,largebox,left_rubber_hand_link,largebox_link,-0.006064669244255166,0.006064669244255166,hand-box,True,False
148,ground,left_ankle_roll_sphere_3_link,world,left_ankle_roll_sphere_3_link,-0.0005233577995774888,0.0005233577995774888,foot-ground,True,False
148,ground,right_ankle_roll_sphere_1_link,world,right_ankle_roll_sphere_1_link,-0.0006843673677639521,0.0006843673677639521,foot-ground,True,False
148,ground,left_ankle_roll_sphere_4_link,world,left_ankle_roll_sphere_4_link,-0.0009936606465700435,0.0009936606465700435,foot-ground,True,False
149,ground,right_ankle_roll_sphere_2_link,world,right_ankle_roll_sphere_2_link,-0.0009943116950405185,0.0009943116950405185,foot-ground,True,False
149,pelvis_contour_link,right_hip_roll_link,pelvis_contour_link,right_hip_roll_link,-0.007577776248916063,0.007577776248916063,self-collision,False,False
149,right_rubber_hand_link,largebox,right_rubber_hand_link,largebox_link,-0.0007743948503126097,0.0007743948503126097,hand-box,True,False
149,ground,left_ankle_roll_sphere_5_link,world,left_ankle_roll_sphere_5_link,-0.0008062283024277998,0.0008062283024277998,foot-ground,True,False
149,left_shoulder_yaw_link,largebox,left_shoulder_yaw_link,largebox_link,-0.0008124549178573359,0.0008124549178573359,other-body-box,False,True
149,ground,right_ankle_roll_link,world,right_ankle_roll_link,-0.001447359177676251,0.001447359177676251,foot-ground,True,False
149,ground,left_ankle_roll_sphere_1_link,world,left_ankle_roll_sphere_1_link,-0.0006856950784690707,0.0006856950784690707,foot-ground,True,False
149,ground,right_ankle_roll_sphere_3_link,world,right_ankle_roll_sphere_3_link,-0.0006219208507681579,0.0006219208507681579,foot-ground,True,False
149,ground,left_ankle_roll_sphere_2_link,world,left_ankle_roll_sphere_2_link,-0.0009953730542478527,0.0009953730542478527,foot-ground,True,False
149,ground,right_ankle_roll_sphere_4_link,world,right_ankle_roll_sphere_4_link,-0.000994303034432909,0.000994303034432909,foot-ground,True,False
149,pelvis_contour_link,left_hip_roll_link,pelvis_contour_link,left_hip_roll_link,-0.005933514396493589,0.005933514396493589,self-collision,False,False
149,ground,right_ankle_roll_sphere_5_link,world,right_ankle_roll_sphere_5_link,-0.0008044601179833201,0.0008044601179833201,foot-ground,True,False
149,right_knee_link,right_ankle_roll_link,right_knee_link,right_ankle_roll_link,-0.03445846600245284,0.03445846600245284,self-collision,False,False
149,ground,left_ankle_roll_link,world,left_ankle_roll_link,-0.001448064508528829,0.001448064508528829,foot-ground,True,False
149,left_knee_link,left_ankle_roll_link,left_knee_link,left_ankle_roll_link,-0.036814318167516485,0.036814318167516485,self-collision,False,False
149,left_rubber_hand_link,largebox,left_rubber_hand_link,largebox_link,-0.0010742779817891207,0.0010742779817891207,hand-box,True,False
149,ground,left_ankle_roll_sphere_3_link,world,left_ankle_roll_sphere_3_link,-0.0006240326500058643,0.0006240326500058643,foot-ground,True,False
149,ground,right_ankle_roll_sphere_1_link,world,right_ankle_roll_sphere_1_link,-0.0006839932086532266,0.0006839932086532266,foot-ground,True,False
149,ground,left_ankle_roll_sphere_4_link,world,left_ankle_roll_sphere_4_link,-0.0009956462209403999,0.0009956462209403999,foot-ground,True,False
150,ground,right_ankle_roll_sphere_2_link,world,right_ankle_roll_sphere_2_link,-0.0009952199563673927,0.0009952199563673927,foot-ground,True,False
150,pelvis_contour_link,right_hip_roll_link,pelvis_contour_link,right_hip_roll_link,-0.007228158154849784,0.007228158154849784,self-collision,False,False
150,right_rubber_hand_link,largebox,right_rubber_hand_link,largebox_link,-0.0007677883022327858,0.0007677883022327858,hand-box,True,False
150,ground,left_ankle_roll_sphere_5_link,world,left_ankle_roll_sphere_5_link,-0.0008072480330210676,0.0008072480330210676,foot-ground,True,False
150,left_shoulder_yaw_link,largebox,left_shoulder_yaw_link,largebox_link,-0.0005911861184255407,0.0005911861184255407,other-body-box,False,True
150,ground,right_ankle_roll_link,world,right_ankle_roll_link,-0.0014481499318460336,0.0014481499318460336,foot-ground,True,False
150,ground,left_ankle_roll_sphere_1_link,world,left_ankle_roll_sphere_1_link,-0.000686629609176064,0.000686629609176064,foot-ground,True,False
150,ground,right_ankle_roll_sphere_3_link,world,right_ankle_roll_sphere_3_link,-0.0006228287128675026,0.0006228287128675026,foot-ground,True,False
150,ground,left_ankle_roll_sphere_2_link,world,left_ankle_roll_sphere_2_link,-0.000993468099945132,0.000993468099945132,foot-ground,True,False
150,ground,right_ankle_roll_sphere_4_link,world,right_ankle_roll_sphere_4_link,-0.0009950468966642414,0.0009950468966642414,foot-ground,True,False
150,pelvis_contour_link,left_hip_roll_link,pelvis_contour_link,left_hip_roll_link,-0.005049743345115765,0.005049743345115765,self-collision,False,False
150,ground,right_ankle_roll_sphere_5_link,world,right_ankle_roll_sphere_5_link,-0.000805268246920436,0.000805268246920436,foot-ground,True,False
150,right_knee_link,right_ankle_roll_link,right_knee_link,right_ankle_roll_link,-0.03496729169331078,0.03496729169331078,self-collision,False,False
150,ground,left_ankle_roll_link,world,left_ankle_roll_link,-0.0014462762684541094,0.0014462762684541094,foot-ground,True,False
150,left_knee_link,left_ankle_roll_link,left_knee_link,left_ankle_roll_link,-0.038367010604712204,0.038367010604712204,self-collision,False,False
150,left_rubber_hand_link,largebox,left_rubber_hand_link,largebox_link,-0.0009138976059436255,0.0009138976059436255,hand-box,True,False
150,ground,left_ankle_roll_sphere_3_link,world,left_ankle_roll_sphere_3_link,-0.0006265976566164197,0.0006265976566164197,foot-ground,True,False
150,ground,right_ankle_roll_sphere_1_link,world,right_ankle_roll_sphere_1_link,-0.0006850381365367765,0.0006850381365367765,foot-ground,True,False
150,ground,left_ankle_roll_sphere_4_link,world,left_ankle_roll_sphere_4_link,-0.0009948038455392999,0.0009948038455392999,foot-ground,True,False
151,ground,right_ankle_roll_sphere_2_link,world,right_ankle_roll_sphere_2_link,-0.0009955753450557629,0.0009955753450557629,foot-ground,True,False
151,pelvis_contour_link,right_hip_roll_link,pelvis_contour_link,right_hip_roll_link,-0.007714956024947844,0.007714956024947844,self-collision,False,False
151,right_rubber_hand_link,largebox,right_rubber_hand_link,largebox_link,-0.0012994943946044724,0.0012994943946044724,hand-box,True,False
151,ground,left_ankle_roll_sphere_5_link,world,left_ankle_roll_sphere_5_link,-0.0008069861966632013,0.0008069861966632013,foot-ground,True,False
151,ground,right_ankle_roll_link,world,right_ankle_roll_link,-0.0014486219103425346,0.0014486219103425346,foot-ground,True,False
151,ground,left_ankle_roll_sphere_1_link,world,left_ankle_roll_sphere_1_link,-0.0006866112876827831,0.0006866112876827831,foot-ground,True,False
151,ground,right_ankle_roll_sphere_3_link,world,right_ankle_roll_sphere_3_link,-0.0006231230112731584,0.0006231230112731584,foot-ground,True,False
151,ground,left_ankle_roll_sphere_2_link,world,left_ankle_roll_sphere_2_link,-0.0009962942076735424,0.0009962942076735424,foot-ground,True,False
151,ground,right_ankle_roll_sphere_4_link,world,right_ankle_roll_sphere_4_link,-0.000995552921812355,0.000995552921812355,foot-ground,True,False
151,pelvis_contour_link,left_hip_roll_link,pelvis_contour_link,left_hip_roll_link,-0.0048774650639791944,0.0048774650639791944,self-collision,False,False
151,ground,right_ankle_roll_sphere_5_link,world,right_ankle_roll_sphere_5_link,-0.0008056840548813842,0.0008056840548813842,foot-ground,True,False
151,right_knee_link,right_ankle_roll_link,right_knee_link,right_ankle_roll_link,-0.035636169274051666,0.035636169274051666,self-collision,False,False
151,ground,left_ankle_roll_link,world,left_ankle_roll_link,-0.0014489047973237912,0.0014489047973237912,foot-ground,True,False
151,left_knee_link,left_ankle_roll_link,left_knee_link,left_ankle_roll_link,-0.0393280646267615,0.0393280646267615,self-collision,False,False
151,left_rubber_hand_link,largebox,left_rubber_hand_link,largebox_link,-0.0009265512361122108,0.0009265512361122108,hand-box,True,False
151,ground,left_ankle_roll_sphere_3_link,world,left_ankle_roll_sphere_3_link,-0.0006248045026703208,0.0006248045026703208,foot-ground,True,False
151,ground,right_ankle_roll_sphere_1_link,world,right_ankle_roll_sphere_1_link,-0.0006852170862730973,0.0006852170862730973,foot-ground,True,False
151,ground,left_ankle_roll_sphere_4_link,world,left_ankle_roll_sphere_4_link,-0.000996424006659234,0.000996424006659234,foot-ground,True,False
152,ground,right_ankle_roll_sphere_2_link,world,right_ankle_roll_sphere_2_link,-0.0009958162546695416,0.0009958162546695416,foot-ground,True,False
152,pelvis_contour_link,right_hip_roll_link,pelvis_contour_link,right_hip_roll_link,-0.006601708824444358,0.006601708824444358,self-collision,False,False
152,right_rubber_hand_link,largebox,right_rubber_hand_link,largebox_link,-0.0014940613715583584,0.0014940613715583584,hand-box,True,False
152,ground,left_ankle_roll_sphere_5_link,world,left_ankle_roll_sphere_5_link,-0.0008068493814245388,0.0008068493814245388,foot-ground,True,False
152,left_shoulder_yaw_link,largebox,left_shoulder_yaw_link,largebox_link,-0.0007288939961156843,0.0007288939961156843,other-body-box,False,True
152,ground,right_ankle_roll_link,world,right_ankle_roll_link,-0.0014488971993544056,0.0014488971993544056,foot-ground,True,False
152,ground,left_ankle_roll_sphere_1_link,world,left_ankle_roll_sphere_1_link,-0.0006873643369327753,0.0006873643369327753,foot-ground,True,False
152,ground,right_ankle_roll_sphere_3_link,world,right_ankle_roll_sphere_3_link,-0.000623344421943387,0.000623344421943387,foot-ground,True,False
152,ground,left_ankle_roll_sphere_2_link,world,left_ankle_roll_sphere_2_link,-0.0009974762095030466,0.0009974762095030466,foot-ground,True,False
152,ground,right_ankle_roll_sphere_4_link,world,right_ankle_roll_sphere_4_link,-0.0009958379489579247,0.0009958379489579247,foot-ground,True,False
152,pelvis_contour_link,left_hip_roll_link,pelvis_contour_link,left_hip_roll_link,-0.0049094460294478726,0.0049094460294478726,self-collision,False,False
152,ground,right_ankle_roll_sphere_5_link,world,right_ankle_roll_sphere_5_link,-0.0008059418403962041,0.0008059418403962041,foot-ground,True,False
152,right_knee_link,right_ankle_roll_link,right_knee_link,right_ankle_roll_link,-0.0362402354577456,0.0362402354577456,self-collision,False,False
152,ground,left_ankle_roll_link,world,left_ankle_roll_link,-0.0014496219190054567,0.0014496219190054567,foot-ground,True,False
152,left_knee_link,left_ankle_roll_link,left_knee_link,left_ankle_roll_link,-0.04025121834548634,0.04025121834548634,self-collision,False,False
152,left_rubber_hand_link,largebox,left_rubber_hand_link,largebox_link,-0.0009190620786970055,0.0009190620786970055,hand-box,True,False
152,ground,left_ankle_roll_sphere_3_link,world,left_ankle_roll_sphere_3_link,-0.0006245265622816789,0.0006245265622816789,foot-ground,True,False
152,ground,right_ankle_roll_sphere_1_link,world,right_ankle_roll_sphere_1_link,-0.000685404982157428,0.000685404982157428,foot-ground,True,False
152,ground,left_ankle_roll_sphere_4_link,world,left_ankle_roll_sphere_4_link,-0.0009966608093660038,0.0009966608093660038,foot-ground,True,False
153,ground,right_ankle_roll_sphere_2_link,world,right_ankle_roll_sphere_2_link,-0.0009961940531011118,0.0009961940531011118,foot-ground,True,False
153,pelvis_contour_link,right_hip_roll_link,pelvis_contour_link,right_hip_roll_link,-0.007215407858703296,0.007215407858703296,self-collision,False,False
153,right_rubber_hand_link,largebox,right_rubber_hand_link,largebox_link,-0.0011352740645230175,0.0011352740645230175,hand-box,True,False
153,ground,left_ankle_roll_sphere_5_link,world,left_ankle_roll_sphere_5_link,-0.0008075473775115026,0.0008075473775115026,foot-ground,True,False
153,left_shoulder_yaw_link,largebox,left_shoulder_yaw_link,largebox_link,-0.0012722385732404085,0.0012722385732404085,other-body-box,False,True
153,ground,right_ankle_roll_link,world,right_ankle_roll_link,-0.0014492701914968556,0.0014492701914968556,foot-ground,True,False
153,ground,left_ankle_roll_sphere_1_link,world,left_ankle_roll_sphere_1_link,-0.000687251639734327,0.000687251639734327,foot-ground,True,False
153,ground,right_ankle_roll_sphere_3_link,world,right_ankle_roll_sphere_3_link,-0.0006237415837215534,0.0006237415837215534,foot-ground,True,False
153,ground,left_ankle_roll_sphere_2_link,world,left_ankle_roll_sphere_2_link,-0.0009969815241483498,0.0009969815241483498,foot-ground,True,False
153,ground,right_ankle_roll_sphere_4_link,world,right_ankle_roll_sphere_4_link,-0.0009962129563949517,0.0009962129563949517,foot-ground,True,False
153,pelvis_contour_link,left_hip_roll_link,pelvis_contour_link,left_hip_roll_link,-0.005175797939920804,0.005175797939920804,self-collision,False,False
153,ground,right_ankle_roll_sphere_5_link,world,right_ankle_roll_sphere_5_link,-0.0008063278138509258,0.0008063278138509258,foot-ground,True,False
153,right_knee_link,right_ankle_roll_link,right_knee_link,right_ankle_roll_link,-0.036702873475265324,0.036702873475265324,self-collision,False,False
153,ground,left_ankle_roll_link,world,left_ankle_roll_link,-0.0014495505263570282,0.0014495505263570282,foot-ground,True,False
153,left_knee_link,left_ankle_roll_link,left_knee_link,left_ankle_roll_link,-0.0409580145274325,0.0409580145274325,self-collision,False,False
153,left_rubber_hand_link,largebox,left_rubber_hand_link,largebox_link,-0.0009178851504569041,0.0009178851504569041,hand-box,True,False
153,ground,left_ankle_roll_sphere_3_link,world,left_ankle_roll_sphere_3_link,-0.0006253483104872821,0.0006253483104872821,foot-ground,True,False
153,ground,right_ankle_roll_sphere_1_link,world,right_ankle_roll_sphere_1_link,-0.0006858012425399488,0.0006858012425399488,foot-ground,True,False
153,ground,left_ankle_roll_sphere_4_link,world,left_ankle_roll_sphere_4_link,-0.0009970241717841095,0.0009970241717841095,foot-ground,True,False
154,ground,right_ankle_roll_sphere_2_link,world,right_ankle_roll_sphere_2_link,-0.0009967341515051435,0.0009967341515051435,foot-ground,True,False
154,pelvis_contour_link,right_hip_roll_link,pelvis_contour_link,right_hip_roll_link,-0.007938926393354626,0.007938926393354626,self-collision,False,False
154,right_rubber_hand_link,largebox,right_rubber_hand_link,largebox_link,-0.0013900034218329027,0.0013900034218329027,hand-box,True,False
154,ground,left_ankle_roll_sphere_5_link,world,left_ankle_roll_sphere_5_link,-0.0008076989742500295,0.0008076989742500295,foot-ground,True,False
154,left_shoulder_yaw_link,largebox,left_shoulder_yaw_link,largebox_link,-0.0008462279578668325,0.0008462279578668325,other-body-box,False,True
154,ground,right_ankle_roll_link,world,right_ankle_roll_link,-0.001449779468879895,0.001449779468879895,foot-ground,True,False
154,ground,left_ankle_roll_sphere_1_link,world,left_ankle_roll_sphere_1_link,-0.0006875131296077653,0.0006875131296077653,foot-ground,True,False
154,ground,right_ankle_roll_sphere_3_link,world,right_ankle_roll_sphere_3_link,-0.0006242627401156489,0.0006242627401156489,foot-ground,True,False
154,ground,left_ankle_roll_sphere_2_link,world,left_ankle_roll_sphere_2_link,-0.0009973757444888013,0.0009973757444888013,foot-ground,True,False
154,ground,right_ankle_roll_sphere_4_link,world,right_ankle_roll_sphere_4_link,-0.0009967061112531274,0.0009967061112531274,foot-ground,True,False
154,pelvis_contour_link,left_hip_roll_link,pelvis_contour_link,left_hip_roll_link,-0.005458444535106452,0.005458444535106452,self-collision,False,False
154,ground,right_ankle_roll_sphere_5_link,world,right_ankle_roll_sphere_5_link,-0.0008068297212318219,0.0008068297212318219,foot-ground,True,False
154,right_knee_link,right_ankle_roll_link,right_knee_link,right_ankle_roll_link,-0.03700295405255119,0.03700295405255119,self-collision,False,False
154,ground,right_rubber_hand_link,world,right_rubber_hand_link,-0.0005556279794089597,0.0005556279794089597,robot-ground-excluding-foot,False,True
154,ground,left_ankle_roll_link,world,left_ankle_roll_link,-0.0014498852785331424,0.0014498852785331424,foot-ground,True,False
154,left_knee_link,left_ankle_roll_link,left_knee_link,left_ankle_roll_link,-0.04172417437077505,0.04172417437077505,self-collision,False,False
154,left_rubber_hand_link,largebox,left_rubber_hand_link,largebox_link,-0.0009307174041749411,0.0009307174041749411,hand-box,True,False
154,ground,left_ankle_roll_sphere_3_link,world,left_ankle_roll_sphere_3_link,-0.0006254388224580651,0.0006254388224580651,foot-ground,True,False
154,ground,right_ankle_roll_sphere_1_link,world,right_ankle_roll_sphere_1_link,-0.000686364675557243,0.000686364675557243,foot-ground,True,False
154,ground,left_ankle_roll_sphere_4_link,world,left_ankle_roll_sphere_4_link,-0.000997273960315309,0.000997273960315309,foot-ground,True,False
155,ground,right_ankle_roll_sphere_2_link,world,right_ankle_roll_sphere_2_link,-0.000997440093794928,0.000997440093794928,foot-ground,True,False
155,pelvis_contour_link,right_hip_roll_link,pelvis_contour_link,right_hip_roll_link,-0.007565796877987807,0.007565796877987807,self-collision,False,False
155,right_rubber_hand_link,largebox,right_rubber_hand_link,largebox_link,-0.0010029588143775914,0.0010029588143775914,hand-box,True,False
155,right_hip_yaw_link,largebox,right_hip_yaw_link,largebox_link,-0.0010563482242032518,0.0010563482242032518,other-body-box,False,True
155,left_shoulder_yaw_link,largebox,left_shoulder_yaw_link,largebox_link,-0.0004695967921933275,0.0004695967921933275,other-body-box,False,True
155,ground,right_ankle_roll_link,world,right_ankle_roll_link,-0.001450550921292773,0.001450550921292773,foot-ground,True,False
155,ground,left_ankle_roll_sphere_1_link,world,left_ankle_roll_sphere_1_link,-0.00013702840467153584,0.00013702840467153584,foot-ground,True,False
155,ground,right_ankle_roll_sphere_3_link,world,right_ankle_roll_sphere_3_link,-0.0006251965070968755,0.0006251965070968755,foot-ground,True,False
155,ground,left_ankle_roll_sphere_2_link,world,left_ankle_roll_sphere_2_link,-0.0007039751085436514,0.0007039751085436514,foot-ground,True,False
155,ground,right_ankle_roll_sphere_4_link,world,right_ankle_roll_sphere_4_link,-0.0009975498997845484,0.0009975498997845484,foot-ground,True,False
155,pelvis_contour_link,left_hip_roll_link,pelvis_contour_link,left_hip_roll_link,-0.00535065260563547,0.00535065260563547,self-collision,False,False
155,ground,largebox,world,largebox_link,-0.0021489751312105954,0.0021489751312105954,object-ground,True,False
155,ground,right_ankle_roll_sphere_5_link,world,right_ankle_roll_sphere_5_link,-0.0008077355983347077,0.0008077355983347077,foot-ground,True,False
155,right_knee_link,right_ankle_roll_link,right_knee_link,right_ankle_roll_link,-0.037072175316722855,0.037072175316722855,self-collision,False,False
155,ground,right_rubber_hand_link,world,right_rubber_hand_link,-0.0009999806802888367,0.0009999806802888367,robot-ground-excluding-foot,False,True
155,ground,left_ankle_roll_link,world,left_ankle_roll_link,-0.0011129004091004618,0.0011129004091004618,foot-ground,True,False
155,left_knee_link,left_ankle_roll_link,left_knee_link,left_ankle_roll_link,-0.04218271706432569,0.04218271706432569,self-collision,False,False
155,left_rubber_hand_link,largebox,left_rubber_hand_link,largebox_link,-0.0006971261105378213,0.0006971261105378213,hand-box,True,False
155,ground,right_ankle_roll_sphere_1_link,world,right_ankle_roll_sphere_1_link,-0.0006871455998885305,0.0006871455998885305,foot-ground,True,False
155,ground,left_ankle_roll_sphere_4_link,world,left_ankle_roll_sphere_4_link,-4.2065981813533236e-05,4.2065981813533236e-05,foot-ground,True,False
156,ground,right_ankle_roll_sphere_2_link,world,right_ankle_roll_sphere_2_link,-0.0009975259604939708,0.0009975259604939708,foot-ground,True,False
156,pelvis_contour_link,right_hip_roll_link,pelvis_contour_link,right_hip_roll_link,-0.008302525272338879,0.008302525272338879,self-collision,False,False
156,right_rubber_hand_link,largebox,right_rubber_hand_link,largebox_link,-0.0010063822467954453,0.0010063822467954453,hand-box,True,False
156,right_hip_yaw_link,largebox,right_hip_yaw_link,largebox_link,-0.000993969615917939,0.000993969615917939,other-body-box,False,True
156,left_shoulder_yaw_link,largebox,left_shoulder_yaw_link,largebox_link,-0.0009313467939625897,0.0009313467939625897,other-body-box,False,True
156,ground,right_ankle_roll_link,world,right_ankle_roll_link,-0.001450575465799006,0.001450575465799006,foot-ground,True,False
156,ground,left_ankle_roll_sphere_1_link,world,left_ankle_roll_sphere_1_link,-8.110011522212326e-05,8.110011522212326e-05,foot-ground,True,False
156,ground,right_ankle_roll_sphere_3_link,world,right_ankle_roll_sphere_3_link,-0.0006251596862959325,0.0006251596862959325,foot-ground,True,False
156,ground,left_ankle_roll_sphere_2_link,world,left_ankle_roll_sphere_2_link,-0.0006195542600164637,0.0006195542600164637,foot-ground,True,False
156,ground,right_ankle_roll_sphere_4_link,world,right_ankle_roll_sphere_4_link,-0.0009975251150372245,0.0009975251150372245,foot-ground,True,False
156,pelvis_contour_link,left_hip_roll_link,pelvis_contour_link,left_hip_roll_link,-0.00515095474538968,0.00515095474538968,self-collision,False,False
156,ground,largebox,world,largebox_link,-0.007328516060234547,0.007328516060234547,object-ground,True,False
156,ground,right_ankle_roll_sphere_5_link,world,right_ankle_roll_sphere_5_link,-0.0008076916597428317,0.0008076916597428317,foot-ground,True,False
156,right_knee_link,right_ankle_roll_link,right_knee_link,right_ankle_roll_link,-0.03712393111949272,0.03712393111949272,self-collision,False,False
156,ground,left_rubber_hand_link,world,left_rubber_hand_link,-0.0009944182725006995,0.0009944182725006995,robot-ground-excluding-foot,False,True
156,ground,right_rubber_hand_link,world,right_rubber_hand_link,-0.0009998142492129297,0.0009998142492129297,robot-ground-excluding-foot,False,True
156,ground,left_ankle_roll_link,world,left_ankle_roll_link,-0.0010236588882768446,0.0010236588882768446,foot-ground,True,False
156,left_knee_link,left_ankle_roll_link,left_knee_link,left_ankle_roll_link,-0.04262858403974215,0.04262858403974215,self-collision,False,False
156,left_rubber_hand_link,largebox,left_rubber_hand_link,largebox_link,-0.0008382369388368477,0.0008382369388368477,hand-box,True,False
156,ground,right_ankle_roll_sphere_1_link,world,right_ankle_roll_sphere_1_link,-0.000687221436542893,0.000687221436542893,foot-ground,True,False
157,ground,right_ankle_roll_sphere_2_link,world,right_ankle_roll_sphere_2_link,-0.0009970576114101152,0.0009970576114101152,foot-ground,True,False
157,pelvis_contour_link,right_hip_roll_link,pelvis_contour_link,right_hip_roll_link,-0.008421559536269135,0.008421559536269135,self-collision,False,False
157,right_rubber_hand_link,largebox,right_rubber_hand_link,largebox_link,-0.000997140083455736,0.000997140083455736,hand-box,True,False
157,left_ankle_intermediate_1_link,left_ankle_roll_link,left_ankle_intermediate_1_link,left_ankle_roll_link,-0.00015905285829714844,0.00015905285829714844,self-collision,False,False
157,right_hip_yaw_link,largebox,right_hip_yaw_link,largebox_link,-0.0009496329089059979,0.0009496329089059979,other-body-box,False,True
157,left_shoulder_yaw_link,largebox,left_shoulder_yaw_link,largebox_link,-0.0008251042225848743,0.0008251042225848743,other-body-box,False,True
157,ground,right_ankle_roll_link,world,right_ankle_roll_link,-0.001450190087748774,0.001450190087748774,foot-ground,True,False
157,ground,right_ankle_roll_sphere_3_link,world,right_ankle_roll_sphere_3_link,-0.0006247390143563096,0.0006247390143563096,foot-ground,True,False
157,ground,left_ankle_roll_sphere_2_link,world,left_ankle_roll_sphere_2_link,-0.0005948877718256222,0.0005948877718256222,foot-ground,True,False
157,ground,right_ankle_roll_sphere_4_link,world,right_ankle_roll_sphere_4_link,-0.0009971824663970513,0.0009971824663970513,foot-ground,True,False
157,pelvis_contour_link,left_hip_roll_link,pelvis_contour_link,left_hip_roll_link,-0.005195175233965593,0.005195175233965593,self-collision,False,False
157,ground,largebox,world,largebox_link,-0.008619395416428366,0.008619395416428366,object-ground,True,False
157,ground,right_ankle_roll_sphere_5_link,world,right_ankle_roll_sphere_5_link,-0.0008073240228061154,0.0008073240228061154,foot-ground,True,False
157,right_knee_link,right_ankle_roll_link,right_knee_link,right_ankle_roll_link,-0.03727365503421329,0.03727365503421329,self-collision,False,False
157,ground,left_rubber_hand_link,world,left_rubber_hand_link,-0.0009965881748754124,0.0009965881748754124,robot-ground-excluding-foot,False,True
157,ground,right_rubber_hand_link,world,right_rubber_hand_link,-0.0009995922635987337,0.0009995922635987337,robot-ground-excluding-foot,False,True
157,ground,left_ankle_roll_link,world,left_ankle_roll_link,-0.000999776658893902,0.000999776658893902,foot-ground,True,False
157,left_knee_link,left_ankle_roll_link,left_knee_link,left_ankle_roll_link,-0.04301659292622115,0.04301659292622115,self-collision,False,False
157,left_rubber_hand_link,largebox,left_rubber_hand_link,largebox_link,-0.0009767473041299435,0.0009767473041299435,hand-box,True,False
157,ground,right_ankle_roll_sphere_1_link,world,right_ankle_roll_sphere_1_link,-0.0006866880680428287,0.0006866880680428287,foot-ground,True,False
158,ground,right_ankle_roll_sphere_2_link,world,right_ankle_roll_sphere_2_link,-0.0009971595318187696,0.0009971595318187696,foot-ground,True,False
158,pelvis_contour_link,right_hip_roll_link,pelvis_contour_link,right_hip_roll_link,-0.008467369759795423,0.008467369759795423,self-collision,False,False
158,right_rubber_hand_link,largebox,right_rubber_hand_link,largebox_link,-0.0009977384402801992,0.0009977384402801992,hand-box,True,False
158,left_ankle_intermediate_1_link,left_ankle_roll_link,left_ankle_intermediate_1_link,left_ankle_roll_link,-0.00039492159942200455,0.00039492159942200455,self-collision,False,False
158,right_hip_yaw_link,largebox,right_hip_yaw_link,largebox_link,-0.0010315595087286994,0.0010315595087286994,other-body-box,False,True
158,left_shoulder_yaw_link,largebox,left_shoulder_yaw_link,largebox_link,-0.0012361073082284568,0.0012361073082284568,other-body-box,False,True
158,ground,right_ankle_roll_link,world,right_ankle_roll_link,-0.001450124820190312,0.001450124820190312,foot-ground,True,False
158,ground,right_ankle_roll_sphere_3_link,world,right_ankle_roll_sphere_3_link,-0.0006246740478815611,0.0006246740478815611,foot-ground,True,False
158,ground,left_ankle_roll_sphere_2_link,world,left_ankle_roll_sphere_2_link,-0.0005758723039386805,0.0005758723039386805,foot-ground,True,False
158,ground,right_ankle_roll_sphere_4_link,world,right_ankle_roll_sphere_4_link,-0.0009970167255206426,0.0009970167255206426,foot-ground,True,False
158,pelvis_contour_link,left_hip_roll_link,pelvis_contour_link,left_hip_roll_link,-0.0051386087746529,0.0051386087746529,self-collision,False,False
158,ground,largebox,world,largebox_link,-0.00670149025878225,0.00670149025878225,object-ground,True,False
158,ground,right_ankle_roll_sphere_5_link,world,right_ankle_roll_sphere_5_link,-0.0008071781675519181,0.0008071781675519181,foot-ground,True,False
158,right_knee_link,right_ankle_roll_link,right_knee_link,right_ankle_roll_link,-0.03734841844989803,0.03734841844989803,self-collision,False,False
158,ground,left_rubber_hand_link,world,left_rubber_hand_link,-0.0009903241269829388,0.0009903241269829388,robot-ground-excluding-foot,False,True
158,ground,right_rubber_hand_link,world,right_rubber_hand_link,-0.000999172197003545,0.000999172197003545,robot-ground-excluding-foot,False,True
158,ground,left_ankle_roll_link,world,left_ankle_roll_link,-0.0009997331454210494,0.0009997331454210494,foot-ground,True,False
158,left_knee_link,left_ankle_roll_link,left_knee_link,left_ankle_roll_link,-0.04340758124721067,0.04340758124721067,self-collision,False,False
158,left_rubber_hand_link,largebox,left_rubber_hand_link,largebox_link,-0.0009960823357314658,0.0009960823357314658,hand-box,True,False
158,ground,right_ankle_roll_sphere_1_link,world,right_ankle_roll_sphere_1_link,-0.0006868739671195374,0.0006868739671195374,foot-ground,True,False
159,ground,right_ankle_roll_sphere_2_link,world,right_ankle_roll_sphere_2_link,-0.000996451865567338,0.000996451865567338,foot-ground,True,False
159,pelvis_contour_link,right_hip_roll_link,pelvis_contour_link,right_hip_roll_link,-0.00850363402481763,0.00850363402481763,self-collision,False,False
159,right_rubber_hand_link,largebox,right_rubber_hand_link,largebox_link,-0.0010273795062810537,0.0010273795062810537,hand-box,True,False
159,left_ankle_intermediate_1_link,left_ankle_roll_link,left_ankle_intermediate_1_link,left_ankle_roll_link,-0.0006394488646245117,0.0006394488646245117,self-collision,False,False
159,right_hip_yaw_link,largebox,right_hip_yaw_link,largebox_link,-0.0004773392525378034,0.0004773392525378034,other-body-box,False,True
159,left_shoulder_yaw_link,largebox,left_shoulder_yaw_link,largebox_link,-0.0030319848075053835,0.0030319848075053835,other-body-box,False,True
159,ground,right_ankle_roll_link,world,right_ankle_roll_link,-0.001448893243374376,0.001448893243374376,foot-ground,True,False
159,ground,right_ankle_roll_sphere_3_link,world,right_ankle_roll_sphere_3_link,-0.0006224895491730572,0.0006224895491730572,foot-ground,True,False
159,ground,left_ankle_roll_sphere_2_link,world,left_ankle_roll_sphere_2_link,-0.0005876745911394558,0.0005876745911394558,foot-ground,True,False
159,ground,right_ankle_roll_sphere_4_link,world,right_ankle_roll_sphere_4_link,-0.0009952767041174473,0.0009952767041174473,foot-ground,True,False
159,pelvis_contour_link,left_hip_roll_link,pelvis_contour_link,left_hip_roll_link,-0.005205996093022511,0.005205996093022511,self-collision,False,False
159,ground,largebox,world,largebox_link,-0.006064336136306719,0.006064336136306719,object-ground,True,False
159,ground,right_ankle_roll_sphere_5_link,world,right_ankle_roll_sphere_5_link,-0.0008050900963281612,0.0008050900963281612,foot-ground,True,False
159,right_knee_link,right_ankle_roll_link,right_knee_link,right_ankle_roll_link,-0.03775330875863375,0.03775330875863375,self-collision,False,False
159,ground,left_rubber_hand_link,world,left_rubber_hand_link,-0.000988047186159649,0.000988047186159649,robot-ground-excluding-foot,False,True
159,ground,right_rubber_hand_link,world,right_rubber_hand_link,-0.0009923783398032016,0.0009923783398032016,robot-ground-excluding-foot,False,True
159,ground,left_ankle_roll_link,world,left_ankle_roll_link,-0.0009964590355665583,0.0009964590355665583,foot-ground,True,False
159,left_knee_link,left_ankle_roll_link,left_knee_link,left_ankle_roll_link,-0.043790205583888964,0.043790205583888964,self-collision,False,False
159,left_rubber_hand_link,largebox,left_rubber_hand_link,largebox_link,-0.0013495168857826784,0.0013495168857826784,hand-box,True,False
159,ground,right_ankle_roll_sphere_1_link,world,right_ankle_roll_sphere_1_link,-0.0006857959031136762,0.0006857959031136762,foot-ground,True,False
160,ground,right_ankle_roll_sphere_2_link,world,right_ankle_roll_sphere_2_link,-0.0009940524546353689,0.0009940524546353689,foot-ground,True,False
160,pelvis_contour_link,right_hip_roll_link,pelvis_contour_link,right_hip_roll_link,-0.008453045856719243,0.008453045856719243,self-collision,False,False
160,right_rubber_hand_link,largebox,right_rubber_hand_link,largebox_link,-0.0010258923891373756,0.0010258923891373756,hand-box,True,False
160,left_ankle_intermediate_1_link,left_ankle_roll_link,left_ankle_intermediate_1_link,left_ankle_roll_link,-0.0005599344451155952,0.0005599344451155952,self-collision,False,False
160,left_shoulder_yaw_link,largebox,left_shoulder_yaw_link,largebox_link,-0.003288636413476903,0.003288636413476903,other-body-box,False,True
160,ground,right_ankle_roll_link,world,right_ankle_roll_link,-0.001446941787095049,0.001446941787095049,foot-ground,True,False
160,ground,right_ankle_roll_sphere_3_link,world,right_ankle_roll_sphere_3_link,-0.0006209852155531067,0.0006209852155531067,foot-ground,True,False
160,ground,left_ankle_roll_sphere_2_link,world,left_ankle_roll_sphere_2_link,-0.000993170112289248,0.000993170112289248,foot-ground,True,False
160,ground,right_ankle_roll_sphere_4_link,world,right_ankle_roll_sphere_4_link,-0.0009936853618103458,0.0009936853618103458,foot-ground,True,False
160,pelvis_contour_link,left_hip_roll_link,pelvis_contour_link,left_hip_roll_link,-0.005165971017282431,0.005165971017282431,self-collision,False,False
160,ground,largebox,world,largebox_link,-0.0059366206472082905,0.0059366206472082905,object-ground,True,False
160,ground,right_ankle_roll_sphere_5_link,world,right_ankle_roll_sphere_5_link,-0.0008036381782880247,0.0008036381782880247,foot-ground,True,False
160,right_knee_link,right_ankle_roll_link,right_knee_link,right_ankle_roll_link,-0.03809463953173642,0.03809463953173642,self-collision,False,False
160,ground,left_rubber_hand_link,world,left_rubber_hand_link,-0.0009933489646338362,0.0009933489646338362,robot-ground-excluding-foot,False,True
160,ground,right_rubber_hand_link,world,right_rubber_hand_link,-0.0009874273069305495,0.0009874273069305495,robot-ground-excluding-foot,False,True
160,ground,left_ankle_roll_link,world,left_ankle_roll_link,-0.0014294638029789634,0.0014294638029789634,foot-ground,True,False
160,left_knee_link,left_ankle_roll_link,left_knee_link,left_ankle_roll_link,-0.04369081264543129,0.04369081264543129,self-collision,False,False
160,left_rubber_hand_link,largebox,left_rubber_hand_link,largebox_link,-0.0009859121080621897,0.0009859121080621897,hand-box,True,False
160,ground,right_ankle_roll_sphere_1_link,world,right_ankle_roll_sphere_1_link,-0.0006834689994209995,0.0006834689994209995,foot-ground,True,False
160,ground,left_ankle_roll_sphere_4_link,world,left_ankle_roll_sphere_4_link,-0.0002818796237736036,0.0002818796237736036,foot-ground,True,False
161,ground,right_ankle_roll_sphere_2_link,world,right_ankle_roll_sphere_2_link,-0.0009962401827460074,0.0009962401827460074,foot-ground,True,False
161,pelvis_contour_link,right_hip_roll_link,pelvis_contour_link,right_hip_roll_link,-0.008326389786478774,0.008326389786478774,self-collision,False,False
161,right_rubber_hand_link,largebox,right_rubber_hand_link,largebox_link,-0.0012803081803324234,0.0012803081803324234,hand-box,True,False
161,ground,left_ankle_roll_sphere_5_link,world,left_ankle_roll_sphere_5_link,-4.067174213330353e-06,4.067174213330353e-06,foot-ground,True,False
161,left_ankle_intermediate_1_link,left_ankle_roll_link,left_ankle_intermediate_1_link,left_ankle_roll_link,-0.0005566573483476306,0.0005566573483476306,self-collision,False,False
161,left_shoulder_yaw_link,largebox,left_shoulder_yaw_link,largebox_link,-0.0009636880708832202,0.0009636880708832202,other-body-box,False,True
161,ground,right_ankle_roll_link,world,right_ankle_roll_link,-0.0014491786671111048,0.0014491786671111048,foot-ground,True,False
161,ground,right_ankle_roll_sphere_3_link,world,right_ankle_roll_sphere_3_link,-0.0006234482499317016,0.0006234482499317016,foot-ground,True,False
161,ground,left_ankle_roll_sphere_2_link,world,left_ankle_roll_sphere_2_link,-2.333708200419251e-05,2.333708200419251e-05,foot-ground,True,False
161,ground,right_ankle_roll_sphere_4_link,world,right_ankle_roll_sphere_4_link,-0.0009959976981004396,0.0009959976981004396,foot-ground,True,False
161,pelvis_contour_link,left_hip_roll_link,pelvis_contour_link,left_hip_roll_link,-0.00524079705530478,0.00524079705530478,self-collision,False,False
161,ground,largebox,world,largebox_link,-0.005039517427734258,0.005039517427734258,object-ground,True,False
161,ground,right_ankle_roll_sphere_5_link,world,right_ankle_roll_sphere_5_link,-0.0008060420008404274,0.0008060420008404274,foot-ground,True,False
161,right_knee_link,right_ankle_roll_link,right_knee_link,right_ankle_roll_link,-0.03826665724351294,0.03826665724351294,self-collision,False,False
161,ground,left_rubber_hand_link,world,left_rubber_hand_link,-0.000995603358472097,0.000995603358472097,robot-ground-excluding-foot,False,True
161,ground,right_rubber_hand_link,world,right_rubber_hand_link,-0.0009330058971182414,0.0009330058971182414,robot-ground-excluding-foot,False,True
161,ground,left_ankle_roll_link,world,left_ankle_roll_link,-0.0010135880430854546,0.0010135880430854546,foot-ground,True,False
161,left_knee_link,left_ankle_roll_link,left_knee_link,left_ankle_roll_link,-0.04370621304501951,0.04370621304501951,self-collision,False,False
161,left_rubber_hand_link,largebox,left_rubber_hand_link,largebox_link,-0.0009798129523450189,0.0009798129523450189,hand-box,True,False
161,ground,right_ankle_roll_sphere_1_link,world,right_ankle_roll_sphere_1_link,-0.0006857823092720578,0.0006857823092720578,foot-ground,True,False
161,ground,left_ankle_roll_sphere_4_link,world,left_ankle_roll_sphere_4_link,-0.000559984101695137,0.000559984101695137,foot-ground,True,False
162,ground,right_ankle_roll_sphere_2_link,world,right_ankle_roll_sphere_2_link,-0.0009958528397129912,0.0009958528397129912,foot-ground,True,False
162,pelvis_contour_link,right_hip_roll_link,pelvis_contour_link,right_hip_roll_link,-0.008278773684663884,0.008278773684663884,self-collision,False,False
162,right_rubber_hand_link,largebox,right_rubber_hand_link,largebox_link,-0.001007348432978561,0.001007348432978561,hand-box,True,False
162,left_ankle_intermediate_1_link,left_ankle_roll_link,left_ankle_intermediate_1_link,left_ankle_roll_link,-0.0005618182020288853,0.0005618182020288853,self-collision,False,False
162,left_shoulder_yaw_link,largebox,left_shoulder_yaw_link,largebox_link,-0.0009541714507660393,0.0009541714507660393,other-body-box,False,True
162,ground,right_ankle_roll_link,world,right_ankle_roll_link,-0.0014489314373703835,0.0014489314373703835,foot-ground,True,False
162,ground,right_ankle_roll_sphere_3_link,world,right_ankle_roll_sphere_3_link,-0.0006233833106525982,0.0006233833106525982,foot-ground,True,False
162,ground,right_ankle_roll_sphere_4_link,world,right_ankle_roll_sphere_4_link,-0.0009958717195446788,0.0009958717195446788,foot-ground,True,False
162,pelvis_contour_link,left_hip_roll_link,pelvis_contour_link,left_hip_roll_link,-0.005200541159307681,0.005200541159307681,self-collision,False,False
162,ground,largebox,world,largebox_link,-0.0034113582408976384,0.0034113582408976384,object-ground,True,False
162,ground,right_ankle_roll_sphere_5_link,world,right_ankle_roll_sphere_5_link,-0.0008059778891093055,0.0008059778891093055,foot-ground,True,False
162,right_knee_link,right_ankle_roll_link,right_knee_link,right_ankle_roll_link,-0.03859215163063229,0.03859215163063229,self-collision,False,False
162,ground,left_rubber_hand_link,world,left_rubber_hand_link,-0.000995265947208196,0.000995265947208196,robot-ground-excluding-foot,False,True
162,ground,right_rubber_hand_link,world,right_rubber_hand_link,-0.0009852350352935885,0.0009852350352935885,robot-ground-excluding-foot,False,True
162,ground,left_ankle_roll_link,world,left_ankle_roll_link,-0.0010160707962107336,0.0010160707962107336,foot-ground,True,False
162,left_knee_link,left_ankle_roll_link,left_knee_link,left_ankle_roll_link,-0.0437243977280502,0.0437243977280502,self-collision,False,False
162,left_rubber_hand_link,largebox,left_rubber_hand_link,largebox_link,-0.0010245447247503037,0.0010245447247503037,hand-box,True,False
162,ground,right_ankle_roll_sphere_1_link,world,right_ankle_roll_sphere_1_link,-0.0006854458323029234,0.0006854458323029234,foot-ground,True,False
162,ground,left_ankle_roll_sphere_4_link,world,left_ankle_roll_sphere_4_link,-0.0005926089083538892,0.0005926089083538892,foot-ground,True,False
163,ground,right_ankle_roll_sphere_2_link,world,right_ankle_roll_sphere_2_link,-0.0009976398926361011,0.0009976398926361011,foot-ground,True,False
163,pelvis_contour_link,right_hip_roll_link,pelvis_contour_link,right_hip_roll_link,-0.008296405147566396,0.008296405147566396,self-collision,False,False
163,right_rubber_hand_link,largebox,right_rubber_hand_link,largebox_link,-0.0010290492343978663,0.0010290492343978663,hand-box,True,False
163,ground,left_ankle_roll_sphere_5_link,world,left_ankle_roll_sphere_5_link,-1.9006865125392562e-05,1.9006865125392562e-05,foot-ground,True,False
163,left_ankle_intermediate_1_link,left_ankle_roll_link,left_ankle_intermediate_1_link,left_ankle_roll_link,-0.0005333442134117239,0.0005333442134117239,self-collision,False,False
163,left_shoulder_yaw_link,largebox,left_shoulder_yaw_link,largebox_link,-0.0008501947280855626,0.0008501947280855626,other-body-box,False,True
163,ground,right_ankle_roll_link,world,right_ankle_roll_link,-0.00145065778391789,0.00145065778391789,foot-ground,True,False
163,ground,right_ankle_roll_sphere_3_link,world,right_ankle_roll_sphere_3_link,-0.0006250932204682263,0.0006250932204682263,foot-ground,True,False
163,ground,right_ankle_roll_sphere_4_link,world,right_ankle_roll_sphere_4_link,-0.0009975582258015562,0.0009975582258015562,foot-ground,True,False
163,pelvis_contour_link,left_hip_roll_link,pelvis_contour_link,left_hip_roll_link,-0.005237874831549583,0.005237874831549583,self-collision,False,False
163,ground,largebox,world,largebox_link,-0.0027335402352362537,0.0027335402352362537,object-ground,True,False
163,ground,right_ankle_roll_sphere_5_link,world,right_ankle_roll_sphere_5_link,-0.0008076644975726589,0.0008076644975726589,foot-ground,True,False
163,right_knee_link,right_ankle_roll_link,right_knee_link,right_ankle_roll_link,-0.03878522344596591,0.03878522344596591,self-collision,False,False
163,ground,left_rubber_hand_link,world,left_rubber_hand_link,-0.000997943839554996,0.000997943839554996,robot-ground-excluding-foot,False,True
163,ground,right_rubber_hand_link,world,right_rubber_hand_link,-0.0009992210079960567,0.0009992210079960567,robot-ground-excluding-foot,False,True
163,ground,left_ankle_roll_link,world,left_ankle_roll_link,-0.0010060845188248832,0.0010060845188248832,foot-ground,True,False
163,left_knee_link,left_ankle_roll_link,left_knee_link,left_ankle_roll_link,-0.0437004016333869,0.0437004016333869,self-collision,False,False
163,left_rubber_hand_link,largebox,left_rubber_hand_link,largebox_link,-0.0009366648314460407,0.0009366648314460407,hand-box,True,False
163,ground,right_ankle_roll_sphere_1_link,world,right_ankle_roll_sphere_1_link,-0.0006872523881916578,0.0006872523881916578,foot-ground,True,False
163,ground,left_ankle_roll_sphere_4_link,world,left_ankle_roll_sphere_4_link,-0.0005893343038031002,0.0005893343038031002,foot-ground,True,False
164,ground,right_ankle_roll_sphere_2_link,world,right_ankle_roll_sphere_2_link,-0.0009976502847169845,0.0009976502847169845,foot-ground,True,False
164,pelvis_contour_link,right_hip_roll_link,pelvis_contour_link,right_hip_roll_link,-0.008324773953807235,0.008324773953807235,self-collision,False,False
164,right_rubber_hand_link,largebox,right_rubber_hand_link,largebox_link,-0.0010059895816462716,0.0010059895816462716,hand-box,True,False
164,ground,left_ankle_roll_sphere_5_link,world,left_ankle_roll_sphere_5_link,-8.911374341200994e-05,8.911374341200994e-05,foot-ground,True,False
164,left_ankle_intermediate_1_link,left_ankle_roll_link,left_ankle_intermediate_1_link,left_ankle_roll_link,-0.0004945624667154203,0.0004945624667154203,self-collision,False,False
164,left_shoulder_yaw_link,largebox,left_shoulder_yaw_link,largebox_link,-0.001064909572573297,0.001064909572573297,other-body-box,False,True
164,ground,right_ankle_roll_link,world,right_ankle_roll_link,-0.0014506754994450567,0.0014506754994450567,foot-ground,True,False
164,ground,right_ankle_roll_sphere_3_link,world,right_ankle_roll_sphere_3_link,-0.0006251306032571844,0.0006251306032571844,foot-ground,True,False
164,ground,right_ankle_roll_sphere_4_link,world,right_ankle_roll_sphere_4_link,-0.000997584336750421,0.000997584336750421,foot-ground,True,False
164,pelvis_contour_link,left_hip_roll_link,pelvis_contour_link,left_hip_roll_link,-0.0053084935765894126,0.0053084935765894126,self-collision,False,False
164,ground,largebox,world,largebox_link,-0.0033070616425555366,0.0033070616425555366,object-ground,True,False
164,ground,right_ankle_roll_sphere_5_link,world,right_ankle_roll_sphere_5_link,-0.0008076982042283928,0.0008076982042283928,foot-ground,True,False
164,right_knee_link,right_ankle_roll_link,right_knee_link,right_ankle_roll_link,-0.03882333725118145,0.03882333725118145,self-collision,False,False
164,ground,left_rubber_hand_link,world,left_rubber_hand_link,-0.0009943965548284972,0.0009943965548284972,robot-ground-excluding-foot,False,True
164,ground,right_rubber_hand_link,world,right_rubber_hand_link,-0.0009993014229710412,0.0009993014229710412,robot-ground-excluding-foot,False,True
164,ground,left_ankle_roll_link,world,left_ankle_roll_link,-0.001001925919675517,0.001001925919675517,foot-ground,True,False
164,left_knee_link,left_ankle_roll_link,left_knee_link,left_ankle_roll_link,-0.04364911364384827,0.04364911364384827,self-collision,False,False
164,left_rubber_hand_link,largebox,left_rubber_hand_link,largebox_link,-0.0010351729265318382,0.0010351729265318382,hand-box,True,False
164,ground,right_ankle_roll_sphere_1_link,world,right_ankle_roll_sphere_1_link,-0.0006872721734726235,0.0006872721734726235,foot-ground,True,False
164,ground,left_ankle_roll_sphere_4_link,world,left_ankle_roll_sphere_4_link,-0.0005454906903243515,0.0005454906903243515,foot-ground,True,False
165,ground,right_ankle_roll_sphere_2_link,world,right_ankle_roll_sphere_2_link,-0.0009918612424518044,0.0009918612424518044,foot-ground,True,False
165,pelvis_contour_link,right_hip_roll_link,pelvis_contour_link,right_hip_roll_link,-0.007655220178819949,0.007655220178819949,self-collision,False,False
165,right_rubber_hand_link,largebox,right_rubber_hand_link,largebox_link,-0.0010390390598413318,0.0010390390598413318,hand-box,True,False
165,ground,left_ankle_roll_sphere_5_link,world,left_ankle_roll_sphere_5_link,-8.597697434650341e-05,8.597697434650341e-05,foot-ground,True,False
165,left_ankle_intermediate_1_link,left_ankle_roll_link,left_ankle_intermediate_1_link,left_ankle_roll_link,-0.00025112993964017394,0.00025112993964017394,self-collision,False,False
165,left_shoulder_yaw_link,largebox,left_shoulder_yaw_link,largebox_link,-0.0022703019286289816,0.0022703019286289816,other-body-box,False,True
165,ground,right_ankle_roll_link,world,right_ankle_roll_link,-0.0014444701074419405,0.0014444701074419405,foot-ground,True,False
165,ground,right_ankle_roll_sphere_3_link,world,right_ankle_roll_sphere_3_link,-0.0006180857499915237,0.0006180857499915237,foot-ground,True,False
165,ground,right_ankle_roll_sphere_4_link,world,right_ankle_roll_sphere_4_link,-0.0009909582071079516,0.0009909582071079516,foot-ground,True,False
165,pelvis_contour_link,left_hip_roll_link,pelvis_contour_link,left_hip_roll_link,-0.005308077901919034,0.005308077901919034,self-collision,False,False
165,ground,largebox,world,largebox_link,-0.0036989498235192875,0.0036989498235192875,object-ground,True,False
165,ground,right_ankle_roll_sphere_5_link,world,right_ankle_roll_sphere_5_link,-0.0008007601267728493,0.0008007601267728493,foot-ground,True,False
165,right_knee_link,right_ankle_roll_link,right_knee_link,right_ankle_roll_link,-0.038935653978421,0.038935653978421,self-collision,False,False
165,ground,left_rubber_hand_link,world,left_rubber_hand_link,-0.0009711585475728757,0.0009711585475728757,robot-ground-excluding-foot,False,True
165,ground,right_rubber_hand_link,world,right_rubber_hand_link,-0.000985670014330406,0.000985670014330406,robot-ground-excluding-foot,False,True
165,ground,left_ankle_roll_link,world,left_ankle_roll_link,-0.001000836917830955,0.001000836917830955,foot-ground,True,False
165,left_knee_link,left_ankle_roll_link,left_knee_link,left_ankle_roll_link,-0.04324557545206609,0.04324557545206609,self-collision,False,False
165,left_rubber_hand_link,largebox,left_rubber_hand_link,largebox_link,-0.00020518585162956904,0.00020518585162956904,hand-box,True,False
165,left_elbow_link,largebox,left_elbow_link,largebox_link,-6.512536116701217e-05,6.512536116701217e-05,other-body-box,False,True
165,ground,right_ankle_roll_sphere_1_link,world,right_ankle_roll_sphere_1_link,-0.0006811341948547772,0.0006811341948547772,foot-ground,True,False
165,ground,left_ankle_roll_sphere_4_link,world,left_ankle_roll_sphere_4_link,-0.0003636755178764743,0.0003636755178764743,foot-ground,True,False
166,ground,right_ankle_roll_sphere_2_link,world,right_ankle_roll_sphere_2_link,-0.000997389732833742,0.000997389732833742,foot-ground,True,False
166,pelvis_contour_link,right_hip_roll_link,pelvis_contour_link,right_hip_roll_link,-0.007565074924983317,0.007565074924983317,self-collision,False,False
166,right_rubber_hand_link,largebox,right_rubber_hand_link,largebox_link,-0.0010021236779948067,0.0010021236779948067,hand-box,True,False
166,ground,left_ankle_roll_sphere_5_link,world,left_ankle_roll_sphere_5_link,-0.00015445115300735928,0.00015445115300735928,foot-ground,True,False
166,left_ankle_intermediate_1_link,left_ankle_roll_link,left_ankle_intermediate_1_link,left_ankle_roll_link,-0.00018543007043114734,0.00018543007043114734,self-collision,False,False
166,left_shoulder_yaw_link,largebox,left_shoulder_yaw_link,largebox_link,-0.0011270881345613881,0.0011270881345613881,other-body-box,False,True
166,ground,right_ankle_roll_link,world,right_ankle_roll_link,-0.0014504565018187768,0.0014504565018187768,foot-ground,True,False
166,ground,right_ankle_roll_sphere_3_link,world,right_ankle_roll_sphere_3_link,-0.0006249170557862732,0.0006249170557862732,foot-ground,True,False
166,ground,right_ankle_roll_sphere_4_link,world,right_ankle_roll_sphere_4_link,-0.0009973914329282655,0.0009973914329282655,foot-ground,True,False
166,pelvis_contour_link,left_hip_roll_link,pelvis_contour_link,left_hip_roll_link,-0.005297250082149346,0.005297250082149346,self-collision,False,False
166,ground,largebox,world,largebox_link,-0.0033454913191396374,0.0033454913191396374,object-ground,True,False
166,ground,right_ankle_roll_sphere_5_link,world,right_ankle_roll_sphere_5_link,-0.0008075027347885675,0.0008075027347885675,foot-ground,True,False
166,right_knee_link,right_ankle_roll_link,right_knee_link,right_ankle_roll_link,-0.038922672314349926,0.038922672314349926,self-collision,False,False
166,ground,left_rubber_hand_link,world,left_rubber_hand_link,-0.0009949641339866838,0.0009949641339866838,robot-ground-excluding-foot,False,True
166,ground,right_rubber_hand_link,world,right_rubber_hand_link,-0.0009987968090770516,0.0009987968090770516,robot-ground-excluding-foot,False,True
166,ground,left_ankle_roll_link,world,left_ankle_roll_link,-0.0010001032100742206,0.0010001032100742206,foot-ground,True,False
166,left_knee_link,left_ankle_roll_link,left_knee_link,left_ankle_roll_link,-0.043125533972908414,0.043125533972908414,self-collision,False,False
166,left_rubber_hand_link,largebox,left_rubber_hand_link,largebox_link,-0.0010656851492331088,0.0010656851492331088,hand-box,True,False
166,ground,right_ankle_roll_sphere_1_link,world,right_ankle_roll_sphere_1_link,-0.0006869944185487501,0.0006869944185487501,foot-ground,True,False
166,ground,left_ankle_roll_sphere_4_link,world,left_ankle_roll_sphere_4_link,-0.0002373122657164826,0.0002373122657164826,foot-ground,True,False
167,ground,right_ankle_roll_sphere_2_link,world,right_ankle_roll_sphere_2_link,-0.0009976545989071979,0.0009976545989071979,foot-ground,True,False
167,pelvis_contour_link,right_hip_roll_link,pelvis_contour_link,right_hip_roll_link,-0.007569042090029385,0.007569042090029385,self-collision,False,False
167,right_rubber_hand_link,largebox,right_rubber_hand_link,largebox_link,-0.0009970147363976556,0.0009970147363976556,hand-box,True,False
167,ground,left_ankle_roll_sphere_5_link,world,left_ankle_roll_sphere_5_link,-0.00020817210702457883,0.00020817210702457883,foot-ground,True,False
167,left_ankle_intermediate_1_link,left_ankle_roll_link,left_ankle_intermediate_1_link,left_ankle_roll_link,-0.00013408306983736518,0.00013408306983736518,self-collision,False,False
167,left_shoulder_yaw_link,largebox,left_shoulder_yaw_link,largebox_link,-0.0011402051525307988,0.0011402051525307988,other-body-box,False,True
167,ground,right_ankle_roll_link,world,right_ankle_roll_link,-0.0014507177200104374,0.0014507177200104374,foot-ground,True,False
167,ground,right_ankle_roll_sphere_3_link,world,right_ankle_roll_sphere_3_link,-0.0006251824925907713,0.0006251824925907713,foot-ground,True,False
167,ground,right_ankle_roll_sphere_4_link,world,right_ankle_roll_sphere_4_link,-0.0009976513137591033,0.0009976513137591033,foot-ground,True,False
167,pelvis_contour_link,left_hip_roll_link,pelvis_contour_link,left_hip_roll_link,-0.005306793449234737,0.005306793449234737,self-collision,False,False
167,ground,largebox,world,largebox_link,-0.0032885224614347397,0.0032885224614347397,object-ground,True,False
167,ground,right_ankle_roll_sphere_5_link,world,right_ankle_roll_sphere_5_link,-0.0008077648615774325,0.0008077648615774325,foot-ground,True,False
167,right_knee_link,right_ankle_roll_link,right_knee_link,right_ankle_roll_link,-0.03890460529551651,0.03890460529551651,self-collision,False,False
167,ground,left_rubber_hand_link,world,left_rubber_hand_link,-0.0009948766309413742,0.0009948766309413742,robot-ground-excluding-foot,False,True
167,ground,right_rubber_hand_link,world,right_rubber_hand_link,-0.0009996947722159116,0.0009996947722159116,robot-ground-excluding-foot,False,True
167,ground,left_ankle_roll_link,world,left_ankle_roll_link,-0.0009999759449336662,0.0009999759449336662,foot-ground,True,False
167,left_knee_link,left_ankle_roll_link,left_knee_link,left_ankle_roll_link,-0.04307793066050697,0.04307793066050697,self-collision,False,False
167,left_rubber_hand_link,largebox,left_rubber_hand_link,largebox_link,-0.0011659744159034091,0.0011659744159034091,hand-box,True,False
167,ground,right_ankle_roll_sphere_1_link,world,right_ankle_roll_sphere_1_link,-0.0006872639146002562,0.0006872639146002562,foot-ground,True,False
167,ground,left_ankle_roll_sphere_4_link,world,left_ankle_roll_sphere_4_link,-0.00023647120217844524,0.00023647120217844524,foot-ground,True,False
168,ground,right_ankle_roll_sphere_2_link,world,right_ankle_roll_sphere_2_link,-0.0009963193713143385,0.0009963193713143385,foot-ground,True,False
168,pelvis_contour_link,right_hip_roll_link,pelvis_contour_link,right_hip_roll_link,-0.0074381347547185644,0.0074381347547185644,self-collision,False,False
168,right_rubber_hand_link,largebox,right_rubber_hand_link,largebox_link,-0.0012158409622058663,0.0012158409622058663,hand-box,True,False
168,ground,left_ankle_roll_sphere_5_link,world,left_ankle_roll_sphere_5_link,-0.00023265536707488526,0.00023265536707488526,foot-ground,True,False
168,left_shoulder_yaw_link,largebox,left_shoulder_yaw_link,largebox_link,-0.00034538470452774583,0.00034538470452774583,other-body-box,False,True
168,ground,right_ankle_roll_link,world,right_ankle_roll_link,-0.0014490330765923286,0.0014490330765923286,foot-ground,True,False
168,ground,right_ankle_roll_sphere_3_link,world,right_ankle_roll_sphere_3_link,-0.0006232256297989914,0.0006232256297989914,foot-ground,True,False
168,ground,right_ankle_roll_sphere_4_link,world,right_ankle_roll_sphere_4_link,-0.0009957013083071444,0.0009957013083071444,foot-ground,True,False
168,pelvis_contour_link,left_hip_roll_link,pelvis_contour_link,left_hip_roll_link,-0.0054405813198573905,0.0054405813198573905,self-collision,False,False
168,ground,largebox,world,largebox_link,-0.00327682267585247,0.00327682267585247,object-ground,True,False
168,ground,right_ankle_roll_sphere_5_link,world,right_ankle_roll_sphere_5_link,-0.0008057390334197867,0.0008057390334197867,foot-ground,True,False
168,right_knee_link,right_ankle_roll_link,right_knee_link,right_ankle_roll_link,-0.038501424522316086,0.038501424522316086,self-collision,False,False
168,ground,left_rubber_hand_link,world,left_rubber_hand_link,-0.000991203234519955,0.000991203234519955,robot-ground-excluding-foot,False,True
168,ground,left_ankle_roll_link,world,left_ankle_roll_link,-0.0009991199998325602,0.0009991199998325602,foot-ground,True,False
168,left_knee_link,left_ankle_roll_link,left_knee_link,left_ankle_roll_link,-0.042774421699973586,0.042774421699973586,self-collision,False,False
168,left_rubber_hand_link,largebox,left_rubber_hand_link,largebox_link,-0.0009702371055158865,0.0009702371055158865,hand-box,True,False
168,ground,right_ankle_roll_sphere_1_link,world,right_ankle_roll_sphere_1_link,-0.000685922972557546,0.000685922972557546,foot-ground,True,False
168,ground,left_ankle_roll_sphere_4_link,world,left_ankle_roll_sphere_4_link,-0.00019055102269100854,0.00019055102269100854,foot-ground,True,False
169,ground,right_ankle_roll_sphere_2_link,world,right_ankle_roll_sphere_2_link,-0.0009965121770720417,0.0009965121770720417,foot-ground,True,False
169,pelvis_contour_link,right_hip_roll_link,pelvis_contour_link,right_hip_roll_link,-0.006988239043686034,0.006988239043686034,self-collision,False,False
169,right_rubber_hand_link,largebox,right_rubber_hand_link,largebox_link,-0.0013589289929590992,0.0013589289929590992,hand-box,True,False
169,ground,left_ankle_roll_sphere_5_link,world,left_ankle_roll_sphere_5_link,-0.00019750790089196734,0.00019750790089196734,foot-ground,True,False
169,left_shoulder_yaw_link,largebox,left_shoulder_yaw_link,largebox_link,-0.0008397396136297086,0.0008397396136297086,other-body-box,False,True
169,ground,right_ankle_roll_link,world,right_ankle_roll_link,-0.0014676067862707948,0.0014676067862707948,foot-ground,True,False
169,ground,right_ankle_roll_sphere_3_link,world,right_ankle_roll_sphere_3_link,-0.0004966453490579384,0.0004966453490579384,foot-ground,True,False
169,ground,right_ankle_roll_sphere_4_link,world,right_ankle_roll_sphere_4_link,-0.0009958845147640142,0.0009958845147640142,foot-ground,True,False
169,pelvis_contour_link,left_hip_roll_link,pelvis_contour_link,left_hip_roll_link,-0.004737770813208239,0.004737770813208239,self-collision,False,False
169,ground,largebox,world,largebox_link,-0.0033650770584381373,0.0033650770584381373,object-ground,True,False
169,ground,right_ankle_roll_sphere_5_link,world,right_ankle_roll_sphere_5_link,-0.0007412965876619345,0.0007412965876619345,foot-ground,True,False
169,right_knee_link,right_ankle_roll_link,right_knee_link,right_ankle_roll_link,-0.03792258708264787,0.03792258708264787,self-collision,False,False
169,ground,left_ankle_roll_link,world,left_ankle_roll_link,-0.0010006845001286832,0.0010006845001286832,foot-ground,True,False
169,left_knee_link,left_ankle_roll_link,left_knee_link,left_ankle_roll_link,-0.04239673020004531,0.04239673020004531,self-collision,False,False
169,ground,right_ankle_roll_sphere_1_link,world,right_ankle_roll_sphere_1_link,-0.0005804795389836468,0.0005804795389836468,foot-ground,True,False
169,ground,left_ankle_roll_sphere_4_link,world,left_ankle_roll_sphere_4_link,-0.00015994181940217744,0.00015994181940217744,foot-ground,True,False
170,ground,right_ankle_roll_sphere_2_link,world,right_ankle_roll_sphere_2_link,-0.0009975887771751122,0.0009975887771751122,foot-ground,True,False
170,pelvis_contour_link,right_hip_roll_link,pelvis_contour_link,right_hip_roll_link,-0.00877499178727173,0.00877499178727173,self-collision,False,False
170,ground,left_ankle_roll_sphere_5_link,world,left_ankle_roll_sphere_5_link,-0.0001834912376189003,0.0001834912376189003,foot-ground,True,False
170,ground,right_ankle_roll_link,world,right_ankle_roll_link,-0.0014681760023437483,0.0014681760023437483,foot-ground,True,False
170,ground,right_ankle_roll_sphere_3_link,world,right_ankle_roll_sphere_3_link,-0.0005041699848034277,0.0005041699848034277,foot-ground,True,False
170,ground,right_ankle_roll_sphere_4_link,world,right_ankle_roll_sphere_4_link,-0.000997558768963797,0.000997558768963797,foot-ground,True,False
170,pelvis_contour_link,left_hip_roll_link,pelvis_contour_link,left_hip_roll_link,-0.004364067645049374,0.004364067645049374,self-collision,False,False
170,ground,largebox,world,largebox_link,-0.0033603405169984057,0.0033603405169984057,object-ground,True,False
170,ground,right_ankle_roll_sphere_5_link,world,right_ankle_roll_sphere_5_link,-0.0007460237015630622,0.0007460237015630622,foot-ground,True,False
170,right_knee_link,right_ankle_roll_link,right_knee_link,right_ankle_roll_link,-0.037271336612068245,0.037271336612068245,self-collision,False,False
170,ground,left_ankle_roll_link,world,left_ankle_roll_link,-0.0009999046618478502,0.0009999046618478502,foot-ground,True,False
170,left_knee_link,left_ankle_roll_link,left_knee_link,left_ankle_roll_link,-0.04182971055384338,0.04182971055384338,self-collision,False,False
170,ground,right_ankle_roll_sphere_1_link,world,right_ankle_roll_sphere_1_link,-0.0005864314570414716,0.0005864314570414716,foot-ground,True,False
170,ground,left_ankle_roll_sphere_4_link,world,left_ankle_roll_sphere_4_link,-5.256504916481119e-05,5.256504916481119e-05,foot-ground,True,False
171,ground,right_ankle_roll_sphere_2_link,world,right_ankle_roll_sphere_2_link,-0.0009985358260688774,0.0009985358260688774,foot-ground,True,False
171,pelvis_contour_link,right_hip_roll_link,pelvis_contour_link,right_hip_roll_link,-0.008257649320331503,0.008257649320331503,self-collision,False,False
171,ground,left_ankle_roll_sphere_5_link,world,left_ankle_roll_sphere_5_link,-0.00017132857090474806,0.00017132857090474806,foot-ground,True,False
171,ground,right_ankle_roll_link,world,right_ankle_roll_link,-0.001402847357140153,0.001402847357140153,foot-ground,True,False
171,ground,right_ankle_roll_sphere_3_link,world,right_ankle_roll_sphere_3_link,-0.000442484174256459,0.000442484174256459,foot-ground,True,False
171,ground,right_ankle_roll_sphere_4_link,world,right_ankle_roll_sphere_4_link,-0.0006808200294662779,0.0006808200294662779,foot-ground,True,False
171,pelvis_contour_link,left_hip_roll_link,pelvis_contour_link,left_hip_roll_link,-0.005413115284898309,0.005413115284898309,self-collision,False,False
171,ground,largebox,world,largebox_link,-0.0033176622921406163,0.0033176622921406163,object-ground,True,False
171,ground,right_ankle_roll_sphere_5_link,world,right_ankle_roll_sphere_5_link,-0.000521937146817828,0.000521937146817828,foot-ground,True,False
171,right_knee_link,right_ankle_roll_link,right_knee_link,right_ankle_roll_link,-0.036652556356639915,0.036652556356639915,self-collision,False,False
171,ground,left_ankle_roll_link,world,left_ankle_roll_link,-0.0009997386830621485,0.0009997386830621485,foot-ground,True,False
171,left_knee_link,left_ankle_roll_link,left_knee_link,left_ankle_roll_link,-0.04078738090414841,0.04078738090414841,self-collision,False,False
171,ground,right_ankle_roll_sphere_1_link,world,right_ankle_roll_sphere_1_link,-0.0007999226133940272,0.0007999226133940272,foot-ground,True,False
172,ground,right_ankle_roll_sphere_2_link,world,right_ankle_roll_sphere_2_link,-0.000999320420353638,0.000999320420353638,foot-ground,True,False
172,pelvis_contour_link,right_hip_roll_link,pelvis_contour_link,right_hip_roll_link,-0.007110083706677053,0.007110083706677053,self-collision,False,False
172,ground,left_ankle_roll_sphere_5_link,world,left_ankle_roll_sphere_5_link,-0.00016876027925949704,0.00016876027925949704,foot-ground,True,False
172,ground,right_ankle_roll_link,world,right_ankle_roll_link,-0.0014244523159180102,0.0014244523159180102,foot-ground,True,False
172,ground,right_ankle_roll_sphere_3_link,world,right_ankle_roll_sphere_3_link,-0.0005984653695855552,0.0005984653695855552,foot-ground,True,False
172,ground,right_ankle_roll_sphere_4_link,world,right_ankle_roll_sphere_4_link,-0.0006433578353115593,0.0006433578353115593,foot-ground,True,False
172,pelvis_contour_link,left_hip_roll_link,pelvis_contour_link,left_hip_roll_link,-0.005614213803047649,0.005614213803047649,self-collision,False,False
172,ground,largebox,world,largebox_link,-0.0032773474505289335,0.0032773474505289335,object-ground,True,False
172,ground,right_ankle_roll_sphere_5_link,world,right_ankle_roll_sphere_5_link,-0.0005785935290541352,0.0005785935290541352,foot-ground,True,False
172,right_knee_link,right_ankle_roll_link,right_knee_link,right_ankle_roll_link,-0.03574596794974705,0.03574596794974705,self-collision,False,False
172,ground,left_ankle_roll_link,world,left_ankle_roll_link,-0.0009998361343600479,0.0009998361343600479,foot-ground,True,False
172,left_knee_link,left_ankle_roll_link,left_knee_link,left_ankle_roll_link,-0.039956400623291394,0.039956400623291394,self-collision,False,False
172,ground,right_ankle_roll_sphere_1_link,world,right_ankle_roll_sphere_1_link,-0.0009619100322486333,0.0009619100322486333,foot-ground,True,False
173,ground,right_ankle_roll_sphere_2_link,world,right_ankle_roll_sphere_2_link,-0.0009980250255908233,0.0009980250255908233,foot-ground,True,False
173,pelvis_contour_link,right_hip_roll_link,pelvis_contour_link,right_hip_roll_link,-0.006899459329461663,0.006899459329461663,self-collision,False,False
173,ground,left_ankle_roll_sphere_5_link,world,left_ankle_roll_sphere_5_link,-0.00017649192869529772,0.00017649192869529772,foot-ground,True,False
173,ground,right_ankle_roll_link,world,right_ankle_roll_link,-0.0014352797146898917,0.0014352797146898917,foot-ground,True,False
173,ground,right_ankle_roll_sphere_3_link,world,right_ankle_roll_sphere_3_link,-0.0006392584955318093,0.0006392584955318093,foot-ground,True,False
173,ground,right_ankle_roll_sphere_4_link,world,right_ankle_roll_sphere_4_link,-0.0006375475186421132,0.0006375475186421132,foot-ground,True,False
173,pelvis_contour_link,left_hip_roll_link,pelvis_contour_link,left_hip_roll_link,-0.005155763009967271,0.005155763009967271,self-collision,False,False
173,ground,largebox,world,largebox_link,-0.003212840348059298,0.003212840348059298,object-ground,True,False
173,ground,right_ankle_roll_sphere_5_link,world,right_ankle_roll_sphere_5_link,-0.0005960106629056402,0.0005960106629056402,foot-ground,True,False
173,right_knee_link,right_ankle_roll_link,right_knee_link,right_ankle_roll_link,-0.03471244094789,0.03471244094789,self-collision,False,False
173,ground,left_ankle_roll_link,world,left_ankle_roll_link,-0.0010001498866570764,0.0010001498866570764,foot-ground,True,False
173,left_knee_link,left_ankle_roll_link,left_knee_link,left_ankle_roll_link,-0.039312609781339436,0.039312609781339436,self-collision,False,False
173,ground,right_ankle_roll_sphere_1_link,world,right_ankle_roll_sphere_1_link,-0.0009994508396655678,0.0009994508396655678,foot-ground,True,False
174,ground,right_ankle_roll_sphere_2_link,world,right_ankle_roll_sphere_2_link,-0.0007718867501846837,0.0007718867501846837,foot-ground,True,False
174,pelvis_contour_link,right_hip_roll_link,pelvis_contour_link,right_hip_roll_link,-0.007747759346258792,0.007747759346258792,self-collision,False,False
174,ground,left_ankle_roll_sphere_5_link,world,left_ankle_roll_sphere_5_link,-0.00016417175334437328,0.00016417175334437328,foot-ground,True,False
174,ground,right_ankle_roll_link,world,right_ankle_roll_link,-0.0014080191363401232,0.0014080191363401232,foot-ground,True,False
174,ground,right_ankle_roll_sphere_3_link,world,right_ankle_roll_sphere_3_link,-0.0008462163095796426,0.0008462163095796426,foot-ground,True,False
174,ground,right_ankle_roll_sphere_4_link,world,right_ankle_roll_sphere_4_link,-0.0005742056115698611,0.0005742056115698611,foot-ground,True,False
174,pelvis_contour_link,left_hip_roll_link,pelvis_contour_link,left_hip_roll_link,-0.0050564721979916155,0.0050564721979916155,self-collision,False,False
174,ground,largebox,world,largebox_link,-0.0032808881487431663,0.0032808881487431663,object-ground,True,False
174,ground,right_ankle_roll_sphere_5_link,world,right_ankle_roll_sphere_5_link,-0.0006896211275809463,0.0006896211275809463,foot-ground,True,False
174,right_knee_link,right_ankle_roll_link,right_knee_link,right_ankle_roll_link,-0.033654902239083406,0.033654902239083406,self-collision,False,False
174,ground,left_ankle_roll_link,world,left_ankle_roll_link,-0.0009994528792344436,0.0009994528792344436,foot-ground,True,False
174,left_knee_link,left_ankle_roll_link,left_knee_link,left_ankle_roll_link,-0.03855792896252974,0.03855792896252974,self-collision,False,False
174,ground,right_ankle_roll_sphere_1_link,world,right_ankle_roll_sphere_1_link,-0.0009985623318595023,0.0009985623318595023,foot-ground,True,False
175,ground,right_ankle_roll_sphere_2_link,world,right_ankle_roll_sphere_2_link,-0.0006017556717332747,0.0006017556717332747,foot-ground,True,False
175,pelvis_contour_link,right_hip_roll_link,pelvis_contour_link,right_hip_roll_link,-0.008590348997964181,0.008590348997964181,self-collision,False,False
175,ground,left_ankle_roll_sphere_5_link,world,left_ankle_roll_sphere_5_link,-0.00019353524738692073,0.00019353524738692073,foot-ground,True,False
175,ground,right_ankle_roll_link,world,right_ankle_roll_link,-0.0014652266276514378,0.0014652266276514378,foot-ground,True,False
175,ground,right_ankle_roll_sphere_3_link,world,right_ankle_roll_sphere_3_link,-0.000998116802716417,0.000998116802716417,foot-ground,True,False
175,ground,right_ankle_roll_sphere_4_link,world,right_ankle_roll_sphere_4_link,-0.000523164835200123,0.000523164835200123,foot-ground,True,False
175,pelvis_contour_link,left_hip_roll_link,pelvis_contour_link,left_hip_roll_link,-0.004860938653178146,0.004860938653178146,self-collision,False,False
175,ground,largebox,world,largebox_link,-0.0032480913721732174,0.0032480913721732174,object-ground,True,False
175,ground,right_ankle_roll_sphere_5_link,world,right_ankle_roll_sphere_5_link,-0.0007560512300280589,0.0007560512300280589,foot-ground,True,False
175,right_knee_link,right_ankle_roll_link,right_knee_link,right_ankle_roll_link,-0.0326811792203654,0.0326811792203654,self-collision,False,False
175,right_ankle_intermediate_1_link,right_ankle_roll_link,right_ankle_intermediate_1_link,right_ankle_roll_link,-0.0024263381186682975,0.0024263381186682975,self-collision,False,False
175,ground,left_ankle_roll_link,world,left_ankle_roll_link,-0.000999791365240553,0.000999791365240553,foot-ground,True,False
175,left_knee_link,left_ankle_roll_link,left_knee_link,left_ankle_roll_link,-0.037820609750444045,0.037820609750444045,self-collision,False,False
175,ground,right_ankle_roll_sphere_1_link,world,right_ankle_roll_sphere_1_link,-0.0009975489779968502,0.0009975489779968502,foot-ground,True,False
176,pelvis_contour_link,right_hip_roll_link,pelvis_contour_link,right_hip_roll_link,-0.007839884258084795,0.007839884258084795,self-collision,False,False
176,ground,left_ankle_roll_sphere_5_link,world,left_ankle_roll_sphere_5_link,-0.00017955807247072974,0.00017955807247072974,foot-ground,True,False
176,ground,right_ankle_roll_link,world,right_ankle_roll_link,-0.0014032568035956608,0.0014032568035956608,foot-ground,True,False
176,ground,right_ankle_roll_sphere_3_link,world,right_ankle_roll_sphere_3_link,-0.0009964334457123842,0.0009964334457123842,foot-ground,True,False
176,ground,right_ankle_roll_sphere_4_link,world,right_ankle_roll_sphere_4_link,-0.0004135870466866571,0.0004135870466866571,foot-ground,True,False
176,pelvis_contour_link,left_hip_roll_link,pelvis_contour_link,left_hip_roll_link,-0.005417359711853892,0.005417359711853892,self-collision,False,False
176,ground,largebox,world,largebox_link,-0.0032414610302861635,0.0032414610302861635,object-ground,True,False
176,ground,right_ankle_roll_sphere_5_link,world,right_ankle_roll_sphere_5_link,-0.0008137350923851502,0.0008137350923851502,foot-ground,True,False
176,right_knee_link,right_ankle_roll_link,right_knee_link,right_ankle_roll_link,-0.031792087032796984,0.031792087032796984,self-collision,False,False
176,right_ankle_intermediate_1_link,right_ankle_roll_link,right_ankle_intermediate_1_link,right_ankle_roll_link,-0.0024465229673958783,0.0024465229673958783,self-collision,False,False
176,ground,left_ankle_roll_link,world,left_ankle_roll_link,-0.0009994558015079778,0.0009994558015079778,foot-ground,True,False
176,left_knee_link,left_ankle_roll_link,left_knee_link,left_ankle_roll_link,-0.03706824499661451,0.03706824499661451,self-collision,False,False
176,ground,right_ankle_roll_sphere_1_link,world,right_ankle_roll_sphere_1_link,-2.3701719882389914e-05,2.3701719882389914e-05,foot-ground,True,False
177,pelvis_contour_link,right_hip_roll_link,pelvis_contour_link,right_hip_roll_link,-0.007548842761505026,0.007548842761505026,self-collision,False,False
177,ground,left_ankle_roll_sphere_5_link,world,left_ankle_roll_sphere_5_link,-0.0001862913254016092,0.0001862913254016092,foot-ground,True,False
177,ground,right_ankle_roll_link,world,right_ankle_roll_link,-0.001389499128163947,0.001389499128163947,foot-ground,True,False
177,ground,right_ankle_roll_sphere_3_link,world,right_ankle_roll_sphere_3_link,-0.0009863073420578348,0.0009863073420578348,foot-ground,True,False
177,ground,right_ankle_roll_sphere_4_link,world,right_ankle_roll_sphere_4_link,-0.00043690035728128056,0.00043690035728128056,foot-ground,True,False
177,pelvis_contour_link,left_hip_roll_link,pelvis_contour_link,left_hip_roll_link,-0.005358283042131359,0.005358283042131359,self-collision,False,False
177,ground,largebox,world,largebox_link,-0.003209678411143918,0.003209678411143918,object-ground,True,False
177,ground,right_ankle_roll_sphere_5_link,world,right_ankle_roll_sphere_5_link,-0.0007973235910067452,0.0007973235910067452,foot-ground,True,False
177,right_knee_link,right_ankle_roll_link,right_knee_link,right_ankle_roll_link,-0.0308009361479315,0.0308009361479315,self-collision,False,False
177,right_ankle_intermediate_1_link,right_ankle_roll_link,right_ankle_intermediate_1_link,right_ankle_roll_link,-0.0023277221948511118,0.0023277221948511118,self-collision,False,False
177,ground,left_ankle_roll_link,world,left_ankle_roll_link,-0.0009905873616432095,0.0009905873616432095,foot-ground,True,False
177,left_knee_link,left_ankle_roll_link,left_knee_link,left_ankle_roll_link,-0.036088840164083535,0.036088840164083535,self-collision,False,False
177,ground,right_ankle_roll_sphere_1_link,world,right_ankle_roll_sphere_1_link,-0.00021190562529369624,0.00021190562529369624,foot-ground,True,False
178,ground,right_ankle_roll_sphere_2_link,world,right_ankle_roll_sphere_2_link,-0.0002976819745975001,0.0002976819745975001,foot-ground,True,False
178,pelvis_contour_link,right_hip_roll_link,pelvis_contour_link,right_hip_roll_link,-0.006987978320828148,0.006987978320828148,self-collision,False,False
178,ground,left_ankle_roll_sphere_5_link,world,left_ankle_roll_sphere_5_link,-8.370133161408454e-05,8.370133161408454e-05,foot-ground,True,False
178,ground,right_ankle_roll_link,world,right_ankle_roll_link,-0.0014086320798300071,0.0014086320798300071,foot-ground,True,False
178,ground,right_ankle_roll_sphere_3_link,world,right_ankle_roll_sphere_3_link,-0.0009922701597203055,0.0009922701597203055,foot-ground,True,False
178,ground,right_ankle_roll_sphere_4_link,world,right_ankle_roll_sphere_4_link,-0.0004826231802832438,0.0004826231802832438,foot-ground,True,False
178,pelvis_contour_link,left_hip_roll_link,pelvis_contour_link,left_hip_roll_link,-0.004540141806102224,0.004540141806102224,self-collision,False,False
178,ground,largebox,world,largebox_link,-0.0032372118068071387,0.0032372118068071387,object-ground,True,False
178,ground,right_ankle_roll_sphere_5_link,world,right_ankle_roll_sphere_5_link,-0.0007642009979200682,0.0007642009979200682,foot-ground,True,False
178,right_knee_link,right_ankle_roll_link,right_knee_link,right_ankle_roll_link,-0.03055898695032322,0.03055898695032322,self-collision,False,False
178,right_ankle_intermediate_1_link,right_ankle_roll_link,right_ankle_intermediate_1_link,right_ankle_roll_link,-0.0023762444895656515,0.0023762444895656515,self-collision,False,False
178,ground,left_ankle_roll_link,world,left_ankle_roll_link,-0.0009993318328094525,0.0009993318328094525,foot-ground,True,False
178,left_knee_link,left_ankle_roll_link,left_knee_link,left_ankle_roll_link,-0.03528702574008402,0.03528702574008402,self-collision,False,False
178,ground,right_ankle_roll_sphere_1_link,world,right_ankle_roll_sphere_1_link,-0.0007223877907950515,0.0007223877907950515,foot-ground,True,False
179,ground,right_ankle_roll_sphere_2_link,world,right_ankle_roll_sphere_2_link,-0.00029624055942749274,0.00029624055942749274,foot-ground,True,False
179,pelvis_contour_link,right_hip_roll_link,pelvis_contour_link,right_hip_roll_link,-0.006318292165018849,0.006318292165018849,self-collision,False,False
179,ground,right_ankle_roll_link,world,right_ankle_roll_link,-0.0014220491421282414,0.0014220491421282414,foot-ground,True,False
179,ground,right_ankle_roll_sphere_3_link,world,right_ankle_roll_sphere_3_link,-0.0009980339250515438,0.0009980339250515438,foot-ground,True,False
179,ground,right_ankle_roll_sphere_4_link,world,right_ankle_roll_sphere_4_link,-0.0008622521640356219,0.0008622521640356219,foot-ground,True,False
179,pelvis_contour_link,left_hip_roll_link,pelvis_contour_link,left_hip_roll_link,-0.00414346841147252,0.00414346841147252,self-collision,False,False
179,ground,largebox,world,largebox_link,-0.0032177457428858303,0.0032177457428858303,object-ground,True,False
179,ground,right_ankle_roll_sphere_5_link,world,right_ankle_roll_sphere_5_link,-0.0009980638388211649,0.0009980638388211649,foot-ground,True,False
179,right_knee_link,right_ankle_roll_link,right_knee_link,right_ankle_roll_link,-0.030082000118624802,0.030082000118624802,self-collision,False,False
179,right_ankle_intermediate_1_link,right_ankle_roll_link,right_ankle_intermediate_1_link,right_ankle_roll_link,-0.002328985693972968,0.002328985693972968,self-collision,False,False
179,ground,left_ankle_roll_link,world,left_ankle_roll_link,-0.0009997217619552926,0.0009997217619552926,foot-ground,True,False
179,left_knee_link,left_ankle_roll_link,left_knee_link,left_ankle_roll_link,-0.03444144743442468,0.03444144743442468,self-collision,False,False
179,ground,right_ankle_roll_sphere_1_link,world,right_ankle_roll_sphere_1_link,-0.00040939202694076273,0.00040939202694076273,foot-ground,True,False
180,ground,right_ankle_roll_sphere_2_link,world,right_ankle_roll_sphere_2_link,-0.0002948276137917606,0.0002948276137917606,foot-ground,True,False
180,pelvis_contour_link,right_hip_roll_link,pelvis_contour_link,right_hip_roll_link,-0.004258903500834493,0.004258903500834493,self-collision,False,False
180,ground,right_ankle_roll_link,world,right_ankle_roll_link,-0.0014208945747847014,0.0014208945747847014,foot-ground,True,False
180,ground,right_ankle_roll_sphere_3_link,world,right_ankle_roll_sphere_3_link,-0.0009969154326416449,0.0009969154326416449,foot-ground,True,False
180,ground,right_ankle_roll_sphere_4_link,world,right_ankle_roll_sphere_4_link,-0.0008609052698422331,0.0008609052698422331,foot-ground,True,False
180,pelvis_contour_link,left_hip_roll_link,pelvis_contour_link,left_hip_roll_link,-0.0031551602218878594,0.0031551602218878594,self-collision,False,False
180,ground,largebox,world,largebox_link,-0.0032865042744878725,0.0032865042744878725,object-ground,True,False
180,ground,right_ankle_roll_sphere_5_link,world,right_ankle_roll_sphere_5_link,-0.0009968411555106192,0.0009968411555106192,foot-ground,True,False
180,right_knee_link,right_ankle_roll_link,right_knee_link,right_ankle_roll_link,-0.029892135698832478,0.029892135698832478,self-collision,False,False
180,right_ankle_intermediate_1_link,right_ankle_roll_link,right_ankle_intermediate_1_link,right_ankle_roll_link,-0.0023069656446164377,0.0023069656446164377,self-collision,False,False
180,ground,left_ankle_roll_link,world,left_ankle_roll_link,-0.0009990403849775911,0.0009990403849775911,foot-ground,True,False
180,left_knee_link,left_ankle_roll_link,left_knee_link,left_ankle_roll_link,-0.033400083673275294,0.033400083673275294,self-collision,False,False
180,ground,right_ankle_roll_sphere_1_link,world,right_ankle_roll_sphere_1_link,-0.00040816941612460255,0.00040816941612460255,foot-ground,True,False
181,ground,right_ankle_roll_sphere_2_link,world,right_ankle_roll_sphere_2_link,-0.0002951072839202226,0.0002951072839202226,foot-ground,True,False
181,pelvis_contour_link,right_hip_roll_link,pelvis_contour_link,right_hip_roll_link,-0.0034585012264398973,0.0034585012264398973,self-collision,False,False
181,ground,left_ankle_roll_sphere_5_link,world,left_ankle_roll_sphere_5_link,-2.3438641283411547e-05,2.3438641283411547e-05,foot-ground,True,False
181,left_ankle_intermediate_1_link,left_ankle_roll_link,left_ankle_intermediate_1_link,left_ankle_roll_link,-0.0023172787223273983,0.0023172787223273983,self-collision,False,False
181,ground,right_ankle_roll_link,world,right_ankle_roll_link,-0.001421072592630846,0.001421072592630846,foot-ground,True,False
181,ground,right_ankle_roll_sphere_3_link,world,right_ankle_roll_sphere_3_link,-0.0009970300784236897,0.0009970300784236897,foot-ground,True,False
181,ground,right_ankle_roll_sphere_4_link,world,right_ankle_roll_sphere_4_link,-0.0008613011620213972,0.0008613011620213972,foot-ground,True,False
181,pelvis_contour_link,left_hip_roll_link,pelvis_contour_link,left_hip_roll_link,-0.0021456656987076106,0.0021456656987076106,self-collision,False,False
181,ground,largebox,world,largebox_link,-0.0033173785393516286,0.0033173785393516286,object-ground,True,False
181,ground,right_ankle_roll_sphere_5_link,world,right_ankle_roll_sphere_5_link,-0.0009971073403560382,0.0009971073403560382,foot-ground,True,False
181,right_knee_link,right_ankle_roll_link,right_knee_link,right_ankle_roll_link,-0.02961796097684835,0.02961796097684835,self-collision,False,False
181,right_ankle_intermediate_1_link,right_ankle_roll_link,right_ankle_intermediate_1_link,right_ankle_roll_link,-0.002336786294343987,0.002336786294343987,self-collision,False,False
181,ground,left_ankle_roll_link,world,left_ankle_roll_link,-0.0009984817814106609,0.0009984817814106609,foot-ground,True,False
181,left_knee_link,left_ankle_roll_link,left_knee_link,left_ankle_roll_link,-0.032127615526289705,0.032127615526289705,self-collision,False,False
181,ground,right_ankle_roll_sphere_1_link,world,right_ankle_roll_sphere_1_link,-0.00040821471425547037,0.00040821471425547037,foot-ground,True,False
182,ground,right_ankle_roll_sphere_2_link,world,right_ankle_roll_sphere_2_link,-0.0002944869563671097,0.0002944869563671097,foot-ground,True,False
182,pelvis_contour_link,right_hip_roll_link,pelvis_contour_link,right_hip_roll_link,-0.0010429127589315912,0.0010429127589315912,self-collision,False,False
182,ground,left_ankle_roll_sphere_5_link,world,left_ankle_roll_sphere_5_link,-8.396838474350032e-05,8.396838474350032e-05,foot-ground,True,False
182,left_ankle_intermediate_1_link,left_ankle_roll_link,left_ankle_intermediate_1_link,left_ankle_roll_link,-0.0022138673789307006,0.0022138673789307006,self-collision,False,False
182,ground,right_ankle_roll_link,world,right_ankle_roll_link,-0.0014204563515308188,0.0014204563515308188,foot-ground,True,False
182,ground,right_ankle_roll_sphere_3_link,world,right_ankle_roll_sphere_3_link,-0.000996460755954334,0.000996460755954334,foot-ground,True,False
182,ground,right_ankle_roll_sphere_4_link,world,right_ankle_roll_sphere_4_link,-0.0008605478576714015,0.0008605478576714015,foot-ground,True,False
182,pelvis_contour_link,left_hip_roll_link,pelvis_contour_link,left_hip_roll_link,-0.00043649568531176075,0.00043649568531176075,self-collision,False,False
182,ground,largebox,world,largebox_link,-0.003268673999005517,0.003268673999005517,object-ground,True,False
182,ground,right_ankle_roll_sphere_5_link,world,right_ankle_roll_sphere_5_link,-0.0009964321863612435,0.0009964321863612435,foot-ground,True,False
182,right_knee_link,right_ankle_roll_link,right_knee_link,right_ankle_roll_link,-0.029509397255876396,0.029509397255876396,self-collision,False,False
182,right_ankle_intermediate_1_link,right_ankle_roll_link,right_ankle_intermediate_1_link,right_ankle_roll_link,-0.002296501443814769,0.002296501443814769,self-collision,False,False
182,ground,left_ankle_roll_link,world,left_ankle_roll_link,-0.0009948753298281501,0.0009948753298281501,foot-ground,True,False
182,left_knee_link,left_ankle_roll_link,left_knee_link,left_ankle_roll_link,-0.03081326872052287,0.03081326872052287,self-collision,False,False
182,ground,right_ankle_roll_sphere_1_link,world,right_ankle_roll_sphere_1_link,-0.0004077477049362231,0.0004077477049362231,foot-ground,True,False
183,ground,right_ankle_roll_sphere_2_link,world,right_ankle_roll_sphere_2_link,-0.000294106571770719,0.000294106571770719,foot-ground,True,False
183,left_ankle_intermediate_1_link,left_ankle_roll_link,left_ankle_intermediate_1_link,left_ankle_roll_link,-0.0021788322544518818,0.0021788322544518818,self-collision,False,False
183,ground,right_ankle_roll_link,world,right_ankle_roll_link,-0.001420178587735535,0.001420178587735535,foot-ground,True,False
183,ground,right_ankle_roll_sphere_3_link,world,right_ankle_roll_sphere_3_link,-0.0009962108949152946,0.0009962108949152946,foot-ground,True,False
183,ground,right_ankle_roll_sphere_4_link,world,right_ankle_roll_sphere_4_link,-0.0008601544537719134,0.0008601544537719134,foot-ground,True,False
183,ground,largebox,world,largebox_link,-0.003248747666651869,0.003248747666651869,object-ground,True,False
183,ground,right_ankle_roll_sphere_5_link,world,right_ankle_roll_sphere_5_link,-0.0009961104294922097,0.0009961104294922097,foot-ground,True,False
183,right_knee_link,right_ankle_roll_link,right_knee_link,right_ankle_roll_link,-0.02946368345044284,0.02946368345044284,self-collision,False,False
183,right_ankle_intermediate_1_link,right_ankle_roll_link,right_ankle_intermediate_1_link,right_ankle_roll_link,-0.0022457509686149846,0.0022457509686149846,self-collision,False,False
183,left_knee_link,left_ankle_roll_link,left_knee_link,left_ankle_roll_link,-0.029700937200748734,0.029700937200748734,self-collision,False,False
183,ground,right_ankle_roll_sphere_1_link,world,right_ankle_roll_sphere_1_link,-0.0004074869393902022,0.0004074869393902022,foot-ground,True,False
184,ground,right_ankle_roll_sphere_2_link,world,right_ankle_roll_sphere_2_link,-0.00029338412529795934,0.00029338412529795934,foot-ground,True,False
184,left_ankle_intermediate_1_link,left_ankle_roll_link,left_ankle_intermediate_1_link,left_ankle_roll_link,-0.0021616294835134636,0.0021616294835134636,self-collision,False,False
184,ground,right_ankle_roll_link,world,right_ankle_roll_link,-0.0014194847174173256,0.0014194847174173256,foot-ground,True,False
184,ground,right_ankle_roll_sphere_3_link,world,right_ankle_roll_sphere_3_link,-0.000995635818742245,0.000995635818742245,foot-ground,True,False
184,ground,right_ankle_roll_sphere_4_link,world,right_ankle_roll_sphere_4_link,-0.0008591073421497361,0.0008591073421497361,foot-ground,True,False
184,ground,largebox,world,largebox_link,-0.003252260322485906,0.003252260322485906,object-ground,True,False
184,ground,right_ankle_roll_sphere_5_link,world,right_ankle_roll_sphere_5_link,-0.0009952657674931848,0.0009952657674931848,foot-ground,True,False
184,right_knee_link,right_ankle_roll_link,right_knee_link,right_ankle_roll_link,-0.0295027054087868,0.0295027054087868,self-collision,False,False
184,right_ankle_intermediate_1_link,right_ankle_roll_link,right_ankle_intermediate_1_link,right_ankle_roll_link,-0.002211438332400187,0.002211438332400187,self-collision,False,False
184,left_knee_link,left_ankle_roll_link,left_knee_link,left_ankle_roll_link,-0.029434751772793283,0.029434751772793283,self-collision,False,False
184,ground,right_ankle_roll_sphere_1_link,world,right_ankle_roll_sphere_1_link,-0.00040715785579171614,0.00040715785579171614,foot-ground,True,False
185,ground,right_ankle_roll_sphere_2_link,world,right_ankle_roll_sphere_2_link,-0.0006832365132662865,0.0006832365132662865,foot-ground,True,False
185,left_ankle_intermediate_1_link,left_ankle_roll_link,left_ankle_intermediate_1_link,left_ankle_roll_link,-0.002040404755363587,0.002040404755363587,self-collision,False,False
185,ground,right_ankle_roll_link,world,right_ankle_roll_link,-0.0014467822258576526,0.0014467822258576526,foot-ground,True,False
185,ground,right_ankle_roll_sphere_3_link,world,right_ankle_roll_sphere_3_link,-0.0009941878719307773,0.0009941878719307773,foot-ground,True,False
185,ground,right_ankle_roll_sphere_4_link,world,right_ankle_roll_sphere_4_link,-0.0006213631799759428,0.0006213631799759428,foot-ground,True,False
185,ground,largebox,world,largebox_link,-0.003276638306620089,0.003276638306620089,object-ground,True,False
185,ground,right_ankle_roll_sphere_5_link,world,right_ankle_roll_sphere_5_link,-0.0008041514543109174,0.0008041514543109174,foot-ground,True,False
185,right_knee_link,right_ankle_roll_link,right_knee_link,right_ankle_roll_link,-0.02942118709201272,0.02942118709201272,self-collision,False,False
185,right_ankle_intermediate_1_link,right_ankle_roll_link,right_ankle_intermediate_1_link,right_ankle_roll_link,-0.002201753120658484,0.002201753120658484,self-collision,False,False
185,left_knee_link,left_ankle_roll_link,left_knee_link,left_ankle_roll_link,-0.029261768683425587,0.029261768683425587,self-collision,False,False
185,ground,right_ankle_roll_sphere_1_link,world,right_ankle_roll_sphere_1_link,-0.0009939237565619796,0.0009939237565619796,foot-ground,True,False
186,ground,right_ankle_roll_sphere_2_link,world,right_ankle_roll_sphere_2_link,-0.0009405528833762574,0.0009405528833762574,foot-ground,True,False
186,left_ankle_intermediate_1_link,left_ankle_roll_link,left_ankle_intermediate_1_link,left_ankle_roll_link,-0.0023257303810124835,0.0023257303810124835,self-collision,False,False
186,ground,right_ankle_roll_link,world,right_ankle_roll_link,-0.001377583428464408,0.001377583428464408,foot-ground,True,False
186,ground,right_ankle_roll_sphere_3_link,world,right_ankle_roll_sphere_3_link,-0.0005839464914981661,0.0005839464914981661,foot-ground,True,False
186,ground,right_ankle_roll_sphere_4_link,world,right_ankle_roll_sphere_4_link,-0.0005823298838386294,0.0005823298838386294,foot-ground,True,False
186,ground,largebox,world,largebox_link,-0.0032708946587824417,0.0032708946587824417,object-ground,True,False
186,ground,right_ankle_roll_sphere_5_link,world,right_ankle_roll_sphere_5_link,-0.0005410101544645564,0.0005410101544645564,foot-ground,True,False
186,right_knee_link,right_ankle_roll_link,right_knee_link,right_ankle_roll_link,-0.029079999599115725,0.029079999599115725,self-collision,False,False
186,right_ankle_intermediate_1_link,right_ankle_roll_link,right_ankle_intermediate_1_link,right_ankle_roll_link,-0.0020316289091762557,0.0020316289091762557,self-collision,False,False
186,left_knee_link,left_ankle_roll_link,left_knee_link,left_ankle_roll_link,-0.02426183682142874,0.02426183682142874,self-collision,False,False
186,ground,right_ankle_roll_sphere_1_link,world,right_ankle_roll_sphere_1_link,-0.000941900056425869,0.000941900056425869,foot-ground,True,False
187,ground,right_ankle_roll_sphere_2_link,world,right_ankle_roll_sphere_2_link,-0.0009757540258427564,0.0009757540258427564,foot-ground,True,False
187,left_ankle_intermediate_1_link,left_ankle_roll_link,left_ankle_intermediate_1_link,left_ankle_roll_link,-0.0023763736076960057,0.0023763736076960057,self-collision,False,False
187,ground,right_ankle_roll_link,world,right_ankle_roll_link,-0.0014356543948813583,0.0014356543948813583,foot-ground,True,False
187,ground,right_ankle_roll_sphere_3_link,world,right_ankle_roll_sphere_3_link,-0.0005247155821816269,0.0005247155821816269,foot-ground,True,False
187,ground,right_ankle_roll_sphere_4_link,world,right_ankle_roll_sphere_4_link,-0.0009693714750925722,0.0009693714750925722,foot-ground,True,False
187,ground,largebox,world,largebox_link,-0.003246855073097632,0.003246855073097632,object-ground,True,False
187,ground,right_ankle_roll_sphere_5_link,world,right_ankle_roll_sphere_5_link,-0.0007419332688144214,0.0007419332688144214,foot-ground,True,False
187,right_knee_link,right_ankle_roll_link,right_knee_link,right_ankle_roll_link,-0.02882776959746733,0.02882776959746733,self-collision,False,False
187,right_ankle_intermediate_1_link,right_ankle_roll_link,right_ankle_intermediate_1_link,right_ankle_roll_link,-0.0019808333217309765,0.0019808333217309765,self-collision,False,False
187,left_knee_link,left_ankle_roll_link,left_knee_link,left_ankle_roll_link,-0.0240157208358482,0.0240157208358482,self-collision,False,False
187,ground,right_ankle_roll_sphere_1_link,world,right_ankle_roll_sphere_1_link,-0.0006052074484169659,0.0006052074484169659,foot-ground,True,False
188,ground,right_ankle_roll_sphere_2_link,world,right_ankle_roll_sphere_2_link,-0.0009523002707569504,0.0009523002707569504,foot-ground,True,False
188,left_ankle_intermediate_1_link,left_ankle_roll_link,left_ankle_intermediate_1_link,left_ankle_roll_link,-0.002564469508183384,0.002564469508183384,self-collision,False,False
188,ground,right_ankle_roll_link,world,right_ankle_roll_link,-0.0014110045964120174,0.0014110045964120174,foot-ground,True,False
188,ground,right_ankle_roll_sphere_3_link,world,right_ankle_roll_sphere_3_link,-0.0005118141916643252,0.0005118141916643252,foot-ground,True,False
188,ground,right_ankle_roll_sphere_4_link,world,right_ankle_roll_sphere_4_link,-0.0009463854838506159,0.0009463854838506159,foot-ground,True,False
188,ground,largebox,world,largebox_link,-0.0032757478639100224,0.0032757478639100224,object-ground,True,False
188,ground,right_ankle_roll_sphere_5_link,world,right_ankle_roll_sphere_5_link,-0.0007241434776098015,0.0007241434776098015,foot-ground,True,False
188,right_knee_link,right_ankle_roll_link,right_knee_link,right_ankle_roll_link,-0.028422564058596306,0.028422564058596306,self-collision,False,False
188,right_ankle_intermediate_1_link,right_ankle_roll_link,right_ankle_intermediate_1_link,right_ankle_roll_link,-0.0021142700905085465,0.0021142700905085465,self-collision,False,False
188,left_knee_link,left_ankle_roll_link,left_knee_link,left_ankle_roll_link,-0.024214754247942366,0.024214754247942366,self-collision,False,False
188,ground,right_ankle_roll_sphere_1_link,world,right_ankle_roll_sphere_1_link,-0.0005901575272683748,0.0005901575272683748,foot-ground,True,False
189,ground,right_ankle_roll_sphere_2_link,world,right_ankle_roll_sphere_2_link,-0.00047876299806738545,0.00047876299806738545,foot-ground,True,False
189,left_ankle_intermediate_1_link,left_ankle_roll_link,left_ankle_intermediate_1_link,left_ankle_roll_link,-0.002908840517837172,0.002908840517837172,self-collision,False,False
189,ground,right_ankle_roll_link,world,right_ankle_roll_link,-0.0013631552826457241,0.0013631552826457241,foot-ground,True,False
189,ground,right_ankle_roll_sphere_3_link,world,right_ankle_roll_sphere_3_link,-0.0009398007788995596,0.0009398007788995596,foot-ground,True,False
189,ground,right_ankle_roll_sphere_4_link,world,right_ankle_roll_sphere_4_link,-0.0008796004057309527,0.0008796004057309527,foot-ground,True,False
189,ground,largebox,world,largebox_link,-0.0032510369856921795,0.0032510369856921795,object-ground,True,False
189,ground,right_ankle_roll_sphere_5_link,world,right_ankle_roll_sphere_5_link,-0.0009574481341302716,0.0009574481341302716,foot-ground,True,False
189,right_knee_link,right_ankle_roll_link,right_knee_link,right_ankle_roll_link,-0.02793959252855252,0.02793959252855252,self-collision,False,False
189,right_ankle_intermediate_1_link,right_ankle_roll_link,right_ankle_intermediate_1_link,right_ankle_roll_link,-0.0021737380730446065,0.0021737380730446065,self-collision,False,False
189,left_knee_link,left_ankle_roll_link,left_knee_link,left_ankle_roll_link,-0.024999410153086543,0.024999410153086543,self-collision,False,False
189,ground,right_ankle_roll_sphere_1_link,world,right_ankle_roll_sphere_1_link,-0.0005289299757078895,0.0005289299757078895,foot-ground,True,False
190,ground,right_ankle_roll_sphere_2_link,world,right_ankle_roll_sphere_2_link,-0.000553201240941408,0.000553201240941408,foot-ground,True,False
190,left_ankle_intermediate_1_link,left_ankle_roll_link,left_ankle_intermediate_1_link,left_ankle_roll_link,-0.003205537754603194,0.003205537754603194,self-collision,False,False
190,ground,right_ankle_roll_link,world,right_ankle_roll_link,-0.0013973551193677061,0.0013973551193677061,foot-ground,True,False
190,ground,right_ankle_roll_sphere_3_link,world,right_ankle_roll_sphere_3_link,-0.0009853930956661176,0.0009853930956661176,foot-ground,True,False
190,ground,right_ankle_roll_sphere_4_link,world,right_ankle_roll_sphere_4_link,-0.0008986077105137087,0.0008986077105137087,foot-ground,True,False
190,ground,largebox,world,largebox_link,-0.00328116008836285,0.00328116008836285,object-ground,True,False
190,ground,right_ankle_roll_sphere_5_link,world,right_ankle_roll_sphere_5_link,-0.0009834872954430527,0.0009834872954430527,foot-ground,True,False
190,right_knee_link,right_ankle_roll_link,right_knee_link,right_ankle_roll_link,-0.027329936456744225,0.027329936456744225,self-collision,False,False
190,right_ankle_intermediate_1_link,right_ankle_roll_link,right_ankle_intermediate_1_link,right_ankle_roll_link,-0.002336442812281306,0.002336442812281306,self-collision,False,False
190,left_knee_link,left_ankle_roll_link,left_knee_link,left_ankle_roll_link,-0.025627678155090677,0.025627678155090677,self-collision,False,False
190,ground,right_ankle_roll_sphere_1_link,world,right_ankle_roll_sphere_1_link,-0.0006255223952350833,0.0006255223952350833,foot-ground,True,False
191,ground,right_ankle_roll_sphere_2_link,world,right_ankle_roll_sphere_2_link,-0.000561571413144636,0.000561571413144636,foot-ground,True,False
191,left_ankle_intermediate_1_link,left_ankle_roll_link,left_ankle_intermediate_1_link,left_ankle_roll_link,-0.003370300372878915,0.003370300372878915,self-collision,False,False
191,ground,right_ankle_roll_link,world,right_ankle_roll_link,-0.0014051399336448868,0.0014051399336448868,foot-ground,True,False
191,ground,right_ankle_roll_sphere_3_link,world,right_ankle_roll_sphere_3_link,-0.0009927603698004868,0.0009927603698004868,foot-ground,True,False
191,ground,right_ankle_roll_sphere_4_link,world,right_ankle_roll_sphere_4_link,-0.0009078601668819413,0.0009078601668819413,foot-ground,True,False
191,ground,largebox,world,largebox_link,-0.003271797423049755,0.003271797423049755,object-ground,True,False
191,ground,right_ankle_roll_sphere_5_link,world,right_ankle_roll_sphere_5_link,-0.0009918824766526465,0.0009918824766526465,foot-ground,True,False
191,right_knee_link,right_ankle_roll_link,right_knee_link,right_ankle_roll_link,-0.02673554399981265,0.02673554399981265,self-collision,False,False
191,right_ankle_intermediate_1_link,right_ankle_roll_link,right_ankle_intermediate_1_link,right_ankle_roll_link,-0.002490814904481012,0.002490814904481012,self-collision,False,False
191,left_knee_link,left_ankle_roll_link,left_knee_link,left_ankle_roll_link,-0.02706496622441998,0.02706496622441998,self-collision,False,False
191,ground,right_ankle_roll_sphere_1_link,world,right_ankle_roll_sphere_1_link,-0.0006323215822434244,0.0006323215822434244,foot-ground,True,False
192,ground,right_ankle_roll_sphere_2_link,world,right_ankle_roll_sphere_2_link,-0.0005532675062243702,0.0005532675062243702,foot-ground,True,False
192,left_ankle_intermediate_1_link,left_ankle_roll_link,left_ankle_intermediate_1_link,left_ankle_roll_link,-0.003315355762780192,0.003315355762780192,self-collision,False,False
192,ground,right_ankle_roll_link,world,right_ankle_roll_link,-0.0013941907451331254,0.0013941907451331254,foot-ground,True,False
192,ground,right_ankle_roll_sphere_3_link,world,right_ankle_roll_sphere_3_link,-0.0009959972601623962,0.0009959972601623962,foot-ground,True,False
192,ground,right_ankle_roll_sphere_4_link,world,right_ankle_roll_sphere_4_link,-0.0007832105385209348,0.0007832105385209348,foot-ground,True,False
192,ground,largebox,world,largebox_link,-0.0032728570565166704,0.0032728570565166704,object-ground,True,False
192,ground,right_ankle_roll_sphere_5_link,world,right_ankle_roll_sphere_5_link,-0.0009187421651181372,0.0009187421651181372,foot-ground,True,False
192,right_knee_link,right_ankle_roll_link,right_knee_link,right_ankle_roll_link,-0.02539010579498216,0.02539010579498216,self-collision,False,False
192,right_ankle_intermediate_1_link,right_ankle_roll_link,right_ankle_intermediate_1_link,right_ankle_roll_link,-0.0025919891005535822,0.0025919891005535822,self-collision,False,False
192,left_knee_link,left_ankle_roll_link,left_knee_link,left_ankle_roll_link,-0.028030790984500176,0.028030790984500176,self-collision,False,False
192,ground,right_ankle_roll_sphere_1_link,world,right_ankle_roll_sphere_1_link,-0.0007305897742589202,0.0007305897742589202,foot-ground,True,False
193,ground,right_ankle_roll_sphere_2_link,world,right_ankle_roll_sphere_2_link,-0.0005364372372877865,0.0005364372372877865,foot-ground,True,False
193,left_ankle_intermediate_1_link,left_ankle_roll_link,left_ankle_intermediate_1_link,left_ankle_roll_link,-0.0032832987038954875,0.0032832987038954875,self-collision,False,False
193,ground,right_ankle_roll_link,world,right_ankle_roll_link,-0.0013996247081112106,0.0013996247081112106,foot-ground,True,False
193,ground,right_ankle_roll_sphere_3_link,world,right_ankle_roll_sphere_3_link,-0.0009981062504210289,0.0009981062504210289,foot-ground,True,False
193,ground,right_ankle_roll_sphere_4_link,world,right_ankle_roll_sphere_4_link,-0.0007208305544959851,0.0007208305544959851,foot-ground,True,False
193,ground,largebox,world,largebox_link,-0.0032953839276314845,0.0032953839276314845,object-ground,True,False
193,ground,right_ankle_roll_sphere_5_link,world,right_ankle_roll_sphere_5_link,-0.0008838801230705009,0.0008838801230705009,foot-ground,True,False
193,right_knee_link,right_ankle_roll_link,right_knee_link,right_ankle_roll_link,-0.02542568143303156,0.02542568143303156,self-collision,False,False
193,right_ankle_intermediate_1_link,right_ankle_roll_link,right_ankle_intermediate_1_link,right_ankle_roll_link,-0.002825653201717751,0.002825653201717751,self-collision,False,False
193,left_knee_link,left_ankle_roll_link,left_knee_link,left_ankle_roll_link,-0.028761086868818786,0.028761086868818786,self-collision,False,False
193,ground,right_ankle_roll_sphere_1_link,world,right_ankle_roll_sphere_1_link,-0.0007675003172253258,0.0007675003172253258,foot-ground,True,False
194,ground,right_ankle_roll_sphere_2_link,world,right_ankle_roll_sphere_2_link,-0.00024013572668982793,0.00024013572668982793,foot-ground,True,False
194,left_ankle_intermediate_1_link,left_ankle_roll_link,left_ankle_intermediate_1_link,left_ankle_roll_link,-0.0032976003860337028,0.0032976003860337028,self-collision,False,False
194,ground,right_ankle_roll_link,world,right_ankle_roll_link,-0.0014007105776072878,0.0014007105776072878,foot-ground,True,False
194,ground,right_ankle_roll_sphere_3_link,world,right_ankle_roll_sphere_3_link,-0.0009989949157630162,0.0009989949157630162,foot-ground,True,False
194,ground,right_ankle_roll_sphere_4_link,world,right_ankle_roll_sphere_4_link,-0.0005876741533889741,0.0005876741533889741,foot-ground,True,False
194,ground,largebox,world,largebox_link,-0.0033404760773517728,0.0033404760773517728,object-ground,True,False
194,ground,right_ankle_roll_sphere_5_link,world,right_ankle_roll_sphere_5_link,-0.0008382539647991709,0.0008382539647991709,foot-ground,True,False
194,right_knee_link,right_ankle_roll_link,right_knee_link,right_ankle_roll_link,-0.02528943505532044,0.02528943505532044,self-collision,False,False
194,right_ankle_intermediate_1_link,right_ankle_roll_link,right_ankle_intermediate_1_link,right_ankle_roll_link,-0.0029814519635282394,0.0029814519635282394,self-collision,False,False
194,ground,left_ankle_roll_link,world,left_ankle_roll_link,-0.0008521092625988005,0.0008521092625988005,foot-ground,True,False
194,left_knee_link,left_ankle_roll_link,left_knee_link,left_ankle_roll_link,-0.029034573291184862,0.029034573291184862,self-collision,False,False
194,left_hip_roll_link,left_rubber_hand_link,left_hip_roll_link,left_rubber_hand_link,-0.004665554831416327,0.004665554831416327,self-collision,False,False
194,ground,right_ankle_roll_sphere_1_link,world,right_ankle_roll_sphere_1_link,-0.0005829030286681981,0.0005829030286681981,foot-ground,True,False
195,left_ankle_intermediate_1_link,left_ankle_roll_link,left_ankle_intermediate_1_link,left_ankle_roll_link,-0.0029703544839337903,0.0029703544839337903,self-collision,False,False
195,ground,right_ankle_roll_link,world,right_ankle_roll_link,-0.0012834254790618851,0.0012834254790618851,foot-ground,True,False
195,ground,right_ankle_roll_sphere_3_link,world,right_ankle_roll_sphere_3_link,-0.0008664936235948965,0.0008664936235948965,foot-ground,True,False
195,ground,left_ankle_roll_sphere_2_link,world,left_ankle_roll_sphere_2_link,-0.0009596747845050197,0.0009596747845050197,foot-ground,True,False
195,left_hip_roll_link,left_wrist_yaw_link,left_hip_roll_link,left_wrist_yaw_link,-0.000905311614751575,0.000905311614751575,self-collision,False,False
195,ground,largebox,world,largebox_link,-0.003311939486839499,0.003311939486839499,object-ground,True,False
195,ground,right_ankle_roll_sphere_5_link,world,right_ankle_roll_sphere_5_link,-0.00022866613856331163,0.00022866613856331163,foot-ground,True,False
195,right_knee_link,right_ankle_roll_link,right_knee_link,right_ankle_roll_link,-0.024692056517994956,0.024692056517994956,self-collision,False,False
195,right_ankle_intermediate_1_link,right_ankle_roll_link,right_ankle_intermediate_1_link,right_ankle_roll_link,-0.002811909866889631,0.002811909866889631,self-collision,False,False
195,ground,left_ankle_roll_link,world,left_ankle_roll_link,-0.0019126254851003464,0.0019126254851003464,foot-ground,True,False
195,left_knee_link,left_ankle_roll_link,left_knee_link,left_ankle_roll_link,-0.029214748553118397,0.029214748553118397,self-collision,False,False
195,left_hip_roll_link,left_rubber_hand_link,left_hip_roll_link,left_rubber_hand_link,-0.01508752698972908,0.01508752698972908,self-collision,False,False
195,left_hip_roll_link,left_thumb_link,left_hip_roll_link,left_thumb_link,-0.001504961187268325,0.001504961187268325,self-collision,False,False
