frame_idx,active_event,nearest_trigger,distance_to_trigger,semantic_score,base_budget,final_budget_after_rescue,actual_sqp_iterations,semantic_body_parts,frame_wall_time,mesh_time,optimization_time,collision_check_time,jacobian_time,solver_time,final_total_cost,semantic_vertex_weight_mean,semantic_vertex_weight_max,is_critical_interaction_neighborhood,penetration_depth,self_collision_violation,joint_limit_violation,foot_sticking_error,velocity_limit_violation,final_laplacian_error,left_hand_demo_object_distance,left_hand_robot_object_distance,left_hand_object_error,left_hand_local_laplacian_error,right_hand_demo_object_distance,right_hand_robot_object_distance,right_hand_object_error,right_hand_local_laplacian_error,pelvis_robot_position,left_hand_robot_position,right_hand_robot_position
0,start,start,0,1.002504390980827e-37,50,50,50,pelvis,1.84382478101179,0.0026817419566214085,1.8305673031136394,0.01054495107382536,,1.8305673031136394,1.1843197111200612,1.0,1.0,False,0.0014683117942896062,0.0,0.0,0.0,,0.02216287178401527,0.222575568590948,0.261747590605622,0.03917202201467404,0.0673238599442344,0.2745051197479645,0.29032930133646623,0.01582418158850174,0.05567150598183199,0.6347837536785604|0.8022254605390892|0.7704831134259317,0.8535500641405531|0.6324761172535904|0.5958030154155177,0.39922125349784665|0.6539254724494161|0.6124329095519923
1,start,start,1,5.884554719608361e-35,1,1,1,pelvis,0.05212377314455807,0.002546096919104457,0.03927645902149379,0.010272132931277156,,0.03927645902149379,0.8171720732904517,1.0,1.0,False,0.0010078568203836513,0.0,0.0,0.0013263962707288162,,0.022259355476396667,0.19466303616604216,0.24610825000781153,0.051445213841769366,0.07642742047830005,0.24702061277048,0.27302135084166373,0.02600073807118372,0.06178130449786299,0.6351435552899922|0.8002595481687105|0.7649756625061827,0.8628707896597744|0.6386305443558609|0.5747927044052797,0.3937960649629317|0.6489662982484815|0.5904623915477217
2,start,start,2,2.690093080010569e-32,1,1,1,pelvis,0.052489199908450246,0.0025119369383901358,0.039597349939867854,0.010350587079301476,,0.039597349939867854,0.8736052634720841,1.0,1.0,False,0.0010594667857713423,0.0,0.0,0.001453687030952411,,0.022677531073943935,0.16702964198679293,0.22642562570423308,0.05939598371744015,0.08566034377635788,0.218889967517298,0.24919610520809551,0.030306137690797513,0.06904150299993479,0.6338191269161099|0.798862909150971|0.7581540343114233,0.8667553966694638|0.6450914188999399|0.5487888716602853,0.3946962224832992|0.6357035157002617|0.5646849206234373
3,start,start,3,9.57739475983574e-30,1,1,1,pelvis,0.05360229383222759,0.002500077011063695,0.04027329012751579,0.010797754861414433,,0.04027329012751579,1.0149097258939628,1.0,1.0,False,0.001140089610913584,0.0,0.0,0.0014715968903302166,,0.023770604439715532,0.14084248028933713,0.20391251137443103,0.0630700310850939,0.09847633625458066,0.19075423092319974,0.22418962729564196,0.03343539637244222,0.07249415296554043,0.6303059149259944|0.8003311558942806|0.7511243160392466,0.8673262846351347|0.6494481262692955|0.5212917173567218,0.39740581450939455|0.6212535812454119|0.5372387006944096
4,start,start,4,2.6555461248395476e-27,1,1,1,pelvis,0.07887665391899645,0.0025309899356216192,0.06518319388851523,0.011133110150694847,,0.06518319388851523,1.1800416344553326,1.0,1.0,False,0.0009903723063645758,0.0,0.0,0.0015150938041361783,,0.02500480449158484,0.11775434054355444,0.18256714041208197,0.06481279986852753,0.1055892947149265,0.16346603677236926,0.19940776744785474,0.03594173067548548,0.07889918062132018,0.6273075531718069|0.8069385309021266|0.7434538278590825,0.8682962429626162|0.6502466611767587|0.4947313964138931,0.4003993635620198|0.6151223078942112|0.5084649969925922
5,start,start,5,5.73438291112798e-25,1,1,1,pelvis,0.05752516305074096,0.0026195519603788853,0.04389682994224131,0.010979948099702597,,0.04389682994224131,1.2806031955170383,1.0,1.0,False,0.001035617095635856,0.0,0.0,0.0013532598272870267,,0.025663158626211897,0.09956860049399487,0.15961063265691822,0.06004203216292335,0.10900323879082258,0.13873854643006756,0.17437359256462454,0.03563504613455698,0.0921723217567922,0.62322172255244|0.8105672194318383|0.7348147787030526,0.8695004728147452|0.6502947521465198|0.4673679996805588,0.401422975805747|0.6110920367696242|0.4755715542113805
6,start,start,6,9.643749239819589e-23,1,1,1,pelvis,0.05831624288111925,0.002512059872969985,0.04472940298728645,0.011044746031984687,,0.04472940298728645,1.425325867710947,1.0,1.0,False,0.0011219326302733812,0.0,0.0,0.0015703099127689238,,0.026379186467748107,0.08879512663570269,0.13918265547257314,0.05038752883687045,0.11665055645126908,0.11883766528894972,0.15043995738555563,0.03160229209660591,0.09515953614547994,0.6221123360533174|0.8166616522037826|0.7252365328303642,0.8756471530087728|0.6517310887384802|0.4381934616652752,0.405871165103786|0.6074744912259387|0.4435956690710352
7,start,start,7,1.2630818904628463e-20,1,1,1,pelvis,0.060066261095926166,0.002532724989578128,0.0461979229003191,0.011309513123705983,,0.0461979229003191,1.467989988646944,1.0,1.0,False,0.0011700058803807561,0.0,0.0,0.0014599955224199907,,0.02661646439274482,0.08391605980249676,0.12286426480736215,0.038948205004865386,0.11885419051504963,0.10638536290407621,0.12919076082633066,0.022805397922254445,0.09593228662619527,0.622073038748134|0.8170478628645689|0.7149666659820957,0.8831726366272201|0.6505987422188136|0.40649279958941964,0.41161681938414846|0.5975463666339405|0.4100439831612006
8,start,start,8,1.2883785545774905e-18,1,1,1,pelvis,0.06199888209812343,0.0024795779027044773,0.04791305982507765,0.01157795893959701,,0.04791305982507765,1.5022314466011613,1.0,1.0,False,0.0011213129428954936,0.0,0.0,0.0017297591811237007,,0.0268290336687798,0.08027341396293271,0.09561936734019406,0.015345953377261357,0.1115608015923162,0.09965398132270455,0.12035987225101372,0.02070589092830917,0.09865440226326913,0.6194317023805007|0.820025105797246|0.7041204737778408,0.876980706433894|0.6466995973829232|0.3710855093540288,0.41131703442382933|0.5918826619921344|0.37802773054494593
9,start,start,9,1.0234858565821022e-16,1,1,1,pelvis,0.06473416788503528,0.002512894105166197,0.050549210980534554,0.011645830934867263,,0.050549210980534554,1.461794205646441,1.0,1.0,False,0.0011460390351649558,0.0,0.0,0.001604755588306656,,0.026639761735025635,0.078574444051005,0.0780972770851322,0.0004771669658727995,0.1032040736676737,0.08475699918663318,0.10739776348329522,0.022640764296662036,0.09581303216036847,0.6189802401860787|0.8219695366727827|0.6926178610194432,0.879705590522634|0.6421526417517662|0.3387732122321217,0.41619128163177355|0.5843833749931941|0.34447640123885326
10,start,start,10,6.332082774547088e-15,1,1,1,pelvis,0.06536777806468308,0.002488641068339348,0.0510432671289891,0.011807494796812534,,0.0510432671289891,1.412315087000571,1.0,1.0,False,0.0011495083497330139,0.0,0.0,0.0016092069085437766,,0.026339363293165517,0.0745574537008932,0.07271453939024368,0.001842914310649521,0.09533257114592365,0.07821379770334051,0.09781671486655326,0.019602917163212746,0.0894339469255931,0.6181042353702152|0.8267543175371764|0.6804235987813374,0.8831111847139754|0.6380258064255047|0.308728297985409,0.42129639132660046|0.5764289082006535|0.3115611600409029
11,start,start,11,3.050968338802662e-13,1,1,1,pelvis,0.06714140297845006,0.0025058072060346603,0.05294799595139921,0.011658573988825083,,0.05294799595139921,1.3195935804027485,1.0,1.0,False,0.0010718928791819023,0.0,0.0,0.0014991589224378676,,0.025681428353705897,0.07612232754810105,0.07806822711636972,0.0019458995682686692,0.08654378800168665,0.07599210873720244,0.08428536103918319,0.008293252301980747,0.08243336009204683,0.618868599814208|0.8310586969718567|0.6675123931958612,0.8874767922551017|0.6299681817455768|0.2804983463250722,0.4268753446197438|0.5668459097776141|0.2811760208991364
12,start,start,12,1.1448674228227765e-11,1,1,1,pelvis,0.06880709994584322,0.002531417179852724,0.054050408070907,0.012196116847917438,,0.054050408070907,1.2522926707846802,1.0,1.0,False,0.0010224124521431184,0.0,0.0,0.0013664372194844901,,0.025210077030880036,0.07950557536863648,0.0819653666308543,0.0024597912622178197,0.08181450055868503,0.06475706662099791,0.07741354764853493,0.012656481027537025,0.07678046732792407,0.6183533520695148|0.8376163584853107|0.6536266170451634,0.8922668236341874|0.6223500574387261|0.25546808985257285,0.4333467113299632|0.5552967389263423|0.2530492489629637
13,start,start,13,3.345793045646391e-10,1,1,1,pelvis,0.07236533588729799,0.0025121120270341635,0.0575398791115731,0.012284803902730346,,0.0575398791115731,1.1893173570554332,1.0,1.0,False,0.0009443867853075917,0.0,0.0,0.0011892783117642544,,0.02481312283691421,0.0731831569668558,0.07596511180515603,0.002781954838300224,0.07472314068116216,0.059706961524533954,0.0841570445387735,0.024450083014239544,0.07091561386029492,0.6182270019733093|0.8425116895202936|0.6385623074661989,0.8938933682414887|0.6126887812853409|0.22999387184332207,0.4365006550538769|0.544612747254783|0.22721418179289016
14,start,approach,12,7.614989872356315e-09,1,1,1,pelvis,0.07454400416463614,0.0025162119418382645,0.05934153590351343,0.01265544188208878,,0.05934153590351343,1.100652388276112,1.0,1.0,False,0.0008473841283373439,0.0,0.0,0.0015092547529421696,,0.02430214129965817,0.06960966218364845,0.07951380134503938,0.009904139161390935,0.0670520134335192,0.058226961794825144,0.07625858213058805,0.018031620335762902,0.06678990257357932,0.6173271074560494|0.8491742180488779|0.6219051406487214,0.8964388247960042|0.6043749988627687|0.207960203548474,0.43977443831094176|0.5386482998732003|0.20178240767241226
15,start,approach,11,1.349789251681507e-07,1,1,1,pelvis,0.07801827089861035,0.002515804022550583,0.06258724490180612,0.01288635516539216,,0.06258724490180612,1.0342408625634218,1.0,1.0,False,0.004048807360557294,0.0,0.0,0.001708013694232136,,0.02396761065655626,0.06819076923508341,0.08700157812577479,0.01881080889069138,0.06138169732994764,0.051732893876668254,0.06733646428805706,0.015603570411388809,0.062344363980657305,0.6176729453003678|0.8561644315183304|0.6039975275871684,0.8983914320854613|0.5919211151549627|0.1901203930546052,0.444800049044262|0.5295275953515104|0.1810512838264673
16,start,approach,10,1.8633265860393355e-06,1,1,1,pelvis,0.07834359491243958,0.0025144771207123995,0.06264712079428136,0.013153400970622897,,0.06264712079428136,0.967305097259012,1.0,1.0,False,0.004329850335715618,0.0,0.0,0.0020042230266552816,,0.023610594018530624,0.06402632931514866,0.08083984189910842,0.016813512583959758,0.0573888110923196,0.04456511921968228,0.06607744439252884,0.021512325172846562,0.059098079019991354,0.6179151610048471|0.8736805963787729|0.5850396986811381,0.8953196756808797|0.5844338049943044|0.17406321283948123,0.4470025966261753|0.525055180504952|0.166681172591164
17,start,approach,9,2.0032648696475534e-05,1,1,1,pelvis,0.0797197069041431,0.0024920348078012466,0.06371012586168945,0.013487785123288631,,0.06371012586168945,0.9179723629510516,1.0,1.0,False,0.005868412740963572,0.0,0.0,0.001954033850064737,,0.02333055952012501,0.058311006527179424,0.0818197018024974,0.023508695275317973,0.05768959008802041,0.039410877470981445,0.0658742567305707,0.026463379259589248,0.05423131452982695,0.619887032530728|0.8872678336012307|0.566373226393411,0.9002109455020734|0.5826951647548319|0.16361948360764883,0.4513107242364787|0.5214301915413145|0.15121340531917862
18,start,approach,8,0.00016773131395125593,1,1,1,pelvis,0.08495813910849392,0.0026564470026642084,0.06819848995655775,0.014069734839722514,,0.06819848995655775,0.8808339908844374,1.0,1.0,False,0.009638373198020495,0.0,0.0,0.0016803152981734292,,0.02314309367863895,0.05258928045085924,0.0768085709374864,0.02421929048662716,0.05574990784785545,0.034969496022889825,0.05969755419250378,0.024728058169613952,0.052049973143378246,0.6222478824274069|0.8943768790399332|0.5502851196396011,0.897086883239096|0.5808809335391036|0.15497562796028824,0.45302009987441616|0.520940328098365|0.1376521188544526
19,start,approach,7,0.0010937455590914425,1,1,1,pelvis,0.08668417693115771,0.0026509289164096117,0.06966034113429487,0.014341712929308414,,0.06966034113429487,0.8609266538793491,1.0,1.0,False,0.0035538286530441554,0.0,0.0,0.001598189066559616,,0.02297747580452012,0.04693967049141904,0.0702725913836126,0.023332920892193555,0.054245494013803776,0.03153757446137274,0.06337398056824498,0.03183640610687224,0.05756415115481783,0.6251141153363945|0.9004863385571553|0.5362427999243345,0.8914126635068734|0.5786630915662222|0.1493657553985938,0.4481217012208315|0.5216281638946801|0.1319948249300466
20,start,approach,6,0.005554498269121153,1,1,1,pelvis,0.08808429213240743,0.002599966013804078,0.07079490809701383,0.014659204054623842,,0.07079490809701383,0.8745191296672905,1.0,1.0,False,0.0013381546202908823,0.0,0.0,0.0014424073589251764,,0.023157732497449176,0.042137197001041356,0.06582166484776561,0.023684467846724254,0.05483468727430134,0.030081807189030255,0.06578279134994569,0.03570098416091544,0.06441497247036321,0.631685618250505|0.9015123965531247|0.5246485814402837,0.8874748110265525|0.5766152699664462|0.14159994248933663,0.44633566496738286|0.5149619653451786|0.13258696108936122
21,start,approach,5,0.02196846681170371,1,1,1,pelvis,0.08914053603075445,0.00260375184006989,0.07180616492405534,0.014698463026434183,,0.07180616492405534,0.8893477696106682,1.0,1.0,False,0.011190944301523412,0.0,0.0,0.001371383911848735,,0.023232660923938768,0.03866287067761362,0.06727818221746147,0.02861531153984785,0.054129261976023364,0.029937430837878223,0.06601744622757122,0.03608001538969299,0.07021568065836796,0.632117625647652|0.9031279506097095|0.5136233197319967,0.8881966877119244|0.5767234903244051|0.13386210811910837,0.44746869080816104|0.507351939136627|0.13266867442122995
22,start,approach,4,0.06766764161830635,1,1,1,pelvis,0.08911527902819216,0.0026272640097886324,0.07211572118103504,0.014340696856379509,,0.07211572118103504,0.884531271059688,1.0,1.0,False,0.0022531944765997736,0.0,0.0,0.0015093440538461336,,0.02315829128952505,0.03735674281998337,0.07267707157354476,0.03532032875356139,0.0621786506580227,0.03126426443896467,0.06820721203574372,0.03694294759677905,0.07261763757195383,0.6278779269136023|0.9057709409028641|0.5084263036157097,0.8943289656130365|0.5709681188358122|0.1365844784536633,0.44608902455192756|0.5030055453016663|0.1318102324966995
23,start,approach,3,0.16232623367917487,1,1,1,pelvis,0.08697599894367158,0.0026440650690346956,0.0703231559600681,0.013978390023112297,,0.0703231559600681,0.9014875671633497,1.0,1.0,False,0.0025603268113349176,0.0,0.0,0.0014531022059386235,,0.0233069944245508,0.036789626405801315,0.06880837085981215,0.03201874445401083,0.06223932077466493,0.032377184243247814,0.06776545954193007,0.035388275298682256,0.0731525447421515,0.6255737024883697|0.9074073596091545|0.5050500116670666,0.8904298544696957|0.5677429659394896|0.13624225230435466,0.44708649914663834|0.5015034156375602|0.13205368458548516
24,start,approach,2,0.3032653298563167,1,1,1,pelvis,0.08549617184326053,0.00263523799367249,0.0691079031676054,0.013719705864787102,,0.0691079031676054,0.9176633690928705,1.0,1.0,False,0.0017380524875059977,0.0,0.0,0.0014302555882302545,,0.023452975070476705,0.03570710406711344,0.0678797299481909,0.03217262588107746,0.06384233381396943,0.031150753970617714,0.07130747150047743,0.04015671752985972,0.07672877673918445,0.6245392221847106|0.9095732858645732|0.5023706609489189,0.8896012120204962|0.567169813501027|0.1367337024162906,0.4453792923293144|0.4962506648940687|0.13255224821099146
25,start,approach,1,0.4412484512922977,1,1,1,pelvis,0.10665323422290385,0.002674165880307555,0.09030202496796846,0.013644448947161436,,0.09030202496796846,0.9347492388619671,1.0,1.0,False,0.001434897290297013,0.0,0.0,0.0014389724888496113,,0.0235657824958089,0.031443064163288646,0.06769831339914445,0.0362552492358558,0.0687845119691575,0.026889081374842517,0.0722721641328612,0.04538308275801868,0.078955288910947,0.6251117150687844|0.9090546274079045|0.5008111172521184,0.8896371119016834|0.5652731294986866|0.13715304513162685,0.44642900193626844|0.4914398805228205|0.13246484786974994
26,start|approach,approach,0,0.5,1,1,1,pelvis,0.0815382469445467,0.0026447579730302095,0.06563387997448444,0.013229700969532132,,0.06563387997448444,0.9427489403039123,1.0,1.0,False,0.0018030473116644186,0.0,0.0,0.0014121413115525034,,0.023605359538148254,0.02728719847017925,0.06649328989637535,0.0392060914261961,0.0698312658550205,0.024626742472030148,0.07152219378947065,0.04689545131744051,0.08117554918827424,0.6252063765272177|0.9079824561099509|0.5003727701344658,0.889254113106671|0.5649048529958522|0.13735277360101317,0.44596897693604254|0.4936884398181925|0.13284169813269972
27,start|approach,approach,1,0.4412484512922977,4,4,4,pelvis|right_hand|left_hand,0.2794734069611877,0.0026399961207062006,0.2635230890009552,0.013275557197630405,,0.2635230890009552,0.9371372217591825,1.0,1.0,True,0.0010008488895631718,0.0,0.0,0.0013981725917818046,,0.02358647739761753,0.026344933036570133,0.06434233794085527,0.03799740490428513,0.06687288565241917,0.024136155590451434,0.07270108671082093,0.0485649311203695,0.08054464726379086,0.6221309136358592|0.9076472215972792|0.5003372497837595,0.8879529893063886|0.5647560204820419|0.137524347488716,0.44414960138207443|0.4946027789407364|0.13294560465868127
28,start|approach,approach,2,0.6065306597126334,4,4,4,pelvis|right_hand|left_hand,0.2762801591306925,0.0026758648455142975,0.26020271610468626,0.013369275024160743,,0.26020271610468626,0.9209353278629149,1.0,1.0,True,0.0011760088680284747,0.0,0.0,0.0014141408902581718,,0.02349497243510316,0.02473398841874053,0.0636219664618857,0.03888797804314517,0.06644101404268096,0.022772098598587653,0.07028099660160582,0.04750889800301816,0.07792528120727525,0.6230164516515927|0.9083254164771604|0.5037334636232369,0.8874932070902586|0.5681773286432014|0.13752608308489486,0.4459039094507518|0.49577759978131636|0.13336338142877063
29,start|approach,contact,1,0.8824969025845955,4,4,4,pelvis|right_hand|left_hand,0.27302046213299036,0.0026704040355980396,0.25673785200342536,0.013579056831076741,,0.25673785200342536,0.9080505659969988,1.0,1.0,True,0.001074663773204615,0.0,0.0,0.0014142108140145467,,0.02341390885014004,0.025322629422426395,0.06523672920524212,0.03991409978281572,0.06364989402121994,0.022617856403851232,0.06728156734344233,0.044663710939591095,0.07438953323478704,0.6247108854392924|0.9089196378715396|0.5076215661064823,0.8876007777776475|0.5663802465135668|0.13752432532659936,0.44725034230821337|0.4969525642131793|0.13365537632535565
30,start|approach|contact,contact,0,1.0,10,10,8,pelvis|right_hand|left_hand,0.5350919619668275,0.0026461288798600435,0.5186466958839446,0.01376437395811081,,0.5186466958839446,0.8786324490250801,1.0,1.0,True,0.0010001153119038042,0.0,0.0,0.0014142127796590881,,0.02319199060644149,0.02569152784587973,0.06648095293142153,0.0407894250855418,0.0598285207432612,0.02207419619357838,0.06433178289466841,0.04225758670109003,0.07047986391568692,0.6258872759774955|0.9083790171534157|0.511039365755663,0.8864090436820797|0.5664102499355261|0.1374953855675924,0.44893404495748956|0.495394544723889|0.13407209864122935
31,start|contact,contact,1,0.8824969025845955,4,4,4,pelvis|right_hand|left_hand,0.29463310609571636,0.002606149995699525,0.2784957338590175,0.013499894877895713,,0.2784957338590175,0.8348442255357513,1.0,1.0,True,0.0018244899893910677,0.0,0.0,0.0014140066383400587,,0.022851226220897358,0.025699321141880678,0.0668566659091471,0.04115734476726642,0.054711691361941574,0.021329846123886942,0.06429472882187005,0.04296488269798311,0.0659130869482979,0.6276000988560289|0.9044739513106845|0.5135368232979834,0.8836893374562589|0.567314472078488|0.13733706858380176,0.44793459410783093|0.4955965873568516|0.13524431167475498
32,start|contact,contact,2,0.6065306597126334,4,4,4,pelvis|right_hand|left_hand,0.27333272993564606,0.002645426895469427,0.25698327203281224,0.013670132961124182,,0.25698327203281224,0.7842663793761614,1.0,1.0,True,0.0012850641926725054,0.0,0.0,0.001414502285584138,,0.022390141638393785,0.02620099128199984,0.07020929605071852,0.04400830476871868,0.04811738696391732,0.02211831179660422,0.06378591330256658,0.04166760150596236,0.05926946394727673,0.6275373384489012|0.8970608732127857|0.5179786493184939,0.8815994173784863|0.5637027427084941|0.13724512286802598,0.44942256351951293|0.49427633336867177|0.13587495309979852
33,start|contact,contact,3,0.32465246735834974,4,4,4,pelvis|right_hand|left_hand,0.27834816207177937,0.002668730914592743,0.2619680939242244,0.01367878308519721,,0.2619680939242244,0.7303461609187919,1.0,1.0,True,0.000999997357050121,0.0,0.0,0.0013541696773887732,,0.021938953096726315,0.026911834767950258,0.06373628615672504,0.036824451388774784,0.04149978537711775,0.022946397203677464,0.05841988080128015,0.03547348359760268,0.04866708680249641,0.6235001564658426|0.8851142365067691|0.5221069117543256,0.8774367776398917|0.5560045358853777|0.1402549123408967,0.4529795454608499|0.4971710848548344|0.13585276918528993
34,start|contact,contact,4,0.25,2,2,2,pelvis|right_hand|left_hand,0.14790578396059573,0.0025682440027594566,0.13164406595751643,0.013660599011927843,,0.13164406595751643,0.7087949553242034,1.0,1.0,True,0.0011539627016327533,0.0,0.0,0.0013422478658624722,,0.021749625431443563,0.027928037298889173,0.06849849366233923,0.04057045636345006,0.0469956108049187,0.024002788856349398,0.05430322564382939,0.03030043678747999,0.0426753637812472,0.6248177099905915|0.8862658398053571|0.5334307808041601,0.8808635102510552|0.5559746639201881|0.15823325315975204,0.45563512512952187|0.49640682953810994|0.14566098598035265
35,start|contact,contact,5,0.25,2,2,2,pelvis|right_hand|left_hand,0.1443455731496215,0.0026010461151599884,0.1282314881682396,0.013482079142704606,,0.1282314881682396,0.6966500201302985,1.0,1.0,True,0.0016248863547326936,0.0,0.0,0.0013828704986901625,,0.02174177137743878,0.029322161609551225,0.06708987215680383,0.0377677105472526,0.046894148446387424,0.025333554594958,0.05386088741736896,0.02852733282241096,0.04029757490430065,0.6232677925399855|0.887985273761549|0.5484419118605135,0.8800135842328153|0.548505533650148|0.17600569264537771,0.4546988550386098|0.49596004473231914|0.16223613397955186
36,start|contact,contact,6,0.25,2,2,2,pelvis|right_hand|left_hand,0.14265685807913542,0.0026164071168750525,0.12633028300479054,0.01367947505787015,,0.12633028300479054,0.683026218771564,1.0,1.0,True,0.0016537154945388335,0.0,0.0,0.0014414598487420245,,0.021571037715441166,0.03130343505431578,0.06502424245284452,0.03372080739852874,0.043504854231324844,0.026588516920129236,0.05364181875807687,0.027053301837947637,0.03969577386145382,0.6235232484209619|0.8894154250736751|0.5674757632937633,0.8784628410421277|0.5389724706784629|0.1955113085311409,0.4528196583540285|0.49628043759023116|0.1839836418959336
37,start|contact,contact,7,0.25,2,2,2,pelvis|right_hand|left_hand,0.14288949617184699,0.002604421926662326,0.12672105501405895,0.013530746102333069,,0.12672105501405895,0.6678965251721282,1.0,1.0,True,0.001616297324958639,0.0,0.0,0.0014282836588944232,,0.02144867857377219,0.03375589518207893,0.06455551180100497,0.030799616618926037,0.04038846736314838,0.02796416232611147,0.05484902274980068,0.02688486042368921,0.04054828782898196,0.6195878692804607|0.8892707970190573|0.5871370756321715,0.8763619878203398|0.5331171408696783|0.21886850808567643,0.4483584585810993|0.497298348709106|0.2036525436935369
38,start|contact,contact,8,0.25,2,2,2,pelvis|right_hand|left_hand,0.13997699413448572,0.0026325031649321318,0.12389274709858,0.013419302180409431,,0.12389274709858,0.6394517447552548,1.0,1.0,True,0.0018206193096231803,0.0,0.0,0.00141409863236932,,0.02122727665080242,0.036744128846563404,0.06449442050065937,0.027750291654095968,0.03718772687862313,0.02991824115629804,0.052869748794423986,0.022951507638125947,0.03839739444368752,0.6184265084961061|0.8878411675821042|0.6065686552163715,0.8726810171992846|0.5335474847438414|0.24179326615904287,0.44763954308806475|0.49756514295552784|0.22686958965244056
39,start|contact,contact,9,0.25,2,2,2,pelvis|right_hand|left_hand,0.13682729401625693,0.0026141060516238213,0.12069502798840404,0.013485956005752087,,0.12069502798840404,0.6300834349684296,1.0,1.0,True,0.0017503368679254207,0.0,0.0,0.0014123497980446404,,0.02112955286792495,0.03939630956635782,0.06548085352781559,0.02608454396145777,0.036044850917634666,0.03153447099792206,0.05296511522539479,0.021430644227472734,0.03720974267019829,0.6165555618039201|0.887641760410196|0.6277060380113098,0.8708970337571179|0.5301666727555276|0.2719596464437277,0.4442974510925695|0.4941360649318495|0.2556659932253172
40,start|contact,contact,10,0.25,2,2,2,pelvis|right_hand|left_hand,0.15399356791749597,0.0026331518311053514,0.13811524002812803,0.01321294903755188,,0.13811524002812803,0.6313680072717399,1.0,1.0,True,0.0017048332092647334,0.0,0.0,0.001423721955002523,,0.021155458933573942,0.041099633093159775,0.06666963812155625,0.02557000502839648,0.03739206031467498,0.033285816620185815,0.05332969897091159,0.020043882350725774,0.03641037098682888,0.6131474088708256|0.8870526479301777|0.6465062519473845,0.8676270815447873|0.5323217745128435|0.2995956616082893,0.4405233889652067|0.49115703974305397|0.28659477489636087
41,start|contact,contact,11,0.25,2,2,2,pelvis|right_hand|left_hand,0.12936600088141859,0.0026330689433962107,0.1136938720010221,0.013006000081077218,,0.1136938720010221,0.6275405937290198,1.0,1.0,True,0.0015929969925374404,0.0,0.0,0.0014185764951557863,,0.021186074322812592,0.043174152491047266,0.0653076776168729,0.02213352512582563,0.03486192873478762,0.03532677739183851,0.053525493651605936,0.018198716259767427,0.033798192823398444,0.6077706687497292|0.883612498069976|0.6635903666889634,0.862673500535282|0.5310620287457491|0.3304075824171358,0.43716352765884636|0.4882007101603544|0.31723623502495746
42,start|contact,contact,12,0.25,2,2,2,pelvis|right_hand|left_hand,0.12885980098508298,0.002628884045407176,0.11313193500973284,0.01306872395798564,,0.11313193500973284,0.6228657126895771,1.0,1.0,True,0.003262519846310055,0.0,0.0,0.001414258812797536,,0.021166626579927447,0.04431518889612136,0.06524105870116072,0.020925869805039354,0.03499793914566768,0.03730398362212385,0.0534450460299276,0.016141062407803747,0.03164044758868004,0.6035926246388628|0.8814223232010219|0.6777360810858368,0.8583571978105002|0.5308648134501682|0.3625198117635049,0.4339726532900803|0.4860183356254592|0.3499784677129675
43,start|contact,contact,13,0.25,2,2,2,pelvis|right_hand|left_hand,0.12800763291306794,0.0026388750411570072,0.11223315098322928,0.01310062501579523,,0.11223315098322928,0.6243445295462682,1.0,1.0,True,0.00217106249537638,0.0,0.0,0.0014159790820205873,,0.02118493440570539,0.04515242212278731,0.06719294277137927,0.02204052064859196,0.03697404825011462,0.038905617084151564,0.05541483432534138,0.016509217241189818,0.03230019408119602,0.5985300197963118|0.8810886064613861|0.6895013363840632,0.8551086051351647|0.5333613171393472|0.3975228202445067,0.4283460198073902|0.4857850329468859|0.3827266660907852
44,start|contact,contact,14,0.25,2,2,2,pelvis|right_hand|left_hand,0.12781145982444286,0.002609153976663947,0.11241940595209599,0.01275049801915884,,0.11241940595209599,0.6076845909842647,1.0,1.0,True,0.0033438544268494103,0.0,0.0,0.0014142110389617538,,0.02099695956130999,0.04558979301930462,0.06735067595323763,0.02176088293393301,0.03785108816849057,0.039558003577122504,0.0568787534992084,0.017320749922085897,0.03358421387833058,0.5907542190485621|0.8842070816601282|0.6995748814834767,0.8516832883103317|0.5315841121487385|0.4329257352451658,0.42250552771968947|0.4859739537434539|0.4164674756783684
45,start|contact,contact,15,0.25,2,2,2,pelvis|right_hand|left_hand,0.12827432807534933,0.0026732829865068197,0.11259008501656353,0.01297870185226202,,0.11259008501656353,0.6148978037535159,1.0,1.0,True,0.0038318316089520216,0.0,0.0,0.0014241853174323733,,0.021150507374820656,0.045321410987796004,0.06806666748506739,0.022745256497271382,0.039681927555337636,0.03955574037981286,0.05636870904943426,0.016812968669621398,0.033243456497853714,0.5842183549122085|0.8824449112001338|0.7093682984367068,0.8472380369762273|0.5318162306722196|0.46611274287862886,0.41849286791921014|0.48373690373135436|0.4494611436100159
46,start|contact,contact,16,0.25,2,2,2,pelvis|right_hand|left_hand,0.12671170104295015,0.0026593918446451426,0.11100899707525969,0.013006136054173112,,0.11100899707525969,0.6467315626154905,1.0,1.0,True,0.0038931613262132153,0.0,0.0,0.001423202441441348,,0.02150785772628477,0.045371744869698076,0.06865953713386286,0.023287792264164782,0.04156209310251897,0.039796004214663484,0.057981559109249084,0.0181855548945856,0.03455870468047452,0.5748371824727254|0.8795978123952555|0.7168740754481885,0.84233229543961|0.5321808312121413|0.49884596990109115,0.412041702672121|0.483736193985238|0.48015590491646765
47,start|contact,contact,17,0.25,2,2,2,pelvis|right_hand|left_hand,0.1265455710235983,0.0026582409627735615,0.11075599491596222,0.013097732095047832,,0.11075599491596222,0.6735233563654519,1.0,1.0,True,0.0014783372888234128,0.0,0.0,0.0014124770815374533,,0.021842562819753837,0.04539990454306814,0.06983067677211956,0.02443077222905142,0.04371043750323295,0.04030086310138736,0.05875814432438611,0.01845728122299875,0.034416812305240456,0.5663293964225602|0.8738947467865925|0.7221654747575009,0.8375058973844914|0.532778270658109|0.5288159817671191,0.4066142415414655|0.483063357539248|0.5075309995296182
48,start|contact,contact,18,0.25,2,2,2,pelvis|right_hand|left_hand,0.12567524588666856,0.0025687499437481165,0.11004168586805463,0.013029919937252998,,0.11004168586805463,0.7132513611429122,1.0,1.0,True,0.001559616439016951,0.0,0.0,0.0014167374788412385,,0.02230778323237105,0.045355222799172264,0.07039812892704594,0.02504290612787368,0.045349822287589533,0.04045546363171159,0.05911119236195854,0.01865572873024695,0.034122845827988274,0.5563425494178864|0.8670907442204691|0.7254360949958937,0.8314971636483104|0.533094070601397|0.5556590862147057,0.40160240003203745|0.48390386614065933|0.5322044407991913
49,start|contact,lift,17,0.25,2,2,2,pelvis|right_hand|left_hand,0.14852081704884768,0.002669552806764841,0.13274444499984384,0.013073730980977416,,0.13274444499984384,0.7163338291936582,1.0,1.0,True,0.0014300783342916235,0.0,0.0,0.0014178402070973242,,0.022308454687589987,0.04411848653710435,0.07062775103584568,0.026509264498741324,0.04623416152639907,0.04059159351652607,0.06033021048474552,0.01973861696821945,0.035614000344076746,0.5512299482463527|0.8582880796528037|0.7284514316135103,0.8254005892560828|0.5317210081970812|0.5788000134103989,0.3956482347812121|0.4860145745579621|0.5559490029093077
50,start|contact,lift,16,0.25,2,2,2,pelvis|right_hand|left_hand,0.12414773995988071,0.0026222169399261475,0.10872623999603093,0.012766680913046002,,0.10872623999603093,0.7164544990655842,1.0,1.0,True,0.0014219441489931525,0.0,0.0,0.0013518827562056669,,0.02225313141768431,0.04299833347474767,0.0735697058689973,0.030571372394249632,0.050127069473677156,0.039546160245616836,0.06103927550195673,0.021493115256339894,0.0373832208285429,0.544479258576287|0.8481496202722694|0.7321293493684418,0.819688149438469|0.5324470154504563|0.5954090624048256,0.3904157549554323|0.4871768194189597|0.5768893893253186
51,start|contact,lift,15,0.25,2,2,2,pelvis|right_hand|left_hand,0.12273601815104485,0.00260858703404665,0.10759675386361778,0.01249879295937717,,0.10759675386361778,0.7407774099780547,1.0,1.0,True,0.001421782248557362,0.0,0.0,0.0014181901240570703,,0.022530881677962,0.0430331024640381,0.07688789784519645,0.03385479538115835,0.05226581392215243,0.0389231022401135,0.06187766032873843,0.022954558088624934,0.03875741356173553,0.5381947486000321|0.834774373634685|0.7344934044840973,0.8135664648153215|0.5328231480398077|0.6117544107214358,0.38497762922179013|0.4866573724308072|0.5948902517564137
52,start|contact,lift,14,0.25,2,2,2,pelvis|right_hand|left_hand,0.11723324400372803,0.002639641985297203,0.10195776005275548,0.012603451032191515,,0.10195776005275548,0.7131392416452222,1.0,1.0,True,0.002778132231157651,0.0,0.0,0.0013969933132254655,,0.022174430096328548,0.04354814501566332,0.0766753464626226,0.03312720144695928,0.052365989319965556,0.03888576392798141,0.06287062153513634,0.02398485760715493,0.03955217830690988,0.5334189327907171|0.8206692136971045|0.7346560217270063,0.8082293088490028|0.5265928604815993|0.6266341523101455,0.3794008743024291|0.48836193796615485|0.6109544777692405
53,start|contact,lift,13,0.25,2,2,2,pelvis|right_hand|left_hand,0.11841653008013964,0.0026299781166017056,0.10313376784324646,0.01261986093595624,,0.10313376784324646,0.7016506104989091,1.0,1.0,True,0.0014417878939375628,0.0,0.0,0.0013415332389825783,,0.02203362395994727,0.0439225774101812,0.07802005404064907,0.034097476630467874,0.052035733983408196,0.03883741285180156,0.06274096928188021,0.023903556430078646,0.03945780884422381,0.5295784209236507|0.8068418108050968|0.7360183600589983,0.803225601024893|0.5221878331413485|0.6386658335698953,0.37517112623746335|0.486164252526063|0.6242058797730187
54,start|contact,lift,12,0.25,2,2,2,pelvis|right_hand|left_hand,0.11784347402863204,0.002690295921638608,0.1026899078860879,0.01242984994314611,,0.1026899078860879,0.6917113623218455,1.0,1.0,True,0.0015306482377417108,0.0,0.0,0.0013363625607710646,,0.021916551320890248,0.04456305780223359,0.07836030866674654,0.03379725086451295,0.05181509912178965,0.03914922911374541,0.06287789972924661,0.0237286706155012,0.03910555206957399,0.5250179377749044|0.7934888440919762|0.7375033391462601,0.7979241042347827|0.5165037216751346|0.6486700752876724,0.3703420392533673|0.480692878882114|0.6369667816146697
55,start|contact,lift,11,0.25,2,2,2,pelvis|right_hand|left_hand,0.1166909709572792,0.002704978920519352,0.10161135997623205,0.01233900897204876,,0.10161135997623205,0.6848282672555641,1.0,1.0,True,0.0014442195840426199,0.0,0.0,0.001319629035230127,,0.02183269672143609,0.045977777571562344,0.07782766922876691,0.03184989165720457,0.05046237211732283,0.039528284363214,0.06256364917659575,0.023035364813381753,0.038089808958275566,0.5213228524915391|0.7797160827739248|0.7386118320637319,0.7937577172937975|0.508761144810347|0.6597030596203484,0.36637931559332365|0.4741816267459604|0.6464982926891926
56,start|contact,lift,10,0.25,2,2,2,pelvis|right_hand|left_hand,0.11692398111335933,0.0026433011516928673,0.10203717998228967,0.0122110138181597,,0.10203717998228967,0.6921703364300643,1.0,1.0,True,0.001542159808147675,0.0,0.0,0.0013173231571714707,,0.021953328968755962,0.046856424441654033,0.0822300394860218,0.035373615044367764,0.05536467559144885,0.040072941428593856,0.06246528625324374,0.022392344824649885,0.03722345813444239,0.5199259557623122|0.7662255400823414|0.7399897408103543,0.7887157363811602|0.5105658677008629|0.6641550440339766,0.3628457131950138|0.46647509506439466|0.6527900259607567
57,start|contact,lift,9,0.25,2,2,2,pelvis|right_hand|left_hand,0.11586637003347278,0.00265533197671175,0.10084447800181806,0.012331409845501184,,0.10084447800181806,0.6953495114340662,1.0,1.0,True,0.002635178762269215,0.0,0.0,0.0013261859061084885,,0.022054481293785913,0.047106205861016825,0.08203150843820899,0.03492530257719216,0.057162783101017564,0.04059147177297748,0.06206599375006778,0.0214745219770903,0.036413904295796655,0.5168719151678477|0.7534955078647732|0.7406150616410945,0.7853733340722168|0.5028706701953203|0.668956139457068,0.35983666728973884|0.45720169740541833|0.6572441249768237
58,start|contact,lift,8,0.25,2,2,2,pelvis|right_hand|left_hand,0.11665809503756464,0.002618897007778287,0.10174747183918953,0.012255535926669836,,0.10174747183918953,0.7058835551087977,1.0,1.0,True,0.00199387996944151,0.0,0.0,0.001313927849121326,,0.02221667650949393,0.04747470353695365,0.08298347534182758,0.03550877180487393,0.05778595171963713,0.041238220421284645,0.061430210411801786,0.02019198999051714,0.03518858043666326,0.5157662996295452|0.7408802043974004|0.7390445442533775,0.7820523151803268|0.4919815921241512|0.6710971598464365,0.35786422976358034|0.4475393233697256|0.6583814150048043
59,start|contact,lift,7,0.25,2,2,2,pelvis|right_hand|left_hand,0.11747683305293322,0.002634666161611676,0.10242046299390495,0.012390017975121737,,0.10242046299390495,0.7050217365560111,1.0,1.0,True,0.001458367047100003,0.0,0.0,0.0013065294771149529,,0.02221294291792686,0.04783961738034645,0.08295146960140275,0.0351118522210563,0.05875250032039522,0.041370924921126,0.06069457392353132,0.019323649002405324,0.03453308096982384,0.5141259373966982|0.7272504281410136|0.7363874206392301,0.7785269217210087|0.4817372755730414|0.6715181036796015,0.35554785109845577|0.4352816953298786|0.658214807263631
60,start|contact,lift,6,0.25,2,2,2,pelvis|right_hand|left_hand,0.14054829603992403,0.002677513984963298,0.1250876788981259,0.012749623041599989,,0.1250876788981259,0.6999221351720515,1.0,1.0,True,0.0014844917594307103,0.0,0.0,0.0013118486071288895,,0.022174738768753068,0.04849226055337269,0.08351171793758803,0.035019457384215344,0.05849358629716688,0.041350422090621605,0.05998838052842564,0.018637958437804032,0.03777035476596294,0.5124231475984053|0.7130545203004454|0.7336998182519547,0.7743053836568607|0.4691333923129279|0.6700043360824177,0.3531961021043593|0.42142215273263295|0.6575175112102422
61,start|contact,lift,5,0.25,2,2,2,pelvis|right_hand|left_hand,0.11652960907667875,0.002696105046197772,0.1016014099586755,0.01220020605251193,,0.1016014099586755,0.6858674485004526,1.0,1.0,True,0.0016554424392117434,0.0,0.0,0.0013113026877176034,,0.02198188613873029,0.04899456267311318,0.08309090999517858,0.0340963473220654,0.05810202427073398,0.04132883089483988,0.05921719893341098,0.0178883680385711,0.036325244833653056,0.5108011906063399|0.6978113967972309|0.7305386314698923,0.7701885568200115|0.4567473012639395|0.668627592935795,0.350182078128342|0.40602291659338335|0.6568802150748134
62,start|contact,lift,4,0.25,2,2,2,pelvis|right_hand|left_hand,0.1164711860474199,0.0027141699101775885,0.10138864209875464,0.012336433166638017,,0.10138864209875464,0.6762162087142328,1.0,1.0,True,0.0015132128435748834,0.0,0.0,0.0013071587615267246,,0.021848896319750063,0.049394518204468864,0.08400377468400393,0.03460925647953506,0.05738178719117863,0.04091367850967092,0.05829999106091459,0.01738631255124367,0.03554595177388402,0.5123692098223868|0.682275205601187|0.7274255286652627,0.7668573069600003|0.4423345059980094|0.6666962071679478,0.34768081648603|0.39061527841749744|0.6564533676135236
63,start|contact,lift,3,0.32465246735834974,4,4,4,pelvis|right_hand|left_hand,0.21949032205156982,0.0027061530854552984,0.20461659994907677,0.012134641176089644,,0.20461659994907677,0.6645083553343043,1.0,1.0,True,0.004803290809174562,0.0,0.0,0.0012971262523754769,,0.021697090755537104,0.049733938832591626,0.08526775605493253,0.035533817222340905,0.05492625353314216,0.04040591621269891,0.05779271466694746,0.01738679845424855,0.03522752875719942,0.513284383364125|0.6657350497728263|0.7245062738306174,0.7635198668097791|0.4244596605931195|0.6650177792992327,0.3450694811988338|0.3753093651207749|0.6571976823214477
64,start|contact,lift,2,0.6065306597126334,4,4,4,pelvis|right_hand|left_hand,0.21857717796228826,0.0026880900841206312,0.2036892098840326,0.012165638851001859,,0.2036892098840326,0.6624078622404701,1.0,1.0,True,0.004744730168897426,0.0,0.0,0.0012863145771651286,,0.021687336044971528,0.05013678328391289,0.08553342075140155,0.03539663746748866,0.05423996862237408,0.03949828466078453,0.05748962325518075,0.017991338594396215,0.035421751158866255,0.51451597202904|0.6477350792206931|0.7226833408038612,0.7608872298643771|0.40802645017124906|0.6633997189279923,0.3426295888951504|0.35967045485474625|0.6588061828891782
65,start|contact,lift,1,0.8824969025845955,4,4,4,pelvis|right_hand|left_hand,0.21707812696695328,0.002645910019055009,0.2024902910925448,0.011909213149920106,,0.2024902910925448,0.6625205674468861,1.0,1.0,True,0.004576108374467494,0.0,0.0,0.0012553933331811928,,0.02166197924733599,0.05044326989977869,0.08591902852764371,0.03547575862786503,0.0540414733254113,0.03849170584953987,0.05728039349451085,0.018788687644970978,0.03629713726419105,0.5158427466377581|0.6282296394384937|0.7220022251301595,0.7589777679558587|0.3900381980162258|0.6628616352512504,0.3407564538662643|0.3438710581027652|0.6608664751695182
66,start|contact|lift,lift,0,1.0,10,10,10,pelvis|right_hand|left_hand,0.5709912220481783,0.002650124952197075,0.5561582930386066,0.012148614972829819,,0.5561582930386066,0.6776813403294123,1.0,1.0,True,0.0016796305708542195,0.0,0.0,0.0014224696964039924,,0.02183996486314307,0.051031612626181985,0.08494603396699568,0.0339144213408137,0.053378117423370175,0.0376196995923931,0.05776874878520748,0.020149049192814378,0.038180779905592085,0.5171220644587147|0.6084644424637332|0.7239140017570983,0.7581177507529866|0.36964641602851755|0.6655187523208376,0.33890074016490884|0.3284420720199094|0.6637129505664126
67,start|lift,lift,1,0.8824969025845955,4,4,4,pelvis|right_hand|left_hand,0.22567297494970262,0.0027057169936597347,0.21092779003083706,0.012003344018012285,,0.21092779003083706,0.6907636505062832,1.0,1.0,True,0.0016724426357908155,0.0,0.0,0.0014193302029664658,,0.022061385086166126,0.052160158948375626,0.08398932392499077,0.03182916497661514,0.052161910330772734,0.037032972472281,0.05990266583041623,0.022869693358135226,0.03825543241521249,0.5193971241377963|0.5886601785601872|0.7235905752619544,0.7568633239741358|0.3480102323921234|0.6676124645159369,0.336640143473165|0.3134062565771434|0.6654242774003915
68,start|lift,lift,2,0.6065306597126334,4,4,4,pelvis|right_hand|left_hand,0.22470474801957607,0.002645317930728197,0.2100999269168824,0.011926347855478525,,0.2100999269168824,0.70378502658403,1.0,1.0,True,0.0016383767650864356,0.0,0.0,0.0014170772921367838,,0.02223054564533348,0.053379002177505394,0.08406176776655921,0.03068276558905382,0.04905911141329587,0.03671912429589608,0.060660200163425236,0.02394107586752916,0.03913506054506246,0.5222505193898024|0.5682995832915493|0.7244048117591597,0.7551115951006405|0.32310718291172824|0.671139971629025,0.3349701878643761|0.29662403377117014|0.6709992614194953
69,start|lift,lift,3,0.32465246735834974,4,4,4,pelvis|right_hand|left_hand,0.2222131888847798,0.0026898649521172047,0.2073846380226314,0.01210447889752686,,0.2073846380226314,0.7472570363773378,1.0,1.0,True,0.0015967870589067845,0.0,0.0,0.0014146878332194663,,0.022570488470236433,0.05388450247948265,0.08335860522607622,0.029474102746593567,0.048750341989582606,0.03700867742774968,0.06165932773231766,0.024650650304567978,0.03984024718855041,0.5252860732855843|0.5481877020724957|0.7251179630737734,0.7545808265129189|0.30048164905420716|0.6753734099000729,0.33372278612535106|0.2804439970766996|0.6764515595551398
70,start|lift,lift,4,0.25,2,2,2,pelvis|right_hand|left_hand,0.11392157501541078,0.002647300949320197,0.09921612683683634,0.012025387957692146,,0.09921612683683634,0.8407862649950006,1.0,1.0,True,0.004479944844386838,0.0,0.0,0.0014251762776241535,,0.023150481960656506,0.054745524450562334,0.08273186938565943,0.0279863449350971,0.049582397295498154,0.03771509751251009,0.06178654408644833,0.02407144657393824,0.03772307944865139,0.5283187129509199|0.5288434513827083|0.725763376834155,0.7549235828069866|0.2795866603573938|0.6792074032176106,0.33496845998844005|0.26661680155203143|0.6812062588343881
71,start|lift,lift,5,0.25,2,2,2,pelvis|right_hand|left_hand,0.1087403439451009,0.0026711230166256428,0.0941344469320029,0.01190035417675972,,0.0941344469320029,0.7269030022132956,1.0,1.0,True,0.004907854835161901,0.0,0.0,0.001335194753950146,,0.022287207768491718,0.055322868465104334,0.0801647349219129,0.02484186645680856,0.04875225800155063,0.03816458677540281,0.05819706811559729,0.02003248134019448,0.03539909744854757,0.5273006504755873|0.49904941890378424|0.7324528305614268,0.7545068639363195|0.2580636917845941|0.6910204598822034,0.3344541835634716|0.24322305818282136|0.6888135605834522
72,start|lift,lift,6,0.25,2,2,2,pelvis|right_hand|left_hand,0.10703176003880799,0.0026816551107913256,0.09230748983100057,0.012009465135633945,,0.09230748983100057,0.6881526790640256,1.0,1.0,True,0.004527680700131265,0.0,0.0,0.0012129553156797561,,0.02202275160324139,0.055568303809093826,0.08078742393174472,0.025219120122650894,0.04924584014040256,0.03799352123234755,0.05841885807969765,0.020425336847350095,0.03505168958370855,0.5306314380006109|0.47863097141606203|0.7348084977873581,0.7536415703421985|0.2370946325432401|0.6923572175831124,0.3340132435434899|0.2264053014458438|0.6916052495968077
73,start|lift,lift,7,0.25,2,2,2,pelvis|right_hand|left_hand,0.12839810806326568,0.0026449018623679876,0.11392374709248543,0.011797055834904313,,0.11392374709248543,0.6587097712022095,1.0,1.0,True,0.0014492279704207828,0.0,0.0,0.001115831075960071,,0.02178886874119323,0.05525468948402768,0.08052313296710044,0.025268443483072757,0.049170201007407766,0.037862509163204494,0.059601054744452125,0.02173854558124763,0.0364507987376218,0.5346643428809672|0.4602933212249078|0.7372147423959539,0.7527007018765367|0.21648598108531147|0.6944650924870435,0.33121800829143705|0.2081440871436334|0.6949863405545766
74,start|lift,lift,8,0.25,2,2,2,pelvis|right_hand|left_hand,0.10666536190547049,0.002657911041751504,0.09190410119481385,0.012070703087374568,,0.09190410119481385,0.6588625012150218,1.0,1.0,True,0.0049369858489855395,0.0,0.0,0.001124014659962379,,0.02182458694848773,0.0552517462021013,0.08103382367154734,0.025782077469446038,0.046730400297055316,0.03773448116883345,0.05803454632739698,0.02030006515856353,0.03532249041441321,0.5368246902347467|0.44044559267063577|0.7375821687125329,0.7506632451793545|0.19393963515923224|0.6970346365317098,0.33187134961479575|0.19113667224683115|0.6982783667364556
75,start|lift,lift,9,0.25,2,2,2,pelvis|right_hand|left_hand,0.10842359717935324,0.002650393871590495,0.09354319795966148,0.012199003947898746,,0.09354319795966148,0.6660333942591619,1.0,1.0,True,0.0049972114388106975,0.0,0.0,0.0011156806130107435,,0.021924112995306028,0.05504233004156982,0.08174476807948687,0.026702438037917053,0.045678895775321936,0.03780574298591345,0.0587352165536664,0.020929473567752946,0.03816070179544572,0.5390506474244311|0.42239598057395666|0.7383721074209472,0.7490958694904494|0.17220294534487762|0.698846716926508,0.33003829374759597|0.17508798967757572|0.7012160752901839
76,start|lift,lift,10,0.25,2,2,2,pelvis|right_hand|left_hand,0.11493431101553142,0.002665454987436533,0.09917089599184692,0.013063736958429217,,0.09917089599184692,0.6612293018662331,1.0,1.0,True,0.004610319621807038,0.0,0.0,0.0011161023533289118,,0.0218153107261309,0.05502234518738768,0.08194611220224884,0.026923767014861162,0.04511561010865799,0.037929833137146575,0.058438602663241204,0.02050876952609463,0.037768712125978474,0.5394925365282052|0.4035928259239383|0.7370508727823615,0.747274744139941|0.15156158470466188|0.6992914039055166,0.3286490395336401|0.15745607378432727|0.7024893743015629
77,start|lift,lift,11,0.25,2,2,2,pelvis|right_hand|left_hand,0.1224564837757498,0.0026517740916460752,0.10677854414097965,0.012992667965590954,,0.10677854414097965,0.6482151646824045,1.0,1.0,True,0.0014493516908493861,0.0,0.0,0.001344092747588996,,0.021555367264776235,0.054896188116882357,0.08228472681967625,0.02738853870279389,0.04568810672123796,0.037866171346140474,0.061966540259232185,0.02410036891309171,0.04051345550949544,0.5367162677951076|0.38409676400172643|0.7355991782728416,0.7467655120945034|0.13129024926780083|0.6997305674191365,0.3263537503881863|0.14385196512199827|0.6995499910032958
78,start|lift,lift,12,0.25,2,2,2,pelvis|right_hand|left_hand,0.12442345800809562,0.0026495191268622875,0.10842919116839767,0.013312618946656585,,0.10842919116839767,0.6453861968345255,1.0,1.0,True,0.004725257922134143,0.0,0.0,0.0014439669346797896,,0.021474785042440395,0.05424781529848365,0.08194597380089075,0.027698158502407096,0.049758683111415826,0.038394989384729065,0.058045389298467254,0.019650399913738188,0.03782035155724288,0.5397612789152193|0.36662640852263634|0.7338324030400668,0.7456597486407378|0.11176904947587304|0.6967975397262925,0.3264629904361972|0.12299301402228803|0.7028417302762292
79,start|lift,lift,13,0.25,2,2,2,pelvis|right_hand|left_hand,0.122834192821756,0.0026256348937749863,0.10763361607678235,0.01254360401071608,,0.10763361607678235,0.6554812937726224,1.0,1.0,True,0.0016718496322998995,0.0,0.0,0.0014214253523924046,,0.02163217968489486,0.053541845803466416,0.08008205341925999,0.026540207615793572,0.05151920589889583,0.03885015828802071,0.06099501391819054,0.02214485563016983,0.04037901542396168,0.5393415888874754|0.3507074899228786|0.7344342772934296,0.7448169057318753|0.09311835369142626|0.6949959542897778,0.32384456204496337|0.10845040705029374|0.6994092449009888
80,start|lift,lift,14,0.25,2,2,2,pelvis|right_hand|left_hand,0.11913749389350414,0.0026663520839065313,0.10444577992893755,0.01199026801623404,,0.10444577992893755,0.6894791160998616,1.0,1.0,True,0.0014601164274131058,0.0,0.0,0.0014439349234133582,,0.021953163118329063,0.05281163420317074,0.0785349570618352,0.025723322858664466,0.05405848231501786,0.03909757151750115,0.060698627686838494,0.021601056169337343,0.04012239454629263,0.5395370770441422|0.3341824735441724|0.7330318586413809,0.7433691742206894|0.07438618257484475|0.6908457262650824,0.3234136302491358|0.09184040716133836|0.6953799352022019
81,start|lift,lift,15,0.25,2,2,2,pelvis|right_hand|left_hand,0.11958268703892827,0.0026450541336089373,0.10462340502999723,0.012281408999115229,,0.10462340502999723,0.7033375376362295,1.0,1.0,True,0.0014557569006607533,0.0,0.0,0.0014556982977235585,,0.022053427928288665,0.05296259291520634,0.07853623759587941,0.025573644680673073,0.05644218388259604,0.03961493467729736,0.060890438332935594,0.021275503655638232,0.03948681717794419,0.5389108553736561|0.3178043650634493|0.7316390417590795,0.74250968079116|0.0535354614407134|0.6880887227334066,0.32241557209201993|0.07596244177024467|0.6902681874566936
82,start|lift,lift,16,0.25,2,2,2,pelvis|right_hand|left_hand,0.11953794211149216,0.002674500923603773,0.10464969906024635,0.012181997997686267,,0.10464969906024635,0.6936389781483905,1.0,1.0,True,0.001460433815406885,0.0,0.0,0.0014241375670188032,,0.021961476668504832,0.05349538631266275,0.07905835102387714,0.025562964711214387,0.05635995009812891,0.03953561794581501,0.060602964383347516,0.021067346437532504,0.03934566397577755,0.537378789993708|0.2997602171048118|0.7294722006040891,0.7408308540769722|0.03212208757101268|0.6847094835372741,0.320998294063065|0.05888784586495011|0.6848881702036838
83,start|lift,lift,17,0.25,2,2,2,pelvis|right_hand|left_hand,0.11662031291052699,0.0026675891131162643,0.1020182550419122,0.011902947910130024,,0.1020182550419122,0.6737127410518609,1.0,1.0,True,0.0015731292795605617,0.0,0.0,0.0014142245041908318,,0.021742612944675235,0.05423468429844837,0.08051084337981537,0.026276159081367004,0.05564307165751321,0.03948351861285519,0.06053445800728221,0.021050939394427017,0.03917896473252373,0.5344644281155506|0.27990534674545203|0.726693195139328,0.7390371615908788|0.009734631282297516|0.6819255716828109,0.31863026084903306|0.040636555273262855|0.6796921693516164
84,start|lift,lift,18,0.25,2,2,2,pelvis|right_hand|left_hand,0.11543876701034606,0.0026907401625066996,0.10078237601555884,0.011934095062315464,,0.10078237601555884,0.6634440535677193,1.0,1.0,True,0.0017199571015068908,0.0,0.0,0.0014092011580913214,,0.021610371480804712,0.05392009683769248,0.08064788046820252,0.026727783630510045,0.0560400590823244,0.03952623391725996,0.06079685888890061,0.021270624971640645,0.03969293751284717,0.5315965073653103|0.25908709428842985|0.7259288544637564,0.7367501860819634|-0.01000175722655441|0.6790463883758279,0.3157556659020862|0.021953236571585332|0.6755944368498399
85,start|lift,lift,19,0.25,2,2,2,pelvis|right_hand|left_hand,0.11422342201694846,0.002644372172653675,0.09969740896485746,0.011849688133224845,,0.09969740896485746,0.6812237800533583,1.0,1.0,True,0.001714756665499119,0.0,0.0,0.001404789975185375,,0.02182922924601968,0.052944634894628216,0.08058144214180836,0.027636807247180144,0.056399211929643187,0.03941355537398549,0.06138202085311841,0.02196846547913292,0.04051325586170457,0.5292437219382796|0.2372673229833669|0.7266815953190262,0.7345580297263222|-0.029459967930873146|0.6775981006579562,0.31270566605979383|0.0027397527098602173|0.6730108380691082
86,start|lift,lift,20,0.25,2,2,2,pelvis|right_hand|left_hand,0.11789035494439304,0.0026360340416431427,0.10325298691168427,0.011969347950071096,,0.10325298691168427,0.7021129524626851,1.0,1.0,True,0.0017053623136706678,0.0,0.0,0.00139073444146972,,0.022107314583239866,0.052335570968175225,0.07950149900815681,0.027165928039981586,0.05669602453501373,0.03957457891397682,0.059682921587148066,0.02010834267317125,0.03819769852886897,0.5264715086039559|0.21587124088763934|0.7287451539452482,0.7320732036362195|-0.04835129631316849|0.6780857870167804,0.3106439211334366|-0.020000530130489115|0.6736415108010042
87,start|lift,lift,21,0.25,2,2,2,pelvis|right_hand|left_hand,0.11556917312555015,0.0026385218370705843,0.10107087995857,0.011828358983621001,,0.10107087995857,0.7354607425586351,1.0,1.0,True,0.001671228493318324,0.0,0.0,0.001467679015074782,,0.0224897750994054,0.05202448067509307,0.07861713226767367,0.026592651592580598,0.05643956500698805,0.0394933665107388,0.061802075222642076,0.022308708711903276,0.03955851614034894,0.5224844336712907|0.19341962195944673|0.7311786387589831,0.7306056932495355|-0.06780515275811055|0.6813369642897945,0.30709131077992163|-0.04086070212310515|0.671588183161922
88,start|lift,lift,22,0.25,2,2,2,pelvis|right_hand|left_hand,0.1380141880363226,0.00266031501814723,0.12355403997935355,0.011767246993258595,,0.12355403997935355,0.760208770702703,1.0,1.0,True,0.0024094504260323835,0.0,0.0,0.0014305972144503258,,0.022741692189417913,0.05167485160244185,0.07889600860294552,0.02722115700050367,0.05308476935200075,0.039589975463028844,0.061923972954027,0.022333997490998153,0.03878576388535816,0.5170915093948537|0.17205382407019734|0.7303688086708686,0.7293098555108792|-0.08781052602787819|0.6830910558078723,0.30512932308475305|-0.06430985422875653|0.6711073271177579
89,start|lift,lift,23,0.25,2,2,2,pelvis|right_hand|left_hand,0.11109675606712699,0.0026870109140872955,0.09651694493368268,0.011860724771395326,,0.09651694493368268,0.7354823970783303,1.0,1.0,True,0.002219378674092304,0.0,0.0,0.0013529032369346218,,0.022329145026014508,0.051297621187728105,0.08122828705975473,0.02993066587202662,0.051190408031601305,0.0399114196952542,0.05870320438444317,0.01879178468918897,0.03666224645239472,0.5199187006774764|0.14624651734738459|0.7337251878469127,0.7287681833400484|-0.10926790751663844|0.6833903547114559,0.3065024369601957|-0.08831433832928771|0.6772189997089135
90,start|lift,lift,24,0.25,2,2,2,pelvis|right_hand|left_hand,0.10715798404999077,0.00262836879119277,0.09268906200304627,0.011806222144514322,,0.09268906200304627,0.7228582458534074,1.0,1.0,True,0.003469564221539309,0.0,0.0,0.0011015322715481313,,0.02232335851331831,0.05108688241584495,0.0806976075628326,0.029610725146987656,0.04838905560235921,0.03907005146331291,0.06120215632837232,0.022132104865059413,0.03916622442499512,0.5155625582077984|0.12297163870486122|0.7362120164070605,0.728435140411743|-0.13502752959603773|0.6908423192650653,0.30474049564768363|-0.11017653940207696|0.6757362826332983
91,start|lift,lift,25,0.25,2,2,2,pelvis|right_hand|left_hand,0.10805024788714945,0.002674233866855502,0.09347716299816966,0.011864539934322238,,0.09347716299816966,0.6917978183631048,1.0,1.0,True,0.0016561140292645077,0.0,0.0,0.0011860985832849987,,0.021925339782063135,0.05120678272609865,0.08246299000605033,0.031256207279951674,0.0495301695642341,0.039043695649939224,0.06111384435336139,0.022070148703422166,0.03843017904925914,0.5101797618993746|0.10260363839528626|0.7350462672191542,0.7279445104121517|-0.14767356169309365|0.6861504930620101,0.30524379565590043|-0.13481824455242766|0.6760003591505375
92,start|lift,carry_mid,25,0.25,2,2,2,pelvis|right_hand|left_hand,0.10806890111416578,0.002687280997633934,0.09355532401241362,0.011794098187237978,,0.09355532401241362,0.6816734676163713,1.0,1.0,True,0.0016488415443600135,0.0,0.0,0.00116153667177028,,0.021853211289464453,0.05176764694933557,0.08175406839986449,0.02998642145052892,0.05304893590466973,0.03899495115191409,0.06061871715972004,0.021623766007805946,0.037242489273711384,0.5057002330881724|0.08174058701416008|0.7340388342829033,0.7293393257742614|-0.1624310250562614|0.6861816329371268,0.3061757248635894|-0.16083016089493546|0.678619661320427
93,start|lift,carry_mid,24,0.25,2,2,2,pelvis|right_hand|left_hand,0.11010421183891594,0.0026348058599978685,0.09556947904638946,0.011869509937241673,,0.09556947904638946,0.6756996733502417,1.0,1.0,True,0.0014487651046094542,0.0,0.0,0.0011560522349140356,,0.021749795357237017,0.05251810766007785,0.08074277121900665,0.028224663558928803,0.05320478135247233,0.03902641846104848,0.06136188606679208,0.022335467605743606,0.037290594925088974,0.5019849895772315|0.06198551460717417|0.7349995347684131,0.7303994049531868|-0.1772688811204273|0.6884019233229979,0.30724353575929786|-0.18512066726208737|0.6812661173427745
94,start|lift,carry_mid,23,0.25,2,2,2,pelvis|right_hand|left_hand,0.1103413940872997,0.0026163829024881124,0.09552078600972891,0.012172027956694365,,0.09552078600972891,0.672256284760605,1.0,1.0,True,0.0018361121621484205,0.0,0.0,0.001152372685543324,,0.02174159806702468,0.05337867936515988,0.08016454286511102,0.026785863499951136,0.05282281417880529,0.03923634126538478,0.060013280462247666,0.02077693919686289,0.03628219900909286,0.5005010831193606|0.041824351296509896|0.7357112593148348,0.7317530297911837|-0.19201250214472743|0.6906640678883116,0.30985265443242005|-0.21017023707404697|0.6861886792243237
95,start|lift,carry_mid,22,0.25,2,2,2,pelvis|right_hand|left_hand,0.1112302711699158,0.0026797610335052013,0.09560260898433626,0.012914458056911826,,0.09560260898433626,0.6689933334856912,1.0,1.0,True,0.005073257691440999,0.0,0.0,0.001142895157485595,,0.02171507266646823,0.05324327289408438,0.07966672214961554,0.02642344925553116,0.0521616262462864,0.039320056580962465,0.05734176591734977,0.018021709336387304,0.03395553131714139,0.5000289623932788|0.020916655645239014|0.7358185018170524,0.7332111099087014|-0.20715637037386503|0.6937068751479527,0.3141094544523549|-0.23527407369580403|0.6912448627586157
96,start|lift,carry_mid,21,0.25,2,2,2,pelvis|right_hand|left_hand,0.11776805203408003,0.002672427101060748,0.10217650304548442,0.012885343050584197,,0.10217650304548442,0.6626597592033742,1.0,1.0,True,0.0015211652792435082,0.0,0.0,0.0011548683346363441,,0.021581301742365982,0.05264279447243873,0.07933000983989717,0.026687215367458446,0.05050291493742268,0.039595738524436035,0.05961971168059159,0.020023973156155554,0.03563362296150614,0.4991418287904706|0.0012718230863873739|0.734788497175361,0.7347286386453942|-0.22221434240456844|0.6967399672920677,0.31486801795837743|-0.2580656681625353|0.691918177426792
97,start|lift,carry_mid,20,0.25,2,2,2,pelvis|right_hand|left_hand,0.12408118299208581,0.0026586318854242563,0.10780967911705375,0.013580402825027704,,0.10780967911705375,0.6595902889258832,1.0,1.0,True,0.0017908355238168971,0.0,0.0,0.0014162139632285717,,0.021531660973801645,0.05186772513673518,0.07918202667560906,0.027314301538873875,0.05146817097549505,0.039767764578703284,0.06042365376510612,0.020655889186402834,0.03605477597301766,0.49618895102914073|-0.016551902973123745|0.7334332781613638,0.7359032313466034|-0.23710038189891225|0.6965062693100627,0.31655870765601474|-0.2795698380820243|0.6942998000688015
98,start|lift,carry_mid,19,0.25,2,2,2,pelvis|right_hand|left_hand,0.1243241319898516,0.0026686610653996468,0.10879987408407032,0.01282377215102315,,0.10879987408407032,0.6611049667734495,1.0,1.0,True,0.0018569709286344084,0.0,0.0,0.001416410351622371,,0.02158698907856463,0.05101938130571162,0.07891017542957961,0.02789079412386799,0.05156669854355435,0.040257295241883505,0.06117620341742484,0.02091890817554134,0.036350202854313216,0.4953319717980783|-0.032741031695249674|0.734200874332166,0.7375045183070941|-0.2533788856681507|0.6976520955185304,0.3187627826280091|-0.2988055904969247|0.6953070481324578
99,start|lift,carry_mid,18,0.25,2,2,2,pelvis|right_hand|left_hand,0.11971733602695167,0.0026505119167268276,0.10482263704761863,0.012210855027660728,,0.10482263704761863,0.6722356507229628,1.0,1.0,True,0.004282600957469504,0.0,0.0,0.0014288168876415987,,0.021795099709541618,0.05020037318986627,0.07832227173365694,0.02812189854379067,0.05124671186659016,0.040929933158895,0.05943513718690973,0.018505204028014727,0.03484430000506242,0.49454554395187794|-0.048860400876141026|0.7352656136712508,0.738905606098559|-0.26977930971667186|0.6970725437060095,0.3221672175171165|-0.318177382349737|0.6975959935925553
100,start|lift,carry_mid,17,0.25,2,2,2,pelvis|right_hand|left_hand,0.1191177349537611,0.002669679932296276,0.10437626391649246,0.012039851862937212,,0.10437626391649246,0.6799921390146059,1.0,1.0,True,0.0014062452221708793,0.0,0.0,0.0014289694410928558,,0.021848596179456052,0.049869754028211734,0.07735244386145504,0.027482689833243305,0.05089163647398797,0.04117591618043275,0.06807966529880428,0.026903749118371532,0.042689783538497623,0.4933653449059715|-0.064302541654663|0.7344045517177459,0.739584924829395|-0.285791050346238|0.6942248988801314,0.31778963480593336|-0.33163325920304515|0.691577889213606
101,start|lift,carry_mid,16,0.25,2,2,2,pelvis|right_hand|left_hand,0.11789906513877213,0.0026501729153096676,0.10302330902777612,0.012187645072117448,,0.10302330902777612,0.675071212329786,1.0,1.0,True,0.0021259492015927306,0.0,0.0,0.001416287190910343,,0.021803191013666297,0.05012815757372075,0.07716403818112438,0.027035880607403633,0.05008335614149851,0.041063160271135754,0.06791098438978999,0.02684782411865423,0.042989863191684616,0.4947053982958653|-0.08053694061046822|0.7329078346208212,0.740075620984504|-0.3031864745287943|0.6907977275745899,0.31897541791428186|-0.349490749038668|0.6897309093782228
102,start|lift,carry_mid,15,0.25,2,2,2,pelvis|right_hand|left_hand,0.11787702795118093,0.00266686687245965,0.10309569607488811,0.012078864965587854,,0.10309569607488811,0.6682449298019919,1.0,1.0,True,0.004606191898191239,0.0,0.0,0.0014142656526533821,,0.021806697976902788,0.050887856121957245,0.0779421713350674,0.02705431521311015,0.049906144612228975,0.04023130942507063,0.05969700012295804,0.01946569069788741,0.03822434032872287,0.4967878774095941|-0.09724646251570206|0.7317471043433044,0.7405120141949176|-0.3213250653454636|0.6857945256988152,0.32441609736618027|-0.3722556613814983|0.6935408057133837
103,start|lift,carry_mid,14,0.25,2,2,2,pelvis|right_hand|left_hand,0.11778294504620135,0.002681782003492117,0.10298468801192939,0.012084030080586672,,0.10298468801192939,0.671586803582682,1.0,1.0,True,0.004905953207610142,0.0,0.0,0.0014132914892294208,,0.021872283055508274,0.052053548970268836,0.07877774800576938,0.026724199035500544,0.04919641974253806,0.0391092353510085,0.05974683445161644,0.020637599100607938,0.03939905444997857,0.5010256318915938|-0.11324720637681548|0.7304602443370667,0.740790993496968|-0.3402013208223788|0.6812682536998781,0.3238732706476917|-0.38924412714024753|0.691575690279473
104,start|lift,carry_mid,13,0.25,2,2,2,pelvis|right_hand|left_hand,0.14436279889196157,0.002695427043363452,0.12958768289536238,0.012046393938362598,,0.12958768289536238,0.6843696934233626,1.0,1.0,True,0.0015058274834033325,0.0,0.0,0.0014102947486755414,,0.022020739814822107,0.05296771424189847,0.07937204631650467,0.0264043320746062,0.047994219156229805,0.03796130654290091,0.06613100711533368,0.028169700572432767,0.04672398166992341,0.5053977096868025|-0.13041095864985938|0.730340473824513,0.7415098192264263|-0.36064876413820596|0.6785466704235558,0.3187225314560522|-0.4012953849063648|0.6858746904257821
105,start|lift,carry_mid,12,0.25,2,2,2,pelvis|right_hand|left_hand,0.120525878155604,0.002664832165464759,0.10561467497609556,0.01221264386549592,,0.10561467497609556,0.6925714141384794,1.0,1.0,True,0.002505312078976016,0.0,0.0,0.0014052028394812997,,0.02215715189852347,0.05350023260415402,0.08038857219747757,0.026888339593323547,0.04423143985161698,0.03711203527518356,0.06874366690409128,0.031631631628907725,0.047380731897234823,0.5097858306306577|-0.14702190978932467|0.7301716839974457,0.739996373164517|-0.38588134336663793|0.6759969612824682,0.31888498733164805|-0.4108113333495377|0.679839609354754
106,start|lift,carry_mid,11,0.25,2,2,2,pelvis|right_hand|left_hand,0.11958398995921016,0.0026727630756795406,0.1049753010738641,0.011902691097930074,,0.1049753010738641,0.7069552891850249,1.0,1.0,True,0.0014581720388186885,0.0,0.0,0.0012014861415646954,,0.022318007451629773,0.05412634430526514,0.08004750026979231,0.025921155964527168,0.043901938194600906,0.03634802915806794,0.07004903590714466,0.03370100674907672,0.04740423164644083,0.5158330481026899|-0.16528871545043175|0.7311976233469044,0.7408827687066133|-0.40745799470156396|0.6760458900100431,0.31898561513841334|-0.419727796810732|0.6775255195990857
107,start|lift,carry_mid,10,0.25,2,2,2,pelvis|right_hand|left_hand,0.11855390015989542,0.0026437079068273306,0.10389341088011861,0.011983318021520972,,0.10389341088011861,0.720449125475196,1.0,1.0,True,0.0014299478241518206,0.0,0.0,0.0014178435267024575,,0.022368619187944933,0.05482173867011342,0.08155237666906998,0.026730637998956558,0.04348019229163235,0.03560123242083103,0.07178392401552852,0.03618269159469749,0.048409446670795234,0.5199337934658234|-0.18426965562182762|0.7314751865892289,0.7412868290425108|-0.43381573272439267|0.6783580122782844,0.3173034356663161|-0.42842036009450757|0.6759618033138363
108,start|lift,carry_mid,9,0.25,2,2,2,pelvis|right_hand|left_hand,0.11819437914527953,0.0026372778229415417,0.10374355595558882,0.011780936038121581,,0.10374355595558882,0.7259427017870507,1.0,1.0,True,0.001407438734985715,0.0,0.0,0.0014242428877494716,,0.022252114516205554,0.0552368818839593,0.08092529786890372,0.025688415984944417,0.04356589369692154,0.03496290298900075,0.0717691148285722,0.03680621183957145,0.04835298836121186,0.527026909762879|-0.20333318519698984|0.7324699030269659,0.739661348492606|-0.4558947560850169|0.6802629544547628,0.3159210650088905|-0.43766043215085004|0.6757927008685145
109,start|lift,carry_mid,8,0.25,2,2,2,pelvis|right_hand|left_hand,0.1160168971400708,0.002628688933327794,0.10134645598009229,0.011993649881333113,,0.10134645598009229,0.7604608318257039,1.0,1.0,True,0.0027493157226781417,0.0,0.0,0.0014173768099048222,,0.022536108666808254,0.056012868311818176,0.08087153768163488,0.024858669369816705,0.042037455279160925,0.03483913335289958,0.07125618675382027,0.03641705340092069,0.047603566227072805,0.533224294990754|-0.21973755233272757|0.7320629876683532,0.7352258103342031|-0.4812839031503013|0.6816148073169453,0.3135307204861479|-0.44609723256163014|0.6764355616393012
110,start|lift,carry_mid,7,0.25,2,2,2,pelvis|right_hand|left_hand,0.11274440097622573,0.002653704956173897,0.09811706189066172,0.011938187992200255,,0.09811706189066172,0.7083841334660828,1.0,1.0,True,0.001847531934854943,0.0,0.0,0.0012119678760864222,,0.02194650870084956,0.05608804471666944,0.07930594894591202,0.023217904229242574,0.04379527745415523,0.03515241213300122,0.06942445615362577,0.03427204402062455,0.04496222722966146,0.5337694300534638|-0.23912812148031246|0.7341294955347423,0.7313030676564964|-0.5032947361589464|0.6848047148432241,0.3084781689484026|-0.459020531855922|0.6782397535143075
111,start|lift,carry_mid,6,0.25,2,2,2,pelvis|right_hand|left_hand,0.10855536186136305,0.0026757640298455954,0.09413120592944324,0.011717766989022493,,0.09413120592944324,0.6859086039286866,1.0,1.0,True,0.0014367320809010736,0.0,0.0,0.0012092304024683299,,0.021852746004737775,0.05577113393807282,0.07919260963830509,0.023421475700232265,0.04462677206450184,0.03572954787296409,0.06893555677682205,0.033206008903857956,0.04514159960345615,0.5406113226465684|-0.25521776514904754|0.7356559401399797,0.7267632369045426|-0.5257295382147252|0.6844778453601917,0.3048007853964669|-0.46694529838160237|0.6797815869601458
112,start|lift,carry_mid,5,0.25,2,2,2,pelvis|right_hand|left_hand,0.10889123077504337,0.002668101107701659,0.09427384310401976,0.01191481202840805,,0.09427384310401976,0.6873703134158168,1.0,1.0,True,0.0014372243253088432,0.0,0.0,0.0012035328139393712,,0.02198700350174962,0.055248476280676646,0.08270769071354075,0.02745921443286411,0.042714307542453464,0.03602896960882871,0.06881770905367512,0.032788739444846414,0.04518297715894063,0.5443902137201718|-0.26922450770619305|0.7344308939795359,0.7194295583084297|-0.5529114678097056|0.6843989024565141,0.30040526147675173|-0.4745377146070218|0.6800479382012231
113,start|lift,carry_mid,4,0.25,2,2,2,pelvis|right_hand|left_hand,0.10969232115894556,0.00264736614190042,0.09498968487605453,0.012023722054436803,,0.09498968487605453,0.6798734843644888,1.0,1.0,True,0.0014364333683749599,0.0,0.0,0.0012119672690561402,,0.021897349428553453,0.05566647986554079,0.0790307769054575,0.023364297039916708,0.039266481848633454,0.03583825587427293,0.06809692383301687,0.032258667958743936,0.045563638350351404,0.5481535115325238|-0.2838292345232998|0.7347638543547035,0.7101557867701411|-0.5782570188036533|0.6871850281624478,0.2958312801111517|-0.4808125847848748|0.6822213530809843
114,start|lift,carry_mid,3,0.25,2,2,2,pelvis|right_hand|left_hand,0.11352956597693264,0.0026494748890399933,0.0984425621572882,0.012403381988406181,,0.0984425621572882,0.6774495851687331,1.0,1.0,True,0.00143676283554477,0.0,0.0,0.0012201950680465544,,0.021864861915828624,0.0558757900289848,0.07745594699434549,0.02158015696536069,0.037367942544435755,0.035844354745566666,0.0680461110380461,0.032201756292479435,0.04893196354650722,0.5501606748157324|-0.29905218576065856|0.7352667004204637,0.70159742489879|-0.6002367514465012|0.6899837093366585,0.2911304654807342|-0.48676308584410855|0.6840138658105922
115,start|lift,carry_mid,2,0.25,2,2,2,pelvis|right_hand|left_hand,0.13936159387230873,0.00264683086425066,0.12431836989708245,0.012363529996946454,,0.12431836989708245,0.6664275039096104,1.0,1.0,True,0.0014344341029246047,0.0,0.0,0.0012305592191379823,,0.021682735849569795,0.05593824760482853,0.0768569302681319,0.020918682663303365,0.035568204261838245,0.03589319932958406,0.06665243010985883,0.030759230780274767,0.04854174757096027,0.5511348010727731|-0.31478661164881916|0.7358411043825931,0.6930431881975404|-0.619993359920164|0.6910660424758551,0.28695488656416884|-0.4930993376696565|0.68689841084137
116,start|lift,carry_mid,1,0.2647490707753786,2,2,2,pelvis|right_hand|left_hand,0.11931649595499039,0.002659949939697981,0.10357464896515012,0.013048405991867185,,0.10357464896515012,0.6566783797069152,1.0,1.0,True,0.0014303972839224272,0.0,0.0,0.0013977921503623254,,0.021464536227240583,0.056955765568527744,0.07823825370731481,0.021282488138787067,0.036797975101543715,0.03528753059383781,0.06739127669122631,0.0321037460973885,0.049177943877732624,0.5534444469710478|-0.32995462138229414|0.7366997142208818,0.6862700658009144|-0.6370669779088589|0.6942730127716448,0.2828390696958699|-0.4976952461202525|0.6848550844974173
117,start|lift|carry_mid,carry_mid,0,0.3,2,2,2,pelvis|right_hand|left_hand,0.12363477912731469,0.002682624151930213,0.10773643082939088,0.013183819130063057,,0.10773643082939088,0.6413125699604376,1.0,1.0,True,0.0023033241733871473,0.0,0.0,0.0014364256544536543,,0.021277900784711937,0.0570566810003831,0.0768655430006902,0.019808862000307105,0.03637200127163485,0.03500568239384986,0.06551672246831974,0.030511040074469885,0.04916569817462312,0.5548158684292863|-0.34424655978085805|0.7388162296200881,0.6769285589352338|-0.6544552008412532|0.6932550956823059,0.27863604466112907|-0.5048176002617728|0.6856548962932356
118,carry_mid,carry_mid,1,0.2647490707753786,1,1,1,pelvis,0.0679631878156215,0.002669665962457657,0.0529932149220258,0.012272504856809974,,0.0529932149220258,0.6582396290845696,1.0,1.0,False,0.004605586796670683,0.0,0.0,0.0022218318588254882,,0.021569353510523616,0.05576177716425725,0.08026372135014428,0.024501944185887033,0.0398778298872834,0.03483489255930243,0.06696191402286995,0.03212702146356752,0.052420281612280954,0.5548978123653671|-0.35543153272099715|0.7409276999796499,0.6711779405748043|-0.666466110034716|0.6909339011540245,0.27194947386963203|-0.5107431190806343|0.6825737145917244
119,carry_mid,carry_mid,2,0.18195919791379003,1,1,1,pelvis,0.06551813101395965,0.0025185428094118834,0.051120052114129066,0.011851029004901648,,0.051120052114129066,0.6646883696264569,1.0,1.0,False,0.006783649993730281,0.0,0.0,0.0022926804923671627,,0.021678722966666973,0.05475018218066663,0.08151751400580522,0.026767331825138588,0.04178906683749676,0.03552033205987898,0.06543920519627634,0.029918873136397364,0.050663142598560335,0.5537246694024293|-0.3673250139814106|0.7407658431423783,0.6645631363608113|-0.680256505596882|0.6889877126781684,0.26730932087821896|-0.5192267824397121|0.6777523414435457
120,carry_mid,carry_mid,3,0.09739574020750492,1,1,1,pelvis,0.06576010514982045,0.002491042949259281,0.05138141289353371,0.011859034886583686,,0.05138141289353371,0.6588515842416302,1.0,1.0,False,0.006680499700848219,0.0,0.0,0.0020640240914901187,,0.02161549797356472,0.0535846723992566,0.0811751063917774,0.0275904339925208,0.04249214723466769,0.036018969630686425,0.06487039595714397,0.028851426326457548,0.0493652080527925,0.5541731014661779|-0.37889894255885387|0.7394643716443704,0.657461948609871|-0.6949728660377885|0.6849384023666792,0.2623464061195004|-0.5277824531069433|0.6714762645473145
121,carry_mid,carry_mid,4,0.075,1,1,1,pelvis,0.06540678208693862,0.002521810121834278,0.05102666304446757,0.011829131050035357,,0.05102666304446757,0.6535938068266445,1.0,1.0,False,0.0067564878092141595,0.0,0.0,0.0015581381641251429,,0.02158597255573293,0.05216890439881354,0.07990565608574092,0.02773675168692738,0.042240816926188356,0.03670326799095206,0.06443333242131039,0.027730064430358324,0.04865628583779964,0.5521321606188053|-0.38917326404615654|0.7379127902361209,0.6499940530197168|-0.7084698076266055|0.6796974677306138,0.2565488991675717|-0.5369314297817167|0.6646940121922683
122,carry_mid,carry_mid,5,0.075,1,1,1,pelvis,0.06789659219793975,0.0025396980345249176,0.05343500408343971,0.011893602088093758,,0.05343500408343971,0.6705974291536024,1.0,1.0,False,0.004854639050935583,0.0,0.0,0.0017126826626762133,,0.02188920815543609,0.05039925341482985,0.07911509174230606,0.028715838327476213,0.04339003728897339,0.03737979340805761,0.0644361910796474,0.027056397671589794,0.04802730218454038,0.5496803060471179|-0.39868473974263124|0.738461456665499,0.6437480643670332|-0.7207114985484177|0.6727521835205148,0.25116433089638757|-0.5462505517462288|0.6569795036033422
123,carry_mid,carry_mid,6,0.075,1,1,1,pelvis,0.06731853284873068,0.0025288471952080727,0.05293945991434157,0.011820260202512145,,0.05293945991434157,0.6881979677100012,1.0,1.0,False,0.003928584315420827,0.0,0.0,0.001541629613395963,,0.02213425224447625,0.048590236256571745,0.0776615234283025,0.029071287171730756,0.04364299678489311,0.03783253773622625,0.0644505806962643,0.02661804296003805,0.04781232033810059,0.5472421162179002|-0.4099904166179373|0.737365248143478,0.6383613441851314|-0.7345670778443241|0.6664063282349953,0.24584503636415664|-0.5572368229121238|0.6482352317905459
124,carry_mid,carry_mid,7,0.075,1,1,1,pelvis,0.06863757781684399,0.0025320639833807945,0.05388922384008765,0.012187044834718108,,0.05388922384008765,0.7037087773059463,1.0,1.0,False,0.004860009724921996,0.0,0.0,0.0016898017607297514,,0.02231535122303102,0.046601115321645445,0.078097048824806,0.03149593350316056,0.045489744711934184,0.0381141854321234,0.05635253667625141,0.01823835124412801,0.039739965994348335,0.5432716574168546|-0.42155598928402815|0.7345865129367937,0.6347115435138581|-0.7450943647049227|0.6601267684915372,0.24455392249647226|-0.576105199415017|0.6432129424652371
125,carry_mid,carry_mid,8,0.075,1,1,1,pelvis,0.06951796798966825,0.002491988008841872,0.05478889984078705,0.012208762113004923,,0.05478889984078705,0.715334887477174,1.0,1.0,False,0.004685016505127287,0.0,0.0,0.002507718347359896,,0.022345655582202133,0.044502139896591894,0.08072670648962284,0.036224566593030944,0.04815414202850312,0.03819874678334629,0.055570399428473714,0.017371652645127425,0.038782455208522026,0.5375515793962412|-0.43237070717226406|0.7330055398978553,0.6329914769707313|-0.752428454286881|0.6547040596427236,0.24087270586013632|-0.58899358358125|0.634744038928295
126,carry_mid,carry_mid,9,0.075,1,1,1,pelvis,0.06928150402382016,0.002563606947660446,0.0546658041421324,0.0120213539339602,,0.0546658041421324,0.7305739378407882,1.0,1.0,False,0.005324060250496157,0.0,0.0,0.0023169584881587487,,0.02237905451352412,0.043265443969175484,0.08240462210324119,0.03913917813406571,0.05068227687807378,0.03873991025243634,0.05688247297876626,0.01814256272632992,0.03853540641709268,0.5287744099173137|-0.439400848897084|0.7293968164605268,0.6310231636572929|-0.7618184065389123|0.6481965099926726,0.237267252710361|-0.5995104979686563|0.6269298310871232
127,carry_mid,carry_mid,10,0.075,1,1,1,pelvis,0.0672405669465661,0.002545034047216177,0.05255912011489272,0.012106604874134064,,0.05255912011489272,0.6937753674537308,1.0,1.0,False,0.0023691206652552838,0.0,0.0,0.0009320132444045297,,0.0218568243974857,0.04252775919215564,0.0831045085681129,0.04057674937595726,0.05309539377962218,0.03946046908564276,0.05756094659129349,0.018100477505650726,0.03851738444337663,0.5250386790591571|-0.4501562832559245|0.7252280091086805,0.6298303717881084|-0.7769186339966478|0.6449983770175218,0.2349882412697585|-0.6100137002906096|0.6195142842383754
128,carry_mid,carry_mid,11,0.075,1,1,1,pelvis,0.06869789701886475,0.002481875941157341,0.053832883015275,0.012349674943834543,,0.053832883015275,0.6853451033211316,1.0,1.0,False,0.0035124809727501705,0.0,0.0,0.0013574256793855157,,0.021695231936770157,0.04177182841045491,0.08347168757775711,0.0416998591673022,0.054557199480843754,0.03929337046680483,0.05668966374305209,0.01739629327624726,0.036431644696270346,0.5198771822429947|-0.4554771978554982|0.7211152072275765,0.6273924732260031|-0.7888519221322915|0.6393074280355087,0.23261701211487495|-0.6225548536845387|0.6106964512779689
129,carry_mid,carry_mid,12,0.075,1,1,1,pelvis,0.06723019620403647,0.002556313993409276,0.05243285000324249,0.01221215701662004,,0.05243285000324249,0.6758743905255837,1.0,1.0,False,0.00414037692982884,0.0,0.0,0.0014993748109272298,,0.021552154003680206,0.041129601799476265,0.08398586451629782,0.04285626271682155,0.055637693073030826,0.0391301753395377,0.05594758842960909,0.01681741309007139,0.03439652857890137,0.5193336793579715|-0.46061525800350606|0.718069093272112,0.6246524902282702|-0.8005658471018551|0.632791082609503,0.22939740447077986|-0.6350747333361654|0.6001193341820668
130,carry_mid,carry_mid,13,0.075,1,1,1,pelvis,0.06644250196404755,0.0025441269390285015,0.05147667299024761,0.012391206808388233,,0.05147667299024761,0.6682747131847269,1.0,1.0,False,0.006352432963118451,0.0,0.0,0.001243835743168753,,0.02147190195387629,0.04000050704978831,0.08357704715126023,0.04357654010147192,0.05605753710348771,0.03899501941497049,0.05618519803922289,0.0171901786242524,0.03465369283856724,0.5182340038794889|-0.46538673299054056|0.7169717121485508,0.6208413588027368|-0.8113176010972695|0.626366606508345,0.22616603726138174|-0.645024153273922|0.5891407300080278
131,carry_mid,carry_mid,14,0.075,1,1,1,pelvis,0.06714293314144015,0.002487931167706847,0.05233629117719829,0.012289321981370449,,0.05233629117719829,0.6564910468113344,1.0,1.0,False,0.0060231739508494475,0.0,0.0,0.0014153997518235283,,0.021373144334191355,0.03896155319826337,0.0841286299299045,0.04516707673164113,0.05679574058450235,0.037822671556629286,0.056162942396334216,0.01834027083970493,0.03535684475434853,0.5185600749160386|-0.46941732642963757|0.7179635306920334,0.6176992982751259|-0.8219110421194922|0.6177790307758321,0.2230714706851867|-0.653371715101116|0.57798499722484
132,carry_mid,carry_mid,15,0.075,1,1,1,pelvis,0.06674718810245395,0.002513149054720998,0.05195972812362015,0.012245805002748966,,0.05195972812362015,0.6478602175921347,1.0,1.0,False,0.0060359837485738504,0.0,0.0,0.001353311947450179,,0.021291245122093457,0.037777260080334885,0.08377549200230965,0.04599823192197476,0.05739505435364679,0.0369565349353064,0.055226564981701545,0.018270030046395144,0.03539226442204666,0.5209895195923536|-0.47375942565620355|0.719030940460388,0.61352843931052|-0.8329350113791644|0.6078434263637248,0.21925858849421143|-0.6635552636139507|0.5656945728607352
133,carry_mid,carry_mid,16,0.075,1,1,1,pelvis,0.06696347706019878,0.0024920650757849216,0.052195094991475344,0.012247893027961254,,0.052195094991475344,0.6415934310325864,1.0,1.0,False,0.005503405403580616,0.0,0.0,0.001086049536639603,,0.02122538162894035,0.03688969202023942,0.0835003531534254,0.046610661133185974,0.057369831997616375,0.03739512761863865,0.05470658964080987,0.017311462022171223,0.034374181701859755,0.5223190037841378|-0.47840250009662977|0.7198848457932131,0.6088562020366529|-0.8459983933481278|0.597554172521752,0.21668490809313712|-0.6707081691550851|0.5523548491420877
134,carry_mid,carry_mid,17,0.075,1,1,1,pelvis,0.06692452798597515,0.002526859985664487,0.051874617114663124,0.012496766867116094,,0.051874617114663124,0.6456171442255509,1.0,1.0,False,0.00618853781848229,0.0,0.0,0.001086644126475547,,0.02127950486834577,0.03636324980399681,0.08157583273685773,0.04521258293286092,0.05660583010858392,0.03783063549552053,0.05551903657593598,0.01768840108041545,0.03508374614511489,0.5245972171720832|-0.4832382743633314|0.7187772601110033,0.6019386414677804|-0.8593936074214745|0.5838258034276785,0.213311579502512|-0.6750316772919496|0.5396269035443827
135,carry_mid,carry_mid,18,0.075,1,1,1,pelvis,0.09041539602912962,0.002530258847400546,0.07454702001996338,0.013308903900906444,,0.07454702001996338,0.6354956956753148,1.0,1.0,False,0.007005872599283036,0.0,0.0,0.0007523074361137729,,0.0212125264754225,0.03716821007807109,0.07978446664751451,0.04261625656944342,0.05427562406006235,0.03738867590478526,0.05465800854757956,0.017269332642794302,0.03416419716248058,0.5263001155461374|-0.48514221168416855|0.7157482852459405,0.5934586738617481|-0.8723190270956649|0.5660677330257015,0.2102550697950844|-0.6801623362316906|0.5229513128476745
136,carry_mid,carry_mid,19,0.075,1,1,1,pelvis,0.07015122985467315,0.0026308239903301,0.054607949918136,0.012882407987490296,,0.054607949918136,0.6206800749398761,1.0,1.0,False,0.00811214115818959,0.0,0.0,0.0019288416859370716,,0.021174306833494715,0.03780495403265198,0.07884585370652418,0.0410408996738722,0.05218799563268419,0.0368517681028159,0.054909620973851894,0.018057852871035993,0.034407526739119586,0.5302345456500498|-0.4886116933334541|0.7139800254780554,0.5855988314203564|-0.8839453606079382|0.5447805434200463,0.2066679052587796|-0.6838563218451474|0.5046744146948773
137,carry_mid,carry_mid,20,0.075,1,1,1,pelvis,0.06990641611628234,0.002528353128582239,0.05417722510173917,0.013172258855774999,,0.05417722510173917,0.6173027724255465,1.0,1.0,False,0.008192827323299734,0.0,0.0,0.0013208128728164812,,0.02114411300643189,0.03760201398436941,0.07859976253984371,0.040997748555474306,0.05090337564586271,0.035277974634717206,0.05515268090464823,0.01987470626993102,0.03550184983048709,0.5343715882416026|-0.4947564508241529|0.7122129768074622,0.5778533383326138|-0.8975953314731011|0.523673880309836,0.20289140027856056|-0.6877003023862654|0.48544631543710176
138,carry_mid,carry_mid,21,0.075,1,1,1,pelvis,0.06956748710945249,0.0025154240429401398,0.053627097979187965,0.013396515045315027,,0.053627097979187965,0.6129564131759383,1.0,1.0,False,0.009315843495888793,0.0,0.0,0.0013274376859690794,,0.021117201047501685,0.03719016018660909,0.07659986954914641,0.03940970936253732,0.05065700794894665,0.03349995747610454,0.055248971016056296,0.021749013539951755,0.037159307937979745,0.538382113041135|-0.49941953287542|0.7078464816349554,0.5701444157517079|-0.907951737435149|0.4989802715647373,0.20035631038401525|-0.6906855713768757|0.4641353644977721
139,carry_mid,arrive,21,0.075,1,1,1,pelvis,0.0698123809415847,0.0025594348553568125,0.05391524592414498,0.01330917002633214,,0.05391524592414498,0.6076904812539782,1.0,1.0,False,0.010024245310851526,0.0,0.0,0.001270431602520141,,0.021042889701075873,0.037038735688581556,0.07583631068456446,0.03879757499598291,0.05104407122526315,0.032157867581038,0.05516329380037667,0.023005426219338668,0.03837307502376257,0.5416157269740038|-0.5072270879474068|0.7044548501650963,0.5641767777154496|-0.9162314253105661|0.47189087885473074,0.1982092281306862|-0.6937610830620725|0.4411116766298395
140,carry_mid,arrive,20,0.075,1,1,1,pelvis,0.07011858304031193,0.0025109369307756424,0.05419900291599333,0.01337881782092154,,0.05419900291599333,0.6194640756634598,1.0,1.0,False,0.005082833269045378,0.0,0.0,0.0013060131931688433,,0.021108472680544138,0.03578640923127751,0.08097828006807485,0.04519187083679734,0.05760924127084737,0.0300754923830141,0.05689735276492317,0.026821860381909073,0.039904100838817104,0.5443462629812645|-0.5132229679446764|0.6986755056044197,0.5649363317583161|-0.9211591456036589|0.4428451270187275,0.19224579779859916|-0.7009729047740452|0.41891066493566165
141,carry_mid,arrive,19,0.075,1,1,1,pelvis,0.07084961701184511,0.00249238102696836,0.05489132506772876,0.013436626177281141,,0.05489132506772876,0.6356825991918711,1.0,1.0,False,0.006306270587220081,0.0,0.0,0.0013554129422697645,,0.021224054006310538,0.03574854234825055,0.08044312791754564,0.04469458556929509,0.05792851219839203,0.029128209657845315,0.056202106285932106,0.02707389662808679,0.040150928376523405,0.5482918256533705|-0.517598009365436|0.6903717098361584,0.56012406508591|-0.931444128303439|0.41399334498305823,0.19140396471551352|-0.7054230077607692|0.39258034444535106
142,carry_mid,arrive,18,0.075,1,1,1,pelvis,0.07171822618693113,0.0025028411764651537,0.055802617920562625,0.013383537996560335,,0.055802617920562625,0.6556873531808605,1.0,1.0,False,0.0071074737463066445,0.0,0.0,0.001299922770547358,,0.02134040405414839,0.03462375263846536,0.07854667205434092,0.04392291941587556,0.060337559511607165,0.028020788934438465,0.05692038543411313,0.028899596499674666,0.041817322914023514,0.5513878462127569|-0.5249062392484092|0.6836008459321816,0.555619450745901|-0.9440227475046447|0.3881129233004391,0.19165545945548668|-0.7083109030881518|0.36620263116200036
143,carry_mid,arrive,17,0.075,1,1,1,pelvis,0.07164184283465147,0.002534214174374938,0.05574880191124976,0.013328602071851492,,0.05574880191124976,0.6695977304346376,1.0,1.0,False,0.004985857541979777,0.0,0.0,0.0013011738201206837,,0.021396088536191158,0.03369328420338895,0.07699109676517024,0.04329781256178129,0.06349424614044931,0.026296471248980664,0.05955514750707372,0.033258676258093055,0.04525423596845758,0.5529717422598838|-0.5312011958900754|0.6748437505906317,0.5522924068803546|-0.9494361648940259|0.35946289961803185,0.19026554530329948|-0.7101809107661797|0.3389310796382917
144,carry_mid,arrive,16,0.075,1,1,1,pelvis,0.07123719505034387,0.002477658912539482,0.05539755499921739,0.013331168098375201,,0.05539755499921739,0.7342369766365834,1.0,1.0,False,0.005953348256379429,0.0,0.0,0.0014643061088216137,,0.02175032656950427,0.033285469857844606,0.08671266786981224,0.05342719801196764,0.07880334553674208,0.025350095900338942,0.05851341166287298,0.033163315762534035,0.04493257548049287,0.5583867887249514|-0.5365223178670713|0.6636619975748735,0.5619900033929763|-0.958028868944387|0.3389344039380842,0.191682796873625|-0.7146369341422264|0.31126928539098697
145,carry_mid,arrive,15,0.075,1,1,1,pelvis,0.06961741484701633,0.002476609079167247,0.053981364937499166,0.013129044091328979,,0.053981364937499166,0.7544751989046105,1.0,1.0,False,0.008678727067292002,0.0,0.0,0.0014955048501357412,,0.02191278302416886,0.032705732092806486,0.08499095361672558,0.052285221523919095,0.07691166112616603,0.024063446130862132,0.06031705339113172,0.03625360726026959,0.0467936836165128,0.5620495888504459|-0.542549640738479|0.6506957972922814,0.5580573488342115|-0.9666867898460608|0.31166221731263916,0.19010231929622734|-0.717408209670053|0.2847622478158971
146,carry_mid,arrive,14,0.075,1,1,1,pelvis,0.0707120900042355,0.002521461807191372,0.055061679100617766,0.013099831994622946,,0.055061679100617766,0.7756284603191036,1.0,1.0,False,0.0068546878212826234,0.0,0.0,0.0014487737475370858,,0.022169682634877393,0.03168998651567943,0.08501587093612374,0.05332588442044431,0.07668058639063854,0.02323291434889417,0.059538725710310623,0.03630581136141645,0.045388928435763434,0.5586167950084311|-0.5434247414078992|0.6364916335110827,0.5554928277971648|-0.9749298872224949|0.28493499557960456,0.1904923948582833|-0.7206261159522405|0.25705714488751763
147,carry_mid,arrive,13,0.075,1,1,1,pelvis,0.07032200391404331,0.0024523399770259857,0.05463340599089861,0.013207640033215284,,0.05463340599089861,0.8084637968816888,1.0,1.0,False,0.004708404287420961,0.0,0.0,0.001405107517688852,,0.02241832347597499,0.030619936521373375,0.08211111429139532,0.05149117777002195,0.074124632811037,0.02300405103576325,0.061321913311253265,0.038317862275490014,0.04633844911058971,0.5575336476391615|-0.5480370352183165|0.6241670336865865,0.5488371264371683|-0.9846935439084086|0.25866684078089996,0.189996131050691|-0.7209615117115703|0.23379766795195683
148,carry_mid,arrive,12,0.075,1,1,1,pelvis,0.07152895699255168,0.0025151448789983988,0.055508223129436374,0.013477044180035591,,0.055508223129436374,0.7957145048411896,1.0,1.0,False,0.01060476984285491,0.0,0.0,0.0014504652276103292,,0.022349706410374124,0.030423132318076654,0.06665636593863128,0.036233233620554625,0.06084377018012684,0.022649022153710126,0.060927019842269205,0.03827799768855908,0.04671781567043369,0.556853863142427|-0.5518353301070615|0.6125017285523902,0.5287495909300185|-0.9927631164033915|0.23801367378255195,0.1899513174077006|-0.7216152924906148|0.21356036810159584
149,carry_mid,arrive,11,0.075,1,1,1,pelvis,0.0742681969422847,0.002475137123838067,0.058021529112011194,0.013742577051743865,,0.058021529112011194,0.8055357225559372,1.0,1.0,False,0.011006397217339425,0.0,0.0,0.001438483016412409,,0.022441054465632666,0.029357986456967522,0.06562812148524429,0.036270135028276765,0.06313594790841422,0.022605804200706885,0.0589807207229772,0.03637491652227032,0.04838708052850281,0.5580177052439227|-0.5571049326853473|0.6016949026215793,0.5260503155997125|-0.9937331094494029|0.22094788324828563,0.1891698550922522|-0.72361601765836|0.1944891496643393
150,carry_mid,arrive,10,0.075,1,1,1,pelvis,0.07773999706842005,0.002483497839421034,0.06144407298415899,0.013782648835331202,,0.06144407298415899,0.8175133628675358,1.0,1.0,False,0.011013575873833503,0.0,0.0,0.0014973128948116445,,0.022734897656578736,0.028421487278345592,0.06460930063792218,0.03618781335957659,0.060384381920499816,0.022795398613914934,0.05693752876099269,0.03414213014707775,0.048076988418405756,0.5619794090580794|-0.5623549215366088|0.590281677519598,0.5206512508066512|-0.9982370453990287|0.20401818335882324,0.19064968078327113|-0.7223678000927325|0.179401074951839
151,carry_mid,arrive,9,0.075,1,1,1,pelvis,0.08035904681310058,0.00251836609095335,0.06385699287056923,0.013951746048405766,,0.06385699287056923,0.8177176942632306,1.0,1.0,False,0.008105509115382978,0.0,0.0,0.0014462456132763263,,0.022724963965177196,0.027491255393820906,0.06734333781569637,0.03985208242187547,0.059583398169107536,0.024166264173624576,0.05612070700803683,0.03195444283441225,0.04567508837802192,0.5621773686526994|-0.5660830265385087|0.5798598159116293,0.5195577379585559|-0.999750806570633|0.18634969663899412,0.19044526577925908|-0.7210109675923037|0.16621804361035813
152,carry_mid,arrive,8,0.075,1,1,1,pelvis,0.08238583500497043,0.0026280649472028017,0.06573444115929306,0.01399325206875801,,0.06573444115929306,0.8237690347941216,1.0,1.0,False,0.005751228709065914,0.0,0.0,0.0015550595380028442,,0.022826683476825836,0.02702965980338548,0.06801575160139434,0.040986091798008856,0.057097682697174586,0.023788094968484014,0.055832474419346856,0.032044379450862845,0.04598737951942325,0.5630741221113776|-0.5667314601125395|0.5691552435611572,0.5152393428425651|-1.003976132093335|0.172064660383349,0.18932234671701426|-0.7193228756927599|0.15519674035394823
153,carry_mid,arrive,7,0.075,1,1,1,pelvis,0.10706579103134573,0.0026255608536303043,0.08995220810174942,0.014456014847382903,,0.08995220810174942,0.8273226661022581,1.0,1.0,False,0.005187299078179816,0.0,0.0,0.0014674788771702504,,0.022925809139731867,0.02688294377487423,0.06683392490927492,0.039950981134400695,0.0529525187784657,0.023580982661257258,0.05604654163477162,0.032465558973514365,0.04653566144166692,0.562673784511559|-0.568699423518646|0.5609942702016343,0.5100143396592571|-1.0054209294494283|0.15831399035284643,0.1880340916313954|-0.7170550455936232|0.14653331476461295
154,carry_mid,arrive,6,0.075,1,1,1,pelvis,0.08415887807495892,0.0026236369740217924,0.0673929350450635,0.014111803844571114,,0.0673929350450635,0.821271787909215,1.0,1.0,False,0.004697926116626033,0.0,0.0,0.0014294954703821844,,0.022901156936232285,0.027578374618385686,0.06725417147339277,0.039675796855007085,0.05172600351530987,0.023521168087791845,0.056164719264811674,0.03264355117701983,0.047141615679342726,0.5630370274104902|-0.5711143943349901|0.5546618743157345,0.5081875350150292|-1.0054194457537926|0.14781744533827645,0.18658742997424183|-0.7149657140991303|0.1398656922024513
155,carry_mid,arrive,5,0.075,1,1,1,pelvis,0.08451428799889982,0.002650605048984289,0.06752198189496994,0.014307656092569232,,0.06752198189496994,0.8149675667369596,1.0,1.0,False,0.0031655325400840456,0.0,0.0,0.0014241981611694703,,0.022738818770764706,0.028482638957139813,0.06483266298990953,0.03635002403276971,0.0499893005121106,0.02312318671560958,0.05820332322379632,0.03508013650818674,0.04937797135994128,0.5633517292318115|-0.5676660245142681|0.5511779160826147,0.5051680981696863|-1.004917223071908|0.14322896657584502,0.1839060411024679|-0.7117033981089091|0.13766527236377857
156,carry_mid,arrive,4,0.075,1,1,1,pelvis,0.08419154491275549,0.0026262470055371523,0.0672083948738873,0.01432626903988421,,0.0672083948738873,0.8077438314273893,1.0,1.0,False,0.003347559539534764,0.0,0.0,0.001400242090192535,,0.0226001822368613,0.029430555194348028,0.06131555895129468,0.03188500375694665,0.04758347931134063,0.022366269712316186,0.059995527009228854,0.03762925729691267,0.05259093712105343,0.5626785525292114|-0.56939262619261|0.5495828201031591,0.5004556502075047|-1.0047918272535847|0.13891475418966387,0.1818015522897655|-0.7095314291952536|0.13764020462872323
157,carry_mid,arrive,3,0.16232623367917487,1,1,1,pelvis,0.08291506604291499,0.0026384019292891026,0.06601868919096887,0.014222912024706602,,0.06601868919096887,0.8058270759265782,1.0,1.0,False,0.0014478474280257246,0.0,0.0,0.001380941399164214,,0.022548017603851483,0.029674758276009964,0.06085458772701523,0.031179829451005264,0.047046451341414254,0.022004248975370743,0.06081832542897251,0.03881407645360177,0.05444684138545075,0.5616950221887747|-0.572007267738182|0.5485971281432515,0.4978356893095214|-1.0072358745547445|0.13802708025449997,0.18147579882968595|-0.7080915633732934|0.1375791710905524
158,carry_mid,arrive,2,0.3032653298563167,1,1,1,pelvis,0.08319308003410697,0.0026918239891529083,0.0664563849568367,0.014011179096996784,,0.0664563849568367,0.8222022626080752,1.0,1.0,False,0.0014271685584670638,0.0,0.0,0.0013866602658389642,,0.022673671043654312,0.028822959556492993,0.06468825910017503,0.03586529954368204,0.05503722962705712,0.023525633929019848,0.061168576481412,0.03764294255239216,0.05467624182674352,0.5622194480432312|-0.5735612426202545|0.5467506295874148,0.5053382327584008|-1.0040735081118832|0.1404435199410996,0.18222703300740797|-0.707626199859934|0.13754640151403866
159,carry_mid,arrive,1,0.4412484512922977,4,4,4,pelvis|right_hand|left_hand,0.28231617296114564,0.0026482578832656145,0.265746315009892,0.013888931833207607,,0.265746315009892,0.8188891697074054,1.0,1.0,True,0.0014506970613758045,0.0,0.0,0.0013823685979418973,,0.022625909774223997,0.028222029035005217,0.06383229261766633,0.03561026358266112,0.05458341759994787,0.02496753139055983,0.06228115511643136,0.037313623725871534,0.05436768409927142,0.5615713925971574|-0.5753352247769089|0.5447361976914177,0.5020222282035941|-1.0072598027198532|0.13992972359490335,0.1818331659716031|-0.7074583566698595|0.1375021666877213
160,carry_mid|arrive,arrive,0,0.6065306597126334,4,4,4,pelvis|right_hand|left_hand,0.30421443190425634,0.002596996957436204,0.28782735019922256,0.013757600914686918,,0.28782735019922256,0.8200369214021791,1.0,1.0,True,0.0014507013439082651,0.0,0.0,0.0014107696416464368,,0.02266006086337148,0.027716878355266827,0.0645550054776293,0.036838127122362466,0.054451723824547875,0.026678162967446153,0.06273258986820814,0.03605442690076198,0.05609302984449142,0.5610961075947992|-0.577422702017818|0.5429021775670938,0.49998478118600737|-1.010340013316218|0.13805221648399668,0.18163444328495867|-0.707880679953454|0.13743315453988103
161,arrive,arrive,1,0.8824969025845955,4,4,4,pelvis|right_hand|left_hand,0.2822082149796188,0.0026454150211066008,0.2653756400104612,0.01415196992456913,,0.2653756400104612,0.8180148514242845,1.0,1.0,True,0.0014507292211923609,0.0,0.0,0.0014059455638997013,,0.02266215234743781,0.027859850731173672,0.06444554796976092,0.03658569723858725,0.054195258251750505,0.028178550168756502,0.06307334634892209,0.03489479618016558,0.056504686680793975,0.5592715062735352|-0.5802339127137653|0.5424826392885137,0.4971692833268181|-1.0134220924388317|0.13804867408385474,0.18231717012754184|-0.7069597045695678|0.13727472502580818
162,arrive|place,place,0,1.0,10,10,10,pelvis|right_hand|left_hand,0.7071656270418316,0.0025604479014873505,0.6905945339240134,0.013975355075672269,,0.6905945339240134,0.8111024745713407,1.0,1.0,True,0.0014507329024387415,0.0,0.0,0.0013989766730436194,,0.02260639544741701,0.029374126293451857,0.0638602987967936,0.03448617250334174,0.05279651443777249,0.029207366910765007,0.06323439781440285,0.034027030903637845,0.05588507579285465,0.5573347451106417|-0.5819032291548015|0.5425868132488914,0.4951528820530358|-1.0151003558349787|0.1380426317394655,0.18203769053956734|-0.7071249296440503|0.13712418085751088
163,place,place,1,0.8824969025845955,4,4,4,right_hand|left_hand|pelvis,0.28379251691512764,0.0026381718926131725,0.26707264711149037,0.014043373987078667,,0.26707264711149037,0.8062377959340989,1.0,1.0,True,0.0014507217912034728,0.0,0.0,0.0013552433409507875,,0.022592271691281002,0.03150428727660695,0.06383761123952983,0.03233332396292288,0.05189564435041896,0.03064899263967678,0.06366417411537975,0.03301518147570297,0.05348865997399726,0.5566679264558295|-0.5837673730704622|0.542370129560027,0.49509337976059214|-1.0157198968511376|0.13802626539981994,0.17966696910233432|-0.7097916953137144|0.1371853711101689
164,place,place,2,0.6065306597126334,4,4,4,right_hand|left_hand,0.30483352299779654,0.0025490529369562864,0.28836286114528775,0.013885514112189412,,0.28836286114528775,0.7900850489673037,1.0,1.0,True,0.0014507391915670013,0.0,0.0,0.0011207597478891528,,0.022423205647450623,0.0342397784909616,0.06287317761094012,0.028633399119978517,0.04967045895835891,0.03187776298455548,0.06409813839964883,0.032220375415093344,0.05001970705567334,0.5553709022486499|-0.5850428068119854|0.5429620970899594,0.49322118973557616|-1.0170763158262006|0.1390438287917262,0.17880031168238786|-0.7107296505673909|0.13720639914542043
165,place,release,2,0.6065306597126334,4,4,4,right_hand|left_hand,0.2826651129871607,0.0025346288457512856,0.2662338309455663,0.013863694854080677,,0.2662338309455663,0.778486558072779,1.0,1.0,True,0.0014506306536063822,0.0,0.0,0.00101770632649303,,0.022304696808274366,0.03852701768521481,0.062939728447159,0.024412710761944192,0.04613181018992305,0.03195709422104406,0.06379958275338965,0.031842488532345586,0.04532467456365677,0.5546899634425594|-0.5855647760756021|0.544134795459339,0.4950440747494817|-1.014827368505803|0.13807093582141855,0.17963615008535705|-0.7102324130804414|0.1371694695950586
166,place,release,1,0.8824969025845955,4,4,4,right_hand|left_hand,0.3048104839399457,0.002616467885673046,0.287966483971104,0.014193561160936952,,0.287966483971104,0.7741808818867594,1.0,1.0,True,0.001450107697377162,0.0,0.0,0.0010818215138489486,,0.022324035736369756,0.044143587607936095,0.06226486890342727,0.018121281295491176,0.041930837119582995,0.032630351534713914,0.06561066403360996,0.03298031249889605,0.04236494620842683,0.5521192685748536|-0.5857381133027998|0.5458259857852008,0.494358243024993|-1.0145670508228313|0.13947964981794012,0.17748867622125378|-0.7108346489786429|0.1392994518238801
167,place|release,release,0,1.0,10,10,10,right_hand|left_hand,0.6843378350604326,0.002668358152732253,0.6676777370739728,0.01395833888091147,,0.6676777370739728,0.7691551771340065,1.0,1.0,True,0.0014566590482204024,0.0,0.0,0.0010908528125893966,,0.022322796673966024,0.05102108597820686,0.061730047284214676,0.01070896130600782,0.03578210065805533,0.03403831060581309,0.06840607715310573,0.03436776654729264,0.04072741254804398,0.550748393491332|-0.5855836128248111|0.5494824930829276,0.4943836100016756|-1.0135598017336336|0.14311582595115355,0.1772030014288142|-0.709575520527707|0.14582429007908787
168,release,release,1,0.8824969025845955,4,4,4,right_hand|left_hand,0.30984397302381694,0.002581997076049447,0.29313847282901406,0.01408886513672769,,0.29313847282901406,0.755780390256447,1.0,1.0,True,0.0014655858555232826,0.0,0.0,0.0014142288394839234,,0.02219336280921621,0.057945770332680925,0.06421496510676059,0.00626919477407966,0.03255994213519674,0.03768593914257465,0.07345459856527717,0.03576865942270252,0.03711496213073731,0.5480416503980254|-0.583807744872631|0.5565075328889062,0.49741007864708514|-1.0132947876680856|0.1471551785285622,0.1764850680030927|-0.7094091807944488|0.15688592437792268
169,release,release,2,0.6065306597126334,4,4,4,right_hand|left_hand,0.27929681492969394,0.0026391970459371805,0.2626060068141669,0.014018034096807241,,0.2626060068141669,0.7437929684779558,1.0,1.0,True,0.0014674183270530841,0.0,0.0,0.0014142316712496266,,0.022080133605478003,0.06520212713187788,0.07029592931473788,0.005093802182859999,0.028419110143820595,0.04522794336980984,0.07022406432641723,0.024996120956607387,0.0302755245352838,0.5450506504894977|-0.5845978645497114|0.5650709495804203,0.5038113092468417|-1.0137507907152916|0.15215593441511446,0.18088266612908796|-0.7091186696129771|0.16851497111926303
170,,release,3,0.32465246735834974,4,4,4,right_hand|left_hand,0.3000884619541466,0.0026467889547348022,0.28334545297548175,0.014063808135688305,,0.28334545297548175,0.727805496607514,1.0,1.0,True,0.0014674120762414936,0.0,0.0,0.0014131922597930464,,0.02190926071290718,0.07218582435300443,0.08055149960763572,0.008365675254631291,0.0258768620931164,0.049393140583701305,0.07406320128364356,0.024670060699942258,0.030026325383874095,0.5430994316473123|-0.5845240261543178|0.573393452209101,0.5124440703456493|-1.0160682673626136|0.16158249599643829,0.18243221520441022|-0.6978044298546024|0.1806738941580598
171,,release,4,0.1353352832366127,1,1,1,,0.08026493806391954,0.0026146750897169113,0.06438490306027234,0.013236518949270248,,0.06438490306027234,0.7195390891313054,1.0,1.0,False,0.0013032635720742064,0.0,0.0,0.001391540645009342,,0.02177501245619474,0.0817515852275083,0.09566045241587406,0.013908867188365759,0.026461843662484094,0.05656154740956927,0.07928776714776353,0.02272621973819426,0.028087478016973935,0.5409323426725701|-0.585173540147029|0.585073274009914,0.5259550721903803|-1.0163745258230708|0.1780773227724923,0.18451864834991377|-0.691428363758843|0.19713960899581887
172,,release,5,0.04393693362340742,1,1,1,,0.07809824496507645,0.002677862998098135,0.0626866479869932,0.012704827124252915,,0.0626866479869932,0.7104402792705493,1.0,1.0,False,0.0011853693775667196,0.0,0.0,0.0013976361668757069,,0.021699551596282847,0.08741630480404104,0.09680431473350393,0.009388009929462884,0.025861702076567773,0.06847629255171706,0.09298752960007314,0.024511237048356088,0.028331033547091516,0.5417616868365811|-0.584499040203532|0.5963244768314736,0.5396915967748313|-1.0139702126011205|0.19507282440284499,0.18416283971246103|-0.6801310292668429|0.21511643057159907
173,,release,6,0.011108996538242306,1,1,1,,0.07512994715943933,0.002545735100284219,0.059974840842187405,0.012579881120473146,,0.059974840842187405,0.701764281156662,1.0,1.0,False,0.0011962007270085243,0.0,0.0,0.0014283040005368894,,0.021630561663119958,0.08849723896939748,0.10166310279866106,0.013165863829263574,0.02520765547783876,0.07654651471494775,0.09903867132003748,0.022492156605089728,0.028315344987818986,0.5424051912638204|-0.5852130559197019|0.6078175168105735,0.5543544792628483|-1.0091916955296631|0.21222505704436315,0.18579481577773113|-0.6687181680094266|0.23251726742664766
174,,release,7,0.002187491118182885,1,1,1,,0.0724736878182739,0.002560824155807495,0.05790740204975009,0.011977961985394359,,0.05790740204975009,0.6852724415055207,1.0,1.0,False,0.0012366502721553665,0.0,0.0,0.0014496033527458855,,0.02146311063973754,0.09535643335873249,0.10469400421391238,0.009337570855179889,0.02484643240672503,0.08196116553129464,0.10035527694379748,0.018394111412502842,0.028569645245762203,0.5436185720034521|-0.5827418509930765|0.6189265852387618,0.5700724644265942|-1.0030408902691175|0.23239298925858132,0.18793996887132539|-0.6566738501453491|0.2518285259756011
175,,release,8,0.00033546262790251185,1,1,1,,0.06878409790806472,0.002569125033915043,0.05446257395669818,0.011726144002750516,,0.05446257395669818,0.6915779807537908,1.0,1.0,False,0.0012795111594718252,0.0,0.0,0.0015509822497856778,,0.02151503952230482,0.10933019893862801,0.11437922300046185,0.005049024061833843,0.025251817485917698,0.09345158665985749,0.10555342776225592,0.012101841102398425,0.02703072575933701,0.5461349495233881|-0.5816364413704446|0.630376868415505,0.5872788008164213|-0.9951822437571388|0.2557616351333879,0.19135502823661643|-0.6451591567972607|0.27162051413485616
176,,release,9,4.006529739295107e-05,1,1,1,,0.0676961939316243,0.002527731005102396,0.053381772013381124,0.011757547035813332,,0.053381772013381124,0.6887867384795263,1.0,1.0,False,0.0012803498714639427,0.0,0.0,0.0018137202044836557,,0.021500555676253762,0.11992225228588647,0.13161607689178675,0.01169382460590028,0.026489523306601506,0.10911909928107438,0.11589264474192813,0.00677354546085375,0.025780652674704915,0.5459863473134821|-0.5857766933459584|0.6440566054625616,0.6079354329690235|-0.9814891820278488|0.28263050819570795,0.19496302348601582|-0.6338925007848908|0.2952112681593153
177,,release,10,3.726653172078671e-06,1,1,1,,0.06609437707811594,0.0025168710853904486,0.05195033107884228,0.01160019007511437,,0.05195033107884228,0.6851435412362644,1.0,1.0,False,0.0010267093976100428,0.0,0.0,0.0014993735530213945,,0.021392725433729155,0.12856650670278466,0.1310503204768989,0.0024838137741142463,0.02552274635428364,0.11736156216501047,0.12774133525795042,0.010379773092939956,0.02564558484378273,0.5470973980684473|-0.5907428188889979|0.6590531606210186,0.625537161193376|-0.9691126580025511|0.31018700169206426,0.20316803378062215|-0.6185844937287558|0.3253046576714392
178,,release,11,2.699578503363014e-07,1,1,1,,0.06485097296535969,0.0025388419162482023,0.050806949846446514,0.011477013118565083,,0.050806949846446514,0.666246525358524,1.0,1.0,False,0.0009221137686832095,0.0,0.0,0.0016913716151067057,,0.02120991454768727,0.1450407403415181,0.13648337557521978,0.008557364766298314,0.025984016968530418,0.12793315693065788,0.14110168240290402,0.013168525472246145,0.026671534740410174,0.5420671660717874|-0.5964965035539704|0.6723463778718153,0.6427817675114965|-0.9574788467121607|0.3409253471185779,0.20883775920546402|-0.6058910345819943|0.3509741770373217
179,,release,12,1.522997974471263e-08,1,1,1,,0.06228710408322513,0.0025827111676335335,0.04825088405050337,0.011424737051129341,,0.04825088405050337,0.6520406499593047,1.0,1.0,False,0.0011430036624423268,0.0,0.0,0.001514136991364824,,0.021081971442695416,0.16799531309944574,0.15017691154190935,0.01781840155753639,0.026547007019783322,0.1430239994661397,0.15243892115981683,0.009414921693677136,0.026207380674297953,0.537786999993897|-0.5960526199809144|0.6832298287586689,0.6587043209048716|-0.9432012131695675|0.37621893128010203,0.21613586305884874|-0.5939589861567759|0.3766775613594265
180,,release,13,6.691586091292782e-10,1,1,1,,0.05850181612186134,0.002557998988777399,0.04462071298621595,0.011296111857518554,,0.04462071298621595,0.656313531916928,1.0,1.0,False,0.0011578407435978988,0.0,0.0,0.0014262285511882024,,0.021147717140173113,0.19553606696033513,0.1713721196912365,0.024163947269098623,0.026788562172103434,0.1612148843364886,0.1606368628375427,0.0005780214989458965,0.024370907520595966,0.5342058710199884|-0.600137654495978|0.6945875119389928,0.6729978748709553|-0.929754942371567|0.4106746027166307,0.22577430006167995|-0.5845005285206811|0.40565168647612826
181,,release,14,2.289734845645553e-11,1,1,1,,0.05750549188815057,0.0025471390690654516,0.04355859896168113,0.011370871914550662,,0.04355859896168113,0.6608726653297706,1.0,1.0,False,0.001237939976448204,0.0,0.0,0.0013999076759005872,,0.021190943301477135,0.2254965775237558,0.1964318373812563,0.02906474014249949,0.026181783479521548,0.18111092103285248,0.17596783310306768,0.005143087929784795,0.02559432784795967,0.5330450200695361|-0.6033185955774507|0.7051714881438863,0.6858534201478405|-0.91474535555833|0.44429102142438154,0.2303500673624428|-0.5762085979480714|0.4347149358503506
182,,release,15,6.101936677605324e-13,1,1,1,,0.05681562703102827,0.0025994740426540375,0.04288157308474183,0.011307814856991172,,0.04288157308474183,0.6779202463410166,1.0,1.0,False,0.001088402914415726,0.0,0.0,0.001382493765032653,,0.021459819152829983,0.2560121685361162,0.22205759558663293,0.03395457294948326,0.026659977829172943,0.2015446298344794,0.1891778964290885,0.012366733405390906,0.024910012309339258,0.5314585155449941|-0.6092891111531251|0.7162849831855694,0.6954622651137845|-0.9024807427377846|0.4760980024778728,0.24024473039224964|-0.5740152402481614|0.4650602842341979
183,,release,16,1.2664165549094176e-14,1,1,1,,0.05705728800967336,0.0025546939577907324,0.04308453714475036,0.011391263920813799,,0.04308453714475036,0.6877248189310248,1.0,1.0,False,0.0011582074326583168,0.0,0.0,0.0015133435551718886,,0.021572388234887545,0.2856512034311202,0.24950670716540416,0.03614449626571606,0.027095854899041982,0.22180153031505706,0.2051572637341025,0.016644266580954553,0.024359509481569126,0.5284188460619467|-0.6114224570219647|0.7258968273215072,0.704643025787348|-0.8891577859714302|0.5075596920635945,0.2451264346051475|-0.572015225789673|0.49113919772786996
184,,release,17,2.0469717131642043e-16,1,1,1,,0.057136303978040814,0.0025424989871680737,0.0432232900056988,0.011343095917254686,,0.0432232900056988,0.7086137275397636,1.0,1.0,False,0.0010300324333437048,0.0,0.0,0.0014805362988838053,,0.02187536465069586,0.3130544755253803,0.2776085231229597,0.0354459524024206,0.025575783375330747,0.24108689094692043,0.22477458651540372,0.01631230443151671,0.02487020512771703,0.5225540135450856|-0.616305848955527|0.7356434460274363,0.7113897097903007|-0.8754283897645384|0.5396775187575964,0.25133096275619216|-0.568364943188939|0.5185141823585951
185,,release,18,2.576757109154981e-18,1,1,1,,0.05536583508364856,0.002553687896579504,0.04149049799889326,0.011292374925687909,,0.04149049799889326,0.7206340392690069,1.0,1.0,False,0.0009474154159229628,0.0,0.0,0.0018195392649903266,,0.022051752941474257,0.33778397384238973,0.29703661703956274,0.040747356802826984,0.025454216983316406,0.2589417099700439,0.2457857157375925,0.013155994232451396,0.02699496924206768,0.5189221237795933|-0.6223734063669033|0.7447407427513705,0.7134090200975896|-0.8626806525832189|0.5625031090851876,0.2546708557597546|-0.5676788595531448|0.5467836335324648
186,,release,19,2.5261637809256925e-20,1,1,1,,0.05425938707776368,0.00257897493429482,0.04050525208003819,0.01114812889136374,,0.04050525208003819,0.6708762291790697,1.0,1.0,False,0.0011023192024814596,0.0,0.0,0.002423678917046857,,0.02154989960819402,0.359344136490238,0.31855682839123,0.04078730809900799,0.02078165371490374,0.27530081417143243,0.2607232232483853,0.014577590923047112,0.025937337561435025,0.5242608150733257|-0.6347337307210815|0.7535503429283187,0.7150194349173256|-0.8566076843766816|0.5877524800046176,0.2615012261250377|-0.5690672807468289|0.5682300451772619
187,,release,20,1.9287498479639178e-22,1,1,1,,0.05344380298629403,0.0025649932213127613,0.03984789806418121,0.011002420913428068,,0.03984789806418121,0.6724627226742855,1.0,1.0,False,0.0008852698376923332,0.0,0.0,0.0015787341487573426,,0.0215215820095429,0.3770095537397474,0.3330271066114092,0.04398244712833821,0.014181165094945658,0.2895092066965269,0.2760817237630764,0.01342748293345053,0.025775144821700804,0.522417934612293|-0.6488248002999691|0.7623079215995545,0.7070384780569339|-0.8451168210131682|0.609455068956027,0.2631969605480989|-0.5777452921804539|0.5919504578581452
188,,release,21,1.146876582225596e-24,1,1,1,,0.050797087140381336,0.0025597987696528435,0.03721138299442828,0.010998996905982494,,0.03721138299442828,0.6499346334237489,1.0,1.0,False,0.0007934846796076693,0.0,0.0,0.001421512938304309,,0.021177295455733075,0.39003915902423797,0.3587825311192356,0.03125662790500239,0.009768222253886282,0.30052213316320486,0.28507192606321663,0.015450207099988233,0.021964884320290808,0.5196727419741236|-0.66281621371341|0.7675485655629883,0.7091224484674155|-0.8237950469378764|0.6351172607542183,0.2677444858749797|-0.5865776911907773|0.6075749024485514
189,,release,22,5.311092249679095e-27,1,1,1,,0.05119313090108335,0.0025402840692549944,0.03756913612596691,0.011056896997615695,,0.03756913612596691,0.6418313716155252,1.0,1.0,False,0.0005883591956829318,0.0,0.0,0.0016361772608264567,,0.021137103072433078,0.3983120323993477,0.36827957420739427,0.030032458191953437,0.009733622198897826,0.3083592293239548,0.29376288521362376,0.014596344110331061,0.018555850798895327,0.5214356798386519|-0.6835991297338709|0.770110552343628,0.7088813015752256|-0.8236046201512484|0.6463871498971634,0.27512701831832215|-0.6034786948508101|0.6255872522496578
190,,release,23,1.915478951967148e-29,1,1,1,,0.0539252411108464,0.002547676907852292,0.0406730689574033,0.01067716907709837,,0.0406730689574033,0.6102341721135354,1.0,1.0,False,0.0006819550065078617,0.0,0.0,0.0014966265990881782,,0.020759000386047655,0.40278409391672254,0.3769473687486955,0.02583672516802704,0.010119991861117337,0.31361655247816944,0.30274335974008265,0.01087319273808679,0.0187260498303435,0.5247025200915125|-0.7017858664927369|0.7707419610677069,0.7086508108338075|-0.8217012992982841|0.6562252066709662,0.27815990404863267|-0.6133198141304208|0.639058680063651
191,,release,24,5.380186160021138e-32,1,1,1,,0.053010097006335855,0.002559813903644681,0.03972640703432262,0.010697216959670186,,0.03972640703432262,0.5891424050845244,1.0,1.0,False,0.0007537450347848279,0.0,0.0,0.001383886098011426,,0.020532298341859986,0.4038420920325744,0.3853350027386106,0.018507089293963774,0.014314469494819657,0.3166459060158779,0.30693544105181503,0.00971046496406286,0.01773698086249934,0.5272966402838661|-0.7173885284039166|0.7714815541795947,0.708762499760288|-0.8198852104837757|0.6655241253404992,0.28441671621862996|-0.6248881526406561|0.6477375967992626
192,,release,25,1.1769109439216723e-34,1,1,1,,0.05144722806289792,0.0025531030260026455,0.03817926999181509,0.010688880924135447,,0.03817926999181509,0.5856366927379673,1.0,1.0,False,0.0009765276820052418,0.0,0.0,0.001094428820500188,,0.020651380407914678,0.40227656445836085,0.38472129250513076,0.01755527195323009,0.017156374946325426,0.3184100408027123,0.3082147410266679,0.010195299776044386,0.014606906112796142,0.5326622906636052|-0.7354311710941719|0.7701635793566948,0.7087768663889268|-0.832528910223422|0.6669836430217174,0.2924060842062202|-0.6395009875753658|0.653468519375145
193,,release,26,2.005008781961654e-37,1,1,1,,0.052017929032444954,0.0025419630110263824,0.03875929187051952,0.01069068699143827,,0.03875929187051952,0.5771186089224225,1.0,1.0,False,0.000957452746492414,0.0,0.0,0.0011783848282325197,,0.02055103829018733,0.39822651118405494,0.3788841752840849,0.01934233589997003,0.017746232746988624,0.3193566613925735,0.31079270716972424,0.00856395422284928,0.015160050881666873,0.5358244038923364|-0.7560187320332072|0.768625870434062,0.7077536267043976|-0.8598941768368569|0.663918263665537,0.29724490500548967|-0.6548868856041158|0.6594287400317136
194,,release,27,2.6602064159439866e-40,1,1,1,,0.05506275501102209,0.002560746157541871,0.040922078071162105,0.011550997151061893,,0.040922078071162105,0.5714836822948112,1.0,1.0,False,0.0010103556371765209,0.0,0.0,0.0011509217786583067,,0.020442122672788287,0.3923473930866343,0.3735082994935924,0.018839093593041922,0.018937895449161926,0.31994222454913385,0.3122854454363972,0.007656779112736656,0.014378577806935449,0.541410187042324|-0.774659910256042|0.7672968198885891,0.7049601736186274|-0.8845909430813796|0.6602328004323792,0.30350460154032755|-0.6719105726542177|0.6636509299795947
195,,release,28,2.7487850079102147e-43,1,1,1,,0.08026380999945104,0.0025944430381059647,0.06529491301625967,0.012345189927145839,,0.06529491301625967,0.5677369542207918,1.0,1.0,False,0.0020517592332524974,0.0,0.0,0.0016389047496313943,,0.020321745061349546,0.3863443280470266,0.37119929082976183,0.01514503721726479,0.020442585375604668,0.3212678924959147,0.3159036454194384,0.005364247076476314,0.012114713762994988,0.5507710914545908|-0.7928137318590138|0.7672551421075176,0.7061047445076767|-0.9121164235795037|0.6557103832823189,0.318682009387332|-0.6908861309077122|0.6690675606538795
