frame_idx,active_event,nearest_trigger,distance_to_trigger,semantic_score,semantic_tau,semantic_importance,E_omni,E_part,E_edge,R_sem,semantic_edge_count,semantic_edge_warning,adaptive_stop_reason,base_budget,configured_budget,final_budget_after_rescue,configured_semantic_extra_iterations,base_sqp_iterations,semantic_extra_iterations,actual_sqp_iterations,convex_solver_calls,is_semantic_trigger,is_random_budget_frame,allocation_reason,semantic_body_parts,frame_wall_time,mesh_time,optimization_time,collision_check_time,jacobian_time,solver_time,coarse_total_cost,final_total_cost,coarse_left_hand_object_error,coarse_right_hand_object_error,semantic_vertex_weight_mean,semantic_vertex_weight_max,semantic_boosted_vertex_count,semantic_weight_l1,semantic_weight_l2,semantic_weight_edge_count,semantic_weight_edge_endpoint_count,semantic_weight_deduplicated_overlap_count,is_critical_interaction_neighborhood,penetration_depth,raw_penetration_depth,raw_penetration_pair_count,expected_contact_penetration_depth,expected_contact_penetration_pair_count,illegal_penetration_depth,illegal_penetration_pair_count,left_hand_box_signed_distance,right_hand_box_signed_distance,self_collision_violation,joint_limit_violation,foot_sticking_error,velocity_limit_violation,final_laplacian_error,left_hand_demo_object_distance,left_hand_robot_object_distance,left_hand_object_error,left_hand_local_laplacian_error,left_hand_object_neighbor_laplacian_error,right_hand_demo_object_distance,right_hand_robot_object_distance,right_hand_object_error,right_hand_local_laplacian_error,right_hand_object_neighbor_laplacian_error,pelvis_robot_position,left_hand_robot_position,right_hand_robot_position,semantic_part_residual,semantic_edge_residual,semantic_residual,semantic_part_vertex_count,semantic_cross_edge_count
0,start,start,0,1.0,0.0,0.0,,0.0,0.0,0.0,0,False,,50,50,50,0,50,0,50,50,False,False,frame0_initialization,pelvis,1.8666271781548858,0.002735898829996586,1.8380109288264066,0.01693425001576543,,1.8380109288264066,1.1843197111200612,1.1843197111200612,,,1.0,1.0,0,0.0,0.0,0,0,0,False,0.0014683117942896062,0.028121296152426145,17,0.0031038711506328753,13,0.0,0,0.08330191633362816,0.14348423131428412,,0.0,0.0,,0.02216287178401527,0.222575568590948,0.261747590605622,0.03917202201467404,0.0673238599442344,0.018941533531892946,0.2745051197479645,0.29032930133646623,0.01582418158850174,0.05567150598183199,0.017795206513540027,0.6347837536785604|0.8022254605390892|0.7704831134259317,0.8535500641405531|0.6324761172535904|0.5958030154155177,0.39922125349784665|0.6539254724494161|0.6124329095519923,0.0,0.0,0.0,0,0
1,start,start,1,0.8824969025845955,0.0,0.0,,0.0,0.0,0.0,0,False,,2,2,2,0,2,0,2,2,False,False,ordinary_base,pelvis,0.10867644008249044,0.0027620261535048485,0.08083720086142421,0.01628486206755042,,0.08083720086142421,0.7522796835342794,0.7522796835342794,,,1.0,1.0,0,0.0,0.0,0,0,0,False,0.0008618065140983122,0.02986117164111296,14,0.0031473427068362536,10,0.0,0,0.05648909465402596,0.1167468985500193,,0.0,0.001602318679462273,,0.021507266009788615,0.19466303616604216,0.23410059979236628,0.03943756362632411,0.06194177950250897,0.017485154122083155,0.24702061277048,0.2616260927172897,0.01460547994680969,0.050360143801756664,0.01662527632596058,0.634966888976732|0.8105347363590003|0.7586585046929529,0.8672929556770137|0.6428567156554494|0.5585341868628808,0.38948802865318943|0.651589451840023|0.5742381828494985,0.0,0.0,0.0,0,0
2,start,start,2,0.6065306597126334,0.0,0.0,,0.0,0.0,0.0,0,False,,2,2,2,0,2,0,2,2,False,False,ordinary_base,pelvis,0.11478600208647549,0.002822378883138299,0.0852625488769263,0.017415352165699005,,0.0852625488769263,0.709602344328849,0.709602344328849,,,1.0,1.0,0,0.0,0.0,0,0,0,False,0.0007487152207827988,0.031437388656473386,13,0.0031186797000378186,9,0.0,0,0.02860719478903917,0.0839065590072785,,0.0,0.0014978421665217195,,0.021087189445256328,0.16702964198679293,0.202932966071004,0.03590332408421107,0.057363093150882165,0.017921863145598006,0.218889967517298,0.2265190818468393,0.007629114329541303,0.04472889725629413,0.016585712127882048,0.6289277224485098|0.8226474256496064|0.7420897088742396,0.8722882118988076|0.6521594976035633|0.5165103220982952,0.3871825105964536|0.6413949335485624|0.5310731163130751,0.0,0.0,0.0,0,0
3,start,start,3,0.32465246735834974,0.0,0.0,,0.0,0.0,0.0,0,False,,2,2,2,0,2,0,2,2,False,False,ordinary_base,pelvis,0.11844500480219722,0.0027982681058347225,0.08883529785089195,0.017365795094519854,,0.08883529785089195,0.6998206170528202,0.6998206170528202,,,1.0,1.0,0,0.0,0.0,0,0,0,False,0.0007018770111012138,0.0328528541989456,12,0.003141146459411881,8,0.0,0,0.004958148041380284,0.05140771081711115,,0.0,0.0015619835780543287,,0.021011448692806432,0.14084248028933713,0.16683538439888795,0.025992904109550824,0.05219048139124675,0.018696247419196513,0.19075423092319974,0.19196754400807706,0.001213313084877321,0.03489736616887677,0.01697826045487717,0.6210297949400098|0.837664692260075|0.7208131733401721,0.8783624223808002|0.6549530795325477|0.47193090582124697,0.38664312361107217|0.6272751502309634|0.48529909523863407,0.0,0.0,0.0,0,0
4,start,start,4,0.25,0.0,0.0,,0.0,0.0,0.0,0,False,,2,2,2,0,2,0,2,2,False,False,ordinary_base,pelvis,0.12191631994210184,0.0028182570822536945,0.09175506699830294,0.017815252067521214,,0.09175506699830294,0.7085496583745072,0.7085496583745072,,,1.0,1.0,0,0.0,0.0,0,0,0,False,0.0006260714993968908,0.03436358549959159,12,0.0031371618314882943,7,0.0,0,-0.01047609259449267,0.024137390268547776,,0.0,0.0017885666411128754,,0.02119042076120044,0.11775434054355444,0.13857745438438213,0.02082311384082769,0.046695318316322704,0.01877883826563073,0.16346603677236926,0.16396418394455087,0.0004981471721816066,0.03006702956716749,0.017990794179886947,0.6114696524006547|0.856425911343671|0.6941627244571237,0.8841320130919756|0.6536976876786562|0.43091239002955395,0.38582344185935796|0.6164025512374487|0.4386099492443654,0.0,0.0,0.0,0,0
5,start,start,5,0.25,0.0,0.0,,0.0,0.0,0.0,0,False,,2,2,2,0,2,0,2,2,False,False,ordinary_base,pelvis,0.12469690199941397,0.00281828292645514,0.09413288091309369,0.018197498051449656,,0.09413288091309369,0.6766850317717439,0.6766850317717439,,,1.0,1.0,0,0.0,0.0,0,0,0,False,0.0010008670982612697,0.036167791746331224,12,0.0031110539474660526,8,0.0,0,-0.018151751295768292,0.008951794349103537,,0.0,0.0015608839938536885,,0.021002829083921495,0.09956860049399487,0.1192094638987996,0.01964086340480474,0.041378817738600644,0.018866397540957144,0.13873854643006756,0.14932867065857738,0.010590124228509828,0.03035751275903562,0.018172175016847997,0.6082095963737044|0.8692279747617605|0.6657605500984335,0.890545225358443|0.6505504520730025|0.3918645542743151,0.3839301644196605|0.6000560874288536|0.39632159337380923,0.0,0.0,0.0,0,0
6,start,start,6,0.25,0.0,0.0,,0.0,0.0,0.0,0,False,,2,2,2,0,2,0,2,2,False,False,ordinary_base,pelvis,0.12900791806168854,0.0027392569463700056,0.09780615707859397,0.01852897391654551,,0.09780615707859397,0.6992529091391538,0.6992529091391538,,,1.0,1.0,0,0.0,0.0,0,0,0,False,0.0036578880462905528,0.03596268638391392,13,0.0031355946968038007,8,0.0036578880462905528,1,-0.017400105934010313,-0.0036286812678341107,,0.0,0.0015628022324350598,,0.021295095489415886,0.08879512663570269,0.09942560020845251,0.010630473572749821,0.0415662312835575,0.019653698105941923,0.11883766528894972,0.1373073448076454,0.018469679518695672,0.030835580818325548,0.018528863670964874,0.6074562507821675|0.8837596554823388|0.6437505947948661,0.8957232853569064|0.648159672577739|0.35367273351812506,0.38924121589623695|0.586092826612217|0.363767518324596,0.0,0.0,0.0,0,0
7,start,start,7,0.25,0.0,0.0,,0.0,0.0,0.0,0,False,,2,2,2,0,2,0,2,2,False,False,ordinary_base,pelvis,0.1340136609505862,0.002715999959036708,0.10303818504326046,0.01843028492294252,,0.10303818504326046,0.7074627970385987,0.7074627970385987,,,1.0,1.0,0,0.0,0.0,0,0,0,False,0.0018857452903573296,0.03566209475692944,11,0.0031557274893412313,6,0.0018857452903573296,1,-0.020145008612081128,-0.010882618161749846,,0.0,0.001396962169584826,,0.021476682015098104,0.08391605980249676,0.0863859747898572,0.002469914987360433,0.03758451731862834,0.019518196820789577,0.10638536290407621,0.11996975972545915,0.013584396821382932,0.03056428062376838,0.018730206637811816,0.6062538915689463|0.8902650156532012|0.6264220759030295,0.897427045285449|0.6391273693405009|0.3190177385036814,0.39679789117385494|0.5730265980672671|0.3310253351934326,0.0,0.0,0.0,0,0
8,start,start,8,0.25,0.0,0.0,,0.0,0.0,0.0,0,False,,2,2,2,0,2,0,2,2,False,False,ordinary_base,pelvis,0.13637840980663896,0.0027316580526530743,0.10496463999152184,0.018795107025653124,,0.10496463999152184,0.7051894185467226,0.7051894185467226,,,1.0,1.0,0,0.0,0.0,0,0,0,False,0.002305498241134435,0.03620982883466786,11,0.002967420815621097,6,0.002305498241134435,1,-0.015931205081123778,-0.008213483296691138,,0.0,0.0012910031851725292,,0.02140330787140613,0.08027341396293271,0.08595208698073552,0.00567867301780281,0.03744310913310918,0.0192776960309166,0.09965398132270455,0.11184166655337087,0.012187685230666323,0.031058068915877597,0.019146308339215958,0.6033463693646861|0.8956986822384848|0.6108150463755321,0.8988085519123039|0.6328592841767233|0.29184650685421754,0.40218801468729326|0.5626605571483149|0.2969061674420498,0.0,0.0,0.0,0,0
9,start,start,9,0.25,0.0,0.0,,0.0,0.0,0.0,0,False,,2,2,2,0,2,0,2,2,False,False,ordinary_base,pelvis,0.13907462707720697,0.002836385043337941,0.10723173711448908,0.018988407915458083,,0.10723173711448908,0.7018754661568866,0.7018754661568866,,,1.0,1.0,0,0.0,0.0,0,0,0,False,0.001533302122629962,0.03686399436899085,11,0.003008943902417044,6,0.001533302122629962,1,-0.00558360861268703,-0.0012594512170061023,,0.0,0.0013383544504652891,,0.021394802621883285,0.078574444051005,0.09613889881150146,0.017564454760496465,0.03753199458127525,0.018929072729802095,0.08475699918663318,0.10273025182010269,0.017973252633469508,0.03297958275018331,0.020030206663700444,0.6081977572619031|0.9000853260807489|0.5968546974538681,0.903390101134821|0.6271762190105515|0.2670946256821265,0.40694880083114465|0.556082220311537|0.26809012084716727,0.0,0.0,0.0,0,0
10,start,start,10,0.25,0.0,0.0,,0.0,0.0,0.0,0,False,,2,2,2,0,2,0,2,2,False,False,ordinary_base,pelvis,0.16301084007136524,0.002755322027951479,0.13148688804358244,0.018772332929074764,,0.13148688804358244,0.7104086435643786,0.7104086435643786,,,1.0,1.0,0,0.0,0.0,0,0,0,False,0.0012120535921872622,0.0367984950888785,9,0.002972382152683306,4,0.0012120535921872622,1,0.004879292878303687,0.0006239387669211283,,0.0,0.0013141811688290972,,0.021475314307965763,0.0745574537008932,0.0891784742205152,0.014621020519621997,0.03649702549476431,0.018774687527446012,0.07821379770334051,0.10072394867785564,0.022510150974515128,0.03461866903648352,0.01988608661575895,0.611892174371548|0.902737836666427|0.5861750124589183,0.903620968773634|0.6214196330386529|0.2447267690545019,0.41235959604772493|0.5462624542755335|0.2441712325363451,0.0,0.0,0.0,0,0
11,start,start,11,0.25,0.0,0.0,,0.0,0.0,0.0,0,False,,2,2,2,0,2,0,2,2,False,False,ordinary_base,pelvis,0.14471682021394372,0.0028011370450258255,0.11270361603237689,0.019056731136515737,,0.11270361603237689,0.7185037541991662,0.7185037541991662,,,1.0,1.0,0,0.0,0.0,0,0,0,False,0.0011435599984130698,0.037052626931522586,9,0.003018469779875105,4,0.000971860796007043,1,-0.0014729612175496953,-0.014334074497636351,,0.0,0.0013408134528106734,,0.02156262005303591,0.07612232754810105,0.08637155940316564,0.010249231855064586,0.03713989933853254,0.018865829243610854,0.07599210873720244,0.10245389534098337,0.02646178660378093,0.03435310921002296,0.019288706617125076,0.6146328245874043|0.9052677484494823|0.5753828453643128,0.9037712629409472|0.6162757490968863|0.22609088281143963,0.4191528593255201|0.5427896683554365|0.22112135488410525,0.0,0.0,0.0,0,0
12,start,start,12,0.25,0.0,0.0,,0.0,0.0,0.0,0,False,,2,2,2,0,2,0,2,2,False,False,ordinary_base,pelvis,0.14993282593786716,0.0027946338523179293,0.11732113477773964,0.019418182782828808,,0.11732113477773964,0.7156676869649502,0.7156676869649502,,,1.0,1.0,0,0.0,0.0,0,0,0,False,0.0014293184678338365,0.03763497730599211,9,0.0030128680476467218,4,0.0009096829230521714,1,-0.011197962151587859,-0.026834269175079584,,0.0,0.0013488077379023074,,0.021504494398301967,0.07950557536863648,0.08667925064706887,0.007173675278432393,0.03717975270278908,0.01897390490033029,0.06475706662099791,0.08667709887053515,0.021920032249537244,0.03326271309308891,0.018703699375542098,0.6143959370844736|0.9063649586426501|0.5629405952647443,0.9024537270197873|0.6106094281363312|0.2061768111427761,0.42781464136699093|0.5356005880071925|0.19864682541277004,0.0,0.0,0.0,0,0
13,start,start,13,0.25,0.0,0.0,,0.0,0.0,0.0,0,False,,2,2,2,0,2,0,2,2,False,False,ordinary_base,pelvis,0.1536862519569695,0.0027590710669755936,0.12058032117784023,0.019636182114481926,,0.12058032117784023,0.7258478274567395,0.7258478274567395,,,1.0,1.0,0,0.0,0.0,0,0,0,False,0.0019417335780628764,0.03807184063935404,9,0.003035093538967387,4,0.0019417335780628764,1,-0.018979879542809996,-0.03060453402980201,,0.0,0.0013593070553072023,,0.021628027096141412,0.0731831569668558,0.09072790763980779,0.017544750672951984,0.036740712143749715,0.018694122532117625,0.059706961524533954,0.07884240716506599,0.019135445640532038,0.03437767773024829,0.019319718784799326,0.6161347919888712|0.908178897414854|0.5526212423109983,0.9011001226559111|0.603400286370067|0.18813568813187959,0.4327677565901478|0.5303931309277929|0.1796648550169431,0.0,0.0,0.0,0,0
14,start,approach,12,0.25,0.0,0.0,,0.0,0.0,0.0,0,False,,2,2,2,0,2,0,2,2,False,False,ordinary_base,pelvis,0.157261362997815,0.00285388994961977,0.12311209202744067,0.020307797007262707,,0.12311209202744067,0.7245474067329476,0.7245474067329476,,,1.0,1.0,0,0.0,0.0,0,0,0,False,0.0012634383220410106,0.03870685202967386,10,0.0030380263466471824,4,0.0012634383220410106,1,-0.024556701367213662,-0.03486196312382539,,0.0,0.001361712640461341,,0.021674082620929548,0.06960966218364845,0.0879619618505322,0.01835229966688376,0.034986228502398874,0.01874748453527757,0.058226961794825144,0.07483562897488509,0.016608667180059947,0.03494497070348431,0.019867455063621246,0.6174744029038667|0.9086052650668685|0.5425933878471674,0.8993971857739279|0.599130509478117|0.1724124032651031,0.4377044683917314|0.5304744509493455|0.15990001195636372,0.0,0.0,0.0,0,0
15,start,approach,11,0.25,0.0,0.0,,0.0,0.0,0.0,0,False,,2,2,2,0,2,0,2,2,False,False,ordinary_base,pelvis,0.16287162713706493,0.0027911700308322906,0.12887901696376503,0.020267653977498412,,0.12887901696376503,0.734129132142353,0.734129132142353,,,1.0,1.0,0,0.0,0.0,0,0,0,False,0.0012498244901483803,0.03910420764942199,11,0.002990893649162163,5,0.0011243719417362852,1,-0.02821344573771789,-0.029366034414451292,,0.0,0.0013654222403795592,,0.02174556973182232,0.06819076923508341,0.08015845007106515,0.011967680835981737,0.03459744451205666,0.018650055899255696,0.051732893876668254,0.07633284417306775,0.024599950296399498,0.03887460786380722,0.020220640442255716,0.620188717973258|0.908405295427289|0.5334851728020207,0.8973573598182761|0.590410231272087|0.16024805766615913,0.4378105405501557|0.5284745322876652|0.14466913375508644,0.0,0.0,0.0,0,0
16,start,approach,10,0.25,0.0,0.0,,0.0,0.0,0.0,0,False,,2,2,2,0,2,0,2,2,False,False,ordinary_base,pelvis,0.1666131259407848,0.0028207299765199423,0.13163353106938303,0.02094535785727203,,0.13163353106938303,0.7376145498658657,0.7376145498658657,,,1.0,1.0,0,0.0,0.0,0,0,0,False,0.001698123124608028,0.03955477408960312,13,0.002996716034210256,5,0.001698123124608028,4,-0.032832457917480795,-0.028242141152128752,,0.0,0.0013712685292047756,,0.021791482488192307,0.06402632931514866,0.07468395594018791,0.010657626625039246,0.03709006719080638,0.01916577430598857,0.04456511921968228,0.07144824397528289,0.02688312475560061,0.03974292223460906,0.020184413821017926,0.6211402689799816|0.9086922433825229|0.5263914046020509,0.8942653429439859|0.5859981068049479|0.15100560736689547,0.44044514288795983|0.5258177947884368|0.1351412202445502,0.0,0.0,0.0,0,0
17,start,approach,9,0.25,0.0,0.0,,0.0,0.0,0.0,0,False,,2,2,2,0,2,0,2,2,False,False,ordinary_base,pelvis,0.17024997808039188,0.0028106619138270617,0.13507372187450528,0.02104903617873788,,0.13507372187450528,0.7500853878289155,0.7500853878289155,,,1.0,1.0,0,0.0,0.0,0,0,0,False,0.0011772639658210599,0.03923726448386666,13,0.0030182819769577485,5,0.0011772639658210599,4,-0.038209263861146425,-0.02711817988309484,,0.0,0.0014140710351752967,,0.021928711277590312,0.058311006527179424,0.07119781447936228,0.01288680795218286,0.040522084510377435,0.019286691156993007,0.039410877470981445,0.0711325477500791,0.031721670279097655,0.047948726717257945,0.02057767181295513,0.6209069886931626|0.9117415798877277|0.5225942800725343,0.8914759806289279|0.5840013673714138|0.14719512939008977,0.4407770731815354|0.522218792435379|0.13528225293366783,0.0,0.0,0.0,0,0
18,start,approach,8,0.25,0.0,0.0,,0.0,0.0,0.0,0,False,,2,2,2,0,2,0,2,2,False,False,ordinary_base,pelvis,0.17032031388953328,0.002808541990816593,0.13509333902038634,0.021134634967893362,,0.13509333902038634,0.7678662059191788,0.7678662059191788,,,1.0,1.0,0,0.0,0.0,0,0,0,False,0.001321118474280611,0.03880554348764326,14,0.003035532063797697,6,0.001321118474280611,4,-0.04430633182958488,-0.027155372618357987,,0.0,0.001401082761741787,,0.02212966977463644,0.05258928045085924,0.06690247743839281,0.014313196987533569,0.04166162594218941,0.019290550129803526,0.034969496022889825,0.07084487966694661,0.035875383644056784,0.056464940059257625,0.021418704918332844,0.6200537831766954|0.9136718807928338|0.5191975374401575,0.8877032718270358|0.5815031804448051|0.14253084618118664,0.4411048706739509|0.5216666342626602|0.1353115768403887,0.0,0.0,0.0,0,0
19,start,approach,7,0.25,0.0,0.0,,0.0,0.0,0.0,0,False,,2,2,2,0,2,0,2,2,False,False,ordinary_base,pelvis,0.17060563480481505,0.0028118977788835764,0.13567380513995886,0.0209915938321501,,0.13567380513995886,0.7852481659756051,0.7852481659756051,,,1.0,1.0,0,0.0,0.0,0,0,0,False,0.0010819165646006879,0.03833920029352725,14,0.0029856556847730753,6,0.0010819165646006879,4,-0.0318549005327764,-0.02663930620047239,,0.0,0.0014002760109245514,,0.02217543760906513,0.04693967049141904,0.07346044146228173,0.026520770970862688,0.04765754921197729,0.01861133788141124,0.03153757446137274,0.07138964351333865,0.039852069051965915,0.0637993754588952,0.021439797969328094,0.6195896927885832|0.9147028341144555|0.5157788536603145,0.8938973360917231|0.5825521064406667|0.137416123932692,0.44055804918948854|0.5199969425487834|0.135185599620616,0.0,0.0,0.0,0,0
20,start,approach,6,0.25,0.0,0.0,,0.0,0.0,0.0,0,False,,2,2,2,0,2,0,2,2,False,False,ordinary_base,pelvis,0.16814046492800117,0.002790573053061962,0.13358484720811248,0.020620589144527912,,0.13358484720811248,0.8236948321661907,0.8236948321661907,,,1.0,1.0,0,0.0,0.0,0,0,0,False,0.0011415760982982637,0.03815884930642205,15,0.0029824674316329125,6,0.0011415760982982637,5,-0.029001886486035744,-0.025918352573381043,,0.0,0.0014149207442870947,,0.022596148623307496,0.042137197001041356,0.07231732673207175,0.030180129731030396,0.054353301743899324,0.019872432287542992,0.030081807189030255,0.0721776584375397,0.04209585124850945,0.06825907481658816,0.021268287880466846,0.6189117089623183|0.9137216573925334|0.5142957848657074,0.8934643416127537|0.5781643493672607|0.13634358140819508,0.43992468502755433|0.5176664807991698|0.13488141208898968,0.0,0.0,0.0,0,0
21,start,approach,5,0.25,0.0,0.0,,0.0,0.0,0.0,0,False,,2,2,2,0,2,0,2,2,False,False,ordinary_base,pelvis,0.16757273999974132,0.002819302026182413,0.1330703259445727,0.020638061920180917,,0.1330703259445727,0.8615637989607876,0.8615637989607876,,,1.0,1.0,0,0.0,0.0,0,0,0,False,0.0010995269907938948,0.03810614200866114,15,0.0029389578279449546,6,0.0010995269907938948,5,-0.02751839350791485,-0.024402517385762934,,0.0,0.0014144098447250052,,0.022978932815452015,0.03866287067761362,0.0705366468714526,0.03187377619383898,0.058082419370161245,0.02020624313271701,0.029937430837878223,0.07253777552573397,0.04260034468785574,0.07352196095048481,0.021986711983758195,0.6172194001919722|0.9142066731586821|0.51135926530025,0.8921078182260439|0.5745637211267831|0.13674402386681578,0.4400229568792344|0.5131979187158937|0.13507932810901585,0.0,0.0,0.0,0,0
22,start,approach,4,0.25,0.0,0.0,,0.0,0.0,0.0,0,False,,2,2,2,0,2,0,2,2,False,False,ordinary_base,pelvis,0.16737367096357048,0.002772910986095667,0.13259718287736177,0.020840719109401107,,0.13259718287736177,0.8663827006596532,0.8663827006596532,,,1.0,1.0,0,0.0,0.0,0,0,0,False,0.0018548473147301375,0.0380852441230311,15,0.0029502151468231153,6,0.0018548473147301375,5,-0.026718268370775178,-0.023771512413572893,,0.0,0.0014168099390459528,,0.0230090841656205,0.03735674281998337,0.06932663917823258,0.031969896358249206,0.06060518310795775,0.020397407411983044,0.03126426443896467,0.07269302292349225,0.04142875848452758,0.07517055776646245,0.021564608132382222,0.618652506257829|0.914045010560251|0.5087894213679204,0.8910175089276784|0.5705115161945172|0.13699354700176175,0.43996933071440225|0.5115496600137953|0.13525546721849574,0.0,0.0,0.0,0,0
23,start,approach,3,0.32465246735834974,0.0,0.0,,0.0,0.0,0.0,0,False,,2,2,2,0,2,0,2,2,False,False,ordinary_base,pelvis,0.16826297086663544,0.002784414915367961,0.13360490091145039,0.020742297871038318,,0.13360490091145039,0.8929212405076007,0.8929212405076007,,,1.0,1.0,0,0.0,0.0,0,0,0,False,0.0010744722218700986,0.0382546413683309,15,0.003077930906285109,6,0.0010744722218700986,5,-0.026500545729202685,-0.022472292147591943,,0.0,0.0014142538109027808,,0.023208283989706147,0.036789626405801315,0.06872472969229194,0.03193510328649063,0.0630600793184926,0.02059335738447414,0.032377184243247814,0.07346470682715604,0.04108752258390823,0.07693121495604968,0.021670469085174126,0.617658611641098|0.9139956628493356|0.5053858378438679,0.8904483403832925|0.5676151007073738|0.13725346105137276,0.43994216238458844|0.507633406854087|0.13538873471827492,0.0,0.0,0.0,0,0
24,start,approach,2,0.6065306597126334,0.0,0.0,,0.0,0.0,0.0,0,False,,2,2,2,0,2,0,2,2,False,False,ordinary_base,pelvis,0.18941461900249124,0.002801331924274564,0.15504254796542227,0.02069181390106678,,0.15504254796542227,0.9073375772033113,0.9073375772033113,,,1.0,1.0,0,0.0,0.0,0,0,0,False,0.0012323022226967684,0.03824230417067989,15,0.003059761113823445,6,0.0012323022226967684,5,-0.0267831216840424,-0.021422764696270136,,0.0,0.0014147462979269142,,0.02332981599018201,0.03570710406711344,0.06786584436665934,0.03215874029954589,0.06426952989974301,0.020687862228374678,0.031150753970617714,0.07413246685379649,0.04298171288317877,0.07855325665703677,0.021618934159486392,0.6177223764083174|0.913593342613722|0.5031927412684661,0.8896282794193318|0.5657294779217227|0.1375198633349981,0.44006909089260254|0.5045368939491738|0.13550009006111688,0.0,0.0,0.0,0,0
25,start,approach,1,0.8824969025845955,0.0,0.0,,0.0,0.0,0.0,0,False,,2,2,2,0,2,0,2,2,False,False,ordinary_base,pelvis,0.16561851697042584,0.002835327060893178,0.13135362695902586,0.020463797030970454,,0.13135362695902586,0.925854357283677,0.925854357283677,,,1.0,1.0,0,0.0,0.0,0,0,0,False,0.0014092086562116496,0.03820352396545662,16,0.00284940048380658,6,0.0014092086562116496,5,-0.025275862252962966,-0.020442844356391987,,0.0,0.0014147005077225336,,0.02343399517794143,0.031443064163288646,0.06727301057448587,0.035829946411197224,0.06827727769569167,0.0211495379691636,0.026889081374842517,0.07484170130526999,0.04795261993042747,0.08077208738915297,0.02200459423282694,0.6178004666365985|0.9118686861797691|0.5021135923369542,0.8887587138448899|0.5594475762926865|0.13775491151551256,0.44046487733962725|0.500866205605102|0.13555043350525664,0.0,0.0,0.0,0,0
26,start|approach,approach,0,1.0,0.0,0.0,,0.0,0.0,0.0,0,False,,4,4,4,2,2,1,3,3,True,False,semantic_extra,pelvis,0.23281496111303568,0.0028094928711652756,0.19839182309806347,0.020628585945814848,,0.19839182309806347,0.9315713154944185,0.9315713154944185,,,1.0,1.0,0,0.0,0.0,0,0,0,False,0.0010183598482430695,0.03803987501621603,16,0.0011607672289883075,6,0.0010183598482430695,5,-0.026816634091472835,-0.023032876714083272,,0.0,0.001328838679581305,,0.023451960259119848,0.02728719847017925,0.06614430945270514,0.03885711098252589,0.06936299488101673,0.020873402848430207,0.024626742472030148,0.07314621788272345,0.048519475410693305,0.08098863319685703,0.02135201334050364,0.6183767458854976|0.9105081981345763|0.5021854470637553,0.8885993684347683|0.5602156598678676|0.13774833054230484,0.44094707038793934|0.5054522742921387|0.13545072115409648,0.0,0.0,0.0,0,0
27,approach,approach,1,0.8824969025845955,0.0,0.0,,0.0,0.0,0.0,0,False,,2,2,2,0,2,0,2,2,False,False,ordinary_base,pelvis|left_hand|right_hand,0.1637706351466477,0.002791863866150379,0.12918696086853743,0.020712405908852816,,0.12918696086853743,0.9298753997224309,0.9298753997224309,,,1.0,1.0,0,0.0,0.0,0,0,0,True,0.0015252827667449342,0.038059743538957996,15,0.0015252827667449342,5,0.0010342512823379585,5,-0.03295802063368036,-0.024425387473369753,,0.0,0.0013869040646090586,,0.023488710310145367,0.026344933036570133,0.0642508323295643,0.037905899292994163,0.06809702142771727,0.020608190477899888,0.024136155590451434,0.07246219431127067,0.04832603872081924,0.0791488019802058,0.021131348113783772,0.6185056175400248|0.9110740968089279|0.5015973221329572,0.8876903127792314|0.5711340828488816|0.13793121080966234,0.44164272676982064|0.5057129187234302|0.13542450284340554,0.0,0.0,0.0,0,0
28,approach,approach,2,0.6065306597126334,0.0,0.0,,0.0,0.0,0.0,0,False,,2,2,2,0,2,0,2,2,False,False,ordinary_base,pelvis|left_hand|right_hand,0.16410254291258752,0.0027826318982988596,0.12948374077677727,0.020677530206739902,,0.12948374077677727,0.9107589875654395,0.9107589875654395,,,1.0,1.0,0,0.0,0.0,0,0,0,True,0.0010855885498598505,0.03792650673516651,16,0.0010855885498598505,6,0.0010252479710221724,5,-0.03310064906180088,-0.02577190470948132,,0.0,0.0014023325977983322,,0.023341575590682076,0.02473398841874053,0.0631712676472234,0.038437279228482876,0.06639595283279116,0.020477266896917742,0.022772098598587653,0.07156896257031646,0.048796863971728804,0.07738685525421973,0.020890403139547025,0.6169903094852631|0.9111077650629461|0.5041296345162857,0.8871436440141716|0.5669812869143495|0.1379745299788155,0.4424648951537349|0.5055739702474689|0.13534447521983248,0.0,0.0,0.0,0,0
29,approach,contact,1,0.8824969025845955,0.0,0.0,,0.0,0.0,0.0,0,False,,2,2,2,0,2,0,2,2,False,False,ordinary_base,pelvis|left_hand|right_hand,0.16470032813958824,0.0028156249318271875,0.13014319399371743,0.02065884810872376,,0.13014319399371743,0.8995887507456156,0.8995887507456156,,,1.0,1.0,0,0.0,0.0,0,0,0,True,0.0011788086754979804,0.0375699262975594,14,0.0010023670373047883,5,0.0011788086754979804,5,-0.032809100601660646,-0.027728285608208836,,0.0,0.0014151571549273446,,0.023310230805638474,0.025322629422426395,0.06464728946006326,0.03932466003763686,0.0635408726351091,0.020609676502896093,0.022617856403851232,0.06936767392736386,0.04674981752351262,0.07453514956742537,0.020997996324880298,0.6194069043730763|0.9116595901476339|0.5077303686814162,0.8871272283595762|0.565205523295921|0.13798305673299863,0.44363773198169854|0.5060384115760013|0.1354625697700214,0.0,0.0,0.0,0,0
30,approach|contact,contact,0,1.0,0.0,0.0,,0.0,0.0,0.0,0,False,,4,4,4,2,2,2,4,4,True,False,semantic_extra,pelvis|left_hand|right_hand,0.2921618849504739,0.0027968930080533028,0.25806257990188897,0.02042958582751453,,0.25806257990188897,0.8730600862209392,0.8730600862209392,,,1.0,1.0,0,0.0,0.0,0,0,0,True,0.001046442118771071,0.03747991532825276,14,0.0010001098513027634,5,0.001046442118771071,5,-0.03346427093743465,-0.02987390793386524,,0.0,0.0014142211491992467,,0.02310965571832947,0.02569152784587973,0.06584343443264455,0.04015190658676482,0.05968997973535944,0.019978113221438176,0.02207419619357838,0.06713894013366309,0.04506474394008471,0.07125670350095445,0.021110122564308914,0.6214675314702226|0.9112092402506651|0.5112147975218084,0.8859459465463575|0.5651589823782314|0.1379799549378497,0.4448798489427478|0.503632425223677|0.1356586156858031,0.0,0.0,0.0,0,0
31,contact,contact,1,0.8824969025845955,0.0,0.0,,0.0,0.0,0.0,0,False,,2,2,2,0,2,0,2,2,False,False,ordinary_base,left_hand|right_hand,0.1621215061750263,0.0027411719784140587,0.12801247788593173,0.020443118177354336,,0.12801247788593173,0.8365631294209986,0.8365631294209986,,,1.0,1.0,0,0.0,0.0,0,0,0,True,0.0011909759701188155,0.03771425843530282,13,0.0011471391891429983,5,0.0011909759701188155,4,-0.035694961234485234,-0.02860186173069934,,0.0,0.0014141929302042841,,0.022825338671182898,0.025699321141880678,0.0660426886635721,0.040343367521691424,0.05441986682824643,0.019534291852111037,0.021329846123886942,0.0684129906360393,0.047083144512152356,0.06698276098811594,0.019943966799917053,0.6224270323280269|0.9092272804033844|0.514536950692613,0.8831885595475123|0.5658347697819839|0.13790902444009467,0.4430833125202043|0.5041540663852683|0.13587979416347976,0.0,0.0,0.0,0,0
32,contact,contact,2,0.6065306597126334,0.0,0.0,,0.0,0.0,0.0,0,False,,2,2,2,0,2,0,2,2,False,False,ordinary_base,left_hand|right_hand,0.16077805310487747,0.0027977880090475082,0.12688614893704653,0.020272383000701666,,0.12688614893704653,0.7796079727904447,0.7796079727904447,,,1.0,1.0,0,0.0,0.0,0,0,0,True,0.001122827428676823,0.03856117626618846,14,0.001002465463756895,5,0.001122827428676823,5,-0.03549321526710081,-0.02926048354489197,,0.0,0.0013464595679679612,,0.022299798668608976,0.02620099128199984,0.06968484301287681,0.04348385173087697,0.04829056584622129,0.018492752532998386,0.02211831179660422,0.0672815206741979,0.04516320887759368,0.06028044393455687,0.020386002796948514,0.623342649324025|0.9002704814236376|0.5184354760113923,0.8813359990597618|0.563705436392769|0.13787368292524482,0.4454192908787971|0.5011614098756684|0.13564103713608633,0.0,0.0,0.0,0,0
33,contact,contact,3,0.32465246735834974,0.0,0.0,,0.0,0.0,0.0,0,False,,2,2,2,0,2,0,2,2,False,False,ordinary_base,left_hand|right_hand,0.16720372601412237,0.004061894025653601,0.13098820601589978,0.020947457989677787,,0.13098820601589978,0.7261707025032936,0.7261707025032936,,,1.0,1.0,0,0.0,0.0,0,0,0,True,0.0013182458783958795,0.03997151249387085,11,0.0013182458783958795,6,0.0009599609891467048,1,-0.036357820531840446,-0.03196306353253675,,0.0,0.0013853694761294644,,0.021867058351982358,0.026911834767950258,0.06280351444301216,0.035891679675061905,0.0409493680815433,0.018350125029664013,0.022946397203677464,0.05888126869676372,0.03593487149308625,0.049260433202067085,0.01997303296932672,0.6214188224670677|0.8888960801654048|0.5219003787896271,0.8766522958634534|0.5568380856112182|0.13912245133444728,0.45040391192267587|0.5028642505510914|0.13495729440285498,0.0,0.0,0.0,0,0
34,contact,contact,4,0.25,0.0,0.0,,0.0,0.0,0.0,0,False,,2,2,2,0,2,0,2,2,False,False,ordinary_base,left_hand|right_hand,0.1671458741184324,0.002651616930961609,0.1319849060382694,0.021126149920746684,,0.1319849060382694,0.7072381871170478,0.7072381871170478,,,1.0,1.0,0,0.0,0.0,0,0,0,True,0.0010669619235026823,0.040425635163976986,11,0.001033606559756782,6,0.0010669619235026823,1,-0.0345391715411516,-0.03227422890523712,,0.0,0.0014103620995905243,,0.02167882141015781,0.027928037298889173,0.06671576404210663,0.03878772674321746,0.04529808916651771,0.017979861847790053,0.024002788856349398,0.05435591413918103,0.030353125282831635,0.043050259534563366,0.021064719825987937,0.6229189011969042|0.8904793814884284|0.5329973384440742,0.8794371149712638|0.554974020889729|0.15755610999629016,0.45393180273056943|0.5004764785084269|0.1439455340996343,0.0,0.0,0.0,0,0
35,contact,contact,5,0.25,0.0,0.0,,0.0,0.0,0.0,0,False,,2,2,2,0,2,0,2,2,False,False,ordinary_base,left_hand|right_hand,0.165303974179551,0.002675222000107169,0.13124514813534915,0.020373409846797585,,0.13124514813534915,0.6993033283470316,0.6993033283470316,,,1.0,1.0,0,0.0,0.0,0,0,0,True,0.0012395623573850795,0.03970252807781455,11,0.0012395623573850795,6,0.0006120656928345625,1,-0.03325146206228702,-0.03215908437811699,,0.0,0.0012452232650568035,,0.02171894065135136,0.029322161609551225,0.0666770186413265,0.03735485703177527,0.04659920373220991,0.017957432468472492,0.025333554594958,0.05349598075914818,0.02816242616419018,0.04042058389965422,0.021025322202555447,0.6221389207849272|0.8922313776797826|0.5482989420660562,0.8797089511068521|0.5487023548768806|0.1752973919624159,0.45379102652373393|0.499464418470284|0.16055476012005865,0.0,0.0,0.0,0,0
36,contact,contact,6,0.25,0.0,0.0,,0.0,0.0,0.0,0,False,,2,2,2,0,2,0,2,2,False,False,ordinary_base,left_hand|right_hand,0.16273431316949427,0.0027432378847151995,0.1279645471367985,0.020738733001053333,,0.1279645471367985,0.6873870950254699,0.6873870950254699,,,1.0,1.0,0,0.0,0.0,0,0,0,True,0.0011066308085616108,0.03852435184473177,11,0.0011066308085616108,6,0.0004144409192974735,1,-0.03355353847378595,-0.03267406233974235,,0.0,0.001423370345619388,,0.021569813711720752,0.03130343505431578,0.06491805447433345,0.03361461942001767,0.04363563027251344,0.017863403513545286,0.026588516920129236,0.05338379832546889,0.026795281405339655,0.03974382350406601,0.02067846674551332,0.622696469676034|0.8930875928207113|0.5677586808779207,0.8782282939037398|0.5400483156975813|0.1945467631568143,0.45215730614876054|0.49950159951473644|0.18247157441995607,0.0,0.0,0.0,0,0
37,contact,contact,7,0.25,0.0,0.0,,0.0,0.0,0.0,0,False,,2,2,2,0,2,0,2,2,False,False,ordinary_base,left_hand|right_hand,0.16063317307271063,0.002722680801525712,0.12719480297528207,0.019955971045419574,,0.12719480297528207,0.6732474142249484,0.6732474142249484,,,1.0,1.0,0,0.0,0.0,0,0,0,True,0.0016310488374435897,0.03737218044089999,10,0.0016310488374435897,6,0.0,0,-0.034405664810764236,-0.029706983176923885,,0.0,0.0014303343216705104,,0.021459424325149686,0.03375589518207893,0.06432914768715121,0.030573252505072285,0.040307470928805544,0.01803293303286236,0.02796416232611147,0.05485491751314803,0.02689075518703656,0.04067013869496114,0.020343582959940796,0.6183280274130121|0.8928144305647078|0.5875001425709258,0.8759122326978424|0.5338510561598008|0.21861983824964282,0.4480626023500271|0.4996092773024055|0.20298294797147576,0.0,0.0,0.0,0,0
38,contact,contact,8,0.25,0.0,0.0,,0.0,0.0,0.0,0,False,,2,2,2,0,2,0,2,2,False,False,ordinary_base,left_hand|right_hand,0.15911559900268912,0.0027693549636751413,0.12500176206231117,0.020352601073682308,,0.12500176206231117,0.6482777158545385,0.6482777158545385,,,1.0,1.0,0,0.0,0.0,0,0,0,True,0.004371103283497199,0.035869452296093146,11,0.004371103283497199,6,0.0002721282738709918,1,-0.03531778307556621,-0.029999964928675737,,0.0,0.0014169550082353182,,0.021289207275840664,0.036744128846563404,0.06428823059273621,0.027544101746172805,0.03716589319360949,0.018779414011311286,0.02991824115629804,0.05378089448235052,0.023862653326052485,0.039004722761256716,0.02135791798621603,0.6172977475358504|0.890563390449331|0.6071423870900852,0.8721922331419862|0.5342796677249224|0.2412144473258291,0.44672370334022743|0.4994702833324817|0.2260102281151155,0.0,0.0,0.0,0,0
39,contact,contact,9,0.25,0.0,0.0,,0.0,0.0,0.0,0,False,,2,2,2,0,2,0,2,2,False,False,ordinary_base,left_hand|right_hand,0.15375044592656195,0.0027044599410146475,0.11995045188814402,0.020126261981204152,,0.11995045188814402,0.6393340797945294,0.6393340797945294,,,1.0,1.0,0,0.0,0.0,0,0,0,True,0.0018296907821715412,0.03417143600964345,10,0.0018296907821715412,6,0.0,0,-0.03379328234119505,-0.03047509792297909,,0.0,0.001440508144613091,,0.021209106582739733,0.03939630956635782,0.06526114766330765,0.02586483809694983,0.036064687722807756,0.018511334824078997,0.03153447099792206,0.053305771260174765,0.021771300262252706,0.03732551544384164,0.021135998206159367,0.6153936703151657|0.8900235433810089|0.6282436079960216,0.8704445945598919|0.5308866695858817|0.271146452856687,0.4439862674950144|0.4962454707436312|0.2548258940267453,0.0,0.0,0.0,0,0
40,contact,contact,10,0.25,0.0,0.0,,0.0,0.0,0.0,0,False,,2,2,2,0,2,0,2,2,False,False,ordinary_base,left_hand|right_hand,0.14920919318683445,0.0027510691434144974,0.1152874338440597,0.02005685307085514,,0.1152874338440597,0.6399921566623511,0.6399921566623511,,,1.0,1.0,0,0.0,0.0,0,0,0,True,0.0017881610604729599,0.03278221728786598,12,0.0017881610604729599,6,0.0,0,-0.03323608941323464,-0.030076863049135483,,0.0,0.0014320401329756716,,0.02123480458683579,0.041099633093159775,0.06524211173984577,0.024142478646686,0.03618851946750713,0.019015456798321295,0.033285816620185815,0.053433777835204255,0.02014796121501844,0.03627567240518902,0.021248127280838486,0.6120269474778178|0.8893761197001149|0.6471885032108872,0.8663296025236901|0.5316693505300718|0.30058565124506054,0.4404281785694801|0.4930805160299053|0.2859588915193999,0.0,0.0,0.0,0,0
41,contact,contact,11,0.25,0.0,0.0,,0.0,0.0,0.0,0,False,,2,2,2,0,2,0,2,2,False,False,ordinary_base,left_hand|right_hand,0.17148826597258449,0.0027822009287774563,0.13777269585989416,0.019992832094430923,,0.13777269585989416,0.6377664728208621,0.6377664728208621,,,1.0,1.0,0,0.0,0.0,0,0,0,True,0.0017141744659086647,0.03171572742210277,11,0.0017141744659086647,5,0.0,0,-0.030507537252175254,-0.029258103561922155,,0.0,0.0014255709039491915,,0.021286123551578565,0.043174152491047266,0.06563402843255285,0.022459875941505586,0.03536294261765491,0.018900508146171925,0.03532677739183851,0.05374344082901726,0.01841666343717875,0.03384932285197646,0.02123702053651392,0.6070088844023669|0.8855338548047511|0.6641218478145896,0.8627068259515055|0.5317082818438025|0.3299107379379196,0.43699603706730755|0.4899383542746384|0.31642288553867043,0.0,0.0,0.0,0,0
42,contact,contact,12,0.25,0.0,0.0,,0.0,0.0,0.0,0,False,,2,2,2,0,2,0,2,2,False,False,ordinary_base,left_hand|right_hand,0.1692657640669495,0.002800114918500185,0.13621775712817907,0.019487820798531175,,0.13621775712817907,0.6345845419914568,0.6345845419914568,,,1.0,1.0,0,0.0,0.0,0,0,0,True,0.001552749063861509,0.031015319854258927,11,0.001552749063861509,5,0.0,0,-0.029603687744987894,-0.02832660780639884,,0.0,0.001413094259300613,,0.02128162107194494,0.04431518889612136,0.06591043325483616,0.021595244358714794,0.035816529122792574,0.018967168667332168,0.03730398362212385,0.05430739440393284,0.01700341078180899,0.03228700295887677,0.021286868587450446,0.602928073547899|0.8832322652990141|0.6782337183087636,0.858654717058686|0.5316989276704449|0.36203002432992926,0.4332981748356997|0.48831409208519494|0.3484199122520742,0.0,0.0,0.0,0,0
43,contact,contact,13,0.25,0.0,0.0,,0.0,0.0,0.0,0,False,,2,2,2,0,2,0,2,2,False,False,ordinary_base,left_hand|right_hand,0.14557233708910644,0.002738425973802805,0.11304965196177363,0.01926575298421085,,0.11304965196177363,0.6343918062968866,0.6343918062968866,,,1.0,1.0,0,0.0,0.0,0,0,0,True,0.003657383168538239,0.030562190040127224,13,0.003657383168538239,7,0.0,0,-0.030697731372864467,-0.02730759015123141,,0.0,0.00140524997947305,,0.021277032635889443,0.04515242212278731,0.06648800412600633,0.02133558200321902,0.03639545048690364,0.01904659744082552,0.038905617084151564,0.055024300449133486,0.01611868336498192,0.03144961063025837,0.021542326093375624,0.5983252848188786|0.881370743650827|0.6893693901064489,0.8547674869537739|0.5325422360234103|0.3979289343223946,0.4289813749253248|0.4866622650877585|0.3816007282633717,0.0,0.0,0.0,0,0
44,contact,contact,14,0.25,0.0,0.0,,0.0,0.0,0.0,0,False,,2,2,2,0,2,0,2,2,False,False,ordinary_base,left_hand|right_hand,0.14469833206385374,0.0027637220919132233,0.11178149608895183,0.01945896982215345,,0.11178149608895183,0.6153149613834403,0.6153149613834403,,,1.0,1.0,0,0.0,0.0,0,0,0,True,0.0044139501655698354,0.030064423165980986,13,0.0044139501655698354,7,0.0,0,-0.030123584402312886,-0.02865025739025029,,0.0,0.0013936252033818575,,0.021071650403041892,0.04558979301930462,0.06736911900296189,0.02177932598365727,0.037958855826257486,0.01901514929290362,0.039558003577122504,0.054985912071278446,0.015427908494155942,0.03167473372681406,0.021342008554957572,0.5903922234832363|0.8851820996383447|0.6992194553734543,0.8513193853526598|0.532284957103082|0.4325011137335103,0.42420586689567363|0.48555566072413797|0.4177535029975588,0.0,0.0,0.0,0,0
45,contact,contact,15,0.25,0.0,0.0,,0.0,0.0,0.0,0,False,,2,2,2,0,2,0,2,2,False,False,ordinary_base,left_hand|right_hand,0.14441269100643694,0.0027693321462720633,0.11192782316356897,0.019222258124500513,,0.11192782316356897,0.6231303259248865,0.6231303259248865,,,1.0,1.0,0,0.0,0.0,0,0,0,True,0.0019419643675778614,0.0294393510670245,13,0.0019419643675778614,7,0.0,0,-0.030757617245878777,-0.027607186358048708,,0.0,0.0013945248941253242,,0.021242706125618106,0.045321410987796004,0.06831315228125208,0.022991741293456075,0.039967462895668215,0.019280440764728863,0.03955574037981286,0.05647445842449236,0.016918718044679502,0.033111515465095075,0.021452400027046507,0.5837410974648548|0.8829099268609951|0.7092069701434062,0.8469845858720284|0.5327713922561872|0.4657678813272522,0.4183414931867217|0.48457198380380606|0.44924034144447106,0.0,0.0,0.0,0,0
46,contact,contact,16,0.25,0.0,0.0,,0.0,0.0,0.0,0,False,,2,2,2,0,2,0,2,2,False,False,ordinary_base,left_hand|right_hand,0.14300955506041646,0.002770810853689909,0.11026730109006166,0.019390736939385533,,0.11026730109006166,0.6555717659833707,0.6555717659833707,,,1.0,1.0,0,0.0,0.0,0,0,0,True,0.0020225437098503884,0.030070679168359538,14,0.0020225437098503884,8,0.0,0,-0.031127639639132454,-0.026618849337953776,,0.0,0.0014229868432793509,,0.02158968118323837,0.045371744869698076,0.06883864938587096,0.023466904516172886,0.041752433716012644,0.019109445287471966,0.039796004214663484,0.05800151806888916,0.018205513854225676,0.03439490709366232,0.021600783959993954,0.5738947451415023|0.8803723229377669|0.7158763197065642,0.8420966649436863|0.5329314726464777|0.49833916914631676,0.41199042085797144|0.4843905086340453|0.47994548291546923,0.0,0.0,0.0,0,0
47,contact,contact,17,0.25,0.0,0.0,,0.0,0.0,0.0,0,False,,2,2,2,0,2,0,2,2,False,False,ordinary_base,left_hand|right_hand,0.14426669594831765,0.002800457878038287,0.11093207518570125,0.019869005074724555,,0.11093207518570125,0.6814356395140636,0.6814356395140636,,,1.0,1.0,0,0.0,0.0,0,0,0,True,0.0015631360666565168,0.030658203686596164,15,0.0015631360666565168,10,0.0,0,-0.030720689015044655,-0.025364356669333787,,0.0,0.0014164367760625082,,0.021921753950268345,0.04539990454306814,0.0700166112713461,0.024616706728277968,0.04388595214541725,0.019563157839308374,0.04030086310138736,0.058706983379163025,0.01840612027777566,0.03409132328855052,0.02156993649128206,0.5655416796502027|0.8742646949692062|0.7211942161908526,0.837334471046532|0.5334140249108723|0.5282811687247859,0.40671475615680275|0.48361188229872626|0.5069684767475646,0.0,0.0,0.0,0,0
48,contact,contact,18,0.25,0.0,0.0,,0.0,0.0,0.0,0,False,,2,2,2,0,2,0,2,2,False,False,ordinary_base,left_hand|right_hand,0.14368329499848187,0.002720251912251115,0.11104026110842824,0.019353013020008802,,0.11104026110842824,0.7229745013749421,0.7229745013749421,,,1.0,1.0,0,0.0,0.0,0,0,0,True,0.0034893685266168817,0.031210534421310776,16,0.0034893685266168817,10,0.000606946263706748,2,-0.030998372132408747,-0.02447734713748595,,0.0,0.0014164303110745444,,0.022417300907211307,0.045355222799172264,0.07084109446760531,0.025485871668433045,0.045773545197368676,0.01937890360817939,0.04045546363171159,0.05919292121925002,0.018737457587538434,0.03392768985660253,0.02208764347490596,0.5555513874393727|0.867426401697225|0.7245888385436092,0.8313747519989896|0.5340797846467454|0.555327139724003,0.40166635590879096|0.48428263062021304|0.5314337007054214,0.0,0.0,0.0,0,0
49,contact,lift,17,0.25,0.0,0.0,,0.0,0.0,0.0,0,False,,2,2,2,0,2,0,2,2,False,False,ordinary_base,left_hand|right_hand,0.14234737097285688,0.0027549441438168287,0.10928494809195399,0.019533717073500156,,0.10928494809195399,0.7273572074195027,0.7273572074195027,,,1.0,1.0,0,0.0,0.0,0,0,0,True,0.0014984858331928558,0.03224642506444078,16,0.0014984858331928558,10,0.0009336291682166126,2,-0.0317884731540623,-0.024323238553837,,0.0,0.001397831054567658,,0.022424439483957132,0.04411848653710435,0.07062416482066637,0.02650567828356202,0.046260327794372814,0.019187686698841126,0.04059159351652607,0.06005339269627855,0.019461799179752486,0.035255724984342963,0.021445359747936835,0.5503385027803451|0.8586139090276282|0.7273456244270126,0.8252150602997426|0.5319635131914157|0.5785812046464511,0.39588986355598693|0.4863703424604939|0.5560323199196655,0.0,0.0,0.0,0,0
50,contact,lift,16,0.25,0.0,0.0,,0.0,0.0,0.0,0,False,,2,2,2,0,2,0,2,2,False,False,ordinary_base,left_hand|right_hand,0.14300692290998995,0.0027976809069514275,0.11033680709078908,0.019261914072558284,,0.11033680709078908,0.7262006238293365,0.7262006238293365,,,1.0,1.0,0,0.0,0.0,0,0,0,True,0.0014251229162992353,0.03294822921505719,14,0.0014251229162992353,10,0.001140068690743526,1,-0.03067703912344477,-0.02319118449753077,,0.0,0.0013727810861145196,,0.022358944478936275,0.04299833347474767,0.07422654819479385,0.03122821472004618,0.050538781860950364,0.018268224252911823,0.039546160245616836,0.0612422665226271,0.02169610627701026,0.0373724852606722,0.02078820112730873,0.543635814879907|0.8483225626130397|0.7310673970342844,0.8194443651968337|0.5336268231296873|0.5944662831508516,0.3902882802607957|0.4876405201479979|0.5765179021495442,0.0,0.0,0.0,0,0
51,contact,lift,15,0.25,0.0,0.0,,0.0,0.0,0.0,0,False,,2,2,2,0,2,0,2,2,False,False,ordinary_base,left_hand|right_hand,0.16363139799796045,0.002757083857432008,0.13158570602536201,0.018967054085806012,,0.13158570602536201,0.7491622058603217,0.7491622058603217,,,1.0,1.0,0,0.0,0.0,0,0,0,True,0.0014279923182411933,0.034167423981551454,13,0.0014279923182411933,9,0.0010425480232197915,2,-0.03163695379209486,-0.02312649637716646,,0.0,0.0014215386412341228,,0.02263255744552367,0.0430331024640381,0.07692529372191383,0.03389219125787572,0.052294208598550475,0.017860925846921914,0.0389231022401135,0.06180625525733323,0.02288315301721973,0.038549023389771724,0.021280517739795057,0.5373680291535161|0.8348066739206383|0.7335420940931323,0.8134320030130653|0.5329658957466942|0.6114381305315268,0.3850104870282447|0.4868833238910602|0.595043792734567,0.0,0.0,0.0,0,0
52,contact,lift,14,0.25,0.0,0.0,,0.0,0.0,0.0,0,False,,2,2,2,0,2,0,2,2,False,False,ordinary_base,left_hand|right_hand,0.13470984599553049,0.0027859569527208805,0.10242835502140224,0.019043634179979563,,0.10242835502140224,0.7190608530049959,0.7190608530049959,,,1.0,1.0,0,0.0,0.0,0,0,0,True,0.001438565893980566,0.034362316300677764,12,0.001438565893980566,8,0.0010452408329854196,2,-0.03173455762807187,-0.022951111376148248,,0.0,0.0013910957690918238,,0.0222322253245946,0.04354814501566332,0.07763596591267423,0.03408782089701091,0.05316301100894097,0.017357110885789825,0.03888576392798141,0.0629802342947794,0.024094470366797995,0.03941824052647207,0.020987918694267884,0.5327182154516111|0.8206355831650022|0.7336633750748378,0.8083388440314824|0.5275981795122135|0.6252928805446649,0.37930850398619687|0.4888488693225663|0.6110295331906789,0.0,0.0,0.0,0,0
53,contact,lift,13,0.25,0.0,0.0,,0.0,0.0,0.0,0,False,,2,2,2,0,2,0,2,2,False,False,ordinary_base,left_hand|right_hand,0.13624301692470908,0.0027552898973226547,0.10400593001395464,0.019067784072831273,,0.10400593001395464,0.7077218409525036,0.7077218409525036,,,1.0,1.0,0,0.0,0.0,0,0,0,True,0.0014419417025179106,0.034750666809812175,14,0.0014419417025179106,10,0.0009970455624312008,2,-0.03284793994921564,-0.023037288024806202,,0.0,0.0013656504530922557,,0.022093321040126936,0.0439225774101812,0.0783425169445557,0.0344199395343745,0.052180471518746455,0.017017135581482865,0.03883741285180156,0.06316711003589909,0.024329697184097526,0.03952850561959723,0.020994506832556138,0.5286384051368008|0.8069645307874372|0.7352901383093501,0.8024370225004221|0.5232955421696119|0.6381629147281525,0.37480855219364245|0.4865774505218853|0.6240866190129896,0.0,0.0,0.0,0,0
54,contact,lift,12,0.25,0.0,0.0,,0.0,0.0,0.0,0,False,,2,2,2,0,2,0,2,2,False,False,ordinary_base,left_hand|right_hand,0.1352814119309187,0.002798717003315687,0.10333736590109766,0.018886311911046505,,0.10333736590109766,0.697326342765781,0.697326342765781,,,1.0,1.0,0,0.0,0.0,0,0,0,True,0.0017187654353102294,0.03534311301081969,15,0.0017187654353102294,10,0.0010159597708606916,3,-0.0328114234876935,-0.023003576869767173,,0.0,0.0013600232058029185,,0.021972150914885226,0.04456305780223359,0.07816087626437856,0.03359781846214498,0.051701398210130284,0.016950942100607665,0.03914922911374541,0.06328940478006456,0.024140175666319152,0.03911927510844357,0.02078283465769772,0.523910676637221|0.7934961082617277|0.736809596968622,0.7975776939503835|0.5165419957216075|0.6486224250005006,0.37001542376314317|0.4810711448276051|0.6367506161138026,0.0,0.0,0.0,0,0
55,contact,lift,11,0.25,0.0,0.0,,0.0,0.0,0.0,0,False,,2,2,2,0,2,0,2,2,False,False,ordinary_base,left_hand|right_hand,0.13422536407597363,0.0028035391587764025,0.10306463786400855,0.018316640984266996,,0.10306463786400855,0.6908902491435756,0.6908902491435756,,,1.0,1.0,0,0.0,0.0,0,0,0,True,0.0016041583527316994,0.035598479283555556,13,0.0016041583527316994,9,0.0009949350913829036,2,-0.032257896571991296,-0.02321099112959324,,0.0,0.001344027227060514,,0.02188966674884403,0.045977777571562344,0.07842262343305151,0.032444845861489165,0.050961850299440566,0.016752060033755588,0.039528284363214,0.06309684058464642,0.02356855622143242,0.03815957538769454,0.02102738498895841,0.5201384384699939|0.7799001925333557|0.7379590598229889,0.7937196548282591|0.50938184294757|0.6587443057347905,0.36604760733523667|0.4747871645707832|0.645929327751151,0.0,0.0,0.0,0,0
56,contact,lift,10,0.25,0.0,0.0,,0.0,0.0,0.0,0,False,,2,2,2,0,2,0,2,2,False,False,ordinary_base,left_hand|right_hand,0.13324724487029016,0.00275121396407485,0.10222380887717009,0.018245392944663763,,0.10222380887717009,0.6955617338565856,0.6955617338565856,,,1.0,1.0,0,0.0,0.0,0,0,0,True,0.0014458835523991562,0.035644468083618736,13,0.0014458835523991562,9,0.0010708225501471214,2,-0.03260794609346718,-0.023467523818011315,,0.0,0.0013488949964388926,,0.021999869463722684,0.046856424441654033,0.07967692409749529,0.03282049965584125,0.051448401910003855,0.01734311308012454,0.040072941428593856,0.06285158756602709,0.02277864613743323,0.03716214352962819,0.021244854738459728,0.5184221861418556|0.7658696283541012|0.7392798215442434,0.7883076021885078|0.5043390190757698|0.6659351797361388,0.3625695751430416|0.466837862845612|0.6525107354480393,0.0,0.0,0.0,0,0
57,contact,lift,9,0.25,0.0,0.0,,0.0,0.0,0.0,0,False,,2,2,2,0,2,0,2,2,False,False,ordinary_base,left_hand|right_hand,0.13301443890668452,0.0027691051363945007,0.10214892914518714,0.01824853988364339,,0.10214892914518714,0.7031896204456326,0.7031896204456326,,,1.0,1.0,0,0.0,0.0,0,0,0,True,0.0026466115634523092,0.03613477800295706,15,0.0026466115634523092,10,0.0009571826990658616,2,-0.03186886568556169,-0.023956477274648336,,0.0,0.0013420335932308118,,0.022124330266650064,0.047106205861016825,0.08080551440202585,0.033699308541009027,0.057089073268580724,0.017487067837903377,0.04059147177297748,0.0625236014567377,0.021932129683760224,0.03635178873044973,0.021581980404754477,0.5157363411432718|0.7536729610646405|0.7402526151242136,0.7844922498230112|0.503710041586383|0.6692217955069796,0.3596307824423341|0.45770421217807034|0.6564783234853919,0.0,0.0,0.0,0,0
58,contact,lift,8,0.25,0.0,0.0,,0.0,0.0,0.0,0,False,,2,2,2,0,2,0,2,2,False,False,ordinary_base,left_hand|right_hand,0.1328201969154179,0.0027791911270469427,0.10202427790500224,0.01817937009036541,,0.10202427790500224,0.7142118129875038,0.7142118129875038,,,1.0,1.0,0,0.0,0.0,0,0,0,True,0.0020298005091358567,0.03692404814164199,15,0.0020298005091358567,11,0.000996871240209668,1,-0.03043604872979344,-0.024955044355479572,,0.0,0.0013384494069499928,,0.022292407719714465,0.04747470353695365,0.08208595624039866,0.03461125270344501,0.05885315966054717,0.017608754157572563,0.041238220421284645,0.06191571594193373,0.020677495520649083,0.03519349032816647,0.021864407720935,0.514502944775789|0.741137442477755|0.7385900952547328,0.7817586336583372|0.4936628585019701|0.6703211649072907,0.3574897063114292|0.44783609676757224|0.6580817493527477,0.0,0.0,0.0,0,0
59,contact,lift,7,0.25,0.0,0.0,,0.0,0.0,0.0,0,False,,2,2,2,0,2,0,2,2,False,False,ordinary_base,left_hand|right_hand,0.13226469000801444,0.0027703139930963516,0.10145112103782594,0.018195643089711666,,0.10145112103782594,0.711987288739746,0.711987288739746,,,1.0,1.0,0,0.0,0.0,0,0,0,True,0.0014773258316998356,0.03780396501027744,18,0.0014773258316998356,14,0.0009299617113146946,1,-0.03019108343038468,-0.025930777233961422,,0.0,0.001334242736475071,,0.022281535699264787,0.04783961738034645,0.08281399643479351,0.03497437905444706,0.05892982514744766,0.01740783672167533,0.041370924921126,0.06109924469348155,0.01972831977235555,0.03450550026661519,0.022097589316953124,0.5127000716075086|0.7272303885784309|0.735957473203252,0.7783099425715314|0.4819058217720863|0.6712129024961799,0.35511241651859865|0.4353594553021194|0.6583350020775663,0.0,0.0,0.0,0,0
60,contact,lift,6,0.25,0.0,0.0,,0.0,0.0,0.0,0,False,,2,2,2,0,2,0,2,2,False,False,ordinary_base,left_hand|right_hand,0.13249858701601624,0.0028104858938604593,0.10119455098174512,0.01847195695154369,,0.10119455098174512,0.7083266357681132,0.7083266357681132,,,1.0,1.0,0,0.0,0.0,0,0,0,True,0.00151000770041523,0.03881697569379447,17,0.00151000770041523,12,0.0010208625527915322,2,-0.029960676372736472,-0.024150897077674927,,0.0,0.0013316558188232262,,0.022248598158629906,0.04849226055337269,0.08286937392129964,0.034377113367926954,0.059278076404046115,0.017302403064507567,0.041350422090621605,0.06258810698549111,0.021237684894869505,0.03943168223836342,0.022115547863851368,0.5111912656743295|0.71331498630949|0.7333073295154218,0.7740921830057135|0.4703610152149341|0.6694729026453281,0.35155857853552014|0.4234103630517593|0.6550349907877954,0.0,0.0,0.0,0,0
61,contact,lift,5,0.25,0.0,0.0,,0.0,0.0,0.0,0,False,,2,2,2,0,2,0,2,2,False,False,ordinary_base,left_hand|right_hand,0.1324792189989239,0.0028194410260766745,0.10182099300436676,0.018030307022854686,,0.10182099300436676,0.6941114038663312,0.6941114038663312,,,1.0,1.0,0,0.0,0.0,0,0,0,True,0.0016844551902749916,0.039676843758642416,13,0.0016844551902749916,8,0.001017671083184582,2,-0.030211335353165225,-0.024681337605334974,,0.0,0.001328649145446129,,0.0220615369016319,0.04899456267311318,0.08268973028328229,0.03369516761016911,0.05850370883132062,0.017313450054928233,0.04132883089483988,0.061765312771910316,0.020436481877070437,0.038021333204916914,0.02217903982487001,0.5094129213174877|0.6979053750857209|0.7302622175945067,0.7700815486552204|0.45732348502984005|0.6686183463086061,0.3486586953812801|0.4079756038910124|0.6539822962703381,0.0,0.0,0.0,0,0
62,contact,lift,4,0.25,0.0,0.0,,0.0,0.0,0.0,0,False,,2,2,2,0,2,0,2,2,False,False,ordinary_base,left_hand|right_hand,0.13186030089855194,0.0028568438719958067,0.10119646997191012,0.017996015027165413,,0.10119646997191012,0.6847166675190485,0.6847166675190485,,,1.0,1.0,0,0.0,0.0,0,0,0,True,0.0014688902619509267,0.040663215095579686,12,0.0014688902619509267,7,0.0010476602611942942,2,-0.02985932031865879,-0.025157152041797914,,0.0,0.0013198022668505197,,0.021931032569108593,0.049394518204468864,0.08366957958324993,0.034275061378781065,0.05785367011668115,0.017108273442978758,0.04091367850967092,0.060736539790726934,0.019822861281056016,0.037065536568129435,0.02206623999402965,0.5108517230243435|0.6824337731426412|0.7270444302081982,0.7667805468361667|0.44293456975384227|0.6665367467050191,0.3463184380346388|0.39256385873066263|0.653390341593767,0.0,0.0,0.0,0,0
63,contact,lift,3,0.32465246735834974,0.0,0.0,,0.0,0.0,0.0,0,False,,2,2,2,0,2,0,2,2,False,False,ordinary_base,left_hand|right_hand,0.13196486979722977,0.002815752988681197,0.10128497192636132,0.01807516487315297,,0.10128497192636132,0.6729939441987163,0.6729939441987163,,,1.0,1.0,0,0.0,0.0,0,0,0,True,0.0010512431639079084,0.041270650590252395,10,0.0010100401867836686,5,0.0010512431639079084,2,-0.0297921003226147,-0.02508366071047341,,0.0,0.0013103779237777513,,0.021777033087750395,0.049733938832591626,0.08547488591689208,0.03574094708430045,0.0559068549064728,0.017102304266420176,0.04040591621269891,0.060226545934578844,0.019820629721879937,0.03673277344262295,0.02193581692726258,0.5117560678465128|0.6657686991502668|0.7244328529985117,0.7636351565857324|0.42571273126691045|0.6648702614639361,0.34367172830870496|0.37715275224031153|0.6541695954924548,0.0,0.0,0.0,0,0
64,contact,lift,2,0.6065306597126334,0.0,0.0,,0.0,0.0,0.0,0,False,,2,2,2,0,2,0,2,2,False,False,ordinary_base,left_hand|right_hand,0.1311424400191754,0.0027927940245717764,0.10058266599662602,0.018034833017736673,,0.10058266599662602,0.6698798899350034,0.6698798899350034,,,1.0,1.0,0,0.0,0.0,0,0,0,True,0.0023184008838479098,0.04193023582416078,10,0.0012117955822540244,5,0.0023184008838479098,2,-0.029763978322508322,-0.024870377380317166,,0.0,0.001260171249065577,,0.021757487870087154,0.05013678328391289,0.08533619115325251,0.03519940786933962,0.05419470627630535,0.01713468906266814,0.03949828466078453,0.0597459112454385,0.02024762658465397,0.03676773447795842,0.021782709720275028,0.5133232427245039|0.6478637828424165|0.7221978144687349,0.7607591031533683|0.40791696069885364|0.6635205076677083,0.34146226616322595|0.36128742708953115|0.6555117465597674,0.0,0.0,0.0,0,0
65,contact,lift,1,0.8824969025845955,0.0,0.0,,0.0,0.0,0.0,0,False,,2,2,2,0,2,0,2,2,False,False,ordinary_base,left_hand|right_hand,0.13317456585355103,0.0028361601289361715,0.10225246706977487,0.01817442593164742,,0.10225246706977487,0.668816363061012,0.668816363061012,,,1.0,1.0,0,0.0,0.0,0,0,0,True,0.002206038401715432,0.04201962996792735,10,0.0017108681768340482,5,0.002206038401715432,2,-0.02972244176891259,-0.02491209117989257,,0.0,0.0013426359340564286,,0.02172978290523808,0.05044326989977869,0.08559167793485198,0.03514840803507329,0.05401274967059255,0.01723952388574651,0.03849170584953987,0.05951756371808114,0.02102585786854127,0.037526403878508176,0.021411040815168595,0.5144486086397819|0.6279686740457467|0.7218212198704501,0.7588516058019744|0.3900614483298444|0.6634017874504724,0.33966966388733155|0.3455821339987486|0.6576664180966384,0.0,0.0,0.0,0,0
66,contact|lift,lift,0,1.0,0.0,0.0,,0.0,0.0,0.0,0,False,,4,4,4,2,2,2,4,4,True,False,semantic_extra,left_hand|right_hand,0.26603996800258756,0.002814990933984518,0.23453392810188234,0.01855588098987937,,0.23453392810188234,0.68255803274383,0.68255803274383,,,1.0,1.0,0,0.0,0.0,0,0,0,True,0.0021693264948983576,0.041705567286237616,11,0.0016824666653428959,6,0.0021693264948983576,2,-0.029733580954848904,-0.02765233258059041,,0.0,0.0014227887564485068,,0.021892416172138673,0.051031612626181985,0.08423342397863949,0.033201811352457505,0.05380309664162753,0.01740111024461148,0.0376196995923931,0.057842348835867925,0.020222649243474826,0.03760845429573164,0.021835912266920252,0.5159043678063829|0.6084726732887992|0.7238507133317288,0.7578979887087635|0.37049133110931043|0.6656614547192767,0.3391704811948672|0.3290245463816418|0.6630265652410261,0.0,0.0,0.0,0,0
67,lift,lift,1,0.8824969025845955,0.0,0.0,,0.0,0.0,0.0,0,False,,2,2,2,0,2,0,2,2,False,False,ordinary_base,left_hand|right_hand,0.13477497198618948,0.0028347899205982685,0.10433295113034546,0.017953614937141538,,0.10433295113034546,0.6947085951320294,0.6947085951320294,,,1.0,1.0,0,0.0,0.0,0,0,0,True,0.001675972811195442,0.041730317212166496,8,0.001675972811195442,3,0.0009471707177684252,2,-0.02977756579728208,-0.025376381403408033,,0.0,0.0014219673486297192,,0.022105451540634643,0.052160158948375626,0.08360951453356287,0.031449355585187244,0.05237153982190283,0.01742258155756178,0.037032972472281,0.06052357150683761,0.02349059903455661,0.0384162031417827,0.02203438480089753,0.5181860810057284|0.5884843856611037|0.7233955579997932,0.7567648026443715|0.3483567191651248|0.6678780383219531,0.336056636854008|0.3133503168569537|0.6650087596851396,0.0,0.0,0.0,0,0
68,lift,lift,2,0.6065306597126334,0.0,0.0,,0.0,0.0,0.0,0,False,,2,2,2,0,2,0,2,2,False,False,ordinary_base,left_hand|right_hand,0.13459466095082462,0.002780430018901825,0.10416249092668295,0.01796019496396184,,0.10416249092668295,0.7074345770364137,0.7074345770364137,,,1.0,1.0,0,0.0,0.0,0,0,0,True,0.0017990629335733338,0.04251354170863181,8,0.0017990629335733338,3,0.0009789578071425775,2,-0.029854828297553482,-0.026460473973617837,,0.0,0.0014331548423788083,,0.02225838682638877,0.053379002177505394,0.08342793345191708,0.03004893127441169,0.050752251155525556,0.01742823548824434,0.03671912429589608,0.06078439710053861,0.024065272804642532,0.03888869561277734,0.02210015069829523,0.5211323831745895|0.5682447218319049|0.7241458553649559,0.7557562922863155|0.3250444624240904|0.6707829461090163,0.3345820103676924|0.2961964586523084|0.671276262903238,0.0,0.0,0.0,0,0
69,lift,lift,3,0.32465246735834974,0.0,0.0,,0.0,0.0,0.0,0,False,,2,2,2,0,2,0,2,2,False,False,ordinary_base,left_hand|right_hand,0.13427097303792834,0.0028305561281740665,0.10328447888605297,0.018208574037998915,,0.10328447888605297,0.7496281434561625,0.7496281434561625,,,1.0,1.0,0,0.0,0.0,0,0,0,True,0.005435456567355154,0.043226692875205586,9,0.005435456567355154,4,0.0010749700981545623,1,-0.029885237331088277,-0.029457222511057424,,0.0,0.0014622709462603588,,0.02258177044082452,0.05388450247948265,0.08311504292047069,0.029230540440988037,0.05012183859601766,0.01732633359298807,0.03700867742774968,0.05958306106973314,0.022574383641983463,0.03788500048852444,0.022475404237654775,0.5241879072723135|0.5480028770218252|0.7250040402516181,0.7550393129313874|0.301801401700187|0.6745827699687773,0.3345985523183345|0.278623729812081|0.6791763575574421,0.0,0.0,0.0,0,0
70,lift,lift,4,0.25,0.0,0.0,,0.0,0.0,0.0,0,False,,2,2,2,0,2,0,2,2,False,False,ordinary_base,left_hand|right_hand,0.13094581314362586,0.002773116109892726,0.10013608611188829,0.018204282969236374,,0.10013608611188829,0.8452007672039648,0.8452007672039648,,,1.0,1.0,0,0.0,0.0,0,0,0,True,0.0047236184237286205,0.04431807824702502,9,0.0047236184237286205,4,0.0010275230852250655,1,-0.02990294293641682,-0.029146802430028984,,0.0,0.001419042446387684,,0.023167413878277834,0.054745524450562334,0.0830344978463667,0.028288973395804363,0.0491689102558699,0.017232688223186944,0.03771509751251009,0.06188913559292474,0.02417403808041465,0.03779746466051981,0.023118904813976587,0.5267771755486623|0.5289133507426745|0.7254506889567802,0.7546989252984084|0.27872481045245234|0.6794688405843942,0.33422143008754557|0.2656784725402498|0.6815840456387563,0.0,0.0,0.0,0,0
71,lift,lift,5,0.25,0.0,0.0,,0.0,0.0,0.0,0,False,,2,2,2,0,2,0,2,2,False,False,ordinary_base,left_hand|right_hand,0.1257061290089041,0.0028041230980306864,0.0951063281390816,0.017913165036588907,,0.0951063281390816,0.7275526936779565,0.7275526936779565,,,1.0,1.0,0,0.0,0.0,0,0,0,True,0.005192336992156599,0.04035143531579041,9,0.005192336992156599,5,0.0009334671792387284,1,-0.032588870434061334,-0.030562221769237397,,0.0,0.0013325637580705336,,0.02229560240851531,0.055322868465104334,0.0800274048130347,0.02470453634793037,0.04900598439088459,0.017801706514496647,0.03816458677540281,0.058469733754755476,0.020305146979352665,0.035607528555228335,0.021612047643273166,0.5268240839883761|0.49917974472627813|0.7321589594538757,0.754458867746129|0.25832981704175156|0.6907604134605977,0.33437709916958386|0.24357380255259198|0.6885032018330167,0.0,0.0,0.0,0,0
72,lift,lift,6,0.25,0.0,0.0,,0.0,0.0,0.0,0,False,,2,2,2,0,2,0,2,2,False,False,ordinary_base,left_hand|right_hand,0.12355399806983769,0.00274886516854167,0.09300938015803695,0.017902179155498743,,0.09300938015803695,0.6874804860637614,0.6874804860637614,,,1.0,1.0,0,0.0,0.0,0,0,0,True,0.0019638845093554735,0.035264896092281894,11,0.0019638845093554735,7,0.0009476077389876519,1,-0.030675144171844693,-0.028289754834839087,,0.0,0.0012225453619891026,,0.02201566993602509,0.055568303809093826,0.0808733790328733,0.02530507522377947,0.04932646714755909,0.017659811183721903,0.03799352123234755,0.05916763438579501,0.021174113153447457,0.03586022706295034,0.021167059503562895,0.5306530730213872|0.47862169492538775|0.7344504189773702,0.7536875309238349|0.23697719361764658|0.6924330292597193,0.33272786808285476|0.22521061027954456|0.6909519457350227,0.0,0.0,0.0,0,0
73,lift,lift,7,0.25,0.0,0.0,,0.0,0.0,0.0,0,False,,2,2,2,0,2,0,2,2,False,False,ordinary_base,left_hand|right_hand,0.1235061758197844,0.002726275008171797,0.09250859101302922,0.018423072062432766,,0.09250859101302922,0.6566911651048669,0.6566911651048669,,,1.0,1.0,0,0.0,0.0,0,0,0,True,0.0019859592378918683,0.034627821284626964,12,0.0019859592378918683,8,0.001009031073795158,1,-0.030327172024829707,-0.02842193695644113,,0.0,0.0011144343890139479,,0.021771915839069008,0.05525468948402768,0.08042926164926097,0.025174572165233285,0.049442634131259725,0.017844835242102456,0.037862509163204494,0.058994243182860416,0.021131734019655922,0.035795315310264385,0.020818204035204544,0.5343584880994766|0.46018985361989406|0.7370417608227737,0.7526263232633532|0.21672183876607054|0.6941062424175638,0.33194111538861776|0.20825053435439334|0.6950870160533914,0.0,0.0,0.0,0,0
74,lift,lift,8,0.25,0.0,0.0,,0.0,0.0,0.0,0,False,,2,2,2,0,2,0,2,2,False,False,ordinary_base,left_hand|right_hand,0.12422932405024767,0.0027438749093562365,0.09272697195410728,0.01855865796096623,,0.09272697195410728,0.6574828697419813,0.6574828697419813,,,1.0,1.0,0,0.0,0.0,0,0,0,True,0.0049162464989070676,0.035347839901151396,12,0.0049162464989070676,8,0.0010768012233266788,1,-0.030980847757652086,-0.03015636807192479,,0.0,0.0011221459949460218,,0.021814130516504576,0.0552517462021013,0.08100556470205278,0.02575381849995148,0.04689845838373475,0.018548142666659453,0.03773448116883345,0.05774692712457586,0.020012445955742413,0.035060215206938666,0.020104812734818848,0.536561747123501|0.44027257263254105|0.7373305426570969,0.7505791504386403|0.1940169046873199|0.6967650956790835,0.3320648273996996|0.1910144104577073|0.698527285937175,0.0,0.0,0.0,0,0
75,lift,lift,9,0.25,0.0,0.0,,0.0,0.0,0.0,0,False,,2,2,2,0,2,0,2,2,False,False,ordinary_base,left_hand|right_hand,0.12634857301600277,0.0027655321173369884,0.0943856060039252,0.018949031131342053,,0.0943856060039252,0.6657277726870204,0.6657277726870204,,,1.0,1.0,0,0.0,0.0,0,0,0,True,0.004603595430793611,0.03546161506642323,12,0.004603595430793611,8,0.0011409149316018857,1,-0.03100659425102137,-0.029875227728876297,,0.0,0.0011125418945958916,,0.02193545450877453,0.05504233004156982,0.08161164222555742,0.0265693121839876,0.046020587743098376,0.018647424759471384,0.03780574298591345,0.05794940221906219,0.020143659233148738,0.03747821239356072,0.020115351561871168,0.5389376263445022|0.42215642962139593|0.7381321315839048,0.749116422414402|0.17251983181894387|0.6986064608357249,0.3303543687278301|0.17422951666061626|0.701676713081454,0.0,0.0,0.0,0,0
76,lift,lift,10,0.25,0.0,0.0,,0.0,0.0,0.0,0,False,,2,2,2,0,2,0,2,2,False,False,ordinary_base,left_hand|right_hand,0.13377292593941092,0.002755868947133422,0.09996380307711661,0.020157506922259927,,0.09996380307711661,0.6616199146463397,0.6616199146463397,,,1.0,1.0,0,0.0,0.0,0,0,0,True,0.004311261868192834,0.035949975771122106,14,0.004311261868192834,8,0.0009978877307261491,1,-0.03109575502500128,-0.029279770734506272,,0.0,0.0011119398226281693,,0.021824480014588168,0.05502234518738768,0.08184985212865076,0.026827506941263075,0.04541551157256343,0.018435850328829672,0.037929833137146575,0.05803671700012502,0.020106883862978445,0.03738795967816847,0.019639119535757105,0.5393675322976144|0.40345394014687136|0.7367901732463129,0.747264829879429|0.15181258115844948|0.6990081987309235,0.3287995677038785|0.1569533524597074|0.7026662465400302,0.0,0.0,0.0,0,0
77,lift,lift,11,0.25,0.0,0.0,,0.0,0.0,0.0,0,False,,2,2,2,0,2,0,2,2,False,False,ordinary_base,left_hand|right_hand,0.1389931789599359,0.002752171130850911,0.1063524589408189,0.019510407000780106,,0.1063524589408189,0.6492376813829619,0.6492376813829619,,,1.0,1.0,0,0.0,0.0,0,0,0,True,0.0014496241024596242,0.036733871064794504,13,0.0014496241024596242,8,0.0009617999158491874,1,-0.030780766114993696,-0.02611601588396617,,0.0,0.0014198359078913814,,0.021574251036175395,0.054896188116882357,0.0823086026040851,0.02741241448720274,0.04574917286917612,0.018502087189576927,0.037866171346140474,0.06207103290513244,0.024204861558991965,0.04051377759388646,0.018832626103986633,0.5362841187864636|0.383981695842531|0.7354290072170734,0.7467365616178774|0.13123687775228599|0.699712923283861,0.3263880023997141|0.1440721402417184|0.6994666351303536,0.0,0.0,0.0,0,0
78,lift,lift,12,0.25,0.0,0.0,,0.0,0.0,0.0,0,False,,2,2,2,0,2,0,2,2,False,False,ordinary_base,left_hand|right_hand,0.14281507907435298,0.002804327988997102,0.10843144613318145,0.02055719494819641,,0.10843144613318145,0.6464417708750281,0.6464417708750281,,,1.0,1.0,0,0.0,0.0,0,0,0,True,0.004697922683921857,0.03750213589831275,15,0.004697922683921857,10,0.0009769651969412374,1,-0.03021854493117182,-0.029078813595354802,,0.0,0.0014446412872820952,,0.021494256010806997,0.05424781529848365,0.08187391719414076,0.02762610189565711,0.049957041421871046,0.01827227680042391,0.038394989384729065,0.05785510829236801,0.01946011890763894,0.03763909608323111,0.019089252498826547,0.5394715386751814|0.3665110324494726|0.7336337171994431,0.7456852619515724|0.11193750627003665|0.6967099076703397,0.3264440200965197|0.12261651117396538|0.7029901921376093,0.0,0.0,0.0,0,0
79,lift,lift,13,0.25,0.0,0.0,,0.0,0.0,0.0,0,False,,2,2,2,0,2,0,2,2,False,False,ordinary_base,left_hand|right_hand,0.16330354497767985,0.0027868200559169054,0.1314820919651538,0.019110749009996653,,0.1314820919651538,0.6566153275521673,0.6566153275521673,,,1.0,1.0,0,0.0,0.0,0,0,0,True,0.0016751491729541657,0.03791279396265951,13,0.0016751491729541657,10,0.0009362324884409357,1,-0.030328087613241905,-0.026234064995334094,,0.0,0.001421374321070675,,0.02165158906368273,0.053541845803466416,0.0799552155618329,0.02641336975836648,0.05181413596192155,0.018457425049169945,0.03885015828802071,0.061005151980680655,0.022154993692659948,0.0403092049994293,0.01937848043708048,0.5390130670768977|0.35065738363423804|0.734231137452541,0.7448503794280065|0.09343350430631153|0.6947931467384625,0.32385957354378164|0.10850097336820183|0.6994100010160021,0.0,0.0,0.0,0,0
80,lift,lift,14,0.25,0.0,0.0,,0.0,0.0,0.0,0,False,,2,2,2,0,2,0,2,2,False,False,ordinary_base,left_hand|right_hand,0.13534588017500937,0.0027590219397097826,0.10449816915206611,0.018276055110618472,,0.10449816915206611,0.6908878573700477,0.6908878573700477,,,1.0,1.0,0,0.0,0.0,0,0,0,True,0.001460179162838006,0.038514675932251774,14,0.001460179162838006,10,0.0009350995295182712,1,-0.03039598349749184,-0.026452811522037933,,0.0,0.0014430353564359147,,0.021975794751563877,0.05281163420317074,0.07856610446869149,0.025754470265520746,0.0540796526739881,0.018744726198442342,0.03909757151750115,0.06074220022003283,0.021644628702531678,0.04010205823718173,0.019779457004265998,0.5391894077502597|0.33410345392648577|0.7328650779642366,0.7433502187933034|0.07429817191611299|0.6908913175414241,0.32340733637964686|0.09193986470653594|0.695405256179407,0.0,0.0,0.0,0,0
81,lift,lift,15,0.25,0.0,0.0,,0.0,0.0,0.0,0,False,,2,2,2,0,2,0,2,2,False,False,ordinary_base,left_hand|right_hand,0.13562438893131912,0.002769678132608533,0.10467944201081991,0.01827679085545242,,0.10467944201081991,0.7049349049453476,0.7049349049453476,,,1.0,1.0,0,0.0,0.0,0,0,0,True,0.0014944689778654818,0.03877613979266428,18,0.0014944689778654818,14,0.0009534426900642823,1,-0.03055320433578501,-0.026577312946956866,,0.0,0.0014566196955857012,,0.022076846206086857,0.05296259291520634,0.0785776478103349,0.02561505489512856,0.05606814702312778,0.019042779270328835,0.03961493467729736,0.06093075765731778,0.021315822980020417,0.03945301429277046,0.019794651983530292,0.538562154360131|0.3176953854631585|0.7314888054062256,0.7423085457130385|0.05305255740354496|0.6885467641941568,0.3224220710783801|0.07604047148736073|0.6902421586557903,0.0,0.0,0.0,0,0
82,lift,lift,16,0.25,0.0,0.0,,0.0,0.0,0.0,0,False,,2,2,2,0,2,0,2,2,False,False,ordinary_base,left_hand|right_hand,0.1360308239236474,0.0028234960045665503,0.10496556898579001,0.01842000987380743,,0.10496556898579001,0.6956557446138493,0.6956557446138493,,,1.0,1.0,0,0.0,0.0,0,0,0,True,0.001498818323488027,0.03920902699494394,14,0.001498818323488027,10,0.0009434636182284878,1,-0.030368122296517086,-0.026756215114954074,,0.0,0.0014237507140235411,,0.021987313158591183,0.05349538631266275,0.0790327786363172,0.025537392323654456,0.056384349521136475,0.019055630509292012,0.03953561794581501,0.06066506143373669,0.02112944348792168,0.03933385853933222,0.01976649299385704,0.5371143220242577|0.2997623656226223|0.7293401900997394,0.7407657017333039|0.032063398480817726|0.6847799854530595,0.32098290617203007|0.05899068184432502|0.6848914128930823,0.0,0.0,0.0,0,0
83,lift,lift,17,0.25,0.0,0.0,,0.0,0.0,0.0,0,False,,2,2,2,0,2,0,2,2,False,False,ordinary_base,left_hand|right_hand,0.13331671501509845,0.0027725971303880215,0.10267814109101892,0.017986133927479386,,0.10267814109101892,0.6757826769856642,0.6757826769856642,,,1.0,1.0,0,0.0,0.0,0,0,0,True,0.001566762382730725,0.040084209858278264,14,0.001566762382730725,10,0.0009015827197267762,1,-0.030153068097968472,-0.02658079279892611,,0.0,0.0014145085030257947,,0.021768551403465137,0.05423468429844837,0.08037509544466986,0.026140411146221496,0.05592571058345031,0.01881603345526904,0.03948351861285519,0.06060398945967492,0.021120470846819728,0.039162266524420446,0.01991609122081232,0.5342256954802276|0.27992607501366273|0.7266023010146286,0.7390889663823592|0.009998474523826805|0.6818753254355643,0.31861273824129904|0.04073882821724934|0.6796749434903638,0.0,0.0,0.0,0,0
84,lift,lift,18,0.25,0.0,0.0,,0.0,0.0,0.0,0,False,,2,2,2,0,2,0,2,2,False,False,ordinary_base,left_hand|right_hand,0.13167916587553918,0.0027639809995889664,0.10131166013889015,0.017958890879526734,,0.10131166013889015,0.6653728908531181,0.6653728908531181,,,1.0,1.0,0,0.0,0.0,0,0,0,True,0.0017164186748070097,0.040673983316071444,12,0.0017164186748070097,8,0.0009568126366722995,1,-0.030116625812091513,-0.026393771558167245,,0.0,0.0014076228325003142,,0.021636907934814917,0.05392009683769248,0.08042515838116077,0.026505061543468288,0.05642302427768183,0.01879803689894559,0.03952623391725996,0.06090413358442782,0.021377899667167855,0.03973201769685284,0.02016704500626123,0.5313921802662994|0.2591326512882823|0.7259012969764095,0.7367936611592846|-0.009549129336099544|0.6788540694488906,0.31569243377223305|0.022074481605648944|0.6756133401538179,0.0,0.0,0.0,0,0
85,lift,lift,19,0.25,0.0,0.0,,0.0,0.0,0.0,0,False,,2,2,2,0,2,0,2,2,False,False,ordinary_base,left_hand|right_hand,0.13077258691191673,0.002766480902209878,0.10049259709194303,0.01786094205453992,,0.10049259709194303,0.6829267483779045,0.6829267483779045,,,1.0,1.0,0,0.0,0.0,0,0,0,True,0.0017118996712733418,0.040867657720065065,8,0.0017118996712733418,4,0.00092662085964966,1,-0.03025319382457603,-0.02630352386583823,,0.0,0.0014048107456705713,,0.02185569368509691,0.052944634894628216,0.08048575854996112,0.027541123655332907,0.05657643627338025,0.018964338070656922,0.03941355537398549,0.06145380680963556,0.02204025143565007,0.04051861740713239,0.020600199880180525,0.5290115102478378|0.23725938816810954|0.7267140801983532,0.7345942004561099|-0.029329227651138056|0.6776786980746978,0.3126725410004713|0.002836959142149601|0.6730309155471828,0.0,0.0,0.0,0,0
86,lift,lift,20,0.25,0.0,0.0,,0.0,0.0,0.0,0,False,,2,2,2,0,2,0,2,2,False,False,ordinary_base,left_hand|right_hand,0.13409837195649743,0.002738187788054347,0.10365634714253247,0.018014985136687756,,0.10365634714253247,0.7039966070452948,0.7039966070452948,,,1.0,1.0,0,0.0,0.0,0,0,0,True,0.0017022737646772597,0.04123049101403381,8,0.0017022737646772597,4,0.0009200310082245478,1,-0.031187129541725866,-0.028690237955659725,,0.0,0.0013912089417351845,,0.022134089155594668,0.052335570968175225,0.07935034057591481,0.027014769607739582,0.056873361040055505,0.01942290683673903,0.03957457891397682,0.05975736347786245,0.020182784563885635,0.038213896753396176,0.020962434676550998,0.5262957810827256|0.21587931263352592|0.7288128843017219,0.7320768576681393|-0.048132612426707855|0.678090405336051,0.310613189947546|-0.01988781945010984|0.6736812476521123,0.0,0.0,0.0,0,0
87,lift,lift,21,0.25,0.0,0.0,,0.0,0.0,0.0,0,False,,2,2,2,0,2,0,2,2,False,False,ordinary_base,left_hand|right_hand,0.13329984992742538,0.0028008059598505497,0.10264973202720284,0.018152856035158038,,0.10264973202720284,0.7378292368153225,0.7378292368153225,,,1.0,1.0,0,0.0,0.0,0,0,0,True,0.0020379347296298755,0.0416531527405119,8,0.0020379347296298755,4,0.0009022363598813199,1,-0.031986497687954696,-0.02688817037223501,,0.0,0.0014679142350039062,,0.022523737385815062,0.05202448067509307,0.07837991702196044,0.02635543634686737,0.05670541961087318,0.01966739336741812,0.0394933665107388,0.06199486291428369,0.022501496403544888,0.039703743080882925,0.02098523340800789,0.5223041787158719|0.1931322125319615|0.7313766509368163,0.7306709008924094|-0.06745420792051751|0.681470379098422,0.30700693369114684|-0.04063795018704794|0.6715378103483717,0.0,0.0,0.0,0,0
88,lift,lift,22,0.25,0.0,0.0,,0.0,0.0,0.0,0,False,,2,2,2,0,2,0,2,2,False,False,ordinary_base,left_hand|right_hand,0.13099512504413724,0.002785300137475133,0.10060777701437473,0.017793178092688322,,0.10060777701437473,0.7630283891366536,0.7630283891366536,,,1.0,1.0,0,0.0,0.0,0,0,0,True,0.0024281585744909268,0.04235574845816559,8,0.0024281585744909268,4,0.0008997796709918071,1,-0.03225182319723885,-0.02684714057602733,,0.0,0.0014306069025173008,,0.022771593071048365,0.05167485160244185,0.07864697578379679,0.026972124181354938,0.05337324828504909,0.019876878954353014,0.039589975463028844,0.061960465353860635,0.02237048989083179,0.03876366885248605,0.020808977869827133,0.5169030825181101|0.17198135513867446|0.7304112903783416,0.7293402964998946|-0.08737855266887726|0.6829668531189266,0.3051525298204698|-0.06419456068478939|0.6711066648540698,0.0,0.0,0.0,0,0
89,lift,lift,23,0.25,0.0,0.0,,0.0,0.0,0.0,0,False,,2,2,2,0,2,0,2,2,False,False,ordinary_base,left_hand|right_hand,0.1277800900861621,0.002790978876873851,0.09730721288360655,0.017871706979349256,,0.09730721288360655,0.7367984200136051,0.7367984200136051,,,1.0,1.0,0,0.0,0.0,0,0,0,True,0.0023762503912522354,0.03992916566319357,8,0.0023762503912522354,4,0.0009310353081173062,1,-0.031427527886378925,-0.030984073524052747,,0.0,0.001353464874876274,,0.022334265033073557,0.051297621187728105,0.08121394405954367,0.029916322871815566,0.051258647422381065,0.019276767264268118,0.0399114196952542,0.05920101036086605,0.019289590665611853,0.036953945400563,0.021320614679648808,0.5197593802259883|0.14627140217480464|0.7337477562850366,0.7288040570449539|-0.10921739306402249|0.6833992625154326,0.3066333199704255|-0.08718715362163527|0.6767876034260576,0.0,0.0,0.0,0,0
90,lift,lift,24,0.25,0.0,0.0,,0.0,0.0,0.0,0,False,,2,2,2,0,2,0,2,2,False,False,ordinary_base,left_hand|right_hand,0.1250508849043399,0.00278685986995697,0.09434719220735133,0.0181005101185292,,0.09434719220735133,0.7228767693805926,0.7228767693805926,,,1.0,1.0,0,0.0,0.0,0,0,0,True,0.0034717073922869573,0.03622837259455522,8,0.0034717073922869573,4,0.0008893606248760316,1,-0.033091232727249675,-0.02953310657411201,,0.0,0.0011452920844072423,,0.022330530288670342,0.05108688241584495,0.08068075250483643,0.029593870088991482,0.04841363344872344,0.018827420346176443,0.03907005146331291,0.059305849153061516,0.020235797689748605,0.03759066993821429,0.021136963962185628,0.5156425260358185|0.12275368274312394|0.7362397735109787,0.7284462949191127|-0.1350844838770932|0.6907933154993832,0.3057566851049529|-0.11163656050926213|0.6776803350622709,0.0,0.0,0.0,0,0
91,lift,lift,25,0.25,0.0,0.0,,0.0,0.0,0.0,0,False,,2,2,2,0,2,0,2,2,False,False,ordinary_base,left_hand|right_hand,0.12487676902674139,0.0027908640913665295,0.09396968712098897,0.018183188047260046,,0.09396968712098897,0.6922693730538231,0.6922693730538231,,,1.0,1.0,0,0.0,0.0,0,0,0,True,0.001597313278585935,0.03230897943531871,10,0.001597313278585935,5,0.0009385866355722527,1,-0.03169140745723453,-0.026184865623031683,,0.0,0.0011900009619543641,,0.02192577190979601,0.05120678272609865,0.08260561019942021,0.03139882747332156,0.0493748701409531,0.017724477966536294,0.039043695649939224,0.061375406420564646,0.022331710770625422,0.038665468139190806,0.020288385664242677,0.5101632317489602|0.10263495950440522|0.7350225775511234,0.7279190848999239|-0.1479569620718642|0.6862924968359164,0.3049717987297587|-0.13469207267217304|0.6761284000231006,0.0,0.0,0.0,0,0
92,lift,carry_mid,25,0.25,0.0,0.0,,0.0,0.0,0.0,0,False,,2,2,2,0,2,0,2,2,False,False,ordinary_base,left_hand|right_hand,0.12493108701892197,0.0028007992077618837,0.0939119930844754,0.018317349022254348,,0.0939119930844754,0.6822977106196968,0.6822977106196968,,,1.0,1.0,0,0.0,0.0,0,0,0,True,0.0016439409615710276,0.03336573909848861,13,0.0016439409615710276,8,0.0009724846177106561,1,-0.03070972970197694,-0.025909213938254183,,0.0,0.0011602003048532812,,0.021854760970536413,0.05176764694933557,0.08156619635397028,0.029798549404634708,0.053292661492244035,0.017073407785713743,0.03899495115191409,0.060716057187620444,0.02172110603570635,0.03730920225536403,0.020492617478322837,0.5057412970786831|0.08185004380780801|0.7340205219355264,0.7293098276768136|-0.16203468435572554|0.6858759438259379,0.30607414444396686|-0.1607713567362691|0.6786795032822917,0.0,0.0,0.0,0,0
93,lift,carry_mid,24,0.25,0.0,0.0,,0.0,0.0,0.0,0,False,,2,2,2,0,2,0,2,2,False,False,ordinary_base,left_hand|right_hand,0.14964106306433678,0.0027645989321172237,0.11869218200445175,0.018258610973134637,,0.11869218200445175,0.67585787032272,0.67585787032272,,,1.0,1.0,0,0.0,0.0,0,0,0,True,0.0014491231122629872,0.03423728326388262,12,0.0014491231122629872,8,0.0009670462131831786,1,-0.030698453168021445,-0.025360028335002838,,0.0,0.0011545784484354984,,0.02174873949304375,0.05251810766007785,0.08077667309780732,0.028258565437729477,0.0532618190504532,0.01685098469868611,0.03902641846104848,0.06124417707065034,0.02221775860960186,0.03711605183407165,0.02036929010139716,0.5019573600150674|0.062051288766781836|0.7350430865897086,0.7304420906100413|-0.17726608844356279|0.688381927110205,0.3074411778068987|-0.18494419652081825|0.6813071620502129,0.0,0.0,0.0,0,0
94,lift,carry_mid,23,0.25,0.0,0.0,,0.0,0.0,0.0,0,False,,2,2,2,0,2,0,2,2,False,False,ordinary_base,left_hand|right_hand,0.12678231089375913,0.002776843961328268,0.09574041608721018,0.018364429008215666,,0.09574041608721018,0.6722368147374631,0.6722368147374631,,,1.0,1.0,0,0.0,0.0,0,0,0,True,0.001849529649698728,0.035053702948774496,12,0.001849529649698728,8,0.0009845182760856996,1,-0.030617478269956422,-0.026477187762674603,,0.0,0.0011513519222260179,,0.02173929334657691,0.05337867936515988,0.08019905324278766,0.026820373877627778,0.05280887374724211,0.016900644860466534,0.03923634126538478,0.060108433406821336,0.02087209214143656,0.03634123159248597,0.020371266784274953,0.5004891399379079|0.04187233497365946|0.7357120186866711,0.7317370482630318|-0.19206663208855307|0.6906283392601392,0.3097623140197682|-0.2100882515804742|0.6862451867241561,0.0,0.0,0.0,0,0
95,lift,carry_mid,22,0.25,0.0,0.0,,0.0,0.0,0.0,0,False,,2,2,2,0,2,0,2,2,False,False,ordinary_base,left_hand|right_hand,0.12709167902357876,0.0027955970726907253,0.09556133882142603,0.018695498118177056,,0.09556133882142603,0.6690965959859698,0.6690965959859698,,,1.0,1.0,0,0.0,0.0,0,0,0,True,0.0018466827037124656,0.03600162611909222,12,0.0018466827037124656,8,0.000996236127747352,1,-0.03099880877993577,-0.026736642880964112,,0.0,0.0011408163710428189,,0.02170789763875351,0.05324327289408438,0.07987936759762745,0.026636094703543077,0.051634541829626575,0.01672054696122841,0.039320056580962465,0.05967900465885776,0.020358948077895296,0.035898030857717256,0.020393916211006304,0.4999466541197897|0.021104880782500172|0.7357134032516106,0.7330465651637014|-0.2078249296439989|0.693989465000947,0.31248407554605995|-0.23416012204624798|0.6894580664743353,0.0,0.0,0.0,0,0
96,lift,carry_mid,21,0.25,0.0,0.0,,0.0,0.0,0.0,0,False,,2,2,2,0,2,0,2,2,False,False,ordinary_base,left_hand|right_hand,0.13481052103452384,0.002794007072225213,0.10184265696443617,0.019647036213427782,,0.10184265696443617,0.6623510509900291,0.6623510509900291,,,1.0,1.0,0,0.0,0.0,0,0,0,True,0.0017599190638350054,0.03694409940334417,12,0.0017599190638350054,8,0.000973065663103484,1,-0.03083011394472912,-0.026661273600936397,,0.0,0.0011562242051335512,,0.02157832963257536,0.05264279447243873,0.07918009005734288,0.02653729558490415,0.0507470063436133,0.01667906052520494,0.039595738524436035,0.05942152177844333,0.019825783254007294,0.03537746834891589,0.02030700599207169,0.49918980489934506|0.0013102168687475386|0.7348002521102698,0.734729909371938|-0.22186378465963744|0.6965302023432083,0.3151260410792731|-0.25810574793748786|0.6917697848481218,0.0,0.0,0.0,0,0
97,lift,carry_mid,20,0.25,0.0,0.0,,0.0,0.0,0.0,0,False,,2,2,2,0,2,0,2,2,False,False,ordinary_base,left_hand|right_hand,0.14305355516262352,0.0027846968732774258,0.10830080509185791,0.020789452828466892,,0.10830080509185791,0.6591352148065975,0.6591352148065975,,,1.0,1.0,0,0.0,0.0,0,0,0,True,0.0018069791693663406,0.037796060145984356,19,0.0018069791693663406,10,0.0009479205176147476,1,-0.030614810438004625,-0.026435616911317794,,0.0,0.001416134159179755,,0.021526980562531564,0.05186772513673518,0.07919372025812008,0.027325995121384894,0.05145344613937167,0.016786706963156248,0.039767764578703284,0.06040277451482404,0.020635009936120753,0.03598767419623018,0.02064677438955958,0.4961128422846519|-0.016541909471938177|0.733424057136472,0.7358545527683259|-0.23713338826689184|0.696416210379857,0.31659431008668176|-0.2795418415066522|0.694293160678237,0.0,0.0,0.0,0,0
98,lift,carry_mid,19,0.25,0.0,0.0,,0.0,0.0,0.0,0,False,,2,2,2,0,2,0,2,2,False,False,ordinary_base,left_hand|right_hand,0.1416410650126636,0.002815913874655962,0.10948477894999087,0.019249183824285865,,0.10948477894999087,0.6599709327645428,0.6599709327645428,,,1.0,1.0,0,0.0,0.0,0,0,0,True,0.004462754308058259,0.038039623499190184,13,0.004462754308058259,10,0.0009740120397618707,1,-0.03075292041532407,-0.02905403780285276,,0.0,0.0014144437045113464,,0.021581150418722286,0.05101938130571162,0.0789185969811168,0.027899215675405188,0.051555517568459476,0.016951206993391515,0.040257295241883505,0.05923173571568883,0.018974440473805324,0.03465296843571291,0.021084454646710764,0.49527334868703415|-0.03287707437632254|0.7342949483759803,0.7374429514691544|-0.25341541270191653|0.6975401566261116,0.3201185684050049|-0.29959994431076503|0.696886872643862,0.0,0.0,0.0,0,0
99,lift,carry_mid,18,0.25,0.0,0.0,,0.0,0.0,0.0,0,False,,2,2,2,0,2,0,2,2,False,False,ordinary_base,left_hand|right_hand,0.13618937693536282,0.0027648170944303274,0.10476366896182299,0.01868566102348268,,0.10476366896182299,0.6717771982585469,0.6717771982585469,,,1.0,1.0,0,0.0,0.0,0,0,0,True,0.004320421188123452,0.03825398841465555,15,0.004320421188123452,11,0.0009204114214396708,1,-0.03074642737274047,-0.02974180568088869,,0.0,0.0014288429642133936,,0.02178802146053367,0.05020037318986627,0.07830958518046433,0.028109211990598057,0.05126874816221344,0.01710205799802892,0.040929933158895,0.05942437488914798,0.018494441730252976,0.03490859309192207,0.021494714175954333,0.4944944078538376|-0.04881053406298668|0.7352596572783844,0.738902650269656|-0.269754207546782|0.6970582768846353,0.3219498379744829|-0.31849181401807003|0.6979392899716541,0.0,0.0,0.0,0,0
100,lift,carry_mid,17,0.25,0.0,0.0,,0.0,0.0,0.0,0,False,,2,2,2,0,2,0,2,2,False,False,ordinary_base,left_hand|right_hand,0.1368211698718369,0.002823889022693038,0.10629047406837344,0.0180943391751498,,0.10629047406837344,0.6794536575020932,0.6794536575020932,,,1.0,1.0,0,0.0,0.0,0,0,0,True,0.001406265898561486,0.03845595536407734,16,0.001406265898561486,12,0.0009702396970665689,1,-0.030791150420160562,-0.021839907579758844,,0.0,0.001429061273233994,,0.02184152182305339,0.049869754028211734,0.07731627342014297,0.027446519391931233,0.050952260860426264,0.017110653340436186,0.04117591618043275,0.06804198598110985,0.026866069800677093,0.042628054524323826,0.021457390792345106,0.4933023030136175|-0.0642670284129622|0.7344152384727722,0.739604259222583|-0.2857080588359425|0.6942398077337391,0.3177692401505746|-0.33171423964502567|0.6916536093402512,0.0,0.0,0.0,0,0
101,lift,carry_mid,16,0.25,0.0,0.0,,0.0,0.0,0.0,0,False,,2,2,2,0,2,0,2,2,False,False,ordinary_base,left_hand|right_hand,0.13372267503291368,0.0027894550003111362,0.10325988591648638,0.017959690187126398,,0.10325988591648638,0.6745361161896452,0.6745361161896452,,,1.0,1.0,0,0.0,0.0,0,0,0,True,0.0021375057307800455,0.038701081594271464,18,0.0021375057307800455,14,0.0009297726281122104,1,-0.031423719366113545,-0.021971295726320506,,0.0,0.0014163202212408624,,0.02179602865999257,0.05012815757372075,0.07714755129805129,0.027019393724330536,0.0501067630516869,0.017134671815595935,0.041063160271135754,0.06796219021213937,0.026899029941003613,0.04300847636884639,0.021578140070760414,0.4946321013149402|-0.08051484012090755|0.7329089704266794,0.7400834750601026|-0.30315724598485133|0.6908189182628408,0.31890278189524746|-0.3495002802667939|0.6897572004694342,0.0,0.0,0.0,0,0
102,lift,carry_mid,15,0.25,0.0,0.0,,0.0,0.0,0.0,0,False,,2,2,2,0,2,0,2,2,False,False,ordinary_base,left_hand|right_hand,0.13346895086579025,0.0027626839000731707,0.10303628304973245,0.01790733588859439,,0.10303628304973245,0.6676132557809312,0.6676132557809312,,,1.0,1.0,0,0.0,0.0,0,0,0,True,0.004614982842930659,0.039063907960946914,13,0.004614982842930659,9,0.0009261760310064482,1,-0.030741979733134528,-0.030721756503620412,,0.0,0.00141429405130208,,0.0217996872835463,0.050887856121957245,0.07792704946619224,0.02703919334423499,0.04994677815625779,0.017314431500219163,0.04023130942507063,0.059461847321015913,0.019230537895945282,0.03801338739644901,0.021820588343873418,0.49674985685335454|-0.09725002548308008|0.7317526222557015,0.7405275814190175|-0.3212822331782166|0.6858042333547306,0.3244587291992718|-0.37262655942147643|0.6937835301035103,0.0,0.0,0.0,0,0
103,lift,carry_mid,14,0.25,0.0,0.0,,0.0,0.0,0.0,0,False,,2,2,2,0,2,0,2,2,False,False,ordinary_base,left_hand|right_hand,0.13409204618074,0.0028223060071468353,0.10299573792144656,0.018343618139624596,,0.10299573792144656,0.6709724383499179,0.6709724383499179,,,1.0,1.0,0,0.0,0.0,0,0,0,True,0.004889839674255825,0.03967076010862913,14,0.004889839674255825,10,0.0009385610674009226,1,-0.030671191052368485,-0.03062009492880513,,0.0,0.0014132795932692724,,0.021864494964747776,0.052053548970268836,0.07879914531369038,0.026745596343421545,0.04915689423190694,0.01779329082317085,0.0391092353510085,0.059718992200059426,0.020609756849050927,0.039330555008471324,0.021721001297030244,0.5009443560190133|-0.11325097188282857|0.7304587082780951,0.740799523924704|-0.3402670325741225|0.6813447010907203,0.3238774816087452|-0.38928188082835014|0.6916216447824038,0.0,0.0,0.0,0,0
104,lift,carry_mid,13,0.25,0.0,0.0,,0.0,0.0,0.0,0,False,,2,2,2,0,2,0,2,2,False,False,ordinary_base,left_hand|right_hand,0.13876390177756548,0.0028051878325641155,0.10751540982164443,0.018525802064687014,,0.10751540982164443,0.6790245243901971,0.6790245243901971,,,1.0,1.0,0,0.0,0.0,0,0,0,True,0.004959342199654451,0.0401844009829766,14,0.004959342199654451,10,0.0009048578621502351,1,-0.032137529414532295,-0.03057372422047422,,0.0,0.00140891637418811,,0.021985261389906453,0.05296771424189847,0.07873526066906997,0.025767546427171495,0.04740570405093115,0.018001077541357283,0.03796130654290091,0.06004850904773897,0.02208720250483806,0.040975301761419974,0.021753049349855044,0.5053172672062947|-0.13069465671367106|0.7305001635215446,0.7410329331568964|-0.36062875169279207|0.6795187737371641,0.32325371103846406|-0.4043934279172265|0.6896165834940414,0.0,0.0,0.0,0,0
105,lift,carry_mid,12,0.25,0.0,0.0,,0.0,0.0,0.0,0,False,,2,2,2,0,2,0,2,2,False,False,ordinary_base,left_hand|right_hand,0.13756458181887865,0.002808121033012867,0.10699573997408152,0.01809969311580062,,0.10699573997408152,0.692663174307375,0.692663174307375,,,1.0,1.0,0,0.0,0.0,0,0,0,True,0.0014849177984587458,0.04055467554464173,13,0.0014849177984587458,8,0.0009855733786729715,2,-0.03177036104761477,-0.021650838358947766,,0.0,0.0014051215952611941,,0.02213835072025277,0.05350023260415402,0.07989166274281945,0.026391430138665427,0.04573834039585516,0.018027713304189067,0.03711203527518356,0.06870256909599691,0.03159053382081335,0.04736855546676826,0.021547065527826946,0.509837812467413|-0.1465454450097307|0.7300699818681395,0.740537961046306|-0.3840976706309042|0.6750445523922982,0.3184733757623861|-0.4110921781938939|0.6807397506226659,0.0,0.0,0.0,0,0
106,lift,carry_mid,11,0.25,0.0,0.0,,0.0,0.0,0.0,0,False,,2,2,2,0,2,0,2,2,False,False,ordinary_base,left_hand|right_hand,0.13585789990611374,0.002829131903126836,0.10534524801187217,0.017944157123565674,,0.10534524801187217,0.706036544088479,0.706036544088479,,,1.0,1.0,0,0.0,0.0,0,0,0,True,0.0014596123662704887,0.03983866774918873,12,0.0014596123662704887,7,0.0012698660415799423,2,-0.034081446542749916,-0.020990026468652445,,0.0,0.0011731080471928956,,0.02230620666654864,0.05412634430526514,0.08002511979761455,0.02589877549234941,0.043098234808395385,0.018070075144468463,0.03634802915806794,0.07046125278309383,0.03411322362502589,0.047780469915159635,0.0210554891296244,0.5155596970862676|-0.16526794678770634|0.7311831807713531,0.7402442893327086|-0.40812641872562466|0.6760542548137516,0.31838141558694655|-0.4197301617153016|0.6777403868273144,0.0,0.0,0.0,0,0
107,lift,carry_mid,10,0.25,0.0,0.0,,0.0,0.0,0.0,0,False,,2,2,2,0,2,0,2,2,False,False,ordinary_base,left_hand|right_hand,0.15860840189270675,0.002796309068799019,0.12812631693668664,0.017962764017283916,,0.12812631693668664,0.7198289146227523,0.7198289146227523,,,1.0,1.0,0,0.0,0.0,0,0,0,True,0.0014317823896356358,0.03870956848065221,12,0.0014317823896356358,7,0.0011781657868599749,2,-0.03395258420128222,-0.019864797419147706,,0.0,0.0014207356715298211,,0.022361107877188733,0.05482173867011342,0.0813551683676307,0.026533429697517277,0.04324271462305918,0.018601832489280917,0.03560123242083103,0.07196635866293973,0.03636512624210869,0.04854232771603457,0.021570731678217294,0.5199134146068382|-0.1842370963607458|0.7314521900420295,0.7409992245191696|-0.43379615195282367|0.6784195149525922,0.3171352182043666|-0.42835626558261936|0.6759033690122677,0.0,0.0,0.0,0,0
108,lift,carry_mid,9,0.25,0.0,0.0,,0.0,0.0,0.0,0,False,,2,2,2,0,2,0,2,2,False,False,ordinary_base,left_hand|right_hand,0.13427078304812312,0.002767516067251563,0.10386751499027014,0.01785161904990673,,0.10386751499027014,0.7252638695905708,0.7252638695905708,,,1.0,1.0,0,0.0,0.0,0,0,0,True,0.001615724548218525,0.03946978282483102,13,0.0014083767960111244,8,0.001615724548218525,2,-0.03457269201428481,-0.019628484930374057,,0.0,0.001424434902318991,,0.022246074441257584,0.0552368818839593,0.08093561898580112,0.02569873710184182,0.04305991927440983,0.018293888722346843,0.03496290298900075,0.07190549343567769,0.036942590446676936,0.04845945027020868,0.02088590116708385,0.526930846117628|-0.20339668769978825|0.7324732919140727,0.7393162317160004|-0.4562880817829688|0.680551365469564,0.31577301302711885|-0.43760124731249667|0.6758157525657241,0.0,0.0,0.0,0,0
109,lift,carry_mid,8,0.25,0.0,0.0,,0.0,0.0,0.0,0,False,,2,2,2,0,2,0,2,2,False,False,ordinary_base,left_hand|right_hand,0.1326389699243009,0.0027729400899261236,0.10222758096642792,0.018003391101956367,,0.10222758096642792,0.7609815201861283,0.7609815201861283,,,1.0,1.0,0,0.0,0.0,0,0,0,True,0.0014856711984467391,0.04059144124164804,13,0.0014856711984467391,8,0.0009121827482273526,2,-0.035044512760388,-0.0201121513443141,,0.0,0.0014174295949121955,,0.022532473645713993,0.056012868311818176,0.08012372960643885,0.024110861294620672,0.044222765409794924,0.018238396686531082,0.03483913335289958,0.07134748339804861,0.03650835004514903,0.047649571059353,0.02130746613324019,0.533349632472666|-0.21944277141857016|0.7320010009518562,0.7365102760680793|-0.47902004490339795|0.6809514049454658,0.3134458125271857|-0.44612063195790413|0.6762990325347161,0.0,0.0,0.0,0,0
110,lift,carry_mid,7,0.25,0.0,0.0,,0.0,0.0,0.0,0,False,,2,2,2,0,2,0,2,2,False,False,ordinary_base,left_hand|right_hand,0.12783538294024765,0.0027778130024671555,0.09768329304642975,0.017657562857493758,,0.09768329304642975,0.708057084958585,0.708057084958585,,,1.0,1.0,0,0.0,0.0,0,0,0,True,0.0017798418377230202,0.03771388345184867,13,0.0014328671721533653,8,0.0017798418377230202,2,-0.03654788130943665,-0.019898483576794135,,0.0,0.0012080360506909256,,0.021944968668836513,0.05608804471666944,0.0795085210460029,0.023420476329333452,0.04382229701824413,0.01853248697473521,0.03515241213300122,0.0693449207570978,0.03419250862409658,0.044914318272599334,0.020557633378070712,0.5335181303759188|-0.23917471186856382|0.7340946289507468,0.731406814973802|-0.50346752187486|0.6847353744624622,0.3083628338512944|-0.45917312714088376|0.6784735172907326,0.0,0.0,0.0,0,0
111,lift,carry_mid,6,0.25,0.0,0.0,,0.0,0.0,0.0,0,False,,2,2,2,0,2,0,2,2,False,False,ordinary_base,left_hand|right_hand,0.12434553005732596,0.0027821711264550686,0.09399944799952209,0.017878757091239095,,0.09399944799952209,0.6857778468040014,0.6857778468040014,,,1.0,1.0,0,0.0,0.0,0,0,0,True,0.0014365424619126425,0.03663721832357408,12,0.0014365424619126425,8,0.0009778012077348436,1,-0.03566599135233872,-0.020533102355853927,,0.0,0.0012082324562380157,,0.021852586357205245,0.05577113393807282,0.07927794084208234,0.023506806904009518,0.044599103708232064,0.018440398079810384,0.03572954787296409,0.06903528637078409,0.033305738497819995,0.0452336324614544,0.02034621481894167,0.5404793551357286|-0.2552254822685822|0.7356232430459547,0.7267577303275441|-0.5258342222251238|0.6843516810593784,0.3046885860187631|-0.4669121551345712|0.6797858783531595,0.0,0.0,0.0,0,0
112,lift,carry_mid,5,0.25,0.0,0.0,,0.0,0.0,0.0,0,False,,2,2,2,0,2,0,2,2,False,False,ordinary_base,left_hand|right_hand,0.12630683882161975,0.002761855022981763,0.09507489111274481,0.01845195214264095,,0.09507489111274481,0.6869201602084065,0.6869201602084065,,,1.0,1.0,0,0.0,0.0,0,0,0,True,0.0014375323518847141,0.036026510070755496,13,0.0014375323518847141,8,0.0009725393486683803,2,-0.033888772546331936,-0.020870486309437553,,0.0,0.0012030921151771636,,0.021984985528825968,0.055248476280676646,0.08199154351159275,0.026743067230916108,0.042055537388689945,0.018981121757139258,0.03602896960882871,0.0688753542788474,0.03284638467001869,0.04523393389466115,0.02012138641110574,0.5442632605232686|-0.269248322578335|0.7344468656772382,0.7188265050104335|-0.5533062856263188|0.6844180286475787,0.3003226183373433|-0.4745314454053885|0.6800585833420314,0.0,0.0,0.0,0,0
113,lift,carry_mid,4,0.25,0.0,0.0,,0.0,0.0,0.0,0,False,,2,2,2,0,2,0,2,2,False,False,ordinary_base,left_hand|right_hand,0.1264061569236219,0.0027762989047914743,0.09547932096756995,0.018261194927617908,,0.09547932096756995,0.6799327930489698,0.6799327930489698,,,1.0,1.0,0,0.0,0.0,0,0,0,True,0.0026947663523414628,0.03649415075737353,12,0.001436328449640173,8,0.0026947663523414628,2,-0.03408313880132674,-0.020641526551210987,,0.0,0.0012110749798027406,,0.0219019438104538,0.05566647986554079,0.07678456557332894,0.02111808570778815,0.03735317804226174,0.01892945181017582,0.03583825587427293,0.06916651474799346,0.033328258873720526,0.04641645023204459,0.01954524539983215,0.5478790981212482|-0.283853481896488|0.7347768483892382,0.7084038655196048|-0.5796160851251733|0.6877341697723758,0.29570220883270737|-0.47969796862571606|0.6815051366909812,0.0,0.0,0.0,0,0
114,lift,carry_mid,3,0.32465246735834974,0.0,0.0,,0.0,0.0,0.0,0,False,,2,2,2,0,2,0,2,2,False,False,ordinary_base,left_hand|right_hand|pelvis,0.129962548147887,0.002748233964666724,0.09872249397449195,0.01849637902341783,,0.09872249397449195,0.6766471347972071,0.6766471347972071,,,1.0,1.0,0,0.0,0.0,0,0,0,True,0.00216975019576901,0.03727803135738553,12,0.00216975019576901,8,0.0017316957840030622,2,-0.03343435093390923,-0.02223727036906098,,0.0,0.0012164864406553398,,0.021868558795881836,0.0558757900289848,0.07701577613339776,0.021139986104412957,0.036958341576565634,0.019072525447166273,0.035844354745566666,0.06713145766274763,0.03128710291718096,0.04790505545477736,0.019294913490470036,0.5502678399225785|-0.2991547632690019|0.735346097101657,0.701213640547991|-0.6003417698766123|0.6904069541124409,0.2924204987460495|-0.4870062816438816|0.6837538034446314,0.0,0.0,0.0,0,0
115,lift,carry_mid,2,0.6065306597126334,0.0,0.0,,0.0,0.0,0.0,0,False,,2,2,2,0,2,0,2,2,False,False,ordinary_base,left_hand|right_hand|pelvis,0.13293904508464038,0.002767500001937151,0.10152817494235933,0.01867845398373902,,0.10152817494235933,0.6665909903582113,0.6665909903582113,,,1.0,1.0,0,0.0,0.0,0,0,0,True,0.001632893103572522,0.03736799636656901,12,0.001632893103572522,8,0.001068806204080619,2,-0.033056927185862506,-0.02200067307440534,,0.0,0.0012292546300026691,,0.02168445192535125,0.05593824760482853,0.07724057010957579,0.021302322504747256,0.03585513867655591,0.01906933145760377,0.03589319932958406,0.06660667900682808,0.03071347967724402,0.048463682940854215,0.01824026264566401,0.5512552005404017|-0.31477213889848393|0.7358354548091068,0.6933276973712479|-0.6196458664862767|0.6911705611347326,0.2871653886013532|-0.49302231823954357|0.6867881881738408,0.0,0.0,0.0,0,0
116,lift,carry_mid,1,0.8824969025845955,0.0,0.0,,0.0,0.0,0.0,0,False,,2,2,2,0,2,0,2,2,False,False,ordinary_base,left_hand|right_hand|pelvis,0.1370955491438508,0.0027369989547878504,0.10416719294153154,0.019559619948267937,,0.10416719294153154,0.6567794934283568,0.6567794934283568,,,1.0,1.0,0,0.0,0.0,0,0,0,True,0.0014304376560796417,0.03668444128969808,15,0.0014304376560796417,9,0.0009485748325583215,1,-0.03351078458207368,-0.02060599269769625,,0.0,0.0014027003046702263,,0.02146520760116234,0.056955765568527744,0.07831512669871879,0.021359361130191046,0.03684986840760314,0.018703189432925694,0.03528753059383781,0.06738365880664035,0.03209612821280254,0.04915208847149822,0.01861295236730307,0.5534324210559417|-0.32993971646009446|0.7366896191076099,0.6863200897684846|-0.6369646890985051|0.694357395467877,0.2828960204956903|-0.49765586899559705|0.6848589448068736,0.0,0.0,0.0,0,0
117,lift|carry_mid,carry_mid,0,1.0,0.0,0.0,,0.0,0.0,0.0,0,False,,4,4,4,2,2,2,4,4,True,False,semantic_extra,left_hand|right_hand|pelvis,0.25122658791951835,0.0028124619275331497,0.21811902592889965,0.019757599104195833,,0.21811902592889965,0.6410135014800293,0.6410135014800293,,,1.0,1.0,0,0.0,0.0,0,0,0,True,0.0016173148884701394,0.036809749893646576,17,0.0016173148884701394,10,0.0010713483411196184,2,-0.03345966979055248,-0.022070597125138036,,0.0,0.0014136770135541451,,0.02127284705644571,0.0570566810003831,0.07778949859301307,0.020732817592629967,0.03722555186303886,0.018622690929757872,0.03500568239384986,0.06478562126574924,0.029779938871899385,0.04844345020888919,0.01831891426346602,0.5549543287703994|-0.34411517434132705|0.7388881478378588,0.6777865988577091|-0.654127071387618|0.6931531707578824,0.2790194759385216|-0.505372784848552|0.6859537995041511,0.0,0.0,0.0,0,0
118,carry_mid,carry_mid,1,0.8824969025845955,0.0,0.0,,0.0,0.0,0.0,0,False,,2,2,2,0,2,0,2,2,False,False,ordinary_base,pelvis,0.16038699191994965,0.002790668047964573,0.12856665696017444,0.01905681099742651,,0.12856665696017444,0.6516802943484412,0.6516802943484412,,,1.0,1.0,0,0.0,0.0,0,0,0,False,0.0014385382974768345,0.03701226996772239,14,0.0014385382974768345,9,0.000914098139692579,2,-0.03365274773398319,-0.022284791181990116,,0.0,0.0014405455009859217,,0.021478652198633534,0.05576177716425725,0.07896813509665986,0.023206357932402603,0.03927925970832238,0.01885734429135058,0.03483489255930243,0.06318888712835258,0.028353994569050148,0.04880132577125963,0.019338020113692126,0.5538667210942172|-0.35614051143116954|0.7402616518814746,0.6706657713136231|-0.6688059930894938|0.6909801774932113,0.27338468618125183|-0.5139117446489281|0.6846088660370171,0.0,0.0,0.0,0,0
119,carry_mid,carry_mid,2,0.6065306597126334,0.0,0.0,,0.0,0.0,0.0,0,False,,2,2,2,0,2,0,2,2,False,False,ordinary_base,pelvis,0.13704494782723486,0.0027840230613946915,0.1046433630399406,0.019319504033774137,,0.1046433630399406,0.6502423299780768,0.6502423299780768,,,1.0,1.0,0,0.0,0.0,0,0,0,False,0.0036742906260209957,0.037238147101987085,19,0.0036742906260209957,14,0.0009421026099785262,2,-0.033649299464133975,-0.030073969933487987,,0.0,0.0014462574435028818,,0.02153120386067076,0.05475018218066663,0.07894490922076051,0.024194727040093886,0.04021570317869447,0.019222992091382552,0.03552033205987898,0.055746323819066454,0.020225991759187475,0.04153458328324747,0.019819163878977187,0.5525133457018893|-0.3686969200959752|0.7403615976233471,0.6630401959441832|-0.683744363430093|0.6886058693176077,0.2709831446161049|-0.5271276276170367|0.6841843320834822,0.0,0.0,0.0,0,0
120,carry_mid,carry_mid,3,0.32465246735834974,0.0,0.0,,0.0,0.0,0.0,0,False,,2,2,2,0,2,0,2,2,False,False,ordinary_base,pelvis,0.13644536794163287,0.002774817170575261,0.10474678687751293,0.018870847998186946,,0.10474678687751293,0.6460261245111385,0.6460261245111385,,,1.0,1.0,0,0.0,0.0,0,0,0,False,0.00141365438116417,0.037612742247945724,15,0.00141365438116417,11,0.0009522830437683483,1,-0.03335816222512911,-0.027988327722157536,,0.0,0.001416145039585768,,0.021490140983479483,0.0535846723992566,0.07950133951738318,0.025916667118126582,0.04169583907916097,0.01937000030120141,0.036018969630686425,0.056265975112647686,0.02024700548196126,0.04124353860728054,0.019910095727681962,0.5534106782892675|-0.3791474052283539|0.739104552969488,0.6565527058023825|-0.6976424914047026|0.684488599324734,0.2640999521224844|-0.5362708415410135|0.6773350958385099,0.0,0.0,0.0,0,0
121,carry_mid,carry_mid,4,0.25,0.0,0.0,,0.0,0.0,0.0,0,False,,2,2,2,0,2,0,2,2,False,False,ordinary_base,pelvis,0.13538945000618696,0.002760200994089246,0.1043237338308245,0.018284644931554794,,0.1043237338308245,0.6440431940720857,0.6440431940720857,,,1.0,1.0,0,0.0,0.0,0,0,0,False,0.001563118162755367,0.03829929365761406,13,0.001563118162755367,9,0.000940808933616602,1,-0.03299740716396826,-0.027882325260325302,,0.0,0.0014113854431660005,,0.02149151246221195,0.05216890439881354,0.07906545461117317,0.026896550212359635,0.04218746836857452,0.01950719817538127,0.03670326799095206,0.056142630139326,0.01943936214837394,0.04062481584901077,0.02008317128247533,0.5511855549457672|-0.3889195462430218|0.7374935982141858,0.6497193245779018|-0.7104793226336458|0.6793770312760034,0.2580797549272226|-0.5456634302431224|0.6696522651789537,0.0,0.0,0.0,0,0
122,carry_mid,carry_mid,5,0.25,0.0,0.0,,0.0,0.0,0.0,0,False,,2,2,2,0,2,0,2,2,False,False,ordinary_base,pelvis,0.14003493590280414,0.002784118987619877,0.10884213005192578,0.018410924822092056,,0.10884213005192578,0.6625603926698763,0.6625603926698763,,,1.0,1.0,0,0.0,0.0,0,0,0,False,0.0015868571375268967,0.03944755735459787,11,0.0015868571375268967,7,0.0009919740749192302,1,-0.03312863871692073,-0.02769060332846962,,0.0,0.0014139672992692658,,0.021807257227962597,0.05039925341482985,0.07841589325842681,0.02801663984359696,0.04337666690582776,0.01993535929253116,0.03737979340805761,0.057163496289252706,0.019783702881195096,0.040899983589241976,0.020394283920778414,0.5485544582147217|-0.39884652498217155|0.7379387395972897,0.6435450639678305|-0.7224976207679521|0.6728992892521434,0.25189178475602203|-0.5544544990904366|0.6618078376706649,0.0,0.0,0.0,0,0
123,carry_mid,carry_mid,6,0.25,0.0,0.0,,0.0,0.0,0.0,0,False,,2,2,2,0,2,0,2,2,False,False,ordinary_base,pelvis,0.1404400309547782,0.0027855599764734507,0.10925379581749439,0.018431877018883824,,0.10925379581749439,0.6819883326597534,0.6819883326597534,,,1.0,1.0,0,0.0,0.0,0,0,0,False,0.0015758551160590245,0.040279350388146784,9,0.0015758551160590245,4,0.001046631574439183,2,-0.0331098067046085,-0.027755326170687766,,0.0,0.0014020269367751431,,0.02209469060418121,0.048590236256571745,0.07693704935920241,0.028346813102630666,0.04342365544237536,0.020304509079349102,0.03783253773622625,0.05737576385812445,0.019543226121898197,0.04090153373012141,0.02024076143813561,0.5461424127773297|-0.4105104970900532|0.7372878552741209,0.637939034010753|-0.7358055434784477|0.6673650152734423,0.24649754306877075|-0.5654480616819345|0.6527338884179532,0.0,0.0,0.0,0,0
124,carry_mid,carry_mid,7,0.25,0.0,0.0,,0.0,0.0,0.0,0,False,,2,2,2,0,2,0,2,2,False,False,ordinary_base,pelvis,0.13948532496578991,0.0027826749719679356,0.10833688685670495,0.01830463600344956,,0.10833688685670495,0.7022608104919312,0.7022608104919312,,,1.0,1.0,0,0.0,0.0,0,0,0,False,0.0015642956552721424,0.04087912550562223,9,0.0015642956552721424,4,0.0009577902887826506,2,-0.033310861227061395,-0.027855872577864815,,0.0,0.0014037143153786172,,0.022279322100814937,0.046601115321645445,0.077433481254728,0.030832365933082556,0.04514068946652249,0.020802432716012623,0.0381141854321234,0.05750244771757627,0.019388262285452866,0.040558426825003484,0.02043135751219767,0.5421288240413881|-0.421400344068321|0.7337367167739333,0.6342212938955197|-0.7458846136981636|0.6611009743736354,0.24195288962244618|-0.5771797450701801|0.6425568700651785,0.0,0.0,0.0,0,0
125,carry_mid,carry_mid,8,0.25,0.0,0.0,,0.0,0.0,0.0,0,False,,2,2,2,0,2,0,2,2,False,False,ordinary_base,pelvis,0.13971457304432988,0.0027476472314447165,0.10857113404199481,0.01838441495783627,,0.10857113404199481,0.7167969473945252,0.7167969473945252,,,1.0,1.0,0,0.0,0.0,0,0,0,False,0.00155009692890732,0.041899738885926935,8,0.00155009692890732,3,0.0009904393002558298,2,-0.03411046066598722,-0.027739327686326476,,0.0,0.0014299524140979185,,0.022314720348874714,0.044502139896591894,0.08004012937657048,0.03553798947997859,0.04769153782154391,0.019725375722975665,0.03819874678334629,0.058211327775288035,0.020012580991941746,0.040908730570878585,0.020461758125419175,0.5357339357312672|-0.43140120231830675|0.7316403383284797,0.6325117070872776|-0.7532027332738676|0.6548365140086111,0.23826723247694584|-0.5880529537896811|0.633419909659393,0.0,0.0,0.0,0,0
126,carry_mid,carry_mid,9,0.25,0.0,0.0,,0.0,0.0,0.0,0,False,,2,2,2,0,2,0,2,2,False,False,ordinary_base,pelvis,0.1388208579737693,0.0027942860033363104,0.10789602901786566,0.018218534998595715,,0.10789602901786566,0.7309598039126537,0.7309598039126537,,,1.0,1.0,0,0.0,0.0,0,0,0,False,0.0015689307001227719,0.042893344073519024,9,0.0015689307001227719,4,0.0009688537875796183,2,-0.034088086673770945,-0.030229027098943817,,0.0,0.0014214333898026768,,0.022321599902690257,0.043265443969175484,0.0812697764283026,0.03800433245912712,0.04972701832193064,0.01870758356991245,0.03873991025243634,0.057142948853451274,0.018403038601014936,0.03816233919071694,0.020310044662140987,0.5257564473566114|-0.4371728419552162|0.7268671263943515,0.6304846265086443|-0.7637568221852876|0.6481653652395017,0.2356175000151721|-0.6009000041933569|0.6272067657116993,0.0,0.0,0.0,0,0
127,carry_mid,carry_mid,10,0.25,0.0,0.0,,0.0,0.0,0.0,0,False,,2,2,2,0,2,0,2,2,False,False,ordinary_base,pelvis,0.13519330299459398,0.002807851880788803,0.10424929112195969,0.018248707056045532,,0.10424929112195969,0.6733355451514219,0.6733355451514219,,,1.0,1.0,0,0.0,0.0,0,0,0,False,0.001575209708493952,0.04243147348067333,9,0.001575209708493952,4,0.000973934593905254,2,-0.03412264246658481,-0.030164847749787782,,0.0,0.001408281653802334,,0.021455656497248184,0.04252775919215564,0.07896308152884272,0.03643532233668709,0.049535318213624446,0.016964133473848793,0.03946046908564276,0.057429102502973166,0.017968633417330404,0.03766691656292226,0.02040205334491872,0.524282940512803|-0.4469521515897669|0.7217771251056405,0.6268606240937038|-0.7817627516561473|0.64546493891125,0.2336031679426508|-0.6117673602184606|0.6185825666824957,0.0,0.0,0.0,0,0
128,carry_mid,carry_mid,11,0.25,0.0,0.0,,0.0,0.0,0.0,0,False,,2,2,2,0,2,0,2,2,False,False,ordinary_base,pelvis,0.1349256969988346,0.002772703068330884,0.10385813284665346,0.018353429157286882,,0.10385813284665346,0.6580324594567001,0.6580324594567001,,,1.0,1.0,0,0.0,0.0,0,0,0,False,0.0015874770558734624,0.04222854197072634,9,0.0015874770558734624,4,0.0009757942992952434,2,-0.03431064433100417,-0.02956159462963015,,0.0,0.001270514586691419,,0.021367438831892113,0.04177182841045491,0.08025168745524872,0.038479859044793806,0.05198863358594562,0.01691890954421807,0.03929337046680483,0.05756270515286915,0.018269334686064315,0.0364272799634985,0.020698409390846405,0.5206272191956133|-0.45127630707765093|0.7183092707641197,0.6252566821780593|-0.7928827745813872|0.638733652836744,0.23030139338503972|-0.6240223941494644|0.6090613205975496,0.0,0.0,0.0,0,0
129,carry_mid,carry_mid,12,0.25,0.0,0.0,,0.0,0.0,0.0,0,False,,2,2,2,0,2,0,2,2,False,False,ordinary_base,pelvis,0.15765279904007912,0.0027967269998043776,0.12690394511446357,0.01815863000229001,,0.12690394511446357,0.6594400260216998,0.6594400260216998,,,1.0,1.0,0,0.0,0.0,0,0,0,False,0.0015660780973622418,0.04198428077312136,9,0.0015660780973622418,4,0.0009868773398909458,2,-0.0346403044027177,-0.029825672352123078,,0.0,0.0014256286281622242,,0.021430094597404407,0.041129601799476265,0.08195294593325546,0.040823344133779194,0.05406820627527964,0.016794703483828815,0.0391301753395377,0.05615446085374153,0.017024285514203832,0.03430698799888716,0.021207247083426792,0.5212661394342564|-0.45862266579619515|0.7176418556403834,0.6235468338119992|-0.8037660635137994|0.6321059530329052,0.22768616896931443|-0.6370272991357149|0.5994250153656406,0.0,0.0,0.0,0,0
130,carry_mid,carry_mid,13,0.25,0.0,0.0,,0.0,0.0,0.0,0,False,,2,2,2,0,2,0,2,2,False,False,ordinary_base,pelvis,0.1354597748722881,0.0027738448698073626,0.10470097209326923,0.018183653010055423,,0.10470097209326923,0.6587069618466813,0.6587069618466813,,,1.0,1.0,0,0.0,0.0,0,0,0,False,0.0015542076828473604,0.041318864750077455,9,0.0015542076828473604,4,0.0009055012328951229,2,-0.035086177954079645,-0.029469714099050748,,0.0,0.001427077430218913,,0.021424618050988296,0.04000050704978831,0.08330605933776708,0.04330555228797877,0.05607689447846745,0.01711185544955982,0.03899501941497049,0.05641126225184899,0.017416242836878502,0.03482000101618655,0.020957496456362586,0.5198992723917293|-0.46348641246127537|0.7172396931909538,0.6214275216133923|-0.813667208666082|0.6253969055824277,0.22456189866874182|-0.6467725669804695|0.589681923487608,0.0,0.0,0.0,0,0
131,carry_mid,carry_mid,14,0.25,0.0,0.0,,0.0,0.0,0.0,0,False,,2,2,2,0,2,0,2,2,False,False,ordinary_base,pelvis,0.135972652817145,0.0027258892077952623,0.10486663389019668,0.018410641001537442,,0.10486663389019668,0.6504891763251034,0.6504891763251034,,,1.0,1.0,0,0.0,0.0,0,0,0,False,0.0015308647292077496,0.04051973267116801,7,0.0015308647292077496,3,0.0006766769155387153,1,-0.03524150741937504,-0.02959976924133123,,0.0,0.001099138992865882,,0.021365404522330815,0.03896155319826337,0.08345754710637412,0.04449599390811076,0.0565307764836629,0.017705908486673822,0.037822671556629286,0.05624426490916101,0.018421593352531726,0.03536841639723381,0.020821378415667648,0.519975620600852|-0.46887648252954783|0.7186728353444306,0.6178579991210846|-0.8250307624762833|0.6175893808308109,0.2216366972139282|-0.6551655389043536|0.5788852378255209,0.0,0.0,0.0,0,0
132,carry_mid,carry_mid,15,0.25,0.0,0.0,,0.0,0.0,0.0,0,False,,2,2,2,0,2,0,2,2,False,False,ordinary_base,pelvis,0.13827452901750803,0.002757385140284896,0.10639255912974477,0.01902243006043136,,0.10639255912974477,0.6454659393900027,0.6454659393900027,,,1.0,1.0,0,0.0,0.0,0,0,0,False,0.0015133390380441085,0.03948618877001617,9,0.0015133390380441085,5,0.0007156582994274352,1,-0.035016998570799984,-0.029468620886401453,,0.0,0.0011773812315987783,,0.021270769502020656,0.037777260080334885,0.08315599521965338,0.04537873513931849,0.05712278231861122,0.017783246915906013,0.0369565349353064,0.05540678372181581,0.01845024878650941,0.03537264546602186,0.020728254983147256,0.5220910511674501|-0.47367186764580355|0.7189107241572154,0.6139064785632705|-0.8365368211144056|0.6071352031786718,0.2180591421347874|-0.6650616886127486|0.566371718292229,0.0,0.0,0.0,0,0
133,carry_mid,carry_mid,16,0.25,0.0,0.0,,0.0,0.0,0.0,0,False,,2,2,2,0,2,0,2,2,False,False,ordinary_base,pelvis,0.1379356610123068,0.0027539010625332594,0.10645726812072098,0.01882864604704082,,0.10645726812072098,0.6379692188837569,0.6379692188837569,,,1.0,1.0,0,0.0,0.0,0,0,0,False,0.001505244990191678,0.03484964957233025,10,0.001505244990191678,6,0.0007351283411886761,1,-0.03513979665484257,-0.029537918309278766,,0.0,0.0014053891886289679,,0.021139519826153384,0.03688969202023942,0.08211323717709186,0.04522354515685244,0.0562224067637494,0.01789235887604876,0.03739512761863865,0.05505439627497786,0.01765926865633921,0.03425664616150049,0.020991528735402998,0.5237000041179272|-0.4775520538912303|0.72062107181282,0.6083446043496418|-0.8498637492648995|0.5967463068450517,0.2152494814433724|-0.6724051097586785|0.5527916113479023,0.0,0.0,0.0,0,0
134,carry_mid,carry_mid,17,0.25,0.0,0.0,,0.0,0.0,0.0,0,False,,2,2,2,0,2,0,2,2,False,False,ordinary_base,pelvis,0.1386931010056287,0.0027970930095762014,0.10674204700626433,0.018990712938830256,,0.10674204700626433,0.637904131693131,0.637904131693131,,,1.0,1.0,0,0.0,0.0,0,0,0,False,0.001480260841269513,0.029708025003292116,12,0.001480260841269513,7,0.000544159316561002,1,-0.034982773544179224,-0.029503971379883254,,0.0,0.0013922479086762197,,0.02108406675073673,0.03636324980399681,0.08050416824809355,0.04414091844409674,0.05562910966699291,0.018062207530795606,0.03783063549552053,0.05562228212401871,0.01779164662849818,0.03439735855632378,0.02093346648676375,0.5258735103010128|-0.481911995680866|0.7199234909801075,0.6019150161847883|-0.8633321388327773|0.5820284346698066,0.21208021934524404|-0.6769619494799766|0.5394267785235419,0.0,0.0,0.0,0,0
135,carry_mid,carry_mid,18,0.25,0.0,0.0,,0.0,0.0,0.0,0,False,,2,2,2,0,2,0,2,2,False,False,ordinary_base,pelvis,0.13997524115256965,0.002793423132970929,0.10724780708551407,0.019383433973416686,,0.10724780708551407,0.6252649619348167,0.6252649619348167,,,1.0,1.0,0,0.0,0.0,0,0,0,False,0.0014748369402254949,0.029745636938983494,15,0.0014748369402254949,10,0.0005576678750104508,1,-0.03446027330402934,-0.02930181184022551,,0.0,0.001412566752030501,,0.021052651044270936,0.03716821007807109,0.07962274471870642,0.04245453464063533,0.05387282949985418,0.017995720191497755,0.03738867590478526,0.05565659455789878,0.018267918653113523,0.03396561663675066,0.02106425858611079,0.5279060899400304|-0.4836042070247989|0.7170449025100565,0.5946042685072819|-0.8764191401656874|0.5632181575121074,0.20817335402858977|-0.6818580628954118|0.5222835951364421,0.0,0.0,0.0,0,0
136,carry_mid,carry_mid,19,0.25,0.0,0.0,,0.0,0.0,0.0,0,False,,2,2,2,0,2,0,2,2,False,False,ordinary_base,pelvis,0.14771313383243978,0.0027512949891388416,0.11433557607233524,0.02001834101974964,,0.11433557607233524,0.6144004406929975,0.6144004406929975,,,1.0,1.0,0,0.0,0.0,0,0,0,False,0.0014583019967703281,0.02970354966558464,16,0.0014583019967703281,11,0.0004559033940937235,1,-0.03469142214997056,-0.029596250169614535,,0.0,0.0014136124584658001,,0.021080775745892604,0.03780495403265198,0.07975429590787206,0.04194934187522008,0.05293474990936293,0.01829110378825611,0.0368517681028159,0.055984547323086706,0.019132779220270804,0.03467749493608658,0.020986968187259078,0.5311839867112064|-0.48885988089566546|0.7150059665527382,0.5875246178565061|-0.8884745862096611|0.5427101707578631,0.20480922144668207|-0.6849135268419537|0.5047382104104322,0.0,0.0,0.0,0,0
137,carry_mid,carry_mid,20,0.25,0.0,0.0,,0.0,0.0,0.0,0,False,,2,2,2,0,2,0,2,2,False,False,ordinary_base,pelvis,0.14309471612796187,0.0028226259164512157,0.10991713590919971,0.019817338092252612,,0.10991713590919971,0.6140750068207419,0.6140750068207419,,,1.0,1.0,0,0.0,0.0,0,0,0,False,0.0014496030704696967,0.029353668931659388,16,0.0014496030704696967,11,0.0007506014082194895,1,-0.03519105658400612,-0.029976440950552075,,0.0,0.001410644284495663,,0.02109488913608152,0.03760201398436941,0.0795336105458653,0.04193159656149589,0.0508557004732693,0.017755870295923147,0.035277974634717206,0.05628359440499845,0.021005619770281245,0.03596630960950518,0.02109030532700114,0.5352062109197006|-0.4954035471578609|0.7130346702535327,0.5788760906527919|-0.9025389503298581|0.521316668300164,0.20114290211832356|-0.6884391173447822|0.48548674038574274,0.0,0.0,0.0,0,0
138,carry_mid,carry_mid,21,0.25,0.0,0.0,,0.0,0.0,0.0,0,False,,2,2,2,0,2,0,2,2,False,False,ordinary_base,pelvis,0.14344755606725812,0.0027658878825604916,0.11062187189236283,0.019527805969119072,,0.11062187189236283,0.6133536706898183,0.6133536706898183,,,1.0,1.0,0,0.0,0.0,0,0,0,False,0.0014498146946736283,0.029290399479375923,16,0.0014498146946736283,10,0.00035064441910415134,1,-0.03536625851081965,-0.030260496107240797,,0.0,0.001411962428127725,,0.0210878403827869,0.03719016018660909,0.08109598443502677,0.043905824248417685,0.05216788574528201,0.017876412489079656,0.03349995747610454,0.05673548615550151,0.023235528679396968,0.03798396956348541,0.020706213921910032,0.5393160641842099|-0.4998953987366032|0.708246710379034,0.5731012853473073|-0.9125273841868989|0.4962992512819059,0.19839546066783265|-0.6909836168148907|0.46399338599505074,0.0,0.0,0.0,0,0
139,carry_mid,arrive,21,0.25,0.0,0.0,,0.0,0.0,0.0,0,False,,2,2,2,0,2,0,2,2,False,False,ordinary_base,pelvis,0.14368068589828908,0.0027884889859706163,0.11039125919342041,0.01984201790764928,,0.11039125919342041,0.6087339382129539,0.6087339382129539,,,1.0,1.0,0,0.0,0.0,0,0,0,False,0.00144857486309595,0.028856640468675893,20,0.00144857486309595,13,7.293534224596387e-05,1,-0.037038403685889065,-0.030829880613806537,,0.0,0.0014130168531293547,,0.021027458722494143,0.037038735688581556,0.07958868920098935,0.0425499535124078,0.05207216084891727,0.017968305891787984,0.032157867581038,0.05704803871116186,0.02489017113012386,0.03950455437980838,0.020368828987378674,0.5428129953904927|-0.5076413680059796|0.7047108568962738,0.5664949347935995|-0.9211959800946975|0.46969795730037145,0.1957759401292127|-0.6939780896062158|0.44101476165073655,0.0,0.0,0.0,0,0
140,carry_mid,arrive,20,0.25,0.0,0.0,,0.0,0.0,0.0,0,False,,2,2,2,0,2,0,2,2,False,False,ordinary_base,pelvis,0.16831231419928372,0.0027463401202112436,0.13489575893618166,0.020013448083773255,,0.13489575893618166,0.6155456090034089,0.6155456090034089,,,1.0,1.0,0,0.0,0.0,0,0,0,False,0.0014475926021602081,0.028893347149878068,20,0.0014475926021602081,13,0.00037518644087636277,1,-0.037177382008167115,-0.03035498894356259,,0.0,0.0014141303997660722,,0.02107091608435609,0.03578640923127751,0.07911329346835166,0.043326884237074155,0.0526650790873789,0.018248410977303994,0.0300754923830141,0.05894416381980142,0.028868671436787324,0.04142606266939543,0.01905398492395358,0.5452266136046365|-0.513494236562599|0.6983095534733816,0.5606760011153044|-0.9301285777445831|0.4410276735992022,0.1901283049852684|-0.7001678405853138|0.4180642447233435,0.0,0.0,0.0,0,0
141,carry_mid,arrive,19,0.25,0.0,0.0,,0.0,0.0,0.0,0,False,,2,2,2,0,2,0,2,2,False,False,ordinary_base,pelvis,0.144540058914572,0.002730111125856638,0.11097115697339177,0.020076846005395055,,0.11097115697339177,0.630459080820632,0.630459080820632,,,1.0,1.0,0,0.0,0.0,0,0,0,False,0.004046983775681828,0.02912426554904568,21,0.004046983775681828,14,0.00046787086665234234,1,-0.03963644157492929,-0.03028399913041646,,0.0,0.0014142397157137958,,0.021191172322252698,0.03574854234825055,0.07628558906823749,0.04053704671998694,0.05145525699000446,0.01839262660615585,0.029128209657845315,0.05929969136989272,0.030171481712047407,0.04254199242271413,0.01901469349930977,0.5495644692104396|-0.5187521250103694|0.6898739426766733,0.5536781806340237|-0.9387204587295617|0.41264645048432647,0.1882339522974173|-0.704089932785849|0.3914577200694766,0.0,0.0,0.0,0,0
142,carry_mid,arrive,18,0.25,0.0,0.0,,0.0,0.0,0.0,0,False,,2,2,2,0,2,0,2,2,False,False,ordinary_base,pelvis,0.14893670100718737,0.002726019127294421,0.11469657882116735,0.02059609000571072,,0.11469657882116735,0.649668430736631,0.649668430736631,,,1.0,1.0,0,0.0,0.0,0,0,0,False,0.0014588445056961143,0.02902869737129088,21,0.0014588445056961143,14,4.889822276554767e-05,1,-0.038898063772782265,-0.03064007648718814,,0.0,0.001412149943243922,,0.02130695053023304,0.03462375263846536,0.0744138626567019,0.03979011001823654,0.05333799279602111,0.019137488409480156,0.028020788934438465,0.05986064752648853,0.03183985859205006,0.04393810177688709,0.01892651704035806,0.5525796823673439|-0.5258923907178782|0.6827588725674764,0.5488092478936473|-0.9508343519558132|0.3859882979271072,0.1884065865934719|-0.706943641592467|0.3644939224100689,0.0,0.0,0.0,0,0
143,carry_mid,arrive,17,0.25,0.0,0.0,,0.0,0.0,0.0,0,False,,2,2,2,0,2,0,2,2,False,False,ordinary_base,pelvis,0.14906248706392944,0.0027657831087708473,0.1152291998732835,0.020254361908882856,,0.1152291998732835,0.6613335460275062,0.6613335460275062,,,1.0,1.0,0,0.0,0.0,0,0,0,False,0.003087175664167177,0.02936173776653833,21,0.003087175664167177,14,0.0006627351905139217,1,-0.0415789784475713,-0.030502436025845014,,0.0,0.001413229314841359,,0.021349270301705872,0.03369328420338895,0.07346606500276649,0.039772780799377544,0.05592456644957479,0.018924309032474076,0.026296471248980664,0.06012661163381781,0.03383014038483714,0.045234204549772165,0.019105278391281594,0.5544097958254831|-0.5320828510532499|0.673559091346372,0.5461158864870633|-0.9561527130882482|0.3555918487414,0.18880641373604298|-0.7099035161696979|0.33609160372833763,0.0,0.0,0.0,0,0
144,carry_mid,arrive,16,0.25,0.0,0.0,,0.0,0.0,0.0,0,False,,2,2,2,0,2,0,2,2,False,False,ordinary_base,pelvis,0.14807962509803474,0.0027274470776319504,0.1147104378324002,0.019970851950347424,,0.1147104378324002,0.6854851740295979,0.6854851740295979,,,1.0,1.0,0,0.0,0.0,0,0,0,False,0.0036283866787152202,0.0301110223202245,22,0.0036283866787152202,14,0.0005042844341188318,2,-0.041700525528547416,-0.030715716038818286,,0.0,0.0014097177514792421,,0.021424326488371254,0.033285469857844606,0.07352013737644295,0.04023466751859834,0.058468224756147276,0.018585127776885667,0.025350095900338942,0.06033880527351707,0.034988709373178134,0.04584077945803957,0.01902289922301852,0.556878789877086|-0.5374960692618579|0.6619701093769352,0.5444821192194969|-0.9634956983902266|0.32662686098297095,0.18902385185026566|-0.7136771651626616|0.3084652003386358,0.0,0.0,0.0,0,0
145,carry_mid,arrive,15,0.25,0.0,0.0,,0.0,0.0,0.0,0,False,,2,2,2,0,2,0,2,2,False,False,ordinary_base,pelvis,0.14695910504087806,0.0027372201438993216,0.11311118886806071,0.02021056809462607,,0.11311118886806071,0.7076232919857748,0.7076232919857748,,,1.0,1.0,0,0.0,0.0,0,0,0,False,0.00545447366427379,0.031700946623374554,22,0.00545447366427379,14,0.002035032369251094,2,-0.04211792678559689,-0.031565441460442045,,0.0,0.00140870946342541,,0.021587195118992757,0.032705732092806486,0.07159043016189023,0.03888469806908375,0.05828609881610259,0.01795130176557446,0.024063446130862132,0.060342277934298735,0.036278831803436606,0.04652016357259862,0.018949674343293692,0.5614191312397085|-0.5434759268459427|0.649435470006502,0.541367119767287|-0.9713227043705206|0.3015403262759115,0.18943623616899347|-0.7168901665721622|0.28227593470785384,0.0,0.0,0.0,0,0
146,carry_mid,arrive,14,0.25,0.0,0.0,,0.0,0.0,0.0,0,False,,2,2,2,0,2,0,2,2,False,False,ordinary_base,pelvis,0.14728525606915355,0.0027653640136122704,0.11362509615719318,0.02014308306388557,,0.11362509615719318,0.7386365384523362,0.7386365384523362,,,1.0,1.0,0,0.0,0.0,0,0,0,False,0.005880332121353249,0.03296058409944977,22,0.005880332121353249,14,0.0031549486983403208,2,-0.04222261731336019,-0.0316226778725035,,0.0,0.00140566905202256,,0.02190978060187124,0.03168998651567943,0.0714465740750059,0.03975658755932647,0.05956101746478477,0.018243461003523524,0.02323291434889417,0.06027089971984143,0.03703798537094726,0.04588123744257478,0.019449710372627892,0.5594015875170897|-0.5445924795572769|0.6353093410765549,0.5394580801041406|-0.9766952008833528|0.2765129810663917,0.18929636232996241|-0.7198258109050945|0.25497293936930404,0.0,0.0,0.0,0,0
147,carry_mid,arrive,13,0.25,0.0,0.0,,0.0,0.0,0.0,0,False,,2,2,2,0,2,0,2,2,False,False,ordinary_base,pelvis,0.1480330170597881,0.002724241930991411,0.11438175896182656,0.020145969931036234,,0.11438175896182656,0.7852143737913783,0.7852143737913783,,,1.0,1.0,0,0.0,0.0,0,0,0,False,0.005937901718956182,0.034177094395906354,20,0.005937901718956182,14,0.0019607154417419365,1,-0.04270180410186697,-0.03128480842632797,,0.0,0.001382379365523267,,0.022284200117315883,0.030619936521373375,0.06758333692869548,0.0369634004073221,0.06004482472708062,0.0181009967643004,0.02300405103576325,0.061734823751026416,0.038730772715263165,0.0468209826056948,0.020085384846318943,0.559817784140905|-0.5480070466780076|0.6233595295925786,0.5330478331213384|-0.9847423849064512|0.2563663305377435,0.18922779101641152|-0.7202473416978208|0.23209591721456097,0.0,0.0,0.0,0,0
148,carry_mid,arrive,12,0.25,0.0,0.0,,0.0,0.0,0.0,0,False,,2,2,2,0,2,0,2,2,False,False,ordinary_base,pelvis,0.15244020079262555,0.002761486917734146,0.11829301691614091,0.020562462974339724,,0.11829301691614091,0.7986395621363344,0.7986395621363344,,,1.0,1.0,0,0.0,0.0,0,0,0,False,0.005834052240274362,0.035510948516889324,20,0.005834052240274362,14,0.0025672619311988137,1,-0.042321701998499606,-0.031662296646926436,,0.0,0.001385166255649601,,0.0224249108794078,0.030423132318076654,0.06750551886483483,0.037082386546758175,0.05972913187403886,0.018213130242431014,0.022649022153710126,0.06214815150518453,0.039499129351474406,0.04644863214400067,0.020165508744216205,0.5608083719946497|-0.5542283465601178|0.6115833964975855,0.5299267515350903|-0.9897478411905459|0.23439314561366656,0.18945967629053712|-0.7211238992758326|0.21066206089321574,0.0,0.0,0.0,0,0
149,carry_mid,arrive,11,0.25,0.0,0.0,,0.0,0.0,0.0,0,False,,2,2,2,0,2,0,2,2,False,False,ordinary_base,pelvis,0.17849393212236464,0.0027437577955424786,0.14427664899267256,0.020596668124198914,,0.14427664899267256,0.8128973032717054,0.8128973032717054,,,1.0,1.0,0,0.0,0.0,0,0,0,False,0.0014478885062514692,0.0368269021871431,19,0.0014478885062514692,14,0.0007230564491262359,1,-0.03808939901181141,-0.0312662558487542,,0.0,0.0013886722838450357,,0.022523618616438673,0.029357986456967522,0.07108919906186682,0.0417312126048993,0.06359634753346152,0.018637997837344336,0.022605804200706885,0.061248440552539196,0.03864263635183231,0.04826413820812398,0.02053517298092461,0.5610656594909325|-0.5594673118608592|0.6000062185846442,0.5304103434470702|-0.9947683284824446|0.21549957880093176,0.1882746468022506|-0.7227832646769803|0.19104655922807234,0.0,0.0,0.0,0,0
150,carry_mid,arrive,10,0.25,0.0,0.0,,0.0,0.0,0.0,0,False,,2,2,2,0,2,0,2,2,False,False,ordinary_base,pelvis,0.16180518688634038,0.002740252995863557,0.12748879892751575,0.020605430006980896,,0.12748879892751575,0.8235558618082419,0.8235558618082419,,,1.0,1.0,0,0.0,0.0,0,0,0,False,0.001448006159689763,0.03832400930655924,19,0.001448006159689763,14,0.0007269658137043777,1,-0.037968034124402195,-0.03122115774485046,,0.0,0.0013969702085022881,,0.022810843149333872,0.028421487278345592,0.07157432002082478,0.04315283274247919,0.05845401911912534,0.018465966937770823,0.022795398613914934,0.05979661066127156,0.037001212047356624,0.04855761324691485,0.020987518603302804,0.5651490214509993|-0.5651904540376131|0.5874647223553128,0.5247818897161708|-0.9999040211569546|0.19380587188670784,0.1890426821701916|-0.7210948742478623|0.1760718233410316,0.0,0.0,0.0,0,0
151,carry_mid,arrive,9,0.25,0.0,0.0,,0.0,0.0,0.0,0,False,,2,2,2,0,2,0,2,2,False,False,ordinary_base,pelvis,0.16670788312330842,0.0027630869299173355,0.13186301197856665,0.021064634900540113,,0.13186301197856665,0.8267509841261402,0.8267509841261402,,,1.0,1.0,0,0.0,0.0,0,0,0,False,0.0014488588221619574,0.03932287189691508,18,0.0014488588221619574,14,0.0,0,-0.037444971028344654,-0.03193859889968742,,0.0,0.001402827585454878,,0.022827498106061602,0.027491255393820906,0.07158574083182973,0.04409448543800882,0.05990018178029135,0.018592107453713924,0.024166264173624576,0.058473282559754085,0.03430701838612951,0.04675316920082954,0.021922409341932063,0.5645720280510041|-0.5667856947493363|0.5781221603272462,0.5218189192569919|-1.0026970694168291|0.18241927608465852,0.18896314478927778|-0.7196733609911246|0.1642929415192107,0.0,0.0,0.0,0,0
152,carry_mid,arrive,8,0.25,0.0,0.0,,0.0,0.0,0.0,0,False,,2,2,2,0,2,0,2,2,False,False,ordinary_base,pelvis,0.1703586089424789,0.002785898046568036,0.13504725694656372,0.021371586015447974,,0.13504725694656372,0.832123731209639,0.832123731209639,,,1.0,1.0,0,0.0,0.0,0,0,0,False,0.0015012655642751144,0.04027280928008842,19,0.0015012655642751144,14,0.000734828377404087,1,-0.03774401493968327,-0.03266506937404401,,0.0,0.0014043621410922136,,0.02293024231965396,0.02702965980338548,0.07061900104229042,0.04358934123890494,0.05647132190814457,0.018658782283491323,0.023788094968484014,0.057734974077327646,0.03394687910884363,0.04690995714733843,0.02193815891243704,0.5653001803720429|-0.5681901085958985|0.5679641878368588,0.5160681875705714|-1.005776691173964|0.16841887555555807,0.18842064534190991|-0.7178973020277515|0.15334007863088006,0.0,0.0,0.0,0,0
153,carry_mid,arrive,7,0.25,0.0,0.0,,0.0,0.0,0.0,0,False,,2,2,2,0,2,0,2,2,False,False,ordinary_base,pelvis,0.1718389499001205,0.002806162927299738,0.13683554297313094,0.021096556913107634,,0.13683554297313094,0.8385854111143449,0.8385854111143449,,,1.0,1.0,0,0.0,0.0,0,0,0,False,0.0014495486090178485,0.041009192009345635,19,0.0014495486090178485,14,0.0012651223261825884,1,-0.03826496808078339,-0.03259358445809646,,0.0,0.0014133742151712417,,0.023049988138066666,0.02688294377487423,0.06936657438938866,0.042483630614514434,0.054033760943187126,0.018966079414452382,0.023580982661257258,0.05803338465609852,0.034452401994841265,0.047525160471099046,0.021869483466784648,0.5646397484862857|-0.5694996568919624|0.5601286678740339,0.5116403919287112|-1.0068950386076736|0.15675027524901364,0.18697991945310893|-0.7155921087561701|0.14450552570308994,0.0,0.0,0.0,0,0
154,carry_mid,arrive,6,0.25,0.0,0.0,,0.0,0.0,0.0,0,False,,2,2,2,0,2,0,2,2,False,False,ordinary_base,pelvis,0.17112312000244856,0.002791722072288394,0.13570039090700448,0.021456988994032145,,0.13570039090700448,0.832166235676194,0.832166235676194,,,1.0,1.0,0,0.0,0.0,0,0,0,False,0.0014498943234427068,0.04174345974537119,20,0.0014498943234427068,14,0.0009302912223949217,2,-0.038505101993651536,-0.03321093612227877,,0.0,0.00140766965811016,,0.02301515505230337,0.027578374618385686,0.06886316827781803,0.04128479365943235,0.05162620115394289,0.0188587548940995,0.023521168087791845,0.0576518935235177,0.03413072543572585,0.047817106353169325,0.021881527404537304,0.5651692886637458|-0.5726852443905432|0.5540895611112063,0.5084858840419939|-1.0069995066817787|0.14597201280296732,0.18568437726526643|-0.713933570952408|0.13797537125748052,0.0,0.0,0.0,0,0
155,carry_mid,arrive,5,0.25,0.0,0.0,,0.0,0.0,0.0,0,False,,2,2,2,0,2,0,2,2,False,False,ordinary_base,pelvis,0.17256118380464613,0.0028495839796960354,0.13615986914373934,0.02202024799771607,,0.13615986914373934,0.8234718833963921,0.8234718833963921,,,1.0,1.0,0,0.0,0.0,0,0,0,False,0.0014505182006026192,0.04218336324981667,20,0.0021489751312105954,13,0.0010152501750489012,3,-0.03846196644389899,-0.03498666616318502,,0.0,0.0014158912615698102,,0.02284535415116473,0.028482638957139813,0.06549971802889615,0.03701707907175633,0.04858198685383791,0.017981540920878857,0.02312318671560958,0.05773628050950236,0.03461309379389278,0.049165776346006974,0.021649329985970193,0.5640491357278342|-0.5709996611729522|0.5511741554571143,0.5036850138856044|-1.0073339023796|0.14107084459807506,0.18414860522697377|-0.712123657875362|0.13759989160220834,0.0,0.0,0.0,0,0
156,carry_mid,arrive,4,0.25,0.0,0.0,,0.0,0.0,0.0,0,False,,2,2,2,0,2,0,2,2,False,False,ordinary_base,pelvis,0.19508331711404026,0.0027482060249894857,0.15886362898163497,0.02207072009332478,,0.15886362898163497,0.8197582991045146,0.8197582991045146,,,1.0,1.0,0,0.0,0.0,0,0,0,False,0.0014506723513274013,0.042626059921489545,20,0.007328516060234547,12,0.0009995520965425247,4,-0.03939441543085209,-0.03387590590935652,,0.0,0.0014010155248948433,,0.02273452257696106,0.029430555194348028,0.06345407948104809,0.03402352428670006,0.04897182296562592,0.017837839286675036,0.022366269712316186,0.05942325503835271,0.037056985326036525,0.05233232754254481,0.021579312589619964,0.5646285468681598|-0.5725486105134471|0.549539472524,0.5024638849806831|-1.0055258313589932|0.13825403933959507,0.18218278806926397|-0.7099640569491804|0.13762968790629954,0.0,0.0,0.0,0,0
157,carry_mid,arrive,3,0.32465246735834974,0.0,0.0,,0.0,0.0,0.0,0,False,,2,2,2,0,2,0,2,2,False,False,ordinary_base,pelvis,0.16874069720506668,0.0027859818655997515,0.1330633379984647,0.02155845006927848,,0.1330633379984647,0.8168145377489734,0.8168145377489734,,,1.0,1.0,0,0.0,0.0,0,0,0,False,0.0014505146767562899,0.04300558489533707,20,0.008619395416428366,11,0.0011078952635313888,4,-0.03909873212543502,-0.032829312986708103,,0.0,0.00138191424218415,,0.022670659442092442,0.029674758276009964,0.061257015907758276,0.03158225763174831,0.047143995293752884,0.017938721807201297,0.022004248975370743,0.06056174238028972,0.03855749340491897,0.05440485336134063,0.02154731818527763,0.5630447587001883|-0.5744851288143519|0.548527896890441,0.49789482286938286|-1.0077926274402|0.13800800531708587,0.181499537730738|-0.7084493523491807|0.13757530616333843,0.0,0.0,0.0,0,0
158,carry_mid,arrive,2,0.6065306597126334,0.0,0.0,,0.0,0.0,0.0,0,False,,2,2,2,0,2,0,2,2,False,False,ordinary_base,pelvis,0.17380042583681643,0.0028257248923182487,0.13691076100803912,0.02255810098722577,,0.13691076100803912,0.8306624429984029,0.8306624429984029,,,1.0,1.0,0,0.0,0.0,0,0,0,False,0.0014527086715473564,0.043382314172278336,19,0.00670149025878225,11,0.0014527086715473564,3,-0.039250293865473296,-0.03178086413450032,,0.0,0.001390861694380483,,0.022771989349533724,0.028822959556492993,0.06333792852780525,0.03451496897131225,0.05280312120003026,0.01788518812605709,0.023525633929019848,0.06083909807153258,0.03731346414251273,0.05460689737145137,0.02173552750443649,0.5640972875975382|-0.5756693008087942|0.5466368243103745,0.5028314697771916|-1.005358943147187|0.13967852487987534,0.18241344803281528|-0.7079222542235737|0.13755774631392917,0.0,0.0,0.0,0,0
159,carry_mid,arrive,1,0.8824969025845955,0.0,0.0,,0.0,0.0,0.0,0,False,,2,2,2,0,2,0,2,2,False,False,ordinary_base,pelvis,0.1729576699435711,0.00279026897624135,0.13702276698313653,0.021709642140194774,,0.13702276698313653,0.8290950215503988,0.8290950215503988,,,1.0,1.0,0,0.0,0.0,0,0,0,True,0.0017057064981059467,0.043747676284718456,19,0.006064336136306719,11,0.0011303429458572323,3,-0.03928490625583869,-0.030274760144653357,,0.0,0.001375112023633624,,0.02273423118696726,0.028222029035005217,0.06328870933377287,0.03506668029876765,0.05360278919821728,0.01789522424103702,0.02496753139055983,0.06206231514237943,0.0370947837518196,0.05437032053500751,0.021663903189557233,0.5630566431059747|-0.5779963973728299|0.5451985516666987,0.5011642490930727|-1.0074997062959217|0.1394676055630358,0.18196171457391333|-0.7076529191625498|0.13750563329337978,0.0,0.0,0.0,0,0
160,carry_mid|arrive,arrive,0,1.0,0.0,0.0,,0.0,0.0,0.0,0,False,,4,4,4,2,2,2,4,4,True,False,semantic_extra,pelvis,0.31071244995109737,0.00279435608536005,0.2741369688883424,0.02223896188661456,,0.2741369688883424,0.8305298472937648,0.8305298472937648,,,1.0,1.0,0,0.0,0.0,0,0,0,True,0.0014507399907703715,0.04364268820916753,21,0.0059366206472082905,12,0.0009999797605679817,4,-0.03760357738794973,-0.029606834075920574,,0.0,0.001402899600841303,,0.022769870262599138,0.027716878355266827,0.0645743426937956,0.03685746433852877,0.05414492595910606,0.017817776018901315,0.026678162967446153,0.06248515346058161,0.03580699049313546,0.05604147347449981,0.02223529609014262,0.5623152767897589|-0.5800649190057685|0.5434882880264137,0.49960002247472596|-1.0109176106074529|0.1380611570385123,0.1817729323756597|-0.7081115084115025|0.13742538966326479,0.0,0.0,0.0,0,0
161,arrive,arrive,1,0.8824969025845955,0.0,0.0,,0.0,0.0,0.0,0,False,,2,2,2,0,2,0,2,2,False,False,ordinary_base,pelvis,0.19667885615490377,0.0027126329950988293,0.16068643610924482,0.021906346082687378,,0.16068643610924482,0.8288737020074656,0.8288737020074656,,,1.0,1.0,0,0.0,0.0,0,0,0,True,0.0014505777676515896,0.04352529945698258,20,0.005039517427734258,12,0.001118921540906953,3,-0.03683251961534317,-0.02922080795855564,,0.0,0.0013984869700594356,,0.022760032956701672,0.027859850731173672,0.06445050392567667,0.036590653194503,0.05399953688153808,0.017798601492041977,0.028178550168756502,0.06282960842518151,0.034651058256425005,0.056456827562400114,0.02184052910281769,0.5610986195410624|-0.5823918815505208|0.543111854922454,0.4970063841711826|-1.0136472119707123|0.13806101132560766,0.18249589658263574|-0.7071416614850599|0.13729028874611657,0.0,0.0,0.0,0,0
162,arrive|place,place,0,1.0,0.0,0.0,,0.0,0.0,0.0,0,False,,4,4,4,2,2,2,4,4,True,False,semantic_extra,pelvis,0.3091211800929159,0.0028062870260328054,0.27322736592032015,0.021753647830337286,,0.27322736592032015,0.8231568757772304,0.8231568757772304,,,1.0,1.0,0,0.0,0.0,0,0,0,True,0.001450734850138899,0.04345341428627378,20,0.0034113582408976384,12,0.001000000008312199,3,-0.036508127682209235,-0.02908222499008062,,0.0,0.001389395113713304,,0.02271280434429818,0.029374126293451857,0.06432888211082553,0.03495475581737367,0.053335334801269556,0.017796114730606976,0.029207366910765007,0.06293328374747519,0.03372591683671018,0.05577380039817909,0.02189195022530731,0.559295236431028|-0.5843290546155148|0.5434400190189984,0.49606897302744574|-1.0146824622972757|0.1380536829517057,0.18223431888192043|-0.7073764770726798|0.13713813493687024,0.0,0.0,0.0,0,0
163,place,place,1,0.8824969025845955,0.0,0.0,,0.0,0.0,0.0,0,False,,2,2,2,0,2,0,2,2,False,False,ordinary_base,pelvis,0.17293313308618963,0.00277347513474524,0.1368868388235569,0.02192829712294042,,0.1368868388235569,0.8162202120253667,0.8162202120253667,,,1.0,1.0,0,0.0,0.0,0,0,0,True,0.0016968962514081753,0.043423064902666675,20,0.0027335402352362537,12,0.0016968962514081753,3,-0.03626247003348304,-0.028113637249193246,,0.0,0.0013849577771748787,,0.02268024089309314,0.03150428727660695,0.06365147608451326,0.032147188807906305,0.05118240626731994,0.017909464942580985,0.03064899263967678,0.06355229455757208,0.0329033019178953,0.05347640060201749,0.021758388555137367,0.5580819856312156|-0.5856139142604403|0.5430877549293159,0.4941151057678272|-1.0166436779290111|0.13803712723619854,0.1797035533243336|-0.709935262246912|0.13719180582873847,0.0,0.0,0.0,0,0
164,place,place,2,0.6065306597126334,0.0,0.0,,0.0,0.0,0.0,0,False,,2,2,2,0,2,0,2,2,False,False,ordinary_base,pelvis|left_hand|right_hand,0.17310006101615727,0.0027689530979841948,0.1372884081210941,0.021564556984230876,,0.1372884081210941,0.8001986556874084,0.8001986556874084,,,1.0,1.0,0,0.0,0.0,0,0,0,True,0.0014507360314173802,0.043394698688288436,20,0.0033070616425555366,12,0.0011016983727301088,3,-0.03670029338669778,-0.0278302015470846,,0.0,0.0012888385242104347,,0.022514757777526637,0.0342397784909616,0.06290306776614997,0.028663289275188367,0.049221376528979614,0.018003037628671392,0.03187776298455548,0.06382478864202651,0.031947025657471026,0.04989018220898823,0.021282831748238005,0.5568084513822591|-0.5875476537675083|0.5436669472573253,0.49299162034657945|-1.0173626029204828|0.13868875404016134,0.17896262436709032|-0.710977326928253|0.13719146089387696,0.0,0.0,0.0,0,0
165,place,release,2,0.6065306597126334,0.0,0.0,,0.0,0.0,0.0,0,False,,2,2,2,0,2,0,2,2,False,False,ordinary_base,pelvis|left_hand|right_hand,0.19676137808710337,0.0027898279950022697,0.16032467503100634,0.022166016045957804,,0.16032467503100634,0.7880995980495542,0.7880995980495542,,,1.0,1.0,0,0.0,0.0,0,0,0,True,0.0014507192548667835,0.04316884004602339,21,0.0036989498235192875,12,0.0009998939138407409,4,-0.037651047030179186,-0.02818790809677907,,0.0,0.0013199962258852319,,0.0223983089205799,0.03852701768521481,0.0629065673110027,0.024379549625787894,0.04557347985433568,0.018144162825801766,0.03195709422104406,0.06355380102454904,0.03159670680350497,0.045194949989038356,0.02059586289864137,0.5556661179627406|-0.5884481392094308|0.5445966230560902,0.4944522845897124|-1.0155012258022011|0.13787758405959644,0.17972370371210963|-0.7105292030444343|0.137146094548186,0.0,0.0,0.0,0,0
166,place,release,1,0.8824969025845955,0.0,0.0,,0.0,0.0,0.0,0,False,,2,2,2,0,2,0,2,2,False,False,ordinary_base,pelvis|left_hand|right_hand,0.17299261898733675,0.002818784909322858,0.13725262903608382,0.021515264874324203,,0.13725262903608382,0.784131201273059,0.784131201273059,,,1.0,1.0,0,0.0,0.0,0,0,0,True,0.0014505858936632206,0.0430139588341813,18,0.0033454913191396374,12,0.001006144083723473,1,-0.03844226782833182,-0.02650411795227825,,0.0,0.0012953369337963035,,0.022413082716544557,0.044143587607936095,0.06219006296059449,0.018046475352658395,0.041545931938968036,0.018393125767351772,0.032630351534713914,0.06540100715715173,0.03277065562243782,0.04230497935788756,0.020498574898224403,0.5536797856999497|-0.5880284202873939|0.5463577095301393,0.49410257532506136|-1.0147557734828552|0.139252827683082,0.17765764416704266|-0.710993404800848|0.1393493688104062,0.0,0.0,0.0,0,0
167,place|release,release,0,1.0,0.0,0.0,,0.0,0.0,0.0,0,False,,4,4,4,2,2,2,4,4,True,False,semantic_extra,pelvis|left_hand|right_hand,0.30679443012923,0.002803331008180976,0.2712664930149913,0.021482357988134027,,0.2712664930149913,0.7787298442756496,0.7787298442756496,,,1.0,1.0,0,0.0,0.0,0,0,0,True,0.0014507321814358765,0.042823030097371956,17,0.0032885224614347397,12,0.0011534033864144116,1,-0.038872967654313584,-0.025347006065645772,,0.0,0.001125819427349045,,0.022401861898517037,0.05102108597820686,0.06191254254240026,0.010891456564193401,0.035609607778063095,0.01812948330721974,0.03403831060581309,0.06823099812957313,0.03419268752376004,0.04066256201941938,0.020782452380794552,0.5523411732409083|-0.587572707986213|0.5502265243256411,0.49437552563377174|-1.0138760713639812|0.14297177473665676,0.17733405952270376|-0.7097772647032548|0.14593174925424915,0.0,0.0,0.0,0,0
168,release,release,1,0.8824969025845955,0.0,0.0,,0.0,0.0,0.0,0,False,,2,2,2,0,2,0,2,2,False,False,ordinary_base,left_hand|right_hand,0.17033313401043415,0.0028137860354036093,0.13527081301435828,0.021106674801558256,,0.13527081301435828,0.765618605427336,0.765618605427336,,,1.0,1.0,0,0.0,0.0,0,0,0,True,0.0014498747611095576,0.04233165238735176,16,0.00327682267585247,11,0.0008264618914637367,1,-0.03654728130803164,-0.02412192357542331,,0.0,0.0014146575332836813,,0.02227723638805974,0.057945770332680925,0.06418149712574629,0.006235726793065367,0.03252146462956681,0.018295564078076216,0.03768593914257465,0.07313738507540221,0.03545144593282756,0.0368497340254253,0.020351982058474646,0.5496284698436403|-0.5854863877057126|0.5572911395451788,0.49734762708227515|-1.0133165168623726|0.14721945040868578,0.176713572297568|-0.7098079770629263|0.15699904166583362,0.0,0.0,0.0,0,0
169,release,release,2,0.6065306597126334,0.0,0.0,,0.0,0.0,0.0,0,False,,2,2,2,0,2,0,2,2,False,False,ordinary_base,left_hand|right_hand,0.1682026400230825,0.0028448381926864386,0.13295468990691006,0.021195248002186418,,0.13295468990691006,0.7529553606027839,0.7529553606027839,,,1.0,1.0,0,0.0,0.0,0,0,0,True,0.0014679717588198873,0.04197091164481939,15,0.0033650770584381373,10,0.0008663488705445282,1,-0.029438688018663228,-0.03226102299936073,,0.0,0.0014140975438725074,,0.02215900786453773,0.06520212713187788,0.07009801330371661,0.004895886171838726,0.02822866842909883,0.01850355774343982,0.04522794336980984,0.06985849919460943,0.024630555824799588,0.03000784536757324,0.020306765767043333,0.5465481429135236|-0.5861705186542593|0.5658593391086842,0.5035297181351168|-1.0138123186452288|0.1521858167799783,0.18109309220067893|-0.7095609198078358|0.1686385709802681,0.0,0.0,0.0,0,0
170,release,release,3,0.32465246735834974,0.0,0.0,,0.0,0.0,0.0,0,False,,2,2,2,0,2,0,2,2,False,False,ordinary_base,left_hand|right_hand,0.18850913387723267,0.002799541922286153,0.15407389984466136,0.020711327902972698,,0.15407389984466136,0.7365183468949003,0.7365183468949003,,,1.0,1.0,0,0.0,0.0,0,0,0,True,0.0014685365447779132,0.041519345281503,13,0.0033603405169984057,9,0.0,0,-0.01768007943344152,-0.026394016616821503,,0.0,0.001413349304688642,,0.021983586331914554,0.07218582435300443,0.0804504695608121,0.008264645207807675,0.025754759094447032,0.01839991123538066,0.049393140583701305,0.07408077963808128,0.024687639054379977,0.030115101344445235,0.019813083303726213,0.5446961484572044|-0.586198971507678|0.57418675142728,0.5122653401844093|-1.0161411234073938|0.16163458413097945,0.18244544322892475|-0.6977662592872468|0.18076218205895667,0.0,0.0,0.0,0,0
171,release,release,4,0.25,0.0,0.0,,0.0,0.0,0.0,0,False,,2,2,2,0,2,0,2,2,False,False,ordinary_base,left_hand|right_hand,0.1615996048785746,0.0027812300249934196,0.12786562787368894,0.020315031986683607,,0.12786562787368894,0.7285210316845874,0.7285210316845874,,,1.0,1.0,0,0.0,0.0,0,0,0,True,0.001405714635082201,0.04056831498365768,13,0.0033176622921406163,9,0.0,0,-0.002495087101253901,-0.025027207249335603,,0.0,0.0014139065776407954,,0.021852093785692743,0.0817515852275083,0.09496993502788384,0.013218349800375534,0.025748341215791185,0.018917819456521517,0.05656154740956927,0.07889440927044897,0.022332861860879696,0.027864039962680914,0.01958662966190867,0.5427505691872517|-0.5867577666768685|0.5856044122531342,0.5248195585524564|-1.0163901076540531|0.17805266744452683,0.18456442019340144|-0.6920665993491525|0.19711659630615347,0.0,0.0,0.0,0,0
172,release,release,5,0.25,0.0,0.0,,0.0,0.0,0.0,0,False,,2,2,2,0,2,0,2,2,False,False,ordinary_base,left_hand|right_hand,0.1565393430646509,0.0028063978534191847,0.12377841910347342,0.01966305705718696,,0.12377841910347342,0.7187827677258775,0.7187827677258775,,,1.0,1.0,0,0.0,0.0,0,0,0,True,0.0014042812001025876,0.03984493331479297,13,0.0032773474505289335,9,0.0,0,0.013084778872810787,-0.013405070108035488,,0.0,0.001414466776160493,,0.021772835843654272,0.08741630480404104,0.09606760524356164,0.008651300439520601,0.025321937390865117,0.01892714435664677,0.06847629255171706,0.09239546563359566,0.023919173081878603,0.027903607061938798,0.02044176272637942,0.5430584366686592|-0.5859909747219886|0.5968668485532641,0.5387563709651596|-1.013988123134022|0.19517448363570142,0.18432618983113758|-0.6808642462569208|0.21500574421065538,0.0,0.0,0.0,0,0
173,release,release,6,0.25,0.0,0.0,,0.0,0.0,0.0,0,False,,2,2,2,0,2,0,2,2,False,False,ordinary_base,left_hand|right_hand,0.15116844209842384,0.002802911214530468,0.11894185398705304,0.019330762093886733,,0.11894185398705304,0.7097200224353922,0.7097200224353922,,,1.0,1.0,0,0.0,0.0,0,0,0,True,0.0014357831665648205,0.0392392550143654,13,0.003212840348059298,9,0.0,0,0.02672081043124841,-0.001487417232489463,,0.0,0.0014136935489775552,,0.021700395727083654,0.08849723896939748,0.10127339875853814,0.012776159789140651,0.024407026673855813,0.01927767948631789,0.07654651471494775,0.09865603711304882,0.022109522398101072,0.02804324645066712,0.020243422210939253,0.5442696989744732|-0.5868451479385235|0.608235470843857,0.5532334209470946|-1.009276524919715|0.21215689122431872,0.18582448845951044|-0.6694033764200867|0.23244418277733017,0.0,0.0,0.0,0,0
174,release,release,7,0.25,0.0,0.0,,0.0,0.0,0.0,0,False,,2,2,2,0,2,0,2,2,False,False,ordinary_base,left_hand|right_hand,0.14438229613006115,0.002792301122099161,0.11370513401925564,0.018339528003707528,,0.11370513401925564,0.6925246784646164,0.6925246784646164,,,1.0,1.0,0,0.0,0.0,0,0,0,True,0.0014078105431645505,0.038501689484428225,13,0.0032808881487431663,9,0.0,0,0.04294867091678789,0.01331978639232645,,0.0,0.0014137372609962903,,0.021526230152534274,0.09535643335873249,0.10428861440571291,0.008932181046980417,0.02426343134654546,0.019168241401983737,0.08196116553129464,0.09988261285498024,0.0179214473236856,0.02823283407759074,0.020213468780111404,0.5451364577485198|-0.5840862254583252|0.6192468756730605,0.5690348987096622|-1.0032403860927492|0.23248409531864528,0.18798538720970379|-0.6573581329697947|0.25167179348487456,0.0,0.0,0.0,0,0
175,release,release,8,0.25,0.0,0.0,,0.0,0.0,0.0,0,False,,2,2,2,0,2,0,2,2,False,False,ordinary_base,left_hand|right_hand,0.1399326219689101,0.002873626071959734,0.10894844611175358,0.018421876011416316,,0.10894844611175358,0.6982401562270115,0.6982401562270115,,,1.0,1.0,0,0.0,0.0,0,0,0,True,0.0014655043899221738,0.037770114113853476,14,0.0032480913721732174,9,0.0,0,0.04327523309592429,0.013179978510413193,,0.0,0.001413356336233073,,0.021577179968944232,0.10933019893862801,0.11395657609267107,0.004626377154043057,0.02463395466214004,0.019276299474989617,0.09345158665985749,0.10485615089384215,0.011404564233984657,0.026627892024734517,0.020436865715867305,0.548045256028476|-0.5832507822241751|0.630672028005065,0.5861414921008135|-0.9956501797889586|0.2557975933521308,0.191449793753917|-0.6459972763540203|0.2715137429913401,0.0,0.0,0.0,0,0
176,release,release,9,0.25,0.0,0.0,,0.0,0.0,0.0,0,False,,2,2,2,0,2,0,2,2,False,False,ordinary_base,left_hand|right_hand,0.13662309013307095,0.002827221993356943,0.10624854103662074,0.017972614848986268,,0.10624854103662074,0.6949920091494185,0.6949920091494185,,,1.0,1.0,0,0.0,0.0,0,0,0,True,0.001402187485704233,0.03700475882601814,13,0.0032414610302861635,8,0.0,0,0.04549825507837113,0.012105861376948468,,0.0,0.0014162334910014795,,0.021553853667303304,0.11992225228588647,0.131031210796231,0.011108958510344533,0.025571841622321217,0.01937302177316573,0.10911909928107438,0.11507232394436356,0.0059532246632891805,0.025224397480165594,0.02040990381926091,0.5477228799047382|-0.586620960003484|0.6441329391958319,0.6064904286473665|-0.982506532562096|0.28257280230676607,0.1950453311534226|-0.6347428069478671|0.2947866415572371,0.0,0.0,0.0,0,0
177,release,release,10,0.25,0.0,0.0,,0.0,0.0,0.0,0,False,,2,2,2,0,2,0,2,2,False,False,ordinary_base,left_hand|right_hand,0.13420134177431464,0.0027596650179475546,0.1039798108395189,0.018062270944938064,,0.1039798108395189,0.6904101205375868,0.6904101205375868,,,1.0,1.0,0,0.0,0.0,0,0,0,True,0.0013930049354604103,0.03601509173464987,13,0.003209678411143918,8,0.0,0,0.05188530545093073,0.01705548227471354,,0.0,0.001141386480786463,,0.02141605179335884,0.12856650670278466,0.13073855508475135,0.0021720483819666903,0.026228721785012718,0.019414213801556425,0.11736156216501047,0.12679167055831012,0.00943010839329965,0.025304348249895452,0.019197953540411507,0.5481760983015831|-0.5930927584217306|0.6603056068471782,0.6248846344238042|-0.9697340232263811|0.31170831562693013,0.20401121063782834|-0.619299502855623|0.3257410739495296,0.0,0.0,0.0,0,0
178,release,release,11,0.25,0.0,0.0,,0.0,0.0,0.0,0,False,,2,2,2,0,2,0,2,2,False,False,ordinary_base,left_hand|right_hand,0.1516242539510131,0.002794106025248766,0.1215905649587512,0.01789748389273882,,0.1215905649587512,0.6696732544093701,0.6696732544093701,,,1.0,1.0,0,0.0,0.0,0,0,0,True,0.0013948375050285358,0.035215579728629265,13,0.0032372118068071387,8,0.0,0,0.06386959172764506,0.026903325069246975,,0.0,0.0014118441832694382,,0.021220102711334538,0.1450407403415181,0.1361032187261405,0.008937521615377586,0.026636831244123287,0.019305394618411287,0.12793315693065788,0.1401966942587368,0.012263537328078916,0.02611847115191151,0.0191696807139138,0.5429065621058398|-0.5984100098032926|0.6735978193729993,0.6416768311382451|-0.9582471628987435|0.34254806901955737,0.20988485652558106|-0.6066078282708911|0.35123686732238385,0.0,0.0,0.0,0,0
179,release,release,12,0.25,0.0,0.0,,0.0,0.0,0.0,0,False,,2,2,2,0,2,0,2,2,False,False,ordinary_base,left_hand|right_hand,0.12447716714814305,0.0028095149900764227,0.0943991260137409,0.017944250954315066,,0.0943991260137409,0.6551256931685697,0.6551256931685697,,,1.0,1.0,0,0.0,0.0,0,0,0,True,0.0014216518758235798,0.03437462126611876,13,0.0032177457428858303,8,0.0,0,0.08050352138632633,0.037342703415358613,,0.0,0.0014121764250731885,,0.02109855128530199,0.16799531309944574,0.1497531018219073,0.018242211277538445,0.027257811290961224,0.019249529555300092,0.1430239994661397,0.15147588008961893,0.008451880623479235,0.026072431454871137,0.019193336277821074,0.5385661817944485|-0.598586873987592|0.685042999955546,0.656982772770204|-0.9444810456772125|0.37801629296071115,0.21663212837542567|-0.5950943970706751|0.37796802055257694,0.0,0.0,0.0,0,0
180,release,release,13,0.25,0.0,0.0,,0.0,0.0,0.0,0,False,,2,2,2,0,2,0,2,2,False,False,ordinary_base,left_hand|right_hand,0.11748855793848634,0.0028392227832227945,0.08872097008861601,0.016991008073091507,,0.08872097008861601,0.659062527188479,0.659062527188479,,,1.0,1.0,0,0.0,0.0,0,0,0,True,0.0014211806600097736,0.0332711968614309,13,0.0032865042744878725,8,0.0,0,0.1007364384039029,0.04876364118934262,,0.0,0.001384406450371177,,0.02114373213062166,0.19553606696033513,0.17104945975965885,0.024486607200676275,0.027464802378914865,0.01944400137076953,0.1612148843364886,0.1599879054958344,0.0012269788406542026,0.02433564267246156,0.019277871472059553,0.5349150755913029|-0.6018567346239498|0.6961294346352095,0.6713280387432355|-0.9310298851980563|0.4122362613837159,0.22605687119416495|-0.5857804795148296|0.40710966820492095,0.0,0.0,0.0,0,0
181,release,release,14,0.25,0.0,0.0,,0.0,0.0,0.0,0,False,,2,2,2,0,2,0,2,2,False,False,ordinary_base,left_hand|right_hand,0.11449354700744152,0.002816669875755906,0.08552028192207217,0.017127149971202016,,0.08552028192207217,0.6619379377546263,0.6619379377546263,,,1.0,1.0,0,0.0,0.0,0,0,0,True,0.0014204336730666116,0.032007643491008014,15,0.0033173785393516286,9,0.0,0,0.12238826462329655,0.0639163522550259,,0.0,0.0014107488045273847,,0.021178574155917392,0.2254965775237558,0.19665523241061716,0.028841345113138628,0.027317658245003987,0.019599828563227343,0.18111092103285248,0.17504069685381812,0.006070224179034356,0.02517271980175167,0.019353243883747654,0.5339880461303118|-0.6051533057286766|0.706564177758079,0.6844920041327057|-0.9168608157858397|0.44595502640342155,0.23055632473165588|-0.5780583382339248|0.43587083761295903,0.0,0.0,0.0,0,0
182,release,release,15,0.25,0.0,0.0,,0.0,0.0,0.0,0,False,,2,2,2,0,2,0,2,2,False,False,ordinary_base,left_hand|right_hand,0.11351155303418636,0.0028264690190553665,0.08429663791321218,0.017276311991736293,,0.08429663791321218,0.6784042579159013,0.6784042579159013,,,1.0,1.0,0,0.0,0.0,0,0,0,True,0.001419994670919203,0.030644430814078333,15,0.003268673999005517,9,0.0,0,0.14245219660771902,0.07684967737282378,,0.0,0.0013754783729414417,,0.021445503183701094,0.2560121685361162,0.22278721089114664,0.03322495764496955,0.02841586480945146,0.019722054866050148,0.2015446298344794,0.18847101886590473,0.013073610968574678,0.024541026838942343,0.01978992087705657,0.5318927559182546|-0.6102504751183374|0.717212222248309,0.6947281851454684|-0.9049615057897825|0.4777132065185249,0.23998332871584757|-0.575724816428986|0.46570454886773377,0.0,0.0,0.0,0,0
183,release,release,16,0.25,0.0,0.0,,0.0,0.0,0.0,0,False,,2,2,2,0,2,0,2,2,False,False,ordinary_base,left_hand|right_hand,0.11470276792533696,0.002808723133057356,0.08542943303473294,0.017470302991569042,,0.08542943303473294,0.6884668176935995,0.6884668176935995,,,1.0,1.0,0,0.0,0.0,0,0,0,True,0.001420230315502348,0.029596223415881,11,0.003248747666651869,7,0.0,0,0.1635201490200906,0.09162472588319304,,0.0,0.0014141216567419555,,0.021572278607465113,0.2856512034311202,0.25007675020370657,0.03557445322741365,0.02880864125176967,0.0200695593407471,0.22180153031505706,0.20459448541403477,0.01720704490102229,0.024082326706414015,0.01992448224530729,0.5287585793924782|-0.6119981794399578|0.7267634778189316,0.703996269657311|-0.8917894511994487|0.5089091017907008,0.24478819804084062|-0.5734591765724103|0.49153225479047835,0.0,0.0,0.0,0,0
184,release,release,17,0.25,0.0,0.0,,0.0,0.0,0.0,0,False,,2,2,2,0,2,0,2,2,False,False,ordinary_base,left_hand|right_hand,0.11238408414646983,0.0027722669765353203,0.0834341801237315,0.017198806861415505,,0.0834341801237315,0.7101952144814071,0.7101952144814071,,,1.0,1.0,0,0.0,0.0,0,0,0,True,0.0014195409790260655,0.02949570265246948,11,0.003252260322485906,7,0.0,0,0.1847267622711719,0.11063643246759547,,0.0,0.0014102355020674416,,0.021879562507606826,0.3130544755253803,0.27799069192186276,0.03506378360351753,0.027037441513029455,0.019468949080722265,0.24108689094692043,0.22442884406177624,0.01665804688514419,0.02474041848586564,0.02036933078787082,0.5231254581678676|-0.6162193368647461|0.736426001851523,0.7109877268119524|-0.8779080097698312|0.5406232016995147,0.25086523323897286|-0.5695546885959716|0.5188538285239389,0.0,0.0,0.0,0,0
185,release,release,18,0.25,0.0,0.0,,0.0,0.0,0.0,0,False,,2,2,2,0,2,0,2,2,False,False,ordinary_base,left_hand|right_hand,0.1113081609364599,0.0028009628877043724,0.08211946184746921,0.01725246594287455,,0.08211946184746921,0.722382436166764,0.722382436166764,,,1.0,1.0,0,0.0,0.0,0,0,0,True,0.0014468032183521558,0.02942030348963659,11,0.003276638306620089,7,0.0,0,0.19793815891311084,0.1302493273384453,,0.0,0.0014204515157703096,,0.02206150896227587,0.33778397384238973,0.2986365390636496,0.03914743477874011,0.027614482777920318,0.019342547812026864,0.2589417099700439,0.24511899335409332,0.013822716615950581,0.026500626601562164,0.02009818061348616,0.5193790480446054|-0.6227742198527876|0.7456601588438959,0.7140071187221615|-0.864838211013267|0.5642644124775595,0.2546109993341592|-0.5690015716334528|0.5468646779758508,0.0,0.0,0.0,0,0
186,release,release,19,0.25,0.0,0.0,,0.0,0.0,0.0,0,False,,2,2,2,0,2,0,2,2,False,False,ordinary_base,left_hand|right_hand,0.10688109183683991,0.0028231111355125904,0.07842366211116314,0.01692740898579359,,0.07842366211116314,0.6698547991384074,0.6698547991384074,,,1.0,1.0,0,0.0,0.0,0,0,0,True,0.0013771469641166434,0.029132832016447174,11,0.0032708946587824417,7,0.0,0,0.21324032166808493,0.14602248375340743,,0.0,0.0014162794424891502,,0.02144659822334519,0.359344136490238,0.32198559565605156,0.03735854083418644,0.025110246207335905,0.019354064246795453,0.27530081417143243,0.26281825092769867,0.012482563243733757,0.027604703217314275,0.02002980943024849,0.525177933387379|-0.6397209700542882|0.7554601287677121,0.7141453740361199|-0.8575166544483187|0.5927127031357569,0.2617878921447378|-0.5705002531208209|0.5717433632724745,0.0,0.0,0.0,0,0
187,release,release,20,0.25,0.0,0.0,,0.0,0.0,0.0,0,False,,2,2,2,0,2,0,2,2,False,False,ordinary_base,left_hand|right_hand,0.1024761910084635,0.0028014960698783398,0.07403733697719872,0.016805935883894563,,0.07403733697719872,0.6646203109935062,0.6646203109935062,,,1.0,1.0,0,0.0,0.0,0,0,0,True,0.001437571027068988,0.02889959697394326,11,0.003246855073097632,7,0.0,0,0.2194357010454535,0.15618669002345165,,0.0,0.0014185707569876133,,0.021442801163549824,0.3770095537397474,0.3365202970340441,0.0404892567057033,0.01843710033592666,0.020592290393077493,0.2895092066965269,0.27750802904617333,0.012001177650353578,0.02679449669272457,0.01938736865766342,0.5229420126204439|-0.6528480161337107|0.7640342308668847,0.7067716416747215|-0.8465794328511463|0.6139910649338058,0.26295031954095494|-0.5796111486941549|0.5945406189717376,0.0,0.0,0.0,0,0
188,release,release,21,0.25,0.0,0.0,,0.0,0.0,0.0,0,False,,2,2,2,0,2,0,2,2,False,False,ordinary_base,left_hand|right_hand,0.10099793993867934,0.002800313988700509,0.07275349600240588,0.016660330118611455,,0.07275349600240588,0.6405671085037582,0.6405671085037582,,,1.0,1.0,0,0.0,0.0,0,0,0,True,0.0014119468421462215,0.02847110792395957,11,0.0032757478639100224,7,0.0,0,0.24447688903363485,0.1637923818023186,,0.0,0.0014413062690387139,,0.021074521900328318,0.39003915902423797,0.3630246105107101,0.02701454851352786,0.013801000943065786,0.03368386060910888,0.30052213316320486,0.28803921816630557,0.012482914996899297,0.02417371929092016,0.019536961154521162,0.5186036418534242|-0.6670121617412579|0.7702852668468387,0.708697811151008|-0.8252404039933912|0.6406377606613642,0.2669132551703199|-0.5884533285445772|0.6116115100685718,0.0,0.0,0.0,0,0
189,release,release,22,0.25,0.0,0.0,,0.0,0.0,0.0,0,False,,2,2,2,0,2,0,2,2,False,False,ordinary_base,left_hand|right_hand,0.10550166782923043,0.002787235891446471,0.07680760882794857,0.017123385798186064,,0.07680760882794857,0.6284254705583722,0.6284254705583722,,,1.0,1.0,0,0.0,0.0,0,0,0,True,0.0013800237698644233,0.028000751528077295,11,0.0032510369856921795,7,0.0,0,0.24902559259193424,0.16739707471021248,,0.0,0.0014412685953935824,,0.020992821458633893,0.3983120323993477,0.37172198287754554,0.02659004952180216,0.013425980936914257,0.031424345452076764,0.3083592293239548,0.2966971285917344,0.011662100732220404,0.02116677465942949,0.018858616767039527,0.5205186165844294|-0.6877074315054137|0.772077391110258,0.7088421849657509|-0.8254584415417422|0.650768461353597,0.2744024260624713|-0.6054291536438967|0.6293698579435518,0.0,0.0,0.0,0,0
190,release,release,23,0.25,0.0,0.0,,0.0,0.0,0.0,0,False,,2,2,2,0,2,0,2,2,False,False,ordinary_base,left_hand|right_hand,0.10530461510643363,0.002839097985997796,0.07732325093820691,0.01651668199338019,,0.07732325093820691,0.5978130646331935,0.5978130646331935,,,1.0,1.0,0,0.0,0.0,0,0,0,True,0.0013984169218882528,0.027450403635224135,11,0.00328116008836285,7,0.0,0,0.25290817534514076,0.17018550913002173,,0.0,0.0010565708439332785,,0.020636403090605587,0.40278409391672254,0.37865491344397617,0.02412918047274637,0.012505705453746399,0.030205950300115417,0.31361655247816944,0.30510906813557737,0.008507484342592075,0.021083099233510202,0.01848530119614256,0.5234235660819098|-0.7060927874240268|0.7724534011471106,0.7073169065928363|-0.8250737282807726|0.6595566636093825,0.27691526856508236|-0.6151576206656716|0.641990034007286,0.0,0.0,0.0,0,0
191,release,release,24,0.25,0.0,0.0,,0.0,0.0,0.0,0,False,,2,2,2,0,2,0,2,2,False,False,ordinary_base,left_hand|right_hand,0.10411690385080874,0.002833385020494461,0.07600044505670667,0.01671604416333139,,0.07600044505670667,0.5799272441814661,0.5799272441814661,,,1.0,1.0,0,0.0,0.0,0,0,0,True,0.0014051002434484795,0.027017229204877896,11,0.003271797423049755,7,0.0,0,0.25822784106711616,0.16763184328940284,,0.0,0.0012618631734226228,,0.020458759006443793,0.4038420920325744,0.3858332940966613,0.01800879793591309,0.015226431284918795,,0.3166459060158779,0.30814676670909585,0.008499139306782033,0.01899268436002862,0.01813669911976746,0.5265237630695511|-0.7206572809538514|0.772674712636057,0.7080121559102007|-0.823777189516499|0.6672206056251114,0.2834690408274504|-0.6262369168507833|0.6492686696449482,0.0,0.0,0.0,0,0
192,,release,25,1.1769109439216723e-34,0.0,0.0,,0.0,0.0,0.0,0,False,,2,2,2,0,2,0,2,2,False,False,ordinary_base,,0.10367586417123675,0.0027874112129211426,0.07575059100054204,0.016531277913600206,,0.07575059100054204,0.5808139596010696,0.5808139596010696,,,1.0,1.0,0,0.0,0.0,0,0,0,False,0.0013971029239316368,0.027989446489301545,11,0.0032728570565166704,7,0.0,0,0.25543951893086536,0.161329130932085,,0.0,0.0012495902548053373,,0.02061233476640111,0.40227656445836085,0.3848941048786516,0.017382459579709242,0.017491802888580245,,0.3184100408027123,0.3088367261774284,0.00957331462528388,0.015278099315756211,0.018929491998687643,0.5325707166855261|-0.7375718738639728|0.7711216337868954,0.7085652411793594|-0.8359489656285422|0.6677992187143462,0.29170029316473556|-0.6406915461001537|0.6543151262932158,0.0,0.0,0.0,0,0
193,,release,26,2.005008781961654e-37,0.0,0.0,,0.0,0.0,0.0,0,False,,2,2,2,0,2,0,2,2,False,False,ordinary_base,,0.10443138796836138,0.0027818470261991024,0.07679874403402209,0.016344614094123244,,0.07679874403402209,0.5744250706750882,0.5744250706750882,,,1.0,1.0,0,0.0,0.0,0,0,0,False,0.0014146562647520157,0.02873835392025398,11,0.0032953839276314845,7,0.0,0,0.24729158374510796,0.1579014658502551,,0.0,0.0014151855197674916,,0.020524905188924396,0.39822651118405494,0.37914567887975265,0.019080832304302298,0.017903531471492182,0.02121811757334579,0.3193566613925735,0.3110437520599609,0.008312909332612639,0.015436229842264356,0.019938110825668567,0.5361771410012534|-0.756688847931795|0.7694378344627133,0.7079277501582657|-0.8618280608709096|0.6642558362666187,0.2964662475333991|-0.6560463823996013|0.6598289526380575,0.0,0.0,0.0,0,0
194,,release,27,2.6602064159439866e-40,0.0,0.0,,0.0,0.0,0.0,0,False,,2,2,2,0,2,0,2,2,False,False,ordinary_base,,0.11165709886699915,0.002814970910549164,0.08198610902763903,0.017606301000341773,,0.08198610902763903,0.5697631602996118,0.5697631602996118,,,1.0,1.0,0,0.0,0.0,0,0,0,False,0.001412494069408337,0.02901419590135193,13,0.0033404760773517728,8,0.0,0,0.23885505994695677,0.15402634293290873,,0.0,0.0012141746116273344,,0.020431972947349653,0.3923473930866343,0.3742916151781452,0.018055777908489112,0.019201237914762886,0.021735447171054415,0.31994222454913385,0.31259929645756424,0.007342928091569612,0.014391158940153732,0.020161656878714167,0.5419170995913216|-0.7743582993485906|0.7684167169249222,0.7055842963352795|-0.8858830747180402|0.6607807981200376,0.3029673980736779|-0.673098656321329|0.6640755165195013,0.0,0.0,0.0,0,0
195,,release,28,2.7487850079102147e-43,0.0,0.0,,0.0,0.0,0.0,0,False,,2,2,2,0,2,0,2,2,False,False,ordinary_base,,0.14033984602428973,0.002873840043321252,0.10964967706240714,0.018372638151049614,,0.10964967706240714,0.567796775367975,0.567796775367975,,,1.0,1.0,0,0.0,0.0,0,0,0,False,0.0019131125010058113,0.029207533292363697,12,0.003311939486839499,5,0.0,0,0.2355386419406269,0.15405642984490697,,0.0,0.0014265979595559442,,0.02032982600214149,0.3863443280470266,0.37310788655973376,0.01323644148729286,0.020590319385575505,0.021385401604180652,0.3212678924959147,0.31648790648095887,0.004779986014955828,0.011909556651343432,0.01934882088100597,0.552070673858284|-0.791199813234276|0.7690421504945891,0.7076247656159715|-0.9123232467624791|0.6570414181553356,0.3184981036126222|-0.6917925961071236|0.6696979901946242,0.0,0.0,0.0,0,0
