frame_idx,active_event,nearest_trigger,distance_to_trigger,semantic_score,base_budget,final_budget_after_rescue,configured_semantic_refine_iterations,minimum_semantic_refine_iterations,base_sqp_iterations,semantic_refine_iterations,actual_sqp_iterations,semantic_body_parts,frame_wall_time,mesh_time,optimization_time,collision_check_time,jacobian_time,solver_time,coarse_total_cost,final_total_cost,coarse_left_hand_object_error,coarse_right_hand_object_error,semantic_vertex_weight_mean,semantic_vertex_weight_max,semantic_boosted_vertex_count,semantic_weight_l1,semantic_weight_l2,is_critical_interaction_neighborhood,penetration_depth,raw_penetration_depth,raw_penetration_pair_count,expected_contact_penetration_depth,expected_contact_penetration_pair_count,illegal_penetration_depth,illegal_penetration_pair_count,left_hand_box_signed_distance,right_hand_box_signed_distance,self_collision_violation,joint_limit_violation,foot_sticking_error,velocity_limit_violation,final_laplacian_error,left_hand_demo_object_distance,left_hand_robot_object_distance,left_hand_object_error,left_hand_local_laplacian_error,left_hand_object_neighbor_laplacian_error,right_hand_demo_object_distance,right_hand_robot_object_distance,right_hand_object_error,right_hand_local_laplacian_error,right_hand_object_neighbor_laplacian_error,pelvis_robot_position,left_hand_robot_position,right_hand_robot_position
0,,contact,30,1.3863432936411706e-49,50,50,0,0,50,0,50,left_hand|right_hand,1.8265511598438025,0.002751060063019395,1.8123437501490116,0.011425223900005221,,1.8123437501490116,1.1928872910670902,1.1928872910670902,,,1.0000000000000002,1.4250558950004246,42,9.547409333855686,1.0287747314846034,False,0.0014549166708617903,0.02770544119344512,17,0.0031038711506328753,13,0.0,0,0.07555658800843723,0.1361566830483607,,0.0,0.0,,0.022075931842809586,0.222575568590948,0.2561911678036476,0.033615599212699604,0.05947355947852523,0.01874468635560876,0.2745051197479645,0.2834926479195762,0.008987528171611692,0.047088034036198184,0.017720181603497098,0.6357770349117488|0.8033278683281758|0.7697771543013362,0.854040950329599|0.6367241645946019|0.5881383098088484,0.4019627427430226|0.6605301565031726|0.6050589743650724
1,,contact,29,2.2120380336009962e-46,2,2,0,0,2,0,2,left_hand|right_hand,0.09239001804962754,0.002663991879671812,0.07856555399484932,0.011131804902106524,,0.07856555399484932,0.7441735515320689,0.7441735515320689,,,1.0,1.4169983232212822,46,9.753520102463884,1.0314583794116756,False,0.0007661942218540989,0.02944118658689926,13,0.0031473427068362536,9,0.0,0,0.048273442456050475,0.10821053548606052,,0.0,0.001661619010994639,,0.021469949961883807,0.19466303616604216,0.22694551883866174,0.03228248267261957,0.05345243284689196,0.017483675823495682,0.24702061277048,0.25305582266276305,0.006035209892283039,0.041720462848670606,0.016809457249592492,0.6359302848538166|0.8113188231651834|0.7580157859229292,0.8657561120219193|0.6447475683645794|0.5498096761927266,0.3936771800447192|0.6554421103470494|0.5660145172060996
2,,contact,28,2.7487850079102147e-43,2,2,0,0,2,0,2,left_hand|right_hand,0.0980199200566858,0.002711840905249119,0.08355506299994886,0.011724118841812015,,0.08355506299994886,0.7020566715353024,0.7020566715353024,,,1.0000000000000004,1.4130036104331043,48,9.821874257671912,1.0314344525790935,False,0.0006502115928383075,0.031030858004758133,13,0.0031186797000378186,9,0.0,0,0.021009078800560133,0.07617761855709482,,0.0,0.0014950857981817377,,0.021078818081966186,0.16702964198679293,0.1952703339798014,0.028240691993008465,0.049308376370906314,0.017972248199636078,0.218889967517298,0.21832322950926145,0.0005667380080365547,0.03657081442638797,0.016894533359434895,0.6298541944467924|0.8236767843924255|0.7416086411003918,0.8705429668920615|0.6523529253669074|0.5081961175526187,0.39132083100450527|0.6444418730459365|0.5233884065870889
3,,contact,27,2.6602064159439866e-40,2,2,0,0,2,0,2,left_hand|right_hand,0.1018890009727329,0.0027379111852496862,0.08706972701475024,0.012048844015225768,,0.08706972701475024,0.6895919599455818,0.6895919599455818,,,1.0000000000000004,1.4130036104331043,48,9.821874257671913,1.0314344525790935,False,0.0005878890226596392,0.03260919525769493,12,0.003141146459411881,8,0.0,0,-0.0009012784204980306,0.04473988180975752,,0.0,0.001556669784724798,,0.02100261235491015,0.14084248028933713,0.16054423251770905,0.01970175222837192,0.04487179448891553,0.018700668596504367,0.19075423092319974,0.18499168086796208,0.005762550055237653,0.02788617777674556,0.01731681703009074,0.6220118434397875|0.8386798330497944|0.7203467545857621,0.8776003310655708|0.6539792309147062|0.4645578652818686,0.390623525112917|0.629622974987538|0.4791297674050194
4,,contact,26,2.005008781961654e-37,2,2,0,0,2,0,2,left_hand|right_hand,0.1059799559880048,0.002703371923416853,0.09114458714611828,0.012101202039048076,,0.09114458714611828,0.6970718218967489,0.6970718218967489,,,1.0000000000000002,1.4149981474421478,47,9.790568539655572,1.031558479421022,False,0.0005616002100241983,0.03425325024980713,12,0.0031371618314882943,7,0.0,0,-0.01582973819909661,0.017237588532289294,,0.0,0.0017740413139887762,,0.02117882325813028,0.11775434054355444,0.13359098148364773,0.015836640940093294,0.0400109586664543,0.018753775301175956,0.16346603677236926,0.15757512415398467,0.005890912618384592,0.023923593733607747,0.018318595319143375,0.6124397616228189|0.8571522545305238|0.6937199432845053,0.8830509078972437|0.6523545522564982|0.4242759064278385,0.39060398389672135|0.6175586394952379|0.4341700807979164
5,,contact,25,1.1769109439216723e-34,2,2,0,0,2,0,2,left_hand|right_hand,0.1081300110090524,0.0027203019708395004,0.0929621011018753,0.012418441940099001,,0.0929621011018753,0.6677674821035318,0.6677674821035318,,,1.0000000000000002,1.419004161716468,45,9.710704558699206,1.0311321801751208,False,0.0008955668207554363,0.035974560793328,14,0.0031110539474660526,10,0.0,0,-0.024175534225129525,0.0023442675199341068,,0.0,0.0015601386720796942,,0.021007565867473068,0.09956860049399487,0.11326807105919709,0.013699470565202224,0.03525931246493887,0.0189502384993043,0.13873854643006756,0.14368790721481262,0.0049493607847450605,0.024551845707774834,0.01846708145988634,0.6085770307714597|0.869553777546053|0.6655168726948391,0.8880361767855953|0.6491358059917466|0.3862134155775977,0.3887376316078285|0.6012064545429113|0.3930118564733961
6,,contact,24,5.380186160021138e-32,2,2,0,0,2,0,2,left_hand|right_hand,0.11351961200125515,0.002726287115365267,0.09796415898017585,0.012799387099221349,,0.09796415898017585,0.6896475382133676,0.6896475382133676,,,1.0000000000000002,1.419004161716468,45,9.710704558699206,1.0311321801751208,False,0.005013538789782002,0.036225640538144116,13,0.0031355946968038007,8,0.005013538789782002,1,-0.023640840101732508,-0.010502620119353878,,0.0,0.001573526849305096,,0.021292940483637047,0.08879512663570269,0.09361096102885882,0.004815834393156138,0.03506054359978726,0.019747410274007917,0.11883766528894972,0.13232131667639263,0.01348365138744291,0.024893901020432332,0.018838475124565157,0.6077699330975852|0.8826758669006126|0.6424460178594934,0.8927442489418337|0.646060965152192|0.34775778051267064,0.3941695108851105|0.5873614438168624|0.3606284775643173
7,,contact,23,1.915478951967148e-29,2,2,0,0,2,0,2,left_hand|right_hand,0.11578224692493677,0.002727614948526025,0.10040782205760479,0.012617998057976365,,0.10040782205760479,0.6975883697271776,0.6975883697271776,,,1.0000000000000002,1.4169983232212822,46,9.753520102463884,1.0314583794116756,False,0.0015960440492766015,0.03554926597335464,12,0.0031557274893412313,7,0.0015960440492766015,1,-0.025025414638063737,-0.01744194087530282,,0.0,0.0014436251599083956,,0.02147992853128258,0.08391605980249676,0.08285996554066938,0.0010560942618273866,0.03184501081364058,0.01960525947273226,0.10638536290407621,0.11557680411739349,0.009191441213317275,0.024927076105594387,0.019015372131909195,0.6065120794060176|0.8909177353606413|0.6258149928179495,0.8947147533942175|0.6375858425419485|0.31390150920195065,0.40154071576297357|0.5746070099070182|0.32811670187058406
8,,contact,22,5.311092249679095e-27,2,2,0,0,2,0,2,left_hand|right_hand,0.14128751889802516,0.002669940935447812,0.12550110486336052,0.01308642397634685,,0.12550110486336052,0.695327552785719,0.695327552785719,,,0.9999999999999999,1.4190041617164675,45,9.710704558699213,1.0311321801751205,False,0.0021960886451604517,0.03630144888403994,11,0.002967420815621097,6,0.0021960886451604517,1,-0.01963148857884356,-0.015453243397903549,,0.0,0.0012979616906512723,,0.021412681358023843,0.08027341396293271,0.08410099031397826,0.003827576351045553,0.031435109011984846,0.019318839978345232,0.09965398132270455,0.10623612430563874,0.0065821429829341915,0.0251633546159403,0.019425443638861863,0.6034480540052769|0.8955833193412713|0.6097760658645764,0.8961423776350348|0.6309313902663147|0.28651402450866587,0.4071940840407967|0.5641641140177851|0.2939656900148725
9,,contact,21,1.146876582225596e-24,2,2,0,0,2,0,2,left_hand|right_hand,0.1204070970416069,0.0027151359245181084,0.10468153608962893,0.01298138010315597,,0.10468153608962893,0.694633042348301,0.694633042348301,,,1.0000000000000002,1.4149981474421478,47,9.790568539655572,1.031558479421022,False,0.0012010782459005581,0.03660445286044944,12,0.003008943902417044,7,0.0012010782459005581,1,-0.009143148120788425,-0.008460615977909924,,0.0,0.0013167520455830296,,0.02142115513077701,0.078574444051005,0.09190903799303106,0.01333459394202606,0.031345077075559634,0.019035462859958014,0.08475699918663318,0.09739464886403004,0.012637649677396862,0.026865248718652136,0.02028497977766841,0.6079415046682248|0.9002482629174603|0.5962787425418203,0.8998535288448068|0.6254234348429183|0.2620230119794234,0.4121671517944943|0.5577212020858003|0.2652137039802639
10,,contact,20,1.9287498479639178e-22,2,2,0,0,2,0,2,left_hand|right_hand,0.12196228187531233,0.0026813209988176823,0.10606446000747383,0.01318826200440526,,0.10606446000747383,0.7006061980661081,0.7006061980661081,,,1.0000000000000004,1.4130036104331043,48,9.821874257671913,1.0314344525790937,False,0.001546332673933868,0.03727273446010332,11,0.002972382152683306,6,0.0014252615421997128,1,-0.0007616260604201841,-0.009551064940701792,,0.0,0.0013427077848937945,,0.021488301494206496,0.0745574537008932,0.08459605360214954,0.010038599901256343,0.03036246265728761,0.018872031509903214,0.07821379770334051,0.09598941956120323,0.017775621857862717,0.0281760280458788,0.02017016474083821,0.6122388242269594|0.9030582671300691|0.5846716124040965,0.9001845270390042|0.6196174636783085|0.23966636027371624,0.41783966577152754|0.5478605563346616|0.24083963603419328
11,,contact,19,2.5261637809256925e-20,2,2,0,0,2,0,2,left_hand|right_hand,0.12705437908880413,0.002699687145650387,0.11084701609797776,0.013477190863341093,,0.11084701609797776,0.7079137205424235,0.7079137205424235,,,1.0000000000000002,1.4149981474421478,47,9.790568539655572,1.031558479421022,False,0.0010998574374477058,0.03760111447854428,9,0.003018469779875105,4,0.0010451887159547285,1,-0.009385568200098504,-0.024176198450984288,,0.0,0.0013488245850146246,,0.02157551953126356,0.07612232754810105,0.08287081666115106,0.00674848911305001,0.031083967573664648,0.01896261378581737,0.07599210873720244,0.09660588878164053,0.02061378004443809,0.02790345461683498,0.019568154219639228,0.6149509869608614|0.9059359641348366|0.5736722476323781,0.9002985569437939|0.6146056624281059|0.22110839923867412,0.42463367811428687|0.5443742521249946|0.21768776338901055
12,,contact,18,2.576757109154981e-18,2,2,0,0,2,0,2,left_hand|right_hand,0.1324940819758922,0.0026783039793372154,0.11592448386363685,0.013857345096766949,,0.11592448386363685,0.704901534686613,0.704901534686613,,,0.9999999999999998,1.4190041617164675,45,9.710704558699213,1.0311321801751205,False,0.0015207417733134783,0.03853693866828797,10,0.0030128680476467218,5,0.0010123916572782055,1,-0.01872245292750563,-0.035480222123263516,,0.0,0.0013530022708494645,,0.02151434572546677,0.07950557536863648,0.08471509691357486,0.005209521544938381,0.030849868016411673,0.01901088683698996,0.06475706662099791,0.08063996429821997,0.015882897677222063,0.02703081017595507,0.018950445244991378,0.6151207166510355|0.9072962810902715|0.5608212682998786,0.899064103160936|0.6088541368607757|0.2008447714811455,0.43292723797676763|0.5368757996435151|0.19498001625155154
13,,contact,17,2.0469717131642043e-16,2,2,0,0,2,0,2,left_hand|right_hand,0.13587999111041427,0.0027364890556782484,0.11920373188331723,0.013911461923271418,,0.11920373188331723,0.7149950110554599,0.7149950110554599,,,0.9999999999999999,1.4190041617164675,45,9.710704558699213,1.0311321801751205,False,0.0018082209838386348,0.038864129382782164,9,0.003035093538967387,4,0.0018082209838386348,1,-0.025551924666826764,-0.038985638061076244,,0.0,0.0013633247877026195,,0.021638259442241743,0.0731831569668558,0.09018035474306003,0.01699719777620423,0.03040352459983799,0.018669015007349122,0.059706961524533954,0.07329667748197069,0.013589715957436736,0.027989208915730347,0.019557792689189054,0.6166148244617033|0.9088291672278183|0.5504403024345291,0.8977832235823696|0.6014785557394577|0.18277959875639352,0.43792642745966015|0.5317958902090782|0.1759183511389376
14,,contact,16,1.2664165549094176e-14,2,2,0,0,2,0,2,left_hand|right_hand,0.1391080159228295,0.0026820378843694925,0.12243947014212608,0.013957929098978639,,0.12243947014212608,0.7156481450120868,0.7156481450120868,,,1.0000000000000002,1.4250558950004246,42,9.547409333855688,1.0287747314846034,False,0.0017102830778461392,0.039766631845081,11,0.0030380263466471824,6,0.0010241652429035936,1,-0.03013921744761916,-0.03245385552220981,,0.0,0.0013680277719002021,,0.021649640640722355,0.06960966218364845,0.08291589669827365,0.013306234514625204,0.028613654462283623,0.0186747416408513,0.058226961794825144,0.07623617295187177,0.018009211157046623,0.03230909133823813,0.01971996239354317,0.6184443545292254|0.9096119040043918|0.5397202627895636,0.8964452045549495|0.5968838225973148|0.1669726919086459,0.43710523898121634|0.5321223544340797|0.1546358792486922
15,,contact,15,6.101936677605324e-13,2,2,0,0,2,0,2,left_hand|right_hand,0.14286158699542284,0.0026779728941619396,0.12555664801038802,0.014594771899282932,,0.12555664801038802,0.7267016575030415,0.7267016575030415,,,1.0000000000000002,1.4291191426005607,40,9.40925694738771,1.026028688040193,False,0.001067863809181488,0.039838652008807096,10,0.002990893649162163,5,0.001067863809181488,1,-0.033095969059200314,-0.028680431646545657,,0.0,0.0013638562935794315,,0.021748282391768042,0.06819076923508341,0.07590066113023267,0.007709891895149257,0.028586833204517763,0.018595297444239125,0.051732893876668254,0.07302367032842444,0.021290776451756185,0.034297083198705045,0.020176915690884693,0.6209583333070697|0.9090162283859298|0.5310146992713705,0.894392190165921|0.588388301843572|0.15517538186677696,0.43994969352443947|0.5297931261376755|0.1393079102088419
16,,contact,14,2.289734845645553e-11,2,2,0,0,2,0,2,left_hand|right_hand,0.14791647507809103,0.002643499057739973,0.13073020079173148,0.014512861147522926,,0.13073020079173148,0.7322880829332638,0.7322880829332638,,,1.0,1.4311594679288073,39,9.331318815836703,1.0242947422273347,False,0.0012054658587625083,0.03983380073208581,13,0.002996716034210256,5,0.0012054658587625083,4,-0.03824783402374976,-0.028526608852292412,,0.0,0.001382041186487978,,0.02177289528656234,0.06402632931514866,0.07146583724171626,0.007439507926567598,0.032616968523629684,0.019073670498574582,0.04456511921968228,0.06964943460805549,0.02508431538837321,0.03841109296303859,0.020308778531933226,0.6230017247066648|0.9097144239163716|0.5251020813100826,0.8914700831707508|0.58495827448007|0.14733385886195385,0.44236476757604354|0.5260490880024326|0.13560147869711187
17,,contact,13,6.691586091292782e-10,2,2,0,0,2,0,2,left_hand|right_hand,0.1492019349243492,0.0026884078979492188,0.13195851701311767,0.01452708593569696,,0.13195851701311767,0.7483712674508852,0.7483712674508852,,,1.0,1.4332056274512064,38,9.247438938463368,1.0223158883386971,False,0.0011344869366026744,0.03939378003710001,13,0.0030182819769577485,5,0.0011344869366026744,4,-0.04320474244266137,-0.027636079306798678,,0.0,0.0014086951611738722,,0.02188699243859089,0.058311006527179424,0.06791196653428558,0.009600960007106155,0.0346119475514227,0.019109077940959757,0.039410877470981445,0.07006933169534416,0.03065845422436271,0.047075960519995165,0.02066838054728093,0.6229870439542496|0.9123416515572442|0.5210933953989303,0.888551108130283|0.5822575275744097|0.14207410057217812,0.4419063148400152|0.5236244961268346|0.1355735287243953
18,,contact,12,1.522997974471263e-08,2,2,0,0,2,0,2,left_hand|right_hand,0.1491905099246651,0.0027365509886294603,0.13192251394502819,0.014501884113997221,,0.13192251394502819,0.7745133547342028,0.7745133547342028,,,1.0,1.4373155494607741,36,9.061751713416701,1.0176092727593993,False,0.0010260216605585404,0.03890751208410256,14,0.003035532063797697,6,0.0010005922174785298,4,-0.031980714033004176,-0.027673215925478445,,0.0,0.0013926451671645134,,0.022063794068698607,0.05258928045085924,0.07351267663165141,0.02092339618079217,0.04081204764215296,0.018646034416195015,0.034969496022889825,0.07061977523772198,0.03565027921483215,0.05607474199939172,0.02145618911982097,0.6221785082974947|0.9140382401374176|0.5178322677457209,0.8937621609224528|0.5833296691035762|0.13700426938137183,0.4413498090287207|0.5236846593920801|0.13545617234033713
19,,contact,11,2.699578503363014e-07,2,2,0,0,2,0,2,left_hand|right_hand,0.14723453018814325,0.00270700897090137,0.12989465100690722,0.014600829919800162,,0.12989465100690722,0.7946052166625848,0.7946052166625848,,,1.0,1.4393793624994426,35,8.95989288234158,1.0148738361868082,False,0.0014530192044677065,0.03842607795171821,15,0.0029856556847730753,6,0.0014530192044677065,5,-0.029307731382315794,-0.02755492860553943,,0.0,0.0013908667056225811,,0.022141141657966747,0.04693967049141904,0.07208392852817762,0.025144258036758578,0.044617155969436155,0.018495577147451314,0.03153757446137274,0.07101314668288287,0.03947557222151014,0.06313624505688019,0.021499454328267976,0.6202182909673551|0.9148067323092792|0.5153549621382996,0.8930423633958559|0.5785798142775942|0.13591296319273247,0.44089321715069757|0.5229784906954589|0.13527996441926393
20,,contact,10,3.726653172078671e-06,2,2,0,0,2,0,2,left_hand|right_hand,0.1718301959335804,0.0026753991842269897,0.15408740378916264,0.015037467936053872,,0.15408740378916264,0.8400139967606737,0.8400139967606737,,,0.9999999999999999,1.4435248201152229,33,8.738014962529775,1.0086176359769496,False,0.0013452993590945955,0.03816712612993539,15,0.0029824674316329125,6,0.0013452993590945955,5,-0.027811396147141565,-0.027213864232503937,,0.0,0.0014142659586489242,,0.022586878057660794,0.042137197001041356,0.06979899387733435,0.027661796876292992,0.05235834345892806,0.019904707062137744,0.030081807189030255,0.0716201365403917,0.04153832935136145,0.06740785859014564,0.021358766391980942,0.6191127591825101|0.9136167109693214|0.5146958718951126,0.8914057782403028|0.574291401739752|0.13663381204938302,0.440327791198058|0.5213905919694966|0.1349894725014349
21,,contact,9,4.006529739295107e-05,2,2,0,0,2,0,2,left_hand|right_hand,0.14755294495262206,0.0026939508970826864,0.13032234506681561,0.01450730999931693,,0.13032234506681561,0.8840638238903311,0.8840638238903311,,,1.0000000000000002,1.4456065161217821,32,8.61794349625815,1.0050876310199488,False,0.0011571034430842564,0.038117689555135476,15,0.0029389578279449546,6,0.0011571034430842564,5,-0.027659674772174014,-0.026114887543929655,,0.0,0.0014146842744758555,,0.022976020707545813,0.03866287067761362,0.06867595993732284,0.03001308925970922,0.05674208067257824,0.020231355660808654,0.029937430837878223,0.07168853933316556,0.041751108495287334,0.07233400823191057,0.02209631669160969,0.6173373968399894|0.9139169007265726|0.5120826363281935,0.8904680888997513|0.5718606116555311|0.1370371685453162,0.44039210034857407|0.518183278862406|0.13517305492470066
22,,contact,8,0.00033546262790251185,2,2,0,0,2,0,2,left_hand|right_hand,0.14797967998310924,0.002710987813770771,0.1304199129808694,0.014819463016465306,,0.1304199129808694,0.8912358094069037,0.8912358094069037,,,1.0000000000000002,1.4456065161217821,32,8.61794349625815,1.0050876310199488,False,0.0017065348690931126,0.03811956852294812,15,0.0029502151468231153,6,0.0017065348690931126,5,-0.02779249620579627,-0.02568528337952003,,0.0,0.0014159395304482088,,0.02301139580232708,0.03735674281998337,0.06768833027781843,0.030331587457835055,0.0596949471329823,0.020441082515472088,0.03126426443896467,0.07159305330396337,0.0403287888649987,0.07392558196658076,0.021686823041691356,0.6186817507555654|0.9137699698472259|0.5096346296713608,0.8894495654019191|0.5686831602050085|0.13738037994769736,0.4404518697339027|0.5167888586908725|0.13531903324998787
23,,contact,7,0.002187491118182885,2,2,0,0,2,0,2,left_hand|right_hand,0.14759180881083012,0.0026900949887931347,0.1304873200133443,0.014385666931048036,,0.1304873200133443,0.9197733740710616,0.9197733740710616,,,1.0000000000000002,1.4456065161217821,32,8.61794349625815,1.0050876310199488,False,0.0012379227247597685,0.038236970317689994,15,0.003077930906285109,6,0.0012379227247597685,5,-0.02818072200830457,-0.024501267649645442,,0.0,0.0014140527066405864,,0.023216014936205148,0.036789626405801315,0.06662933625105986,0.02983970984525855,0.06206742360177842,0.020664089076233134,0.032377184243247814,0.07203763937133963,0.03966045512809181,0.07559139257695299,0.02180544955831537,0.6177010376447146|0.9136707650427537|0.5064448594463512,0.8883642741197311|0.5664597298548717|0.1376682407794865,0.4403969361660799|0.5134393002871029|0.13545279427322462
24,,contact,6,0.011108996538242306,2,2,0,0,2,0,2,left_hand|right_hand,0.14783255313523114,0.002677757991477847,0.13071910291910172,0.014406542060896754,,0.13071910291910172,0.9337716061435185,0.9337716061435185,,,1.0000000000000002,1.4456065161217821,32,8.61794349625815,1.0050876310199488,False,0.001503867352348004,0.038206865369798115,15,0.003059761113823445,6,0.001503867352348004,5,-0.02612528777589418,-0.02362501209467105,,0.0,0.001353806796665631,,0.02331691107381406,0.03570710406711344,0.06663002570809015,0.030922921640976708,0.06305156625406995,0.02072930761421367,0.031150753970617714,0.07269032780790675,0.04153957383728904,0.077264975079367,0.0217345934824184,0.6161825739743142|0.9125463594363306|0.5042746225999769,0.8880369045196832|0.560779769175948|0.13770694354540863,0.44025085548989534|0.5104989805533122|0.1354806429639272
25,,contact,5,0.04393693362340742,2,2,0,0,2,0,2,left_hand|right_hand,0.14750983705744147,0.0026815698947757483,0.13041938794776797,0.014379776082932949,,0.13041938794776797,0.9598319954362445,0.9598319954362445,,,1.0000000000000002,1.4497879722215683,30,8.359403470870289,0.9971984736474065,False,0.0010646073357528235,0.03821198769284781,16,0.00284940048380658,6,0.0010646073357528235,5,-0.025970532402826763,-0.023290584545305748,,0.0,0.0014137802627876709,,0.023438989356764618,0.031443064163288646,0.06700356144991232,0.03556049728662367,0.06817775809720769,0.02112546018376176,0.026889081374842517,0.07227635757900065,0.04538727620415814,0.07885488430970015,0.02219622763168153,0.6183317490573293|0.9114406578555194|0.5033837000674504,0.8886059100745048|0.5604182498176234|0.1377461432596644,0.4413855691007935|0.5077988113342289|0.13563547794559508
26,,contact,4,0.1353352832366127,2,2,0,0,2,0,2,left_hand|right_hand,0.14640113897621632,0.00271448097191751,0.12937090499326587,0.014286486897617579,,0.12937090499326587,0.9647163674646164,0.9647163674646164,,,1.0,1.4539936884450322,28,8.076156093488619,0.9881661584923739,False,0.0010078548262361375,0.03804088519620716,16,0.0011607672289883075,6,0.0010049047209670786,5,-0.027032646405045213,-0.0262052181744572,,0.0,0.0013033228416619521,,0.02344364229905344,0.02728719847017925,0.06608340644449454,0.03879620797431529,0.06933670025749805,0.02086017691182916,0.024626742472030148,0.07091979679645864,0.0462930543244285,0.07861196129874343,0.02151688567346516,0.6184803253979303|0.9097441111476535|0.5031583002511965,0.8885680945112955|0.5604395482335092|0.13782209444722632,0.44199169897023977|0.5128131652136586|0.13523993605842405
27,,contact,3,0.32465246735834974,2,2,0,0,2,0,2,left_hand|right_hand,0.14384265313856304,0.0026800930500030518,0.12639518710784614,0.014734779018908739,,0.12639518710784614,0.9592112284935013,0.9592112284935013,,,1.0000000000000002,1.4518877846413338,29,8.22088162059041,0.992828210924287,True,0.001767786579196115,0.03805158170350001,15,0.001767786579196115,5,0.0009956044303486566,5,-0.03279395555860454,-0.026790523935318333,,0.0,0.0013927821056980735,,0.023475047865221157,0.026344933036570133,0.06416542137278908,0.03782048833621894,0.06776805876204378,0.020568089682833867,0.024136155590451434,0.07044967386786788,0.04631351827741645,0.07687661282316968,0.021299758030603133,0.6189742743694548|0.9104822109766373|0.5021635460992276,0.8877022579839667|0.5698298768323652|0.13797672278676154,0.44268118931341466|0.5130539007293151|0.13518500130046182
28,,contact,2,0.6065306597126334,2,2,0,0,2,0,2,left_hand|right_hand,0.1440312839113176,0.0027028911281377077,0.12687999079935253,0.01441858010366559,,0.12687999079935253,0.9386028426012504,0.9386028426012504,,,1.0000000000000002,1.4518877846413338,29,8.22088162059041,0.992828210924287,True,0.00106368093112362,0.037900559536445166,15,0.00106368093112362,6,0.001019299404010604,5,-0.0329962628090783,-0.028401087130626834,,0.0,0.0014142372486233865,,0.023314216930403822,0.02473398841874053,0.0630845452922772,0.03835055687353667,0.06620187948815386,0.020456779800257226,0.022772098598587653,0.06987081882545253,0.04709872022686487,0.07531892531795904,0.02104864439397747,0.6171905269448963|0.9107528798730796|0.5045923108441157,0.8870880619683296|0.5662254587307877|0.13804911475631332,0.4434707656569368|0.5122960255352972|0.13511493070278707
29,,contact,1,0.8824969025845955,2,2,0,0,2,0,2,left_hand|right_hand,0.14560042298398912,0.0026802499778568745,0.1284152518492192,0.014472933020442724,,0.1284152518492192,0.9250414106577852,0.9250414106577852,,,1.0000000000000002,1.4518877846413338,29,8.22088162059041,0.992828210924287,True,0.0013444586776601153,0.03754909811505894,14,0.0013444586776601153,5,0.0011649347506922925,5,-0.03354109602878985,-0.030765847598198448,,0.0,0.0014143967223679583,,0.023304949413240402,0.025322629422426395,0.06435751727300237,0.039034887850575975,0.06334770250488757,0.0205934382800836,0.022617856403851232,0.06773685741192756,0.04511900100807632,0.0726802924060668,0.021164098950555415,0.6201502944519887|0.91171940887026|0.5078201807495389,0.8868311106896354|0.565689851267238|0.1380668350951377,0.44495315441904815|0.5113370236826171|0.13531892512353927
30,contact,contact,0,1.0,2,2,0,0,2,0,2,left_hand|right_hand,0.14430166478268802,0.0026967900339514017,0.12708031595684588,0.014491131994873285,,0.12708031595684588,0.8941554363367654,0.8941554363367654,,,1.0000000000000002,1.4518877846413338,29,8.22088162059041,0.992828210924287,True,0.0010017179198912873,0.03759254197906281,13,0.0010017179198912873,5,0.0009993853174624784,4,-0.03335343257124279,-0.03227477281031632,,0.0,0.0014147701004335385,,0.023102104446469655,0.02569152784587973,0.06494899431241807,0.03925746646653834,0.0587051448862114,0.019993814760145934,0.02207419619357838,0.06592363265173941,0.04384943645816103,0.06975712703403338,0.021230573116822152,0.6205584133773219|0.9112193615031976|0.5112216188010642,0.885129404706825|0.5620747843017568|0.13808104138525076,0.4459186633488021|0.507863904749775|0.13558318478932785
31,contact,contact,1,0.8824969025845955,2,2,0,0,2,0,2,left_hand|right_hand,0.14495589607395232,0.002694039838388562,0.12781687686219811,0.014413408935070038,,0.12781687686219811,0.851959636880884,0.851959636880884,,,1.0,1.4539936884450322,28,8.076156093488617,0.9881661584923739,True,0.0012099167185058851,0.03777532879144718,14,0.0011445269163696536,5,0.0012099167185058851,5,-0.03445407283317614,-0.030971050965236557,,0.0,0.0014139240915333649,,0.022825731133096824,0.025699321141880678,0.06559335134412948,0.039894030202248805,0.053618211250298566,0.019523667327986476,0.021329846123886942,0.06657217126814985,0.04524232514426291,0.06483890809786312,0.020086129035314284,0.6215726640783332|0.9092432491689745|0.5146596738879702,0.8830473155449247|0.5619027496259851|0.13807840044888087,0.4450372659221762|0.5074144846945936|0.1356644874108719
32,contact,contact,2,0.6065306597126334,2,2,0,0,2,0,2,left_hand|right_hand,0.14456795901060104,0.0026880940422415733,0.127318775979802,0.014530239859595895,,0.127318775979802,0.7897828242191246,0.7897828242191246,,,1.0000000000000002,1.4518877846413338,29,8.22088162059041,0.992828210924287,True,0.0013128213255790139,0.03838309531599457,15,0.001022172543742532,6,0.0013128213255790139,5,-0.035147225953496175,-0.03138581896391379,,0.0,0.0014087872080057711,,0.02232391167214557,0.02620099128199984,0.06906629449720843,0.04286530321520859,0.04731195847655706,0.018486981834009018,0.02211831179660422,0.06491731554649367,0.04279900374988945,0.05783093604908748,0.020595853372630497,0.6242695215962525|0.9004772347774497|0.518719804219768,0.8810545730762905|0.561078755572549|0.13806746456184776,0.44801085638589366|0.5037381285169384|0.13536169481623728
33,contact,contact,3,0.32465246735834974,2,2,0,0,2,0,2,left_hand|right_hand,0.17213121615350246,0.0026578931137919426,0.15450921305455267,0.01493022101931274,,0.15450921305455267,0.7351389413085203,0.7351389413085203,,,1.0,1.4539936884450322,28,8.076156093488619,0.9881661584923739,True,0.0009851785745246672,0.040101034704384086,12,0.0009851785745246672,5,0.0009202535324818184,3,-0.03465452639191291,-0.029702089450195146,,0.0,0.001360770104925882,,0.021915534936199493,0.026911834767950258,0.062418797056974513,0.03550696228902425,0.04004351019331517,0.018196629780968365,0.022946397203677464,0.05850149717909863,0.03555509997542117,0.05002228281957735,0.02004523940477489,0.6223173514438876|0.8896836209796485|0.5219976986415698,0.8771338125550182|0.554337923739308|0.1380853039293674,0.449670497415442|0.5072258391977273|0.13436880455967343
34,contact,contact,4,0.25,2,2,0,0,2,0,2,left_hand|right_hand,0.15034941909834743,0.002667962107807398,0.1327364780008793,0.014912405051290989,,0.1327364780008793,0.7144523556028096,0.7144523556028096,,,1.0000000000000004,1.4518877846413338,29,8.22088162059041,0.992828210924287,True,0.001322237600898557,0.04052768712002938,11,0.001322237600898557,6,9.808607046404849e-05,1,-0.03333540170750915,-0.03265667542990336,,0.0,0.0013958418532333545,,0.021729480873630146,0.027928037298889173,0.06561369318649357,0.0376856558876044,0.04388130423736925,0.01768613813438515,0.024002788856349398,0.050586033565436235,0.026583244709086837,0.03897899417711067,0.021167108446347036,0.6249201412752556|0.8927560445063948|0.5309722802004458,0.8794787749558837|0.5538952768599588|0.15466926292564054,0.4576153360378733|0.5009860911155483|0.1402596274766127
35,contact,contact,5,0.25,2,2,0,0,2,0,2,left_hand|right_hand,0.1480854449328035,0.002629484049975872,0.13068026397377253,0.014740173006430268,,0.13068026397377253,0.7065611030111325,0.7065611030111325,,,1.0000000000000004,1.4518877846413338,29,8.220881620590408,0.992828210924287,True,0.0013121793870741055,0.039689210415785936,10,0.0013121793870741055,5,0.0004915211290644622,1,-0.032793921000299875,-0.0303661604046912,,0.0,0.0012137739140702917,,0.021790623640048027,0.029322161609551225,0.06425342380421356,0.03493126219466233,0.043580778086009665,0.017713835650847113,0.025333554594958,0.050797616132505455,0.025464061537547454,0.0377285401439228,0.021014961897178268,0.623274716861648|0.8936996632339917|0.546084813881503,0.8787319785017617|0.5459725033169565|0.17220313998368264,0.4561823372937441|0.5012608976654573|0.15482676842570905
36,contact,contact,6,0.25,2,2,0,0,2,0,2,left_hand|right_hand,0.1466136819217354,0.0027073570527136326,0.12967847916297615,0.014197116950526834,,0.12967847916297615,0.6935875449637767,0.6935875449637767,,,1.0000000000000004,1.4518877846413338,29,8.220881620590408,0.992828210924287,True,0.0014493666819252807,0.03843173420786655,11,0.0014493666819252807,6,0.00038194554136825043,1,-0.03296488744212844,-0.03078371804162039,,0.0,0.0014602759299038248,,0.02163793829043043,0.03130343505431578,0.06291965952997272,0.03161622447565694,0.041205890966952076,0.01763110044049945,0.026588516920129236,0.050563954773648966,0.02397543785351973,0.03681772395604476,0.020642544358617593,0.6232703922962065|0.8942069937299898|0.5658715322757455,0.8773845286022568|0.5377103954469327|0.19176897067185944,0.4546317951208199|0.501163038873286|0.17662051914072835
37,contact,contact,7,0.25,2,2,0,0,2,0,2,left_hand|right_hand,0.14314167480915785,0.0026232029777020216,0.12639708793722093,0.014088938944041729,,0.12639708793722093,0.6778637373048799,0.6778637373048799,,,1.0000000000000002,1.4497879722215683,30,8.359403470870289,0.9971984736474065,True,0.0017036087744047787,0.037328548628930286,11,0.0017036087744047787,6,0.0004588387891085316,1,-0.0335085823330612,-0.030716114543162476,,0.0,0.001465236961842655,,0.02151375162783209,0.03375589518207893,0.06302244478953882,0.02926654960745989,0.03886132397617472,0.017791931785662355,0.02796416232611147,0.05061586691637335,0.02265170459026188,0.03596959163604219,0.020438666477399985,0.6193762408328441|0.8947720781257843|0.5857077668817513,0.8754932606101612|0.5323890713728339|0.21593338079649882,0.452538342162893|0.4986255067425983|0.19946352443777043
38,contact,contact,8,0.25,2,2,0,0,2,0,2,left_hand|right_hand,0.14254903909750283,0.0026659739669412374,0.1256391811184585,0.014213207876309752,,0.1256391811184585,0.6545383523754207,0.6545383523754207,,,1.0000000000000004,1.4518877846413338,29,8.22088162059041,0.9928282109242871,True,0.0022349371841589027,0.035908757871966124,11,0.0022349371841589027,6,0.0007237551983468177,1,-0.03460071202514747,-0.03139273128538278,,0.0,0.0014181495132683988,,0.021338550150727692,0.036744128846563404,0.06288575650895624,0.026141627662392836,0.03562721139435319,0.01859349864428605,0.02991824115629804,0.04968314539877197,0.019764904242473933,0.034318650836901166,0.0214291152192344,0.6179880799764049|0.8924029926414347|0.6056824077683934,0.8714979229681814|0.5329379306866494|0.23854558522328728,0.4511445783619597|0.49870394813676194|0.22316474554149837
39,contact,contact,9,0.25,2,2,0,0,2,0,2,left_hand|right_hand,0.13733338378369808,0.002673299051821232,0.12005371507257223,0.014574147993698716,,0.12005371507257223,0.6454527959858452,0.6454527959858452,,,1.0000000000000002,1.4497879722215683,30,8.359403470870289,0.9971984736474065,True,0.0017998326393232136,0.03414957752366296,11,0.0017998326393232136,6,0.0004601796514101114,1,-0.03374483544334517,-0.030510507345384852,,0.0,0.0014430271208532971,,0.02128080220958743,0.03939630956635782,0.06290687096751992,0.023510561401162096,0.03369569786500974,0.018391063611162755,0.03153447099792206,0.05041747678713651,0.018883005789214452,0.03355880224776101,0.021129526498538182,0.6158395757197525|0.8914391063958311|0.6268861291728016,0.8690166195314817|0.5286700868749198|0.2685858716741122,0.4473325315423296|0.4949231883063705|0.25175960732259023
40,contact,contact,10,0.25,2,2,0,0,2,0,2,left_hand|right_hand,0.13211857504211366,0.0026845629326999187,0.11526709422469139,0.014136331854388118,,0.11526709422469139,0.6468672890800892,0.6468672890800892,,,1.0000000000000002,1.4476942247946636,31,8.49174852191169,1.0012830383121603,True,0.003735712090655985,0.032768909332716784,13,0.003735712090655985,6,0.0009106626476809848,1,-0.03166101772886698,-0.03143999108540818,,0.0,0.0014529938943388353,,0.02130946141821642,0.041099633093159775,0.06402656626036145,0.022926933167201673,0.034943701847147395,0.018818800831966784,0.033285816620185815,0.04977034611612797,0.016484529495942153,0.03174345669507163,0.021302181432523878,0.6127388722534305|0.8907303314533868|0.6458183279611246,0.8654478478335489|0.5306370718588723|0.29613481963494276,0.4445226133650586|0.4906941351580522|0.28409513079024146
41,contact,contact,11,0.25,2,2,0,0,2,0,2,left_hand|right_hand,0.13093290920369327,0.0026843969244509935,0.11410546698607504,0.014109883923083544,,0.11410546698607504,0.644034013964441,0.644034013964441,,,1.0000000000000002,1.4456065161217821,32,8.617943496258153,1.0050876310199488,True,0.0019816345275905645,0.03167904140686412,13,0.0019816345275905645,6,0.0007299829274535069,1,-0.03117915104486002,-0.028866738025996597,,0.0,0.0014203310038248145,,0.02136116200857521,0.043174152491047266,0.06298182455806572,0.01980767206701846,0.03270485325758066,0.018857921662331665,0.03532677739183851,0.0516100609230075,0.016283283531168993,0.030745674078234028,0.021271233253339256,0.6073002187817068|0.8870010328244805|0.6629863732821539,0.8605899868508009|0.5294537191383859|0.3275517900787384,0.4398138644303472|0.4881763670162422|0.3141025186229537
42,contact,contact,12,0.25,2,2,0,0,2,0,2,left_hand|right_hand,0.13103376585058868,0.002735686022788286,0.11428106902167201,0.013985951198264956,,0.11428106902167201,0.6387074172126274,0.6387074172126274,,,1.0000000000000002,1.4476942247946636,31,8.49174852191169,1.0012830383121603,True,0.003277122505194116,0.031168024657128618,13,0.003277122505194116,7,0.0,0,-0.030348797394101013,-0.029048228863963743,,0.0,0.001399981347016231,,0.021306227338923494,0.04431518889612136,0.06381974891914348,0.019504560023022116,0.0334449064595714,0.018861082402764132,0.03730398362212385,0.05151619791468932,0.014212214292565466,0.028772775912141276,0.02138290092944137,0.6036557398215835|0.8853772998790473|0.6767522150870983,0.8571253286841973|0.5296006254785945|0.3607971369237156,0.43666629704650395|0.4867942016656034|0.34710459908443336
43,contact,contact,13,0.25,2,2,0,0,2,0,2,left_hand|right_hand,0.15294067608192563,0.0026680841110646725,0.13602684787474573,0.014212773879989982,,0.13602684787474573,0.6423648953662026,0.6423648953662026,,,1.0000000000000002,1.4476942247946636,31,8.49174852191169,1.0012830383121603,True,0.001818110432281056,0.030827424806071035,14,0.001818110432281056,8,0.0,0,-0.027826509969886004,-0.026753901847335726,,0.0,0.0014200054391114336,,0.021327653502553806,0.04515242212278731,0.06754496332410079,0.022392541201313475,0.036975884574219055,0.018760706854061625,0.038905617084151564,0.053289100875517185,0.014383483791365621,0.028993345658102992,0.02163601500448298,0.5990101550929757|0.8840887496047324|0.688677935065156,0.8558864890014292|0.5319299915449944|0.3951144949158304,0.4314355592663413|0.4855986324104614|0.37980932777718046
44,contact,contact,14,0.25,2,2,0,0,2,0,2,left_hand|right_hand,0.12931544985622168,0.0026653630193322897,0.1127849209588021,0.013831553980708122,,0.1127849209588021,0.6248967809412792,0.6248967809412792,,,1.0000000000000002,1.4476942247946636,31,8.49174852191169,1.0012830383121603,True,0.001715636553013336,0.030616682884029633,13,0.001715636553013336,7,0.0,0,-0.02868328046654156,-0.026048387586870447,,0.0,0.0014214929522087263,,0.021136986136682422,0.04558979301930462,0.06729377215243149,0.02170397913312687,0.03728034978065936,0.018758298867437576,0.039558003577122504,0.05461020286609549,0.015052199288972987,0.030188549558024923,0.0212790011810979,0.5908176924079563|0.8878954437074843|0.6986241421787868,0.8509117805856183|0.5320555273441719|0.428829324173911,0.42554141980444354|0.4854529642149681|0.413904012456229
45,contact,contact,15,0.25,2,2,0,0,2,0,2,left_hand|right_hand,0.12868500617332757,0.0027100290171802044,0.11216187197715044,0.013782087014988065,,0.11216187197715044,0.6379571775022248,0.6379571775022248,,,1.0000000000000002,1.4476942247946636,31,8.49174852191169,1.0012830383121603,True,0.0015493875044892864,0.030356561928771175,13,0.0015493875044892864,7,0.0,0,-0.027736261184404754,-0.025715633167582297,,0.0,0.0014524128936426331,,0.02132947075016113,0.045321410987796004,0.06917192186436076,0.023850510876564757,0.04021707475200625,0.018945175919205352,0.03955574037981286,0.055349794194069185,0.015794053814256324,0.031136293156753418,0.021415801924158675,0.583517022742425|0.88763670374661|0.7084091838470926,0.8480028362676971|0.532087548961552|0.46230102152768804,0.4202573642822016|0.4852630763557772|0.44561057631864043
46,contact,contact,16,0.25,2,2,0,0,2,0,2,left_hand|right_hand,0.12839918094687164,0.0027075798716396093,0.11164591694250703,0.014014413114637136,,0.11164591694250703,0.6665733528528164,0.6665733528528164,,,1.0000000000000002,1.4476942247946636,31,8.49174852191169,1.0012830383121603,True,0.004606901903196611,0.030752734275723864,17,0.004606901903196611,11,0.0,0,-0.028136338781745707,-0.0274181903944406,,0.0,0.0014641959002148952,,0.02165308785350532,0.045371744869698076,0.069926175458588,0.024554430588889918,0.041894049817809184,0.018663346498996168,0.039796004214663484,0.054777580458931406,0.014981576244267922,0.03054115185408137,0.021724721190348205,0.5748929853937396|0.883453000192433|0.7152106239966938,0.8431426605971242|0.532754830541219|0.49395949769071096,0.4157400604505378|0.48397017993088276|0.4778447394217591
47,contact,contact,17,0.25,2,2,0,0,2,0,2,left_hand|right_hand,0.12761804298497736,0.002713465131819248,0.11156352492980659,0.013309316942468286,,0.11156352492980659,0.6923414798082652,0.6923414798082652,,,1.0000000000000002,1.4476942247946636,31,8.49174852191169,1.0012830383121603,True,0.0013780557234579008,0.030726122517813842,14,0.0013780557234579008,9,0.0,0,-0.027987552394886706,-0.023840321658880725,,0.0,0.0014116769409900597,,0.021987375747868357,0.04539990454306814,0.07081369325331249,0.025413788710244356,0.04364488338462647,0.019118823062575712,0.04030086310138736,0.05726921998410596,0.016968356882718597,0.03185745284305432,0.021569571725756027,0.5665399078384091|0.876701394924704|0.7206178697852378,0.8381571418757888|0.5331930951187243|0.5238385712804596,0.40904524973204215|0.4845869700165681|0.5030850771324429
48,contact,contact,18,0.25,2,2,0,0,2,0,2,left_hand|right_hand,0.12691311002708972,0.002673259936273098,0.11085449485108256,0.01334952819161117,,0.11085449485108256,0.7326044706380689,0.7326044706380689,,,1.0000000000000002,1.4476942247946636,31,8.49174852191169,1.0012830383121603,True,0.0015639856856509947,0.03155657575235765,14,0.0015639856856509947,9,0.0003213324299606718,1,-0.028567176562900087,-0.02323337709537654,,0.0,0.0014294297644255442,,0.022457541063090086,0.045355222799172264,0.07105517016726817,0.02569994736809591,0.04482264791472544,0.018913341964055242,0.04045546363171159,0.057655454042375785,0.017199990410664195,0.03155053499117738,0.02209216419191683,0.5562357209268293|0.8697294689252095|0.7232513523955529,0.8317567759123061|0.5334391457999902|0.5504284513688267,0.40433838007783535|0.4849695011940213|0.5275704168148619
49,contact,lift,17,0.25,2,2,0,0,2,0,2,left_hand|right_hand,0.1269240148831159,0.002739977091550827,0.11032672598958015,0.01382269780151546,,0.11032672598958015,0.7342784434983665,0.7342784434983665,,,1.0000000000000002,1.4476942247946636,31,8.49174852191169,1.0012830383121603,True,0.0028378603096179122,0.032229100719120385,16,0.0028378603096179122,10,0.0009209767813841696,2,-0.02917454161272026,-0.024030914780816204,,0.0,0.0014040641498358727,,0.02245654600127266,0.04411848653710435,0.07098598302676391,0.02686749648965956,0.04537204765064253,0.01875046005185619,0.04059159351652607,0.05776715267888803,0.017175559162361964,0.03202054638296555,0.021522284066840393,0.551444063544211|0.8598022071051409|0.7261058855527707,0.8256657047984001|0.53130751281089|0.5733801187237574,0.39918683098934865|0.4854229253967272|0.5529992196711119
50,contact,lift,16,0.25,2,2,0,0,2,0,2,left_hand|right_hand,0.1258288500830531,0.002716984134167433,0.10959024191834033,0.013486637035384774,,0.10959024191834033,0.7335098946680129,0.7335098946680129,,,1.0,1.4456065161217821,32,8.617943496258153,1.0050876310199488,True,0.0014164684522876905,0.03279147990984593,12,0.0014164684522876905,8,0.0007552862849902614,2,-0.02973222062736447,-0.022564954907540624,,0.0,0.0014327482777623775,,0.022396524999455263,0.04299833347474767,0.07171485810284159,0.028716524628093917,0.04770171237760174,0.017961063873407214,0.039546160245616836,0.05933534804445164,0.019789187798834804,0.03458130462410651,0.020765662590603837,0.5436877657671397|0.8505549629810458|0.7294259458901037,0.819234942595264|0.5293814419005363|0.591912510846707,0.3935397330927703|0.4879662804134705|0.5724066325258761
51,contact,lift,15,0.25,2,2,0,0,2,0,2,left_hand|right_hand,0.12622279394418,0.0026825310196727514,0.11045412300154567,0.013054172042757273,,0.11045412300154567,0.7575510993435536,0.7575510993435536,,,0.9999999999999999,1.4435248201152229,33,8.738014962529775,1.0086176359769494,True,0.0014264309397804507,0.03414195973674597,13,0.0014264309397804507,9,0.0012051995220406647,2,-0.0316050744101144,-0.021755130228905628,,0.0,0.00142662219672516,,0.022671924336417515,0.0430331024640381,0.07641355389629163,0.03338045143225353,0.0503511177691744,0.01753758970661703,0.0389231022401135,0.060580382051992024,0.021657279811878524,0.03629046070731603,0.021199378541610685,0.5382604294161593|0.836576724053652|0.731668779431569,0.8116760819902071|0.5328791400079754|0.6061307537200992,0.3877688806020965|0.4870243603891558|0.5902129989352508
52,contact,lift,14,0.25,2,2,0,0,2,0,2,left_hand|right_hand,0.11924097803421319,0.002693959977477789,0.10336969187483191,0.013146976940333843,,0.10336969187483191,0.7296353535036977,0.7296353535036977,,,1.0,1.4414491108373353,34,8.851989336529748,1.0118781168668365,True,0.0033094364137174065,0.034476235937185185,13,0.0033094364137174065,9,0.0009901362509070616,2,-0.031190137306293053,-0.023225831712501588,,0.0,0.001378513704667239,,0.022286082329746416,0.04354814501566332,0.0790290832379694,0.03548093822230607,0.053084112563557585,0.017018400151383447,0.03888576392798141,0.06064070727260459,0.021754943344623176,0.03650513156343051,0.020964004977724257,0.5333355038175268|0.8221637018701747|0.7315104504691119,0.8069324269919393|0.529413544829127|0.6193466103135926,0.3823630268740058|0.48755802061286935|0.6083761719940489
53,contact,lift,13,0.25,2,2,0,0,2,0,2,left_hand|right_hand,0.14267644099891186,0.002677123062312603,0.12628797604702413,0.013677675044164062,,0.12628797604702413,0.7232702524468605,0.7232702524468605,,,1.0,1.4393793624994426,35,8.95989288234158,1.0148738361868082,True,0.0014420117781182157,0.03489544538460965,15,0.0014420117781182157,10,0.0010504457004702344,3,-0.030284456360181622,-0.02308298231960748,,0.0,0.0013687128418925158,,0.02217205036994386,0.0439225774101812,0.08290663343080151,0.038984056020620314,0.054794306273968654,0.016520553000229837,0.03883741285180156,0.0611110229483894,0.02227361009658784,0.03675787356710327,0.02086562821859518,0.5286909651091375|0.8103053067356267|0.7324451327164346,0.8015960216126583|0.5278950389404152|0.6297655959899874,0.3775366317268552|0.48492148243826066|0.6213652270034542
54,contact,lift,12,0.25,2,2,0,0,2,0,2,left_hand|right_hand,0.11965346918441355,0.00275219208560884,0.10356247588060796,0.013308916939422488,,0.10356247588060796,0.7151550795549634,0.7151550795549634,,,1.0,1.4393793624994426,35,8.95989288234158,1.0148738361868082,True,0.0014435411879610352,0.035507437667686575,15,0.0014435411879610352,10,0.0010562112954954767,3,-0.029682085540606806,-0.023191023440565672,,0.0,0.0013641574258727504,,0.022078394856671464,0.04456305780223359,0.08450814414531939,0.0399450863430858,0.05593592673418062,0.016479218443035133,0.03914922911374541,0.06113977626760419,0.02199054715385878,0.03629467093016695,0.020673864426186437,0.5238907693516883|0.7958369924541083|0.7339584506001798,0.7969979356810281|0.5228592352312083|0.6396174369062435,0.37269945339319394|0.47921757758134154|0.6341758671752716
55,contact,lift,11,0.25,2,2,0,0,2,0,2,left_hand|right_hand,0.11822206783108413,0.0027221960481256247,0.10250172694213688,0.012961110100150108,,0.10250172694213688,0.7078485220882708,0.7078485220882708,,,1.0,1.4393793624994426,35,8.95989288234158,1.0148738361868082,True,0.0014469802387463634,0.03568978543119755,14,0.0014469802387463634,9,0.0010533040178841852,3,-0.02941078740241565,-0.023360126374546653,,0.0,0.0013535680450723364,,0.022010275796383198,0.045977777571562344,0.08422878202071847,0.03825100444915613,0.05477791380577286,0.016347551218873862,0.039528284363214,0.06102875136609274,0.02150046700287874,0.035405585973487516,0.020920795215620513,0.5197013875605105|0.7817538009930772|0.7350494568877574,0.7930830279294374|0.5149790393908495|0.6497048200948166,0.368600725306834|0.47287438556983263|0.6434503191308365
56,contact,lift,10,0.25,2,2,0,0,2,0,2,left_hand|right_hand,0.11855827108956873,0.0027308280114084482,0.10291497712023556,0.012882130919024348,,0.10291497712023556,0.7139270653160666,0.7139270653160666,,,1.0,1.4393793624994426,35,8.95989288234158,1.0148738361868082,True,0.0014451214930091272,0.03609127476282059,13,0.0014451214930091272,9,0.0010372722563451037,2,-0.029519351989970133,-0.023475309042932935,,0.0,0.001339580608567241,,0.022130575390529972,0.046856424441654033,0.08514126458866109,0.03828484014700705,0.05582926348396925,0.01698839541409732,0.040072941428593856,0.06090692904814179,0.020833987619547932,0.034376726383216684,0.02110802728513226,0.5176402343615482|0.7673709451495336|0.7366100043460645,0.7891636415011726|0.5093482841618971|0.6592937399226075,0.36512793500514196|0.4647440490198863|0.6495107828384237
57,contact,lift,9,0.25,2,2,0,0,2,0,2,left_hand|right_hand,0.11757940798997879,0.0026840779464691877,0.1017519838642329,0.013110443949699402,,0.1017519838642329,0.7150363413076533,0.7150363413076533,,,1.0,1.4393793624994426,35,8.95989288234158,1.0148738361868082,True,0.0024884904816390024,0.03663291903634858,16,0.0024884904816390024,11,0.0018428742246199697,2,-0.030074962966011753,-0.02392829534332641,,0.0,0.0013473160861512188,,0.022217772297833262,0.047106205861016825,0.08452127799342994,0.037415072132413116,0.05562698758051237,0.01720604308868489,0.04059147177297748,0.06063187216861423,0.020040400395636752,0.03368685776897554,0.02145083624896948,0.5144371308950514|0.754392308878997|0.737557381647362,0.7850749806134654|0.49949082717511845|0.6656206644752304,0.3619875913037233|0.4555906138205382|0.6538457311059862
58,contact,lift,8,0.25,2,2,0,0,2,0,2,left_hand|right_hand,0.1175143369473517,0.002680642995983362,0.10172311216592789,0.013074605027213693,,0.10172311216592789,0.7241492484928643,0.7241492484928643,,,1.0,1.4393793624994426,35,8.95989288234158,1.0148738361868082,True,0.0018198500963437468,0.037407460629139494,16,0.0018198500963437468,11,0.0015852722833065158,2,-0.029921266961880022,-0.024832460535641587,,0.0,0.0013383955569758214,,0.022356112843345235,0.04747470353695365,0.08522136923016982,0.03774666569321617,0.05695522181466025,0.017373419972850395,0.041238220421284645,0.05990807049146609,0.018669850070181446,0.03241800300330955,0.021720148763719357,0.5136811692629665|0.7417078341811163|0.7359952619277473,0.7817258782806483|0.4897869514251726|0.6680715881149232,0.35988012231484473|0.4454559961232433|0.6553543774934393
59,contact,lift,7,0.25,2,2,0,0,2,0,2,left_hand|right_hand,0.11681698705069721,0.0026995770167559385,0.10125310206785798,0.012832736130803823,,0.10125310206785798,0.7243287870190902,0.7243287870190902,,,1.0,1.4393793624994426,35,8.95989288234158,1.0148738361868082,True,0.0016003931518309422,0.03826945496558304,19,0.0014858270002018927,14,0.0016003931518309422,2,-0.02947922292137406,-0.023317044574040935,,0.0,0.0013369243597218577,,0.02236747804365412,0.04783961738034645,0.08586625180047569,0.03802663442012924,0.057564932122060083,0.017113987930792253,0.041370924921126,0.06115432624037994,0.019783401319253942,0.033586759245226104,0.021840132994692518,0.5117538179234471|0.7289107308603312|0.733225486017804,0.7776783730430158|0.47879125408901885|0.6670315500985833,0.35622363961833914|0.4346934645724287|0.6534968173016694
60,contact,lift,6,0.25,2,2,0,0,2,0,2,left_hand|right_hand,0.11763829318806529,0.002711265115067363,0.10184018802829087,0.013054435141384602,,0.10184018802829087,0.7185944597829722,0.7185944597829722,,,1.0,1.4393793624994426,35,8.95989288234158,1.0148738361868082,True,0.0015352810089082729,0.039174865974684975,18,0.0015352810089082729,13,0.001351712335367461,2,-0.02995881023148428,-0.02664803541390981,,0.0,0.0013378653726574103,,0.02232288630596132,0.04849226055337269,0.08520684140381837,0.03671458085044568,0.056787414748001516,0.017143261674564408,0.041350422090621605,0.05814230906146775,0.016791886970846145,0.0346919093213779,0.022094139786627606,0.5104023247652734|0.7136581822806148|0.7309854129729788,0.7740060041915341|0.46533896063739977|0.6681390243974836,0.3553243112607808|0.4190940852125723|0.6546734203707313
61,contact,lift,5,0.25,2,2,0,0,2,0,2,left_hand|right_hand,0.1189835739787668,0.0027341200038790703,0.10307639511302114,0.013137204106897116,,0.10307639511302114,0.7047685997986544,0.7047685997986544,,,1.0,1.4373155494607743,36,9.06175171341669,1.0176092727593993,True,0.0020131587838772835,0.03999953845164683,13,0.0017157017076732742,8,0.0020131587838772835,2,-0.029987100821585955,-0.027645614686692355,,0.0,0.0013340520684253518,,0.022130473850939116,0.04899456267311318,0.0853473868391979,0.03635282416608472,0.05691576756697682,0.017150920640962193,0.04132883089483988,0.057381052750694515,0.016052221855854636,0.033506057670113866,0.022218982097628587,0.5089211470570174|0.6982342637526505|0.7282175588633643,0.7701371676528833|0.45380212961813027|0.6671494104162004,0.3520976935367569|0.40372104628200134|0.6546942993967747
62,contact,lift,4,0.25,2,2,0,0,2,0,2,left_hand|right_hand,0.11879497999325395,0.002782657975330949,0.1029267031699419,0.013054165989160538,,0.1029267031699419,0.6957928755784591,0.6957928755784591,,,1.0,1.4373155494607743,36,9.06175171341669,1.0176092727593993,True,0.0020443817713443127,0.04098389134306882,12,0.0020443817713443127,8,0.0011995345956417186,1,-0.02923887323242802,-0.027876525670370356,,0.0,0.0013320628469148182,,0.02199848601857002,0.049394518204468864,0.08606997212396975,0.03667545391950088,0.05717650051835702,0.016851477695394378,0.04091367850967092,0.05679293088381746,0.015879252374146544,0.03300392849915827,0.022059515044149592,0.5103227726747963|0.6834045332079455|0.724752964317777,0.7664524333138709|0.4407436099090786|0.6631851361770742,0.34931563783354813|0.38859768728535504|0.6542803185233095
63,contact,lift,3,0.32465246735834974,2,2,0,0,2,0,2,left_hand|right_hand,0.11816385295242071,0.0027532281819730997,0.10223357495851815,0.013145158998668194,,0.10223357495851815,0.6822960615532065,0.6822960615532065,,,1.0,1.4373155494607743,36,9.06175171341669,1.0176092727593993,True,0.0016886616792068793,0.04183300066762252,12,0.0015036616265394938,7,0.0016886616792068793,2,-0.029512898511077523,-0.02777131044357617,,0.0,0.0013122160068870699,,0.02183817409041466,0.049733938832591626,0.08467368594004739,0.03493974710745576,0.05463574345828763,0.0169014978326366,0.04040591621269891,0.056413117566267476,0.01600720135356857,0.03275488529835719,0.02189840556309812,0.5111042837863828|0.6663089166591721|0.722097185748986,0.7636017266274733|0.4226815305394981|0.663163364960351,0.34666375619623024|0.37313555068984694|0.6546019047299843
64,contact,lift,2,0.6065306597126334,2,2,0,0,2,0,2,left_hand|right_hand,0.11796767683699727,0.002744691912084818,0.1022076599765569,0.01298408885486424,,0.1022076599765569,0.6776375033158318,0.6776375033158318,,,1.0,1.4373155494607743,36,9.06175171341669,1.0176092727593993,True,0.0022665722318285647,0.04191235521866121,11,0.0014557409153305376,6,0.0022665722318285647,2,-0.029542769010191705,-0.027462185957405794,,0.0,0.001308953482802896,,0.021809931264631856,0.05013678328391289,0.08415443020013537,0.03401764691622248,0.05331081677779625,0.01698030257619624,0.03949828466078453,0.05625772059580122,0.016759435935016685,0.03308286617910331,0.021759204535535467,0.5123988157036584|0.648011947306636|0.7205132297960674,0.7607049981825438|0.4056698619504389|0.662192179724213,0.34415280549454413|0.3575464972534372|0.6561075728835716
65,contact,lift,1,0.8824969025845955,2,2,0,0,2,0,2,left_hand|right_hand,0.14021076005883515,0.002762428019195795,0.12443070393055677,0.012984423898160458,,0.12443070393055677,0.6776156165148348,0.6776156165148348,,,1.0,1.4393793624994426,35,8.95989288234158,1.0148738361868082,True,0.002400313994042967,0.042263702569207334,11,0.002400313994042967,6,0.0011734189193911282,2,-0.029308271903444094,-0.027356993517834383,,0.0,0.001258460131189274,,0.02178744881373985,0.05044326989977869,0.08556265300092901,0.03511938310115032,0.053394690627144054,0.01698969679541378,0.03849170584953987,0.05621826106795677,0.0177265552184169,0.03410769725417456,0.02132098489014362,0.5139564732216202|0.6290589151289226|0.7195119655728613,0.7582990680487304|0.38833388040380634|0.6603127421731573,0.34212038138928663|0.34192913062663416|0.6583307753518156
66,contact|lift,lift,0,1.0,2,2,0,0,2,0,2,left_hand|right_hand,0.12148754810914397,0.002733760979026556,0.10590326692909002,0.012817237060517073,,0.10590326692909002,0.6924690783713511,0.6924690783713511,,,1.0,1.4393793624994426,35,8.95989288234158,1.0148738361868082,True,0.0026094857128322185,0.04206494970185934,11,0.002310525526768255,6,0.0026094857128322185,2,-0.029674860939007175,-0.025497347824140704,,0.0,0.001433586344379655,,0.021938404230920666,0.051031612626181985,0.0858581547961684,0.034826542169986416,0.05286885954048087,0.01718671093223596,0.0376196995923931,0.058402466602659436,0.020782767010266337,0.03746135073256443,0.021480505963614147,0.5154129272301589|0.6091314418976433|0.7213889261599569,0.7576439259620426|0.3685914181986211|0.6640256444701609,0.33956342152216556|0.3279418139186509|0.6587236213879432
67,lift,lift,1,0.8824969025845955,2,2,0,0,2,0,2,left_hand|right_hand,0.12001854716800153,0.0026969320606440306,0.10456377291120589,0.012725201901048422,,0.10456377291120589,0.7027424159033838,0.7027424159033838,,,1.0,1.4393793624994426,35,8.95989288234158,1.0148738361868082,True,0.002211049296386415,0.04194990482912561,11,0.002211049296386415,6,0.001612491590536544,2,-0.029900775558493464,-0.025660427351846593,,0.0,0.001433449844976984,,0.022115096989038477,0.052160158948375626,0.084736048780449,0.03257588983207338,0.051862295673574144,0.017220358363683328,0.037032972472281,0.0600678974683076,0.0230349249960266,0.03726377505169015,0.021786522396554254,0.5175100053188068|0.5889682456060172|0.7210508515933811,0.7566569218243304|0.3472021322855313|0.6665847502417023,0.3377575382074947|0.313869591822992|0.6619457243010125
68,lift,lift,2,0.6065306597126334,2,2,0,0,2,0,2,left_hand|right_hand,0.12038090405985713,0.002728409133851528,0.10476951790042222,0.012851743027567863,,0.10476951790042222,0.7133027533493779,0.7133027533493779,,,1.0,1.4393793624994426,35,8.95989288234158,1.0148738361868082,True,0.002187596251855828,0.04264946681510132,10,0.002187596251855828,5,0.001535559136303169,2,-0.029870330713391624,-0.026985095044405938,,0.0,0.001433860781197278,,0.022261061612970662,0.053379002177505394,0.08450637566043295,0.03112737348292756,0.050216894914370855,0.017218717329764884,0.03671912429589608,0.058849888283288514,0.022130763987392436,0.03672939356663715,0.02185937820969484,0.5209195571099893|0.5686344671455953|0.7216217106562162,0.7555108211858048|0.3239191309268433|0.669305133577903,0.3361879845059858|0.2935368154358795|0.6695390309369641
69,lift,lift,3,0.32465246735834974,2,2,0,0,2,0,2,left_hand|right_hand,0.11930922186002135,0.0027630880940705538,0.10364892496727407,0.012864590855315328,,0.10364892496727407,0.7537267825057398,0.7537267825057398,,,1.0,1.4393793624994426,35,8.95989288234158,1.0148738361868082,True,0.005003662472183368,0.04331962812302198,11,0.005003662472183368,5,0.0011589878430750822,2,-0.029941982154557678,-0.0293093022687394,,0.0,0.0014582240955107104,,0.022579675064766686,0.05388450247948265,0.08385892692210256,0.029974424442619912,0.04982729930227418,0.017129491556097845,0.03700867742774968,0.05881755299984713,0.02180887557209745,0.03657230091885186,0.022187755680028762,0.5237987758295692|0.5484140609295766|0.7225516703416262,0.7547228644546397|0.30115330810338553|0.6730570735095373,0.3357352527148414|0.2777993027228108|0.6763941487420518
70,lift,lift,4,0.25,2,2,0,0,2,0,2,left_hand|right_hand,0.11557948193512857,0.0027230042032897472,0.10029146797023714,0.012534494046121836,,0.10029146797023714,0.8457267489684793,0.8457267489684793,,,1.0,1.4393793624994426,35,8.95989288234158,1.0148738361868082,True,0.004186010123968381,0.0444348175943724,10,0.004186010123968381,4,0.002522976007346925,2,-0.03028682300684693,-0.029109500802153576,,0.0,0.001417471542263388,,0.02317272093121154,0.054745524450562334,0.08381568167953808,0.029070157228975747,0.04819360124904545,0.017064605462072294,0.03771509751251009,0.06038853049146354,0.022673432978953446,0.036095263645540665,0.02284498366784887,0.5263219137707396|0.5289365988051749|0.7230470280429603,0.7539741258744229|0.2773841172760668|0.6783040955282995,0.3353682820856374|0.2634180184281255|0.679269244367891
71,lift,lift,5,0.25,2,2,0,0,2,0,2,left_hand|right_hand,0.11205245507881045,0.0027079598512500525,0.0965236029587686,0.012789909029379487,,0.0965236029587686,0.7330511802870704,0.7330511802870704,,,1.0,1.4393793624994426,35,8.95989288234158,1.0148738361868082,True,0.004693756020420353,0.040859596684619776,9,0.004693756020420353,5,0.0009512274242105684,1,-0.03108947581945465,-0.030331791173395573,,0.0,0.0012823598477739943,,0.02230432549366135,0.055322868465104334,0.08054818355705494,0.025225315091950605,0.04945707876567524,0.017531764487752257,0.03816458677540281,0.05765661288593528,0.019492026110532468,0.03394065539416418,0.02135148290397331,0.5262522266829057|0.5002217682758153|0.7296068489251589,0.7542390811973293|0.2587259990201086|0.6875620984991856,0.33558562379229834|0.2428033896030184|0.6856581176281377
72,lift,lift,6,0.25,2,2,0,0,2,0,2,left_hand|right_hand,0.10873592202551663,0.002713498892262578,0.09348968998529017,0.012500808108597994,,0.09348968998529017,0.6947167563390517,0.6947167563390517,,,1.0,1.4393793624994426,35,8.95989288234158,1.0148738361868082,True,0.0022152052837900588,0.03598115964060497,11,0.0022152052837900588,7,0.0009281348817904156,1,-0.030603328817901954,-0.02848067867784465,,0.0,0.0012429896104018256,,0.02202352938352885,0.055568303809093826,0.08068647446149878,0.02511817065240495,0.04976072535808582,0.017410283971518982,0.03799352123234755,0.058736395396714554,0.020742874164367,0.03443092543734663,0.020914176841430928,0.5301511790755966|0.4797360090971478|0.7318674169006076,0.7530158299574992|0.23802635119060025|0.6894035821325027,0.3342233416815802|0.225529889256768|0.6880488066316982
73,lift,lift,7,0.25,2,2,0,0,2,0,2,left_hand|right_hand,0.10872249794192612,0.002700886921957135,0.09254095307551324,0.013434684136882424,,0.09254095307551324,0.6628225326923586,0.6628225326923586,,,1.0,1.4393793624994426,35,8.95989288234158,1.0148738361868082,True,0.004754503112438566,0.034997490929306346,11,0.004754503112438566,8,0.000986969975667093,1,-0.03023504819813816,-0.03014175833463284,,0.0,0.0011157862337018575,,0.021774080839397157,0.05525468948402768,0.08138027694687795,0.02612558746285027,0.04901433947872472,0.01761277061642202,0.037862509163204494,0.05791923848128432,0.02005672931807983,0.03386605580081041,0.02061492488342355,0.5335633618625824|0.46095349041030165|0.7344894785432088,0.7520821673189036|0.2157846803994523|0.6918785175790344,0.3338317541043398|0.20845464074066872|0.6933422623065
74,lift,lift,8,0.25,2,2,0,0,2,0,2,left_hand|right_hand,0.1101236769463867,0.0027397999074310064,0.09433722496032715,0.013011561008170247,,0.09433722496032715,0.663985279352381,0.663985279352381,,,1.0,1.4393793624994426,35,8.95989288234158,1.0148738361868082,True,0.004494973978743003,0.03571485476854305,12,0.004494973978743003,8,0.0010091863410000568,1,-0.030731534029717622,-0.02954158088284764,,0.0,0.0011193181829300732,,0.021832292976036373,0.0552517462021013,0.08190217542252912,0.026650429220427818,0.04677110043849285,0.018329599092125073,0.03773448116883345,0.0579363540826621,0.020201872913828654,0.03449184225729773,0.01981139172000582,0.536262432383102|0.44105031949408263|0.7346177850187774,0.7502158679931741|0.19339201069968975|0.694462718694708,0.3323090961204464|0.19043079086250111|0.6962868357255404
75,lift,lift,9,0.25,2,2,0,0,2,0,2,left_hand|right_hand,0.11163103790022433,0.0027229429688304663,0.09574112296104431,0.013136559166014194,,0.09574112296104431,0.6721300439801301,0.6721300439801301,,,1.0,1.4393793624994426,35,8.95989288234158,1.0148738361868082,True,0.00420580504426353,0.03593686260551074,11,0.00420580504426353,8,0.0010647189434938586,1,-0.030691184353308643,-0.02915028297704403,,0.0,0.0011175955994124358,,0.02195403056794093,0.05504233004156982,0.08255816922780332,0.0275158391862335,0.0459207606648794,0.018387983202406023,0.03780574298591345,0.058035463272062035,0.020229720286148584,0.036794824674601975,0.01981883733144695,0.5388054293557847|0.42290966192045437|0.7354019744679461,0.7487288170992931|0.17183058319887476|0.6962346420470766,0.33064859102511107|0.17336576453374997|0.6993124056206814
76,lift,lift,10,0.25,2,2,0,0,2,0,2,left_hand|right_hand,0.11713157198391855,0.0027201189659535885,0.10023558395914733,0.014144484186545014,,0.10023558395914733,0.6679210132388824,0.6679210132388824,,,1.0,1.4393793624994426,35,8.95989288234158,1.0148738361868082,True,0.0014494090698756387,0.03643051987621912,14,0.0014494090698756387,8,0.0010706150183372454,1,-0.030845882565115446,-0.027493304141589903,,0.0,0.001112756964106811,,0.0218542252786306,0.05502234518738768,0.08280851418917895,0.027786169001791268,0.045484085704781525,0.018166764149746044,0.037929833137146575,0.05836568779408408,0.020435854656937508,0.03693149198415962,0.0193299550194961,0.5396733315338186|0.40408054279757954|0.734048492994046,0.7471035043935657|0.1512269824516284|0.6969123296195967,0.3288473636082488|0.15533337379132767|0.6994584659174634
77,lift,lift,11,0.25,2,2,0,0,2,0,2,left_hand|right_hand,0.14729857305064797,0.0027086851187050343,0.13010186608880758,0.014454863034188747,,0.13010186608880758,0.6547976976300589,0.6547976976300589,,,1.0,1.4393793624994426,35,8.95989288234158,1.0148738361868082,True,0.0020246188078195393,0.03722483496798987,13,0.0020246188078195393,8,0.0009658025772891349,1,-0.030336788141427817,-0.027097980811644717,,0.0,0.0014371562214808055,,0.021608049469955995,0.054896188116882357,0.08335955829203766,0.0284633701751553,0.045685765497019436,0.018258751571918242,0.037866171346140474,0.05857288020830145,0.02070670886216098,0.03708223880547774,0.018709227964121868,0.5365203620753388|0.38428327143399227|0.7329339429117327,0.7463958687749614|0.13043166024760405|0.697433508662786,0.3275989212115436|0.13829037100196137|0.6993773472091063
78,lift,lift,12,0.25,2,2,0,0,2,0,2,left_hand|right_hand,0.12692784192040563,0.0027128770016133785,0.10996748716570437,0.014216766925528646,,0.10996748716570437,0.657775599979123,0.657775599979123,,,1.0,1.4393793624994426,35,8.95989288234158,1.0148738361868082,True,0.0014492574303176242,0.03790008617559698,16,0.0014492574303176242,10,0.0009311601521528601,1,-0.030082889003702817,-0.02564620289895636,,0.0,0.0014254026559013557,,0.021536840406036022,0.05424781529848365,0.0830133960234748,0.028765580724991142,0.049463604488339044,0.018078967648701122,0.038394989384729065,0.06252072283647966,0.0241257334517506,0.04033788658741344,0.018696334366161076,0.5386569019588482|0.3676817895444626|0.7315769940500778,0.7452230996958824|0.11063824043276613|0.6951371990273575,0.3264836086862573|0.12763748155532678|0.6959014089610999
79,lift,lift,13,0.25,2,2,0,0,2,0,2,left_hand|right_hand,0.12498297984711826,0.0026775121223181486,0.10873117600567639,0.013542251894250512,,0.10873117600567639,0.6645296768003642,0.6645296768003642,,,1.0,1.4393793624994426,35,8.95989288234158,1.0148738361868082,True,0.004213569212716109,0.038343626345330784,13,0.004213569212716109,10,0.0009971324945550475,1,-0.03026618035448081,-0.028651571680104126,,0.0,0.0014414285724515207,,0.021698567459019245,0.053541845803466416,0.08159279957394337,0.028050953770476957,0.050749397894825084,0.01831195200274903,0.03885015828802071,0.05825732793175267,0.019407169643731965,0.037475680555775284,0.01936899111563454,0.5387747677172647|0.35077926498900963|0.7323693731817214,0.7442425743846017|0.09108799007089227|0.6936169569860273,0.32572532014867056|0.10618601848257059|0.6998876200203467
80,lift,lift,14,0.25,2,2,0,0,2,0,2,left_hand|right_hand,0.12162199895828962,0.0026850218418985605,0.10578280105255544,0.013121519004926085,,0.10578280105255544,0.7018890174550542,0.7018890174550542,,,1.0,1.4393793624994426,35,8.95989288234158,1.0148738361868082,True,0.0014606332784130108,0.0389446153486096,14,0.0014606332784130108,10,0.0009231086487793139,1,-0.030202264423760283,-0.026460540545466316,,0.0,0.0014439928776866435,,0.022031886465805863,0.05281163420317074,0.08026234127500903,0.02745070707183829,0.05314967489017503,0.018563066914194824,0.03909757151750115,0.05946526430670138,0.020367692789200233,0.03840685393833855,0.019657212181882776,0.5394513540784467|0.3348505082873705|0.7307152991414105,0.7430919617855343|0.07203110529721098|0.6900289152585747,0.3245391998845806|0.08962404546949052|0.6932481004678326
81,lift,lift,15,0.25,2,2,0,0,2,0,2,left_hand|right_hand,0.12074238900095224,0.0026624281890690327,0.10491110989823937,0.013133341912180185,,0.10491110989823937,0.7179368063575203,0.7179368063575203,,,1.0,1.4393793624994426,35,8.95989288234158,1.0148738361868082,True,0.001455598272938067,0.039225642853053966,18,0.001455598272938067,14,0.0009644889796766032,1,-0.03010717980528632,-0.026710713619067405,,0.0,0.0014576358007957705,,0.022151835637392824,0.05296259291520634,0.08013305988731392,0.027170466972107586,0.05559614212029156,0.018848523027268298,0.03961493467729736,0.05924121384580868,0.01962627916851132,0.037400633003520034,0.01970714915844598,0.5389686166694977|0.31863168396078834|0.7293862577740664,0.7420856422989274|0.051329349342099734|0.6870932052395817,0.32383180891294855|0.07322555163827504|0.6878948103326613
82,lift,lift,16,0.25,2,2,0,0,2,0,2,left_hand|right_hand,0.12134899897500873,0.0027322829701006413,0.10547426785342395,0.013108204118907452,,0.10547426785342395,0.7087853869203468,0.7087853869203468,,,1.0,1.4393793624994426,35,8.95989288234158,1.0148738361868082,True,0.0014604106837226467,0.03965495045514092,14,0.0014604106837226467,10,0.0008680238819754882,1,-0.03012656452922613,-0.026900168260374002,,0.0,0.0014238216539382586,,0.022067975394791325,0.05349538631266275,0.08085987828046418,0.027364491967801427,0.05549025952144091,0.0188826860816878,0.03953561794581501,0.05880806337854951,0.0192724454327345,0.03710991441837664,0.01969618737174788,0.5374724555571067|0.30085159907977743|0.7274230050624932,0.7404759559649914|0.02968055044717098|0.6837812220203867,0.32242893184965693|0.05600309663761836|0.6826101267396373
83,lift,lift,17,0.25,2,2,0,0,2,0,2,left_hand|right_hand,0.11724589695222676,0.0027205089572817087,0.10185788199305534,0.012633817037567496,,0.10185788199305534,0.6891353664540295,0.6891353664540295,,,1.0,1.4373155494607743,36,9.06175171341669,1.0176092727593993,True,0.001622110467617597,0.040489278739826495,14,0.001622110467617597,10,0.0009227917314543477,1,-0.029973735534541746,-0.026817860113110825,,0.0,0.0014140366426692301,,0.02184442230185622,0.05423468429844837,0.08185163677129993,0.027616952472851564,0.055367042261127174,0.018609413479274528,0.03948351861285519,0.05867652563591295,0.019193007023057755,0.03692909442945562,0.019840338203647646,0.5345347055303584|0.2811039388970473|0.724588401234734,0.7386464946112727|0.00835244532020325|0.6801735864578019,0.32011845097981106|0.0377426723933776|0.6773406776177008
84,lift,lift,18,0.25,2,2,0,0,2,0,2,left_hand|right_hand,0.1175440268125385,0.0026995069347321987,0.10209017712622881,0.01271834084764123,,0.10209017712622881,0.6777075782862996,0.6777075782862996,,,1.0,1.4373155494607743,36,9.06175171341669,1.0176092727593993,True,0.0017337619419319078,0.041138804392651135,12,0.0017337619419319078,8,0.0009135230170840974,1,-0.03005731585986915,-0.026754323627924848,,0.0,0.0014112534359710012,,0.02170458508689198,0.05392009683769248,0.0824141073204202,0.028494010482727726,0.05535304912649442,0.018604260549524926,0.03952623391725996,0.05871798101760289,0.019191747100342924,0.037215472283994314,0.020074610746005146,0.531354477742923|0.2603466536876735|0.7238383945540448,0.7364997763288823|-0.012199220206663471|0.6779890688128098,0.31738390809747435|0.018940255308300184|0.6731480168809969
85,lift,lift,19,0.25,2,2,0,0,2,0,2,left_hand|right_hand,0.11598293809220195,0.0026798020116984844,0.10088793584145606,0.01238239393569529,,0.10088793584145606,0.6941002783460616,0.6941002783460616,,,1.0,1.4373155494607743,36,9.06175171341669,1.0176092727593993,True,0.0017302523254237312,0.04118271045368149,10,0.0017302523254237312,6,0.0009246948466187649,1,-0.03031935054867141,-0.027007839490197583,,0.0,0.0014037618804256856,,0.021907265506583902,0.052944634894628216,0.08260348394794582,0.02965884905331761,0.05506284777745919,0.018729163371302503,0.03941355537398549,0.05892638269758336,0.019512827323597867,0.037642378128572275,0.02048425128770593,0.5288713746598112|0.23873638463874183|0.7242619830846804,0.7338682496002712|-0.032321637921594065|0.6763539557628176,0.31457379976558353|-0.000398010715218243|0.6706106209216158
86,lift,lift,20,0.25,2,2,0,0,2,0,2,left_hand|right_hand,0.11941861803643405,0.0027190179098397493,0.10390981892123818,0.012757134856656194,,0.10390981892123818,0.713732756888056,0.713732756888056,,,1.0,1.4373155494607743,36,9.06175171341669,1.0176092727593993,True,0.005466120391884169,0.04149459586737991,8,0.005466120391884169,4,0.000982193798843345,1,-0.030875986591343718,-0.02983391350911546,,0.0,0.001421222559833644,,0.022158925734570928,0.052335570968175225,0.08133293935546342,0.02899736838728819,0.0557835449664178,0.019141002070633458,0.03957457891397682,0.057750232792986876,0.01817565387901006,0.03587575008254665,0.020809503462361593,0.5258914491552457|0.21754371529916258|0.7263204963844757,0.7314671571526989|-0.050574717303705025|0.6760977376732135,0.31221586539974394|-0.02183286399536551|0.6722009604117232
87,lift,lift,21,0.25,2,2,0,0,2,0,2,left_hand|right_hand,0.12010315898805857,0.002725076163187623,0.10452944389544427,0.012815759051591158,,0.10452944389544427,0.7490238595626043,0.7490238595626043,,,1.0,1.4373155494607743,36,9.06175171341669,1.0176092727593993,True,0.0016870171487888483,0.04178295945890942,8,0.0016870171487888483,4,0.000924309893780631,1,-0.03117726386226849,-0.02637728645256132,,0.0,0.0014569273066081941,,0.02254174939993673,0.05202448067509307,0.07993499153533988,0.02791051086024681,0.05612893526090311,0.019298219977812933,0.0394933665107388,0.06068789568581536,0.02119452917507656,0.03795775607801468,0.020719918535520406,0.5223738905565476|0.19560634140709124|0.7285400760801601,0.7300658917777145|-0.06889421652873468|0.6781883358065163,0.3080533948939508|-0.042900692858886154|0.6684501645316747
88,lift,lift,22,0.25,2,2,0,0,2,0,2,left_hand|right_hand,0.11861416418105364,0.002760866889730096,0.10325820813886821,0.012561590876430273,,0.10325820813886821,0.7715797318830419,0.7715797318830419,,,1.0,1.4373155494607743,36,9.06175171341669,1.0176092727593993,True,0.0016661173824936842,0.04240150880932114,8,0.0016661173824936842,4,0.0008907464199519183,1,-0.03149259433661378,-0.026194631759487663,,0.0,0.0014363088372504919,,0.022792363231529625,0.05167485160244185,0.07995374086782948,0.028278889265387637,0.053200068719955904,0.019515358330254202,0.039589975463028844,0.060492787059407374,0.02090281159637853,0.036798107492209645,0.02057122652349773,0.5169829722056555|0.17377460298775174|0.7279587197950028,0.7291867663899277|-0.08834528079466217|0.6802535318015277,0.3068903565836608|-0.066257272643037|0.6669051932416916
89,lift,lift,23,0.25,2,2,0,0,2,0,2,left_hand|right_hand,0.11324047087691724,0.0027444229926913977,0.097920031985268,0.012543892953544855,,0.097920031985268,0.7433626244729881,0.7433626244729881,,,1.0,1.4373155494607743,36,9.06175171341669,1.0176092727593993,True,0.0019039599938157764,0.04024848439892584,8,0.0019039599938157764,4,0.0009221755777985147,1,-0.031106425262761306,-0.027704513387890373,,0.0,0.0013537887482037577,,0.0223191370698054,0.051297621187728105,0.08289766606364152,0.03160004487591341,0.050211908118281884,0.018905916248391202,0.0399114196952542,0.059269375511177204,0.019357955815923006,0.036236196206627797,0.020943427773137055,0.5202988869864601|0.14831671494884824|0.7309602142113506,0.7284029242726283|-0.11106181216379883|0.6811013642622911,0.306630815146932|-0.0890172631839743|0.6713506901680844
90,lift,lift,24,0.25,2,2,0,0,2,0,2,left_hand|right_hand,0.11047212104313076,0.0027110481169074774,0.09482397115789354,0.012903176946565509,,0.09482397115789354,0.7321578806612686,0.7321578806612686,,,1.0,1.4373155494607743,36,9.06175171341669,1.0176092727593993,True,0.0014986396761172555,0.03661888612192102,8,0.0014986396761172555,4,0.0009071262782296835,1,-0.031854868144598925,-0.02678610512062285,,0.0,0.0011794612241271642,,0.022357517880610026,0.05108688241584495,0.08350939482163046,0.03242251240578551,0.05012971423322493,0.018465841865662008,0.03907005146331291,0.05930543985946635,0.020235388396153436,0.036688729661062416,0.020786550503960624,0.5163114025509672|0.1250222159781993|0.7335814483813566,0.7281805708518906|-0.13095814828457622|0.6847935988752691,0.3066141972907608|-0.11274674793821474|0.6716339080665643
91,lift,lift,25,0.25,2,2,0,0,2,0,2,left_hand|right_hand,0.13165447697974741,0.0027332589961588383,0.1158629939891398,0.013024586020037532,,0.1158629939891398,0.6985410151306183,0.6985410151306183,,,1.0,1.4393793624994426,35,8.95989288234158,1.0148738361868082,True,0.005364424673282228,0.03288167801043376,9,0.005364424673282228,5,0.000948410358052168,1,-0.030688754863467338,-0.029934656533365356,,0.0,0.0011750094006086258,,0.021963137644492644,0.05120678272609865,0.0832572383994554,0.032050455673356744,0.05044531233344525,0.017455061967902842,0.039043695649939224,0.05696508909939969,0.01792139344946047,0.03405334508847692,0.020297544674558153,0.5100827910653333|0.10355038042711612|0.7328137167658588,0.7280448431167381|-0.14714165508244587|0.6825859446200346,0.308802804571804|-0.13749172739305587|0.6755925430400763
92,lift,lift,26,0.25,2,2,0,0,2,0,2,left_hand|right_hand,0.11041259090416133,0.00272619491443038,0.0948407151736319,0.012812691042199731,,0.0948407151736319,0.6888844804511182,0.6888844804511182,,,1.0,1.4393793624994426,35,8.95989288234158,1.0148738361868082,True,0.0014160115406787882,0.033854273627183046,10,0.0014160115406787882,5,0.001024534512178793,1,-0.03039709767513088,-0.02643109951100797,,0.0,0.0011664923815420335,,0.021892123252918682,0.05176764694933557,0.084074896816268,0.032307249866932425,0.05190765248030232,0.016824426198722073,0.03899495115191409,0.05884485463295973,0.019849903481045636,0.03502749851342392,0.020341482965738473,0.5054047237606174|0.08251455519095642|0.7315080141523758,0.728966256048149|-0.16514394729071136|0.6839658878842881,0.30780687816756563|-0.16309484860227214|0.6766942701805704
93,lift,lift,27,0.25,2,2,0,0,2,0,2,left_hand|right_hand,0.11171118915081024,0.0027125568594783545,0.09579470497556031,0.013171064900234342,,0.09579470497556031,0.6823076139616291,0.6823076139616291,,,1.0,1.4393793624994426,35,8.95989288234158,1.0148738361868082,True,0.0013943651787712667,0.034635139433162127,11,0.0013943651787712667,7,0.0009775112710017075,1,-0.030577146292934287,-0.02632925193925928,,0.0,0.0011552863321475355,,0.021790436940986424,0.05251810766007785,0.08276472529999229,0.030246617639914444,0.051930385308754066,0.01664170606318078,0.03902641846104848,0.05884380486029942,0.019817386399250944,0.034440587328212445,0.020234951775305796,0.5017282589164463|0.06270982841446793|0.7325391977996222,0.7298969006277011|-0.1798208374784043|0.6863600371872667,0.30944913516092853|-0.18788823823502915|0.6798086601721519
94,lift,lift,28,0.25,2,2,0,0,2,0,2,left_hand|right_hand,0.11253564711660147,0.0027264610398560762,0.09645268297754228,0.013324171071872115,,0.09645268297754228,0.6787621621173476,0.6787621621173476,,,1.0,1.4393793624994426,35,8.95989288234158,1.0148738361868082,True,0.001408677935462465,0.03551196840214921,10,0.001408677935462465,7,0.001097588328279206,1,-0.030501469792330482,-0.02680655440049229,,0.0,0.0011514256782821138,,0.021778493051073954,0.05337867936515988,0.08236150034047543,0.02898282097531555,0.051355965620859735,0.01667107446328843,0.03923634126538478,0.05839001522533061,0.019153673959945834,0.03427876391462806,0.02023262655058496,0.5002396008248513|0.04267110975291563|0.7332216992741989,0.7313099207694882|-0.19493173621463433|0.6887530448868636,0.31146993212233026|-0.21228816587709315|0.6842620480229785
95,lift,lift,29,0.25,2,2,0,0,2,0,2,left_hand|right_hand,0.11390684708021581,0.0027247590478509665,0.09725454798899591,0.013892159098759294,,0.09725454798899591,0.6761140854141525,0.6761140854141525,,,1.0,1.4393793624994426,35,8.95989288234158,1.0148738361868082,True,0.0014079136938828507,0.03642084016323538,11,0.0014079136938828507,7,0.0010687122170387892,1,-0.030708893352416666,-0.027148934149522574,,0.0,0.0011520576730932577,,0.021750488823367983,0.05324327289408438,0.08162023411737344,0.028376961223289067,0.0508305199860848,0.016494038289201773,0.039320056580962465,0.05791492271957706,0.018594866138614594,0.03381650159438655,0.020268354862998755,0.4996233074424932|0.0219052363847066|0.7332950592976609,0.7328710925960213|-0.20976457484120162|0.6919624184730258,0.31426899686997506|-0.23643807237660658|0.687546717798048
96,lift,lift,30,0.25,2,2,0,0,2,0,2,left_hand|right_hand,0.11895993491634727,0.0027031470090150833,0.10221533803269267,0.014010536950081587,,0.10221533803269267,0.6688221899732146,0.6688221899732146,,,1.0,1.4393793624994426,35,8.95989288234158,1.0148738361868082,True,0.001408005951444781,0.03735485899141619,11,0.001408005951444781,7,0.0009577369439400935,1,-0.030991345951589366,-0.027243940737113448,,0.0,0.00114778703585525,,0.021619950605875963,0.05264279447243873,0.08112355541745958,0.028480760945020854,0.04911219368175358,0.016497431492628126,0.039595738524436035,0.05762202173415405,0.018026283209718018,0.03332101919559666,0.02021073208176548,0.4987097964848749|0.0019173662906965395|0.7326233600284998,0.7343869629370571|-0.22477502405362873|0.6952293400668059,0.31698261953778256|-0.26027133111741046|0.6901597741791348
97,lift,lift,31,0.25,2,2,0,0,2,0,2,left_hand|right_hand,0.12708342797122896,0.002696556970477104,0.10951876104809344,0.014835290145128965,,0.10951876104809344,0.6655309573795497,0.6655309573795497,,,1.0,1.4393793624994426,35,8.95989288234158,1.0148738361868082,True,0.0014088224112928198,0.03817166891756488,18,0.0014088224112928198,9,0.0009567809119422066,1,-0.031057218330474257,-0.027006465351945508,,0.0,0.0014146215180729236,,0.021566706718280645,0.05186772513673518,0.0810636544221013,0.029195929285366115,0.04964914498451603,0.016644884098452547,0.039767764578703284,0.05853121719350747,0.018763452614804187,0.033873702089665156,0.020580247950717508,0.4958284220758764|-0.016005544359387964|0.7315480210166199,0.7357505033963465|-0.24020545098604001|0.6961301700069716,0.3185701880475905|-0.28165838810658506|0.6925884548352326
98,lift,lift,32,0.25,2,2,0,0,2,0,2,left_hand|right_hand,0.12768839998170733,0.0027758690994232893,0.11102812294848263,0.01385176694020629,,0.11102812294848263,0.6684717672137905,0.6684717672137905,,,1.0,1.4393793624994426,35,8.95989288234158,1.0148738361868082,True,0.0018369357119422565,0.03838096665558499,13,0.0018369357119422565,10,0.00097656511282454,1,-0.030917548859708432,-0.027352455881462845,,0.0,0.0014148159263813527,,0.021632514418836804,0.05101938130571162,0.08040168490018648,0.029382303594474864,0.05032621985334278,0.016815393480156485,0.040257295241883505,0.05927914263931128,0.019021847397427773,0.034249833509558875,0.020934560382084078,0.4950543229167727|-0.03196214933413604|0.7324759509935085,0.7372834136012333|-0.2556890061733162|0.6967130597506979,0.3205975084055796|-0.3010236235561145|0.6938144178871206
99,lift,lift,33,0.25,2,2,0,0,2,0,2,left_hand|right_hand,0.12109804688952863,0.002706961939111352,0.10533553804270923,0.013023453997448087,,0.10533553804270923,0.6857106735195374,0.6857106735195374,,,1.0,1.4393793624994426,35,8.95989288234158,1.0148738361868082,True,0.0017807669280156396,0.0386343399288156,14,0.0017807669280156396,10,0.0009487499394899845,1,-0.030836168355591553,-0.021564568530578754,,0.0,0.0014349602065710115,,0.021849844874497926,0.05020037318986627,0.07970571042747843,0.02950533723761216,0.05033553728589687,0.016922231719829584,0.040929933158895,0.06650381137574196,0.02557387821684696,0.040549199849637736,0.02100934140169162,0.493865076724153|-0.04741755506845035|0.7333521620255031,0.738736459711169|-0.2716797944386117|0.6956940853346341,0.3184174891784204|-0.3144139190414905|0.6898880124366382
100,lift,lift,34,0.25,2,2,0,0,2,0,2,left_hand|right_hand,0.11895633512176573,0.0027339549269527197,0.1034046639688313,0.012785662896931171,,0.1034046639688313,0.690312530054233,0.690312530054233,,,1.0,1.4393793624994426,35,8.95989288234158,1.0148738361868082,True,0.0014560522615070445,0.03883517134425632,18,0.0014560522615070445,14,0.0009434962471926989,1,-0.03084911258323153,-0.021337866832135788,,0.0,0.0014303854534137579,,0.021909934192272832,0.049869754028211734,0.07873637002465642,0.028866615996444682,0.05008041851544831,0.01695653645748726,0.04117591618043275,0.06697321141717082,0.025797295236738065,0.04115643862352028,0.021366635932210158,0.49290564840270434|-0.06339509539091079|0.7326317194383334,0.7395706528833671|-0.287642318184125|0.6930764798702613,0.31974126694300303|-0.33274223750976833|0.6883742027151593
101,lift,lift,35,0.25,2,2,0,0,2,0,2,left_hand|right_hand,0.12021165993064642,0.0027348739095032215,0.10455707390792668,0.012887504883110523,,0.10455707390792668,0.6856602558109729,0.6856602558109729,,,1.0,1.4393793624994426,35,8.95989288234158,1.0148738361868082,True,0.0014085757207126515,0.03907388083583299,18,0.0014085757207126515,14,0.0009543149399746653,1,-0.03071067965586849,-0.022246472362629888,,0.0,0.001421445968862578,,0.021867541759227872,0.05012815757372075,0.07895533746395901,0.02882717989023826,0.049655143488438386,0.016933040843763545,0.041063160271135754,0.06612723461223462,0.025064074341098863,0.040819531689025794,0.021497474949149647,0.4941614969407989|-0.07938146157663438|0.7309743609064736,0.7401603142243104|-0.3050842847975853|0.6886311103077546,0.3212515112267528|-0.3510045415378755|0.6871201420129682
102,lift,lift,36,0.25,2,2,0,0,2,0,2,left_hand|right_hand,0.11995576717890799,0.0027056122198700905,0.10415424406528473,0.013062725076451898,,0.10415424406528473,0.6840187195382044,0.6840187195382044,,,1.0,1.4393793624994426,35,8.95989288234158,1.0148738361868082,True,0.0014096139857206758,0.0394051394916016,14,0.0014096139857206758,10,0.0009557491255286488,1,-0.030629741528091614,-0.023330955486100535,,0.0,0.0014185202199066653,,0.021911240042858222,0.050887856121957245,0.07908284585470586,0.028194989732748615,0.04956576432294021,0.017129046879181407,0.04023130942507063,0.06414388407682846,0.023912574651757827,0.04194251595949654,0.021447857968908843,0.49638576498787773|-0.09572736172474208|0.7300248015859029,0.7404177703096233|-0.32247697833159605|0.6839733159494932,0.32184829505243123|-0.3708641512300639|0.6871513277116789
103,lift,lift,37,0.25,2,2,0,0,2,0,2,left_hand|right_hand,0.11855235090479255,0.0027112760581076145,0.1029948319774121,0.012811864027753472,,0.1029948319774121,0.6867207518346242,0.6867207518346242,,,1.0,1.4393793624994426,35,8.95989288234158,1.0148738361868082,True,0.0015404646021982202,0.04003242929585185,13,0.0015404646021982202,9,0.0009763078717041629,1,-0.030557824222153585,-0.02303085014608719,,0.0,0.0014140394788409482,,0.021968025221102326,0.052053548970268836,0.08021963965388186,0.028166090683613025,0.04871216119780092,0.01755931603125819,0.0391092353510085,0.0638121872812824,0.024702951930273907,0.042728803129693356,0.02137318971265528,0.5006953743515367|-0.1119733456141854|0.7286688504307718,0.740799517552988|-0.34176071683929926|0.6795208549753933,0.3217419891037128|-0.38804595655185786|0.6847050862306897
104,lift,lift,38,0.25,2,2,0,0,2,0,2,left_hand|right_hand,0.12247816892340779,0.0027178539894521236,0.10680778091773391,0.012919945875182748,,0.10680778091773391,0.6945086377469908,0.6945086377469908,,,1.0,1.4393793624994426,35,8.95989288234158,1.0148738361868082,True,0.0015286861460617127,0.04054761049008215,14,0.0015286861460617127,10,0.0009516727198007613,1,-0.03109352829462253,-0.02285859820969982,,0.0,0.0014112516277616613,,0.02208907763969397,0.05296771424189847,0.08071916628106329,0.02775145203916482,0.04698640788630375,0.017734810068225436,0.03796130654290091,0.06407101495442993,0.02610970841152902,0.04429051662805164,0.021425375303793574,0.5049318684173387|-0.1295181438309668|0.7287224852925516,0.741148343676859|-0.3626207824363572|0.6769665457892815,0.3213497661149652|-0.4029011693688208|0.6824288464662426
105,lift,lift,39,0.25,2,2,0,0,2,0,2,left_hand|right_hand,0.12212167005054653,0.002702362136915326,0.10661154403351247,0.012776697054505348,,0.10661154403351247,0.7026790581103008,0.7026790581103008,,,1.0,1.4393793624994426,35,8.95989288234158,1.0148738361868082,True,0.001517641130108844,0.04099671633866514,13,0.001517641130108844,9,0.0009585739662169163,1,-0.031575818690299684,-0.02172847159504343,,0.0,0.0014074698851442283,,0.022209842832912826,0.05350023260415402,0.08040672783665967,0.02690649523250565,0.046435193291597565,0.017774575974460704,0.03711203527518356,0.06630196667575984,0.029189931400576283,0.0446321746168585,0.02149224615986935,0.5098786230244157|-0.14554509713993954|0.728151064918068,0.7407331576466348|-0.38372882357422344|0.6728462440293775,0.32144336020022385|-0.41325124292929216|0.6771482513389481
106,lift,lift,40,0.25,2,2,0,0,2,0,2,left_hand|right_hand,0.14587503299117088,0.0027260449714958668,0.12996238796040416,0.013153170002624393,,0.12996238796040416,0.7157928393082345,0.7157928393082345,,,1.0,1.4393793624994426,35,8.95989288234158,1.0148738361868082,True,0.0014771198096220801,0.04045857906500597,11,0.0014771198096220801,7,0.0009326139913080067,1,-0.031968445702347026,-0.020368049350468098,,0.0,0.0012616433439612898,,0.022368496451347756,0.05412634430526514,0.08282762174348896,0.028701277438223816,0.04386561379013066,0.017717714078345465,0.03634802915806794,0.06910764602113748,0.03275961686306954,0.04612214130698621,0.020955841696408146,0.5149533975794314|-0.16395459659066636|0.7288086573631631,0.7415751700740678|-0.40998370298939724|0.6731664796189679,0.3201077328330229|-0.42139575441546606|0.6749173314815446
107,lift,lift,41,0.25,2,2,0,0,2,0,2,left_hand|right_hand,0.12061527301557362,0.002739654155448079,0.10507899709045887,0.012760672019794583,,0.10507899709045887,0.7298180035231686,0.7298180035231686,,,1.0000000000000002,1.4414491108373353,34,8.851989336529748,1.0118781168668365,True,0.0014463906830028475,0.039113444998991304,11,0.0014463906830028475,7,0.000954903508185917,1,-0.0333272985747346,-0.020352207673646205,,0.0,0.0014170345663632674,,0.022422328573595517,0.05482173867011342,0.08080485824392213,0.025983119573808708,0.042989664306001096,0.018364786385328322,0.03560123242083103,0.06938101303266135,0.03377978061183032,0.04594704913055913,0.02151864514820456,0.5196877293403412|-0.18354180658088|0.7295941275755548,0.7414440458097199|-0.4357557574888617|0.6760716090799707,0.31892833277853827|-0.4312732889160463|0.6746303308174078
108,lift,lift,42,0.25,2,2,0,0,2,0,2,left_hand|right_hand,0.1199724089819938,0.002724293852224946,0.10466549987904727,0.012549572857096791,,0.10466549987904727,0.7339686042559698,0.7339686042559698,,,1.0,1.4393793624994426,35,8.95989288234158,1.014873836186808,True,0.001422405902321816,0.039642908994220405,10,0.001422405902321816,5,0.0009324761677215049,2,-0.033526328012031925,-0.01986468526511409,,0.0,0.0014262475845551463,,0.02229817358952876,0.0552368818839593,0.08136228472996355,0.02612540284600425,0.042662360020191956,0.018036634514400546,0.03496290298900075,0.06966971695849968,0.03470681396949892,0.04619955683646161,0.020754827904074916,0.5267503427866737|-0.20246907970017528|0.7302929037453957,0.7396805485588709|-0.4585866197391272|0.6774254909921291,0.31709449981151533|-0.4405029693671334|0.674563775508697
109,lift,lift,43,0.25,2,2,0,0,2,0,2,left_hand|right_hand,0.11790078086778522,0.002685114974156022,0.10306233610026538,0.012121523963287473,,0.10306233610026538,0.7671498352941232,0.7671498352941232,,,1.0,1.4393793624994426,35,8.95989288234158,1.014873836186808,True,0.0014049777679273207,0.04072372866798438,13,0.0014049777679273207,8,0.0012563844024818943,2,-0.033779318819371795,-0.019819385871063133,,0.0,0.0014182052352774937,,0.022565472158390932,0.056012868311818176,0.08093334345893241,0.024920475147114235,0.0420670905652513,0.01802009505426583,0.03483913335289958,0.07004448326553693,0.03520534991263735,0.04604190631901447,0.021123525172801784,0.5329207307072459|-0.21871542751442097|0.729841270838956,0.7357664131727333|-0.4830001849398866|0.6784358632925894,0.31486101113530895|-0.4478950657564402|0.674047545906506
110,lift,lift,44,0.25,2,2,0,0,2,0,2,left_hand|right_hand,0.11336115095764399,0.002714022994041443,0.0980701120570302,0.012544455006718636,,0.0980701120570302,0.7150663623599449,0.7150663623599449,,,1.0,1.4393793624994426,35,8.95989288234158,1.014873836186808,True,0.0015207270494904251,0.03805286545816905,13,0.0014425010247734946,8,0.0015207270494904251,2,-0.03451866665971082,-0.019493333020919934,,0.0,0.0012034415865204077,,0.021959189210304857,0.05608804471666944,0.08144441132214138,0.025356366605471935,0.04269970466245209,0.01824305448688459,0.03515241213300122,0.06821835534909222,0.033065943216091,0.04315221900226276,0.020352983971202738,0.5333885548174001|-0.23748955458383514|0.7315165652779899,0.7311438898260718|-0.5058503324000874|0.6812793077936691,0.3099354640811968|-0.4607992870378671|0.6755626743012182
111,lift,lift,45,0.25,2,2,0,0,2,0,2,left_hand|right_hand,0.10977146890945733,0.00272445403970778,0.09469792991876602,0.012315093073993921,,0.09469792991876602,0.6923850723286787,0.6923850723286787,,,1.0,1.4393793624994426,35,8.95989288234158,1.014873836186808,True,0.0014372636851469264,0.037038199625726076,13,0.0014372636851469264,8,0.0009394985962487418,2,-0.03407963890596655,-0.020629567993637465,,0.0,0.001197250238522504,,0.021871531630532338,0.05577113393807282,0.08136107431442315,0.025589940376350324,0.04210760218128373,0.01820022963468171,0.03572954787296409,0.06733830308559377,0.03160875521262968,0.04287517036076969,0.020159774418366864,0.5403452495668916|-0.25333060441870725|0.732973757494428,0.7253686104334897|-0.5293264294755264|0.6815705726000648,0.3065379904717654|-0.46910877988692856|0.6767468485790431
112,lift,lift,46,0.25,2,2,0,0,2,0,2,left_hand|right_hand,0.11058264109306037,0.0027030690107494593,0.09542517294175923,0.012423216132447124,,0.09542517294175923,0.6931555915814165,0.6931555915814165,,,1.0000000000000002,1.4414491108373353,34,8.851989336529748,1.0118781168668365,True,0.0014353820563866478,0.03640661197775619,12,0.0014353820563866478,8,0.0009636970281016594,2,-0.03337690309791164,-0.020811316229584875,,0.0,0.0011984854104393075,,0.0219992751193575,0.055248476280676646,0.08063778493707142,0.025389308656394778,0.04065648566835617,0.018743266766656958,0.03602896960882871,0.06739539386470977,0.03136642425588106,0.04314404017534145,0.0199544448316135,0.5445572466816505|-0.26796474166400275|0.7321489204405067,0.7176864186961076|-0.5549761612017912|0.6813767466118651,0.3019703227158774|-0.47651701469576263|0.6771957188199806
113,lift,lift,47,0.25,2,2,0,0,2,0,2,left_hand|right_hand,0.11054686503484845,0.0027049139607697725,0.09502887795679271,0.01278240093961358,,0.09502887795679271,0.6852159688972936,0.6852159688972936,,,1.0000000000000002,1.4414491108373353,34,8.851989336529748,1.0118781168668365,True,0.002227974457447157,0.03685056278841825,12,0.0014361274283390783,8,0.002227974457447157,2,-0.03356483706972391,-0.02088559114048749,,0.0,0.0012065870109909866,,0.02192382711314571,0.05566647986554079,0.07675273729206623,0.021086257426525444,0.03713869213672781,0.018686401266953562,0.03583825587427293,0.06729481743611541,0.03145656156184248,0.04406429254416472,0.019393535429078426,0.5481987054302706|-0.28283115133667686|0.7325397723642413,0.7082409079421357|-0.5804199122122919|0.6845441777941118,0.29723318574579144|-0.48212165967499176|0.6791053274751663
114,lift,lift,48,0.25,2,2,0,0,2,0,2,left_hand|right_hand,0.11635460192337632,0.0026814299635589123,0.10050991387106478,0.013131065992638469,,0.10050991387106478,0.684816680926329,0.684816680926329,,,0.9999999999999999,1.4435248201152229,33,8.738014962529775,1.0086176359769496,True,0.0014523664519941748,0.03756318637802655,12,0.0014523664519941748,8,0.0009241855284490841,2,-0.03259974628734419,-0.020822451866841618,,0.0,0.0012123432445014085,,0.021893552889349525,0.0558757900289848,0.07765780350234014,0.021782013473355337,0.03743080057156722,0.018794961830414694,0.035844354745566666,0.06675753313200967,0.03091317838644301,0.047001826278996545,0.019061552862334893,0.5506726519794614|-0.29808342093182405|0.7329560551517263,0.7016114530141329|-0.6007898924621232|0.6870276660811814,0.29275051220843834|-0.48858186350233995|0.6809994689573902
115,lift,place,47,0.25,2,2,0,0,2,0,2,left_hand|right_hand,0.12098972406238317,0.0027279029600322247,0.10491497302427888,0.013310204027220607,,0.10491497302427888,0.6731355872901414,0.6731355872901414,,,1.0000000000000002,1.4414491108373353,34,8.851989336529748,1.0118781168668365,True,0.001434928337030364,0.03762521476512423,12,0.001434928337030364,8,0.000941818299855901,2,-0.032434934542152405,-0.021454233783794407,,0.0,0.0012280045388258782,,0.021713554994270415,0.05593824760482853,0.07725022326561647,0.021311975660787935,0.03590008834206598,0.01882601083827457,0.03589319932958406,0.06519903310221915,0.02930583377263509,0.046817796414406525,0.018081634776982262,0.5515789931240431|-0.31404450726876537|0.7336041216855043,0.6932277544387007|-0.6205676234239258|0.6880133383667286,0.28726225130699184|-0.4957229027064377|0.6851025802789624
116,lift,place,46,0.25,2,2,0,0,2,0,2,left_hand|right_hand,0.12288926006294787,0.0027070599608123302,0.105987069895491,0.01416078582406044,,0.105987069895491,0.6649364726424207,0.6649364726424207,,,1.0000000000000002,1.4414491108373353,34,8.851989336529748,1.0118781168668365,True,0.001430661644493167,0.037009042930220365,17,0.001430661644493167,10,0.0009486570457893639,2,-0.032587054934488435,-0.0207368472122198,,0.0,0.0014090860593906776,,0.021514666619687477,0.056955765568527744,0.07731103277265802,0.02035526720413028,0.03607804529502472,0.018520667686330695,0.03528753059383781,0.06574345275920138,0.030455922165363566,0.04700773143611111,0.018492087863504394,0.5536093194368|-0.32932468593108355|0.7346115610933519,0.6854910330509222|-0.6384285226126699|0.6914937198986104,0.28410704408711446|-0.5000821761479938|0.6826033935246201
117,lift,place,45,0.25,2,2,0,0,2,0,2,left_hand|right_hand,0.1270131361670792,0.0027245539240539074,0.10993864294141531,0.014316688058897853,,0.10993864294141531,0.6498202360383737,0.6498202360383737,,,1.0,1.4393793624994426,35,8.95989288234158,1.014873836186808,True,0.0017193663102875213,0.037131650430850455,17,0.0017193663102875213,10,0.0009574403089186861,2,-0.032441516685894456,-0.0215689478063954,,0.0,0.001428340543334095,,0.02133277391573461,0.0570566810003831,0.07777018961960844,0.020713508619225336,0.037289444305998995,0.0184175224800784,0.03500568239384986,0.0636906633821251,0.028684980988275245,0.046930270743505864,0.018229266631189046,0.555237898185171|-0.34346252659785537|0.7368536425495568,0.6778041589490273|-0.6550203741125831|0.6905602603474086,0.2800567451326468|-0.5072849745786675|0.6832837826227635
118,,place,44,7.9567438919514e-106,2,2,0,0,2,0,2,left_hand|right_hand,0.14726618397980928,0.0027205010410398245,0.13085746113210917,0.013657489093020558,,0.13085746113210917,0.6613318954958661,0.6613318954958661,,,1.0,1.4373155494607741,36,9.061751713416701,1.0176092727593993,False,0.0014439431245785103,0.037394244747357336,15,0.0014439431245785103,10,0.0009136335785482064,2,-0.03254231322955192,-0.021934478208278207,,0.0,0.0014401716723197156,,0.021532248442218183,0.05576177716425725,0.0782862979715779,0.022524520807320654,0.0388157173482876,0.018653358063489053,0.03483489255930243,0.06192853727772187,0.027093644718419442,0.04710292135248556,0.0192169465726603,0.5542814847534719|-0.35525007692445904|0.7382151073181262,0.6702365434795508|-0.6703821171351588|0.6885141735346814,0.2743696243036463|-0.5160127322107717|0.6819469088154353
119,,place,43,4.204243584226447e-101,2,2,0,0,2,0,2,left_hand|right_hand,0.12078955606557429,0.0027210449334234,0.10499395313672721,0.013045288156718016,,0.10499395313672721,0.6651873238404241,0.6651873238404241,,,1.0,1.4373155494607741,36,9.061751713416701,1.0176092727593993,False,0.001433740533204074,0.03759522988737152,18,0.001433740533204074,13,0.000927001710919223,2,-0.0327131709743842,-0.022291557375268667,,0.0,0.0014377047671187261,,0.021618631662348346,0.05475018218066663,0.07808497953457295,0.023334797353906325,0.039543015329828714,0.019005513321792677,0.03552033205987898,0.061290726349825915,0.025770394289946937,0.04625744604806376,0.0193887735900586,0.5535650187729554|-0.36704277389318685|0.7384351221578476,0.662570665399073|-0.685683189444492|0.6863069986931175,0.2694915471635322|-0.5233243080472043|0.6773263807138782
120,,place,42,1.73008220968259e-96,2,2,0,0,2,0,2,left_hand|right_hand,0.12071593012660742,0.0026870339643210173,0.10503078601323068,0.012965228874236345,,0.10503078601323068,0.653382726291696,0.653382726291696,,,1.0,1.4373155494607741,36,9.061751713416701,1.0176092727593993,False,0.0020598133592848317,0.03815966329091833,16,0.0020598133592848317,11,0.000980212912586098,2,-0.03295219474068922,-0.029837981852645967,,0.0,0.0014393320400499904,,0.021543304833611582,0.0535846723992566,0.07772419969675781,0.024139527297501212,0.040288727183642875,0.019210857302008038,0.036018969630686425,0.053520585903493303,0.01750161627280688,0.03819293936123645,0.01991253688064342,0.5536946799644377|-0.37843373042986717|0.7372690905838294,0.6551646074371479|-0.6998334737507806|0.6819232943798798,0.265636090462539|-0.5390648020833239|0.676549332706157
121,,place,41,5.544622590477945e-92,2,2,0,0,2,0,2,left_hand|right_hand,0.12100540101528168,0.0027303779497742653,0.105080122128129,0.01316440012305975,,0.105080122128129,0.6510550547253671,0.6510550547253671,,,1.0,1.4393793624994426,35,8.95989288234158,1.0148738361868082,False,0.0015684289411757694,0.03877770669477734,15,0.0015684289411757694,10,0.0009561503034802299,2,-0.032936158157541584,-0.029460619273883992,,0.0,0.0014160497090607567,,0.02153358806202543,0.05216890439881354,0.07744966578429778,0.02528076138548424,0.04073677594379824,0.01930260593887551,0.03670326799095206,0.05319859964947333,0.016495331658521267,0.03737824273933503,0.020055947584265866,0.5520865204987455|-0.38789505124132967|0.7353794278482394,0.6484048580824076|-0.7123594246601651|0.6766564290255889,0.25867393345896667|-0.5496815363799307|0.6692374321470165
122,,place,40,1.3838965267367376e-87,2,2,0,0,2,0,2,left_hand|right_hand,0.12708440888673067,0.002730842912569642,0.11104362201876938,0.013277221005409956,,0.11104362201876938,0.6692529336181446,0.6692529336181446,,,1.0,1.4373155494607741,36,9.061751713416701,1.0176092727593993,False,0.001603204071544219,0.03961177738549776,12,0.001603204071544219,8,0.0009373709359603993,1,-0.03290373002120539,-0.028240831360374585,,0.0,0.0014141764847912432,,0.02182868375990996,0.05039925341482985,0.07671964377479253,0.026320390359962677,0.041763179771360764,0.019658076184016427,0.03737979340805761,0.054882315853854655,0.017502522445797045,0.03806712798431569,0.020236631261082903,0.5501054203052275|-0.39640807480165136|0.7354414493205957,0.642153914481977|-0.7244577184254575|0.6699080016030889,0.25259658973912646|-0.5577694206924402|0.6595941943630702
123,,place,39,2.6900579025827697e-83,2,2,0,0,2,0,2,left_hand|right_hand,0.12523746490478516,0.0027329998556524515,0.10925730597227812,0.013215475948527455,,0.10925730597227812,0.6867571648091485,0.6867571648091485,,,1.0,1.4373155494607741,36,9.061751713416701,1.0176092727593993,False,0.0015960934572313498,0.040557780081421024,8,0.0015960934572313498,3,0.0009640941797586927,2,-0.03312627247790978,-0.028304584383922915,,0.0,0.0014062326826335314,,0.022098345866418935,0.048590236256571745,0.07517050992899456,0.026580273672422813,0.04173610698287604,0.019972411703863557,0.03783253773622625,0.05510386917046053,0.017271331434234274,0.03808457783342632,0.020085986871388493,0.547568202941215|-0.40829246793209795|0.7339500287992253,0.636449108913144|-0.7374593159253582|0.6643623693334313,0.24718387287167312|-0.5685486036323911|0.6508953132506009
124,,place,38,4.0723586257611754e-79,2,2,0,0,2,0,2,left_hand|right_hand,0.1252516838721931,0.00271969405002892,0.10958238411694765,0.012915064813569188,,0.10958238411694765,0.706259760496571,0.706259760496571,,,1.0,1.4393793624994426,35,8.95989288234158,1.0148738361868082,False,0.0015827932669436572,0.04113816829942801,11,0.0015827932669436572,4,0.000995151713272982,4,-0.033789642149365307,-0.028569262178635313,,0.0,0.0013987062233807458,,0.022272893105932487,0.046601115321645445,0.0752142576341168,0.02861314231247135,0.042923878741209565,0.020463137110576665,0.0381141854321234,0.05482950183832258,0.01671531640619918,0.037311462876927486,0.020304033121119055,0.5433535285939123|-0.41992400048817713|0.7308827800332468,0.632413928906541|-0.7477665307933226|0.6587385949217469,0.24291283241131825|-0.5806358133321924|0.640329490790722
125,,place,37,4.801277241771782e-75,2,2,0,0,2,0,2,left_hand|right_hand,0.1254642449785024,0.00273082684725523,0.10966789699159563,0.013033804018050432,,0.10966789699159563,0.721515645929358,0.721515645929358,,,1.0000000000000002,1.4414491108373353,34,8.851989336529748,1.0118781168668365,False,0.001567932131501401,0.042066210464523884,10,0.001567932131501401,4,0.000996313165511381,3,-0.03435217241372257,-0.028482402466719847,,0.0,0.001429204757781773,,0.022313177254506922,0.044502139896591894,0.0780883631709953,0.0335862232744034,0.045693609782103954,0.019369967918502436,0.03819874678334629,0.0553479753421086,0.01714922855876231,0.0374267267156747,0.0203275279060801,0.5369879132746538|-0.4298582942864928|0.7289015223576398,0.6310965112420216|-0.755180585514066|0.6525503169973426,0.2396257179446378|-0.5913919721796679|0.630626031103715
126,,place,36,4.408531331463226e-71,2,2,0,0,2,0,2,left_hand|right_hand,0.12489192397333682,0.002742069074884057,0.10926845413632691,0.012850604951381683,,0.10926845413632691,0.7356660997262884,0.7356660997262884,,,1.0,1.4393793624994426,35,8.959892882341581,1.0148738361868082,False,0.0015861536690064612,0.04297086883153628,9,0.0015861536690064612,4,0.00098357086017746,2,-0.034156717611686815,-0.0277808457973574,,0.0,0.0014196540181197652,,0.02231080779749817,0.043265443969175484,0.07899772192551517,0.03573227795633969,0.04750132359328469,0.01837854638761609,0.03873991025243634,0.05679014119283358,0.01805023094039724,0.03711231226448796,0.02005854458746048,0.5267937438765009|-0.43566307842479196|0.7242275717298973,0.6289691840898672|-0.766447933833055|0.6464517615187255,0.2360137895608029|-0.6016680838828509|0.6223217024695635
127,,place,35,3.1525171551450254e-67,2,2,0,0,2,0,2,left_hand|right_hand,0.12212242395617068,0.0027354599442332983,0.10618278989568353,0.01317359390668571,,0.10618278989568353,0.679250093835241,0.679250093835241,,,1.0,1.4393793624994426,35,8.959892882341581,1.0148738361868082,False,0.0015770416392543486,0.042611979389682586,9,0.0015770416392543486,4,0.0009527305404489483,2,-0.03410370484096248,-0.027828223645732564,,0.0,0.0014067067842591014,,0.021430841309690824,0.04252775919215564,0.07719909991601419,0.03467134072385855,0.04747055222031755,0.01664282980265877,0.03946046908564276,0.05695903303156477,0.01749856394592201,0.036484763549705465,0.02015849058742054,0.5252145582622053|-0.44530193449977723|0.7190539036501615,0.6256197614516041|-0.7833834395231118|0.6429024969866597,0.23428125974960892|-0.6123322608890057|0.6134999281240182
128,,place,34,1.7556880978548265e-63,2,2,0,0,2,0,2,left_hand|right_hand,0.12165792286396027,0.0027428839821368456,0.10580119909718633,0.013083511963486671,,0.10580119909718633,0.6654359115061823,0.6654359115061823,,,1.0,1.4393793624994426,35,8.959892882341581,1.0148738361868082,False,0.0016054059209897227,0.042453580999881946,9,0.0016054059209897227,4,0.0013004317785814262,2,-0.034421113369580425,-0.027132432756795666,,0.0,0.0012609597246689699,,0.02133422123127827,0.04177182841045491,0.07773660589362646,0.035964777483171555,0.049286316252905346,0.01657058064391992,0.03929337046680483,0.05725245037256246,0.01795907990575763,0.03549491110498296,0.020453254081092453,0.5218369666827444|-0.4486853822440951|0.7151078468940114,0.6234987072441299|-0.7952487833754673|0.6360536727266021,0.23092974240797517|-0.6243521660110884|0.6042721257441495
129,,place,33,7.61489029373637e-60,2,2,0,0,2,0,2,left_hand|right_hand,0.14338298700749874,0.0027311439625918865,0.12728406791575253,0.013332793954759836,,0.12728406791575253,0.6659365155617207,0.6659365155617207,,,1.0,1.4393793624994426,35,8.959892882341581,1.0148738361868082,False,0.0015875881590908733,0.04222673769945878,9,0.0015875881590908733,4,0.0009672797963540536,2,-0.03486338947014289,-0.030389987267797736,,0.0,0.0014216707107022532,,0.021398653202589723,0.041129601799476265,0.07912806907432447,0.03799846727484821,0.05107332760533885,0.016445945220358024,0.0391301753395377,0.05387230893318325,0.014742133593645547,0.03167703511158155,0.02115308790572613,0.5227597335619404|-0.4556605484595903|0.7146001897929831,0.6216427597540319|-0.806311639017292|0.6291921882989497,0.229211554644475|-0.6391063033147601|0.5972488284345717
130,,place,32,2.572209372642415e-56,2,2,0,0,2,0,2,left_hand|right_hand,0.12299709510989487,0.0027374299243092537,0.1069044650066644,0.013326136860996485,,0.1069044650066644,0.6660560858007885,0.6660560858007885,,,1.0000000000000002,1.4414491108373353,34,8.851989336529748,1.0118781168668365,False,0.001572172636448873,0.041638499692848246,9,0.001572172636448873,4,0.0009017331909462606,2,-0.03532736804454295,-0.030093420668476867,,0.0,0.0014263064695774162,,0.021393974257579607,0.04000050704978831,0.08011634784631054,0.04011584079652223,0.05262786263695786,0.016707854967291463,0.03899501941497049,0.054059632711309334,0.015064613296338847,0.032045306014547956,0.020903917509611694,0.5213353439953795|-0.46142592639879504|0.7143307935277148,0.6193898090847698|-0.8163753508472621|0.6219740016641361,0.22618463279822437|-0.6489217623772408|0.5873588903066493
131,,place,31,6.766675675168404e-53,2,2,0,0,2,0,2,left_hand|right_hand,0.1233956329524517,0.002684459090232849,0.10734690213575959,0.013329828856512904,,0.10734690213575959,0.6587369892382196,0.6587369892382196,,,1.0000000000000002,1.4414491108373353,34,8.851989336529748,1.0118781168668365,False,0.0015491518599693374,0.04074744559587115,9,0.0015491518599693374,4,0.0006134509549383382,2,-0.0351329541728056,-0.03021511289363943,,0.0,0.0010406714663426912,,0.02134168585832001,0.03896155319826337,0.08041600803151615,0.04145445483325278,0.05309153233383878,0.017241459141113157,0.037822671556629286,0.053780975678120194,0.015958304121490907,0.03248522199711113,0.020769813280232682,0.5213357133649497|-0.46745580796452696|0.7157356676943027,0.6162052235476401|-0.8278137047726956|0.6135326413653588,0.22332137074006145|-0.657478419192995|0.5762003968666725
132,,place,30,1.3863432936411706e-49,2,2,0,0,2,0,2,left_hand|right_hand,0.12366976891644299,0.00278410199098289,0.10743316495791078,0.013422589050605893,,0.10743316495791078,0.6535056017526854,0.6535056017526854,,,1.0000000000000002,1.4414491108373353,34,8.851989336529748,1.0118781168668365,False,0.004547707532625872,0.03960611263453365,10,0.004547707532625872,6,0.0005533187021711378,1,-0.03485444653183123,-0.029983895791538373,,0.0,0.0012041886385862016,,0.02125536668845819,0.037777260080334885,0.08014519361352986,0.04236793353319497,0.05365756021998189,0.017359611194403587,0.0369565349353064,0.05322554844865807,0.016269013513351666,0.032489522368436614,0.02070217067141321,0.5235859478710269|-0.47244433790870805|0.7163802709636223,0.6122980334525705|-0.8391650908518088|0.6029627595342812,0.21943395409178965|-0.6675136517613423|0.5638742672589362
133,,place,29,2.2120380336009962e-46,2,2,0,0,2,0,2,left_hand|right_hand,0.12427963595837355,0.0026759752072393894,0.10815241793170571,0.013420103816315532,,0.10815241793170571,0.6479731560856401,0.6479731560856401,,,0.9999999999999999,1.4435248201152229,33,8.738014962529775,1.0086176359769496,False,0.00151264825368113,0.03503270450661908,10,0.00151264825368113,6,0.0007856311184345488,1,-0.03488321901355995,-0.027188773284143153,,0.0,0.0013989823193620138,,0.021140417804602785,0.03688969202023942,0.07897013883156277,0.04208044681132335,0.052648005016360314,0.017432293690755857,0.03739512761863865,0.054812005839327986,0.01741687822068934,0.03305336356372851,0.020785135419964428,0.5252139424580531|-0.4766511663162981|0.7179571991609471,0.6067212539406971|-0.8525966014169001|0.5923149050150385,0.21588743533225221|-0.6728587166998694|0.5479328949814563
134,,place,28,2.7487850079102147e-43,2,2,0,0,2,0,2,left_hand|right_hand,0.1245174570940435,0.002721881028264761,0.10792969982139766,0.013833831995725632,,0.10792969982139766,0.6467119321978931,0.6467119321978931,,,0.9999999999999999,1.4435248201152229,33,8.738014962529775,1.0086176359769496,False,0.005142196587484785,0.02995407416650528,12,0.005142196587484785,7,0.0005202767844066369,1,-0.03464440988905615,-0.030018105760644787,,0.0,0.001392983254255208,,0.021090034074779673,0.03636324980399681,0.07753622275983305,0.04117297295583624,0.05219916408194076,0.01760803653033777,0.03783063549552053,0.053264896527578064,0.015434261032057535,0.031063813343690933,0.020912934904112047,0.5275341526750361|-0.4808139919037695|0.717268910202901,0.6003592977806417|-0.865728440508805|0.5775566970537388,0.21352064508498497|-0.6796613043246204|0.5364538904048914
135,,place,27,2.6602064159439866e-40,2,2,0,0,2,0,2,left_hand|right_hand,0.12686334503814578,0.002719117095693946,0.10942517011426389,0.014688547002151608,,0.10942517011426389,0.6317317104597634,0.6317317104597634,,,0.9999999999999999,1.4435248201152229,33,8.738014962529775,1.0086176359769496,False,0.0014940610426290614,0.029965291305922875,16,0.0014940610426290614,11,0.0005799902880473246,1,-0.03455816014306201,-0.02971008619494242,,0.0,0.0014117777199498074,,0.021050772945459883,0.03716821007807109,0.07646979826689418,0.03930158818882309,0.05021233253092032,0.01758691134477392,0.03738867590478526,0.05354298934983989,0.016154313445054636,0.030855800487170983,0.02101295607492664,0.5293863911967015|-0.4826130810164755|0.7145728189685314,0.5926748799947781|-0.878583746637779|0.5589034602142053,0.20943403758527315|-0.6844236446847823|0.5193750254915004
136,,place,26,2.005008781961654e-37,2,2,0,0,2,0,2,left_hand|right_hand,0.13264344120398164,0.0027078569401055574,0.11563359596766531,0.01426895591430366,,0.11563359596766531,0.6201264362158595,0.6201264362158595,,,0.9999999999999999,1.4435248201152229,33,8.738014962529775,1.0086176359769496,False,0.004986304036433853,0.02986314793539946,16,0.004986304036433853,11,0.0008015943114008245,1,-0.034686134495542476,-0.030026016637288322,,0.0,0.0014129436815767777,,0.021077609522974352,0.03780495403265198,0.07592773106776131,0.03812277703510933,0.04862082947827829,0.017889203567181017,0.0368517681028159,0.053858303503202976,0.017006535400387074,0.0314890840274925,0.0209493695579445,0.5323677323047062|-0.4884473945947238|0.7128946422829511,0.5848806612148216|-0.8914304804721539|0.538261256969883,0.20591736584952683|-0.6875740271984376|0.5017055497424595
137,,place,25,1.1769109439216723e-34,2,2,0,0,2,0,2,left_hand|right_hand,0.13120789802633226,0.0027255641762167215,0.11429006885737181,0.014160849153995514,,0.11429006885737181,0.6220045193294834,0.6220045193294834,,,1.0,1.4456065161217821,32,8.61794349625815,1.0050876310199488,False,0.001456113140887217,0.029450831136233424,16,0.001456113140887217,11,0.0005029846324112741,1,-0.03462724050215904,-0.030498846817643255,,0.0,0.0014088609216651277,,0.021115540635337948,0.03760201398436941,0.07708134314897892,0.039479329164609514,0.04792873878423104,0.017360967328245366,0.035277974634717206,0.054015824077023565,0.01873784944230636,0.03281327884757399,0.02108774964993626,0.5366668187897482|-0.4945963748922749|0.7110004214923658,0.5775907543924061|-0.9045433988838011|0.5171849904043874,0.2023435813177408|-0.6909691219972285|0.4824417589417232
138,,place,24,5.380186160021138e-32,2,2,0,0,2,0,2,left_hand|right_hand,0.12817108700983226,0.0026830690912902355,0.11116195004433393,0.014292199164628983,,0.11116195004433393,0.6214287894856092,0.6214287894856092,,,1.0,1.4456065161217821,32,8.61794349625815,1.0050876310199488,False,0.0014495521550593297,0.029367390261534454,17,0.0014495521550593297,11,0.0002993883521719004,1,-0.03495503758847818,-0.030853672195817694,,0.0,0.0014107875989997143,,0.02111277454227223,0.03719016018660909,0.07829614053710232,0.04110598035049323,0.04871852759471747,0.017487764650043695,0.03349995747610454,0.05433390824996793,0.020833950773863387,0.03473253893048659,0.020711503205803856,0.5405629493525329|-0.4994321421569361|0.7064031495883558,0.5712740692951959|-0.914906921142841|0.4919221960319687,0.19948981268300242|-0.6936538125480031|0.46076417266030334
139,,place,23,1.915478951967148e-29,2,2,0,0,2,0,2,left_hand|right_hand,0.1291140380781144,0.002773510990664363,0.1121340140234679,0.014174734940752387,,0.1121340140234679,0.6197076246989036,0.6197076246989036,,,1.0,1.4456065161217821,32,8.61794349625815,1.0050876310199488,False,0.0014489668660735387,0.028954026765090346,19,0.0014489668660735387,12,0.000295405710959179,1,-0.0353814805965289,-0.028242828377504026,,0.0,0.0014136925382247218,,0.02107769181073434,0.037038735688581556,0.07870244052740213,0.04166370483882058,0.048596561409824705,0.01748753180553673,0.032157867581038,0.05609008037702041,0.023932212795982406,0.03774227589338604,0.02014211921728968,0.5436755427798657|-0.5074749561637202|0.7025909200945099,0.5651182412575577|-0.9242886703952677|0.4641948455353476,0.19641332930184288|-0.6941978064335294|0.43473263508606114
140,,place,22,5.311092249679095e-27,2,2,0,0,2,0,2,left_hand|right_hand,0.12778609083034098,0.0027002219576388597,0.11117244511842728,0.013883555075153708,,0.11117244511842728,0.622992340257512,0.622992340257512,,,1.0000000000000002,1.4476942247946636,31,8.49174852191169,1.0012830383121603,False,0.0017254885581060309,0.028993991527141272,19,0.0017254885581060309,12,0.0002284080088760937,1,-0.03696266833905426,-0.03143487116248522,,0.0,0.0014135038922091737,,0.021113685384768006,0.03578640923127751,0.07827703967685339,0.042490630445575876,0.04881115989095852,0.01786677837953481,0.0300754923830141,0.055701916119718906,0.025626423736704807,0.037505180868471516,0.019053885215406085,0.5464608831967512|-0.5131520120509033|0.6965035785411827,0.5584876802676848|-0.9325707435686099|0.43648142615763047,0.19163974919102358|-0.7030850537723388|0.4141597397177538
141,,place,21,1.146876582225596e-24,2,2,0,0,2,0,2,left_hand|right_hand,0.12765215802937746,0.0026522271800786257,0.11076082498766482,0.01420869305729866,,0.11076082498766482,0.6390493029864729,0.6390493029864729,,,1.0000000000000002,1.4476942247946636,31,8.49174852191169,1.0012830383121603,False,0.0015963918257130005,0.02920695344424093,20,0.0015963918257130005,13,0.0002291898428047473,1,-0.036835239341604264,-0.031328632837444914,,0.0,0.0014148526819065333,,0.021233912532388998,0.03574854234825055,0.07842283528975039,0.04267429294149984,0.04871724814207543,0.01785183742742168,0.029128209657845315,0.05595060835731849,0.026822398699473178,0.038441417691763215,0.018994832654667577,0.5508351984287051|-0.5186764435920225|0.6879857877040403,0.5534846563831671|-0.941619958432437|0.40690148334660253,0.18972101552536658|-0.7070194500923345|0.3872436772688427
142,,place,20,1.9287498479639178e-22,2,2,0,0,2,0,2,left_hand|right_hand,0.15459364792332053,0.0026668549980968237,0.137984017143026,0.01391271292231977,,0.137984017143026,0.656252910733005,0.656252910733005,,,1.0000000000000002,1.4456065161217821,32,8.61794349625815,1.0050876310199488,False,0.004339625700301816,0.02926968394006313,21,0.004339625700301816,14,0.0006040673583088824,1,-0.03913002958129397,-0.03139388117825881,,0.0,0.0014138061839186799,,0.02134440505275188,0.03462375263846536,0.0744706204221107,0.03984686778364534,0.048448524416818725,0.018740496965156887,0.028020788934438465,0.05667144252491036,0.028650653590471895,0.03992724325380585,0.018904326648684116,0.5537383369561946|-0.5264823206368566|0.6811329426373446,0.5457220952764582|-0.9535523173617912|0.3812601256144296,0.18945269723802716|-0.7099549672949196|0.3601622113498352
143,,place,19,2.5261637809256925e-20,2,2,0,0,2,0,2,left_hand|right_hand,0.13171892194077373,0.002717770868912339,0.11472956603392959,0.014237063936889172,,0.11472956603392959,0.6726944048706186,0.6726944048706186,,,1.0000000000000002,1.4456065161217821,32,8.61794349625815,1.0050876310199488,False,0.0014618382116194997,0.02943600023832635,21,0.0014618382116194997,14,0.0004151094044750059,1,-0.039443991662157174,-0.03139022067006536,,0.0,0.0014262455188671934,,0.021402192809049016,0.03369328420338895,0.07437641800654837,0.040683133803159424,0.052392079124679206,0.018499825330078032,0.026296471248980664,0.05674270042168164,0.030446229172700977,0.04100718736831444,0.019064025521257934,0.5553416917229839|-0.5319912664774284|0.6716954140720298,0.5443844696563708|-0.9606534869173454|0.35181660533775627,0.18984470875636686|-0.7130663612346739|0.3314738556378725
144,,place,18,2.576757109154981e-18,2,2,0,0,2,0,2,left_hand|right_hand,0.13223495101556182,0.002658040961250663,0.11539495503529906,0.014151965035125613,,0.11539495503529906,0.6975242271612953,0.6975242271612953,,,1.0000000000000002,1.4456065161217821,32,8.61794349625815,1.0050876310199488,False,0.0014474324480650592,0.03019242331080818,21,0.0014474324480650592,14,0.0005126229668612342,1,-0.039241739679306775,-0.031597293803626414,,0.0,0.0014189836810379612,,0.021484588128628124,0.033285469857844606,0.0743566200024531,0.0410711501446085,0.05455317831524052,0.01812809178400828,0.025350095900338942,0.05699905231189902,0.031648956411560084,0.041693686201001515,0.018964306262033537,0.5578119156283095|-0.537587237879576|0.6600485020688253,0.5426543621736651|-0.9683297097318994|0.32248840513187815,0.1899378168845433|-0.7167756306216352|0.30392947898007067
145,,place,17,2.0469717131642043e-16,2,2,0,0,2,0,2,left_hand|right_hand,0.13338038884103298,0.002655239077284932,0.11622521188110113,0.014468959998339415,,0.11622521188110113,0.7200870813106903,0.7200870813106903,,,1.0000000000000002,1.4414491108373353,34,8.851989336529748,1.0118781168668365,False,0.0014467993024963564,0.03180851990440259,21,0.0014467993024963564,14,0.0005413912130319137,1,-0.038882526513013715,-0.031504853136228306,,0.0,0.0014137205364792495,,0.021665414642123158,0.032705732092806486,0.07288229131755483,0.040176559224748346,0.05485325527439298,0.01751195634095483,0.024063446130862132,0.05735608580477028,0.03329263967390815,0.042741177750692826,0.018815128394519005,0.5621072731291509|-0.5436765419321664|0.6475124173394571,0.5401022216050467|-0.9762797436002469|0.2973003500540203,0.18986396026354335|-0.7194681532479887|0.2769538493182281
146,,place,16,1.2664165549094176e-14,2,2,0,0,2,0,2,left_hand|right_hand,0.13159113796427846,0.002725150901824236,0.11445126286707819,0.014384479960426688,,0.11445126286707819,0.7472946684559528,0.7472946684559528,,,1.0000000000000002,1.4414491108373353,34,8.851989336529748,1.0118781168668365,False,0.0042708968249175056,0.03292196610109971,20,0.0042708968249175056,13,0.0015511810177001734,1,-0.04135426910848672,-0.031620207421646285,,0.0,0.0014051450547599314,,0.021962427348249047,0.03168998651567943,0.07003789402914441,0.03834790751346498,0.05483577423252838,0.017906065699747967,0.02323291434889417,0.0575090232527056,0.03427610890381143,0.04252964012817166,0.019394565076912406,0.5606641214664969|-0.5443134715887982|0.6338194609964701,0.5359655219520655|-0.98085031703707|0.2734669146362576,0.18974976353746204|-0.7223273214286027|0.2506103374371841
147,,place,15,6.101936677605324e-13,2,2,0,0,2,0,2,left_hand|right_hand,0.13293512910604477,0.0026614649686962366,0.11573187098838389,0.01451130211353302,,0.11573187098838389,0.7976289522126551,0.7976289522126551,,,1.0000000000000002,1.4414491108373353,34,8.851989336529748,1.0118781168668365,False,0.0022949446344287944,0.03425921389879685,20,0.0022949446344287944,14,0.0006031624382969447,1,-0.0386632676068821,-0.032429949773133515,,0.0,0.0013853724826823615,,0.022361491741040105,0.030619936521373375,0.07068511937803408,0.040065182856660705,0.05723830237383153,0.017561582578727256,0.02300405103576325,0.05775133919120399,0.03474728815544074,0.042051350535363775,0.02001886751912298,0.5607546333689044|-0.5490744879118491|0.621619716337614,0.533255995980172|-0.9892981717886421|0.25057553209004885,0.19020414341860314|-0.7236161438398939|0.2268838283720451
148,,place,14,2.289734845645553e-11,2,2,0,0,2,0,2,left_hand|right_hand,0.13658900186419487,0.0026759060565382242,0.11914612492546439,0.014733702875673771,,0.11914612492546439,0.8111574181552293,0.8111574181552293,,,0.9999999999999999,1.4435248201152229,33,8.738014962529775,1.0086176359769496,False,0.001457271714011863,0.035648971511405614,20,0.001457271714011863,14,0.0006663018379300945,1,-0.03815788976461221,-0.032581879305004335,,0.0,0.0013884811602201473,,0.022508862496968398,0.030423132318076654,0.07108385632595751,0.04066072400788086,0.05645000857519168,0.01763497416958509,0.022649022153710126,0.05855678924093717,0.035907767087227045,0.04207901526714408,0.020074694583917297,0.561459258710866|-0.5553936815590966|0.6096244273585876,0.530090775724403|-0.9942130860030498|0.22758372734386462,0.19019918036809622|-0.7241060202920961|0.2056644638089898
149,,place,13,6.691586091292782e-10,2,2,0,0,2,0,2,left_hand|right_hand,0.14050243701785803,0.0026856681797653437,0.12308322498574853,0.014702505199238658,,0.12308322498574853,0.8215305907932715,0.8215305907932715,,,1.0000000000000002,1.4456065161217821,32,8.61794349625815,1.0050876310199488,False,0.00144821476381065,0.03696081453318714,19,0.00144821476381065,14,0.0007523474422608256,1,-0.03835609361457948,-0.032333065010075046,,0.0,0.0013908953385314946,,0.02257487741046839,0.029357986456967522,0.07116657543080829,0.041808588973840766,0.05630334250541893,0.018041948994960658,0.022605804200706885,0.05999362486857505,0.037387820667868166,0.044144595330981556,0.020492134793634802,0.5622015875802944|-0.5604913315599988|0.5978237299109997,0.5264500529054472|-0.9979899676515676|0.2072643350350114,0.18907244274300422|-0.7257359255141672|0.18654208187512342
150,,place,12,1.522997974471263e-08,2,2,0,0,2,0,2,left_hand|right_hand,0.17159976717084646,0.0026447540149092674,0.1540944690350443,0.014828732004389167,,0.1540944690350443,0.8328420280750078,0.8328420280750078,,,1.0000000000000002,1.4456065161217821,32,8.61794349625815,1.0050876310199488,False,0.0014481443671234377,0.03842230579129127,18,0.0014481443671234377,13,0.0008219287914666695,1,-0.03849315277382459,-0.0315272695734663,,0.0,0.0013928245481838165,,0.02288373727879276,0.028421487278345592,0.07117729606207053,0.04275580878372494,0.053063260871022935,0.018105692395216394,0.022795398613914934,0.05959235779464971,0.03679695918073478,0.04453438816146661,0.020904414735630518,0.5655262757915438|-0.5656851475661633|0.585943333150924,0.5208131644443793|-1.0027106928267977|0.18878992412792853,0.18981600031340382|-0.7234347511930661|0.17061145922646237
151,,place,11,2.699578503363014e-07,2,2,0,0,2,0,2,left_hand|right_hand,0.1519017070531845,0.0026718599256128073,0.13421225803904235,0.01498833205550909,,0.13421225803904235,0.8341780404351666,0.8341780404351666,,,0.9999999999999999,1.4435248201152229,33,8.738014962529775,1.0086176359769496,False,0.001503036647114514,0.03943505267468758,19,0.001503036647114514,14,0.0007108911264617213,1,-0.038380885824080835,-0.03245820321733994,,0.0,0.0013990242898076965,,0.022888522467227647,0.027491255393820906,0.07124763030242708,0.04375637490860617,0.05258371664127429,0.018103123968668172,0.024166264173624576,0.05777528938462818,0.033609025211003604,0.042367938623519445,0.021850076200300845,0.5652583441883416|-0.5675159913277326|0.5759328695443443,0.5167979229294398|-1.005495876253782|0.17490083361466885,0.18977726183466978|-0.7222603676029168|0.15853436417800412
152,,place,10,3.726653172078671e-06,2,2,0,0,2,0,2,left_hand|right_hand,0.15211887913756073,0.0026820951607078314,0.13412295188754797,0.015284775057807565,,0.13412295188754797,0.8366054886287477,0.8366054886287477,,,0.9999999999999999,1.4435248201152229,33,8.738014962529775,1.0086176359769496,False,0.003939852412748884,0.040338013359018515,19,0.003939852412748884,14,0.0009974192470037918,1,-0.038431169061547976,-0.03264994147295397,,0.0,0.0014036745562922383,,0.02297829030898153,0.02702965980338548,0.07073223217140828,0.0437025723680228,0.04927217458674335,0.018156178268172757,0.023788094968484014,0.0572807289481744,0.03349263397969039,0.04284839822240405,0.021820593453214274,0.5657509400996316|-0.5689094381105916|0.5656731065444506,0.5108979317358191|-1.0084525892504428|0.1606067476571786,0.18878950481897377|-0.7202344739644113|0.14722537945779945
153,,place,9,4.006529739295107e-05,2,2,0,0,2,0,2,left_hand|right_hand,0.15367341483943164,0.0027078150305896997,0.13542479695752263,0.015507993986830115,,0.13542479695752263,0.844156873330474,0.844156873330474,,,0.9999999999999999,1.4435248201152229,33,8.738014962529775,1.0086176359769496,False,0.004027799645886995,0.04104783010292837,20,0.004027799645886995,14,0.0011318269717990187,2,-0.039106423526469314,-0.032815320333215325,,0.0,0.0014086165153263392,,0.02311134628109526,0.02688294377487423,0.06974185645022025,0.04285891267534603,0.047507483572178766,0.018507127535124603,0.023580982661257258,0.05719879855748501,0.033617815896227754,0.04343192069787761,0.02175912569350269,0.565159842764127|-0.5698834445665228|0.5576691241766477,0.5071142148260661|-1.008893526777335|0.1489910916330487,0.18733628203368755|-0.718079760202334|0.13844907686487157
154,,place,8,0.00033546262790251185,2,2,0,0,2,0,2,left_hand|right_hand,0.15341782197356224,0.0026709260419011116,0.13548053614795208,0.015236093197017908,,0.13548053614795208,0.838533332792854,0.838533332792854,,,0.9999999999999999,1.4435248201152229,33,8.738014962529775,1.0086176359769496,False,0.0017409715033084305,0.041732691615327944,20,0.001450122486083713,14,0.0017409715033084305,2,-0.039286344721826794,-0.03323373098929139,,0.0,0.0014046018998500715,,0.02306916978216304,0.027578374618385686,0.06828759749034877,0.04070922287196308,0.04688755154213234,0.0186041147455607,0.023521168087791845,0.05702233860155361,0.033501170513761766,0.046793106473748784,0.021939788523954982,0.5662063650393037|-0.573341670658703|0.5537019284099831,0.5042607321472122|-1.0091198161786357|0.14154175544858794,0.18469665349936842|-0.7159873442491116|0.13764377249533044
155,,place,7,0.002187491118182885,2,2,0,0,2,0,2,left_hand|right_hand,0.15408173692412674,0.002707596169784665,0.1358848859090358,0.015458907932043076,,0.1358848859090358,0.8330012788389124,0.8330012788389124,,,0.9999999999999999,1.4435248201152229,33,8.738014962529775,1.0086176359769496,False,0.001449928529233719,0.042156040285025426,21,0.0021489751312105954,13,0.0011282317297231226,4,-0.038850440574595524,-0.035222640106413294,,0.0,0.0014159104872642216,,0.0229457589055607,0.028482638957139813,0.06568256818820238,0.037199929231062565,0.04614973862847102,0.01781638358066504,0.02312318671560958,0.05697503923577464,0.033851852520165066,0.048433630409576246,0.021776887040857718,0.5648354243847116|-0.5726463646891503|0.5509500104314027,0.5018864789538392|-1.0085695404486803|0.13799787373930839,0.1835942408448426|-0.7138527193602981|0.13762836195225298
156,,place,6,0.011108996538242306,2,2,0,0,2,0,2,left_hand|right_hand,0.15294883004389703,0.002663338091224432,0.13459502579644322,0.015659629832953215,,0.13459502579644322,0.8314552776752765,0.8314552776752765,,,0.9999999999999999,1.4435248201152229,33,8.738014962529775,1.0086176359769496,False,0.0014505161423652678,0.04256594029746136,20,0.007328516060234547,12,0.0009998125792536616,4,-0.0386283411935846,-0.03409591654239996,,0.0,0.0014037601671273983,,0.02283167750987287,0.029430555194348028,0.06309333348672301,0.03366277829237498,0.04742060001229116,0.01776415211515328,0.022366269712316186,0.05887836873343779,0.036512099021121604,0.051813447388831486,0.02168667808258116,0.5640492844103413|-0.5730387621725003|0.5493241461259971,0.49949977391169403|-1.0086638573952182|0.13800688859469215,0.18167406486568655|-0.7113349172321265|0.13762401921146425
157,,place,5,0.04393693362340742,2,2,0,0,2,0,2,left_hand|right_hand,0.15129592386074364,0.002690583933144808,0.13339083106257021,0.015184607123956084,,0.13339083106257021,0.8287887037666003,0.8287887037666003,,,1.0000000000000002,1.4414491108373353,34,8.851989336529748,1.0118781168668365,False,0.0014502279470344284,0.04294438723713734,20,0.008619395416428366,11,0.0010216114605163806,4,-0.03833568711243984,-0.03315263800344148,,0.0,0.0013864207337840274,,0.022770384644918477,0.029674758276009964,0.06096448784135955,0.03128972956534959,0.04587006936255452,0.017918773767356382,0.022004248975370743,0.06000218171712474,0.037997932741754004,0.053909874744544437,0.021658113801763527,0.5622870603489987|-0.5748588052992318|0.5484067029261204,0.49490442638823984|-1.010655224165557|0.1379925496478996,0.18122553443152659|-0.7096017753871942|0.13754993396290913
158,,place,4,0.1353352832366127,2,2,0,0,2,0,2,left_hand|right_hand,0.15158014092594385,0.002716075861826539,0.13368064397946,0.015153611078858376,,0.13368064397946,0.8369968503679218,0.8369968503679218,,,1.0000000000000002,1.4414491108373353,34,8.851989336529748,1.0118781168668365,False,0.0015822600012857096,0.04332754042085096,19,0.00670149025878225,11,0.0009952240027735343,3,-0.03873509151583754,-0.03217177503395874,,0.0,0.001383203643354378,,0.0228193488692188,0.028822959556492993,0.06090981564554058,0.032086856089047586,0.04776650359395954,0.01780976042925799,0.023525633929019848,0.060355712936373034,0.03683007900735319,0.05418834275164076,0.021829904810750783,0.5633005391312994|-0.5766436176266277|0.5469516096074983,0.49553887403243335|-1.0105185411564046|0.13806500647241848,0.18238457543787465|-0.7086979511570832|0.13750037139865567
159,,place,3,0.32465246735834974,2,2,0,0,2,0,2,left_hand|right_hand,0.1517241159453988,0.0026985101867467165,0.13390131993219256,0.01509209000505507,,0.13390131993219256,0.8398072157029249,0.8398072157029249,,,1.0,1.4393793624994426,35,8.95989288234158,1.0148738361868082,True,0.0014504197776723932,0.0437311603618083,20,0.006064336136306719,11,0.0013643960776061753,4,-0.038105097446761604,-0.031052698513294175,,0.0,0.0013836224616532015,,0.02279492261374828,0.028222029035005217,0.0627380524184881,0.03451602338348288,0.050924647429013106,0.017767246500861634,0.02496753139055983,0.06103670224839236,0.03606917085783253,0.05354180264900882,0.02181256445018293,0.563908227598591|-0.5796196988356092|0.5457357617047705,0.49769097318705696|-1.011039693055332|0.1380516114748836,0.18245567624420705|-0.7086833027134369|0.13745102286826558
160,,place,2,0.6065306597126334,2,2,0,0,2,0,2,left_hand|right_hand,0.1751435559708625,0.0027290149591863155,0.1569140360224992,0.01546723791398108,,0.1569140360224992,0.8434006543110177,0.8434006543110177,,,1.0,1.4373155494607741,36,9.061751713416701,1.0176092727593993,True,0.0014503209890635027,0.04355878318899983,20,0.0059366206472082905,12,0.0013304950215653616,3,-0.03665372808502099,-0.03017394013302166,,0.0,0.001403414612866266,,0.022835429326139033,0.027716878355266827,0.06361827158219859,0.035901393226931755,0.05178017450877829,0.017777250423938618,0.026678162967446153,0.061714189655708636,0.03503602668826249,0.05541015916319267,0.02234810824817554,0.5629116719156306|-0.5809713288183919|0.5440437578571342,0.49555745702398113|-1.0145271930034188|0.1380440597405662,0.182111723328942|-0.7089231505987762|0.13730957291334794
161,,place,1,0.8824969025845955,2,2,0,0,2,0,2,left_hand|right_hand,0.15078854910098016,0.0027065689209848642,0.13301045494154096,0.015038304962217808,,0.13301045494154096,0.8414638720360044,0.8414638720360044,,,1.0,1.4373155494607741,36,9.061751713416701,1.0176092727593993,True,0.0016766787010059625,0.04353955693573386,19,0.005039517427734258,11,0.0016766787010059625,3,-0.03543812839272853,-0.02947531469721021,,0.0,0.0014009597929550283,,0.02281292308831057,0.027859850731173672,0.06364166747840432,0.035781816747230646,0.05149040646440037,0.017751869932904663,0.028178550168756502,0.062439210321366935,0.034260660152610437,0.05608177153690626,0.021897424164317603,0.5617919807433459|-0.5825389360930529|0.5434974703296493,0.49262977194660873|-1.0176224216944003|0.1380332236839914,0.18261716143144247|-0.7075316809512295|0.13701829779858865
162,place,place,0,1.0,2,2,0,0,2,0,2,left_hand|right_hand,0.15026503591798246,0.0026791938580572605,0.1323200981132686,0.015229589072987437,,0.1323200981132686,0.8347461032007114,0.8347461032007114,,,1.0,1.4373155494607741,36,9.061751713416701,1.0176092727593993,True,0.0017545471899951398,0.04349898956422954,20,0.0034113582408976384,12,0.0017545471899951398,3,-0.03530470457593893,-0.029811847090138954,,0.0,0.0013908826694976797,,0.02275984099099361,0.029374126293451857,0.06336254746242771,0.03398842116897585,0.0505881056545285,0.01775966077280119,0.029207366910765007,0.06242999691931399,0.033222630008548984,0.055242128813477114,0.02192969042156151,0.5596642732824594|-0.5843415303013271|0.5438369990755615,0.49146333430920747|-1.0186731797923587|0.13802955971952663,0.18258065905174933|-0.7075591873399134|0.13654654511999886
163,place,place,1,0.8824969025845955,2,2,0,0,2,0,2,left_hand|right_hand,0.15005392697639763,0.002710402011871338,0.1323920541908592,0.01491837203502655,,0.1323920541908592,0.826163198502162,0.826163198502162,,,1.0000000000000004,1.4352576462274045,37,9.157591793652898,1.020088637605268,True,0.0016861481540940138,0.04347632931174997,20,0.0027335402352362537,12,0.0016861481540940138,3,-0.035109672302210626,-0.02947213490312528,,0.0,0.0013870314669164722,,0.022733755379225427,0.03150428727660695,0.06307903627475756,0.031574748998150604,0.04894902852915909,0.017880082666999093,0.03064899263967678,0.06281326807814455,0.03216427543846777,0.05266353786657571,0.021792878866658996,0.5584597314521924|-0.5857518705930695|0.5434903003220595,0.490335079056644|-1.0200361941849496|0.13800950208616786,0.18020132043568343|-0.7102211827440792|0.13632959065386813
164,place,place,2,0.6065306597126334,2,2,0,0,2,0,2,left_hand|right_hand,0.15139161283150315,0.002700838027521968,0.13335297000594437,0.01530205411836505,,0.13335297000594437,0.8066220977366995,0.8066220977366995,,,1.0,1.4332056274512064,38,9.24743893846337,1.0223158883386971,True,0.0014506963211971188,0.043479516548130454,20,0.0033070616425555366,12,0.0010518926498692682,3,-0.03555624522234524,-0.029456938790971776,,0.0,0.0013141887404488713,,0.022558650589229505,0.0342397784909616,0.06253958338612044,0.028299804895158834,0.04666108230590508,0.01792251357598084,0.03187776298455548,0.06306817755090571,0.03119041456635023,0.04892213977598694,0.02130707242393578,0.5573918185852645|-0.5879152167988345|0.5438551384598181,0.4894463642981581|-1.0205704531533537|0.13795236877981082,0.17927182539380876|-0.7114846041592197|0.13614216344223035
165,place,release,2,0.6065306597126334,2,2,0,0,2,0,2,left_hand|right_hand,0.15107043902389705,0.002715826965868473,0.13316192897036672,0.015160687966272235,,0.13316192897036672,0.7908011630845184,0.7908011630845184,,,1.0,1.4311594679288073,39,9.331318815836703,1.0242947422273347,True,0.0014507159500812203,0.04320603314038429,20,0.0036989498235192875,12,0.0010260548327911123,3,-0.036623727781858406,-0.029646504967248077,,0.0,0.0013255690208547252,,0.022439531635804616,0.03852701768521481,0.062158814726918074,0.023631797041703262,0.043174504774690065,0.018100443448730907,0.03195709422104406,0.06302093103288321,0.03106383681183915,0.04437575459864978,0.02059633295769024,0.5560598007188886|-0.5883893087697635|0.544862143017917,0.4905417773072374|-1.0188390656429713|0.13783292252827856,0.17978174776004166|-0.7109632593505661|0.13604215681499202
166,place,release,1,0.8824969025845955,2,2,0,0,2,0,2,left_hand|right_hand,0.15077724703587592,0.002727312035858631,0.13285275688394904,0.015163389034569263,,0.13285275688394904,0.7840870690168795,0.7840870690168795,,,1.0000000000000002,1.4291191426005607,40,9.40925694738771,1.026028688040193,True,0.0014507152066780653,0.043081218642076674,20,0.0033454913191396374,12,0.001033517217021107,3,-0.03753915259482987,-0.028374973976330153,,0.0,0.0013062741833392323,,0.02246762220114378,0.044143587607936095,0.06198729732117876,0.017843709713242666,0.038915714610774664,0.018272849032195955,0.032630351534713914,0.06380845883885326,0.03117810730413935,0.040035043219751,0.02049652857713049,0.554727355809356|-0.5885634551304346|0.5459063212217082,0.4917047862947669|-1.0171783336959894|0.13771327950166604,0.17795833996669888|-0.712166749934152|0.13631767365571748
167,place|release,release,0,1.0,2,2,0,0,2,0,2,left_hand|right_hand,0.15018495894037187,0.002724624937400222,0.13231953792273998,0.015106305945664644,,0.13231953792273998,0.7755996213561063,0.7755996213561063,,,0.9999999999999999,1.4270846265495194,41,9.481278709399328,1.0275209967927297,True,0.0014506279931254806,0.042963532965792195,18,0.0032885224614347397,12,0.00095612174482132,1,-0.03843123029383655,-0.02726438086737737,,0.0,0.0013282181913799001,,0.022463506564754102,0.05102108597820686,0.06169898244899093,0.01067789647078407,0.03127715284946563,0.017948794273365303,0.03403831060581309,0.06560825751357321,0.031569946907760126,0.03739059798086819,0.02073652383645981,0.5536925553281351|-0.5885811172034332|0.5486287400570355,0.4925454775634355|-1.015679179424209|0.13877132906279444,0.17778584937022135|-0.7110449600630036|0.14083472831112234
168,release,release,1,0.8824969025845955,2,2,0,0,2,0,2,left_hand|right_hand,0.15024527395144105,0.002693799091503024,0.1326604939531535,0.014858343871310353,,0.1326604939531535,0.7615676923982876,0.7615676923982876,,,0.9999999999999999,1.423032923318698,43,9.607673909466264,1.0297927559140356,True,0.0014505575361387323,0.042459747497266415,17,0.00327682267585247,12,0.0008491962569358025,1,-0.038329175956905104,-0.025430900941110224,,0.0,0.0014145023228924161,,0.02235287847870243,0.057945770332680925,0.06236211331017788,0.004416342977496955,0.028340242295680905,0.01819680272199889,0.03768593914257465,0.07062333545709126,0.032937396314516615,0.034282022367750985,0.02036470575045504,0.5509672310495847|-0.5862618052434693|0.5558392102226377,0.4948212046664038|-1.0139855360956125|0.14378098024430117,0.17678354747395858|-0.7108178791745385|0.1526361690356171
169,release,release,2,0.6065306597126334,2,2,0,0,2,0,2,left_hand|right_hand,0.1524560539983213,0.00274652405641973,0.1297336770221591,0.01991550298407674,,0.1297336770221591,0.7474978393073364,0.7474978393073364,,,1.0000000000000002,1.4210156870094452,44,9.662097382681408,1.0305777426425904,True,0.00869000165935753,0.04210937068898257,16,0.00869000165935753,11,0.000930766225457777,1,-0.03118993277513127,-0.032192704555699336,,0.0,0.001414279951446823,,0.022247000996147508,0.06520212713187788,0.06818501502954959,0.0029828878976717044,0.024201893990209736,0.018424931203300292,0.04522794336980984,0.06955568903795689,0.02432774566814705,0.02716699811580005,0.020385104900502396,0.5479138801811342|-0.5867519545334261|0.5644505391184061,0.501068943008168|-1.0147623629169618|0.14893102771479597,0.18107257076515612|-0.7112270181152648|0.1653432109303379
170,,release,3,0.32465246735834974,2,2,0,0,2,0,2,left_hand|right_hand,0.16064636106602848,0.006005160044878721,0.13974697492085397,0.014860075898468494,,0.13974697492085397,0.7299304234124756,0.7299304234124756,,,0.9999999999999999,1.4190041617164675,45,9.710704558699213,1.0311321801751205,True,0.0014683748878140217,0.04167976367791437,13,0.0033603405169984057,9,0.0,0,-0.01997732033183297,-0.031613711409772094,,0.0,0.001414178002594772,,0.022083179341828362,0.07218582435300443,0.07790318672765005,0.005717362374645624,0.021613819978355348,0.01836514630444751,0.049393140583701305,0.07008281672439681,0.020689676140695508,0.024842933536285815,0.020073775830937956,0.5456419264227422|-0.5864195940089951|0.5728434927539828,0.5097609699367049|-1.0167600201490867|0.15818678394924002,0.1845148843419488|-0.7016906625518632|0.17777785492856585
171,,release,4,0.1353352832366127,2,2,0,0,2,0,2,left_hand|right_hand,0.1414561248384416,0.002764033153653145,0.12475396785885096,0.013908259104937315,,0.12475396785885096,0.722024305420038,0.722024305420038,,,0.9999999999999998,1.4190041617164675,45,9.710704558699213,1.0311321801751205,False,0.0014061467330360525,0.040714916444911875,13,0.0033176622921406163,9,0.0,0,-0.005966230226787772,-0.030557197181629192,,0.0,0.0014138434753125824,,0.021944467370054423,0.0817515852275083,0.0928725955133521,0.011121010285843794,0.021603286110469327,0.018945641745436993,0.05656154740956927,0.07439479381399058,0.017833246404421313,0.023060292898540384,0.019832444171473226,0.5435857199492036|-0.586819726239159|0.5843805663226377,0.5224658207343525|-1.0163357827005701|0.17450397747626367,0.18696373582797055|-0.6953477989928389|0.1943195968731128
172,,release,5,0.04393693362340742,2,2,0,0,2,0,2,left_hand|right_hand,0.13785589998587966,0.002714466070756316,0.12130152015015483,0.013807008042931557,,0.12130152015015483,0.7133288108476435,0.7133288108476435,,,1.0000000000000004,1.4130036104331043,48,9.821874257671913,1.0314344525790937,False,0.0014035849022754482,0.03995187696645411,13,0.0032773474505289335,9,0.0,0,0.009510800245633888,-0.019098532313956085,,0.0,0.0014144790599933885,,0.021861909271626668,0.08741630480404104,0.09502374690855554,0.0076074421045145,0.021380257056124796,0.019009892114040576,0.06847629255171706,0.08775609322157854,0.019279800669861485,0.023304936620293953,0.02070358614808004,0.5438577482961848|-0.5857098634102299|0.5958839417615278,0.5361614305311062|-1.013725639078155|0.1921058551915278,0.18688685933931556|-0.6841509035605777|0.2128151950181684
173,,release,6,0.011108996538242306,2,2,0,0,2,0,2,left_hand|right_hand,0.1334100931417197,0.002763866912573576,0.11717641609720886,0.013439047150313854,,0.11717641609720886,0.7042286355108519,0.7042286355108519,,,1.0000000000000004,1.4130036104331043,48,9.821874257671913,1.0314344525790937,False,0.0014357503235213447,0.0393399930446412,13,0.003212840348059298,9,0.0,0,0.022708188289607634,-0.007505655235547692,,0.0,0.0014141102816227881,,0.021783926623662676,0.08849723896939748,0.09965645244876274,0.011159213479365257,0.020511192692931713,0.019354904534477857,0.07654651471494775,0.0955844112034256,0.019037896488477854,0.023347325796699427,0.020507639259064295,0.5449614175187643|-0.5864223187847332|0.6072553408960482,0.5506630169906338|-1.0090581010755384|0.2091394451068866,0.18851211827009942|-0.6727053245802175|0.23019711578431695
174,,release,7,0.002187491118182885,2,2,0,0,2,0,2,left_hand|right_hand,0.15090777399018407,0.0027065370231866837,0.13492424902506173,0.013247048947960138,,0.13492424902506173,0.6878146211988385,0.6878146211988385,,,1.0000000000000004,1.4130036104331043,48,9.821874257671913,1.0314344525790937,False,0.0014178514285760196,0.038620307994003206,13,0.0032808881487431663,9,0.0,0,0.03884861535075679,0.007133110227075079,,0.0,0.0014137254633284487,,0.021609331041082577,0.09535643335873249,0.10238185088263675,0.007025417523904259,0.020270948486490872,0.019239762762933228,0.08196116553129464,0.09600314178508491,0.014041976253790278,0.02344895612313803,0.02048007386136527,0.5458426480874858|-0.5835706911961682|0.618187532485461,0.5665015747072686|-1.0029986929136725|0.22929864390648305,0.19074758330865335|-0.6606709998248741|0.24934698234099167
175,,release,8,0.00033546262790251185,2,2,0,0,2,0,2,left_hand|right_hand,0.12299409601837397,0.002741358010098338,0.10740522714331746,0.01281723310239613,,0.10740522714331746,0.6935564261628218,0.6935564261628218,,,1.0000000000000004,1.4130036104331043,48,9.821874257671913,1.0314344525790937,False,0.00146551873182528,0.037881199343603705,14,0.0032480913721732174,9,0.0,0,0.04225738029905557,0.00937592761352235,,0.0,0.0014138964405270718,,0.021659072506497005,0.10933019893862801,0.11116524896910013,0.0018350500304721157,0.020467466380442334,0.019340715046690847,0.09345158665985749,0.10068643617749908,0.007234849517641584,0.022065441649600913,0.020680153079294005,0.5487880543960223|-0.5828006146706026|0.629584708457186,0.5836605037636559|-0.9954527745622996|0.2523309306220498,0.19406700543253738|-0.6491008334725211|0.26921731058719894
176,,release,9,4.006529739295107e-05,2,2,0,0,2,0,2,left_hand|right_hand,0.11982519598677754,0.0026420268695801497,0.10485048196278512,0.012303416850045323,,0.10485048196278512,0.6911537205196431,0.6911537205196431,,,0.9999999999999999,1.416998323221282,46,9.753520102463881,1.031458379411675,False,0.0013993250600664552,0.03711631720351882,13,0.0032414610302861635,8,0.0,0,0.04361084792682668,0.00791083003003834,,0.0,0.0014161756128350188,,0.021633488794159963,0.11992225228588647,0.1270736743255357,0.007151422039649233,0.020888896383082767,0.019428332251712154,0.10911909928107438,0.11062974741705679,0.0015106481359824092,0.020720327957627294,0.02065489468379401,0.5484397356304901|-0.585986189501511|0.642958472226426,0.6034972416956197|-0.9825010879885782|0.27875007278488884,0.19780184182057317|-0.637702112606892|0.292579117659944
177,,release,10,3.726653172078671e-06,2,2,0,0,2,0,2,left_hand|right_hand,0.11766940611414611,0.0027039889246225357,0.10246935789473355,0.012462833896279335,,0.10246935789473355,0.6855021076080696,0.6855021076080696,,,1.0000000000000002,1.419004161716468,45,9.710704558699206,1.0311321801751208,False,0.0013956605612637125,0.03613548050286769,14,0.003209678411143918,9,0.0,0,0.04921117178474255,0.01199196964525484,,0.0,0.0010262819559998613,,0.021491339458451317,0.12856650670278466,0.12911165585641923,0.0005451491536345721,0.02140408587220296,0.01947307991731176,0.11736156216501047,0.12244671857230098,0.005085156407290514,0.020499442930413263,0.01945672695920521,0.5488945323023373|-0.5922162532726625|0.6590187578751305,0.6218298429413923|-0.9696535209568778|0.30770110319289884,0.20649876777070708|-0.6229535638913435|0.3237046272810188
178,,release,11,2.699578503363014e-07,2,2,0,0,2,0,2,left_hand|right_hand,0.11244560196064413,0.002734947018325329,0.09735995018854737,0.01232110196724534,,0.09735995018854737,0.6660239512313371,0.6660239512313371,,,1.0000000000000002,1.419004161716468,45,9.710704558699206,1.0311321801751208,False,0.0014352724440193296,0.03536080281924828,14,0.0032372118068071387,9,0.0,0,0.06085542755430673,0.021376992337678757,,0.0,0.001413490217830561,,0.021300280894573705,0.1450407403415181,0.13325248196671988,0.011788258374798216,0.021689764832754806,0.01936922019199873,0.12793315693065788,0.1353444028561122,0.007411245925454335,0.0210661875061881,0.019441864142349528,0.5436363898343702|-0.5976289083571246|0.6723657798452166,0.6388065416139599|-0.9579407885912004|0.33825815392897085,0.21235913288640657|-0.6105918089070561|0.34914219882122405
179,,release,12,1.522997974471263e-08,2,2,0,0,2,0,2,left_hand|right_hand,0.1079858229495585,0.0027515781112015247,0.09284460614435375,0.012360385851934552,,0.09284460614435375,0.651978600997782,0.651978600997782,,,1.0000000000000002,1.4169983232212822,46,9.753520102463884,1.0314583794116756,False,0.0014524973129513598,0.03456341648214628,14,0.0032177457428858303,9,0.0,0,0.07733137812330071,0.031861207376234546,,0.0,0.0014110984371475189,,0.021178850469328176,0.16799531309944574,0.14610445048013065,0.021890862619315082,0.022410188647770637,0.019331156682753398,0.1430239994661397,0.1466514057600762,0.0036274062939365137,0.02103701103798651,0.01946782355129968,0.5395260141946371|-0.5977734083010987|0.683849520738687,0.6545012133724651|-0.9440274881371569|0.37363020082678206,0.21884728552928925|-0.5992048971453522|0.3757784743654165
180,,release,13,6.691586091292782e-10,2,2,0,0,2,0,2,left_hand|right_hand,0.10257660108618438,0.002762886928394437,0.08767976891249418,0.012105996022000909,,0.08767976891249418,0.6566536057937943,0.6566536057937943,,,1.0000000000000002,1.419004161716468,45,9.710704558699206,1.0311321801751208,False,0.0014650435163641867,0.03342254762080729,13,0.0032865042744878725,8,0.0,0,0.09742081144651671,0.04379799918444505,,0.0,0.0013872200198059277,,0.021229411606751607,0.19553606696033513,0.1668680238060291,0.028668043154306017,0.02266215963235471,0.019524612775151926,0.1612148843364886,0.1555668437562666,0.005648040580222002,0.019727686920716532,0.01951212717603413,0.5357889219972045|-0.600992364988606|0.6950033174636618,0.6690111284102045|-0.9304131663120724|0.4078174420238052,0.22715511407815575|-0.5898515118424659|0.4049096501654921
181,,release,14,2.289734845645553e-11,2,2,0,0,2,0,2,left_hand|right_hand,0.10212589404545724,0.0027789780870079994,0.08685130113735795,0.012450911104679108,,0.08685130113735795,0.6597297421627316,0.6597297421627316,,,1.0000000000000002,1.419004161716468,45,9.710704558699206,1.0311321801751208,False,0.0014648635411668096,0.032233461161628646,15,0.0033173785393516286,9,0.0,0,0.11895909521980741,0.05895416796970743,,0.0,0.0014113971512434871,,0.021275418457567797,0.2254965775237558,0.1920979271082787,0.0333986504154771,0.022356609218498212,0.01967132552708195,0.18111092103285248,0.17032020478233703,0.010790716250515447,0.02047746982526434,0.019591289217501515,0.5347824043086374|-0.6044021758485016|0.7053117736351532,0.6823332886655815|-0.916203870708763|0.4412495806151856,0.23194460754972152|-0.5818690831002913|0.43322259397105284
182,,release,15,6.101936677605324e-13,2,2,0,0,2,0,2,left_hand|right_hand,0.10082402499392629,0.0027700571808964014,0.08576545701362193,0.012257063994184136,,0.08576545701362193,0.6756479586357464,0.6756479586357464,,,0.9999999999999999,1.4190041617164675,45,9.710704558699213,1.0311321801751205,False,0.0014655940943855764,0.030842897086182014,15,0.003268673999005517,9,0.0,0,0.13909674157591034,0.07253282171186903,,0.0,0.001376298408136524,,0.02153374139155685,0.2560121685361162,0.21805938068629419,0.037952787849822006,0.023265517605958783,0.01976458284436072,0.2015446298344794,0.1839081924276654,0.017636437406814004,0.020155415974186085,0.02003655669698973,0.5327397894770172|-0.609469934734259|0.7160103067885871,0.6929053685242927|-0.9038445104403993|0.4727352171438821,0.24180630179939216|-0.5789890131157109|0.4630854250630906
183,,release,16,1.2664165549094176e-14,2,2,0,0,2,0,2,left_hand|right_hand,0.10039842105470598,0.0028194538317620754,0.08539791917428374,0.01215224014595151,,0.08539791917428374,0.6845955921481113,0.6845955921481113,,,0.9999999999999999,1.4190041617164675,45,9.710704558699213,1.0311321801751205,False,0.0014649700599414263,0.029707790272645057,11,0.003248747666651869,7,0.0,0,0.16064033166605896,0.08773593189938289,,0.0,0.0014142859077346996,,0.02165168272643621,0.2856512034311202,0.245403506120665,0.040247697310455216,0.023637238558096622,0.020102586416071305,0.22180153031505706,0.2001698470320493,0.02163168328300777,0.019813936860168815,0.020158299454038454,0.529684712859043|-0.6112171202742036|0.7255953342843182,0.7025274152207073|-0.8905538770110855|0.5038199831731591,0.2471204703177582|-0.5763394142900669|0.488953884878709
184,,release,17,2.0469717131642043e-16,2,2,0,0,2,0,2,left_hand|right_hand,0.09846025798469782,0.0027371959295123816,0.0833445331081748,0.012333210092037916,,0.0833445331081748,0.7045302882185167,0.7045302882185167,,,1.0,1.423032923318698,43,9.607673909466264,1.0297927559140354,False,0.0014641590900198384,0.02955055570791068,11,0.003252260322485906,7,0.0,0,0.1821061518939917,0.10675502515617907,,0.0,0.0014106898634336602,,0.021954769188942035,0.3130544755253803,0.27368810115946773,0.03936637436591256,0.02237077696007527,0.01952145407459182,0.24108689094692043,0.21994920474298238,0.02113768620393805,0.02021765112399252,0.020601626674731536,0.5238443084057655|-0.6155153641815349|0.7355031650945131,0.7096316028610351|-0.8767429501473509|0.5360486952973018,0.2535245956583969|-0.5725896053435476|0.5163302478313682
185,,release,18,2.576757109154981e-18,2,2,0,0,2,0,2,left_hand|right_hand,0.09629488200880587,0.0027267371769994497,0.08138869912363589,0.012150563998147845,,0.08138869912363589,0.7152846562141915,0.7152846562141915,,,1.0000000000000004,1.4270846265495198,41,9.481278709399321,1.0275209967927297,False,0.0014478268300474086,0.02937125890729242,11,0.003276638306620089,7,0.0,0,0.19545128136926593,0.1261682786946121,,0.0,0.0014122246930449555,,0.0221227847124249,0.33778397384238973,0.29441532009699983,0.043368653745389896,0.023014998337646798,0.01935211467431978,0.2589417099700439,0.24024974376854633,0.018691966201497573,0.02142546860713256,0.020348879139699932,0.5199979653520962|-0.6220452544186369|0.7446806485016507,0.713077902858572|-0.8639418502366574|0.5595097431030411,0.25784653784329914|-0.5722955692583988|0.5440503170538115
186,,release,19,2.5261637809256925e-20,2,2,0,0,2,0,2,left_hand|right_hand,0.09269264084286988,0.0027831499464809895,0.07790636806748807,0.011974903056398034,,0.07790636806748807,0.6665404754125877,0.6665404754125877,,,1.0000000000000004,1.4352576462274045,37,9.157591793652896,1.0200886376052678,False,0.0013824168136992929,0.02900414387372141,11,0.0032708946587824417,7,0.0,0,0.21108612027171425,0.14160605532790882,,0.0,0.0014164701827621589,,0.021508689181442317,0.359344136490238,0.3181713797626718,0.041172756727566207,0.020843011524039185,0.019396648384322788,0.27530081417143243,0.2578423876183627,0.017458426553069728,0.02257523486845113,0.02027846061797893,0.5257762880280549|-0.6387453373070617|0.7545002512138184,0.7132754446927857|-0.8558718503021766|0.5884573198029824,0.26440194087916746|-0.5739953280505907|0.5685702376378974
187,,release,20,1.9287498479639178e-22,2,2,0,0,2,0,2,left_hand|right_hand,0.08909334195777774,0.0027394599746912718,0.07429271005094051,0.012030109064653516,,0.07429271005094051,0.6611526582645663,0.6611526582645663,,,1.0000000000000002,1.4497879722215683,30,8.359403470870289,0.9971984736474065,False,0.0014398486451998593,0.028796425370979845,11,0.003246855073097632,7,0.0,0,0.21771061987163876,0.15211154932997495,,0.0,0.001418258545634804,,0.02148607099311755,0.3770095537397474,0.333458279699177,0.04355127404057041,0.015472675761149834,0.020535247689969116,0.2895092066965269,0.272920537814042,0.01658866888248489,0.021817735540031545,0.019598609177097704,0.5229313402804232|-0.6521863895956791|0.7633286758008968,0.705832416538058|-0.8457400767944658|0.6108260189068042,0.2655407445244425|-0.5831805604715844|0.5916968913507049
188,,release,21,1.146876582225596e-24,2,2,0,0,2,0,2,left_hand|right_hand,0.08782556094229221,0.002731771906837821,0.07308394904248416,0.01198016619309783,,0.07308394904248416,0.6385136619011417,0.6385136619011417,,,1.0000000000000002,1.4603482143772295,25,7.604486326104848,0.9723622920560513,False,0.001411169830042313,0.028351838596267,11,0.0032757478639100224,7,0.0,0,0.2428388049122212,0.1607134550280982,,0.0,0.0013417180717358397,,0.021120966521691164,0.39003915902423797,0.3603312867093416,0.029707872314896355,0.011435913693621501,0.03352766225313453,0.30052213316320486,0.28413904798245343,0.016383085180751433,0.019813498960690897,0.019683340686592797,0.5182001515654717|-0.6663951622283967|0.7698687516955991,0.7072437417657665|-0.8244828877708487|0.6381804993481723,0.26935103267197863|-0.5912511731136512|0.6089934832560745
189,,release,22,5.311092249679095e-27,2,2,0,0,2,0,2,left_hand|right_hand,0.09108883398585021,0.002705823862925172,0.07619931316003203,0.012153682997450233,,0.07619931316003203,0.6256071891090351,0.6256071891090351,,,1.0,1.4646155127064928,23,7.258521594735392,0.9602366943876557,False,0.0013595200439082966,0.02791343236232774,12,0.0032510369856921795,7,0.0,0,0.24702280346501126,0.16470613737817708,,0.0,0.001441240198924165,,0.021029222361650803,0.3983120323993477,0.3689343937224773,0.029377638676870377,0.011412170342841204,0.031228676538360766,0.3083592293239548,0.29354937413081145,0.014809855193143373,0.01772667480667146,0.018958423745012606,0.5200081740961675|-0.6873507929720895|0.7717845503053429,0.707445948522524|-0.825993650762342|0.6484130957924209,0.2763279976172201|-0.6074347266518533|0.6270043336469413
190,,release,23,1.915478951967148e-29,2,2,0,0,2,0,2,left_hand|right_hand,0.11488582706078887,0.0027373051270842552,0.10025219200178981,0.01186584192328155,,0.10025219200178981,0.5945891228087203,0.5945891228087203,,,0.9999999999999997,1.4624787507109458,24,7.434674175466804,0.9664638723526773,False,0.0013981289446709302,0.027323867953663872,11,0.00328116008836285,7,0.0,0,0.2510028261513835,0.1679563976579601,,0.0,0.0010619729358196342,,0.02066863711978712,0.40278409391672254,0.3760778537154447,0.02670624020127782,0.010711469387150006,0.029883180278790618,0.31361655247816944,0.3021631881109103,0.011453364367259133,0.01783750973725565,0.01857262713041973,0.5229616856090507|-0.7061814316231835|0.7722394752391308,0.7059950972653918|-0.8261934338905785|0.6575056272479538,0.2788850595323621|-0.6168921993739793|0.6396854308070553
191,,release,24,5.380186160021138e-32,2,2,0,0,2,0,2,left_hand|right_hand,0.09061640105210245,0.002720301039516926,0.07619520998559892,0.011671758024021983,,0.07619520998559892,0.5754096402796864,0.5754096402796864,,,1.0,1.4646155127064928,23,7.258521594735392,0.9602366943876556,False,0.0014048898602942762,0.026938623168049458,11,0.003271797423049755,7,0.0,0,0.2562610212785774,0.16584018895699693,,0.0,0.0012306117599982088,,0.020485039549874764,0.4038420920325744,0.3833763268117469,0.020465765220827492,0.013334770953776944,,0.3166459060158779,0.3056947401559325,0.010951165859945378,0.01592242404691963,0.018224076322986386,0.5261595764573468|-0.7203273128293998|0.7726090930209023,0.7069526143233091|-0.8248179141985887|0.665151992206611,0.285564838141502|-0.6278772042323485|0.6473826657165646
192,,release,25,1.1769109439216723e-34,2,2,0,0,2,0,2,left_hand|right_hand,0.0909105942118913,0.00269716908223927,0.07628755806945264,0.011896099196746945,,0.07628755806945264,0.5765907679214652,0.5765907679214652,,,1.0000000000000002,1.4667585276919022,22,7.076000752094158,0.953671806955529,False,0.0013996762479639747,0.027849421506839472,11,0.0032728570565166704,7,0.0,0,0.2533077240283479,0.16029421504319075,,0.0,0.0014180478485541059,,0.020626964829760116,0.40227656445836085,0.38234507500387777,0.019931489454483087,0.01547328275473265,,0.3184100408027123,0.30713189427818094,0.011278146524531352,0.012981807225655407,0.018975376396771722,0.532024666453486|-0.7371645116588114|0.7710072728380707,0.7075846142222986|-0.8367430937958792|0.6655227476937916,0.2931923383123289|-0.6419419344751868|0.65295490585352
193,,release,26,2.005008781961654e-37,2,2,0,0,2,0,2,left_hand|right_hand,0.09132534288801253,0.002737663220614195,0.07701807399280369,0.011539521161466837,,0.07701807399280369,0.5718017590305673,0.5718017590305673,,,1.0000000000000002,1.4603482143772295,25,7.604486326104848,0.9723622920560513,False,0.00143289521000357,0.02867170731240476,11,0.0032953839276314845,7,0.0,0,0.2455539161099214,0.15680551431987233,,0.0,0.0014152297817693288,,0.020533106913277362,0.39822651118405494,0.37705496535365096,0.02117154583040398,0.016069898486826047,0.021255849650946384,0.3193566613925735,0.30956075434296965,0.00979590704960387,0.012924707862174726,0.019979181899317067,0.5356813772261327|-0.7566478416632171|0.7694550126806171,0.707267945983371|-0.8626868697996335|0.6622882260645343,0.2981844552170171|-0.6576056547445042|0.6586835484596893
194,,release,27,2.6602064159439866e-40,2,2,0,0,2,0,2,left_hand|right_hand,0.09636153909377754,0.0027592519763857126,0.08121913997456431,0.01235365099273622,,0.08121913997456431,0.5674774733095621,0.5674774733095621,,,0.9999999999999997,1.4624787507109458,24,7.434674175466805,0.9664638723526773,False,0.0014220438588697995,0.028901809546578144,12,0.0033404760773517728,7,0.0,0,0.23763072738516122,0.1531860157108511,,0.0,0.0012854088963805842,,0.020431076537147534,0.3923473930866343,0.3722475713031503,0.020099821783484018,0.017307969468279397,0.02167067571730534,0.31994222454913385,0.31144378128003014,0.008498443269103706,0.011863303318548223,0.020190631713493147,0.5414395106913209|-0.7744674535938695|0.7684360708701715,0.7050570362175478|-0.8864387468448833|0.658738862170219,0.30477952427492266|-0.674741594599548|0.6631566509030271
195,,release,28,2.7487850079102147e-43,2,2,0,0,2,0,2,left_hand|right_hand,0.09970503905788064,0.0027387901209294796,0.08416514098644257,0.012771388050168753,,0.08416514098644257,0.5642031656055169,0.5642031656055169,,,1.0000000000000002,1.4667585276919022,22,7.076000752094158,0.953671806955529,False,0.0018815094823892778,0.029107431989035065,12,0.003311939486839499,5,0.0,0,0.23388463323371234,0.1538883849576269,,0.0,0.0014248260990121922,,0.020317971767394187,0.3863443280470266,0.3707518606715407,0.015592467375485919,0.01853329186898583,0.021332117242151432,0.3212678924959147,0.3159976286950957,0.0052702638008190195,0.009410309329375796,0.01935819821609835,0.5515884127497119|-0.7915455791724266|0.768992920388254,0.7069440251032278|-0.9128635976344677|0.6546702915228136,0.3204353210649489|-0.6933953560834267|0.6692570809643579
