frame_idx,active_event,nearest_trigger,distance_to_trigger,semantic_score,base_budget,final_budget_after_rescue,configured_semantic_refine_iterations,minimum_semantic_refine_iterations,base_sqp_iterations,semantic_refine_iterations,actual_sqp_iterations,semantic_body_parts,frame_wall_time,mesh_time,optimization_time,collision_check_time,jacobian_time,solver_time,coarse_total_cost,final_total_cost,coarse_left_hand_object_error,coarse_right_hand_object_error,semantic_vertex_weight_mean,semantic_vertex_weight_max,semantic_boosted_vertex_count,semantic_weight_l1,semantic_weight_l2,is_critical_interaction_neighborhood,penetration_depth,raw_penetration_depth,raw_penetration_pair_count,expected_contact_penetration_depth,expected_contact_penetration_pair_count,illegal_penetration_depth,illegal_penetration_pair_count,left_hand_box_signed_distance,right_hand_box_signed_distance,self_collision_violation,joint_limit_violation,foot_sticking_error,velocity_limit_violation,final_laplacian_error,left_hand_demo_object_distance,left_hand_robot_object_distance,left_hand_object_error,left_hand_local_laplacian_error,left_hand_object_neighbor_laplacian_error,right_hand_demo_object_distance,right_hand_robot_object_distance,right_hand_object_error,right_hand_local_laplacian_error,right_hand_object_neighbor_laplacian_error,pelvis_robot_position,left_hand_robot_position,right_hand_robot_position
0,,contact,30,1.3863432936411706e-49,50,50,0,0,50,0,50,,1.8184736447874457,0.0026176569517701864,1.80448517203331,0.011342056095600128,,1.80448517203331,1.1843197111200612,1.1843197111200612,,,1.0,1.0,0,0.0,0.0,False,0.0014683117942896062,0.028121296152426145,17,0.0031038711506328753,13,0.0,0,0.08330191633362816,0.14348423131428412,,0.0,0.0,,0.02216287178401527,0.222575568590948,0.261747590605622,0.03917202201467404,0.0673238599442344,0.018941533531892946,0.2745051197479645,0.29032930133646623,0.01582418158850174,0.05567150598183199,0.017795206513540027,0.6347837536785604|0.8022254605390892|0.7704831134259317,0.8535500641405531|0.6324761172535904|0.5958030154155177,0.39922125349784665|0.6539254724494161|0.6124329095519923
1,,contact,29,2.2120380336009962e-46,2,2,0,0,2,0,2,,0.09257788211107254,0.0026515419594943523,0.07852893508970737,0.011364882113412023,,0.07852893508970737,0.7522796835342794,0.7522796835342794,,,1.0,1.0,0,0.0,0.0,False,0.0008618065140983122,0.02986117164111296,14,0.0031473427068362536,10,0.0,0,0.05648909465402596,0.1167468985500193,,0.0,0.001602318679462273,,0.021507266009788615,0.19466303616604216,0.23410059979236628,0.03943756362632411,0.06194177950250897,0.017485154122083155,0.24702061277048,0.2616260927172897,0.01460547994680969,0.050360143801756664,0.01662527632596058,0.634966888976732|0.8105347363590003|0.7586585046929529,0.8672929556770137|0.6428567156554494|0.5585341868628808,0.38948802865318943|0.651589451840023|0.5742381828494985
2,,contact,28,2.7487850079102147e-43,2,2,0,0,2,0,2,,0.09699751692824066,0.0026636160910129547,0.08263117796741426,0.011674562003463507,,0.08263117796741426,0.709602344328849,0.709602344328849,,,1.0,1.0,0,0.0,0.0,False,0.0007487152207827988,0.031437388656473386,13,0.0031186797000378186,9,0.0,0,0.02860719478903917,0.0839065590072785,,0.0,0.0014978421665217195,,0.021087189445256328,0.16702964198679293,0.202932966071004,0.03590332408421107,0.057363093150882165,0.017921863145598006,0.218889967517298,0.2265190818468393,0.007629114329541303,0.04472889725629413,0.016585712127882048,0.6289277224485098|0.8226474256496064|0.7420897088742396,0.8722882118988076|0.6521594976035633|0.5165103220982952,0.3871825105964536|0.6413949335485624|0.5310731163130751
3,,contact,27,2.6602064159439866e-40,2,2,0,0,2,0,2,,0.10171911306679249,0.0026262409519404173,0.08695998205803335,0.012103475164622068,,0.08695998205803335,0.6998206170528202,0.6998206170528202,,,1.0,1.0,0,0.0,0.0,False,0.0007018770111012138,0.0328528541989456,12,0.003141146459411881,8,0.0,0,0.004958148041380284,0.05140771081711115,,0.0,0.0015619835780543287,,0.021011448692806432,0.14084248028933713,0.16683538439888795,0.025992904109550824,0.05219048139124675,0.018696247419196513,0.19075423092319974,0.19196754400807706,0.001213313084877321,0.03489736616887677,0.01697826045487717,0.6210297949400098|0.837664692260075|0.7208131733401721,0.8783624223808002|0.6549530795325477|0.47193090582124697,0.38664312361107217|0.6272751502309634|0.48529909523863407
4,,contact,26,2.005008781961654e-37,2,2,0,0,2,0,2,,0.10414976812899113,0.00260536908172071,0.08943822584114969,0.012077804189175367,,0.08943822584114969,0.7085496583745072,0.7085496583745072,,,1.0,1.0,0,0.0,0.0,False,0.0006260714993968908,0.03436358549959159,12,0.0031371618314882943,7,0.0,0,-0.01047609259449267,0.024137390268547776,,0.0,0.0017885666411128754,,0.02119042076120044,0.11775434054355444,0.13857745438438213,0.02082311384082769,0.046695318316322704,0.01877883826563073,0.16346603677236926,0.16396418394455087,0.0004981471721816066,0.03006702956716749,0.017990794179886947,0.6114696524006547|0.856425911343671|0.6941627244571237,0.8841320130919756|0.6536976876786562|0.43091239002955395,0.38582344185935796|0.6164025512374487|0.4386099492443654
5,,contact,25,1.1769109439216723e-34,2,2,0,0,2,0,2,,0.10652321297675371,0.0026536770164966583,0.09156735893338919,0.01226964220404625,,0.09156735893338919,0.6766850317717439,0.6766850317717439,,,1.0,1.0,0,0.0,0.0,False,0.0010008670982612697,0.036167791746331224,12,0.0031110539474660526,8,0.0,0,-0.018151751295768292,0.008951794349103537,,0.0,0.0015608839938536885,,0.021002829083921495,0.09956860049399487,0.1192094638987996,0.01964086340480474,0.041378817738600644,0.018866397540957144,0.13873854643006756,0.14932867065857738,0.010590124228509828,0.03035751275903562,0.018172175016847997,0.6082095963737044|0.8692279747617605|0.6657605500984335,0.890545225358443|0.6505504520730025|0.3918645542743151,0.3839301644196605|0.6000560874288536|0.39632159337380923
6,,contact,24,5.380186160021138e-32,2,2,0,0,2,0,2,,0.14057519496418536,0.00261939805932343,0.12516091717407107,0.012761450139805675,,0.12516091717407107,0.6992529091391538,0.6992529091391538,,,1.0,1.0,0,0.0,0.0,False,0.0036578880462905528,0.03596268638391392,13,0.0031355946968038007,8,0.0036578880462905528,1,-0.017400105934010313,-0.0036286812678341107,,0.0,0.0015628022324350598,,0.021295095489415886,0.08879512663570269,0.09942560020845251,0.010630473572749821,0.0415662312835575,0.019653698105941923,0.11883766528894972,0.1373073448076454,0.018469679518695672,0.030835580818325548,0.018528863670964874,0.6074562507821675|0.8837596554823388|0.6437505947948661,0.8957232853569064|0.648159672577739|0.35367273351812506,0.38924121589623695|0.586092826612217|0.363767518324596
7,,contact,23,1.915478951967148e-29,2,2,0,0,2,0,2,,0.11571907415054739,0.0026307341177016497,0.10029134596697986,0.012766225030645728,,0.10029134596697986,0.7074627970385987,0.7074627970385987,,,1.0,1.0,0,0.0,0.0,False,0.0018857452903573296,0.03566209475692944,11,0.0031557274893412313,6,0.0018857452903573296,1,-0.020145008612081128,-0.010882618161749846,,0.0,0.001396962169584826,,0.021476682015098104,0.08391605980249676,0.0863859747898572,0.002469914987360433,0.03758451731862834,0.019518196820789577,0.10638536290407621,0.11996975972545915,0.013584396821382932,0.03056428062376838,0.018730206637811816,0.6062538915689463|0.8902650156532012|0.6264220759030295,0.897427045285449|0.6391273693405009|0.3190177385036814,0.39679789117385494|0.5730265980672671|0.3310253351934326
8,,contact,22,5.311092249679095e-27,2,2,0,0,2,0,2,,0.11822620709426701,0.002595665864646435,0.10260088089853525,0.013001227984204888,,0.10260088089853525,0.7051894185467226,0.7051894185467226,,,1.0,1.0,0,0.0,0.0,False,0.002305498241134435,0.03620982883466786,11,0.002967420815621097,6,0.002305498241134435,1,-0.015931205081123778,-0.008213483296691138,,0.0,0.0012910031851725292,,0.02140330787140613,0.08027341396293271,0.08595208698073552,0.00567867301780281,0.03744310913310918,0.0192776960309166,0.09965398132270455,0.11184166655337087,0.012187685230666323,0.031058068915877597,0.019146308339215958,0.6033463693646861|0.8956986822384848|0.6108150463755321,0.8988085519123039|0.6328592841767233|0.29184650685421754,0.40218801468729326|0.5626605571483149|0.2969061674420498
9,,contact,21,1.146876582225596e-24,2,2,0,0,2,0,2,,0.11966905277222395,0.002632630057632923,0.10385395702905953,0.013149938080459833,,0.10385395702905953,0.7018754661568866,0.7018754661568866,,,1.0,1.0,0,0.0,0.0,False,0.001533302122629962,0.03686399436899085,11,0.003008943902417044,6,0.001533302122629962,1,-0.00558360861268703,-0.0012594512170061023,,0.0,0.0013383544504652891,,0.021394802621883285,0.078574444051005,0.09613889881150146,0.017564454760496465,0.03753199458127525,0.018929072729802095,0.08475699918663318,0.10273025182010269,0.017973252633469508,0.03297958275018331,0.020030206663700444,0.6081977572619031|0.9000853260807489|0.5968546974538681,0.903390101134821|0.6271762190105515|0.2670946256821265,0.40694880083114465|0.556082220311537|0.26809012084716727
10,,contact,20,1.9287498479639178e-22,2,2,0,0,2,0,2,,0.12117841304279864,0.0025911990087479353,0.10568989510647953,0.012870237929746509,,0.10568989510647953,0.7104086435643786,0.7104086435643786,,,1.0,1.0,0,0.0,0.0,False,0.0012120535921872622,0.0367984950888785,9,0.002972382152683306,4,0.0012120535921872622,1,0.004879292878303687,0.0006239387669211283,,0.0,0.0013141811688290972,,0.021475314307965763,0.0745574537008932,0.0891784742205152,0.014621020519621997,0.03649702549476431,0.018774687527446012,0.07821379770334051,0.10072394867785564,0.022510150974515128,0.03461866903648352,0.01988608661575895,0.611892174371548|0.902737836666427|0.5861750124589183,0.903620968773634|0.6214196330386529|0.2447267690545019,0.41235959604772493|0.5462624542755335|0.2441712325363451
11,,contact,19,2.5261637809256925e-20,2,2,0,0,2,0,2,,0.1249970628414303,0.0026370829436928034,0.10904079000465572,0.013290483970195055,,0.10904079000465572,0.7185037541991662,0.7185037541991662,,,1.0,1.0,0,0.0,0.0,False,0.0011435599984130698,0.037052626931522586,9,0.003018469779875105,4,0.000971860796007043,1,-0.0014729612175496953,-0.014334074497636351,,0.0,0.0013408134528106734,,0.02156262005303591,0.07612232754810105,0.08637155940316564,0.010249231855064586,0.03713989933853254,0.018865829243610854,0.07599210873720244,0.10245389534098337,0.02646178660378093,0.03435310921002296,0.019288706617125076,0.6146328245874043|0.9052677484494823|0.5753828453643128,0.9037712629409472|0.6162757490968863|0.22609088281143963,0.4191528593255201|0.5427896683554365|0.22112135488410525
12,,contact,18,2.576757109154981e-18,2,2,0,0,2,0,2,,0.13117496110498905,0.0026434611063450575,0.11489978013560176,0.013600578997284174,,0.11489978013560176,0.7156676869649502,0.7156676869649502,,,1.0,1.0,0,0.0,0.0,False,0.0014293184678338365,0.03763497730599211,9,0.0030128680476467218,4,0.0009096829230521714,1,-0.011197962151587859,-0.026834269175079584,,0.0,0.0013488077379023074,,0.021504494398301967,0.07950557536863648,0.08667925064706887,0.007173675278432393,0.03717975270278908,0.01897390490033029,0.06475706662099791,0.08667709887053515,0.021920032249537244,0.03326271309308891,0.018703699375542098,0.6143959370844736|0.9063649586426501|0.5629405952647443,0.9024537270197873|0.6106094281363312|0.2061768111427761,0.42781464136699093|0.5356005880071925|0.19864682541277004
13,,contact,17,2.0469717131642043e-16,2,2,0,0,2,0,2,,0.13439747015945613,0.0026391809806227684,0.11765186814591289,0.014079251093789935,,0.11765186814591289,0.7258478274567395,0.7258478274567395,,,1.0,1.0,0,0.0,0.0,False,0.0019417335780628764,0.03807184063935404,9,0.003035093538967387,4,0.0019417335780628764,1,-0.018979879542809996,-0.03060453402980201,,0.0,0.0013593070553072023,,0.021628027096141412,0.0731831569668558,0.09072790763980779,0.017544750672951984,0.036740712143749715,0.018694122532117625,0.059706961524533954,0.07884240716506599,0.019135445640532038,0.03437767773024829,0.019319718784799326,0.6161347919888712|0.908178897414854|0.5526212423109983,0.9011001226559111|0.603400286370067|0.18813568813187959,0.4327677565901478|0.5303931309277929|0.1796648550169431
14,,contact,16,1.2664165549094176e-14,2,2,0,0,2,0,2,,0.14006062899716198,0.002687116852030158,0.12283635302446783,0.014508130960166454,,0.12283635302446783,0.7245474067329476,0.7245474067329476,,,1.0,1.0,0,0.0,0.0,False,0.0012634383220410106,0.03870685202967386,10,0.0030380263466471824,4,0.0012634383220410106,1,-0.024556701367213662,-0.03486196312382539,,0.0,0.001361712640461341,,0.021674082620929548,0.06960966218364845,0.0879619618505322,0.01835229966688376,0.034986228502398874,0.01874748453527757,0.058226961794825144,0.07483562897488509,0.016608667180059947,0.03494497070348431,0.019867455063621246,0.6174744029038667|0.9086052650668685|0.5425933878471674,0.8993971857739279|0.599130509478117|0.1724124032651031,0.4377044683917314|0.5304744509493455|0.15990001195636372
15,,contact,15,6.101936677605324e-13,2,3,1,1,2,1,3,,0.21715560485608876,0.002640024060383439,0.1928617670200765,0.014787500025704503,,0.1928617670200765,0.734129132142353,0.7342777434056575,0.011967680835981737,0.024599950296399498,1.0,1.0,0,0.0,0.0,False,0.001208492599715602,0.039842589221603636,10,0.002990893649162163,5,0.0010225049350584825,1,-0.028334604578212463,-0.029997331450669407,,0.0,0.0014066309207492653,,0.02174535478169206,0.06819076923508341,0.08011591949826631,0.011925150263182901,0.03440570033487977,0.018627263084276768,0.051732893876668254,0.07586833362332365,0.0241354397466554,0.038517778905470666,0.020246508590392447,0.6211392066617748|0.9090413006528286|0.5327330880990587,0.8973977906370922|0.5902658183673986|0.16005026104815717,0.43827050350654495|0.5281458789647951|0.14466288919462983
16,,contact,14,2.289734845645553e-11,2,2,0,0,2,0,2,,0.149094674969092,0.0026469470467418432,0.13143623294308782,0.014968676958233118,,0.13143623294308782,0.7376683293225453,0.7376683293225453,,,1.0,1.0,0,0.0,0.0,False,0.0012797698222672682,0.039913302472387696,13,0.002996716034210256,5,0.0012797698222672682,4,-0.0327702556187095,-0.028179641100024355,,0.0,0.0013691091995729524,,0.021789547046681686,0.06402632931514866,0.07462283686240549,0.010596507547256828,0.037073179160115655,0.01917273560909969,0.04456511921968228,0.07154372657287979,0.026978607353197508,0.03981198093837045,0.020174144224556396,0.6207865365414934|0.9092151442471791|0.5261606614471397,0.8942294349043896|0.5858745942750302|0.1510400243274882,0.44033787530123264|0.5256785423290186|0.13511262832246623
17,,contact,13,6.691586091292782e-10,2,2,0,0,2,0,2,,0.1513728010468185,0.0038281050510704517,0.13264611992053688,0.014869860140606761,,0.13264611992053688,0.7499811182464661,0.7499811182464661,,,1.0,1.0,0,0.0,0.0,False,0.0011847978935106002,0.03944371748488443,13,0.0030182819769577485,5,0.0011847978935106002,4,-0.037952314317390545,-0.02712564070952972,,0.0,0.0014090897241143543,,0.021925618511310203,0.058311006527179424,0.07121853195002226,0.012907525422842833,0.04044513986711397,0.019280124342030962,0.039410877470981445,0.07113569149297432,0.03172481402199287,0.047944047762355405,0.02058205765813504,0.6208351290332038|0.9119172939404373|0.5225318033523498,0.8915338817834468|0.5838551879834809|0.1471287363869735,0.4407722440586536|0.5221682110716561|0.13526932113929266
18,,contact,12,1.522997974471263e-08,2,2,0,0,2,0,2,,0.17573266313411295,0.002669841982424259,0.15805295412428677,0.014979260973632336,,0.15805295412428677,0.7680847986076729,0.7680847986076729,,,1.0,1.0,0,0.0,0.0,False,0.0011792655261449458,0.03891328428120616,14,0.003035532063797697,6,0.0011792655261449458,4,-0.044291594325144956,-0.02712316002188153,,0.0,0.0013985408889126024,,0.022131925111572567,0.05258928045085924,0.06696572669121541,0.014376446240356167,0.04179755065529424,0.019295039888272525,0.034969496022889825,0.07082179114210597,0.03585229511921615,0.056439324666085026,0.021425971907848125,0.6199691426412085|0.9138639185230212|0.5192201896886328,0.8877526227740863|0.5815868715348247|0.14263808700417657,0.44112700819786016|0.5216602834314547|0.13530343674018164
19,,contact,11,2.699578503363014e-07,2,2,0,0,2,0,2,,0.15116079500876367,0.0026696340646594763,0.13391589908860624,0.014545612037181854,,0.13391589908860624,0.7851881773333611,0.7851881773333611,,,1.0,1.0,0,0.0,0.0,False,0.0011151744444691525,0.03842834383968555,14,0.0029856556847730753,6,0.0011151744444691525,4,-0.03179112381510585,-0.02661317952472153,,0.0,0.0013984971363238644,,0.022175650440902243,0.04693967049141904,0.07345208710414185,0.026512416612722807,0.04764748685748053,0.018613138236498725,0.03153757446137274,0.07137343093605539,0.03983585647468265,0.06377732811568958,0.02144757411234485,0.6195706131065877|0.9147395033653565|0.5158051404078234,0.8938908372805309|0.5825393279499419|0.13741011915535478,0.4405730936225575|0.5199774064317425|0.13517250114743534
20,,contact,10,3.726653172078671e-06,2,2,0,0,2,0,2,,0.14766652788966894,0.002618825063109398,0.1305466869380325,0.014471962116658688,,0.1305466869380325,0.8236402545697263,0.8236402545697263,,,1.0,1.0,0,0.0,0.0,False,0.0011702544586232322,0.03823998554921826,15,0.0029824674316329125,6,0.0011702544586232322,5,-0.028992121472038335,-0.025934200820845632,,0.0,0.0014145220416178184,,0.022596624124057534,0.042137197001041356,0.07230844674724005,0.03017124974619869,0.05435396637827846,0.01987591902910217,0.030081807189030255,0.07216947786968896,0.042087670680658704,0.06824990642148213,0.021274036870653008,0.6188753126858757|0.9137552416048341|0.5142922953294012,0.8934550262075938|0.578168390394503|0.13634634778740826,0.4399351481749688|0.5176309215483332|0.1348782939454049
21,,contact,9,4.006529739295107e-05,2,2,0,0,2,0,2,,0.14825680805370212,0.0026763128116726875,0.131069510942325,0.014480069978162646,,0.131069510942325,0.8615265461915775,0.8615265461915775,,,1.0,1.0,0,0.0,0.0,False,0.0011232289834601505,0.03817272542105077,15,0.0029389578279449546,6,0.0011232289834601505,5,-0.027539885351675508,-0.02439527756645532,,0.0,0.0014143972081536646,,0.022979468274370366,0.03866287067761362,0.0705261383319026,0.031863267654288985,0.058084704508941404,0.02020992023162983,0.029937430837878223,0.07253581622074065,0.042598385382862425,0.07351685158469803,0.021992257390681752,0.6171705255839268|0.9142454155351302|0.511359544049092,0.8920968109065627|0.5745709321256529|0.13674686506937436,0.44002938037343503|0.513161884632125|0.13507602188582046
22,,contact,8,0.00033546262790251185,2,2,0,0,2,0,2,,0.14730842784047127,0.0026346889790147543,0.1303729258943349,0.014271988067775965,,0.1303729258943349,0.8663792007389151,0.8663792007389151,,,1.0,1.0,0,0.0,0.0,False,0.0017138292409063643,0.03817958200871663,15,0.0029502151468231153,6,0.0017138292409063643,5,-0.026769221577014335,-0.02374257986862638,,0.0,0.001416528785626732,,0.023009801701425296,0.03735674281998337,0.06930002175777288,0.031943278937789504,0.060589402790310026,0.02040109088275072,0.03126426443896467,0.07269013582639776,0.04142587138743309,0.07516448815360308,0.021570300042779607,0.618620908419508|0.9140962060921611|0.5088030606383637,0.8909929007063687|0.5704559052582675|0.13699549340257372,0.43997619119714104|0.5115226428987781|0.1352527179106387
23,,contact,7,0.002187491118182885,2,2,0,0,2,0,2,,0.17078325198963284,0.0026637220289558172,0.15360499802045524,0.014483410865068436,,0.15360499802045524,0.8934836343263454,0.8934836343263454,,,0.9999999999999998,1.0058736713545862,32,0.11359566347899297,0.013248357493851318,False,0.0012388909955665661,0.038360682171056426,15,0.003077930906285109,6,0.0012388909955665661,5,-0.026484357998510788,-0.022459645986682375,,0.0,0.0014143963555994774,,0.02321000777602586,0.036789626405801315,0.068664739983589,0.03187511357778769,0.06302388834153666,0.020600826025083528,0.032377184243247814,0.07345615212728294,0.04107896788403513,0.07691303262300006,0.021674567487204886,0.6174686522374955|0.9140450311648153|0.5054612086979181,0.8903875849492892|0.567515719815895|0.1372561511692814,0.43994251874993384|0.5076686087821686|0.13538371482386702
24,,contact,6,0.011108996538242306,2,2,0,0,2,0,2,,0.1491040599066764,0.0026512600015848875,0.1322221951559186,0.014200997073203325,,0.1322221951559186,0.9092755981507001,0.9092755981507001,,,1.0000000000000007,1.0297459462280403,32,0.5752808241383943,0.06709345924065611,False,0.0011128900418125726,0.03832452962532251,15,0.003059761113823445,6,0.0010916941817078196,5,-0.026825683512818443,-0.02163569013174005,,0.0,0.0014141897398427755,,0.023330771018649867,0.03570710406711344,0.06784914591127697,0.03214204184416353,0.06426878657689733,0.020689697335718234,0.031150753970617714,0.07395776235094459,0.042807008380326875,0.07841397521601066,0.021632266045934233,0.617720178748792|0.913587419925718|0.5032579133033492,0.8896118617300416|0.5657088637133666|0.13753182038372475,0.440168912921025|0.5048497315209439|0.135489521639885
25,,contact,5,0.04393693362340742,2,2,0,0,2,0,2,,0.14574224199168384,0.002687850035727024,0.12901843711733818,0.01400817185640335,,0.12901843711733818,0.9350291771256755,0.9350291771256755,,,1.0000000000000002,1.1172970563100093,30,2.1799903069834343,0.2600524085558598,False,0.0014663296524051461,0.03837344518950553,15,0.00284940048380658,6,0.0014663296524051461,5,-0.02540710688968595,-0.021021217198406106,,0.0,0.001414012230808827,,0.023435443024409384,0.031443064163288646,0.06722312633992085,0.0357800621766322,0.06826278361491246,0.02115130881399317,0.026889081374842517,0.07441269781939214,0.047523616444549624,0.0804203219721268,0.022032702165526892,0.617748317886891|0.9118463551719809|0.5023142811734215,0.8887191295132987|0.5595295964498548|0.13775706151596329,0.44048278011671427|0.5023403086786673|0.13554022745689084
26,,contact,4,0.1353352832366127,2,2,0,0,2,0,2,,0.1461968240328133,0.002682802965864539,0.12898521590977907,0.014500763965770602,,0.12898521590977907,0.9583328543515512,0.9583328543515512,,,1.0,1.3549793417460239,28,6.3147762774500436,0.7726507689540076,False,0.0011207872356819026,0.038165760348185335,15,0.0011607672289883075,6,0.0011207872356819026,5,-0.026995580740940994,-0.024651834017205942,,0.0,0.0012876859762754752,,0.023447094265373686,0.02728719847017925,0.06605557531136033,0.03876837684118108,0.06933307567325356,0.020869985861275864,0.024626742472030148,0.07217486595874258,0.04754812348671243,0.07989420403301749,0.021432588732434973,0.6184938930075023|0.9098428228868295|0.5026833889459424,0.8885357525682468|0.5604414948530811|0.13776998151392794,0.44118881198329457|0.5094173288449565|0.13534398046930066
27,,contact,3,0.32465246735834974,2,2,0,0,2,0,2,right_hand|left_hand,0.14477811194956303,0.0026944908313453197,0.12742156302556396,0.014629007084295154,,0.12742156302556396,0.9846105685728094,0.9846105685728094,,,0.9999999999999998,1.8057332306982972,29,14.658146850780556,1.7702507328259944,True,0.0014757624265452907,0.038108331046107974,14,0.0014757624265452907,5,0.0010079838537928598,5,-0.03217585195390349,-0.026819206046708288,,0.0,0.0013556714557520348,,0.023478036309752894,0.026344933036570133,0.0645486465219496,0.03820371348537946,0.06788808375954117,0.020533749101874145,0.024136155590451434,0.07086190567305643,0.046725750082605,0.0772972675938063,0.02129973989249205,0.6189609264219316|0.9097073960410795|0.5023392446050228,0.8881177702832141|0.5692424864404175|0.13793810860567737,0.4422929079471621|0.5127416745104668|0.13519743031848167
28,,contact,2,0.6065306597126334,2,2,0,0,2,0,2,right_hand|left_hand,0.1696404570247978,0.002674213144928217,0.15213646297343075,0.01479532802477479,,0.15213646297343075,0.9996293173765753,0.9996293173765753,,,1.0,2.4015987003921806,29,25.498314818673133,3.0794077145693457,True,0.0011414724241025492,0.03812916588872342,15,0.0011414724241025492,6,0.0010148141627173424,5,-0.03282957795876129,-0.028845427780423094,,0.0,0.0014145788813960955,,0.023302188558534304,0.02473398841874053,0.06324945135799034,0.03851546293924982,0.06617058264452236,0.020435511772766413,0.022772098598587653,0.06945893085119847,0.04668683225261082,0.07500112520354668,0.02112686217895755,0.6175436482925558|0.9089038109886661|0.5050919005407207,0.8872693297323936|0.5654419676950032|0.1380515420527342,0.4438152454013214|0.5137124827627002|0.13504155292794
29,,contact,1,0.8824969025845955,2,2,0,0,2,0,2,right_hand|left_hand,0.1459515921305865,0.0026903129182755947,0.1285957300569862,0.01463529490865767,,0.1285957300569862,1.0060403598900256,1.0060403598900256,,,1.0000000000000002,2.910452766797455,29,34.75554456519984,4.197394722719348,True,0.0013533125497705578,0.03787178953607098,13,0.0013533125497705578,5,0.0010274213678062166,4,-0.03384781117767588,-0.032109244433616624,,0.0,0.0014132518016165146,,0.023285766297817242,0.025322629422426395,0.0640224603719341,0.0386998309495077,0.06291070353803593,0.02056115953719389,0.022617856403851232,0.06624069184067358,0.04362283543682234,0.0716224059314297,0.021312914892178306,0.6196513875854861|0.9093453704662791|0.5081260821949346,0.8865217319269835|0.5646511039008987|0.13806765412960478,0.44643263253453636|0.5127009173979968|0.13523813311131022
30,contact,contact,0,1.0,2,2,0,0,2,0,2,right_hand|left_hand,0.14551931619644165,0.0026403008960187435,0.12833592481911182,0.014510218985378742,,0.12833592481911182,0.9656671330851527,0.9656671330851527,,,1.0,3.1081081081081083,29,38.35135135135135,4.631656956757916,True,0.0009984218747418616,0.0381294357134965,13,0.0009984218747418616,5,0.000992349166753767,4,-0.03418797596354395,-0.03454627856756609,,0.0,0.0013986990038253888,,0.023080821711439544,0.02569152784587973,0.06391303601904738,0.03822150817316765,0.05766904464302492,0.019987131973579163,0.02207419619357838,0.06317844951228901,0.041104253318710635,0.06763377239447564,0.02142755808450006,0.6190962830286699|0.9075277154550059|0.5112225699521523,0.8840271136201353|0.56122250707855|0.13796098858552847,0.4486687960694372|0.5092127236056737|0.13542102437463305
31,contact,contact,1,0.8824969025845955,2,2,0,0,2,0,2,right_hand|left_hand,0.14561565313488245,0.0026488571893423796,0.12836692295968533,0.014563916018232703,,0.12836692295968533,0.8838918552057603,0.8838918552057603,,,1.0,2.928383982443302,28,34.304287585445046,4.197335426745566,True,0.005560598810243303,0.03820852320566756,14,0.005560598810243303,5,0.0014367575541275046,5,-0.03508463139885798,-0.03680770129512467,,0.0,0.0013769024758789115,,0.022787872671253324,0.025699321141880678,0.06469466631957983,0.038995345177699155,0.052497446924628516,0.019490027087768515,0.021329846123886942,0.06057557196605463,0.039245725842167685,0.0596996356460264,0.020417177461066017,0.6210697277960047|0.9048336509315404|0.5132110720988198,0.8820784779209684|0.5607348483186345|0.13792540043626456,0.45122206740297877|0.5085523470410565|0.13530811074329072
32,contact,contact,2,0.6065306597126334,2,2,0,0,2,0,2,right_hand|left_hand,0.14614677312783897,0.002688345033675432,0.12873283005319536,0.014693209901452065,,0.12873283005319536,0.8038603170256307,0.8038603170256307,,,1.0,2.4015987003921806,29,25.498314818673133,3.0794077145693457,True,0.0011776302375362119,0.03883060826674892,15,0.0011192971465764923,6,0.0011776302375362119,5,-0.037349079559753307,-0.03327910423178437,,0.0,0.0013546332591971323,,0.02237748845215692,0.02620099128199984,0.06702307513497605,0.040822083852976206,0.044802260642465654,0.018531197063964455,0.02211831179660422,0.06107566824836532,0.0389573564517611,0.05423432853703532,0.020853536201538486,0.6234422159372262|0.8984548479340284|0.5167538427772087,0.8788672058610077|0.5588207402144594|0.13798238310392533,0.4522049192451753|0.5038699336735821|0.13489749567926582
33,contact,contact,3,0.32465246735834974,2,2,0,0,2,0,2,right_hand|left_hand,0.1499187268782407,0.002707927953451872,0.13251917995512486,0.014661154011264443,,0.13251917995512486,0.738803900561731,0.738803900561731,,,1.0,1.8104085715548444,28,14.416469413474035,1.7639415378339618,True,0.0012354233243406648,0.040578898062396784,12,0.0012354233243406648,6,0.000984420962072144,2,-0.03566095436778838,-0.030016477665931518,,0.0,0.0012656323749249358,,0.021965480538489686,0.026911834767950258,0.0609909928579802,0.03407915809002994,0.038290070233983634,0.018183147035431085,0.022946397203677464,0.05582054788560694,0.032874150681929476,0.04738128258979226,0.020179370724259446,0.6212522416415939|0.8904039075560496|0.5203674384114146,0.8759144598090789|0.5526722036319395|0.13803404052403662,0.4525222276700782|0.5067898748463403|0.1342870651763424
34,contact,contact,4,0.25,2,2,0,0,2,0,2,right_hand|left_hand,0.17458259407430887,0.0026547000743448734,0.15709851612336934,0.014789682114496827,,0.15709851612336934,0.7183392101988803,0.7183392101988803,,,1.0,1.6328600405679514,29,11.513184584178498,1.390436571197103,True,0.0012891816219334495,0.04070479328238033,10,0.0012891816219334495,6,0.0,0,-0.03306595240466237,-0.031196179357257492,,0.0,0.0014082562395586456,,0.021804623398971174,0.027928037298889173,0.06402244950327851,0.03609441220438934,0.042318382753481674,0.017519806612888204,0.024002788856349398,0.04836139780260862,0.02435860894625922,0.0368819172244669,0.02117132064584818,0.6238435868293505|0.8930576021957929|0.529353288303083,0.8786355313043691|0.5532965332258345|0.1521706571483712,0.459501086625832|0.5026614009791074|0.1375351595724568
35,contact,contact,5,0.25,2,2,0,0,2,0,2,right_hand|left_hand,0.14812795398756862,0.0026186390314251184,0.13097121194005013,0.01450349111109972,,0.13097121194005013,0.7081301505493894,0.7081301505493894,,,1.0,1.6328600405679514,29,11.5131845841785,1.390436571197103,True,0.0014498650900697692,0.03982476760086451,11,0.0014498650900697692,6,0.00032563108980256106,1,-0.03257344601269985,-0.0326381462067733,,0.0,0.0012437329614879554,,0.02182216399602439,0.029322161609551225,0.06324475068343169,0.03392258907388046,0.042537655737713356,0.017569255013703884,0.025333554594958,0.04766428070134279,0.022330726106384792,0.0336835795142499,0.02121364050597651,0.6231367897061104|0.8952192669557838|0.5450271870456322,0.8781522479426639|0.5457950065831119|0.17024165121024573,0.46005753514692393|0.4991807989241722|0.15603526168400844
36,contact,contact,6,0.25,2,2,0,0,2,0,2,right_hand|left_hand,0.1463937710504979,0.002641953993588686,0.1292623949702829,0.01445763697847724,,0.1292623949702829,0.6923398168321907,0.6923398168321907,,,1.0,1.6328600405679514,29,11.5131845841785,1.390436571197103,True,0.006420186173973039,0.038867077487734464,11,0.006420186173973039,6,0.0009217123464830557,1,-0.03272104644336693,-0.03551113968573283,,0.0,0.0014120391616924864,,0.021635660325221805,0.03130343505431578,0.06174436609248027,0.03044093103816449,0.03997547433038818,0.017505110705561485,0.026588516920129236,0.04623725138875978,0.019648734468630545,0.031896762163996194,0.020908220808286308,0.6225774941530916|0.8958027482375299|0.5651644904112472,0.8766479226779372|0.5371258177144411|0.18973886586893907,0.4594955765655623|0.49905163967228217|0.17926837578374086
37,contact,contact,7,0.25,2,2,0,0,2,0,2,right_hand|left_hand,0.14219548110850155,0.0026280249003320932,0.12562408996745944,0.013911721063777804,,0.12562408996745944,0.6780228042301417,0.6780228042301417,,,1.0,1.6295546558704452,30,11.700404858299596,1.395748620868797,True,0.0016680682705397035,0.03730323912872638,11,0.0016680682705397035,6,0.0006738725111805621,1,-0.03359480449612384,-0.03205670114579462,,0.0,0.0014913830628641334,,0.021535660546524598,0.03375589518207893,0.06192345704587951,0.02816756186380058,0.03773055945452685,0.017700223543790437,0.02796416232611147,0.048454705918514265,0.020490543592402797,0.03348886668751509,0.020509661166191847,0.6184951883420454|0.8952818868695175|0.5857196164205943,0.8747777581885268|0.5316900517101264|0.2143914734920701,0.4547522434268352|0.49821966756532765|0.19990065619544245
38,contact,contact,8,0.25,2,2,0,0,2,0,2,right_hand|left_hand,0.14247950515709817,0.002670054091140628,0.12543868809007108,0.01433649007230997,,0.12543868809007108,0.6573847595001293,0.6573847595001293,,,1.0,1.6328600405679514,29,11.513184584178502,1.390436571197103,True,0.004548073729250368,0.03562326619232736,10,0.004548073729250368,5,0.0009831016762228417,1,-0.032386782570760886,-0.03342529512587866,,0.0,0.0014194296652721486,,0.021363302268925577,0.036744128846563404,0.06395293199846952,0.027208803151906116,0.03644310788802405,0.018345957095362762,0.02991824115629804,0.047254651751305235,0.017336410595007196,0.03171618219943391,0.021504649913277878,0.6182820501342162|0.8929973496809589|0.6055518248776595,0.8721296486473866|0.5344340351888189|0.2350169937677803,0.4535197676147422|0.49765936456322024|0.22407642118809923
39,contact,contact,9,0.25,2,2,0,0,2,0,2,right_hand|left_hand,0.13753659185022116,0.0026616868562996387,0.12038937211036682,0.01445402903482318,,0.12038937211036682,0.6465008751712095,0.6465008751712095,,,1.0,1.6295546558704452,30,11.700404858299594,1.395748620868797,True,0.004865513450823852,0.03415749568681109,11,0.004865513450823852,6,0.0009083163395431776,1,-0.03431529167732528,-0.03203580161610553,,0.0,0.0014581379025055356,,0.021294805073162917,0.03939630956635782,0.0618393742824103,0.02244306471605248,0.03247110682401427,0.01831965424780373,0.03153447099792206,0.048575603360775786,0.017041132362853727,0.031505723285201216,0.021203660271786513,0.615188903778514|0.8923421559198997|0.6266807127232079,0.8681067150222783|0.5282093336205861|0.2675041486217007,0.4491682870870655|0.4933393361230014|0.2523996843056655
40,contact,contact,10,0.25,2,2,0,0,2,0,2,right_hand|left_hand,0.15421847393736243,0.0026525589637458324,0.13718255213461816,0.014351703925058246,,0.13718255213461816,0.6491507764724455,0.6491507764724455,,,1.0,1.6262626262626265,31,11.878787878787874,1.4006572130636732,True,0.0034670115081321534,0.03277130488407079,13,0.0034670115081321534,6,0.0010879447778295859,1,-0.03198532655188657,-0.03142180735128264,,0.0,0.0014491455980869122,,0.021340223612848156,0.041099633093159775,0.06325876344969404,0.022159130356534266,0.034014942146041366,0.018774054277167492,0.033285816620185815,0.04922836427538504,0.015942547655199223,0.030929193458620902,0.021313832640145018,0.6121242900578299|0.891389106695029|0.6456068862249208,0.864795763355786|0.5301357081722136|0.29542146405228387,0.4451840894527914|0.4901672681440443|0.2837113979436378
41,contact,contact,11,0.25,2,2,0,0,2,0,2,right_hand|left_hand,0.13043074891902506,0.0027161878533661366,0.11340831499546766,0.014274415792897344,,0.11340831499546766,0.6459481069326398,0.6459481069326398,,,1.0,1.622983870967742,32,12.048387096774194,1.4051710654596452,True,0.0037293489829772763,0.03165420348509834,13,0.0037293489829772763,6,0.0007858200376231889,1,-0.032147142996780786,-0.030198572855248074,,0.0,0.0014169990792186325,,0.021374601512721764,0.043174152491047266,0.0617707747447881,0.018596622253740834,0.03132971247593381,0.01887662545523311,0.03532677739183851,0.05060818265180178,0.015281405259963271,0.029795713846650664,0.021304061745044352,0.6061652199303718|0.8877894808693938|0.662978581966879,0.859916880708884|0.528127004245227|0.32832660408203473,0.4408241975176012|0.48914776838941393|0.3139466782151387
42,contact,contact,12,0.25,2,2,0,0,2,0,2,right_hand|left_hand,0.13018214097246528,0.002700108103454113,0.11322802794165909,0.014221995137631893,,0.11322802794165909,0.6414764127987698,0.6414764127987698,,,1.0,1.6262626262626265,31,11.878787878787875,1.4006572130636732,True,0.002916087714250476,0.031114207912575464,13,0.002916087714250476,7,0.0,0,-0.03037691380188967,-0.028780874560105474,,0.0,0.0014105436041800294,,0.021339770224865655,0.04431518889612136,0.0636073084053338,0.019292119509212433,0.032948468616353706,0.01878046389057852,0.03730398362212385,0.0512524996801717,0.013948516058047845,0.028015378637474334,0.02140766281285466,0.60367535013652|0.8858699595836239|0.6768690399900572,0.8569962205527152|0.5292208995626262|0.3603938095295255,0.43721485274346655|0.4855117859741838|0.3466242500107914
43,contact,contact,13,0.25,2,2,0,0,2,0,2,right_hand|left_hand,0.12951425183564425,0.0026879380457103252,0.11303522810339928,0.013760564848780632,,0.11303522810339928,0.6452013038748163,0.6452013038748163,,,1.0,1.6262626262626265,31,11.878787878787875,1.4006572130636732,True,0.001862702225011649,0.030796123012039434,14,0.001862702225011649,8,0.0,0,-0.02792497743728184,-0.026685106963743266,,0.0,0.0014206228041733077,,0.02136009111695006,0.04515242212278731,0.06708395144633282,0.021931529323545508,0.036194205650736236,0.018666479402153824,0.038905617084151564,0.05290263273458776,0.013997015650436193,0.028141160796666138,0.021663257600927213,0.5991614484137466|0.8841285064260614|0.6886651288603642,0.8555832508005263|0.5312327277280078|0.39437412401608407,0.43221278295721405|0.4848717709046072|0.37895552229479373
44,contact,contact,14,0.25,2,2,0,0,2,0,2,right_hand|left_hand,0.1287892779801041,0.0026612619403749704,0.11249323305673897,0.013599134981632233,,0.11249323305673897,0.6265730575084216,0.6265730575084216,,,1.0,1.6262626262626265,31,11.878787878787875,1.4006572130636732,True,0.003748862493244437,0.030586260888551264,13,0.003748862493244437,7,0.0,0,-0.03005341366236891,-0.026012080993071507,,0.0,0.001442346102814245,,0.02116313675473697,0.04558979301930462,0.06533329314499518,0.019743500125690566,0.03524594845043444,0.018788579112202015,0.039558003577122504,0.05423876645613291,0.014680762879010406,0.029340990262724572,0.02128520394038475,0.5903949482177933|0.8880585300193533|0.6986114398281914,0.8502020635290543|0.5294271650257734|0.4303525411127296,0.4262397437349402|0.4848164937637304|0.4130575890828434
45,contact,contact,15,0.25,2,2,0,0,2,0,2,right_hand|left_hand,0.12807609187439084,0.002715046051889658,0.11176151409745216,0.013565490022301674,,0.11176151409745216,0.6401242509493947,0.6401242509493947,,,1.0,1.6262626262626265,31,11.878787878787875,1.4006572130636732,True,0.0021768120087889697,0.02937308825856194,12,0.0021768120087889697,6,0.0,0,-0.02928908431362487,-0.025622781119002624,,0.0,0.00137971715703944,,0.021364138430542867,0.045321410987796004,0.06762285303144464,0.02230144204364863,0.038364534024586235,0.01895234683721899,0.03955574037981286,0.055142818322037705,0.015587077942224845,0.03046822915098624,0.021399281538300223,0.5832677489106219|0.8883819330653437|0.7089348526417011,0.8464061356120467|0.5316422013283363|0.4617603330637207,0.42074585961556654|0.4846341227373044|0.44481657827291193
46,contact,contact,16,0.25,2,2,0,0,2,0,2,right_hand|left_hand,0.12808239203877747,0.0026879229117184877,0.11183641408570111,0.01352684898301959,,0.11183641408570111,0.6680538585992194,0.6680538585992194,,,1.0,1.6262626262626265,31,11.878787878787875,1.4006572130636732,True,0.004214875625160236,0.029998298646253113,14,0.004214875625160236,8,0.0,0,-0.02813983252433161,-0.027463842319447096,,0.0,0.001428960092265012,,0.021669448404216262,0.045371744869698076,0.06957472131127568,0.024202976441577602,0.041139806613023834,0.018533557905740187,0.039796004214663484,0.05418759035205199,0.014391586137388508,0.029539400437807655,0.02177700232743891,0.5754654266154728|0.8830865363787922|0.7154568568530639,0.8429962820683472|0.5321394076430823|0.4931986347820647,0.41661625710974565|0.4832823334029186|0.4770314779976671
47,contact,contact,17,0.25,2,2,0,0,2,0,2,right_hand|left_hand,0.12766810413450003,0.002666036132723093,0.111417590174824,0.013552965130656958,,0.111417590174824,0.6953373252082017,0.6953373252082017,,,1.0,1.6262626262626265,31,11.878787878787875,1.4006572130636732,True,0.0018437184421593728,0.030883826395388336,16,0.0018437184421593728,11,0.0,0,-0.028038886893918757,-0.024753747547036298,,0.0,0.0014212015200090102,,0.021993186974717017,0.04539990454306814,0.07003886127783997,0.02463895673477183,0.04249677400746308,0.018958795580273764,0.04030086310138736,0.05634654204319766,0.016045678941810297,0.030808970865446837,0.021572848571041636,0.5658553631351121|0.8784759439149789|0.7198830996545288,0.8377375283989147|0.5322256729505636|0.522956901203667,0.4099764247463345|0.48456014985877593|0.5032093585733498
48,contact,contact,18,0.25,2,2,0,0,2,0,2,right_hand|left_hand,0.12797257886268198,0.0026761330664157867,0.11181750311516225,0.013447935925796628,,0.11181750311516225,0.7342527169579562,0.7342527169579562,,,1.0,1.6262626262626265,31,11.878787878787875,1.4006572130636732,True,0.0014117194632525844,0.03211720896809617,15,0.0014117194632525844,9,0.00021696091231272752,2,-0.028569854516680593,-0.02340422143740639,,0.0,0.0014406283448306922,,0.022463329432458247,0.045355222799172264,0.07049637882284326,0.025141156023671,0.04385719185239682,0.018778148755271337,0.04045546363171159,0.05711599621318359,0.016660532581472,0.030669442632724985,0.022115327452409565,0.5561528289773261|0.8700204249330673|0.7227296851596778,0.8315169655693125|0.5326312553225198|0.5495744045035111,0.405186503993765|0.4846015043449028|0.5268776045894198
49,contact,lift,17,0.25,2,2,0,0,2,0,2,right_hand|left_hand,0.12679922697134316,0.002704399172216654,0.11060151108540595,0.013462431961670518,,0.11060151108540595,0.7348767051939304,0.7348767051939304,,,1.0,1.6262626262626265,31,11.878787878787875,1.4006572130636732,True,0.0026765225418361183,0.033103600389710996,16,0.0026765225418361183,11,0.0009767220281906575,2,-0.0292007477791838,-0.02404613448708126,,0.0,0.0014430219773709219,,0.022449663667853642,0.04411848653710435,0.07012710942404672,0.02600862288694237,0.04416795514388608,0.018607169827927407,0.04059159351652607,0.057336267770750064,0.016744674254223997,0.031202601074006103,0.021510481623629323,0.5513370828522491|0.8602008427709088|0.7250399830593495,0.8252445755603524|0.5301882195671366|0.5723729373528788,0.39989826299547665|0.4849000295630631|0.5523489918325372
50,contact,lift,16,0.25,2,2,0,0,2,0,2,right_hand|left_hand,0.1500374530442059,0.0026590090710669756,0.13385738292708993,0.013488712953403592,,0.13385738292708993,0.7342234768972974,0.7342234768972974,,,1.0000000000000002,1.622983870967742,32,12.048387096774194,1.4051710654596452,True,0.0014127870735782047,0.033409256554382954,13,0.0014127870735782047,9,0.0008779053302312712,2,-0.029947502589175556,-0.02201248316417903,,0.0,0.0014492735352041838,,0.022394800833608005,0.04299833347474767,0.07137252102428766,0.028374187549539992,0.04681018048049934,0.017833557703798655,0.039546160245616836,0.059291210225208085,0.01974504997959125,0.034041304467333555,0.020727850986825922,0.5438637646175162|0.8508319364655278|0.7284643189095505,0.8185465587312258|0.5293402879967553|0.590456045162237,0.3940114977709611|0.487029338463322|0.571321542604106
51,contact,lift,15,0.25,2,2,0,0,2,0,2,right_hand|left_hand,0.1262034650426358,0.0026770250406116247,0.11025628005154431,0.013235149206593633,,0.11025628005154431,0.7573038971969633,0.7573038971969633,,,1.0,1.6197183098591548,33,12.209255533199196,1.4092983939419408,True,0.0014271053907534553,0.034466704148851834,14,0.0014271053907534553,9,0.001262937650173157,3,-0.03218049087888808,-0.02213595261188317,,0.0,0.0014313834975975492,,0.022675606531129443,0.0430331024640381,0.07511386744406226,0.03208076498002416,0.048990551163844834,0.017445462718882254,0.0389231022401135,0.05980995412839626,0.020886851888282758,0.035147430693712435,0.021204052511037134,0.5381115927541061|0.8367991945485265|0.7308768447536248,0.8113262430284617|0.5313157314949102|0.6060069824130484,0.3888745469012982|0.48627787971237096|0.5894469171673002
52,contact,lift,14,0.25,2,2,0,0,2,0,2,right_hand|left_hand,0.11942107602953911,0.002689219079911709,0.10363778681494296,0.01306163496337831,,0.10363778681494296,0.730808390862279,0.730808390862279,,,1.0,1.6164658634538154,34,12.361445783132522,1.4130469440546405,True,0.003081312322836663,0.03454601499421084,14,0.003081312322836663,10,0.0009693016355413892,2,-0.031471949245432285,-0.02343453287520525,,0.0,0.0013766498321817588,,0.022296201690863982,0.04354814501566332,0.07769079255222545,0.03414264753656213,0.05179214111505365,0.016944383150903197,0.03888576392798141,0.060048351955649476,0.021162588027668065,0.035642347861399234,0.02094420246940092,0.5330677041679316|0.8225109318296869|0.7307806439901182,0.8068148560512846|0.5275937521277493|0.6192651548923191,0.3831621854856109|0.48692136601734715|0.607675615140545
53,contact,lift,13,0.25,2,3,1,1,2,1,3,right_hand|left_hand,0.1798139929305762,0.0026638261042535305,0.15743622207082808,0.01330590806901455,,0.15743622207082808,0.726083489329976,0.727745689458029,0.03827147971120977,0.02172087697383191,0.9999999999999999,1.6132264529058116,35,12.50501002004008,1.4164240194884878,True,0.0014507181049384088,0.035052523393794416,14,0.0014507181049384088,9,0.0010167581047679647,3,-0.03010896326129675,-0.021718720786953583,,0.0,0.0013768422291545426,,0.022200026801673583,0.0439225774101812,0.08218392270384768,0.03826134529366648,0.05407901010591454,0.01642742843204644,0.03883741285180156,0.0617356828705755,0.02289827001877394,0.03695150198745863,0.020737964905120424,0.5281042290412242|0.8110939246515343|0.7315721130614258,0.8017075005071955|0.5266056400836657|0.6292374641264412,0.37787822634019896|0.4856325842714002|0.6186036614481081
54,contact,lift,12,0.25,2,2,0,0,2,0,2,right_hand|left_hand,0.11937851295806468,0.002692099893465638,0.10335102607496083,0.013302641222253442,,0.10335102607496083,0.717870274148217,0.717870274148217,,,0.9999999999999999,1.6132264529058116,35,12.50501002004008,1.4164240194884878,True,0.003505076548526928,0.03568748009362421,15,0.003505076548526928,10,0.0010261440196705912,3,-0.029350282638057834,-0.02351660391488508,,0.0,0.0013651077981438097,,0.0221037145849461,0.04456305780223359,0.08340517256103044,0.038842114758796856,0.054966920987034096,0.016380048594786575,0.03914922911374541,0.060337590090637154,0.021188360976891744,0.03518894060565747,0.020642908558350173,0.5235897912005579|0.7963064660540495|0.733030808673549,0.7973541363249341|0.5208926482373702|0.6392923931581542,0.3737313636080672|0.47854587645226826|0.6333058700665892
55,contact,lift,11,0.25,2,2,0,0,2,0,2,right_hand|left_hand,0.11929756100289524,0.0026651080697774887,0.10352596617303789,0.013075334951281548,,0.10352596617303789,0.7107251574808726,0.7107251574808726,,,0.9999999999999999,1.6132264529058116,35,12.50501002004008,1.4164240194884878,True,0.001443805352616248,0.03590881144660152,13,0.001443805352616248,9,0.001019598423044124,2,-0.02935433625803263,-0.023574028915483325,,0.0,0.0013526784777218468,,0.022037103256030144,0.045977777571562344,0.08329017867911037,0.03731240110754803,0.05393145888994947,0.016281503223869058,0.039528284363214,0.06044694589797301,0.020918661534759013,0.03451156955446313,0.020872364284639563,0.5193916282244692|0.7822005880716867|0.7341101947078771,0.7932223169530616|0.5134673604620187|0.649522625725888,0.36938707581447633|0.47223288259097135|0.6426164585198754
56,contact,lift,10,0.25,2,2,0,0,2,0,2,right_hand|left_hand,0.11911199404858053,0.0027093871030956507,0.1032039001584053,0.013165550073608756,,0.1032039001584053,0.7175752115609922,0.7175752115609922,,,0.9999999999999999,1.6132264529058116,35,12.50501002004008,1.4164240194884878,True,0.001446440269796248,0.03619951866694149,14,0.001446440269796248,9,0.0013776266596989828,3,-0.029542675343606106,-0.023614590299688487,,0.0,0.0013546023292769509,,0.022169653965700118,0.046856424441654033,0.08434361545980615,0.037487191018152115,0.054531637603810725,0.016844923867654425,0.040072941428593856,0.06041954281288516,0.020346601384291306,0.03365704921509675,0.02105765105874181,0.5174696603023531|0.768419952344653|0.7353721780715728,0.7882035525815826|0.5076542883993846|0.6570036420041858,0.36571156302185553|0.4642174390975061|0.6490740602854218
57,contact,lift,9,0.25,2,2,0,0,2,0,2,right_hand|left_hand,0.11738010193221271,0.002598476130515337,0.10160096106119454,0.013146037003025413,,0.10160096106119454,0.720501609143696,0.720501609143696,,,0.9999999999999999,1.6132264529058116,35,12.50501002004008,1.4164240194884878,True,0.0024283716840537532,0.0367629191477839,16,0.0024283716840537532,11,0.0009975428956683213,2,-0.02978984119114436,-0.024030999523569463,,0.0,0.0013593922162683058,,0.02225956006626816,0.047106205861016825,0.08441614646477254,0.03730994060375571,0.05544482470406735,0.017119873970059134,0.04059147177297748,0.0601543358697453,0.019562864096767822,0.032898015632088114,0.021384136140209287,0.5140392455766531|0.7551112465447195|0.7365736899155994,0.7849137261487085|0.4990216494593062|0.6644413975040678,0.3626134856800786|0.45480749679768623|0.653090905557754
58,contact,lift,8,0.25,2,2,0,0,2,0,2,right_hand|left_hand,0.11695037293247879,0.002677431097254157,0.10143855400383472,0.012805190868675709,,0.10143855400383472,0.7303528440862905,0.7303528440862905,,,0.9999999999999999,1.6132264529058116,35,12.50501002004008,1.4164240194884878,True,0.0018832876115022074,0.03753874426040846,16,0.0017378151933950328,11,0.0018832876115022074,2,-0.02915147750405822,-0.024740018433695,,0.0,0.0013445427860889975,,0.02240511239374095,0.04747470353695365,0.08552797109747297,0.03805326756051932,0.05683054517785616,0.01718957605605034,0.041238220421284645,0.059601834388861775,0.01836361396757713,0.03183313809115247,0.021625739662978944,0.5132365452343389|0.7429954001593653|0.7346594853420938,0.7809445183956586|0.48907186416460274|0.6645702011480499,0.36030496881314134|0.4449219783956027|0.6547250183646367
59,contact,lift,7,0.25,2,2,0,0,2,0,2,right_hand|left_hand,0.1159605800639838,0.00272404495626688,0.1005202739033848,0.012686239089816809,,0.1005202739033848,0.7291021068509606,0.7291021068509606,,,0.9999999999999999,1.6132264529058116,35,12.50501002004008,1.4164240194884878,True,0.0014870801618375971,0.038408911747978225,18,0.0014870801618375971,13,0.0010888997472321693,2,-0.029328923197743606,-0.023608977726466307,,0.0,0.0013412945295173766,,0.022415771563716082,0.04783961738034645,0.08521414667156565,0.037374529291219205,0.05672087433178954,0.017053539200471153,0.041370924921126,0.06040640225398696,0.019035477332860963,0.03251181867292381,0.02177733360825879,0.5110610905818211|0.7293509169477655|0.732289944754055,0.7775429369263278|0.47699508413930647|0.6662686230531316,0.3570577025138321|0.43367160804171706|0.6527295819855269
60,contact,lift,6,0.25,2,2,0,0,2,0,2,right_hand|left_hand,0.11830946407280862,0.002747461898252368,0.10236015007831156,0.013171114958822727,,0.10236015007831156,0.7265045621311311,0.7265045621311311,,,0.9999999999999999,1.6132264529058116,35,12.50501002004008,1.4164240194884878,True,0.0016395236835483051,0.03922829766216418,18,0.0016395236835483051,14,0.0011590945492735982,1,-0.02904907091374831,-0.026686734533331702,,0.0,0.00134303137754359,,0.022383689983359215,0.04849226055337269,0.08642352315386705,0.037931262600494356,0.05758314945082858,0.016983305928205596,0.041350422090621605,0.05755599385066748,0.016205571760045875,0.03378320109241581,0.02198937377748122,0.5098587617626084|0.7147893774615838|0.7297377506604614,0.7735571219923977|0.46573556892854373|0.6647296613609052,0.35598472215100035|0.41822607919585136|0.6539212662023761
61,contact,lift,5,0.25,2,2,0,0,2,0,2,right_hand|left_hand,0.11919888900592923,0.002727314131334424,0.10312139801681042,0.013318147044628859,,0.10312139801681042,0.7129284809100852,0.7129284809100852,,,1.0000000000000002,1.61,36,12.640000000000004,1.4194365079143205,True,0.001741254150265107,0.04000970817386432,15,0.001741254150265107,11,0.0011480710179028603,1,-0.029226995501048236,-0.02710400500458121,,0.0,0.0013390893767405234,,0.0221980249177337,0.04899456267311318,0.08648672887587895,0.03749216620276577,0.05713584817461889,0.017000383598152924,0.04132883089483988,0.05717795892078842,0.01584912802594854,0.03291317291421709,0.022074456543039987,0.5079877468973942|0.699303189852658|0.726773218750721,0.769924865245416|0.45304698525869197|0.6643429940607845,0.3525189747319602|0.40294305207187603|0.6533398079180951
62,contact,lift,4,0.25,2,2,0,0,2,0,2,right_hand|left_hand,0.11928413296118379,0.0027479249984025955,0.10327712399885058,0.013227746123448014,,0.10327712399885058,0.6988344370632138,0.6988344370632138,,,1.0000000000000002,1.61,36,12.640000000000004,1.4194365079143205,True,0.0020710215186975217,0.04073779467639202,16,0.0020588842864386614,11,0.0020710215186975217,2,-0.029705367748398714,-0.027932107502191883,,0.0,0.001342823869396853,,0.022038248552030532,0.049394518204468864,0.08440918133253492,0.03501466312806605,0.055263298933850444,0.016873274825368698,0.04091367850967092,0.05615140408538105,0.015237725575710133,0.03202842125661408,0.021971804448806496,0.5093647249651306|0.6828618244029091|0.7239055888421175,0.7669098396444718|0.4371393924250119|0.6649864661720377,0.3500379852752939|0.38748864500266883|0.6532730374125225
63,contact,lift,3,0.32465246735834974,2,2,0,0,2,0,2,right_hand|left_hand,0.11891881702467799,0.002769719110801816,0.10275151394307613,0.013365379069000483,,0.10275151394307613,0.6882454556763609,0.6882454556763609,,,1.0000000000000002,1.7736699809936491,36,16.031456655343813,1.8002875673766623,True,0.0016441254056420752,0.041500369459520514,13,0.0016441254056420752,8,0.0013676883697020803,2,-0.029388509291413456,-0.0272930577189765,,0.0,0.0013379771163761773,,0.02188571267391951,0.049733938832591626,0.08385295109519182,0.034119012262600196,0.054027533527384354,0.01680525904882846,0.04040591621269891,0.055816045873717766,0.01541012966101886,0.03169068598525283,0.02173705563697139,0.5106545691481151|0.6667485835323127|0.7206107605489392,0.7635362896956619|0.4212051810062774|0.6624304027331686,0.3476605021889949|0.3719456505987403|0.6525438205355626
64,contact,lift,2,0.6065306597126334,2,2,0,0,2,0,2,right_hand|left_hand,0.14246073295362294,0.002752342028543353,0.12629342707805336,0.013380686054006219,,0.12629342707805336,0.6868562572305121,0.6868562572305121,,,1.0,2.328380167328632,36,27.525779204973627,3.09106771458294,True,0.0024732795041024873,0.042260056930922385,12,0.0024732795041024873,7,0.0015791556622587744,2,-0.029073629826397607,-0.02666557756813681,,0.0,0.0013310116981019313,,0.02187875986495574,0.05013678328391289,0.082054706442901,0.03191792315898811,0.0518059953587017,0.01669409059026837,0.03949828466078453,0.05498483488262787,0.015486550221843337,0.03111129914655121,0.02143565144506436,0.5122862018313498|0.6498826380343828|0.7167713972583991,0.760958933134549|0.4015968974610069|0.6606416001686453,0.3463406309467236|0.354852199554874|0.652104696345599
65,contact,lift,1,0.8824969025845955,2,2,0,0,2,0,2,right_hand|left_hand,0.11857682606205344,0.002796910936012864,0.10260226507671177,0.013144721044227481,,0.10260226507671177,0.6900645393627671,0.6900645393627671,,,1.0000000000000002,2.8073135376573504,35,36.85502116007144,4.174513824956884,True,0.002532110176120237,0.042920027666742355,11,0.002532110176120237,6,0.0013445330094285224,2,-0.02900018643970448,-0.025818466930115136,,0.0,0.0012935699122074587,,0.021833559026619764,0.05044326989977869,0.08112933365492833,0.030686063755149644,0.050380923045969646,0.016642041404626176,0.03849170584953987,0.05769772622795415,0.019206020378414283,0.033896673388177756,0.02069140272646196,0.5121395209071146|0.6320322662601836|0.7141185266166767,0.7588358090980889|0.3812220610113076|0.6598845734197807,0.34380262585148946|0.3444979713732047|0.6510968794583174
66,contact|lift,lift,0,1.0,2,2,0,0,2,0,2,right_hand|left_hand,0.12244514795020223,0.0027735340408980846,0.10651874705217779,0.013121034018695354,,0.10651874705217779,0.6979834377556017,0.6979834377556017,,,1.0000000000000002,2.987012987012987,35,40.51948051948052,4.5895817254854245,True,0.0024154218006923016,0.04290183732031563,11,0.0024154218006923016,6,0.0021809781970102554,2,-0.029392358186026257,-0.026875704532113076,,0.0,0.001465048151398284,,0.022010846738698863,0.051031612626181985,0.08071073207276015,0.029679119446578167,0.04884890707633821,0.016707281550102305,0.0376196995923931,0.05474467115148407,0.01712497155909097,0.03339737770391662,0.021059361467433185,0.5155677731985931|0.6124635829570613|0.7151804591050657,0.7569308911912497|0.36035822361026393|0.6614012733480079,0.34263587444164706|0.3213634782507139|0.657188990154612
67,lift,lift,1,0.8824969025845955,2,2,0,0,2,0,2,right_hand|left_hand,0.12278807908296585,0.002698367927223444,0.1068942011334002,0.013153181876987219,,0.1068942011334002,0.7180395660469557,0.7180395660469557,,,1.0000000000000002,2.8073135376573504,35,36.85502116007144,4.174513824956884,True,0.0023178795788753176,0.04268425021438266,10,0.0023178795788753176,6,0.0006299050745963847,1,-0.028806539872904935,-0.025528369272322493,,0.0,0.0014577574698828991,,0.02220666806827769,0.052160158948375626,0.08406452966731152,0.0319043707189359,0.04975207181849329,0.0166111657577348,0.037032972472281,0.059749431276598396,0.022716458804317392,0.035833910168256315,0.021213838425649213,0.5162571255616183|0.5931621511362382|0.7147603355818688,0.7555712136860038|0.3415591040341433|0.6610095888133297,0.3394705592065661|0.3131625793799582|0.6579526890249444
68,lift,lift,2,0.6065306597126334,2,2,0,0,2,0,2,right_hand|left_hand,0.12223169696517289,0.002727844985201955,0.10639428300783038,0.013078368036076427,,0.10639428300783038,0.7159364866024084,0.7159364866024084,,,1.0000000000000004,2.3385654261222752,35,27.29623614053267,3.091804360741831,True,0.004962645582851449,0.04311066294007504,10,0.002265828189996641,5,0.004962645582851449,2,-0.030147433049693362,-0.028034637479018798,,0.0,0.001456952634480733,,0.022327230573738668,0.053379002177505394,0.08162129976508463,0.028242297587579235,0.046227874814704015,0.016859162964510725,0.03671912429589608,0.05657178060534341,0.019852656309447332,0.033900065226404895,0.021392061426066002,0.5198604838975283|0.5697788548960657|0.7164136823696904,0.7530679769676896|0.3173625227969161|0.6660456744639872,0.33814808643974475|0.2901212278889635|0.6676758255021076
69,lift,lift,3,0.32465246735834974,2,2,0,0,2,0,2,right_hand|left_hand,0.12103841896168888,0.002730937907472253,0.10525969113223255,0.013014490017667413,,0.10525969113223255,0.7606178548773905,0.7606178548773905,,,1.0000000000000002,1.7781805544880556,35,15.868779934658395,1.797433270617648,True,0.002403296438639513,0.043705802372753705,11,0.00206016579868383,5,0.002403296438639513,2,-0.03019553770572081,-0.027204357446683147,,0.0,0.0014532445367094176,,0.02265596282024995,0.05388450247948265,0.08450152919464668,0.03061702671516403,0.048218747093822976,0.016931427148054887,0.03700867742774968,0.05867789438118348,0.021669216953433802,0.036092833919223286,0.021739281702521526,0.5238244749020611|0.548456000350062|0.7191004627194718,0.7534453529802667|0.29947898123095834|0.6718985756414287,0.33584106481316106|0.2752670300020478|0.6729730680574625
70,lift,lift,4,0.25,2,2,0,0,2,0,2,right_hand|left_hand,0.11567713716067374,0.002698339056223631,0.10032409592531621,0.01262161904014647,,0.10032409592531621,0.8634294535144608,0.8634294535144608,,,0.9999999999999999,1.6132264529058116,35,12.50501002004008,1.4164240194884878,True,0.00230329523253274,0.04465944183401424,11,0.001929870963940171,5,0.00230329523253274,2,-0.029890743758093308,-0.020373711040226894,,0.0,0.0014309257055307902,,0.02329483631077167,0.054745524450562334,0.08300233983420488,0.028256815383642546,0.0490566544056466,0.01688100638813693,0.03771509751251009,0.069083476098764,0.03136837858625391,0.04267386594639321,0.022354151603350195,0.5257770307503736|0.5293120990545912|0.7207109153062724,0.7536137597210592|0.2792804531620404|0.6765479838958577,0.3320994022806987|0.2705769445109362|0.670601019293435
71,lift,lift,5,0.25,2,3,1,1,2,1,3,right_hand|left_hand,0.16426680819131434,0.0026873580645769835,0.14275946305133402,0.012792455963790417,,0.14275946305133402,0.7455910619501627,0.735075346319896,0.024934748750934953,0.027609403780192235,0.9999999999999999,1.6132264529058116,35,12.50501002004008,1.4164240194884878,True,0.003703481624671906,0.0398331668265155,9,0.003703481624671906,4,0.0010098276337906081,2,-0.03158900324118541,-0.02989504633534068,,0.0,0.0011648925485860454,,0.02228254618218695,0.055322868465104334,0.0808124169046749,0.025489548439570568,0.04809179490955223,0.017412323403008252,0.03816458677540281,0.056552132867339525,0.018387546091936713,0.03248398566688114,0.021075347495031423,0.5262110721410654|0.4995550760062923|0.7276920963167025,0.7529612211808282|0.25753446273610553|0.686379781597968,0.33632616352125627|0.2408326040403801|0.6842216682377988
72,lift,lift,6,0.25,2,2,0,0,2,0,2,right_hand|left_hand,0.10850671702064574,0.0026378289330750704,0.09326609293930233,0.012570080114528537,,0.09326609293930233,0.6941188878839025,0.6941188878839025,,,0.9999999999999999,1.6132264529058116,35,12.50501002004008,1.4164240194884878,True,0.004188805824090952,0.035427859073346696,8,0.004188805824090952,5,0.0009575300174636814,1,-0.030625368247276796,-0.029830966583554996,,0.0,0.0012602392801773273,,0.022040617473397497,0.055568303809093826,0.08027254462119138,0.02470424081209755,0.04991559195441197,0.017326384149168237,0.03799352123234755,0.057699096913985795,0.019705575681638242,0.03303140372327427,0.0207783286586972,0.5300056775413183|0.47922451472150046|0.7305263527392294,0.7525638460163239|0.23866396525270056|0.6885115494600458,0.33563439906239717|0.22539975612511995|0.6872648360618362
73,lift,lift,7,0.25,2,2,0,0,2,0,2,right_hand|left_hand,0.11271892604418099,0.002629967173561454,0.09718630905263126,0.012871094979345798,,0.09718630905263126,0.6717968012821474,0.6717968012821474,,,0.9999999999999999,1.6132264529058116,35,12.50501002004008,1.4164240194884878,True,0.0014349812174968939,0.03538868463746267,10,0.0014349812174968939,7,0.0008874186974697912,1,-0.0303910927000981,-0.021573901115328198,,0.0,0.0011527116952391979,,0.021830935168859995,0.05525468948402768,0.0815173734604739,0.026262683976446217,0.04854664188788915,0.017518135575129448,0.037862509163204494,0.06479922871988099,0.026936719556676494,0.03965823013963961,0.020137025303958122,0.5332138692871015|0.4607934658784351|0.7329599141762488,0.7517536591345094|0.21534434182380185|0.6916605546935134,0.3299957518025721|0.21222151560949729|0.6870663401281236
74,lift,lift,8,0.25,2,2,0,0,2,0,2,right_hand|left_hand,0.11110937711782753,0.00270982482470572,0.09540705801919103,0.01296139694750309,,0.09540705801919103,0.6751988915558939,0.6751988915558939,,,0.9999999999999999,1.6132264529058116,35,12.50501002004008,1.4164240194884878,True,0.0014362225008928732,0.036084656489489525,10,0.0014362225008928732,7,0.0009715182511475379,1,-0.030894681375341904,-0.02162591210150211,,0.0,0.0011434053541516602,,0.021926126913999682,0.0552517462021013,0.08180673614231378,0.02655498994021248,0.04655425038023994,0.01825533670498651,0.03773448116883345,0.06403238150684697,0.02629790033801352,0.039355695102963315,0.01943687782673733,0.5362424261409262|0.440855726992315|0.7332348757357874,0.7499288588288767|0.19341030392738728|0.6941345263857326,0.3299455289599349|0.19400920386710802|0.689034215025681
75,lift,lift,9,0.25,2,2,0,0,2,0,2,right_hand|left_hand,0.11263807700015604,0.002721241908147931,0.09671013103798032,0.013174838852137327,,0.09671013103798032,0.685071094920317,0.685071094920317,,,0.9999999999999999,1.6132264529058116,35,12.50501002004008,1.4164240194884878,True,0.0014365788391893716,0.0363235777638391,10,0.0014365788391893716,7,0.0009439676174323175,1,-0.030586266474575297,-0.020814673105741477,,0.0,0.001136384973797111,,0.0220576077298209,0.05504233004156982,0.08282374540718732,0.0277814153656175,0.04576161555793922,0.01828254680571866,0.03780574298591345,0.06483687104455198,0.027031128058638526,0.04218283907141339,0.019434424468564037,0.5386962891824397|0.42265914014631295|0.7339091339028104,0.7485388492069687|0.17153683747028947|0.6956535853801075,0.32876473642442733|0.1779291228512885|0.6906614778280754
76,lift,lift,10,0.25,2,2,0,0,2,0,2,right_hand|left_hand,0.11879616021178663,0.002730702981352806,0.10177569999359548,0.01425721705891192,,0.10177569999359548,0.6818742990670825,0.6818742990670825,,,0.9999999999999999,1.6132264529058116,35,12.50501002004008,1.4164240194884878,True,0.0014375006103152475,0.03676873577935574,13,0.0014375006103152475,7,0.0009347675972867509,1,-0.03031235242958097,-0.020084265555944114,,0.0,0.001128412824013666,,0.021963988382239605,0.05502234518738768,0.08306800898177756,0.02804566379438988,0.04585546524709957,0.018045082790310737,0.037929833137146575,0.06555595808217592,0.02762612494502934,0.042597903639916314,0.018971235987487647,0.5394060604238186|0.403792978703595|0.732773236992612,0.7468234246785801|0.151387507301754|0.6952628989641425,0.32744660289493416|0.16148882769108897|0.691011905059397
77,lift,lift,11,0.25,2,2,0,0,2,0,2,right_hand|left_hand,0.14948967890813947,0.002676659030839801,0.13232465600594878,0.014451244147494435,,0.13232465600594878,0.6705760059189217,0.6705760059189217,,,0.9999999999999999,1.6132264529058116,35,12.50501002004008,1.4164240194884878,True,0.0014369502981291526,0.037506164334319136,14,0.0014369502981291526,9,0.0008601810584224628,1,-0.03024724401559631,-0.01996052083778821,,0.0,0.0014244886370504287,,0.021734016616527636,0.054896188116882357,0.08367264528825777,0.028776457171375412,0.045573619652274244,0.01818844496304376,0.037866171346140474,0.06594259917429217,0.028076427828151694,0.0429288290533374,0.018364539290252915,0.5357987011644617|0.38363182013425995|0.7319340886404826,0.7460842860882877|0.13007265512510946|0.6966398939849775,0.3263922144083586|0.14523852355562505|0.691128387126577
78,lift,lift,12,0.25,2,2,0,0,2,0,2,right_hand|left_hand,0.12836425914429128,0.002753947861492634,0.11084958701394498,0.014729334972798824,,0.11084958701394498,0.6708740726260266,0.6708740726260266,,,0.9999999999999999,1.6132264529058116,35,12.50501002004008,1.4164240194884878,True,0.001436107996667553,0.04462973546763083,15,0.001436107996667553,9,0.0006680935641258795,1,-0.02993315441642075,-0.020304704681498364,,0.0,0.0014247886224972818,,0.021672389571148667,0.05424781529848365,0.08340060272831684,0.02915278742983319,0.04935728943340669,0.018016354954273114,0.038394989384729065,0.06542442465939165,0.027029435274662582,0.042894805631205124,0.018518751924809694,0.5387710343119162|0.36682269825386254|0.7306280813749948,0.7448079906470191|0.11023415440664609|0.6940941453109416,0.3255271386546968|0.12824640407968196|0.6913522847805508
79,lift,lift,13,0.25,2,2,0,0,2,0,2,right_hand|left_hand,0.12738885101862252,0.0027042608708143234,0.11074385605752468,0.013908365974202752,,0.11074385605752468,0.6823799261519627,0.6823799261519627,,,0.9999999999999999,1.6132264529058116,35,12.50501002004008,1.4164240194884878,True,0.001664318681328967,0.038622878613177036,13,0.001664318681328967,10,0.0009283665387642692,1,-0.029999860441614956,-0.020094776841665052,,0.0,0.0014249284974109887,,0.02183750752038088,0.053541845803466416,0.08203774460830957,0.02849589880484315,0.05097405211630898,0.01824088277778889,0.03885015828802071,0.06611305645847525,0.02726289817045454,0.04389126202105263,0.018971863487816806,0.5383835367447801|0.35054241652065365|0.7314361040445987,0.7441542056945195|0.0908573642120879|0.6926457429312759,0.3240219413001957|0.11295715011030887|0.6906118601572442
80,lift,lift,14,0.25,2,2,0,0,2,0,2,right_hand|left_hand,0.12258288287557662,0.002705330029129982,0.1066290030721575,0.013217149069532752,,0.1066290030721575,0.7174323999024749,0.7174323999024749,,,0.9999999999999999,1.6132264529058116,35,12.50501002004008,1.4164240194884878,True,0.0014382427658677331,0.039210141554305716,14,0.0014382427658677331,10,0.0009607200558329337,1,-0.029919367591645596,-0.020185518741369535,,0.0,0.0014496737623070231,,0.022151989352339498,0.05281163420317074,0.08127202237062785,0.028460388167457107,0.052918222005874795,0.018511892225701918,0.03909757151750115,0.0660741498887902,0.026976578371289056,0.04400137357463847,0.01933993590098855,0.5386875569097842|0.33405341605045025|0.7299150701783017,0.7429826693203084|0.07078147935048315|0.6894480793270805,0.3234620376741567|0.09658180390946121|0.6867078142494019
81,lift,lift,15,0.25,2,2,0,0,2,0,2,right_hand|left_hand,0.12258855695836246,0.002717577153816819,0.10648993402719498,0.013348877895623446,,0.10648993402719498,0.7337331084528503,0.7337331084528503,,,0.9999999999999999,1.6132264529058116,35,12.50501002004008,1.4164240194884878,True,0.0014327018322510751,0.03946023412881028,17,0.0014327018322510751,13,0.0009702823430780411,1,-0.030006417364766946,-0.020261590527589135,,0.0,0.001457758922302681,,0.022271513329219294,0.05296259291520634,0.08114368677132489,0.02818109385611855,0.05514750049338887,0.01881370720425296,0.03961493467729736,0.06620635968058902,0.02659142500329166,0.043424555754676665,0.01938155560557975,0.5384304477308162|0.31790966462803133|0.7285739050019211,0.7419426659388989|0.04984924483326627|0.6869081905406027,0.3224844158558749|0.08059095264755728|0.6817889328462098
82,lift,lift,16,0.25,2,2,0,0,2,0,2,right_hand|left_hand,0.12219056906178594,0.002767126075923443,0.10624965908937156,0.013141918927431107,,0.10624965908937156,0.7248668452925523,0.7248668452925523,,,0.9999999999999999,1.6132264529058116,35,12.50501002004008,1.4164240194884878,True,0.0014365384556514794,0.03994575175404386,14,0.0014365384556514794,10,0.0009350835222693421,1,-0.02986600485716906,-0.02050741033211345,,0.0,0.001425903717613701,,0.022169610108521375,0.05349538631266275,0.08169201122968595,0.028196624917023197,0.055314798385756585,0.018789608672510658,0.03953561794581501,0.06575972312881775,0.026224105183002742,0.04303505849802102,0.01930465848766719,0.5370391886329956|0.2999986956117893|0.7260506572044995,0.7402542634448522|0.02872700551860126|0.6829504566675353,0.32123055009796847|0.0634838445670275|0.6764453766744348
83,lift,lift,17,0.25,2,2,0,0,2,0,2,right_hand|left_hand,0.11874644784256816,0.0027235259767621756,0.10296428296715021,0.013027661945670843,,0.10296428296715021,0.7037536058724059,0.7037536058724059,,,1.0000000000000002,1.61,36,12.640000000000004,1.4194365079143205,True,0.0016304417175593729,0.04068063933828492,14,0.0016304417175593729,10,0.0009237051709480165,1,-0.029996198970762222,-0.02105091923702851,,0.0,0.0014152313185682853,,0.02195211324160232,0.05423468429844837,0.08289993359732573,0.028665249298877357,0.05455736055875034,0.018548719129397134,0.03948351861285519,0.06495435928765915,0.025470840674803957,0.04245384764556697,0.01952013659296817,0.5343304218810175|0.2805108854490096|0.72354859676209,0.7380616977234263|0.006670983299060941|0.679610243275336,0.3191004337314811|0.04494045611014602|0.6720113736124417
84,lift,lift,18,0.25,2,3,1,1,2,1,3,right_hand|left_hand,0.17540854983963072,0.0027364161796867847,0.15352940908633173,0.012798808049410582,,0.15352940908633173,0.6932029402692734,0.6910807746325154,0.02920602262556258,0.025143211717474932,1.0000000000000002,1.61,36,12.640000000000004,1.4194365079143205,True,0.002432197523085197,0.04143972168788404,14,0.002432197523085197,9,0.0020617062675393483,2,-0.03030713237233762,-0.021175399147342233,,0.0,0.0014149004957781277,,0.021797778153750134,0.05392009683769248,0.08373521025766956,0.029815113419977078,0.05361571284794488,0.018535203485229624,0.03952623391725996,0.06476228225821594,0.025236048340955976,0.04254732559022512,0.019724932374960816,0.5309064833847524|0.2598261663352617|0.7224964872541114,0.7351286030450748|-0.014810808322684485|0.6772793423453906,0.3163686163167713|0.025969273472788292|0.6679880334359474
85,lift,lift,19,0.25,2,2,0,0,2,0,2,right_hand|left_hand,0.11792188021354377,0.0027336839120835066,0.1022705240175128,0.012884241063147783,,0.1022705240175128,0.708570488448122,0.708570488448122,,,1.0000000000000002,1.61,36,12.640000000000004,1.4194365079143205,True,0.0024649746177856924,0.04146946380268168,9,0.0024649746177856924,5,0.0008992152836630324,1,-0.03021439732832043,-0.021835070102635967,,0.0,0.0010321246953144756,,0.021988899518310404,0.052944634894628216,0.08279484020701432,0.0298502053123861,0.05494438243317303,0.018612500224984733,0.03941355537398549,0.06449903760600695,0.025085482232021457,0.042566956883055576,0.020162669175299394,0.5288231653855928|0.23835196096656808|0.7227522321237511,0.7333345521464777|-0.03242962660810518|0.6751212171133986,0.3138905703913138|0.006416013365205732|0.6656159545538788
86,lift,lift,20,0.25,2,2,0,0,2,0,2,right_hand|left_hand,0.12113457289524376,0.0027297749184072018,0.10555597906932235,0.012815786991268396,,0.10555597906932235,0.7303366500957126,0.7303366500957126,,,1.0000000000000002,1.61,36,12.640000000000004,1.4194365079143205,True,0.0023684163799689364,0.04169324458742962,7,0.0023684163799689364,3,0.000930627794317837,1,-0.03070746007385239,-0.02049182896323032,,0.0,0.0014343791286764928,,0.02224383273218105,0.052335570968175225,0.08199994331790836,0.029664372349733133,0.05546980111740531,0.018982107702954627,0.03957457891397682,0.06619704051325033,0.026622461599273513,0.043377477716587114,0.0202700358185278,0.5259640946009357|0.21748094440449728|0.7244419118445911,0.7312061104477938|-0.05134649924501118|0.6752753642566192,0.30961182221390376|-0.013865231013652914|0.6639228659445175
87,lift,lift,21,0.25,2,2,0,0,2,0,2,right_hand|left_hand,0.1208455041050911,0.002748754108324647,0.10543861309997737,0.012627393007278442,,0.10543861309997737,0.7631957986261165,0.7631957986261165,,,1.0000000000000002,1.61,36,12.640000000000004,1.4194365079143205,True,0.0022400053418093584,0.04175267631717183,8,0.0022400053418093584,4,0.0009188991454593953,1,-0.031210893053625455,-0.020825820530488315,,0.0,0.0014353030508058298,,0.022634307101172764,0.05202448067509307,0.0804438657852381,0.02841938511014503,0.05577037034574331,0.019165563979419552,0.0394933665107388,0.06626759714137412,0.026774230630635318,0.04299682287703718,0.020409279088735636,0.52218818567091|0.19494544380529127|0.7270205055213435,0.729692539142059|-0.06955832639300064|0.6772808813717082,0.306997657769292|-0.03629983778049145|0.6635198942419074
88,lift,lift,22,0.25,2,2,0,0,2,0,2,right_hand|left_hand,0.11976105906069279,0.0027388709131628275,0.10458603501319885,0.012404392939060926,,0.10458603501319885,0.7834917814832402,0.7834917814832402,,,1.0000000000000002,1.61,36,12.640000000000004,1.4194365079143205,True,0.0021248666814521755,0.04232777457163567,8,0.0021248666814521755,4,0.0009115773337788763,1,-0.03168946943518769,-0.02036155630234049,,0.0,0.0014303799412817779,,0.022864387299899563,0.05167485160244185,0.08100790118705845,0.029333049584616598,0.052096178856239066,0.019372885569359736,0.039589975463028844,0.06657933194723543,0.02698935648420659,0.042344456730849134,0.020238420345840443,0.5165459859769235|0.1729362591237983|0.7263732455678599,0.7286174557078429|-0.09018750407425317|0.6798027470548671,0.30527638701700166|-0.059357215378084235|0.6623588215767396
89,lift,lift,23,0.25,2,2,0,0,2,0,2,right_hand|left_hand,0.13816457288339734,0.0027576531283557415,0.12246472109109163,0.012907115975394845,,0.12246472109109163,0.7560008555045206,0.7560008555045206,,,1.0000000000000002,1.61,36,12.640000000000004,1.4194365079143205,True,0.0018310780363057742,0.040358141833099076,8,0.0018310780363057742,4,0.000936933753237959,1,-0.031105332892231274,-0.02145376463400872,,0.0,0.001401988819184015,,0.022371503143103905,0.051297621187728105,0.08328493917495353,0.03198731798722542,0.04975621843401106,0.018742744245296514,0.0399114196952542,0.06556618154794215,0.025654761852687953,0.041820993918595124,0.020588170344256043,0.5204566425382526|0.1480029818907214|0.729280298237521,0.7280016500786459|-0.11146973457351535|0.6799098819634571,0.3052357525951996|-0.08163122338574967|0.6657708697649894
90,lift,lift,24,0.25,2,2,0,0,2,0,2,right_hand|left_hand,0.11136758513748646,0.002759812865406275,0.09587708185426891,0.01270014001056552,,0.09587708185426891,0.7439888215998318,0.7439888215998318,,,1.0000000000000002,1.61,36,12.640000000000004,1.4194365079143205,True,0.0017097846648809825,0.036948338608784936,8,0.0017097846648809825,4,0.0009322165517250403,1,-0.031441529796968126,-0.02133714939283493,,0.0,0.0012448439811538663,,0.022415736737001587,0.05108688241584495,0.08416821152510093,0.03308132910925598,0.04965068654310603,0.018303478758390702,0.03907005146331291,0.06504498629695082,0.025974934833637914,0.04180183559276839,0.02046136688710717,0.5164853883245971|0.1247336345390608|0.731742697986349,0.7276072026563738|-0.13165894462097297|0.6828561188896038,0.30512819269691416|-0.10592857167417392|0.6672784577787647
91,lift,lift,25,0.25,2,2,0,0,2,0,2,right_hand|left_hand,0.11040926701389253,0.0027111268136650324,0.09473410784266889,0.012934408150613308,,0.09473410784266889,0.7127008802893294,0.7127008802893294,,,0.9999999999999999,1.6132264529058116,35,12.50501002004008,1.4164240194884878,True,0.0015905999588432355,0.033240770382806234,8,0.0015905999588432355,4,0.000904626133416922,1,-0.030525537853117513,-0.02072805211220441,,0.0,0.0011657755267941155,,0.022044691415523298,0.05120678272609865,0.08393765791034244,0.032730875184243786,0.050015348314654345,0.0173271986892479,0.039043695649939224,0.06500353978553647,0.025959844135597245,0.04103824618928361,0.01981958277310107,0.5107753268749028|0.10342180318838012|0.7311589620530758,0.7278078662888298|-0.14789570685338538|0.6816563174057569,0.30593356558830787|-0.13018165544348934|0.6680987550612192
92,lift,lift,26,0.25,2,2,0,0,2,0,2,right_hand|left_hand,0.11253772606141865,0.0027489589992910624,0.09680227097123861,0.0129564821254462,,0.09680227097123861,0.7015128757406928,0.7015128757406928,,,0.9999999999999999,1.6132264529058116,35,12.50501002004008,1.4164240194884878,True,0.001450711909512549,0.033874398356611546,10,0.001450711909512549,5,0.0009060049801518227,1,-0.030293518519123097,-0.020347899325248164,,0.0,0.001175356856017162,,0.021986549791272823,0.05176764694933557,0.08485832410291125,0.03309067715357568,0.05143552766608045,0.016708986766188497,0.03899495115191409,0.06470376325119602,0.025708812099281927,0.03993498354539383,0.02004398687442134,0.5057928689641359|0.08222740780439328|0.7301076251638892,0.7286609638159692|-0.16608034058194415|0.6829800230759412,0.3067175017393984|-0.15602909044271857|0.6707060821029359
93,lift,lift,27,0.25,2,2,0,0,2,0,2,right_hand|left_hand,0.11383380903862417,0.0026759470347315073,0.09806385892443359,0.013060573022812605,,0.09806385892443359,0.6936836272172694,0.6936836272172694,,,0.9999999999999999,1.6132264529058116,35,12.50501002004008,1.4164240194884878,True,0.0015297222474888184,0.034905417102873065,12,0.0013959562351943886,7,0.0015297222474888184,2,-0.030593336873096177,-0.020005447288411915,,0.0,0.001165195173855332,,0.021882584290424688,0.05251810766007785,0.08408539010182386,0.03156728244174602,0.050914499554153766,0.01654862371118969,0.03902641846104848,0.06491282250186546,0.025886404040816983,0.039551165499822516,0.019931740130558137,0.5021133755698374|0.06223181243898086|0.7311087270670242,0.7297498491248536|-0.18178355200818352|0.6860808062530334,0.30798593706587557|-0.18091555193583053|0.6738233377928866
94,lift,lift,28,0.25,2,2,0,0,2,0,2,right_hand|left_hand,0.1145999210420996,0.002682468155398965,0.09873842680826783,0.013148386031389236,,0.09873842680826783,0.6886718768540743,0.6886718768540743,,,0.9999999999999999,1.6132264529058116,35,12.50501002004008,1.4164240194884878,True,0.0014089481308209965,0.03572482763894977,11,0.0014089481308209965,7,0.0009300520864238548,2,-0.03056514443150249,-0.02050231786163792,,0.0,0.0011654354286766086,,0.021854701187072792,0.05337867936515988,0.08359154520822666,0.03021286584306678,0.05022671488842883,0.01656177265671862,0.03923634126538478,0.06443597674702599,0.02519963548164121,0.03917757292751174,0.019931906566845257,0.5005787721695523|0.04245925798177445|0.7316889961166289,0.731051774672877|-0.19687726340696354|0.6883871577684021,0.3099986154017522|-0.205297333428429|0.6780873989119032
95,lift,lift,29,0.25,2,2,0,0,2,0,2,right_hand|left_hand,0.11544714705087245,0.0028240939136594534,0.09887086297385395,0.013721021125093102,,0.09887086297385395,0.6872238596896845,0.6872238596896845,,,0.9999999999999999,1.6132264529058116,35,12.50501002004008,1.4164240194884878,True,0.0014079157956101533,0.03656013060807914,12,0.0014079157956101533,8,0.0009543493917273799,1,-0.030750327802261168,-0.02036596676765612,,0.0,0.0011685918337783995,,0.02183145392721003,0.05324327289408438,0.08247150842682778,0.029228235532743403,0.05014026391170122,0.01638362307392528,0.039320056580962465,0.06440410556262786,0.0250840489816654,0.039080310720730954,0.019950334675496752,0.5001019038958295|0.02184478861408509|0.7318810024378881,0.732762570071735|-0.21098440818669234|0.6915214910267683,0.3124683291194702|-0.22930574476250035|0.6810322849771471
96,lift,lift,30,0.25,2,2,0,0,2,0,2,right_hand|left_hand,0.12290387693792582,0.0026926628779619932,0.1059737210161984,0.014205400831997395,,0.1059737210161984,0.6812112130894995,0.6812112130894995,,,0.9999999999999999,1.6132264529058116,35,12.50501002004008,1.4164240194884878,True,0.0014082301752545226,0.03759437875220681,12,0.0014082301752545226,8,0.0009455550440271576,1,-0.03071075951828739,-0.020241132520414595,,0.0,0.001166477856704266,,0.02170792123588172,0.05264279447243873,0.08190741853458525,0.02926462406214652,0.04894500301961559,0.016369439976204485,0.039595738524436035,0.0642453306568488,0.024649592132412766,0.03865139118285869,0.019881659620377776,0.49927235764645805|0.0017938247679091497|0.7312042248149815,0.7344787945022994|-0.22546633477788236|0.6943204979890849,0.31501452543380803|-0.25329606318031417|0.6834238223573724
97,lift,lift,31,0.25,2,2,0,0,2,0,2,right_hand|left_hand,0.13001393200829625,0.0027135820128023624,0.11219702707603574,0.015067600179463625,,0.11219702707603574,0.6780482708377479,0.6780482708377479,,,0.9999999999999999,1.6132264529058116,35,12.50501002004008,1.4164240194884878,True,0.0014091437486564717,0.03837465558115247,19,0.0014091437486564717,10,0.0008727719855374377,1,-0.030551479076066812,-0.019987931103703005,,0.0,0.0014236176028374701,,0.02165995922833804,0.05186772513673518,0.08190384485573671,0.030036119719001525,0.04957589067019153,0.01652047187624389,0.039767764578703284,0.06528467885010049,0.025516914271397205,0.03923705585904387,0.02027461283964768,0.49634683542670444|-0.016000964627522492|0.730244751230357,0.7356775162476933|-0.24090619913608974|0.6946844594030135,0.316506950389447|-0.27451806459294875|0.6858153425402391
98,lift,lift,32,0.25,2,2,0,0,2,0,2,right_hand|left_hand,0.12965339212678373,0.0027677358593791723,0.11255392106249928,0.014299416914582253,,0.11255392106249928,0.6813770604658211,0.6813770604658211,,,0.9999999999999999,1.6132264529058116,35,12.50501002004008,1.4164240194884878,True,0.001823670778704392,0.038605858683699756,13,0.001823670778704392,10,0.0009789897342019765,1,-0.03085120754109205,-0.020186099715166606,,0.0,0.0014214508177921108,,0.02173515996417064,0.05101938130571162,0.0812305953054744,0.03021121399976278,0.050064546635550204,0.016731114485396607,0.040257295241883505,0.0662379340739238,0.02598063883204029,0.039876727171737,0.020655881330611414,0.4957994553664902|-0.032030340968694775|0.7314483562581626,0.7373720875902183|-0.2565886319792586|0.6960003048524858,0.31845836359662355|-0.29370750424892966|0.6870873796530517
99,lift,lift,33,0.25,2,2,0,0,2,0,2,right_hand|left_hand,0.12393517210148275,0.0026850018184632063,0.1077099631074816,0.013506582006812096,,0.1077099631074816,0.6934116500933486,0.6934116500933486,,,0.9999999999999999,1.6132264529058116,35,12.50501002004008,1.4164240194884878,True,0.0017260530490085906,0.038841878575126026,15,0.0017260530490085906,11,0.0009535631679714052,1,-0.03105099379230225,-0.020496859861708572,,0.0,0.0014279241163891044,,0.02194380405819028,0.05020037318986627,0.08066294398353241,0.03046257079366614,0.04950866859816407,0.016876346398892537,0.040929933158895,0.06630949384468739,0.025379560685792384,0.04004004421393068,0.02101762850074083,0.4948453091934822|-0.047666002144832346|0.7322942168974004,0.7385346836731009|-0.2732766371942033|0.6951810751253986,0.32006075029820735|-0.31287016191575273|0.6883152793908165
100,lift,lift,34,0.25,2,5,3,2,2,3,5,right_hand|left_hand,0.29459654400125146,0.0027803070843219757,0.2719109309837222,0.013307245215401053,,0.2719109309837222,0.6983786091962311,0.6951130838939203,0.029479396752905958,0.024902186696120134,0.9999999999999999,1.6132264529058116,35,12.50501002004008,1.4164240194884878,True,0.00144307442342732,0.0391564225168978,19,0.00144307442342732,14,0.0012720806643581467,2,-0.03154717070379576,-0.02193446493747153,,0.0,0.0014135128387008171,,0.02198890424987552,0.049869754028211734,0.07981688732635539,0.029947133298143656,0.0479523188280313,0.016943535662447703,0.04117591618043275,0.06491924630455376,0.023743330124121005,0.03890704763003293,0.021433757537730077,0.493607163399353|-0.0634151705376895|0.7315982322165355,0.738681499700928|-0.2905253685430487|0.6929479181689318,0.32255469922951385|-0.33275021104842445|0.6874905060046033
101,lift,lift,35,0.25,2,2,0,0,2,0,2,right_hand|left_hand,0.1230236201081425,0.002728833118453622,0.1070174709893763,0.01324088592082262,,0.1070174709893763,0.6928001628109127,0.6928001628109127,,,0.9999999999999999,1.6132264529058116,35,12.50501002004008,1.4164240194884878,True,0.0014353771231598138,0.039421982366776326,19,0.0014353771231598138,14,0.0009576025572571867,2,-0.030937572993911644,-0.021322760842352295,,0.0,0.001421854934199117,,0.021943060247449415,0.05012815757372075,0.07933166048515101,0.029203502911430264,0.048924496876743696,0.016899786045311553,0.041063160271135754,0.06555302470754722,0.024489864436411463,0.040062734932894306,0.02151337719054455,0.49490949882942753|-0.07931342121264492|0.7301555221765326,0.7399009706951915|-0.3060222352616204|0.6885404219894605,0.32260482610019525|-0.3506039562305611|0.6859347240269588
102,lift,lift,36,0.25,2,2,0,0,2,0,2,right_hand|left_hand,0.12221144512295723,0.002708601066842675,0.10614983295090497,0.013319345191121101,,0.10614983295090497,0.6914261298076007,0.6914261298076007,,,0.9999999999999999,1.6132264529058116,35,12.50501002004008,1.4164240194884878,True,0.0014733232139685012,0.03976546641620429,13,0.0014733232139685012,9,0.0009668514657780458,1,-0.030792865281108917,-0.021931554721390967,,0.0,0.0014212398078966679,,0.021985629860093385,0.050887856121957245,0.07963482772526788,0.028746971603310634,0.04885335575599585,0.01708168664351168,0.04023130942507063,0.06410758535504621,0.023876275929975578,0.041705710114450824,0.02141599816349583,0.49707370387122773|-0.09564005810134425|0.7291042620605304,0.7403021368280274|-0.3235583576186391|0.683925063856396,0.32250663221236064|-0.37051655579210896|0.6858558265679954
103,lift,lift,37,0.25,2,2,0,0,2,0,2,right_hand|left_hand,0.1212724931538105,0.0026545848231762648,0.10541253793053329,0.013173371786251664,,0.10541253793053329,0.694751826223809,0.694751826223809,,,0.9999999999999999,1.6132264529058116,35,12.50501002004008,1.4164240194884878,True,0.001552043832541504,0.04032661022153264,14,0.001552043832541504,10,0.0009668135506348263,1,-0.03056628271824202,-0.022058809934129897,,0.0,0.00142109623979629,,0.022049071159258082,0.052053548970268836,0.08061534126775008,0.028561792297481244,0.048471848465241184,0.017482222596486307,0.0391092353510085,0.06339444429595803,0.02428520894494953,0.04208367356802191,0.021362018990661525,0.5012910843073635|-0.11172027379478688|0.7278004165213189,0.7408664356333268|-0.3422543721576677|0.6793377453292316,0.3229005608279226|-0.38787061150286084|0.6830292130094888
104,lift,lift,38,0.25,2,2,0,0,2,0,2,right_hand|left_hand,0.14772976702079177,0.002788450801745057,0.13152856286615133,0.013373480876907706,,0.13152856286615133,0.7023685490670682,0.7023685490670682,,,0.9999999999999999,1.6132264529058116,35,12.50501002004008,1.4164240194884878,True,0.0015435045961995318,0.04081786759073161,14,0.0015435045961995318,10,0.000951817563535684,1,-0.03098925829025667,-0.022045894354681295,,0.0,0.001416849521549101,,0.02216322476325274,0.05296771424189847,0.08101008189100452,0.028042367649106045,0.04713517225906604,0.017632304063988243,0.03796130654290091,0.06361452059682342,0.025653214053922506,0.04363137032128202,0.021423074978695944,0.5055201634368227|-0.12914787764306848|0.7278982770309109,0.7411510879109039|-0.3626642975211055|0.6760746094007483,0.32232333967301735|-0.40292356896346054|0.681131515292222
105,lift,lift,39,0.25,2,2,0,0,2,0,2,right_hand|left_hand,0.12544139102101326,0.0027492500375956297,0.10919667803682387,0.01346141891553998,,0.10919667803682387,0.7103414849225971,0.7103414849225971,,,0.9999999999999999,1.6132264529058116,35,12.50501002004008,1.4164240194884878,True,0.0015191580102396768,0.04129526430489314,12,0.0015191580102396768,8,0.0009607106572439711,1,-0.031151425097521113,-0.02109747883343438,,0.0,0.0014101184641673076,,0.022275823539601024,0.05350023260415402,0.08086504608101433,0.02736481347686031,0.046983326910810766,0.017640775884420205,0.03711203527518356,0.0657113598360699,0.028599324560886347,0.043882918203512665,0.02147312075944593,0.5103895893742209|-0.14513280888288968|0.7271793913622263,0.7410247118057876|-0.3835680812275483|0.671672321930219,0.32231894409443457|-0.4136520045600731|0.6762367635811445
106,lift,lift,40,0.25,2,2,0,0,2,0,2,right_hand|left_hand,0.12508036894723773,0.002719172975048423,0.10928885405883193,0.013038535136729479,,0.10928885405883193,0.7214075120503493,0.7214075120503493,,,0.9999999999999999,1.6132264529058116,35,12.505010020040082,1.4164240194884878,True,0.0014924081583502502,0.04066051782639138,11,0.0014924081583502502,7,0.0009247812643611852,1,-0.03158017676326885,-0.02125939265163268,,0.0,0.0013360983067294047,,0.022426134923698507,0.05412634430526514,0.08155225396146626,0.02742590965620112,0.04536394163857622,0.017606636570285352,0.03634802915806794,0.06694670237084975,0.030598673212781813,0.043948182565896096,0.02099817659811757,0.5156358562708285|-0.1637925924460988|0.7280688062309757,0.7412874880896864|-0.40743784105947467|0.6707163508848856,0.3216605034426359|-0.42316989807471894|0.6749874195948221
107,lift,lift,41,0.25,2,2,0,0,2,0,2,right_hand|left_hand,0.12312300712801516,0.0027664299122989178,0.10737952520139515,0.012945739086717367,,0.10737952520139515,0.7340036527198375,0.7340036527198375,,,1.0000000000000002,1.6164658634538154,34,12.361445783132522,1.4130469440546405,True,0.001548978084248448,0.039393943520637575,12,0.001548978084248448,7,0.0009253269078192683,2,-0.033767918879595626,-0.02133444223068537,,0.0,0.0013970977702312695,,0.022476240365439056,0.05482173867011342,0.07963303927122553,0.024811300601112113,0.04201133000986167,0.018301319836821844,0.03560123242083103,0.06718083063927724,0.031579598218446206,0.04368467848459531,0.021525979262094493,0.5198702040718365|-0.18348113831033483|0.7286245846947692,0.7410052135997829|-0.4371812273213247|0.675644430486994,0.3205022940590956|-0.4331823068789699|0.6745110553730582
108,lift,lift,42,0.25,2,2,0,0,2,0,2,right_hand|left_hand,0.1241219628136605,0.0026993711944669485,0.10823067394085228,0.01315861102193594,,0.10823067394085228,0.7393266948140237,0.7393266948140237,,,0.9999999999999999,1.6132264529058116,35,12.505010020040082,1.4164240194884878,True,0.001432997609500393,0.039777044802490974,10,0.001432997609500393,5,0.0009360430789407959,2,-0.03348111460325143,-0.019423817734603332,,0.0,0.0014298833746701498,,0.02235313467052564,0.0552368818839593,0.08085431387984701,0.02561743199588771,0.042265072997899715,0.01795518049037943,0.03496290298900075,0.06925874190342265,0.0342958389144219,0.04543057601115688,0.02071403491010929,0.5268899597053208|-0.20241686095495634|0.7292816212462588,0.7396081344223384|-0.4594717134518793|0.6767428004721812,0.3182581993699852|-0.440613592914675|0.6731849708427348
109,lift,lift,43,0.25,2,2,0,0,2,0,2,right_hand|left_hand,0.12188523402437568,0.002721560886129737,0.10620117885991931,0.012929592048749328,,0.10620117885991931,0.7718017897365014,0.7718017897365014,,,0.9999999999999999,1.6132264529058116,35,12.505010020040082,1.4164240194884878,True,0.0014118877913437827,0.04075282234083291,11,0.0014118877913437827,6,0.0010178610236666191,2,-0.033530546800783156,-0.019179322905742424,,0.0,0.0014187110732962705,,0.022599929596171145,0.056012868311818176,0.08050382014828197,0.024490951836463798,0.04177424382039357,0.017919679850520506,0.03483913335289958,0.06978151590917629,0.03494238255627671,0.04558102460909064,0.021054709818458393,0.5331138726663918|-0.21885729068808923|0.7289082952422548,0.7358356988925435|-0.4839889800763473|0.6776158068540625,0.3154572188265688|-0.44812788163036377|0.6732515537765758
110,lift,lift,44,0.25,2,2,0,0,2,0,2,right_hand|left_hand,0.11696478701196611,0.0027378869708627462,0.1014504989143461,0.012744636042043567,,0.1014504989143461,0.7187409846681865,0.7187409846681865,,,0.9999999999999999,1.6132264529058116,35,12.505010020040082,1.4164240194884878,True,0.0014450454739806315,0.038246869911310294,12,0.0014450454739806315,7,0.0009740381690870742,2,-0.033872664884821546,-0.019922486025850006,,0.0,0.0011967160762079985,,0.021978854824158164,0.05608804471666944,0.0819448944062896,0.02585684968962016,0.042841068687193104,0.018107246015753132,0.03515241213300122,0.06692672399524947,0.03177431186224825,0.0417203280117002,0.020314810288561806,0.5334895750287841|-0.2374412114049624|0.7304107731016867,0.7314595657018639|-0.5063979264411351|0.6799042912510929,0.3110810665807558|-0.4619098976329872|0.6750651096722763
111,lift,lift,45,0.25,2,2,0,0,2,0,2,right_hand|left_hand,0.11307494714856148,0.0026919739320874214,0.09763273783028126,0.012718260055407882,,0.09763273783028126,0.6949555925054952,0.6949555925054952,,,0.9999999999999999,1.6132264529058116,35,12.505010020040082,1.4164240194884878,True,0.002025222188314857,0.037214631844781215,13,0.001437512034268177,8,0.002025222188314857,2,-0.034021502747609844,-0.02049837106218355,,0.0,0.0011909166217931356,,0.0218929749077204,0.05577113393807282,0.08062698490888529,0.024855850970812464,0.04053864124741256,0.01812935299627348,0.03572954787296409,0.06675963963971754,0.031030091766753448,0.04217416681322836,0.020100960470670816,0.5401644002825696|-0.25330976997392574|0.7320056539844507,0.7244649884322061|-0.5315135045855757|0.6809057341811641,0.307017372997173|-0.4697433253193874|0.6763292413786657
112,lift,lift,46,0.25,2,3,1,1,2,1,3,right_hand|left_hand,0.1702680168673396,0.002732346998527646,0.14804618805646896,0.012988788075745106,,0.14804618805646896,0.6954698977222927,0.69580363270297,0.024098999668882425,0.03087085357335375,1.0000000000000002,1.6164658634538154,34,12.361445783132522,1.4130469440546405,True,0.0014112142149925594,0.03662209347135717,12,0.0014112142149925594,8,0.0010131830529204883,2,-0.03321053240968119,-0.020655473034084437,,0.0,0.0011938444145967084,,0.02201177580916895,0.055248476280676646,0.07923636786346189,0.02398789158278524,0.03965078471344955,0.01862516458124245,0.03602896960882871,0.06691270837132221,0.0308837387624935,0.04247998376513993,0.019906218538843064,0.544626557902581|-0.2676932653270674|0.7310632095798169,0.717303063408108|-0.5571191654784137|0.6810854115074103,0.30274014032910995|-0.47686661614921966|0.676468322091694
113,lift,lift,47,0.25,2,2,0,0,2,0,2,right_hand|left_hand,0.11456916900351644,0.0027148770168423653,0.09832440316677094,0.013494170969352126,,0.09832440316677094,0.6879241715206662,0.6879241715206662,,,1.0000000000000002,1.6164658634538154,34,12.361445783132522,1.4130469440546405,True,0.0020056906645249256,0.03700390632440809,12,0.001411038712690986,8,0.0020056906645249256,2,-0.03326994574658748,-0.020800145479975995,,0.0,0.0011972255272727627,,0.021945003136692894,0.05566647986554079,0.07639255696996967,0.020726077104428885,0.03688244985767077,0.01860273670216944,0.03583825587427293,0.06669910461506753,0.030860848740794602,0.04324711553320847,0.019339261373711523,0.5483775213983813|-0.2825284776966225|0.7316478821937784,0.7080671776449436|-0.5811971302654559|0.6836980535981598,0.2980033932248905|-0.4827743915530685|0.6781489114894766
114,lift,lift,48,0.25,2,3,1,1,2,1,3,right_hand|left_hand,0.1773975589312613,0.0026971008628606796,0.15482452721334994,0.013368027051910758,,0.15482452721334994,0.687694524301409,0.6869902502861854,0.02131415702018815,0.030298949864615447,1.0000000000000002,1.6197183098591548,33,12.209255533199196,1.4092983939419406,True,0.0014355926367623228,0.03775190427060965,12,0.0014355926367623228,8,0.0010119122715706586,2,-0.03267988763053964,-0.020908088179286466,,0.0,0.0012005862117904214,,0.021914252441900497,0.0558757900289848,0.07660234577501168,0.02072655574602688,0.036583443630713496,0.018742225068064666,0.035844354745566666,0.06592864043887617,0.030084285693309502,0.045949642823711286,0.019014256157096763,0.550829231563953|-0.29777341083820735|0.7321180457384615,0.7007727423330548|-0.6018479024219542|0.6862114684906279,0.2935484855007743|-0.4895666180230565|0.6800598538361218
115,lift,place,47,0.25,2,2,0,0,2,0,2,right_hand|left_hand,0.1311342630069703,0.002756522037088871,0.11485049012117088,0.013492319034412503,,0.11485049012117088,0.6765334702827895,0.6765334702827895,,,1.0000000000000002,1.6164658634538154,34,12.361445783132522,1.4130469440546405,True,0.0014374385973943034,0.03772514984398431,12,0.0014374385973943034,8,0.0009501798501424241,2,-0.03230448622514359,-0.02114491968466936,,0.0,0.001219526540855435,,0.021744514627863722,0.05593824760482853,0.07692357695091905,0.020985329346090514,0.0356575313037006,0.018758821438924704,0.03589319932958406,0.06502600315590701,0.029132803826322946,0.04634858164699734,0.01803988000254857,0.5518061824205759|-0.31373357351567144|0.7327468891242734,0.6929621719314909|-0.6211112986293493|0.6872956479075066,0.2881905225982702|-0.4958644632311529|0.6836138961971919
116,lift,place,46,0.25,2,2,0,0,2,0,2,right_hand|left_hand,0.1482530329376459,0.0026389670092612505,0.13134885812178254,0.014229511842131615,,0.13134885812178254,0.6678865896683458,0.6678865896683458,,,1.0000000000000002,1.6164658634538154,34,12.361445783132522,1.4130469440546405,True,0.0017247322731970133,0.03717351159083443,17,0.0017247322731970133,10,0.0009785131362893967,2,-0.03238037248202019,-0.021330340118026925,,0.0,0.0013963080432571966,,0.021549433873427795,0.056955765568527744,0.07699156030429433,0.020035794735766582,0.03586218213719731,0.018466980246037976,0.03528753059383781,0.06437985871263227,0.02909232811879446,0.045483787313569383,0.018478616153545853,0.5536505941601321|-0.32918714461932364|0.7337761735400402,0.6852675331315374|-0.6389658424589002|0.6908834183090706,0.2850171819863558|-0.5016071495155368|0.6819761519397702
117,lift,place,45,0.25,2,2,0,0,2,0,2,right_hand|left_hand,0.1300180710386485,0.0027457179967314005,0.11249621491879225,0.014742848929017782,,0.11249621491879225,0.6533649544657469,0.6533649544657469,,,0.9999999999999999,1.6132264529058116,35,12.505010020040082,1.4164240194884878,True,0.0015130241096776367,0.03731021912854948,17,0.0015130241096776367,10,0.0009288035675204809,2,-0.03245782618448878,-0.021252541902695654,,0.0,0.0014352642200849061,,0.02136155838565881,0.0570566810003831,0.0773183709704255,0.0202616899700424,0.036934355314659655,0.01836326044111709,0.03500568239384986,0.06315791681000511,0.028152234416155254,0.04635429849023044,0.018172074757531687,0.5554412565592163|-0.3432811426472053|0.736013423981601,0.6774226426025278|-0.655589945243538|0.6898115838700534,0.2796659951801487|-0.5084758817592493|0.6831333762998195
118,,place,44,7.9567438919514e-106,2,2,0,0,2,0,2,,0.1259933509863913,0.0027299891225993633,0.10957097285427153,0.013664226047694683,,0.10957097285427153,0.6585223627873316,0.6585223627873316,,,1.0,1.0,0,0.0,0.0,False,0.001519383893267768,0.03721148962276416,16,0.001519383893267768,11,0.0009094368147090359,2,-0.03282352338963612,-0.021983641271543064,,0.0,0.0014426674787604394,,0.021550996956201034,0.05576177716425725,0.07895468654751835,0.023192909383261094,0.039351137504194125,0.018732661420128815,0.03483489255930243,0.06274205567365966,0.02790716311435723,0.04819531656793282,0.019276547859499844,0.5535568356351651|-0.356674140822217|0.739205717532553,0.6706588922031298|-0.6693422192225057|0.6891181327225571,0.2745793780334971|-0.5142138186299446|0.6828792784672733
119,,place,43,4.204243584226447e-101,2,2,0,0,2,0,2,,0.12318199314177036,0.002668424043804407,0.10691504599526525,0.0135691799223423,,0.10691504599526525,0.6608524008309422,0.6608524008309422,,,1.0,1.0,0,0.0,0.0,False,0.0013956464447970052,0.037223858711618346,19,0.0013956464447970052,14,0.0009594244488217024,2,-0.03311382182805467,-0.022083723773510755,,0.0,0.0014349418056181964,,0.021631633597089004,0.05475018218066663,0.07928686781768572,0.024536685637019093,0.04052536439349279,0.019142013890725014,0.03552033205987898,0.06293233777046527,0.027412005710586287,0.04835249434929964,0.0194828776529263,0.5525896465374553|-0.36902946575038925|0.740302768792704,0.6634003916748346|-0.6839574389507419|0.6876191230850709,0.2695039451583106|-0.5203814494594041|0.678749935181325
120,,place,42,1.73008220968259e-96,2,3,1,1,2,1,3,,0.18208245001733303,0.00267508695833385,0.1595150539651513,0.013562371954321861,,0.1595150539651513,0.6546548697074005,0.6498004179938914,0.025766396881201484,0.0266474893383156,1.0,1.0,0,0.0,0.0,False,0.0032736855256110253,0.03784497550302271,16,0.0032736855256110253,11,0.0010708076394606025,2,-0.03359114061774093,-0.029653563245119585,,0.0,0.0014198026555837099,,0.021546787797705958,0.0535846723992566,0.07860951421547939,0.02502484181622279,0.040962503657344024,0.01937329185924492,0.036018969630686425,0.05455917300070134,0.018540203370014913,0.03963818694494862,0.020015729324156892,0.5525093577241386|-0.38050008456864814|0.7392003698871178,0.6557083489189739|-0.6980825233389515|0.6837369170182245,0.26547419268586336|-0.5373271036337345|0.6774697349648809
121,,place,41,5.544622590477945e-92,2,2,0,0,2,0,2,,0.12366073811426759,0.0026809771079570055,0.10793684097006917,0.01301320898346603,,0.10793684097006917,0.6468644436621462,0.6468644436621462,,,1.0,1.0,0,0.0,0.0,False,0.0019343284425759437,0.03846016502942726,16,0.0019343284425759437,11,0.0009877934119214976,2,-0.03323028586744847,-0.02837419953063325,,0.0,0.0014156236212943289,,0.021534286250428355,0.05216890439881354,0.07906232287338286,0.026893418474569317,0.042176075144674446,0.01948853828455572,0.03670326799095206,0.05580582774864686,0.0191025597576948,0.040360980273845215,0.020102112210109765,0.5505679343339495|-0.3901603573887489|0.737535382753957,0.6496519710549695|-0.7103305719739992|0.6789385323425466,0.25890815600332673|-0.5453676451349331|0.6694184814196936
122,,place,40,1.3838965267367376e-87,2,2,0,0,2,0,2,,0.12772910296916962,0.002681188052520156,0.11187132494524121,0.01314596296288073,,0.11187132494524121,0.6651675525145502,0.6651675525145502,,,1.0,1.0,0,0.0,0.0,False,0.0019406531217668749,0.039432086505847924,12,0.0019406531217668749,8,0.0009919199459602207,1,-0.03327401162231247,-0.02807609244071685,,0.0,0.0014127326320286576,,0.02183765227227713,0.05039925341482985,0.0784314682150681,0.028032214800238257,0.043343190261847665,0.01989982940143064,0.03737979340805761,0.05691930120234923,0.019539507794291623,0.040702045599749104,0.020380612020548288,0.5482395509970661|-0.39932857380562303|0.7379224941111021,0.6435330309964761|-0.7224330769710365|0.6726111321472639,0.252709406069611|-0.554068296162868|0.6614217525728774
123,,place,39,2.6900579025827697e-83,2,2,0,0,2,0,2,,0.12736542709171772,0.002691074041649699,0.11155530693940818,0.013087227009236813,,0.11155530693940818,0.6844864939588259,0.6844864939588259,,,1.0,1.0,0,0.0,0.0,False,0.0019005556893088825,0.04032257036403422,10,0.0019005556893088825,5,0.0010237124987572677,2,-0.03336134492927023,-0.028090974574558558,,0.0,0.0014162419218614348,,0.022120656892318836,0.048590236256571745,0.07676692815267963,0.028176691896107886,0.04323055216052126,0.02025405279798787,0.03783253773622625,0.057157020898643066,0.019324483162416813,0.040714226548085444,0.020209776433201723,0.5459319849806724|-0.41072225584642585|0.7370301309248763,0.6377606719226371|-0.7357959633238923|0.6671871942823414,0.24703453068537737|-0.5652381327662146|0.6526073181131758
124,,place,38,4.0723586257611754e-79,2,2,0,0,2,0,2,,0.1278689180035144,0.002689964836463332,0.11194054293446243,0.013208549935370684,,0.11194054293446243,0.7056046311004662,0.7056046311004662,,,1.0,1.0,0,0.0,0.0,False,0.0018705994462951195,0.0409068437501548,10,0.0018705994462951195,5,0.0009439747899436524,2,-0.03355325324145575,-0.027949182938810324,,0.0,0.0014247670294936362,,0.022312502500367502,0.046601115321645445,0.0773243724331572,0.030723257111511762,0.044993114233462986,0.020760968475489798,0.0381141854321234,0.05757462962622985,0.019460444194106447,0.04065469984483564,0.020388049542693177,0.5419032013894342|-0.4215424179963112|0.7335810729409656,0.6341085137550693|-0.7458824690384473|0.661073179455703,0.24236330983646573|-0.5766920053202024|0.6423458929908991
125,,place,37,4.801277241771782e-75,2,2,0,0,2,0,2,,0.1517262989655137,0.004533889004960656,0.13423664099536836,0.012926994822919369,,0.13423664099536836,0.7217736293249887,0.7217736293249887,,,1.0,1.0,0,0.0,0.0,False,0.0018261526215710942,0.0419554413559029,10,0.0018261526215710942,5,0.000965331036397038,2,-0.03414749713183873,-0.027846232363350154,,0.0,0.0014281738040888734,,0.02235980885274532,0.044502139896591894,0.0800875357307432,0.03558539583415131,0.04768935752150745,0.01970724978211413,0.03819874678334629,0.058251145549190565,0.020052398765844276,0.04100232140271453,0.020427833249167086,0.5355253858721708|-0.43166337639917|0.7315994859254296,0.6325671441133287|-0.7532334206467096|0.6549689967160801,0.23866014909373987|-0.5876126408113552|0.6332502358501835
126,,place,36,4.408531331463226e-71,2,2,0,0,2,0,2,,0.12327638501301408,0.0026511228643357754,0.10798379918560386,0.012613015016540885,,0.10798379918560386,0.7366118564872267,0.7366118564872267,,,1.0,1.0,0,0.0,0.0,False,0.0018765064351947136,0.04286041815175001,10,0.0018765064351947136,5,0.0009755300673348066,2,-0.03415844911703836,-0.030190201959877427,,0.0,0.001424274421019055,,0.022355175064055724,0.043265443969175484,0.08131545063516207,0.03805000666598659,0.04968189588815892,0.01868769198482638,0.03873991025243634,0.05723343251932113,0.01849352226688479,0.03832357810954721,0.020273874958998468,0.5254320536272297|-0.43759633879450816|0.7268244390127674,0.6305312048168136|-0.7637729222682595|0.648443691166178,0.23589819815393484|-0.6004674560928168|0.6269703921085019
127,,place,35,3.1525171551450254e-67,2,2,0,0,2,0,2,,0.12033515912480652,0.0026809910777956247,0.1046522359829396,0.012972075957804918,,0.1046522359829396,0.6784141889029253,0.6784141889029253,,,1.0,1.0,0,0.0,0.0,False,0.001892613382035311,0.04246683736434617,10,0.001892613382035311,5,0.0009759713979715229,2,-0.03416014979232429,-0.030212604430644774,,0.0,0.0014022285840836735,,0.02146577798753972,0.04252775919215564,0.07908265163935967,0.03655489244720403,0.049562296107623555,0.016937247849821802,0.03946046908564276,0.05750672406757216,0.018046254981929397,0.03780138966383613,0.020353222067553783,0.5239865691662945|-0.44717297059515154|0.721529557411485,0.6269550257512025|-0.7816494331523874|0.6454647644605933,0.23390746623893977|-0.6113189788766944|0.6183589930870907
128,,place,34,1.7556880978548265e-63,2,2,0,0,2,0,2,,0.11887232097797096,0.002625887980684638,0.10336208692751825,0.012850748840719461,,0.10336208692751825,0.6614272999972941,0.6614272999972941,,,1.0,1.0,0,0.0,0.0,False,0.0019377758976961354,0.04232732312536086,10,0.0019377758976961354,5,0.0009624589917824333,2,-0.03430145285910946,-0.029620722444946068,,0.0,0.0012772676479462968,,0.021373893301026535,0.04177182841045491,0.08031782440109074,0.03854599599063583,0.052021636775044434,0.016894626574735613,0.03929337046680483,0.05758650989334835,0.018293139426543516,0.03651339235082532,0.020657767590269306,0.5203942541353256|-0.4514491851525875|0.7180388732597148,0.6253192985177072|-0.7928851819118375|0.6387981488497001,0.2306096297963616|-0.6236155043408501|0.6088521798804489
129,,place,33,7.61489029373637e-60,2,2,0,0,2,0,2,,0.1187709579244256,0.002690932946279645,0.10305519588291645,0.012996042147278786,,0.10305519588291645,0.6621356772035597,0.6621356772035597,,,1.0,1.0,0,0.0,0.0,False,0.0018759565689656851,0.04203372433715888,10,0.0018759565689656851,5,0.0009906386233234366,2,-0.03467195560798508,-0.02991079938807495,,0.0,0.001412711041497138,,0.021437102377087226,0.041129601799476265,0.0819578046655915,0.04082820286611523,0.05406037231711586,0.016783488926785283,0.0391301753395377,0.056098234458063743,0.016968059118526044,0.03429827946934916,0.021171159116160132,0.5210490116845482|-0.4587769137106467|0.7174227517242523,0.6235452696415198|-0.8037693644149768|0.6321573549525124,0.22797372921596035|-0.6367490901089773|0.599225947311766
130,,place,32,2.572209372642415e-56,2,2,0,0,2,0,2,,0.12076045013964176,0.0026622579898685217,0.10514662298373878,0.012923319125548005,,0.10514662298373878,0.6608231046155638,0.6608231046155638,,,1.0,1.0,0,0.0,0.0,False,0.0018399073322901208,0.041365477978472454,10,0.0018399073322901208,5,0.0009015482431661975,2,-0.03505791735106634,-0.029513073580446303,,0.0,0.0014173510950902925,,0.02142757656673293,0.04000050704978831,0.08328596974016209,0.043285462690373776,0.05605771484490641,0.017098000477773503,0.03899501941497049,0.056346069771027296,0.01735105035605681,0.03480871642783675,0.020924262028444298,0.519716081661281|-0.46361530538621276|0.7170526159154121,0.6214144129924677|-0.8137190024313896|0.6254273023241308,0.22483865193566538|-0.6465129758328716|0.5895015431617207
131,,place,31,6.766675675168404e-53,2,2,0,0,2,0,2,,0.12107274192385375,0.002623292151838541,0.10554706817492843,0.012873105937615037,,0.10554706817492843,0.6520930026594629,0.6520930026594629,,,1.0,1.0,0,0.0,0.0,False,0.001782072073662204,0.04050298208500741,8,0.001782072073662204,4,0.0006694811372913723,1,-0.03523935694614977,-0.029655915324136473,,0.0,0.0009932732324693066,,0.021365451551270655,0.03896155319826337,0.08346614591958543,0.04450459272132206,0.056529806943186635,0.017690931610304734,0.037822671556629286,0.0561570492870225,0.01833437773039321,0.03536534489413362,0.02078905246682159,0.519851244259715|-0.46896210601526617|0.7184981369020932,0.6178722759494234|-0.8250707709025852|0.6176080712937555,0.22190383378007514|-0.6549482135491294|0.5786812101287369
132,,place,30,1.3863432936411706e-49,2,2,0,0,2,0,2,,0.12247086898423731,0.002686464926227927,0.1066708390135318,0.013085092883557081,,0.1066708390135318,0.6466406180223017,0.6466406180223017,,,1.0,1.0,0,0.0,0.0,False,0.0017300766699708293,0.039494454141998786,10,0.0017300766699708293,6,0.0007040692915474406,1,-0.0350051689197759,-0.029516928781816887,,0.0,0.0011934096944677807,,0.02126795221471915,0.037777260080334885,0.08319586674316976,0.04541860666283487,0.05714918487770638,0.01777971981656606,0.0369565349353064,0.05530204617023222,0.018345511234925817,0.03536682380072524,0.020702564080461304,0.5219502684677114|-0.4737149297778696|0.7188072167815327,0.6139379120249767|-0.8365420673105655|0.6071785820124642,0.21829737514021186|-0.6648890651330494|0.5662061693880148
133,,place,29,2.2120380336009962e-46,2,2,0,0,2,0,2,,0.12230906100012362,0.0026580297853797674,0.10623156907968223,0.013390443054959178,,0.10623156907968223,0.6397404466168698,0.6397404466168698,,,1.0,1.0,0,0.0,0.0,False,0.0016762006842341824,0.034796093766482766,10,0.0016762006842341824,6,0.0007368637706170744,1,-0.0351525356243414,-0.029607956341614283,,0.0,0.0014015536927777328,,0.021142380550892403,0.03688969202023942,0.08212126381743233,0.04523157179719291,0.056223032940971585,0.017879757900156737,0.03739512761863865,0.05491729253403802,0.017522164915399374,0.03422238710551368,0.02097254951130307,0.5235925160095511|-0.4776032015984609|0.7205463969635097,0.6083535518790453|-0.849860719526612|0.59674343243547,0.21547398867877346|-0.6723039708960719|0.552661212320381
134,,place,28,2.7487850079102147e-43,2,2,0,0,2,0,2,,0.12203227216377854,0.0026830427814275026,0.10584549908526242,0.013472814811393619,,0.10584549908526242,0.6399242373124486,0.6399242373124486,,,1.0,1.0,0,0.0,0.0,False,0.001619518357855447,0.029379226771663353,12,0.001619518357855447,7,0.0005841930549848884,1,-0.034944602035626104,-0.029635713123942864,,0.0,0.0013829816756120938,,0.021097899926647998,0.03636324980399681,0.08055745126032526,0.04419420145632846,0.05566720290000152,0.018049549687832914,0.03783063549552053,0.055464806404615076,0.017634170909094547,0.03435088909794942,0.020924223408055338,0.5258056892332904|-0.48197883327135993|0.7199319950163405,0.6019694003048273|-0.8633316025716339|0.5820342026833546,0.2123037339456951|-0.676892327243866|0.5392998961119457
135,,place,27,2.6602064159439866e-40,2,2,0,0,2,0,2,,0.12389545305632055,0.0026902209501713514,0.10731123108416796,0.013864507898688316,,0.10731123108416796,0.6267116125906356,0.6267116125906356,,,1.0,1.0,0,0.0,0.0,False,0.001606328615753657,0.029430170858282423,15,0.001606328615753657,10,0.0005767363170007533,1,-0.03447089764579836,-0.029435857839443358,,0.0,0.0014084055991980646,,0.0210683163155343,0.03716821007807109,0.07959838899823829,0.0424301789201672,0.05383541518495553,0.017987491715211107,0.03738867590478526,0.05550089486989888,0.01811221896511362,0.03391708681132626,0.02105480561566854,0.5278555479563682|-0.4837065323339788|0.7170548123420283,0.5945759146096613|-0.876475635195687|0.5632369929601478,0.2083867910482552|-0.681798340209476|0.5221649852159319
136,,place,26,2.005008781961654e-37,2,2,0,0,2,0,2,,0.15387680404819548,0.0025999618228524923,0.13699718401767313,0.014249353902414441,,0.13699718401767313,0.6160639098529659,0.6160639098529659,,,1.0,1.0,0,0.0,0.0,False,0.0015616047961771184,0.02939244567800675,16,0.0015616047961771184,11,0.0004664795140178618,1,-0.03469625055712022,-0.02967159599117508,,0.0,0.0014123001812752132,,0.021098540472527336,0.03780495403265198,0.07974530700403369,0.04194035297138171,0.05291269324911854,0.018286516846366348,0.0368517681028159,0.055855633551203356,0.019003865448387454,0.0346361280724327,0.020975793460184047,0.5311179605961123|-0.488976242582323|0.7150375512700384,0.5875053347135327|-0.8885216099770626|0.5427442730118225,0.20498250067422585|-0.6848699463112948|0.5046355747054967
137,,place,25,1.1769109439216723e-34,2,2,0,0,2,0,2,,0.12712248298339546,0.0026502020191401243,0.11034139501862228,0.01409761793911457,,0.11034139501862228,0.6160730352688845,0.6160730352688845,,,1.0,1.0,0,0.0,0.0,False,0.0015203519921656132,0.029150468496220966,17,0.0015203519921656132,12,0.0007491868147063985,1,-0.03526622454700146,-0.030077706461552722,,0.0,0.0014099759271253795,,0.021116351516127167,0.03760201398436941,0.07950908129241091,0.0419070673080415,0.05081775943582466,0.01775323392859275,0.035277974634717206,0.056168490844784216,0.02089051621006701,0.03593011567587357,0.021080763051183803,0.5351717197577973|-0.4955070973566665|0.7130512809620848,0.5788288697066486|-0.9025394204277162|0.5213747320068695,0.20128727652362285|-0.6884151091821313|0.48541267869069876
138,,place,24,5.380186160021138e-32,2,2,0,0,2,0,2,,0.127448818879202,0.002632325980812311,0.11079455306753516,0.013990565203130245,,0.11079455306753516,0.6154784691810534,0.6154784691810534,,,1.0,1.0,0,0.0,0.0,False,0.0014952653490158327,0.02902833548285097,17,0.0014952653490158327,11,0.0003517132071243767,1,-0.03535583110202545,-0.030315051491031753,,0.0,0.0014115873928237752,,0.021110814494224635,0.03719016018660909,0.08107061676793155,0.04388045658132246,0.05210493302284473,0.017867093194867036,0.03349995747610454,0.056629595811163363,0.023129638335058822,0.037950328706552384,0.02069560648932193,0.5392632735487964|-0.5000281701697954|0.7082626461732359,0.5730493800675802|-0.9126074431512275|0.496286768874118,0.19852567272537563|-0.6909668037195229|0.4639217655190445
139,,place,23,1.915478951967148e-29,2,2,0,0,2,0,2,,0.12732368684373796,0.0026442238595336676,0.11064792284741998,0.01400254713371396,,0.11064792284741998,0.6109167341295646,0.6109167341295646,,,1.0,1.0,0,0.0,0.0,False,0.0014530695131068673,0.0286293656778413,19,0.0014530695131068673,12,8.056739299576454e-05,1,-0.03703172996507753,-0.03089997664541677,,0.0,0.0014115860781141862,,0.021050605691014333,0.037038735688581556,0.0795831753088462,0.04254443962026465,0.052057711809536236,0.017960810082864487,0.032157867581038,0.05695928575016981,0.024801418169131804,0.03948751592683563,0.020361484931002774,0.5427898074733701|-0.5078083321505601|0.7047433644575416,0.566486528735995|-0.9212410457112361|0.46971079931657517,0.19587979646753684|-0.6939730009154134|0.4409685925119754
140,,place,22,5.311092249679095e-27,2,5,3,2,2,3,5,,0.30231883306987584,0.0026489621959626675,0.2791213379241526,0.013950805179774761,,0.2791213379241526,0.6178336405412488,0.6176971135866465,0.04327398526433902,0.02877300850789617,1.0,1.0,0,0.0,0.0,False,0.0014507201199147092,0.02894150607185214,19,0.0014507201199147092,12,0.000994974476004884,1,-0.03694321213200169,-0.030653537420134214,,0.0,0.00141291750942879,,0.021092760701632168,0.03578640923127751,0.07935259685698755,0.04356618762571004,0.05210527645390756,0.018177399054803273,0.0300754923830141,0.05862605730167078,0.028550564918656682,0.04115454612084982,0.019059095723651904,0.5452317457715232|-0.5138805892582408|0.6982526804706121,0.5604263052937184|-0.9305435574865412|0.4402085120381527,0.19036239418333667|-0.7003556567186404|0.41790946353353803
141,,place,21,1.146876582225596e-24,2,2,0,0,2,0,2,,0.12777574313804507,0.002634672913700342,0.11100043309852481,0.014110710006207228,,0.11100043309852481,0.6332404709516097,0.6332404709516097,,,1.0,1.0,0,0.0,0.0,False,0.004054408075616217,0.029150530319995954,20,0.004054408075616217,13,0.0005044360982847107,1,-0.039664294987847626,-0.03033278717918897,,0.0,0.0014144851371052387,,0.021220932610903524,0.03574854234825055,0.07622639003808979,0.04047784768983924,0.05129749023105835,0.01838133874129479,0.029128209657845315,0.0592506368228949,0.030122427165049585,0.04256092207961726,0.019022996304138087,0.5496443834284543|-0.5191003196082778|0.6899523122901101,0.553552431194246|-0.9388542815969632|0.4125909196999909,0.18828214671450869|-0.7041193313871787|0.3914884347640285
142,,place,20,1.9287498479639178e-22,2,2,0,0,2,0,2,,0.13004189496859908,0.0025965338572859764,0.11337084206752479,0.014045760035514832,,0.11337084206752479,0.6529711682140217,0.6529711682140217,,,1.0,1.0,0,0.0,0.0,False,0.0014463282338270482,0.029214549142305007,21,0.0014463282338270482,14,0.000147669240332729,1,-0.03891162729222408,-0.030713881597471016,,0.0,0.001412220644425639,,0.021341261421462785,0.03462375263846536,0.07438581819427621,0.039762065555810855,0.05314294317331241,0.019116158352671993,0.028020788934438465,0.059754238678055134,0.031733449743616665,0.043916394999866125,0.018938306659577485,0.5528983677210267|-0.5267535204766625|0.6828903863185636,0.5486760081960399|-0.9510223893476958|0.38587421252542187,0.18846465320224604|-0.7070505219456859|0.3644666433643765
143,,place,19,2.5261637809256925e-20,2,2,0,0,2,0,2,,0.13079039985314012,0.0026310228276997805,0.1141509828157723,0.013979246839880943,,0.1141509828157723,0.6649324302477659,0.6649324302477659,,,1.0,1.0,0,0.0,0.0,False,0.003304796215977318,0.029389397641415183,21,0.003304796215977318,14,0.0006508905093045858,1,-0.041737835766463505,-0.030620590020426164,,0.0,0.001414137049413683,,0.021382018878797128,0.03369328420338895,0.07325531175426941,0.039562027550880466,0.05588444240560168,0.018935281156653903,0.026296471248980664,0.060038763150154044,0.03374229190117338,0.0452043818269917,0.019106544744895877,0.5544720747814578|-0.5323555078844951|0.6736889660170692,0.5459785722181161|-0.9560886119402093|0.35579018806738966,0.18887126012658337|-0.7099818585211353|0.33611066335920164
144,,place,18,2.576757109154981e-18,2,2,0,0,2,0,2,,0.13055566512048244,0.0025901058688759804,0.11394119705073535,0.013994169887155294,,0.11394119705073535,0.6894885366311281,0.6894885366311281,,,1.0,1.0,0,0.0,0.0,False,0.0037624697567077148,0.030181855066782864,22,0.0037624697567077148,14,0.0004946658006298316,2,-0.04179813685181877,-0.030765364954179475,,0.0,0.0014047102162669815,,0.021459341712025976,0.033285469857844606,0.07348161540509385,0.04019614554724924,0.05846509856172374,0.018584584375557222,0.025350095900338942,0.06025522071201221,0.034905124811673266,0.045802843744252364,0.019017555816468638,0.5569486595530598|-0.5378408183582686|0.6621394734934491,0.5444643020234082|-0.963467575423872|0.32667752753788987,0.18906838624648323|-0.7137597650559162|0.30844408131010576
145,,place,17,2.0469717131642043e-16,2,2,0,0,2,0,2,,0.13016494596377015,0.002579747000709176,0.11336731305345893,0.014187679858878255,,0.11336731305345893,0.7120176257863939,0.7120176257863939,,,1.0,1.0,0,0.0,0.0,False,0.005371269164823042,0.03161607969133878,22,0.005371269164823042,14,0.00201957311976364,2,-0.04208550641700626,-0.031365328400561054,,0.0,0.001409116225695554,,0.021623919329008204,0.032705732092806486,0.07160162302055133,0.03889589092774484,0.058304410226791475,0.017948269694729804,0.024063446130862132,0.06036618731194809,0.03630274118108595,0.046589229114952224,0.01892736719077795,0.5614785060004601|-0.5438532105059491|0.6496441066756498,0.5413826622369023|-0.9713758603266043|0.3015881285988391,0.1893918744737497|-0.7167929885271869|0.28206217435951414
146,,place,16,1.2664165549094176e-14,2,2,0,0,2,0,2,,0.1526107108220458,0.002547072945162654,0.13603871199302375,0.0139951859600842,,0.13603871199302375,0.7433554423125683,0.7433554423125683,,,1.0,1.0,0,0.0,0.0,False,0.00569195266767826,0.032789378608236025,22,0.00569195266767826,14,0.0018088972082451332,2,-0.04219833970610409,-0.03155084482599868,,0.0,0.001405449124106149,,0.02194833862052667,0.03168998651567943,0.0714673151330106,0.03977732861733117,0.05957755838823036,0.01823909245906281,0.02323291434889417,0.06023196676410604,0.03699905241521187,0.045875889858432155,0.019441205471177763,0.5595051223123487|-0.5449923939116033|0.6355823765150644,0.5394795551386297|-0.9767466103943168|0.2765493500022833,0.18928934320203772|-0.7198484063015679|0.25485779602680353
147,,place,15,6.101936677605324e-13,2,2,0,0,2,0,2,,0.13134177797473967,0.0026014279574155807,0.11425601178780198,0.014456052100285888,,0.11425601178780198,0.7907574925331451,0.7907574925331451,,,1.0,1.0,0,0.0,0.0,False,0.005963714740737688,0.03401208841264944,20,0.005963714740737688,14,0.0020433874207274744,1,-0.04272688198727437,-0.03135559698876378,,0.0,0.0013817926319731333,,0.02232627078211547,0.030619936521373375,0.06754070071525599,0.03692076419388261,0.05998154411302403,0.018093238769065764,0.02300405103576325,0.061664344869013815,0.038660293833250564,0.04679614338537669,0.02009853226354055,0.5599412442150838|-0.5484847125223884|0.6237334576802352,0.5329791614240577|-0.98480803137134|0.2563511352269485,0.18929028629324582|-0.7202987636903752|0.2321144464727894
148,,place,14,2.289734845645553e-11,2,2,0,0,2,0,2,,0.13496923679485917,0.002630139933899045,0.11785336793400347,0.014455114025622606,,0.11785336793400347,0.8048013966289709,0.8048013966289709,,,1.0,1.0,0,0.0,0.0,False,0.006069157627203295,0.03542299246988517,20,0.006069157627203295,14,0.002399079788529615,1,-0.042609789204945514,-0.03171088645269293,,0.0,0.001384147252255553,,0.022473654283387,0.030423132318076654,0.06742430349295253,0.03700117117487588,0.05976069985014978,0.018219925146258115,0.022649022153710126,0.062075885239519964,0.03942686308580984,0.046384291880875034,0.020168664375165884,0.5606971153749175|-0.5548724179991775|0.6120553560104883,0.5299226728336233|-0.9895535219231297|0.23446497301524818,0.18947605158607625|-0.7211843286223725|0.21057589134986038
149,,place,13,6.691586091292782e-10,2,2,0,0,2,0,2,,0.1386465688701719,0.0025790040381252766,0.12142876698635519,0.014602456009015441,,0.12142876698635519,0.8193183756539021,0.8193183756539021,,,1.0,1.0,0,0.0,0.0,False,0.0014487998479574757,0.03674359514616238,19,0.0014487998479574757,14,0.0007010974863077002,1,-0.038018414151666846,-0.031113938760663373,,0.0,0.0013896481522770294,,0.022571981132211122,0.029357986456967522,0.071181017238334,0.04182303078136648,0.06365337931861587,0.018632286883462877,0.022605804200706885,0.061311454346506096,0.038705650145799214,0.04850925783287774,0.020548025715430716,0.5611660074631785|-0.5599905256051375|0.6004867158726503,0.5304986512528865|-0.9947878918853494|0.21547940206034377,0.18804923704520035|-0.7227879258789526|0.19129129389694344
150,,place,12,1.522997974471263e-08,2,2,0,0,2,0,2,,0.14599340595304966,0.0026391390711069107,0.12874727696180344,0.014572022017091513,,0.12874727696180344,0.8303225663694442,0.8303225663694442,,,1.0,1.0,0,0.0,0.0,False,0.001447642992093691,0.038325506877512794,19,0.001447642992093691,14,0.0005794607828260023,1,-0.038012619970986705,-0.031191303300234452,,0.0,0.0013962492703599142,,0.0228645285398463,0.028421487278345592,0.07151179694876152,0.043090309670415924,0.05830720166477619,0.018455832056695633,0.022795398613914934,0.05979708112431785,0.037001682510402915,0.048657691680012355,0.021015920793145425,0.5652078533617859|-0.5658038013977819|0.5879786568042819,0.5246174941194098|-1.0000689966390957|0.19375764650247657,0.1889984485927465|-0.7210984353426074|0.17616714264013117
151,,place,11,2.699578503363014e-07,2,2,0,0,2,0,2,,0.14920982997864485,0.002626769943162799,0.13163114013150334,0.014921894995495677,,0.13163114013150334,0.8337732555002301,0.8337732555002301,,,1.0,1.0,0,0.0,0.0,False,0.0014492698167177936,0.039281636224213434,18,0.0014492698167177936,14,0.0,0,-0.03745626998839313,-0.03189729692915222,,0.0,0.0014007956309900072,,0.02288373168230473,0.027491255393820906,0.07154640442637569,0.04405514903255479,0.059735162633857086,0.018577717923321545,0.024166264173624576,0.058434144605770164,0.034267880432145584,0.04680983561738031,0.02196126967480778,0.5646682236986312|-0.5673950973211643|0.5786247813381614,0.5216708658388558|-1.0028321246668195|0.18230964445199715,0.18895342219066616|-0.7197116848120109|0.16438587986924688
152,,place,10,3.726653172078671e-06,2,2,0,0,2,0,2,,0.15174455102533102,0.002629116177558899,0.13374923495575786,0.0153357470408082,,0.13374923495575786,0.8397278734986743,0.8397278734986743,,,1.0,1.0,0,0.0,0.0,False,0.0014986665735359783,0.04020061398690736,19,0.0014986665735359783,14,0.000722701938897452,1,-0.03770038747333082,-0.03267978527506088,,0.0,0.0014062998739943322,,0.02299280802491216,0.02702965980338548,0.07065124202032234,0.04362158221693686,0.056509814620269126,0.018661084209297386,0.023788094968484014,0.05770311756600209,0.03391502259751808,0.04698079359980124,0.021977224369006294,0.5654094746518313|-0.5687789710614635|0.5685192922655796,0.5160971442026278|-1.0058180562475305|0.16845320350753235,0.1884038321536036|-0.7179335840396119|0.15345459786535398
153,,place,9,4.006529739295107e-05,2,2,0,0,2,0,2,,0.15240836585871875,0.0026709481608122587,0.13471576594747603,0.014988292939960957,,0.13471576594747603,0.8462668488123872,0.8462668488123872,,,1.0,1.0,0,0.0,0.0,False,0.0014497753934047813,0.04091618291254409,19,0.0014497753934047813,14,0.0012712781890986818,1,-0.038258344275377,-0.03255314818780519,,0.0,0.0014135400663239336,,0.023112909743585416,0.02688294377487423,0.06942643392908195,0.04254349015420772,0.05405005686998666,0.018963973753149663,0.023580982661257258,0.05804708698705449,0.034466104325797234,0.047618374100358685,0.021904761374397088,0.5647740268900671|-0.5701037135421583|0.5606542244969607,0.5116959431248742|-1.0068995137443288|0.15671024784842497,0.18695022397759098|-0.7155881830340043|0.1445868360941306
154,,place,8,0.00033546262790251185,2,2,0,0,2,0,2,,0.15202774805948138,0.002647282090038061,0.13422409701161087,0.015127605991438031,,0.13422409701161087,0.8398852453711922,0.8398852453711922,,,1.0,1.0,0,0.0,0.0,False,0.0014639913853287181,0.041690167280504536,20,0.0014639913853287181,14,0.0008349243011674806,2,-0.038484821700127014,-0.03319065976466362,,0.0,0.001409044305625467,,0.023081091515973564,0.027578374618385686,0.06893208232913617,0.04135370771075048,0.051634377585555745,0.01885553478127797,0.023521168087791845,0.05762615166205529,0.03410498357426345,0.04788052766825163,0.021920173920991458,0.5653499421919415|-0.5733102533498552|0.5546230798946016,0.5085504358466713|-1.006990923292862|0.14590303847188651,0.18566664038554434|-0.7139768415815045|0.13808470671772935
155,,place,7,0.002187491118182885,2,3,1,1,2,1,3,,0.22805422102101147,0.002670863177627325,0.20292428811080754,0.015432926826179028,,0.20292428811080754,0.8313605487007166,0.8309131697508336,0.037223211780178206,0.03450482356309115,0.9999999999999999,1.0058545514223352,33,0.11534226633353084,0.013313806911114945,False,0.0014501415387464488,0.0421751747364732,19,0.0021489751312105954,12,0.0009999341894119523,3,-0.038848105968678937,-0.03501777777443493,,0.0,0.0014128688835972866,,0.022914227282325245,0.028482638957139813,0.06532111931867406,0.03683848036153424,0.048186478744447696,0.017965593762690458,0.02312318671560958,0.05760749425172126,0.034484307536111675,0.04910875005522811,0.021710490802238393,0.5641403639145869|-0.5721035113250493|0.5514633145591925,0.5033676241532697|-1.0073325817963938|0.1407971986211874,0.18416438688327763|-0.7122943744962185|0.13759536854496426
156,,place,6,0.011108996538242306,2,2,0,0,2,0,2,,0.15361162996850908,0.002678658114746213,0.135294817853719,0.015585180139169097,,0.135294817853719,0.8274622441840978,0.8274622441840978,,,1.0000000000000002,1.0296468270722086,33,0.5840809956953197,0.0674197052332265,False,0.0014499322006419207,0.04264119515209591,20,0.007328516060234547,12,0.0012240310929426401,4,-0.03934671363392361,-0.033969845234665286,,0.0,0.001398947972110166,,0.02280782670501121,0.029430555194348028,0.0635209259495346,0.03409037075518657,0.04879579736878773,0.017811131737473233,0.022366269712316186,0.05928389432859902,0.03691762461628283,0.0522684447339466,0.02164787922633727,0.5645782014823135|-0.573854273718886|0.54966721537703,0.502320303023244|-1.0057675720691608|0.13802573899940054,0.1821498757795152|-0.710204251902863|0.1376228174023157
157,,place,5,0.04393693362340742,2,2,0,0,2,0,2,,0.15064951102249324,0.0027037758845835924,0.13244110997766256,0.015475599095225334,,0.13244110997766256,0.8253187361053226,0.8253187361053226,,,1.0,1.115613992165196,34,2.3183053282376047,0.2650073718659795,False,0.0014498678435927864,0.04301148620499898,21,0.008619395416428366,12,0.0011250988340004708,4,-0.038759225019330046,-0.03288838341283551,,0.0,0.0013835828955662396,,0.022744058015440327,0.029674758276009964,0.06130687721014732,0.03163211893413735,0.046874862507773694,0.01791530034422982,0.022004248975370743,0.06041148487816196,0.038407235902791215,0.0542964219753651,0.021612356012923186,0.5628951954036062|-0.5757586258683046|0.5486264301456306,0.4971730538102736|-1.008708019810194|0.13801010532325944,0.18135209939291697|-0.7088386373939201|0.13756818164720036
158,,place,4,0.1353352832366127,2,2,0,0,2,0,2,,0.1529700248502195,0.0026858251076191664,0.13462222996167839,0.015626296866685152,,0.13462222996167839,0.8437047991012614,0.8437047991012614,,,1.0000000000000002,1.3458214095148935,34,6.93445145594034,0.7926827986320427,False,0.0014496704646579615,0.043395849895024846,21,0.00670149025878225,12,0.0012043511137232593,4,-0.03868579085595414,-0.03206112342105172,,0.0,0.0014035020110723204,,0.022851906598469668,0.028822959556492993,0.06373414408694617,0.03491118453045317,0.05167519646178161,0.01774349756687253,0.023525633929019848,0.060347476320342236,0.036821842391322385,0.05420436135232092,0.021844451057378516,0.5654535171503966|-0.5776540439365009|0.5464744255016495,0.5021662326886499|-1.0067635959750754|0.13807181969033405,0.18230138019820832|-0.7088265063186493|0.13757417683679607
159,,place,3,0.32465246735834974,2,2,0,0,2,0,2,right_hand|left_hand,0.15165938693098724,0.002693390939384699,0.1338117909617722,0.015121527016162872,,0.1338117909617722,0.8414286187633702,0.8414286187633702,,,1.0000000000000002,1.778180554488056,35,15.868779934658386,1.7974332706176481,True,0.0030200202357075073,0.043783688176502966,20,0.006064336136306719,11,0.0030200202357075073,4,-0.037226012565637845,-0.03080162670994646,,0.0,0.001388009590443265,,0.022782034935732196,0.028222029035005217,0.06252084132406607,0.03429881228906086,0.04980344547259837,0.0177126803120539,0.02496753139055983,0.06130591145026268,0.03633838005970285,0.053615231821730266,0.021783316721505415,0.5634808757801644|-0.5804145986022614|0.5453803015008061,0.4954035856582064|-1.013383865280239|0.13804575072191372,0.1818814779181587|-0.708976745280951|0.13747757264991015
160,,place,2,0.6065306597126334,2,2,0,0,2,0,2,right_hand|left_hand,0.1524328519590199,0.002741412026807666,0.13411920191720128,0.015540176071226597,,0.13411920191720128,0.8499723716934019,0.8499723716934019,,,1.0,2.328380167328632,36,27.525779204973627,3.09106771458294,True,0.003310489392870722,0.04367787633459233,21,0.0059366206472082905,13,0.003310489392870722,3,-0.03440485636203228,-0.03053877562003038,,0.0,0.0014035122221127986,,0.02281550057628252,0.027716878355266827,0.0631256085298975,0.03540873017463067,0.04931073407736573,0.01772054045368313,0.026678162967446153,0.06115813334571052,0.03447997037826436,0.05472180807622723,0.022375387832317115,0.5623179319517024|-0.5817194983920329|0.544006389041298,0.4900184101684036|-1.0195763301249143|0.13796805965396258,0.18193871813401316|-0.7100865852962222|0.13726862215166596
161,,place,1,0.8824969025845955,2,2,0,0,2,0,2,right_hand|left_hand,0.1520360209979117,0.002689907094463706,0.13399648503400385,0.015317176934331656,,0.13399648503400385,0.855530471790943,0.855530471790943,,,1.0,2.7908301873992154,36,37.10835011266569,4.167163520441786,True,0.0014483609060571105,0.04368898696874235,21,0.005039517427734258,13,0.0009970744672584547,3,-0.03295285451968866,-0.030619350892120423,,0.0,0.001345125003233489,,0.022844443276675758,0.027859850731173672,0.06389732566784206,0.036037474936668396,0.04961393761144046,0.017679679488710458,0.028178550168756502,0.06100417963660282,0.03282562946784631,0.054563772488117744,0.022000650037849484,0.561920000121827|-0.5841338436650669|0.543778846212356,0.48793642689006933|-1.022578281077855|0.13797933656401762,0.1829677048304516|-0.7092111015705701|0.13631198167561057
162,place,place,0,1.0,2,2,0,0,2,0,2,right_hand|left_hand,0.1508055350277573,0.0027274948079138994,0.13282362301833928,0.01521597383543849,,0.13282362301833928,0.8455602447299713,0.8455602447299713,,,1.0,2.967741935483871,36,40.77419354838709,4.5788274448849045,True,0.0014485901955884027,0.04370295422475348,20,0.0034113582408976384,12,0.00099629576331825,3,-0.032782387337405794,-0.03274903764343762,,0.0,0.0013927152209951268,,0.022793571204112437,0.029374126293451857,0.06348747566376563,0.03411334937031377,0.04831959062552091,0.01767877455900148,0.029207366910765007,0.0596385208468156,0.03043115393605059,0.05214911015025271,0.022037615946309593,0.5584794999516809|-0.5851823590643264|0.544210197239558,0.4862239020165484|-1.023903163081665|0.1379967994616638,0.18387063079107485|-0.7097604999469931|0.134326829354327
163,place,place,1,0.8824969025845955,2,2,0,0,2,0,2,right_hand|left_hand,0.15121456910856068,0.0027562000323086977,0.13318957993760705,0.015235787024721503,,0.13318957993760705,0.8283365406782124,0.8283365406782124,,,1.0000000000000002,2.7745392736699923,37,37.33537234997786,4.1588869621128115,True,0.0014500757998976502,0.04367992837831919,20,0.0027335402352362537,12,0.00099948666363113,3,-0.033180691031473586,-0.03189534182789089,,0.0,0.001339736660274511,,0.02275797822904345,0.03150428727660695,0.062930084133688,0.03142579685708105,0.04646919069286618,0.017815827271406365,0.03064899263967678,0.05997536453784279,0.029326371898166007,0.04945282083046615,0.02188781393068121,0.5576943536896922|-0.5855842733146583|0.5438791925328846,0.48514901105977126|-1.0246573265772672|0.1379694791074303,0.18141851703368017|-0.7127568364685719|0.13429912300911898
164,place,place,2,0.6065306597126334,2,2,0,0,2,0,2,right_hand|left_hand,0.1514274210203439,0.002686171093955636,0.13350938400253654,0.015199363930150867,,0.13350938400253654,0.8025811071063115,0.8025811071063115,,,1.0000000000000002,2.308273513192924,38,27.9271058855836,3.0873763268009644,True,0.0014501493919143252,0.04363149458754981,20,0.0033070616425555366,12,0.0009995679305416366,3,-0.03412535274506112,-0.03129336616303213,,0.0,0.0013881864897687484,,0.02256952378307525,0.0342397784909616,0.062179406075840625,0.027939627584879022,0.04430816426413984,0.0178774513067649,0.03187776298455548,0.06073763814073511,0.028859875156179625,0.04625488159304855,0.021381864585356423,0.5571352689922286|-0.5869861652616833|0.5439750839027908,0.4849734622927467|-1.0241340849484304|0.13786661964816496,0.18034985314942464|-0.7134530934627884|0.13431437217737258
165,place,release,2,0.6065306597126334,2,2,0,0,2,0,2,right_hand|left_hand,0.15127365197986364,0.0026810569688677788,0.13338800077326596,0.015169765101745725,,0.13338800077326596,0.78000856693192,0.78000856693192,,,0.9999999999999999,2.2983498490622996,39,28.099386137321822,3.0844571971356034,True,0.0014502114333980777,0.04325470190592895,19,0.0036989498235192875,12,0.0009997957792233642,2,-0.035838170429318694,-0.03145249468945721,,0.0,0.0013096395812243404,,0.022456127676003333,0.03852701768521481,0.0613895154243794,0.022862497739164586,0.04092639338640224,0.0180768926207319,0.03195709422104406,0.0607621156163085,0.02880502139526444,0.041752237497384014,0.02067503090112927,0.556076906312644|-0.5872146896275565|0.5449879631273971,0.4864113195422878|-1.021771132632407|0.13769619523686283,0.1807841960267424|-0.7128783292393309|0.1341668388524625
166,place,release,1,0.8824969025845955,2,2,0,0,2,0,2,right_hand|left_hand,0.17457201704382896,0.002744853962212801,0.15627994597889483,0.015511407982558012,,0.15627994597889483,0.7548784011578566,0.7548784011578566,,,1.0000000000000002,2.726788032343995,40,37.86312629059922,4.128769573438973,True,0.0014501670409474803,0.04310544555672324,20,0.0033454913191396374,12,0.000999423400629612,3,-0.03776459422221734,-0.03079856025686567,,0.0,0.0010336952556013362,,0.022508266004928043,0.044143587607936095,0.05988901095456454,0.015745423346628443,0.035159190557114514,0.01828825209057973,0.032630351534713914,0.061232546755385794,0.02860219522067188,0.03656138514535466,0.020597897250177993,0.5547317256503289|-0.5876400505385697|0.546110619643158,0.485015431067508|-1.0209293830698558|0.13767188712302286,0.17847186521842057|-0.7153736653390664|0.1341385841892054
167,place|release,release,0,1.0,2,2,0,0,2,0,2,right_hand|left_hand,0.1515003319364041,0.002790795173496008,0.13349224999547005,0.01518378988839686,,0.13349224999547005,0.7300256409669184,0.7300256409669184,,,1.0,2.875,41,41.625,4.511054131242497,True,0.0014501381261835186,0.04304696452806711,20,0.0032885224614347397,12,0.0009996391665308552,3,-0.03902827879123549,-0.030847833698958382,,0.0,0.001010340854231138,,0.022549679141373125,0.05102108597820686,0.05940334902974887,0.008382263051542015,0.02679941642396358,0.017918272975153113,0.03403831060581309,0.06110284316320643,0.027064532557393342,0.03162501645973791,0.02076802554485819,0.5540938645929633|-0.5875845863250392|0.5474928034046546,0.48629661236638816|-1.018944612102876|0.1375689578710448,0.17869248825053005|-0.7151077893686368|0.13408121935096906
168,release,release,1,0.8824969025845955,2,2,0,0,2,0,2,right_hand|left_hand,0.15144403092563152,0.0027341488748788834,0.13365455297753215,0.015019905054941773,,0.13365455297753215,0.7178939008933106,0.7178939008933106,,,1.0,2.6806526282509533,43,38.16998989262567,4.091227434978744,True,0.0014485773021419047,0.04274647873126533,18,0.00327682267585247,12,0.000984572584986368,2,-0.03912619819102048,-0.029267685227397422,,0.0,0.0014122792089187248,,0.022484857111180402,0.057945770332680925,0.0610885856024539,0.003142815269772975,0.021176391940462634,0.017967190485365634,0.03768593914257465,0.06474953902294717,0.02706359988037252,0.028563492299764612,0.02046253422429268,0.5537988980027825|-0.5873808038517895|0.5528092620096865,0.4911692375715048|-1.0162237975035786|0.13757479960473895,0.17773599228471396|-0.7144087452079347|0.14386022778431126
169,release,release,2,0.6065306597126334,2,2,0,0,2,0,2,right_hand|left_hand,0.14912943495437503,0.0027321921661496162,0.13156046601943672,0.014804706908762455,,0.13156046601943672,0.722060647148508,0.722060647148508,,,1.0000000000000002,2.2499845007681794,44,28.68651298732629,3.0597582106507,True,0.0014482918197368522,0.04237506894373497,16,0.0033650770584381373,11,0.0008233912691813505,1,-0.03211482559120782,-0.02831616649129387,,0.0,0.001409667414674812,,0.022362070607570686,0.06520212713187788,0.06658126771502236,0.001379140583144478,0.018330843467334355,0.018275271127643704,0.04522794336980984,0.0715144498637769,0.026286506493967063,0.025890058069796253,0.020274130459189736,0.5508511752193946|-0.5868172868274831|0.5614969311079742,0.49825295808557696|-1.0164836389472733|0.14375157261403904,0.17959665026753702|-0.7106262594973152|0.15863234809609808
170,,release,3,0.32465246735834974,2,2,0,0,2,0,2,right_hand|left_hand,0.14561229990795255,0.0026802080683410168,0.12852315581403673,0.014377271989360452,,0.12852315581403673,0.7240760331321626,0.7240760331321626,,,1.0,1.734081581717199,45,17.01283665736482,1.8065098415291179,True,0.0014218921244374752,0.041805498383622464,14,0.0033603405169984057,10,0.0,0,-0.02074109344324171,-0.030141363329455828,,0.0,0.0014133209438984822,,0.022162707643336544,0.07218582435300443,0.07665352369073543,0.0044676993377310015,0.019108965214347257,0.018326277298762707,0.049393140583701305,0.06864485141660871,0.019251710832907408,0.02249243723290222,0.02011387549445581,0.5482564428844087|-0.5853970175246556|0.5713966652541821,0.5084673534192513|-1.0172316464764362|0.1559900138218238,0.1856640674772788|-0.7022727964876834|0.17486287447712032
171,,release,4,0.1353352832366127,2,5,3,2,2,3,5,,0.35755782714113593,0.0026759328320622444,0.33394067687913775,0.014149349881336093,,0.33394067687913775,0.7300185553746852,0.7301453037784975,0.011653462676805879,0.018289079343790066,0.9999999999999999,1.3293494469922107,45,7.632895967454615,0.810499857388891,False,0.0014069948383454087,0.04077050769574703,13,0.0033176622921406163,9,0.0,0,-0.005038982830900096,-0.02633453573097988,,0.0,0.0014137333524851493,,0.021977367774469885,0.0817515852275083,0.09348316519977391,0.011731579972265607,0.022184125537522206,0.0189195466325572,0.05656154740956927,0.07479521683139678,0.01823366942182751,0.02388906668751147,0.019692478059337014,0.5458295667942858|-0.5854811143720599|0.5841434576757374,0.5231452742160885|-1.0161885020404235|0.174809608517348,0.18782610830099877|-0.6931839196261881|0.19393497427429846
172,,release,5,0.04393693362340742,2,2,0,0,2,0,2,,0.1374834158923477,0.002722637029364705,0.12116150697693229,0.013567989924922585,,0.12116150697693229,0.7274003984620406,0.7274003984620406,,,1.0,1.109762989513574,48,2.6103362147801494,0.2741218869337599,False,0.001435821077395618,0.03992599012278633,13,0.0032773474505289335,9,0.0,0,0.012241753713365,-0.01185704217209782,,0.0,0.001350218111254449,,0.021884987960754793,0.08741630480404104,0.0959912610744471,0.008574956270406053,0.023951008391423348,0.018927247893166178,0.06847629255171706,0.09041847347612297,0.02194218092440592,0.026439904498110477,0.020453154583928827,0.5456642375957028|-0.5847503999335278|0.596205761528645,0.538416323108171|-1.0134664602641419|0.193754713794481,0.1870195887991011|-0.6801256685349198|0.21359174282057997
173,,release,6,0.011108996538242306,2,2,0,0,2,0,2,,0.13079803297296166,0.0027105920016765594,0.11490735807456076,0.013146993005648255,,0.11490735807456076,0.7196327612072396,0.7196327612072396,,,0.9999999999999997,1.0281623262270227,48,0.6697443315696051,0.07033254141498103,False,0.0014358499174131137,0.039288038218892235,13,0.003212840348059298,9,0.0,0,0.028096126276732747,0.0018404134694804952,,0.0,0.001413647627816413,,0.021795203456338584,0.08849723896939748,0.10095740552387127,0.012460166554473781,0.02414050127631475,0.019276726648157744,0.07654651471494775,0.09801947962298621,0.02147296490803846,0.02760848410661497,0.020200168337992944,0.5465315767969232|-0.5859012768000398|0.6080528991505761,0.5537648286888038|-1.0086114087404034|0.211456512493177,0.18824002457409614|-0.6677914421236053|0.23167349654728092
174,,release,7,0.002187491118182885,2,2,0,0,2,0,2,,0.12513582897372544,0.0027371258474886417,0.10953302588313818,0.012836680049076676,,0.10953302588313818,0.7027595711813842,0.7027595711813842,,,0.9999999999999999,1.0055678396386105,48,0.13241196792437093,0.01390511241215617,False,0.0014041374819173703,0.03853709688537427,13,0.0032808881487431663,9,0.0,0,0.04504498232886256,0.01764967781634752,,0.0,0.001412995613754566,,0.021623281003227465,0.09535643335873249,0.10410270377388699,0.008746270415154495,0.024301045707051928,0.01915482527704589,0.08196116553129464,0.09946254386744213,0.017501378336147497,0.02807684209521193,0.02017680972220112,0.5473443948177678|-0.5833637487924215|0.6190794986164739,0.5698303494556824|-1.0025360671232397|0.23202036020875866,0.19029533399722937|-0.6556383011650508|0.25116954597148783
175,,release,8,0.00033546262790251185,2,2,0,0,2,0,2,,0.11960655287839472,0.002668198198080063,0.10450400109402835,0.012406508903950453,,0.10450400109402835,0.7084459422394873,0.7084459422394873,,,1.0,1.0,0,0.0,0.0,False,0.0014652388839009045,0.03780517776038428,14,0.0032480913721732174,9,0.0,0,0.04597397077448662,0.01807647613074792,,0.0,0.0014119955340589278,,0.02167208850293552,0.10933019893862801,0.11393383649760316,0.004603637558975152,0.024776068068786475,0.01926002069650048,0.09345158665985749,0.1047101054120754,0.011258518752217908,0.02653932318612569,0.02039901367706718,0.5500748510691637|-0.5828475995649315|0.6306090212955144,0.5869888346961629|-0.9949477945154142|0.2554583070431707,0.19357236604088313|-0.6443335027840638|0.2711228935064579
176,,release,9,4.006529739295107e-05,2,2,0,0,2,0,2,,0.14067140594124794,0.002660327823832631,0.12541053304448724,0.01255694217979908,,0.12541053304448724,0.7051491130004063,0.7051491130004063,,,1.0,1.0,0,0.0,0.0,False,0.0014008894830741664,0.03706161265352742,13,0.0032414610302861635,8,0.0,0,0.04896544171983308,0.01748579212804735,,0.0,0.001416675304100897,,0.021648832322233764,0.11992225228588647,0.13119470744590025,0.01127245516001378,0.025853548919506857,0.019366669695782754,0.10911909928107438,0.1150374010616964,0.005918301780622012,0.02499659097706341,0.02038298704143182,0.5496773981042541|-0.5863006171859801|0.6440803673610712,0.607394101167244|-0.9817253365405318|0.28233536107691853,0.19721215349041102|-0.6331390401579066|0.2944734699770066
177,,release,10,3.726653172078671e-06,2,2,0,0,2,0,2,,0.1157697921153158,0.0026679299771785736,0.1005873279646039,0.012484163045883179,,0.1005873279646039,0.6997921925539539,0.6997921925539539,,,1.0,1.0,0,0.0,0.0,False,0.0013900095833815143,0.036083420254744675,14,0.003209678411143918,9,0.0,0,0.05603822125091362,0.023150506251981895,,0.0,0.0013693716627514302,,0.021497909990969434,0.12856650670278466,0.1308519056452133,0.002285398942428629,0.026554351083088693,0.01942975674140999,0.11736156216501047,0.12755093133107953,0.010189369166069065,0.025333111523854104,0.01913669247238966,0.5495824477527343|-0.5927867250574445|0.6602695761751273,0.6258075866128631|-0.9688163583155311|0.3115210764910939,0.20607269381665994|-0.6177411358396475|0.3255869155782573
178,,release,11,2.699578503363014e-07,2,2,0,0,2,0,2,,0.11249472806230187,0.0026522139087319374,0.0974602431524545,0.012353114085271955,,0.0974602431524545,0.6788586235352607,0.6788586235352607,,,1.0,1.0,0,0.0,0.0,False,0.0014439988889156999,0.035285128987703335,14,0.0032372118068071387,9,0.0,0,0.06804739932359638,0.03324272887676827,,0.0,0.0014143318310938051,,0.02130057426322927,0.1450407403415181,0.13627148473768183,0.008769255603836262,0.02690577979358704,0.01932757282278151,0.12793315693065788,0.14106167804837255,0.013128521117714675,0.026264743872123415,0.01911902598379431,0.5441630012256383|-0.5981611042881203|0.6735466873610203,0.6425104050531478|-0.9572909154057845|0.34243625173500825,0.2118878159509904|-0.6051143326783014|0.35120513565159356
179,,release,12,1.522997974471263e-08,2,2,0,0,2,0,2,,0.10601420793682337,0.0026828949339687824,0.09105136198922992,0.012249181047081947,,0.09105136198922992,0.6637514611218144,0.6637514611218144,,,1.0,1.0,0,0.0,0.0,False,0.0014633182972734436,0.03444580892366564,13,0.0032177457428858303,8,0.0,0,0.08456054083509734,0.043503650634271196,,0.0,0.0014109644523058094,,0.021172750150032792,0.16799531309944574,0.14999346786704373,0.018001845232402003,0.02745326928858074,0.019276715617276893,0.1430239994661397,0.15117546923154432,0.008151469765404623,0.026266737170393437,0.01915469626632729,0.5398031485187693|-0.5985137339978783|0.685075920866707,0.657723035921682|-0.9435255857635283|0.3779722410822201,0.21861444243378728|-0.5937815342203911|0.37805998751786196
180,,release,13,6.691586091292782e-10,2,2,0,0,2,0,2,,0.10188718792051077,0.0026548949535936117,0.08695607609115541,0.012246567057445645,,0.08695607609115541,0.6685705976131087,0.6685705976131087,,,1.0,1.0,0,0.0,0.0,False,0.0014637887639143872,0.03340728031825613,13,0.0032865042744878725,8,0.0,0,0.10462801154928947,0.055045230110620125,,0.0,0.0013823942636620734,,0.021223189161612574,0.19553606696033513,0.17132998704139416,0.02420607991894097,0.02765417529713401,0.01947920058759844,0.1612148843364886,0.1599989891177947,0.001215895218693891,0.024968578061621647,0.019234057865875565,0.5357559110654092|-0.6018272956145398|0.6961582377601462,0.6719347957803765|-0.9300736896557182|0.41230674707749165,0.22799667123806924|-0.5843907571111681|0.4072160147025771
181,,release,14,2.289734845645553e-11,2,2,0,0,2,0,2,,0.0997495329938829,0.002681032055988908,0.08494321000762284,0.012095696991309524,,0.08494321000762284,0.6706668054508218,0.6706668054508218,,,1.0,1.0,0,0.0,0.0,False,0.0014652526388153134,0.032134879530651556,15,0.0033173785393516286,9,0.0,0,0.12594143391654455,0.06959001066741877,,0.0,0.001410300385657062,,0.02125473932467966,0.2254965775237558,0.19691590546918494,0.02858067205457085,0.027407489798132147,0.019627480008904487,0.18111092103285248,0.17506080349604086,0.006050117536811617,0.025553007553868367,0.019307056709735714,0.5346854377918491|-0.6053904190584308|0.7065840343059326,0.684968837498425|-0.9159831547932566|0.4460012229923875,0.2324983430396999|-0.5768311055386909|0.43598395564546566
182,,release,15,6.101936677605324e-13,2,2,0,0,2,0,2,,0.09844628116115928,0.002661094069480896,0.08364798501133919,0.012105884030461311,,0.08364798501133919,0.6847754228628214,0.6847754228628214,,,1.0,1.0,0,0.0,0.0,False,0.0014657334136037176,0.03082118272954995,15,0.003268673999005517,9,0.0,0,0.1455412838323653,0.08179057163314418,,0.0,0.001375019966137969,,0.02149983556798429,0.2560121685361162,0.22294349965655952,0.03306866887955667,0.028333184882104418,0.019747949790469975,0.2015446298344794,0.18840906877605215,0.013135561058427253,0.024461117543491683,0.019762077377915736,0.5324766444678598|-0.6106433550003747|0.717279005028104,0.6950274802372907|-0.9041649846324915|0.47772300569938697,0.2418190001749886|-0.5748622599789561|0.4658211304880605
183,,release,16,1.2664165549094176e-14,2,5,3,2,2,3,5,,0.23307826789095998,0.0026962319388985634,0.21247151494026184,0.012356100836768746,,0.21247151494026184,0.6928374763925276,0.6927524570846049,0.03548629382029478,0.017334397127744816,1.0,1.0,0,0.0,0.0,False,0.001406441536131755,0.02972083240548634,11,0.003248747666651869,7,0.0,0,0.16696085920992232,0.095934700026433,,0.0,0.0014143104456483032,,0.02160545523735693,0.2856512034311202,0.2502350801151862,0.03541612331593402,0.0286183892386091,0.020098276458216907,0.22180153031505706,0.20455769447314695,0.01724383584191011,0.023743673319580577,0.01989184634527074,0.5293538438630588|-0.6124009786604783|0.7269075940740506,0.7042683499049196|-0.8909236451791099|0.5088990071637911,0.2464834662652316|-0.5728608875236794|0.4917638511086999
184,,release,17,2.0469717131642043e-16,2,2,0,0,2,0,2,,0.09726084885187447,0.002610358875244856,0.08259126706980169,0.012029692996293306,,0.08259126706980169,0.7139198083582723,0.7139198083582723,,,1.0,1.0,0,0.0,0.0,False,0.001417767461906607,0.029623361942154564,11,0.003252260322485906,7,0.0,0,0.18759560966445754,0.11452172373069658,,0.0,0.0014115590839106,,0.02190404428886439,0.3130544755253803,0.2780473506505529,0.03500712487482738,0.026817880973986102,0.01948452251845459,0.24108689094692043,0.22437955515405467,0.016707335792865763,0.024276517816446377,0.02033705428315693,0.5236050313271927|-0.6166421883164896|0.7365295364446767,0.7111021857747533|-0.8772234585577876|0.5405778246038428,0.2524343486311765|-0.5691074417523735|0.5190262395837769
185,,release,18,2.576757109154981e-18,2,2,0,0,2,0,2,,0.0961098859552294,0.0026436271145939827,0.0812132409773767,0.012224012054502964,,0.0812132409773767,0.7244682753774834,0.7244682753774834,,,1.0,1.0,0,0.0,0.0,False,0.0014470096568218113,0.02937158965947889,11,0.003276638306620089,7,0.0,0,0.20030756458166898,0.1339019132711723,,0.0,0.0014207240923064905,,0.022071949728986476,0.33778397384238973,0.29870646120278543,0.039077512639604295,0.027470489601434285,0.019361982602926674,0.2589417099700439,0.24520789801036652,0.013733811959677378,0.026095437027064756,0.020046113411187474,0.5196655308499872|-0.6232479663172893|0.7459831566127468,0.7140073449830078|-0.8641926777743754|0.5643002189185928,0.25599127725296883|-0.5687335219741367|0.5472200980698108
186,,release,19,2.5261637809256925e-20,2,2,0,0,2,0,2,,0.09253630694001913,0.002709010150283575,0.07780919503420591,0.0119879140984267,,0.07780919503420591,0.6704412798171688,0.6704412798171688,,,1.0,1.0,0,0.0,0.0,False,0.0013997102826601576,0.02898117306459569,11,0.0032708946587824417,7,0.0,0,0.21529963216509174,0.14918952578768696,,0.0,0.0014197135605796705,,0.021447296785473604,0.359344136490238,0.32222831740615837,0.037115819084079626,0.025093841004016258,0.01934967938016189,0.27530081417143243,0.2629611357439418,0.012339678427490619,0.027425384957683773,0.019974442493225223,0.5255267296812476|-0.6404599144111777|0.7558296032110188,0.7141265829406953|-0.8571099808980592|0.5929835541176249,0.2630077188701523|-0.5704517694949671|0.5721845803487781
187,,release,20,1.9287498479639178e-22,2,2,0,0,2,0,2,,0.08900531590916216,0.0026725970674306154,0.07445402001030743,0.011850224109366536,,0.07445402001030743,0.6646684002478082,0.6646684002478082,,,1.0,1.0,0,0.0,0.0,False,0.0014372356640135059,0.02879813570132564,11,0.003246855073097632,7,0.0,0,0.22120178862685336,0.1588425243398035,,0.0,0.0014187058328281987,,0.021442568805086024,0.3770095537397474,0.33682228746862214,0.04018726627112529,0.01848377977789288,0.020556712755553465,0.2895092066965269,0.27760704038061795,0.011902166315908957,0.026558936907266635,0.019348174763558157,0.5233770393800511|-0.6536429974451804|0.7643974414872899,0.7068472596995331|-0.8464239767811188|0.6142821071749391,0.2641019612302095|-0.5795860843809385|0.5948923032679847
188,,release,21,1.146876582225596e-24,2,2,0,0,2,0,2,,0.08777564112097025,0.0026462068781256676,0.07328810286708176,0.01181134907528758,,0.07328810286708176,0.6397568184326098,0.6397568184326098,,,1.0,1.0,0,0.0,0.0,False,0.0014111838485662866,0.028348311605784493,11,0.0032757478639100224,7,0.0,0,0.24600643116571774,0.1659752435363817,,0.0,0.0014179434121643127,,0.021061432695629923,0.39003915902423797,0.3632442249006037,0.026794934123634262,0.013799931712655575,0.03349329893934773,0.30052213316320486,0.2880874023259837,0.012434730837221186,0.02387632389720651,0.01949293650174252,0.5188365734414506|-0.6677081261991504|0.7706318538725863,0.7087020165354058|-0.825342732056633|0.6409122104178854,0.26785686607674863|-0.5884887966858636|0.6118594335365669
189,,release,22,5.311092249679095e-27,2,2,0,0,2,0,2,,0.09024524502456188,0.0026417348999530077,0.07567469403147697,0.011900127166882157,,0.07567469403147697,0.6277067767203264,0.6277067767203264,,,1.0,1.0,0,0.0,0.0,False,0.0013557209173134417,0.027911760838343763,11,0.0032510369856921795,7,0.0,0,0.25030088164539777,0.16950249394736439,,0.0,0.0014437745138709257,,0.02097996660906686,0.3983120323993477,0.3718464552676443,0.02646557713170339,0.013487653661602525,0.03135609333658391,0.3083592293239548,0.2967372039907443,0.011622025333210495,0.020910196186717484,0.018822413735985404,0.5205586611124853|-0.6882463366625499|0.7723691168476141,0.7088613464077222|-0.8255511683525948|0.6509193233452641,0.2751973520002387|-0.6053981849810166|0.6295204822793768
190,,release,23,1.915478951967148e-29,2,2,0,0,2,0,2,,0.09060434810817242,0.002648107009008527,0.07650947105139494,0.011419115122407675,,0.07650947105139494,0.5967782022915332,0.5967782022915332,,,1.0,1.0,0,0.0,0.0,False,0.0014049902403447563,0.027234183971552473,11,0.00328116008836285,7,0.0,0,0.2540239476176911,0.1724897931475997,,0.0,0.0010619686465063553,,0.020621756036689275,0.40278409391672254,0.3788273443175468,0.023956749599175764,0.012569336676795271,0.03011562073994925,0.31361655247816944,0.3052094384356229,0.008407114042546515,0.020862486228398654,0.018436079541387866,0.523375050918627|-0.7066532707006711|0.7728785302060189,0.7072597004555031|-0.8252984354573902|0.6598266892700307,0.2776479298051709|-0.6151365947656668|0.6421879572610953
191,,release,24,5.380186160021138e-32,2,2,0,0,2,0,2,,0.113744837930426,0.002699584001675248,0.09915939695201814,0.011855487013235688,,0.09915939695201814,0.5786293523478289,0.5786293523478289,,,1.0,1.0,0,0.0,0.0,False,0.001413762708279049,0.02705767100342693,11,0.003271797423049755,7,0.0,0,0.2591811579500085,0.16964039304181533,,0.0,0.0012896539846715966,,0.0204398858235835,0.4038420920325744,0.38598838564887705,0.01785370638369732,0.015303866697302241,,0.3166459060158779,0.3082010585630107,0.008444847452867166,0.018694316244230083,0.01808436689050128,0.5264500378549415|-0.7212225891458699|0.7730871797703877,0.7079441345055815|-0.8241110605660734|0.6674944757781847,0.2841701278037253|-0.6262232910635771|0.6493979668138025
192,,release,25,1.1769109439216723e-34,2,2,0,0,2,0,2,,0.09004599484615028,0.0026921378448605537,0.07566073699854314,0.011659742100164294,,0.07566073699854314,0.5793418194380228,0.5793418194380228,,,1.0,1.0,0,0.0,0.0,False,0.0014450863862395767,0.028027995029716868,11,0.0032728570565166704,7,0.0,0,0.2559494303594292,0.16282834721856432,,0.0,0.0013986445710279431,,0.020578729841718837,0.40227656445836085,0.38474115753388255,0.017535406924478303,0.01744553955011608,,0.3184100408027123,0.30865508123032176,0.009754959572390531,0.014815216724117317,0.018886575407711246,0.5323653174862941|-0.7376957826053587|0.7711914236772988,0.7084041725783816|-0.8357747870225497|0.6676857703186398,0.2923641543515745|-0.6404890454621128|0.6541370914756053
193,,release,26,2.005008781961654e-37,2,2,0,0,2,0,2,,0.09094712720252573,0.0026483770925551653,0.07658068789169192,0.011688619153574109,,0.07658068789169192,0.5728786754650903,0.5728786754650903,,,1.0,1.0,0,0.0,0.0,False,0.001447830669111097,0.02876159697873784,11,0.0032953839276314845,7,0.0,0,0.2476160686803368,0.15896909203779863,,0.0,0.0014133225020406543,,0.02049045787803787,0.39822651118405494,0.37899189962443286,0.019234611559622083,0.01782746954170523,0.021236767216838356,0.3193566613925735,0.3108569535662125,0.008499707826361003,0.014953192013947503,0.019895234426923102,0.5360241759739642|-0.7568612139379753|0.7695011752251789,0.7078078550977165|-0.8617406789673479|0.664139664185,0.2970814338710094|-0.655937108180269|0.6596599672075711
194,,release,27,2.6602064159439866e-40,2,2,0,0,2,0,2,,0.09640536899678409,0.002658213023096323,0.08163161994889379,0.012085087830200791,,0.08163161994889379,0.567927694672381,0.567927694672381,,,1.0,1.0,0,0.0,0.0,False,0.0014488952979798582,0.02904132634447401,14,0.0033404760773517728,9,0.0,0,0.23952072963557036,0.15452553555054216,,0.0,0.0012516940110605106,,0.020388586910269325,0.3923473930866343,0.37395472305394867,0.018392670032685632,0.019044122614426742,0.021790660418035162,0.31994222454913385,0.31224010383406475,0.007702120715069094,0.01383891496029536,0.02013044146158078,0.541734271037744|-0.7743755704898688|0.7682710284624675,0.7054624009056472|-0.8856745654577156|0.6604651015038459,0.303523651148206|-0.6729755593732406|0.6637234052783457
195,,release,28,2.7487850079102147e-43,2,2,0,0,2,0,2,,0.09893551701679826,0.0026215019170194864,0.0839206229429692,0.012362263165414333,,0.0839206229429692,0.5658351517850561,0.5658351517850561,,,1.0,1.0,0,0.0,0.0,False,0.0019126044546704558,0.029218281247661015,13,0.003311939486839499,6,0.0,0,0.23604766321447634,0.15411446153354014,,0.0,0.0014274800479613318,,0.02028275238030982,0.3863443280470266,0.37269450258604797,0.013649825460978648,0.020407416311433897,0.021447540721031524,0.3212678924959147,0.3160394459175733,0.0052284465783413725,0.011320537345663738,0.019349253593473732,0.5518176314104619|-0.79109077321094|0.7687989526098418,0.7075029911224625|-0.9121258688394885|0.6566524347557664,0.3190101202699785|-0.6916877178973471|0.6692395587233907
