frame_idx,active_event,nearest_trigger,distance_to_trigger,semantic_score,semantic_tau,semantic_importance,E_omni,E_part,E_edge,R_sem,semantic_edge_count,semantic_edge_warning,adaptive_stop_reason,base_budget,configured_budget,final_budget_after_rescue,configured_semantic_extra_iterations,base_sqp_iterations,semantic_extra_iterations,actual_sqp_iterations,convex_solver_calls,is_semantic_trigger,is_random_budget_frame,allocation_reason,semantic_body_parts,frame_wall_time,mesh_time,optimization_time,collision_check_time,jacobian_time,solver_time,coarse_total_cost,final_total_cost,coarse_left_hand_object_error,coarse_right_hand_object_error,semantic_vertex_weight_mean,semantic_vertex_weight_max,semantic_boosted_vertex_count,semantic_weight_l1,semantic_weight_l2,semantic_weight_edge_count,semantic_weight_edge_endpoint_count,semantic_weight_deduplicated_overlap_count,is_critical_interaction_neighborhood,penetration_depth,raw_penetration_depth,raw_penetration_pair_count,expected_contact_penetration_depth,expected_contact_penetration_pair_count,illegal_penetration_depth,illegal_penetration_pair_count,left_hand_box_signed_distance,right_hand_box_signed_distance,self_collision_violation,joint_limit_violation,foot_sticking_error,velocity_limit_violation,final_laplacian_error,left_hand_demo_object_distance,left_hand_robot_object_distance,left_hand_object_error,left_hand_local_laplacian_error,left_hand_object_neighbor_laplacian_error,right_hand_demo_object_distance,right_hand_robot_object_distance,right_hand_object_error,right_hand_local_laplacian_error,right_hand_object_neighbor_laplacian_error,pelvis_robot_position,left_hand_robot_position,right_hand_robot_position,semantic_part_residual,semantic_edge_residual,semantic_residual,semantic_part_vertex_count,semantic_cross_edge_count
0,,contact,30,1.3863432936411706e-49,1.3863432936411706e-49,1.3863432936411706e-49,,0.0,0.0,0.0,0,False,,50,50,50,0,50,0,50,50,False,False,frame0_initialization,,1.833491501165554,0.002812199993059039,1.8058653390035033,0.016252422938123345,,1.8058653390035033,1.1843197111200612,1.1843197111200612,,,1.0,1.0,0,0.0,0.0,0,0,0,False,0.0014683117942896062,0.028121296152426145,17,0.0031038711506328753,13,0.0,0,0.08330191633362816,0.14348423131428412,,0.0,0.0,,0.02216287178401527,0.222575568590948,0.261747590605622,0.03917202201467404,0.0673238599442344,0.018941533531892946,0.2745051197479645,0.29032930133646623,0.01582418158850174,0.05567150598183199,0.017795206513540027,0.6347837536785604|0.8022254605390892|0.7704831134259317,0.8535500641405531|0.6324761172535904|0.5958030154155177,0.39922125349784665|0.6539254724494161|0.6124329095519923,0.0,0.0,0.0,0,0
1,,contact,29,2.2120380336009962e-46,2.2120380336009962e-46,2.2120380336009962e-46,,0.0,0.0,0.0,0,False,,2,2,2,0,2,0,2,2,False,False,ordinary_base,,0.10605161497369409,0.002842674031853676,0.07870160485617816,0.01597098889760673,,0.07870160485617816,0.7522796835342794,0.7522796835342794,,,1.0,1.0,0,0.0,0.0,0,0,0,False,0.0008618065140983122,0.02986117164111296,14,0.0031473427068362536,10,0.0,0,0.05648909465402596,0.1167468985500193,,0.0,0.001602318679462273,,0.021507266009788615,0.19466303616604216,0.23410059979236628,0.03943756362632411,0.06194177950250897,0.017485154122083155,0.24702061277048,0.2616260927172897,0.01460547994680969,0.050360143801756664,0.01662527632596058,0.634966888976732|0.8105347363590003|0.7586585046929529,0.8672929556770137|0.6428567156554494|0.5585341868628808,0.38948802865318943|0.651589451840023|0.5742381828494985,0.0,0.0,0.0,0,0
2,,contact,28,2.7487850079102147e-43,2.7487850079102147e-43,2.7487850079102147e-43,,0.0,0.0,0.0,0,False,,2,2,2,0,2,0,2,2,False,False,ordinary_base,,0.1113066531252116,0.002819454064592719,0.08300440991297364,0.01658999198116362,,0.08300440991297364,0.709602344328849,0.709602344328849,,,1.0,1.0,0,0.0,0.0,0,0,0,False,0.0007487152207827988,0.031437388656473386,13,0.0031186797000378186,9,0.0,0,0.02860719478903917,0.0839065590072785,,0.0,0.0014978421665217195,,0.021087189445256328,0.16702964198679293,0.202932966071004,0.03590332408421107,0.057363093150882165,0.017921863145598006,0.218889967517298,0.2265190818468393,0.007629114329541303,0.04472889725629413,0.016585712127882048,0.6289277224485098|0.8226474256496064|0.7420897088742396,0.8722882118988076|0.6521594976035633|0.5165103220982952,0.3871825105964536|0.6413949335485624|0.5310731163130751,0.0,0.0,0.0,0,0
3,,contact,27,2.6602064159439866e-40,2.6602064159439866e-40,2.6602064159439866e-40,,0.0,0.0,0.0,0,False,,2,2,2,0,2,0,2,2,False,False,ordinary_base,,0.11637508496642113,0.0028094141744077206,0.08747610612772405,0.016981492983177304,,0.08747610612772405,0.6998206170528202,0.6998206170528202,,,1.0,1.0,0,0.0,0.0,0,0,0,False,0.0007018770111012138,0.0328528541989456,12,0.003141146459411881,8,0.0,0,0.004958148041380284,0.05140771081711115,,0.0,0.0015619835780543287,,0.021011448692806432,0.14084248028933713,0.16683538439888795,0.025992904109550824,0.05219048139124675,0.018696247419196513,0.19075423092319974,0.19196754400807706,0.001213313084877321,0.03489736616887677,0.01697826045487717,0.6210297949400098|0.837664692260075|0.7208131733401721,0.8783624223808002|0.6549530795325477|0.47193090582124697,0.38664312361107217|0.6272751502309634|0.48529909523863407,0.0,0.0,0.0,0,0
4,,contact,26,2.005008781961654e-37,2.005008781961654e-37,2.005008781961654e-37,,0.0,0.0,0.0,0,False,,2,2,2,0,2,0,2,2,False,False,ordinary_base,,0.11884932708926499,0.0027971300296485424,0.0898495011497289,0.01708340086042881,,0.0898495011497289,0.7085496583745072,0.7085496583745072,,,1.0,1.0,0,0.0,0.0,0,0,0,False,0.0006260714993968908,0.03436358549959159,12,0.0031371618314882943,7,0.0,0,-0.01047609259449267,0.024137390268547776,,0.0,0.0017885666411128754,,0.02119042076120044,0.11775434054355444,0.13857745438438213,0.02082311384082769,0.046695318316322704,0.01877883826563073,0.16346603677236926,0.16396418394455087,0.0004981471721816066,0.03006702956716749,0.017990794179886947,0.6114696524006547|0.856425911343671|0.6941627244571237,0.8841320130919756|0.6536976876786562|0.43091239002955395,0.38582344185935796|0.6164025512374487|0.4386099492443654,0.0,0.0,0.0,0,0
5,,contact,25,1.1769109439216723e-34,1.1769109439216723e-34,1.1769109439216723e-34,,0.0,0.0,0.0,0,False,,2,2,2,0,2,0,2,2,False,False,ordinary_base,,0.121395334135741,0.0028320609126240015,0.09169483510777354,0.017524825176224113,,0.09169483510777354,0.6766850317717439,0.6766850317717439,,,1.0,1.0,0,0.0,0.0,0,0,0,False,0.0010008670982612697,0.036167791746331224,12,0.0031110539474660526,8,0.0,0,-0.018151751295768292,0.008951794349103537,,0.0,0.0015608839938536885,,0.021002829083921495,0.09956860049399487,0.1192094638987996,0.01964086340480474,0.041378817738600644,0.018866397540957144,0.13873854643006756,0.14932867065857738,0.010590124228509828,0.03035751275903562,0.018172175016847997,0.6082095963737044|0.8692279747617605|0.6657605500984335,0.890545225358443|0.6505504520730025|0.3918645542743151,0.3839301644196605|0.6000560874288536|0.39632159337380923,0.0,0.0,0.0,0,0
6,,contact,24,5.380186160021138e-32,5.380186160021138e-32,5.380186160021138e-32,,0.0,0.0,0.0,0,False,,2,2,2,0,2,0,2,2,False,False,ordinary_base,,0.12519534095190465,0.0028230189345777035,0.09504105593077838,0.017811564961448312,,0.09504105593077838,0.6992529091391538,0.6992529091391538,,,1.0,1.0,0,0.0,0.0,0,0,0,False,0.0036578880462905528,0.03596268638391392,13,0.0031355946968038007,8,0.0036578880462905528,1,-0.017400105934010313,-0.0036286812678341107,,0.0,0.0015628022324350598,,0.021295095489415886,0.08879512663570269,0.09942560020845251,0.010630473572749821,0.0415662312835575,0.019653698105941923,0.11883766528894972,0.1373073448076454,0.018469679518695672,0.030835580818325548,0.018528863670964874,0.6074562507821675|0.8837596554823388|0.6437505947948661,0.8957232853569064|0.648159672577739|0.35367273351812506,0.38924121589623695|0.586092826612217|0.363767518324596,0.0,0.0,0.0,0,0
7,,contact,23,1.915478951967148e-29,1.915478951967148e-29,1.915478951967148e-29,,0.0,0.0,0.0,0,False,,2,2,2,0,2,0,2,2,False,False,ordinary_base,,0.13088263920508325,0.0028249670285731554,0.1004458989482373,0.018151052994653583,,0.1004458989482373,0.7074627970385987,0.7074627970385987,,,1.0,1.0,0,0.0,0.0,0,0,0,False,0.0018857452903573296,0.03566209475692944,11,0.0031557274893412313,6,0.0018857452903573296,1,-0.020145008612081128,-0.010882618161749846,,0.0,0.001396962169584826,,0.021476682015098104,0.08391605980249676,0.0863859747898572,0.002469914987360433,0.03758451731862834,0.019518196820789577,0.10638536290407621,0.11996975972545915,0.013584396821382932,0.03056428062376838,0.018730206637811816,0.6062538915689463|0.8902650156532012|0.6264220759030295,0.897427045285449|0.6391273693405009|0.3190177385036814,0.39679789117385494|0.5730265980672671|0.3310253351934326,0.0,0.0,0.0,0,0
8,,contact,22,5.311092249679095e-27,5.311092249679095e-27,5.311092249679095e-27,,0.0,0.0,0.0,0,False,,2,2,2,0,2,0,2,2,False,False,ordinary_base,,0.15609061578288674,0.00281965802423656,0.12549624405801296,0.01819713693112135,,0.12549624405801296,0.7051894185467226,0.7051894185467226,,,1.0,1.0,0,0.0,0.0,0,0,0,False,0.002305498241134435,0.03620982883466786,11,0.002967420815621097,6,0.002305498241134435,1,-0.015931205081123778,-0.008213483296691138,,0.0,0.0012910031851725292,,0.02140330787140613,0.08027341396293271,0.08595208698073552,0.00567867301780281,0.03744310913310918,0.0192776960309166,0.09965398132270455,0.11184166655337087,0.012187685230666323,0.031058068915877597,0.019146308339215958,0.6033463693646861|0.8956986822384848|0.6108150463755321,0.8988085519123039|0.6328592841767233|0.29184650685421754,0.40218801468729326|0.5626605571483149|0.2969061674420498,0.0,0.0,0.0,0,0
9,,contact,21,1.146876582225596e-24,1.146876582225596e-24,1.146876582225596e-24,,0.0,0.0,0.0,0,False,,2,2,2,0,2,0,2,2,False,False,ordinary_base,,0.13471723906695843,0.002798448083922267,0.10425323410890996,0.018177347956225276,,0.10425323410890996,0.7018754661568866,0.7018754661568866,,,1.0,1.0,0,0.0,0.0,0,0,0,False,0.001533302122629962,0.03686399436899085,11,0.003008943902417044,6,0.001533302122629962,1,-0.00558360861268703,-0.0012594512170061023,,0.0,0.0013383544504652891,,0.021394802621883285,0.078574444051005,0.09613889881150146,0.017564454760496465,0.03753199458127525,0.018929072729802095,0.08475699918663318,0.10273025182010269,0.017973252633469508,0.03297958275018331,0.020030206663700444,0.6081977572619031|0.9000853260807489|0.5968546974538681,0.903390101134821|0.6271762190105515|0.2670946256821265,0.40694880083114465|0.556082220311537|0.26809012084716727,0.0,0.0,0.0,0,0
10,,contact,20,1.9287498479639178e-22,1.9287498479639178e-22,1.9287498479639178e-22,,0.0,0.0,0.0,0,False,,2,2,2,0,2,0,2,2,False,False,ordinary_base,,0.13701355503872037,0.0027967579662799835,0.10608109389431775,0.018433253979310393,,0.10608109389431775,0.7104086435643786,0.7104086435643786,,,1.0,1.0,0,0.0,0.0,0,0,0,False,0.0012120535921872622,0.0367984950888785,9,0.002972382152683306,4,0.0012120535921872622,1,0.004879292878303687,0.0006239387669211283,,0.0,0.0013141811688290972,,0.021475314307965763,0.0745574537008932,0.0891784742205152,0.014621020519621997,0.03649702549476431,0.018774687527446012,0.07821379770334051,0.10072394867785564,0.022510150974515128,0.03461866903648352,0.01988608661575895,0.611892174371548|0.902737836666427|0.5861750124589183,0.903620968773634|0.6214196330386529|0.2447267690545019,0.41235959604772493|0.5462624542755335|0.2441712325363451,0.0,0.0,0.0,0,0
11,,contact,19,2.5261637809256925e-20,2.5261637809256925e-20,2.5261637809256925e-20,,0.0,0.0,0.0,0,False,,2,2,2,0,2,0,2,2,False,False,ordinary_base,,0.14362359582446516,0.0028043899219483137,0.1113878779578954,0.019305239198729396,,0.1113878779578954,0.7185037541991662,0.7185037541991662,,,1.0,1.0,0,0.0,0.0,0,0,0,False,0.0011435599984130698,0.037052626931522586,9,0.003018469779875105,4,0.000971860796007043,1,-0.0014729612175496953,-0.014334074497636351,,0.0,0.0013408134528106734,,0.02156262005303591,0.07612232754810105,0.08637155940316564,0.010249231855064586,0.03713989933853254,0.018865829243610854,0.07599210873720244,0.10245389534098337,0.02646178660378093,0.03435310921002296,0.019288706617125076,0.6146328245874043|0.9052677484494823|0.5753828453643128,0.9037712629409472|0.6162757490968863|0.22609088281143963,0.4191528593255201|0.5427896683554365|0.22112135488410525,0.0,0.0,0.0,0,0
12,,contact,18,2.576757109154981e-18,2.576757109154981e-18,2.576757109154981e-18,,0.0,0.0,0.0,0,False,,2,2,2,0,2,0,2,2,False,False,ordinary_base,,0.15031372103840113,0.0028920790646225214,0.11777459806762636,0.019354515010491014,,0.11777459806762636,0.7156676869649502,0.7156676869649502,,,1.0,1.0,0,0.0,0.0,0,0,0,False,0.0014293184678338365,0.03763497730599211,9,0.0030128680476467218,4,0.0009096829230521714,1,-0.011197962151587859,-0.026834269175079584,,0.0,0.0013488077379023074,,0.021504494398301967,0.07950557536863648,0.08667925064706887,0.007173675278432393,0.03717975270278908,0.01897390490033029,0.06475706662099791,0.08667709887053515,0.021920032249537244,0.03326271309308891,0.018703699375542098,0.6143959370844736|0.9063649586426501|0.5629405952647443,0.9024537270197873|0.6106094281363312|0.2061768111427761,0.42781464136699093|0.5356005880071925|0.19864682541277004,0.0,0.0,0.0,0,0
13,,contact,17,2.0469717131642043e-16,2.0469717131642043e-16,2.0469717131642043e-16,,0.0,0.0,0.0,0,False,,2,2,2,0,2,0,2,2,False,False,ordinary_base,,0.15327095403335989,0.0028401429299265146,0.1202543149702251,0.019626321969553828,,0.1202543149702251,0.7258478274567395,0.7258478274567395,,,1.0,1.0,0,0.0,0.0,0,0,0,False,0.0019417335780628764,0.03807184063935404,9,0.003035093538967387,4,0.0019417335780628764,1,-0.018979879542809996,-0.03060453402980201,,0.0,0.0013593070553072023,,0.021628027096141412,0.0731831569668558,0.09072790763980779,0.017544750672951984,0.036740712143749715,0.018694122532117625,0.059706961524533954,0.07884240716506599,0.019135445640532038,0.03437767773024829,0.019319718784799326,0.6161347919888712|0.908178897414854|0.5526212423109983,0.9011001226559111|0.603400286370067|0.18813568813187959,0.4327677565901478|0.5303931309277929|0.1796648550169431,0.0,0.0,0.0,0,0
14,,contact,16,1.2664165549094176e-14,1.2664165549094176e-14,1.2664165549094176e-14,,0.0,0.0,0.0,0,False,,2,2,2,0,2,0,2,2,False,False,ordinary_base,,0.1563953198492527,0.0028689939063042402,0.12266601901501417,0.02008554502390325,,0.12266601901501417,0.7245474067329476,0.7245474067329476,,,1.0,1.0,0,0.0,0.0,0,0,0,False,0.0012634383220410106,0.03870685202967386,10,0.0030380263466471824,4,0.0012634383220410106,1,-0.024556701367213662,-0.03486196312382539,,0.0,0.001361712640461341,,0.021674082620929548,0.06960966218364845,0.0879619618505322,0.01835229966688376,0.034986228502398874,0.01874748453527757,0.058226961794825144,0.07483562897488509,0.016608667180059947,0.03494497070348431,0.019867455063621246,0.6174744029038667|0.9086052650668685|0.5425933878471674,0.8993971857739279|0.599130509478117|0.1724124032651031,0.4377044683917314|0.5304744509493455|0.15990001195636372,0.0,0.0,0.0,0,0
15,,contact,15,6.101936677605324e-13,6.101936677605324e-13,6.101936677605324e-13,,0.0,0.0,0.0,0,False,,2,2,2,0,2,0,2,2,False,False,ordinary_base,,0.16469042701646686,0.0028234338387846947,0.12999896705150604,0.020867699990049005,,0.12999896705150604,0.734129132142353,0.734129132142353,,,1.0,1.0,0,0.0,0.0,0,0,0,False,0.0012498244901483803,0.03910420764942199,11,0.002990893649162163,5,0.0011243719417362852,1,-0.02821344573771789,-0.029366034414451292,,0.0,0.0013654222403795592,,0.02174556973182232,0.06819076923508341,0.08015845007106515,0.011967680835981737,0.03459744451205666,0.018650055899255696,0.051732893876668254,0.07633284417306775,0.024599950296399498,0.03887460786380722,0.020220640442255716,0.620188717973258|0.908405295427289|0.5334851728020207,0.8973573598182761|0.590410231272087|0.16024805766615913,0.4378105405501557|0.5284745322876652|0.14466913375508644,0.0,0.0,0.0,0,0
16,,contact,14,2.289734845645553e-11,2.289734845645553e-11,2.289734845645553e-11,,0.0,0.0,0.0,0,False,,2,2,2,0,2,0,2,2,False,False,ordinary_base,,0.16684150393120944,0.0028194880578666925,0.13150752987712622,0.021161413984373212,,0.13150752987712622,0.7376145498658657,0.7376145498658657,,,1.0,1.0,0,0.0,0.0,0,0,0,False,0.001698123124608028,0.03955477408960312,13,0.002996716034210256,5,0.001698123124608028,4,-0.032832457917480795,-0.028242141152128752,,0.0,0.0013712685292047756,,0.021791482488192307,0.06402632931514866,0.07468395594018791,0.010657626625039246,0.03709006719080638,0.01916577430598857,0.04456511921968228,0.07144824397528289,0.02688312475560061,0.03974292223460906,0.020184413821017926,0.6211402689799816|0.9086922433825229|0.5263914046020509,0.8942653429439859|0.5859981068049479|0.15100560736689547,0.44044514288795983|0.5258177947884368|0.1351412202445502,0.0,0.0,0.0,0,0
17,,contact,13,6.691586091292782e-10,6.691586091292782e-10,6.691586091292782e-10,,0.0,0.0,0.0,0,False,,2,2,2,0,2,0,2,2,False,False,ordinary_base,,0.16798402182757854,0.0028108919505029917,0.1337051810696721,0.020503120962530375,,0.1337051810696721,0.7500853878289155,0.7500853878289155,,,1.0,1.0,0,0.0,0.0,0,0,0,False,0.0011772639658210599,0.03923726448386666,13,0.0030182819769577485,5,0.0011772639658210599,4,-0.038209263861146425,-0.02711817988309484,,0.0,0.0014140710351752967,,0.021928711277590312,0.058311006527179424,0.07119781447936228,0.01288680795218286,0.040522084510377435,0.019286691156993007,0.039410877470981445,0.0711325477500791,0.031721670279097655,0.047948726717257945,0.02057767181295513,0.6209069886931626|0.9117415798877277|0.5225942800725343,0.8914759806289279|0.5840013673714138|0.14719512939008977,0.4407770731815354|0.522218792435379|0.13528225293366783,0.0,0.0,0.0,0,0
18,,contact,12,1.522997974471263e-08,1.522997974471263e-08,1.522997974471263e-08,,0.0,0.0,0.0,0,False,,2,2,2,0,2,0,2,2,False,False,ordinary_base,,0.16773027018643916,0.0028112109284847975,0.13355185906402767,0.020469142124056816,,0.13355185906402767,0.7678662059191788,0.7678662059191788,,,1.0,1.0,0,0.0,0.0,0,0,0,False,0.001321118474280611,0.03880554348764326,14,0.003035532063797697,6,0.001321118474280611,4,-0.04430633182958488,-0.027155372618357987,,0.0,0.001401082761741787,,0.02212966977463644,0.05258928045085924,0.06690247743839281,0.014313196987533569,0.04166162594218941,0.019290550129803526,0.034969496022889825,0.07084487966694661,0.035875383644056784,0.056464940059257625,0.021418704918332844,0.6200537831766954|0.9136718807928338|0.5191975374401575,0.8877032718270358|0.5815031804448051|0.14253084618118664,0.4411048706739509|0.5216666342626602|0.1353115768403887,0.0,0.0,0.0,0,0
19,,contact,11,2.699578503363014e-07,2.699578503363014e-07,2.699578503363014e-07,,0.0,0.0,0.0,0,False,,2,2,2,0,2,0,2,2,False,False,ordinary_base,,0.16756927501410246,0.0028159020002931356,0.13325775391422212,0.02053753612563014,,0.13325775391422212,0.7852481659756051,0.7852481659756051,,,1.0,1.0,0,0.0,0.0,0,0,0,False,0.0010819165646006879,0.03833920029352725,14,0.0029856556847730753,6,0.0010819165646006879,4,-0.0318549005327764,-0.02663930620047239,,0.0,0.0014002760109245514,,0.02217543760906513,0.04693967049141904,0.07346044146228173,0.026520770970862688,0.04765754921197729,0.01861133788141124,0.03153757446137274,0.07138964351333865,0.039852069051965915,0.0637993754588952,0.021439797969328094,0.6195896927885832|0.9147028341144555|0.5157788536603145,0.8938973360917231|0.5825521064406667|0.137416123932692,0.44055804918948854|0.5199969425487834|0.135185599620616,0.0,0.0,0.0,0,0
20,,contact,10,3.726653172078671e-06,3.726653172078671e-06,3.726653172078671e-06,,0.0,0.0,0.0,0,False,,4,4,4,2,2,2,4,4,False,True,random_extra,,0.2968158880248666,0.002836161060258746,0.2620496400631964,0.020859502954408526,,0.2620496400631964,0.8236941774429916,0.8236941774429916,,,1.0,1.0,0,0.0,0.0,0,0,0,False,0.0010709505190743679,0.03815085257788753,15,0.0029824674316329125,6,0.0010709505190743679,5,-0.029442607044162017,-0.02596400302068602,,0.0,0.0014141547312231015,,0.022598106518807348,0.042137197001041356,0.07203373938310885,0.029896542382067494,0.0541262516643811,0.01988199574064502,0.030081807189030255,0.07219368429618014,0.04211187710714989,0.06826776114550302,0.021267733518553808,0.6189987253970588|0.9136950155187061|0.5143377719916422,0.8931874340656545|0.5780515204083659|0.13629522911426983,0.4399076619205076|0.5176675582590048|0.13487747999290683,0.0,0.0,0.0,0,0
21,,contact,9,4.006529739295107e-05,4.006529739295107e-05,4.006529739295107e-05,,0.0,0.0,0.0,0,False,,2,2,2,0,2,0,2,2,False,False,ordinary_base,,0.16370931593701243,0.002797587076202035,0.13000741880387068,0.020112936850637197,,0.13000741880387068,0.8614490580799069,0.8614490580799069,,,1.0,1.0,0,0.0,0.0,0,0,0,False,0.001227605102510937,0.03810364818850645,15,0.0029389578279449546,6,0.0011112635532368603,5,-0.02775706145802026,-0.024397575020238094,,0.0,0.0014144035615769495,,0.022979269081820304,0.03866287067761362,0.07040886685973675,0.031745996182123135,0.05795221765867144,0.020207353031780194,0.029937430837878223,0.07254077085241097,0.04260334001453274,0.07352538721768427,0.02198676272269556,0.6172687817415183|0.9141901797500904|0.5113496724747741,0.8919905389286085|0.5744033581826453|0.13671100435517475,0.44002146644131557|0.5131857554180449|0.13507872153564668,0.0,0.0,0.0,0,0
22,,contact,8,0.00033546262790251185,0.00033546262790251185,0.00033546262790251185,,0.0,0.0,0.0,0,False,,2,2,2,0,2,0,2,2,False,False,ordinary_base,,0.16360168694518507,0.002823519054800272,0.12953948508948088,0.020448062103241682,,0.12953948508948088,0.8663756593312097,0.8663756593312097,,,1.0,1.0,0,0.0,0.0,0,0,0,False,0.0018584926200344715,0.038081806764056036,15,0.0029502151468231153,6,0.0018584926200344715,5,-0.026611939880849533,-0.023744365509335452,,0.0,0.0014168555420192891,,0.023009434851307048,0.03735674281998337,0.06942909835434706,0.03207235553436369,0.06064935522802672,0.020392131832606825,0.03126426443896467,0.07269250177228061,0.04142823733331594,0.07517019711945992,0.02156520241519878,0.6186718265154635|0.9140128681043733|0.5087797916812113,0.8911186166226973|0.5705203353180159|0.13697724477893797,0.43997066047951583|0.5115440182850292|0.13525478800159435,0.0,0.0,0.0,0,0
23,contact,contact,7,0.002187491118182885,0.002187491118182885,0.002187491118182885,,0.06999239850315636,0.08150000945800114,0.15149240796115748,30,False,,2,2,2,0,2,0,2,2,False,False,ordinary_base,left_hand|right_hand,0.18734746892005205,0.0028042730409651995,0.15304456907324493,0.020363867981359363,,0.15304456907324493,0.893526249488623,0.893526249488623,,,0.9999999999999998,1.0058736713545862,32,0.11359566347899297,0.013248357493851318,0,0,0,False,0.0010346794540819354,0.03825754067976039,15,0.003077930906285109,6,0.0010346794540819354,5,-0.026354805527113,-0.02246129273593489,,0.0,0.0014141344417362772,,0.023210385704097617,0.036789626405801315,0.06878331215298468,0.031993685747183365,0.06307078603762051,0.020590063221880943,0.032377184243247814,0.07344334057046756,0.041066156327219744,0.0769140109686922,0.021672218588942298,0.6176850253030508|0.9140347066765429|0.5053725944534518,0.8905052135566187|0.5675661306848092|0.1372363561124152,0.43994899618790895|0.5077049791708117|0.13538983059608573,0.06999239850315636,0.08150000945800114,0.15149240796115748,2,30
24,contact,contact,6,0.011108996538242306,0.011108996538242306,0.011108996538242306,,0.07135640992507084,0.08279758395036191,0.15415399387543274,30,False,,2,2,2,0,2,0,2,2,False,False,ordinary_base,left_hand|right_hand,0.16452325996942818,0.002850912045687437,0.13062880095094442,0.020158068975433707,,0.13062880095094442,0.9092733974034718,0.9092733974034718,,,1.0000000000000007,1.0297459462280403,32,0.5752808241383943,0.06709345924065611,0,0,0,False,0.0012663631415532478,0.03823967360123387,15,0.003059761113823445,6,0.0012663631415532478,5,-0.026865781688572454,-0.021601786363047992,,0.0,0.0014147770980721098,,0.023330357617630842,0.03570710406711344,0.06787440206627947,0.032167297999166025,0.06426032361854538,0.020686026169346505,0.031150753970617714,0.07400548985912557,0.042854735888507856,0.0784524962315963,0.02162644111676972,0.6177441631194058|0.9135625400292452|0.5032369626131961,0.8896345407195753|0.5656830016158774|0.13751280304068905,0.4401140831859583|0.50487244400812|0.1354953608351194,0.07135640992507084,0.08279758395036191,0.15415399387543274,2,30
25,contact,contact,5,0.04393693362340742,0.04393693362340742,0.04393693362340742,,0.07430466490068247,0.08507244221517297,0.15937710711585545,28,False,,2,2,2,0,2,0,2,2,False,False,ordinary_base,left_hand|right_hand,0.16353313298895955,0.0028771439101547003,0.1294316230341792,0.02049649995751679,,0.1294316230341792,0.9348422928912968,0.9348422928912968,,,1.0000000000000002,1.1172970563100093,30,2.1799903069834343,0.2600524085558598,0,0,0,False,0.001465904063035095,0.038197403211465475,15,0.00284940048380658,6,0.001465904063035095,5,-0.02561707578655259,-0.02106440960425182,,0.0,0.0014158254502249818,,0.023435170482134053,0.031443064163288646,0.06709979056302871,0.03565672639974007,0.06819358955565559,0.02115620924911569,0.026889081374842517,0.07439248610903498,0.04750340473419247,0.08041574024570936,0.022030756010190816,0.6176824024300951|0.911767498950623|0.5024108791629464,0.8886002422481688|0.5595829650668944|0.13774708005181624,0.4404921259629691|0.5023830263991714|0.1355411689694034,0.07430466490068247,0.08507244221517297,0.15937710711585545,2,28
26,contact,contact,4,0.1353352832366127,0.1353352832366127,0.1353352832366127,,0.07463891090246635,0.08481605184869924,0.1594549627511656,26,False,,2,2,2,0,2,0,2,2,True,False,ordinary_base,left_hand|right_hand,0.164130297023803,0.002857282990589738,0.129878886975348,0.020443852059543133,,0.129878886975348,0.958939331801152,0.958939331801152,,,1.0,1.3549793417460239,28,6.3147762774500436,0.7726507689540076,0,0,0,False,0.0010720044354433772,0.038034005624583395,16,0.0011607672289883075,6,0.0010720044354433772,5,-0.026896433135746634,-0.024663189048574452,,0.0,0.0013037416599637121,,0.023452666088665638,0.02728719847017925,0.06612891703551493,0.038841718565335685,0.06937600481637203,0.020871189867006944,0.024626742472030148,0.07216762006247869,0.047540877590448546,0.07990181698856068,0.021429700194771875,0.6184709582672787|0.9098943646038997|0.5027782470178155,0.8886076906646514|0.5604259968969852|0.13776476559913972,0.4411916734150063|0.5094489873217192|0.1353475271697031,0.07463891090246635,0.08481605184869924,0.1594549627511656,2,26
27,contact,contact,3,0.32465246735834974,0.32465246735834974,0.32465246735834974,,0.07258618003711285,0.08299336215717679,0.15557954219428966,27,False,,2,2,2,0,2,0,2,2,False,False,ordinary_base,left_hand|right_hand,0.16296696104109287,0.00284576416015625,0.12873841496184468,0.020409666001796722,,0.12873841496184468,0.9848490125173683,0.9848490125173683,,,0.9999999999999998,1.8057332306982972,29,14.658146850780556,1.7702507328259944,0,0,0,True,0.0015578054019137477,0.03805332133319406,14,0.0015578054019137477,5,0.001014652472522068,5,-0.032226178286270724,-0.026837100477631992,,0.0,0.0013671875522572566,,0.023480351809396068,0.026344933036570133,0.06454303617259954,0.03819810313602941,0.06787412766021042,0.020535614375653283,0.024136155590451434,0.07084674145006627,0.04671058585961484,0.07729823241401529,0.02129479399301956,0.6189438689743286|0.9097601190404991|0.5023856700753869,0.8881134455499766|0.5692035388592418|0.13792954338948332,0.4423071788485185|0.5127567910820152|0.13520014736510017,0.07258618003711285,0.08299336215717679,0.15557954219428966,2,27
28,contact,contact,2,0.6065306597126334,0.6065306597126334,0.6065306597126334,,0.07057171414472793,0.08096542945814543,0.15153714360287335,27,False,,2,2,2,0,2,0,2,2,False,False,ordinary_base,left_hand|right_hand,0.18534592306241393,0.0028088889084756374,0.15054743294604123,0.020905561046674848,,0.15054743294604123,0.9995692811606044,0.9995692811606044,,,1.0,2.4015987003921806,29,25.498314818673133,3.0794077145693457,0,0,0,True,0.001244759500967793,0.03803706769807841,15,0.001244759500967793,6,0.0009974898688149408,5,-0.0328638407865629,-0.028889282528814064,,0.0,0.0014146345248364804,,0.02330251736756028,0.02473398841874053,0.06323642829948102,0.038502439880740494,0.0661558169238314,0.02043888161490519,0.022772098598587653,0.0694351517362768,0.04666305313768915,0.07498761136562447,0.021121518683490798,0.6176506125243046|0.9088725294205346|0.5051099050079088,0.8872560755928373|0.565414799933461|0.13804650506273047,0.4438381725051524|0.5137358082577705|0.13504009051304278,0.07057171414472793,0.08096542945814543,0.15153714360287335,2,27
29,contact,contact,1,0.8824969025845955,0.8824969025845955,0.8824969025845955,,0.0672971704800158,0.07785429484348588,0.14515146532350168,27,False,,2,2,2,0,2,0,2,2,False,False,ordinary_base,left_hand|right_hand,0.16354027995839715,0.002828519092872739,0.1289569279178977,0.020717367995530367,,0.1289569279178977,1.0064972536731922,1.0064972536731922,,,1.0000000000000002,2.910452766797455,29,34.75554456519984,4.197394722719348,0,0,0,True,0.0013067106786634475,0.037825880147903335,13,0.0013067106786634475,5,0.0009977735546384675,4,-0.033680349027132905,-0.032149420412993734,,0.0,0.0014131798608817486,,0.023287482638211017,0.025322629422426395,0.06413315545555646,0.038810526033130066,0.06298511175206727,0.020560601019526097,0.022617856403851232,0.06621631629654878,0.04359845989269755,0.07160922920796432,0.02130504921122779,0.6196844181090965|0.9094029158310469|0.5081405889895844,0.8866349415050354|0.5646222096527534|0.13806932055532953,0.44645703648292573|0.5127229041520386|0.13523941087462396,0.0672971704800158,0.07785429484348588,0.14515146532350168,2,27
30,contact,contact,0,1.0,1.0,1.0,,0.06263670795028185,0.07322048399735792,0.1358571919476398,27,False,,2,2,2,0,2,0,2,2,True,False,ordinary_base,left_hand|right_hand,0.1639978268649429,0.0027833390049636364,0.12964152405038476,0.02047569304704666,,0.12964152405038476,0.9656276418908033,0.9656276418908033,,,1.0,3.1081081081081083,29,38.35135135135135,4.631656956757916,0,0,0,True,0.0009983831535201881,0.0380804183756519,13,0.0009983831535201881,5,0.0009954832573546707,4,-0.03426435495940616,-0.03457209083030577,,0.0,0.0014018164992327781,,0.02308030456333768,0.02569152784587973,0.06389437850992546,0.03820285066404573,0.0576593240866058,0.019990308197364817,0.02207419619357838,0.06315007026512705,0.04107587407154867,0.06761409181395792,0.0214200601885309,0.6191497584018855|0.9075088693316519|0.511230083616583,0.8840081799498082|0.5612340089392602|0.1379616916603717,0.4486973539323119|0.5092258725447506|0.13541998761811003,0.06263670795028185,0.07322048399735792,0.1358571919476398,2,27
31,contact,contact,1,0.8824969025845955,0.8824969025845955,0.8824969025845955,,0.05609132869109436,0.06663283664939716,0.12272416534049152,26,False,,2,2,2,0,2,0,2,2,False,False,ordinary_base,left_hand|right_hand,0.1643561900127679,0.0027510749641805887,0.12927113380283117,0.02115514106117189,,0.12927113380283117,0.8838797567233474,0.8838797567233474,,,1.0,2.928383982443302,28,34.304287585445046,4.197335426745566,0,0,0,True,0.005560844283471519,0.038160590873665634,14,0.005560844283471519,5,0.0014417879528356575,5,-0.035072344261294575,-0.03683667170141369,,0.0,0.0013692665742259969,,0.022787074771223728,0.025699321141880678,0.06470661516479669,0.03900729402291601,0.05251017086195547,0.01948983100478543,0.021329846123886942,0.06053905918156085,0.03920921305767391,0.05967248652023324,0.02041196549961507,0.6210962891544817|0.9048605165720683|0.5131994447577103,0.882091348744999|0.5607408073428135|0.13792637131229832,0.4512608616431046|0.5085683814683978|0.1353039501754469,0.05609132869109436,0.06663283664939716,0.12272416534049152,2,26
32,contact,contact,2,0.6065306597126334,0.6065306597126334,0.6065306597126334,,0.04946944154955793,0.06045605245836005,0.10992549400791798,27,False,,2,2,2,0,2,0,2,2,False,False,ordinary_base,left_hand|right_hand,0.16475370596162975,0.0028016308788210154,0.1297788501251489,0.02099902997724712,,0.1297788501251489,0.8035371141702671,0.8035371141702671,,,1.0,2.4015987003921806,29,25.498314818673133,3.0794077145693457,0,0,0,True,0.0015952315049616306,0.038810970161282515,15,0.0011211600088349705,6,0.0015952315049616306,5,-0.037293228322708316,-0.03340032500024215,,0.0,0.0013235565928733357,,0.022376630346262586,0.02620099128199984,0.06702484247033812,0.04082385118833828,0.04479870184183818,0.01853504284349688,0.02211831179660422,0.060972306115504527,0.038853994318900305,0.05414018125727769,0.0208531973765082,0.62366360946885|0.8982740382478733|0.5167128480392309,0.8788712101606903|0.5587846316685343|0.13798169146483102,0.4523181593943586|0.5038820502084072|0.13488705384545507,0.04946944154955793,0.06045605245836005,0.10992549400791798,2,27
33,contact,contact,3,0.32465246735834974,0.32465246735834974,0.32465246735834974,,0.04280665993271566,0.053595536558152565,0.09640219649086823,26,False,,2,2,2,0,2,0,2,2,False,False,ordinary_base,left_hand|right_hand,0.1684431789908558,0.0028440069872885942,0.1334618921391666,0.02083082008175552,,0.1334618921391666,0.7387170928495211,0.7387170928495211,,,1.0,1.8104085715548444,28,14.416469413474035,1.7639415378339618,0,0,0,True,0.0012326583567251748,0.04057376852878214,12,0.0012326583567251748,6,0.0009849708812342123,2,-0.035666567687092865,-0.030053808607926058,,0.0,0.0012690434134190567,,0.02196466128284218,0.026911834767950258,0.060984979467495204,0.03407314469954495,0.03829228402182012,0.018185399304362682,0.022946397203677464,0.0557551635486992,0.032808766345021736,0.0473210358436112,0.020174966940851597,0.6212881878124521|0.890404083742488|0.5203211283791633,0.8759050714325788|0.5526900502823302|0.1380340408783684,0.45258974792329365|0.5067919857180235|0.13428738942217058,0.04280665993271566,0.053595536558152565,0.09640219649086823,2,26
34,contact,contact,4,0.25,0.1353352832366127,0.25,,0.03918956488490392,0.051452972652931854,0.09064253753783577,27,False,,2,2,2,0,2,0,2,2,False,False,ordinary_base,left_hand|right_hand,0.19022335298359394,0.002827004063874483,0.1548836601432413,0.021167343016713858,,0.1548836601432413,0.7167743819851417,0.7167743819851417,,,1.0,1.6328600405679514,29,11.513184584178498,1.390436571197103,0,0,0,True,0.003236851255622994,0.04069752049758091,10,0.003236851255622994,6,0.0,0,-0.033116802431514714,-0.033090334208484506,,0.0,0.0014086694956235092,,0.021781673952479035,0.027928037298889173,0.06407708196594075,0.03614904466705158,0.04239448103529819,0.017530199985373283,0.024002788856349398,0.047843611937362085,0.023840823081012687,0.03598464873450964,0.021234958681146283,0.6241857037804629|0.8934000746077518|0.5295286088952282,0.8786341541549092|0.5533770781185806|0.15231468424620587,0.4604928162680013|0.50109657905791|0.13933789001179678,0.03918956488490392,0.051452972652931854,0.09064253753783577,2,27
35,contact,contact,5,0.25,0.04393693362340742,0.25,,0.03872781596716296,0.05060043330624856,0.08932824927341151,27,False,,2,2,2,0,2,0,2,2,False,False,ordinary_base,left_hand|right_hand,0.16514436691068113,0.002797903958708048,0.13121292390860617,0.020319210132583976,,0.13121292390860617,0.7092378253692195,0.7092378253692195,,,1.0,1.6328600405679514,29,11.5131845841785,1.390436571197103,0,0,0,True,0.0014502971151665774,0.039826050487408504,11,0.0014502971151665774,6,0.0002906054292901583,1,-0.032516606710760954,-0.03069499383929397,,0.0,0.0012482933450792544,,0.021834932063644053,0.029322161609551225,0.0632531584545021,0.03393099684495088,0.042525888859595316,0.017556505775481977,0.025333554594958,0.04852337601410498,0.02318982141914698,0.03492974307473061,0.021102254845810593,0.6228711206913927|0.8948979176403956|0.5449251730187459,0.8781959011557223|0.5457939056000393|0.17007666005367414,0.4588270606860604|0.500488460690197|0.1544510825397195,0.03872781596716296,0.05060043330624856,0.08932824927341151,2,27
36,contact,contact,6,0.25,0.011108996538242306,0.25,,0.03585817576842808,0.048666285671600376,0.08452446144002845,27,False,,2,2,2,0,2,0,2,2,False,False,ordinary_base,left_hand|right_hand,0.1642340780235827,0.0027635041624307632,0.12970021204091609,0.02062061009928584,,0.12970021204091609,0.6923858819175559,0.6923858819175559,,,1.0,1.6328600405679514,29,11.5131845841785,1.390436571197103,0,0,0,True,0.004100318509197537,0.038868460420683926,11,0.004100318509197537,6,0.0009243989050822798,1,-0.03274451404210765,-0.03560007553590516,,0.0,0.0014126703231091959,,0.021636160033196693,0.03130343505431578,0.06177355379743592,0.03047011874312014,0.03999801604685707,0.017507579789016927,0.026588516920129236,0.04603949121151648,0.019450974291387244,0.03171833548999909,0.020911193107996624,0.6225706112268296|0.895822061115193|0.5651142938425818,0.8766775448965544|0.5370934576808758|0.18980872147175856,0.45968445809106545|0.49910904415751817|0.17918077074314132,0.03585817576842808,0.048666285671600376,0.08452446144002845,2,27
37,contact,contact,7,0.25,0.002187491118182885,0.25,,0.035584897935998554,0.04837289095041308,0.08395778888641164,28,False,,2,2,2,0,2,0,2,2,False,False,ordinary_base,left_hand|right_hand,0.16153788496740162,0.002774565014988184,0.1275415720883757,0.020311942091211677,,0.1275415720883757,0.6779634733070243,0.6779634733070243,,,1.0,1.6295546558704452,30,11.700404858299596,1.395748620868797,0,0,0,True,0.0016626846023714698,0.03729407972539006,11,0.0016626846023714698,6,0.0006697907852845075,1,-0.033595950951399445,-0.03209242511806565,,0.0,0.0014879469512029781,,0.021534837666527876,0.03375589518207893,0.06193035231679847,0.02817445713471954,0.037739520024368436,0.017702176048510054,0.02796416232611147,0.04838761833182101,0.02042345600570954,0.03343027584762867,0.020506709346414718,0.6185171445052161|0.8953385880104378|0.585664206613719,0.874780326675074|0.531695992096184|0.2144127449084673,0.45481801339720906|0.49823332968810796|0.19990334259058115,0.035584897935998554,0.04837289095041308,0.08395778888641164,2,28
38,contact,contact,8,0.25,0.00033546262790251185,0.25,,0.034072265453319026,0.047324022783844455,0.08139628823716348,27,False,,2,2,2,0,2,0,2,2,False,False,ordinary_base,left_hand|right_hand,0.16044111014343798,0.002821938134729862,0.12588073080405593,0.020594857865944505,,0.12588073080405593,0.6573526492822608,0.6573526492822608,,,1.0,1.6328600405679514,29,11.513184584178502,1.390436571197103,0,0,0,True,0.0045438574687996225,0.035638633590242774,10,0.0045438574687996225,5,0.0009828426015091735,1,-0.032391085177465584,-0.03342807351984156,,0.0,0.0014193759955445668,,0.021362689879390592,0.036744128846563404,0.06396180588102696,0.027217677034463553,0.03645339930821167,0.01834689100323644,0.02991824115629804,0.04722849826152189,0.01731025710522385,0.03169113159842639,0.02149865394517142,0.6182967549854499|0.8930249860915156|0.6055118538049232,0.8721324153202294|0.5344490743035322|0.2350243360811782,0.45354818938178076|0.4976702555746661|0.22405493550655842,0.034072265453319026,0.047324022783844455,0.08139628823716348,2,27
39,contact,contact,9,0.25,4.006529739295107e-05,0.25,,0.031982452008125224,0.046144924942369735,0.07812737695049496,28,False,,2,2,2,0,2,0,2,2,False,False,ordinary_base,left_hand|right_hand,0.1785247370135039,0.002824402879923582,0.14383216900750995,0.020613271975889802,,0.14383216900750995,0.6464794518552176,0.6464794518552176,,,1.0,1.6295546558704452,30,11.700404858299594,1.395748620868797,0,0,0,True,0.00486646760159451,0.034158709716432784,11,0.00486646760159451,6,0.0008969894095922915,1,-0.03431539980333653,-0.03203605449219715,,0.0,0.0014582248260057373,,0.021294287246173764,0.03939630956635782,0.0618381895294143,0.02244187996305648,0.03247244747346731,0.01832076543718523,0.03153447099792206,0.048563728014717304,0.017029257016795245,0.03149245654278314,0.021197433649517032,0.6151981756495217|0.8923592872618845|0.6266484226984751,0.868105012870545|0.5282098999826836|0.26750873791271296,0.44918335281565186|0.4933571671757715|0.25237421664480497,0.031982452008125224,0.046144924942369735,0.07812737695049496,2,28
40,contact,contact,10,0.25,3.726653172078671e-06,0.25,,0.03246811036832151,0.047188054431314144,0.07965616479963565,29,False,,2,2,2,0,2,0,2,2,False,False,ordinary_base,left_hand|right_hand,0.1550294158514589,0.0029289040248841047,0.11935493303462863,0.021037623984739184,,0.11935493303462863,0.649127871659721,0.649127871659721,,,1.0,1.6262626262626265,31,11.878787878787874,1.4006572130636732,0,0,0,True,0.003524756726243805,0.032774157625179184,13,0.003524756726243805,6,0.0010876918117732337,1,-0.03198365200326059,-0.03137406094736939,,0.0,0.0014484455409854752,,0.021339487096581296,0.041099633093159775,0.06325904856150533,0.02215941546834555,0.034017570789514104,0.018773544412053558,0.033285816620185815,0.04922104240129125,0.015935225781105435,0.030918649947128916,0.021307403604310274,0.6121303766034626|0.8913994665352643|0.6455762015425119,0.8647959991047326|0.5301359228491249|0.29542180882363744,0.44519595922884164|0.49018979618980757|0.2836786220007488,0.03246811036832151,0.047188054431314144,0.07965616479963565,2,29
41,contact,contact,11,0.25,2.699578503363014e-07,0.25,,0.030532745087918006,0.04575392080137641,0.07628666588929442,30,False,,2,2,2,0,2,0,2,2,False,False,ordinary_base,left_hand|right_hand,0.15227347798645496,0.002807293087244034,0.11707208002917469,0.02088115713559091,,0.11707208002917469,0.6458726704670738,0.6458726704670738,,,1.0,1.622983870967742,32,12.048387096774194,1.4051710654596452,0,0,0,True,0.003699549499535257,0.031656970100439163,13,0.003699549499535257,6,0.0007417335297486977,1,-0.0321725709240841,-0.030222242773117358,,0.0,0.0014173325869154378,,0.021373737387722646,0.043174152491047266,0.06177569886612032,0.018601546375073053,0.03133579479279131,0.018876190756034597,0.03532677739183851,0.050569014349257,0.015242236957418491,0.0297296953830447,0.021302514650340994,0.6061972902203865|0.8878039472860708|0.6629528208112617,0.8599212735048628|0.5281310939262294|0.3283341046413405,0.44086756620103906|0.48900662927488936|0.31396906333,0.030532745087918006,0.04575392080137641,0.07628666588929442,2,30
42,contact,contact,12,0.25,1.522997974471263e-08,0.25,,0.03058223708990524,0.04553824383274442,0.07612048092264967,29,False,,2,2,2,0,2,0,2,2,False,False,ordinary_base,left_hand|right_hand,0.15114281000569463,0.0028684469871222973,0.11627262900583446,0.020590189145877957,,0.11627262900583446,0.6414282389832293,0.6414282389832293,,,1.0,1.6262626262626265,31,11.878787878787875,1.4006572130636732,0,0,0,True,0.0030013635446181075,0.031108404184509802,13,0.0030013635446181075,7,0.0,0,-0.030375214829167163,-0.028819758880558766,,0.0,0.0014096805061030978,,0.021336865752399885,0.04431518889612136,0.06362464701132077,0.019309458115199407,0.03297167139277189,0.01878242970377785,0.03730398362212385,0.051290198743568535,0.013986215121444684,0.02819280278703859,0.021389948589354203,0.6035335554603287|0.8859333158845631|0.6768312231053614,0.8569970964910689|0.5292750519738441|0.36042868317031096,0.437142406987531|0.48626501158841157|0.3464828859329678,0.03058223708990524,0.04553824383274442,0.07612048092264967,2,29
43,contact,contact,13,0.25,6.691586091292782e-10,0.25,,0.03217323545810299,0.04655509736216211,0.07872833282026509,29,False,,2,2,2,0,2,0,2,2,False,False,ordinary_base,left_hand|right_hand,0.1501026740297675,0.00285997218452394,0.1158332519698888,0.02023821696639061,,0.1158332519698888,0.6451664382519462,0.6451664382519462,,,1.0,1.6262626262626265,31,11.878787878787875,1.4006572130636732,0,0,0,True,0.0018372296868410798,0.030746893074407144,14,0.0018372296868410798,8,0.0,0,-0.02792247249091062,-0.026745625937575568,,0.0,0.0014191708958666486,,0.021358987556900733,0.04515242212278731,0.06708630009346295,0.021933877970675635,0.03619748839205581,0.01866524680948939,0.038905617084151564,0.052893548712777766,0.013987931628626202,0.028148982524150164,0.021656889405205,0.5991509326030294|0.8841558366001278|0.6886310972653763,0.8555874477304426|0.53123049896885|0.3943775570068811,0.43221046926688955|0.4849538686353483|0.378963228862335,0.03217323545810299,0.04655509736216211,0.07872833282026509,2,29
44,contact,contact,14,0.25,2.289734845645553e-11,0.25,,0.03228844822490696,0.04680030776450477,0.07908875598941173,29,False,,2,2,2,0,2,0,2,2,False,False,ordinary_base,left_hand|right_hand,0.14900448103435338,0.0028707459568977356,0.11573567916639149,0.01964567299000919,,0.11573567916639149,0.626588250493064,0.626588250493064,,,1.0,1.6262626262626265,31,11.878787878787875,1.4006572130636732,0,0,0,True,0.00374719348865879,0.030584057613252447,13,0.00374719348865879,7,0.0,0,-0.03005157797554503,-0.02602235277688969,,0.0,0.0014425008836382342,,0.021162182929976563,0.04558979301930462,0.0653300527125523,0.019740259693247678,0.03524307603601976,0.018786899258193202,0.039558003577122504,0.05422820300122168,0.014670199424099174,0.02933382041379416,0.02127995919674312,0.5904097302739454|0.8880764424292505|0.69858202626308,0.8502000718169633|0.5294220735582806|0.43034649955727666,0.4262485431399351|0.4848473374758992|0.41305475042568707,0.03228844822490696,0.04680030776450477,0.07908875598941173,2,29
45,contact,contact,15,0.25,6.101936677605324e-13,0.25,,0.03441085650417965,0.04826597644679145,0.08267683295097111,29,False,,2,2,2,0,2,0,2,2,False,False,ordinary_base,left_hand|right_hand,0.14561372203752398,0.00280263414606452,0.11244362313300371,0.019579160027205944,,0.11244362313300371,0.6400901479094063,0.6400901479094063,,,1.0,1.6262626262626265,31,11.878787878787875,1.4006572130636732,0,0,0,True,0.0021780145373300197,0.02936571968977203,12,0.0021780145373300197,6,0.0,0,-0.029290871899959825,-0.025632340800122222,,0.0,0.0013798330488477943,,0.021362770958498072,0.045321410987796004,0.06761973740564342,0.022298326417847417,0.038361692765140065,0.018950720181851972,0.03955574037981286,0.055133865662142637,0.015578125282329776,0.03046002024321924,0.021394041154522002,0.5832846773546104|0.8883980977647784|0.7089051254851837,0.846402711562183|0.5316406870928085|0.4617552837901925,0.420755988832933|0.48465796057195876|0.4448056020739904,0.03441085650417965,0.04826597644679145,0.08267683295097111,2,29
46,contact,contact,16,0.25,1.2664165549094176e-14,0.25,,0.034761527966962004,0.04876533251890134,0.08352686048586334,29,False,,2,2,2,0,2,0,2,2,False,False,ordinary_base,left_hand|right_hand,0.14533491409383714,0.0028362751472741365,0.11202782695181668,0.019617859041318297,,0.11202782695181668,0.6664801520639637,0.6664801520639637,,,1.0,1.6262626262626265,31,11.878787878787875,1.4006572130636732,0,0,0,True,0.004155491865996813,0.02997885915957421,14,0.004155491865996813,8,0.0,0,-0.02918074534806081,-0.027421975624926986,,0.0,0.0014397513998718053,,0.021664540262512178,0.045371744869698076,0.0680930859947207,0.02272134112502263,0.03998876863487073,0.01863526524349924,0.039796004214663484,0.05421636012178898,0.014420355907125496,0.02953428729905327,0.021764462447347886,0.5751788453475295|0.8828741367789281|0.7155238563411185,0.842572336825801|0.5301181650179451|0.4948804593979411,0.4166075036570699|0.48332629783684333|0.4769209872602205,0.034761527966962004,0.04876533251890134,0.08352686048586334,2,29
47,contact,contact,17,0.25,2.0469717131642043e-16,0.25,,0.035005798504808665,0.04903976657040711,0.08404556507521577,29,False,,2,2,2,0,2,0,2,2,False,False,ordinary_base,left_hand|right_hand,0.14643503399565816,0.00284172291867435,0.11276919208467007,0.019988200860098004,,0.11276919208467007,0.686646832071635,0.686646832071635,,,1.0,1.6262626262626265,31,11.878787878787875,1.4006572130636732,0,0,0,True,0.004541480532607264,0.030981393908079774,17,0.004541480532607264,11,0.0004208071686261916,1,-0.030512679306664126,-0.026848533256638163,,0.0,0.0014058328054671633,,0.021942873339055976,0.04539990454306814,0.06772866201481349,0.022328757471745356,0.04053902123929897,0.01910980241109401,0.04030086310138736,0.05492264835342619,0.014621785252038826,0.02947257577031836,0.021719075698928055,0.5667172162635128|0.8756491218691503|0.7201048355302939,0.8362900853789381|0.5303635642973858|0.5246433617378127,0.41119313341311803|0.48300058076422275|0.5048579469424217,0.035005798504808665,0.04903976657040711,0.08404556507521577,2,29
48,contact,contact,18,0.25,2.576757109154981e-18,0.25,,0.037525664706725734,0.05061378092859434,0.08813944563532007,29,False,,2,2,2,0,2,0,2,2,False,False,ordinary_base,left_hand|right_hand,0.14614276308566332,0.0028036090079694986,0.11311805807054043,0.019505539909005165,,0.11311805807054043,0.7341456558140828,0.7341456558140828,,,1.0,1.6262626262626265,31,11.878787878787875,1.4006572130636732,0,0,0,True,0.0015479498629310008,0.032128192048367255,14,0.0015479498629310008,9,0.0004732625612543645,1,-0.02857873850417647,-0.02311574631852764,,0.0,0.0014408986751218106,,0.022452939061707616,0.045355222799172264,0.07051115159214386,0.025155928792971592,0.04389017982842699,0.01878105251255746,0.04045546363171159,0.05754882640989244,0.017093362778180847,0.031161149585024472,0.022064595278651622,0.5561158449211853|0.8706375158275398|0.7225509826189742,0.8315469578743595|0.5326410773581457|0.5497366674495234,0.40462415858937384|0.4846173349812066|0.5271646531321424,0.037525664706725734,0.05061378092859434,0.08813944563532007,2,29
49,contact,contact,17,0.25,2.5261637809256925e-20,0.25,,0.037870426451685237,0.05107245012844151,0.08894287658012676,29,False,,2,2,2,0,2,0,2,2,False,False,ordinary_base,left_hand|right_hand,0.16768707893788815,0.0028546848334372044,0.1339382471051067,0.020061874063685536,,0.1339382471051067,0.7352373912996876,0.7352373912996876,,,1.0,1.6262626262626265,31,11.878787878787875,1.4006572130636732,0,0,0,True,0.0027671122819953736,0.03291433771740987,15,0.0027671122819953736,10,0.0009706498892202431,2,-0.02908091446938954,-0.023975579689741622,,0.0,0.0014375250723638593,,0.022448250763626613,0.04411848653710435,0.07041114933179575,0.026292662794691397,0.044468148891520724,0.018612883537742087,0.04059159351652607,0.05740753607467808,0.01681594255815201,0.03127270401184975,0.021503273392945128,0.5513374932206497|0.8604606220638956|0.725142973842515,0.8254681838968915|0.5304025869379267|0.5725301898431517,0.3998013595839337|0.48473368502435865|0.5524629799152795,0.037870426451685237,0.05107245012844151,0.08894287658012676,2,29
50,contact,contact,16,0.25,1.9287498479639178e-22,0.25,,0.04030378776418567,0.05300924532676679,0.09331303309095246,30,False,,2,2,2,0,2,0,2,2,False,False,ordinary_base,left_hand|right_hand,0.14431036007590592,0.0028191558085381985,0.1112866320181638,0.01947376085445285,,0.1112866320181638,0.7342654231793057,0.7342654231793057,,,1.0000000000000002,1.622983870967742,32,12.048387096774194,1.4051710654596452,0,0,0,True,0.0014175974905667847,0.03348209208327341,13,0.0014175974905667847,9,0.0007859203351670979,2,-0.029778535717106536,-0.021997192496815643,,0.0,0.0014581231585528301,,0.022391293879104567,0.04299833347474767,0.07093467053726381,0.027936337062516137,0.04662183252317072,0.017838322526886937,0.039546160245616836,0.05923822631845957,0.019692066072842733,0.03398574300520062,0.020729215010533573,0.5437864799024835|0.8507673073783399|0.7283967136615567,0.8188383803362164|0.5283825280900089|0.5910050926608457,0.3940433513313458|0.486898751093823|0.5714021193926443,0.04030378776418567,0.05300924532676679,0.09331303309095246,2,30
51,contact,contact,15,0.25,1.146876582225596e-24,0.25,,0.042089662240717016,0.055119506286837094,0.09720916852755411,31,False,,2,2,2,0,2,0,2,2,False,False,ordinary_base,left_hand|right_hand,0.14256744785234332,0.002820580964908004,0.11041415296494961,0.018963776994496584,,0.11041415296494961,0.7570425800611122,0.7570425800611122,,,1.0,1.6197183098591548,33,12.209255533199196,1.4092983939419408,0,0,0,True,0.0015395450620518114,0.03449453839825681,14,0.0015395450620518114,9,0.001240589306381254,3,-0.032271294447900445,-0.022073511211450736,,0.0,0.0014304974760105315,,0.02266894364356938,0.0430331024640381,0.07509795478618168,0.03206485232214358,0.048977944443574783,0.017455356612720276,0.0389231022401135,0.05986174752821275,0.02093864528809925,0.03520138003785924,0.021194825378478378,0.5381489319271096|0.8368565414844198|0.7309259843454403,0.8112980759414471|0.5313269472778094|0.6060270323995354,0.388813125668696|0.48626444626528714|0.5894636465401878,0.042089662240717016,0.055119506286837094,0.09720916852755411,2,31
52,contact,contact,14,0.25,5.311092249679095e-27,0.25,,0.043872961155192985,0.05641059368614585,0.10028355484133883,32,False,,2,2,2,0,2,0,2,2,False,False,ordinary_base,left_hand|right_hand,0.13693142193369567,0.0028175220359116793,0.10432433290407062,0.019189665094017982,,0.10432433290407062,0.730679614433322,0.730679614433322,,,1.0,1.6164658634538154,34,12.361445783132522,1.4130469440546405,0,0,0,True,0.0031098525509404285,0.03456347193930312,14,0.0031098525509404285,10,0.0009670806516454133,2,-0.031351323618139304,-0.023401648141227582,,0.0,0.0013753916266131471,,0.022289844542743582,0.04354814501566332,0.07800418518625128,0.03445604017058796,0.05208007707534045,0.01693962465093304,0.03888576392798141,0.06006983263859861,0.021184068710617197,0.03566584523504552,0.020939324712689857,0.533106993364449|0.82255387011401|0.7308302914509748,0.8069491778014896|0.527870452807323|0.6191349985566221,0.3831195902146466|0.4868770532312382|0.6077309251431898,0.043872961155192985,0.05641059368614585,0.10028355484133883,2,32
53,contact,contact,13,0.25,1.915478951967148e-29,0.25,,0.04475132074221787,0.05742122249293849,0.10217254323515636,33,False,,4,4,4,2,2,2,4,4,False,True,random_extra,left_hand|right_hand,0.24408820807002485,0.002809158992022276,0.21176973497495055,0.01907566492445767,,0.21176973497495055,0.7241909512465134,0.7241909512465134,,,0.9999999999999999,1.6132264529058116,35,12.50501002004008,1.4164240194884878,0,0,0,True,0.003561681147729562,0.03510238159623058,14,0.003561681147729562,10,0.0009981663752185732,2,-0.03027910314531468,-0.023294354934298767,,0.0,0.0013766119819193388,,0.022176472015976802,0.0439225774101812,0.08151410689346952,0.037591529483288325,0.05357348000921953,0.016437383477255384,0.03883741285180156,0.06052026969099696,0.0216828568391954,0.035929161475216215,0.020838341041709892,0.5284146669320016|0.8107197625310079|0.7316440866939045,0.8018513083228488|0.5257404640332233|0.6297729519098739,0.3781228362348809|0.48385989919376327|0.6211666987324699,0.04475132074221787,0.05742122249293849,0.10217254323515636,2,33
54,contact,contact,12,0.25,5.380186160021138e-32,0.25,,0.04509996744472124,0.05781622619088211,0.10291619363560334,33,False,,2,2,2,0,2,0,2,2,False,False,ordinary_base,left_hand|right_hand,0.1368506730068475,0.0028544298838824034,0.1046296120621264,0.018848582170903683,,0.1046296120621264,0.7164007606665819,0.7164007606665819,,,0.9999999999999999,1.6132264529058116,35,12.50501002004008,1.4164240194884878,0,0,0,True,0.0014448865708554387,0.03569059109108241,15,0.0014448865708554387,10,0.0010260215678609963,3,-0.02965792613012752,-0.023335994679046124,,0.0,0.0013664277415351047,,0.022085011995824102,0.04456305780223359,0.08315895927047594,0.03859590146824235,0.05473495145130578,0.016396003799883197,0.03914922911374541,0.06058544157902331,0.021436212465277903,0.0354649834381367,0.020625933601302784,0.523596668460893|0.7963795039662149|0.7331141106710487,0.7971613266977015|0.5208194612944123|0.6395369025632118,0.37338680585308176|0.47847910185906256|0.6335612508469072,0.04509996744472124,0.05781622619088211,0.10291619363560334,2,33
55,contact,contact,11,0.25,1.1769109439216723e-34,0.25,,0.04428420150609065,0.057042078021069635,0.10132627952716028,33,False,,2,2,2,0,2,0,2,2,False,False,ordinary_base,left_hand|right_hand,0.13619656511582434,0.002844928065314889,0.10412872885353863,0.018910466926172376,,0.10412872885353863,0.7098198036201395,0.7098198036201395,,,0.9999999999999999,1.6132264529058116,35,12.50501002004008,1.4164240194884878,0,0,0,True,0.001445971544772013,0.03590374102293584,14,0.001445971544772013,9,0.0010195638663136053,3,-0.02927424977363735,-0.0234635675483581,,0.0,0.001353157576931964,,0.022023792610050854,0.045977777571562344,0.08330223213743006,0.037324454565867714,0.053968171682434216,0.016280241355395707,0.039528284363214,0.060516069928038124,0.020987785564824127,0.03460023132974709,0.02086773958044095,0.5194133000601705|0.7822581347944414|0.7341993628199796,0.793303986128965|0.5134455229788055|0.6496050477922589,0.3692691004170996|0.4721446546015827|0.642730463720337,0.04428420150609065,0.057042078021069635,0.10132627952716028,2,33
56,contact,contact,10,0.25,2.005008781961654e-37,0.25,,0.04447469823431148,0.056786056339803485,0.10126075457411496,33,False,,2,2,2,0,2,0,2,2,False,False,ordinary_base,left_hand|right_hand,0.1353827128186822,0.0028117229230701923,0.10371505399234593,0.018746508052572608,,0.10371505399234593,0.7181899741050574,0.7181899741050574,,,0.9999999999999999,1.6132264529058116,35,12.50501002004008,1.4164240194884878,0,0,0,True,0.0014484198911533658,0.03618777730675332,14,0.0014484198911533658,9,0.0010816862850781261,3,-0.029029949556289125,-0.023562297151523026,,0.0,0.0013518437604400969,,0.022163329925917474,0.046856424441654033,0.08527422328016764,0.0384177988385136,0.055367529467757005,0.016800103319617846,0.040072941428593856,0.06039063340416014,0.020317691975566286,0.03358186700086595,0.021036684259949597,0.517490675278931|0.7688314682216221|0.7353232087353083,0.7885836652869479|0.5083478594574375|0.6563755552064532,0.3657726212807135|0.4640715612784162|0.6489224911074023,0.04447469823431148,0.056786056339803485,0.10126075457411496,2,33
57,contact,contact,9,0.25,2.6602064159439866e-40,0.25,,0.04376818839495655,0.05593520399599957,0.09970339239095613,33,False,,2,2,2,0,2,0,2,2,False,False,ordinary_base,left_hand|right_hand,0.1342679769732058,0.002801015041768551,0.10265478701330721,0.018593742046505213,,0.10265478701330721,0.7185437960043182,0.7185437960043182,,,0.9999999999999999,1.6132264529058116,35,12.50501002004008,1.4164240194884878,0,0,0,True,0.002432804512084323,0.03674897716671252,17,0.002432804512084323,11,0.0018415963833456755,3,-0.030046234136333894,-0.02395021082006643,,0.0,0.0013568055656688162,,0.02224486842716442,0.047106205861016825,0.08328829313443772,0.0361820872734209,0.054634781587696996,0.017136445576723894,0.04059147177297748,0.06016510683686682,0.019573635063889344,0.03290159520221612,0.02137706566358523,0.513914935436326|0.7550407485830036|0.7366474209337169,0.7850345172752554|0.49763424999498146|0.6651198757896563,0.3625711306684103|0.45466221875018786|0.6531261005068705,0.04376818839495655,0.05593520399599957,0.09970339239095613,2,33
58,contact,contact,8,0.25,2.7487850079102147e-43,0.25,,0.04442986316457111,0.05642864199485481,0.10085850515942592,33,False,,2,2,2,0,2,0,2,2,False,False,ordinary_base,left_hand|right_hand,0.1338027911260724,0.0028172400780022144,0.10221691406331956,0.018698832020163536,,0.10221691406331956,0.7298138503820757,0.7298138503820757,,,0.9999999999999999,1.6132264529058116,35,12.50501002004008,1.4164240194884878,0,0,0,True,0.0017387675518662805,0.03751981472380117,16,0.0017387675518662805,11,0.0014920835532074017,2,-0.029068661643291804,-0.024877557930677696,,0.0,0.0013454643979528402,,0.022393966403582596,0.04747470353695365,0.08581851269357621,0.03834380915662256,0.05710414396739231,0.017184739624913438,0.041238220421284645,0.059462482767872096,0.01822426234658745,0.031755582361749905,0.021639542230336643,0.5133688627451567|0.7430195340054749|0.7347674379401073,0.7811211878604257|0.4893385370968947|0.6645964418142949,0.36030995777522223|0.4447331995431337|0.6550788784443663,0.04442986316457111,0.05642864199485481,0.10085850515942592,2,33
59,contact|lift,contact,7,0.25,2.2120380336009962e-46,0.25,,0.04392700937878893,0.05617308614902324,0.10010009552781217,33,False,,4,4,4,2,2,2,4,4,False,True,random_extra,left_hand|right_hand,0.2374671169091016,0.002814158098772168,0.2054114870261401,0.018987275892868638,,0.2054114870261401,0.727105797956138,0.727105797956138,,,0.9999999999999999,1.6132264529058116,35,12.50501002004008,1.4164240194884878,0,0,0,True,0.001519261326494093,0.03837212861179448,19,0.001519261326494093,14,0.0010094549765762711,2,-0.029186612359445974,-0.025568784655973786,,0.0,0.0013515969616027096,,0.022397935086208905,0.04783961738034645,0.08514333983211192,0.03730372245176547,0.056832036147129415,0.017067087424064632,0.041370924921126,0.05871335429717536,0.017342429376049365,0.031021982610448442,0.021885907593575574,0.5111626839011544|0.729109366650367|0.7325675242099114,0.7780364100206335|0.4767486800873036|0.6668329141476267,0.3579747165518247|0.4323873592948814|0.6547157453173793,0.04392700937878893,0.05617308614902324,0.10010009552781217,2,33
60,contact|lift,contact,6,0.25,1.3863432936411706e-49,0.25,,0.04584156528129664,0.056358592383982206,0.10220015766527885,33,False,,2,2,2,0,2,0,2,2,False,False,ordinary_base,left_hand|right_hand,0.15844459389336407,0.0028869109228253365,0.12583103915676475,0.01936368807218969,,0.12583103915676475,0.7256519483565895,0.7256519483565895,,,0.9999999999999999,1.6132264529058116,35,12.50501002004008,1.4164240194884878,0,0,0,True,0.001891292476010567,0.03925316869061443,18,0.001891292476010567,14,0.001152914650201231,1,-0.02904202423919955,-0.02667805239616783,,0.0,0.0013426736042114929,,0.022369212950697367,0.04849226055337269,0.08659952524629864,0.038107264692925955,0.0577380357048861,0.01695499365686763,0.041350422090621605,0.05766569075411259,0.016315268663490985,0.03394509485770717,0.021978989638436783,0.5099443930965556|0.7150828950551621|0.7297207381977239,0.7736781406503936|0.46575078985555296|0.6644753351904236,0.35575785095040663|0.4181608831292817|0.6542474452513922,0.04584156528129664,0.056358592383982206,0.10220015766527885,2,33
61,contact|lift,contact,5,0.25,6.766675675168404e-53,0.25,,0.04465957860328943,0.05532343599947723,0.09998301460276665,34,False,,2,2,2,0,2,0,2,2,False,False,ordinary_base,left_hand|right_hand,0.13717408501543105,0.00287574902176857,0.10407119104638696,0.019668187014758587,,0.10407119104638696,0.7103402659128853,0.7103402659128853,,,1.0000000000000002,1.61,36,12.640000000000004,1.4194365079143205,0,0,0,True,0.001740063639764599,0.040072508604333645,16,0.001740063639764599,11,0.0010482400115496282,2,-0.029721911628834974,-0.027110563926157738,,0.0,0.0013370813118857578,,0.02217237433199456,0.04899456267311318,0.08526006942740269,0.03626550675428951,0.05641833165351986,0.017064982001711675,0.04132883089483988,0.05713823875119808,0.015809407856358197,0.032900825553059,0.022085557980650768,0.508024548478076|0.6987911527883999|0.7271044644287398,0.770498219196272|0.4519239544599024|0.6664811072010174,0.3525210907626853|0.40268672661854604|0.6533041450008338,0.04465957860328943,0.05532343599947723,0.09998301460276665,2,34
62,contact|lift,contact,4,0.25,2.572209372642415e-56,0.25,,0.04449937448918197,0.055489978079839984,0.09998935256902194,34,False,,2,2,2,0,2,0,2,2,False,False,ordinary_base,left_hand|right_hand,0.13582209288142622,0.0028693610802292824,0.10344779794104397,0.019081556936725974,,0.10344779794104397,0.700520886609553,0.700520886609553,,,1.0000000000000002,1.61,36,12.640000000000004,1.4194365079143205,0,0,0,True,0.0020654540312932956,0.04105139633224367,12,0.0020654540312932956,8,0.0009179890900675863,1,-0.02912243713928042,-0.027793755884665927,,0.0,0.0013328633069997976,,0.022037093478334706,0.049394518204468864,0.08662090143326026,0.0372263832287914,0.05673410595895656,0.01677462090109914,0.04091367850967092,0.056286047760534114,0.015372369250863195,0.032264643019407374,0.02198310196415722,0.509753744067697|0.6838443462971955|0.7238655318064559,0.76666976304936|0.43920179953419747|0.6625632568812925,0.3498276686241029|0.3875984149595541|0.6535977537748489,0.04449937448918197,0.055489978079839984,0.09998935256902194,2,34
63,contact|lift,lift,3,0.32465246735834974,0.32465246735834974,0.32465246735834974,,0.042646989997702694,0.05401725429595808,0.09666424429366077,34,False,,2,2,2,0,2,0,2,2,False,False,ordinary_base,left_hand|right_hand,0.13500881497748196,0.002861320972442627,0.10241926414892077,0.018967442912980914,,0.10241926414892077,0.6875739699215644,0.6875739699215644,,,1.0000000000000002,1.7736699809936491,36,16.031456655343813,1.8002875673766623,0,0,0,True,0.001891214099779992,0.04191588839841004,12,0.0015707306476093856,7,0.001891214099779992,2,-0.029328421052808196,-0.027653843059161076,,0.0,0.0013249894224562596,,0.02188221491812348,0.049733938832591626,0.08323568965048095,0.03350175081788932,0.053678073279134715,0.01680228352436493,0.04040591621269891,0.055610559023720994,0.015204642811022087,0.03161590671627067,0.021769495866876667,0.5104875253672732|0.6667989990724668|0.7207390664705926,0.7636090824247856|0.4202048122242707|0.6623198656384994,0.3475739534184938|0.37160833760846473|0.6533468849837253,0.042646989997702694,0.05401725429595808,0.09666424429366077,2,34
64,contact|lift,lift,2,0.6065306597126334,0.6065306597126334,0.6065306597126334,,0.04140106749372015,0.05295349751461889,0.09435456500833904,34,False,,2,2,2,0,2,0,2,2,False,False,ordinary_base,left_hand|right_hand,0.13634573109447956,0.002833646023645997,0.10415826388634741,0.018971301848068833,,0.10415826388634741,0.6862916233988461,0.6862916233988461,,,1.0,2.328380167328632,36,27.525779204973627,3.09106771458294,0,0,0,True,0.0024722402916137545,0.04240539821919728,11,0.0024722402916137545,6,0.0016809841493704708,2,-0.029090421620011853,-0.026782872646336386,,0.0,0.0013249348523590666,,0.021876856058215415,0.05013678328391289,0.08182189931653436,0.03168511603262147,0.05169664391388623,0.016703860921171418,0.03949828466078453,0.05492896696155195,0.015430682300767419,0.031105491073554068,0.02145512391716426,0.5121226565503814|0.6498778034624602|0.7170131786547497,0.7609532202271329|0.4012383314309068|0.660604025081266,0.3462745004084643|0.35473255887891647|0.6523972401137553,0.04140106749372015,0.05295349751461889,0.09435456500833904,2,34
65,contact|lift,lift,1,0.8824969025845955,0.8824969025845955,0.8824969025845955,,0.04204908319907677,0.053311957030330516,0.09536104022940728,33,False,,2,2,2,0,2,0,2,2,False,False,ordinary_base,left_hand|right_hand,0.13583425409160554,0.00285346619784832,0.10366298002190888,0.018820901168510318,,0.10366298002190888,0.689347199100689,0.689347199100689,,,1.0000000000000002,2.8073135376573504,35,36.85502116007144,4.174513824956884,0,0,0,True,0.002531067799963812,0.04301850210983571,11,0.002531067799963812,6,0.0014505029515765877,2,-0.028998276547362423,-0.025916530664407134,,0.0,0.0012892096454191384,,0.021828571517066155,0.05044326989977869,0.08099871091595415,0.03055544101617546,0.050256319942484154,0.01663826276203127,0.03849170584953987,0.05759603539774657,0.0191043295482067,0.033841846455669386,0.0206953336562188,0.512164002387691|0.6321587611920303|0.7141482300439277,0.7586277977282458|0.38098261238129144|0.6594954466432039,0.3438173967451352|0.34436100400798914|0.6512379686138893,0.04204908319907677,0.053311957030330516,0.09536104022940728,2,33
66,contact|lift,lift,0,1.0,1.0,1.0,,0.04106655753335693,0.05255510024034423,0.09362165777370116,33,False,,2,2,2,0,2,0,2,2,True,False,ordinary_base,left_hand|right_hand,0.139108682051301,0.002851844998076558,0.10661594290286303,0.019258715910837054,,0.10661594290286303,0.6969594696464941,0.6969594696464941,,,1.0000000000000002,2.987012987012987,35,40.51948051948052,4.5895817254854245,0,0,0,True,0.002550762193425593,0.04293549565111249,11,0.0024131606174253306,6,0.002550762193425593,2,-0.029415235017188124,-0.02688383128706029,,0.0,0.0014642891059969097,,0.02200161618329613,0.051031612626181985,0.08046442222069823,0.029432809594516246,0.04867574116133429,0.016718500956997253,0.0376196995923931,0.054786286547483076,0.017166586955089977,0.03345737390537957,0.02106039457961587,0.5154789295661477|0.6124570485932528|0.71531739495442,0.7567911651153564|0.3600963783097062|0.6613611733754001,0.34255321920730286|0.3213936410371506|0.6572955265673439,0.04106655753335693,0.05255510024034423,0.09362165777370116,2,33
67,lift,lift,1,0.8824969025845955,0.8824969025845955,0.8824969025845955,,0.042452559721892824,0.054464865413162256,0.09691742513505508,33,False,,2,2,2,0,2,0,2,2,False,False,ordinary_base,left_hand|right_hand,0.13828982901759446,0.002830045996233821,0.10636493610218167,0.01876181992702186,,0.10636493610218167,0.7147432205599431,0.7147432205599431,,,1.0000000000000002,2.8073135376573504,35,36.85502116007144,4.174513824956884,0,0,0,True,0.0024082332115631516,0.042696762994753196,12,0.002320130629941776,7,0.0024082332115631516,2,-0.029156263606008537,-0.025599928363915225,,0.0,0.0014525491401975944,,0.02218823627557992,0.052160158948375626,0.08339613980304603,0.0312359808546704,0.04924614520798156,0.016709325671903832,0.037032972472281,0.05951936989385973,0.02248639742157873,0.03565897423580409,0.02122200330908021,0.5163603294805036|0.5923462870858048|0.7152022540764033,0.75559422824707|0.34147116277692396|0.6625463551148494,0.3395819604946053|0.3126808458679801|0.6578972381730268,0.042452559721892824,0.054464865413162256,0.09691742513505508,2,33
68,lift,lift,2,0.6065306597126334,0.6065306597126334,0.6065306597126334,,0.040909330672964817,0.05380249608993645,0.09471182676290127,33,False,,2,2,2,0,2,0,2,2,False,False,ordinary_base,left_hand|right_hand,0.13881726609542966,0.002828319789841771,0.10679538105614483,0.018896267982199788,,0.10679538105614483,0.717075063086889,0.717075063086889,,,1.0000000000000004,2.3385654261222752,35,27.29623614053267,3.091804360741831,0,0,0,True,0.004574814119810672,0.04310530740593199,11,0.004574814119810672,5,0.003264119987855904,2,-0.029730271488261906,-0.028053983655004444,,0.0,0.0014513908592571835,,0.022310135827928203,0.053379002177505394,0.08360539758338446,0.03022639540587907,0.04785000837505574,0.01684667881820066,0.03671912429589608,0.05661830605712782,0.01989918176123174,0.0339686529708739,0.021397303971835892,0.5204222252344552|0.5697516148267943|0.7165899979578555,0.7544259481960365|0.3195221255561013|0.6668693831357958,0.33815728188228317|0.29025724477079273|0.6676260884607196,0.040909330672964817,0.05380249608993645,0.09471182676290127,2,33
69,lift,lift,3,0.32465246735834974,0.32465246735834974,0.32465246735834974,,0.04250592329522765,0.05523272469060586,0.09773864798583351,33,False,,2,2,2,0,2,0,2,2,False,False,ordinary_base,left_hand|right_hand,0.13662598794326186,0.0028981950599700212,0.10512102721258998,0.018545613158494234,,0.10512102721258998,0.7604186034883497,0.7604186034883497,,,1.0000000000000002,1.7781805544880556,35,15.868779934658395,1.797433270617648,0,0,0,True,0.002061982855863193,0.0436956772725125,11,0.002061982855863193,5,0.0009771405606818634,2,-0.029961403621841853,-0.02710621294070492,,0.0,0.0014512535409754554,,0.022643700937086685,0.05388450247948265,0.08466092710334203,0.030776424623859377,0.04879472905635017,0.016896245180751623,0.03700867742774968,0.05878787958566082,0.02177920215791114,0.03621711753410512,0.02172061348557933,0.5238025872458926|0.5486706354625877|0.7189904572796673,0.7539583585708609|0.29982675388798796|0.6717904903180759,0.3356820008293046|0.2753077384881821|0.6731315027226492,0.04250592329522765,0.05523272469060586,0.09773864798583351,2,33
70,lift,lift,4,0.25,0.1353352832366127,0.25,,0.04578633236595202,0.05815701982531366,0.10394335219126569,33,False,,2,2,2,0,2,0,2,2,False,False,ordinary_base,left_hand|right_hand,0.13137678103521466,0.0028500608168542385,0.10053216386586428,0.018125185975804925,,0.10053216386586428,0.8616695144739007,0.8616695144739007,,,0.9999999999999999,1.6132264529058116,35,12.50501002004008,1.4164240194884878,0,0,0,True,0.002203376783495692,0.04467218860887734,11,0.001929590321252804,5,0.002203376783495692,2,-0.029914770347424735,-0.02031645309823915,,0.0,0.0014286731021256702,,0.023283003696881348,0.054745524450562334,0.0834182218536461,0.028672697403083765,0.048824104151712296,0.016879539977923994,0.03771509751251009,0.06913663694707727,0.03142153943456717,0.04274856058019173,0.022331710065834006,0.5256445485412735|0.5291278561854917|0.7207251700149193,0.7537563099877895|0.27861447041651155|0.676822304145314,0.33199928030243925|0.2705246639482628|0.6706032093979531,0.04578633236595202,0.05815701982531366,0.10394335219126569,2,33
71,lift,lift,5,0.25,0.04393693362340742,0.25,,0.04094127291015919,0.05475083482569713,0.09569210773585632,33,False,,2,2,2,0,2,0,2,2,False,False,ordinary_base,left_hand|right_hand,0.1285785858053714,0.0028181818779557943,0.09728246787562966,0.01834772783331573,,0.09728246787562966,0.7373564244633174,0.7373564244633174,,,0.9999999999999999,1.6132264529058116,35,12.50501002004008,1.4164240194884878,0,0,0,True,0.003842572780135431,0.04121056813294585,9,0.003842572780135431,5,0.0010275225191406084,1,-0.03144432053135482,-0.030128322994700696,,0.0,0.0012964764588411786,,0.02235100278000039,0.055322868465104334,0.08020958651445106,0.02488671804934673,0.04931843078880414,0.017428422135919316,0.03816458677540281,0.056659892014847106,0.018495305239444294,0.03256411503151424,0.021191733586264402,0.5263002067082692|0.4991509573436516|0.7280604480507622,0.7538222264846306|0.25909296600161963|0.6869632362325381,0.3366278130132379|0.24173754136083375|0.6841901364701598,0.04094127291015919,0.05475083482569713,0.09569210773585632,2,33
72,lift,lift,6,0.25,0.011108996538242306,0.25,,0.04436674510466452,0.05665971122946459,0.1010264563341291,33,False,,2,2,2,0,2,0,2,2,False,False,ordinary_base,left_hand|right_hand,0.14648974197916687,0.0028121909126639366,0.11559993377886713,0.018201460130512714,,0.11559993377886713,0.7046078374130109,0.7046078374130109,,,0.9999999999999999,1.6132264529058116,35,12.50501002004008,1.4164240194884878,0,0,0,True,0.001457154333978375,0.03637019302527797,8,0.001457154333978375,5,0.0009345777808486833,1,-0.030677096058795428,-0.021842009542934804,,0.0,0.0012448116449720274,,0.022093693383787073,0.055568303809093826,0.08067631234076411,0.025108008531670285,0.04972197680804414,0.017297103512051108,0.03799352123234755,0.06428774580502415,0.0262942245726766,0.0390115134012849,0.0205200913471315,0.529997311999063|0.4792743791861773|0.730415938950699,0.752971540406569|0.23813000920132904|0.6891460920757813,0.33143665463596317|0.22902020485032226|0.6826449360603732,0.04436674510466452,0.05665971122946459,0.1010264563341291,2,33
73,lift,lift,7,0.25,0.002187491118182885,0.25,,0.04070837212982019,0.05415960693718817,0.09486797906700836,33,False,,2,2,2,0,2,0,2,2,False,False,ordinary_base,left_hand|right_hand,0.12487215804867446,0.0027894550003111362,0.09348044102080166,0.01828573504462838,,0.09348044102080166,0.6674495056045529,0.6674495056045529,,,0.9999999999999999,1.6132264529058116,35,12.50501002004008,1.4164240194884878,0,0,0,True,0.004767901330520616,0.03519885877809495,11,0.004767901330520616,8,0.0009467304596749299,1,-0.030415605318950156,-0.02975485228359176,,0.0,0.0011511584237893647,,0.02182714962018233,0.05525468948402768,0.0814641014159944,0.02620941193196672,0.04857227757634895,0.017540101545353723,0.037862509163204494,0.05735579412690071,0.019493284963696213,0.03284446668329143,0.02048206359957007,0.5332950799116782|0.46000355201276294|0.7331301958178057,0.7516964010724547|0.21540164702816716|0.6915923798618141,0.33486907482311634|0.20795147593665553|0.6915376019541504,0.04070837212982019,0.05415960693718817,0.09486797906700836,2,33
74,lift,lift,8,0.25,0.00033546262790251185,0.25,,0.043277168669060784,0.05511238446007328,0.09838955312913406,33,False,,2,2,2,0,2,0,2,2,False,False,ordinary_base,left_hand|right_hand,0.1256466149352491,0.0027826849836856127,0.09474613214842975,0.018188471905887127,,0.09474613214842975,0.6760131660934496,0.6760131660934496,,,0.9999999999999999,1.6132264529058116,35,12.50501002004008,1.4164240194884878,0,0,0,True,0.001409725548501533,0.03595167678459374,10,0.001409725548501533,7,0.0009666173737894329,1,-0.030702256186977195,-0.021147319495964823,,0.0,0.0011411104134177107,,0.02191803978545449,0.0552517462021013,0.08198049920425142,0.02672875300215012,0.04656977822338492,0.018239383188667344,0.03773448116883345,0.06464153303045422,0.026907051861620776,0.03998455911473665,0.019386872531630125,0.5362050568255504|0.44086187019965883|0.7331462943615442,0.7499729709497206|0.1932798304672128|0.6939625604138234,0.3292347569395861|0.1943491865194507|0.6893286826966888,0.043277168669060784,0.05511238446007328,0.09838955312913406,2,33
75,lift,lift,9,0.25,4.006529739295107e-05,0.25,,0.04408585043283157,0.05458426082934598,0.09867011126217756,33,False,,2,2,2,0,2,0,2,2,False,False,ordinary_base,left_hand|right_hand,0.12661031307652593,0.0028313070069998503,0.09540012804791331,0.018472792115062475,,0.09540012804791331,0.685266931411912,0.685266931411912,,,0.9999999999999999,1.6132264529058116,35,12.50501002004008,1.4164240194884878,0,0,0,True,0.0014113634911657562,0.03613643326853752,10,0.0014113634911657562,7,0.0009539527243104806,1,-0.030515917832200756,-0.020739061005446757,,0.0,0.001134672115324851,,0.022050765096030725,0.05504233004156982,0.08278552307113393,0.027743193029564114,0.04586858476365087,0.01826919515086088,0.03780574298591345,0.06492297737949687,0.02711723439358342,0.04230311610201227,0.019420549128719867,0.5387945448329301|0.4226499167423452|0.7338885947167336,0.7486116886895751|0.1716889102117442|0.6955965323660058,0.3286183099050635|0.17798092420581557|0.690785856960125,0.04408585043283157,0.05458426082934598,0.09867011126217756,2,33
76,lift,lift,10,0.25,3.726653172078671e-06,0.25,,0.04407697669204295,0.05431761388712442,0.09839459057916737,33,False,,2,2,2,0,2,0,2,2,False,False,ordinary_base,left_hand|right_hand,0.13436371507123113,0.002867277944460511,0.10054941195994616,0.020172508899122477,,0.10054941195994616,0.6813306048089836,0.6813306048089836,,,0.9999999999999999,1.6132264529058116,35,12.50501002004008,1.4164240194884878,0,0,0,True,0.0014116466399631059,0.036629394955119216,13,0.0014116466399631059,7,0.0009598214352392886,1,-0.030344352232324567,-0.020339906950956887,,0.0,0.0011260767101857409,,0.021955606220718512,0.05502234518738768,0.08316717978615684,0.02814483459876916,0.04574499395549783,0.018039104292956833,0.037929833137146575,0.06532189455569898,0.027392061418552403,0.042408959428588064,0.018977133893846053,0.539460462482879|0.40373340074325087|0.732797142125937,0.7468480454100718|0.15121192754748863|0.6953735336213044,0.3275096542219306|0.1613749799056165|0.6913130628954586,0.04407697669204295,0.05431761388712442,0.09839459057916737,2,33
77,lift,lift,11,0.25,2.699578503363014e-07,0.25,,0.04428875737374916,0.054240505558608945,0.09852926293235811,33,False,,2,2,2,0,2,0,2,2,False,False,ordinary_base,left_hand|right_hand,0.14175593201071024,0.002821205882355571,0.10795095888897777,0.02022509998641908,,0.10795095888897777,0.6707895854729528,0.6707895854729528,,,0.9999999999999999,1.6132264529058116,35,12.50501002004008,1.4164240194884878,0,0,0,True,0.0014105257669598525,0.037365153644966204,14,0.0014105257669598525,9,0.0008917795747790669,1,-0.030255681732903383,-0.019891367854315334,,0.0,0.0014216141944305716,,0.02173006310331253,0.054896188116882357,0.08371696688147152,0.028820778764589168,0.04551829748953785,0.018182477118242397,0.037866171346140474,0.06604669651480695,0.028180525168666475,0.043059217257960476,0.01836009176886527,0.5358839277422894|0.38357853997969393|0.731969744321892,0.7461049857712488|0.1299982145542042|0.6967040844012178,0.32627167392504824|0.14532142743998755|0.6911868617762427,0.04428875737374916,0.054240505558608945,0.09852926293235811,2,33
78,lift,lift,12,0.25,1.522997974471263e-08,0.25,,0.0461668129405164,0.054330221801931144,0.10049703474244755,33,False,,2,2,2,0,2,0,2,2,False,False,ordinary_base,left_hand|right_hand,0.14324680995196104,0.002837897976860404,0.10963608091697097,0.020059115020558238,,0.10963608091697097,0.6711158622411175,0.6711158622411175,,,0.9999999999999999,1.6132264529058116,35,12.50501002004008,1.4164240194884878,0,0,0,True,0.0014110530248993142,0.04529438636490418,15,0.0014110530248993142,9,0.0006696100345773282,1,-0.02990677510307549,-0.02030930008479004,,0.0,0.0014228362755237666,,0.021669315181037055,0.05424781529848365,0.08337134684141091,0.02912353154292726,0.04941855013715132,0.018009081343448113,0.038394989384729065,0.0654181891844031,0.02702319979967404,0.04291507574388149,0.018519240268071852,0.5388582525371279|0.36677742043865247|0.7306788460317791,0.7448641678274939|0.11032952119123007|0.6940860919980385,0.3254916269462043|0.1282373824759554|0.6914195500514262,0.0461668129405164,0.054330221801931144,0.10049703474244755,2,33
79,lift,lift,13,0.25,6.691586091292782e-10,0.25,,0.04748575911943638,0.055022850092901934,0.10250860921233831,33,False,,2,2,2,0,2,0,2,2,False,False,ordinary_base,left_hand|right_hand,0.14117506705224514,0.002823130926117301,0.10914864204823971,0.019244894850999117,,0.10914864204823971,0.6826731958253055,0.6826731958253055,,,0.9999999999999999,1.6132264529058116,35,12.50501002004008,1.4164240194884878,0,0,0,True,0.0016631348170449388,0.03849948297334918,13,0.0016631348170449388,10,0.0009216790999920649,1,-0.029990264767310038,-0.020033951050411503,,0.0,0.0014212117756669297,,0.021835519749583532,0.053541845803466416,0.08199433243483144,0.028452486631365022,0.051000282972390565,0.018234960105947676,0.03885015828802071,0.06616969151166215,0.02731953322364144,0.0439712352664822,0.01897205462727671,0.5384498444809903|0.35052692185203554|0.73150882412682,0.7441316982212244|0.09094175097143045|0.6925624047206458,0.32395790710571204|0.11299561500292156|0.6906399977143183,0.04748575911943638,0.055022850092901934,0.10250860921233831,2,33
80,lift,lift,14,0.25,2.289734845645553e-11,0.25,,0.04840636375935879,0.05544343350704645,0.10384979726640524,33,False,,2,2,2,0,2,0,2,2,False,False,ordinary_base,left_hand|right_hand,0.13578185602091253,0.002804229035973549,0.10447655385360122,0.01848583109676838,,0.10447655385360122,0.7173262459208402,0.7173262459208402,,,0.9999999999999999,1.6132264529058116,35,12.50501002004008,1.4164240194884878,0,0,0,True,0.0014149709782291624,0.03907750628516132,14,0.0014149709782291624,10,0.0009595924571375175,1,-0.02991738838627711,-0.02027308011394169,,0.0,0.0014402965684187866,,0.02214957429505713,0.05281163420317074,0.08130568854462308,0.028494054341452343,0.05288925521094142,0.018504954089769963,0.03909757151750115,0.06595847602689037,0.026860904509389216,0.043923472307776164,0.019346711487760546,0.5387673157433048|0.3340199125245173|0.7299973225901164,0.7429917233737678|0.07073579401879186|0.6894586764171866,0.3234397298304767|0.09645012748627359|0.6868715017700011,0.04840636375935879,0.05544343350704645,0.10384979726640524,2,33
81,lift,lift,15,0.25,6.101936677605324e-13,0.25,,0.04931706489781664,0.05554685257606937,0.10486391747388601,33,False,,2,2,2,0,2,0,2,2,False,False,ordinary_base,left_hand|right_hand,0.13625690178014338,0.0027797629591077566,0.10520101082511246,0.018241382902488112,,0.10520101082511246,0.733616429351254,0.733616429351254,,,0.9999999999999999,1.6132264529058116,35,12.50501002004008,1.4164240194884878,0,0,0,True,0.0014107783298803848,0.039311130249900184,18,0.0014107783298803848,14,0.0009697568382066035,1,-0.03000574234689246,-0.020199570617377205,,0.0,0.0014478226036901245,,0.022268301915028765,0.05296259291520634,0.08116498968417762,0.028202396768971287,0.05514120138703842,0.018809036671081435,0.03961493467729736,0.06625098184108338,0.026636047163786022,0.04349292840859486,0.01938262694888983,0.5385041918061686|0.3178785633951237|0.7286745861262957,0.7420091446905002|0.04983164405605475|0.6869992566936628,0.3224300647407482|0.08059972103068225|0.6817909815246381,0.04931706489781664,0.05554685257606937,0.10486391747388601,2,33
82,lift,lift,16,0.25,1.2664165549094176e-14,0.25,,0.04913661336735483,0.05570841682722227,0.1048450301945771,33,False,,2,2,2,0,2,0,2,2,False,False,ordinary_base,left_hand|right_hand,0.13524490292184055,0.0028747532051056623,0.10428820014931262,0.018180240178480744,,0.10428820014931262,0.7245097842154503,0.7245097842154503,,,0.9999999999999999,1.6132264529058116,35,12.50501002004008,1.4164240194884878,0,0,0,True,0.0014123488091855665,0.039816770415219194,14,0.0014123488091855665,10,0.0009643323049406127,1,-0.029871582913385097,-0.020552089863652867,,0.0,0.0014161164583068933,,0.022165338537320618,0.05349538631266275,0.08172840405749113,0.02823301774482838,0.055274117323129646,0.01878345674405364,0.03953561794581501,0.06569625609752654,0.026160638151711525,0.042999109411580014,0.019312155301375426,0.5371032881770552|0.29997001685717545|0.7261373307086235,0.7402762546566147|0.02866952132674772|0.6829997502931521,0.3212595654198556|0.06342578199154275|0.6764734468976716,0.04913661336735483,0.05570841682722227,0.1048450301945771,2,33
83,lift,lift,17,0.25,2.0469717131642043e-16,0.25,,0.048517753123464964,0.05566547236121938,0.10418322548468434,34,False,,2,2,2,0,2,0,2,2,False,False,ordinary_base,left_hand|right_hand,0.13262979593127966,0.0028756929095834494,0.10135512799024582,0.018352739047259092,,0.10135512799024582,0.7035095928623418,0.7035095928623418,,,1.0000000000000002,1.61,36,12.640000000000004,1.4194365079143205,0,0,0,True,0.001632216346153268,0.04054108153631977,14,0.001632216346153268,10,0.0009240062533150545,1,-0.02999882714086688,-0.021001177145766547,,0.0,0.001412452104616366,,0.021947045058151052,0.05423468429844837,0.08294281283027033,0.02870812853182196,0.054520662375895756,0.0185426971284078,0.03948351861285519,0.06498890740685652,0.025505388794001327,0.04251484387103417,0.019523931698692164,0.5343869442658173|0.28047927812757034|0.7236333964160278,0.7380815569558821|0.006609566975196993|0.6796472132860863,0.319071110939264|0.0449579837072968|0.6720033253541723,0.048517753123464964,0.05566547236121938,0.10418322548468434,2,34
84,lift,lift,18,0.25,2.576757109154981e-18,0.25,,0.04825821287524091,0.05574884989500206,0.10400706277024296,34,False,,4,4,4,2,2,2,4,4,False,True,random_extra,left_hand|right_hand,0.2359753220807761,0.002833679784089327,0.20430958201177418,0.01872283802367747,,0.20430958201177418,0.692227093378888,0.692227093378888,,,1.0000000000000002,1.61,36,12.640000000000004,1.4194365079143205,0,0,0,True,0.0017294922000164713,0.04145489075676756,14,0.0017294922000164713,9,0.0009737156613993797,2,-0.030161853692167284,-0.02118023555591897,,0.0,0.0014143820446486414,,0.021808182710968693,0.05392009683769248,0.08393556756294547,0.030015470725252992,0.05385908346613657,0.018471660078130323,0.03952623391725996,0.06480515604396021,0.02527892212670025,0.04265734228434525,0.019750887340799404,0.5311578304649582|0.26054283960988817|0.7222267235851486,0.734640616921601|-0.014530682957702622|0.6753898772475211,0.31628213548253425|0.02610722117998027|0.6682527075238344,0.04825821287524091,0.05574884989500206,0.10400706277024296,2,34
85,lift,lift,19,0.25,2.5261637809256925e-20,0.25,,0.048934934974425984,0.056674180991102635,0.10560911596552862,34,False,,2,2,2,0,2,0,2,2,False,False,ordinary_base,left_hand|right_hand,0.13183023501187563,0.0028125050012022257,0.1007661719340831,0.01816486194729805,,0.1007661719340831,0.7099787574071852,0.7099787574071852,,,1.0000000000000002,1.61,36,12.640000000000004,1.4194365079143205,0,0,0,True,0.0017377654274640872,0.041509422481892155,9,0.0017377654274640872,5,0.0009925404591465958,1,-0.029954854427449717,-0.021727064197811785,,0.0,0.0009987976711887856,,0.022018611039787788,0.052944634894628216,0.08314733305507788,0.03020269816044966,0.05521703498984196,0.018615921777838787,0.03941355537398549,0.06452591811446858,0.025112362740483084,0.04265283495901002,0.020197579823795712,0.528807891495307|0.2384470934932975|0.7228604220268955,0.733504637857614|-0.03252156462244778|0.6746115811720479,0.3137587462832961|0.006316775965623141|0.6656798832556969,0.048934934974425984,0.056674180991102635,0.10560911596552862,2,34
86,lift,lift,20,0.25,1.9287498479639178e-22,0.25,,0.04949413007381624,0.0574367030409474,0.10693083311476365,34,False,,2,2,2,0,2,0,2,2,False,False,ordinary_base,left_hand|right_hand,0.13386945403181016,0.0027916040271520615,0.1032107649371028,0.01801584498025477,,0.1032107649371028,0.7314129089292801,0.7314129089292801,,,1.0000000000000002,1.61,36,12.640000000000004,1.4194365079143205,0,0,0,True,0.0017131201827586852,0.04171185395298613,7,0.0017131201827586852,3,0.0009629669804775559,1,-0.03056995031506382,-0.02045178153625926,,0.0,0.0013891162688838186,,0.02227289406761573,0.052335570968175225,0.0822636110134954,0.029928040045320174,0.055556868454479214,0.018995520956783443,0.03957457891397682,0.0661816229687048,0.02660704405472799,0.043431391693153264,0.020313832585930523,0.5260786454387287|0.21740916755148315|0.7246037605281376,0.7313059940220459|-0.051533454695134734|0.6750740033367658,0.3095576080086099|-0.013938289884348691|0.6639807885764648,0.04949413007381624,0.0574367030409474,0.10693083311476365,2,34
87,lift,lift,21,0.25,1.146876582225596e-24,0.25,,0.04481299040839219,0.054919237889578,0.09973222829797018,34,False,,2,2,2,0,2,0,2,2,False,False,ordinary_base,left_hand|right_hand,0.13468533009290695,0.0028454780112951994,0.10322892013937235,0.018445319030433893,,0.10322892013937235,0.7549579239569261,0.7549579239569261,,,1.0000000000000002,1.61,36,12.640000000000004,1.4194365079143205,0,0,0,True,0.004434396237737809,0.04178618635179682,8,0.004434396237737809,4,0.0009224335918556897,1,-0.03156649273729428,-0.02895741961365772,,0.0,0.0014395616188215563,,0.022637758319236062,0.05202448067509307,0.08098356006867873,0.028959079393585656,0.05482990274125947,0.019238978267638117,0.0394933665107388,0.05748577511906372,0.01799240860832492,0.03479607807552492,0.020810543331283012,0.5227512247398247|0.19419092158899562|0.7271345314224463,0.7294001119346852|-0.07097381509625934|0.6781874297555875,0.31070633396803615|-0.044488387458536297|0.6692882715584815,0.04481299040839219,0.054919237889578,0.09973222829797018,2,34
88,lift,lift,22,0.25,5.311092249679095e-27,0.25,,0.043108960337591755,0.05516898026677925,0.098277940604371,34,False,,2,2,2,0,2,0,2,2,False,False,ordinary_base,left_hand|right_hand,0.15899822395294905,0.002816764870658517,0.1272327620536089,0.01872202893719077,,0.1272327620536089,0.7751672908640254,0.7751672908640254,,,1.0000000000000002,1.61,36,12.640000000000004,1.4194365079143205,0,0,0,True,0.004713521367783247,0.04234092649436952,8,0.004713521367783247,4,0.0009313753215990789,1,-0.03166128405874247,-0.028718618913147864,,0.0,0.0014262721128566822,,0.022849199348485706,0.05167485160244185,0.08087096649165583,0.029196114889213982,0.051945201912420094,0.01939208550577279,0.039589975463028844,0.0578642839678503,0.01827430850482146,0.034272718762763416,0.020611156986593993,0.5172907150642305|0.17276356218358258|0.7262363371526961,0.7282877530251326|-0.09012681915447791|0.6793981275680532,0.30847227771336433|-0.06788650588673703|0.6689564717237825,0.043108960337591755,0.05516898026677925,0.098277940604371,2,34
89,lift,lift,23,0.25,1.915478951967148e-29,0.25,,0.04230300623420899,0.05533605574021404,0.09763906197442303,34,False,,2,2,2,0,2,0,2,2,False,False,ordinary_base,left_hand|right_hand,0.13162962696515024,0.002829104196280241,0.10028304602019489,0.018447039183229208,,0.10028304602019489,0.7484546407766622,0.7484546407766622,,,1.0000000000000002,1.61,36,12.640000000000004,1.4194365079143205,0,0,0,True,0.00477583569070468,0.04039694765717655,8,0.00477583569070468,4,0.0009293758428159105,1,-0.031152529343895452,-0.030095675030564095,,0.0,0.0013617022736081396,,0.02234634427238703,0.051297621187728105,0.08304754806208986,0.031749926874361754,0.04982728165492676,0.01878932164825857,0.0399114196952542,0.058068752732634454,0.018157333037380256,0.03477873081349122,0.020921703513099174,0.5205215934201078|0.1481308664471495|0.7292339841780755,0.7279340504428895|-0.11123350929836401|0.6799965785570252,0.30868119757137236|-0.0876847817536283|0.6718627481723328,0.04230300623420899,0.05533605574021404,0.09763906197442303,2,34
90,lift,lift,24,0.25,5.380186160021138e-32,0.25,,0.04231753342129785,0.05509270129492363,0.09741023471622148,34,False,,2,2,2,0,2,0,2,2,False,False,ordinary_base,left_hand|right_hand,0.1258704448118806,0.0028081589844077826,0.09431739686988294,0.018525322899222374,,0.09431739686988294,0.7361914785917517,0.7361914785917517,,,1.0000000000000002,1.61,36,12.640000000000004,1.4194365079143205,0,0,0,True,0.004910884354992248,0.036981678840564775,8,0.004910884354992248,4,0.0009800133239949438,1,-0.03151903455269256,-0.02981601706909842,,0.0,0.0011375513550276294,,0.022383069173694082,0.05108688241584495,0.08406096986413461,0.03297408744828966,0.0496237816334852,0.01834635700428039,0.03907005146331291,0.05767938841346154,0.01860933695014863,0.03501128520911049,0.020784123130112513,0.5165755521725451|0.1250101073712284|0.7317666131053053,0.7275002550433595|-0.13158451092547838|0.6829177425418933,0.3080847058770331|-0.11230935813853782|0.6739939631540774,0.04231753342129785,0.05509270129492363,0.09741023471622148,2,34
91,lift,lift,25,0.25,1.1769109439216723e-34,0.25,,0.04180768544514164,0.054832428458257886,0.09664011390339952,33,False,,4,4,4,2,2,2,4,4,False,True,random_extra,left_hand|right_hand,0.22427829494699836,0.002821126952767372,0.19319180585443974,0.018313281005248427,,0.19319180585443974,0.7039972074743092,0.7039972074743092,,,0.9999999999999999,1.6132264529058116,35,12.50501002004008,1.4164240194884878,0,0,0,True,0.002185989854768977,0.03306209014381023,10,0.0014782395063629786,5,0.002185989854768977,2,-0.031009937849960423,-0.02678535520728431,,0.0,0.0011554672241023316,,0.021987889395970146,0.05120678272609865,0.08416655175697536,0.03295976903087671,0.04840694852424979,0.01729427515264588,0.039043695649939224,0.05881626830214606,0.01977257265220684,0.03520842236603349,0.020006764665689073,0.5110735628142057|0.1044489225376212|0.730648134496724,0.7266466527246991|-0.14995403477772265|0.6809813201997521,0.3080777207578116|-0.13669776565064579|0.6724402665230513,0.04180768544514164,0.054832428458257886,0.09664011390339952,2,33
92,lift,lift,26,0.25,2.005008781961654e-37,0.25,,0.04252893598560255,0.054670814845082884,0.09719975083068544,33,False,,2,2,2,0,2,0,2,2,False,False,ordinary_base,left_hand|right_hand,0.12698183907195926,0.0028285591397434473,0.09565729601308703,0.018463619984686375,,0.09565729601308703,0.6930613252903581,0.6930613252903581,,,0.9999999999999999,1.6132264529058116,35,12.50501002004008,1.4164240194884878,0,0,0,True,0.001421912362385442,0.034049290143158134,11,0.001421912362385442,5,0.001091441245401989,2,-0.030502211953541192,-0.026348542822987042,,0.0,0.001174009359038116,,0.021936620723901477,0.05176764694933557,0.08479321617181178,0.03302556922247621,0.051054885273966344,0.016749916754156553,0.03899495115191409,0.05821126545424235,0.019216314302328258,0.034002986697238745,0.02025373198206656,0.506139792510238|0.08273537304443483|0.7302965171338945,0.7285546422964289|-0.1663863760805365|0.683596303468774,0.30890193178729997|-0.16344498232031998|0.6752549396777353,0.04252893598560255,0.054670814845082884,0.09719975083068544,2,33
93,lift,lift,27,0.25,2.6602064159439866e-40,0.25,,0.042393106833251454,0.05451313070259608,0.09690623753584754,33,False,,2,2,2,0,2,0,2,2,False,False,ordinary_base,left_hand|right_hand,0.1281405428890139,0.0028140610083937645,0.09674893878400326,0.018434124998748302,,0.09674893878400326,0.6862069568638762,0.6862069568638762,,,0.9999999999999999,1.6132264529058116,35,12.50501002004008,1.4164240194884878,0,0,0,True,0.0013948895292645973,0.0348693311810673,11,0.0013948895292645973,7,0.0009758050649825295,1,-0.03074535133115397,-0.026116298048856734,,0.0,0.0011606374420279634,,0.021831412276350336,0.05251810766007785,0.08367197704079003,0.031153869380712185,0.05110520057727462,0.0165822808410398,0.03902641846104848,0.05844947229907022,0.019423053838021745,0.033681013089228294,0.02014807770940845,0.5022892169122433|0.06278549420472095|0.7314318288994598,0.7299121122014757|-0.18129575945743584|0.6866426380873333,0.31032300345253755|-0.18807545100246945|0.6784919619599408,0.042393106833251454,0.05451313070259608,0.09690623753584754,2,33
94,lift,lift,28,0.25,2.7487850079102147e-43,0.25,,0.041778623198809234,0.054207653463070646,0.09598627666187988,33,False,,2,2,2,0,2,0,2,2,False,False,ordinary_base,left_hand|right_hand,0.1290194089524448,0.002825152827426791,0.09681575698778033,0.01898694015108049,,0.09681575698778033,0.6816026525579767,0.6816026525579767,,,0.9999999999999999,1.6132264529058116,35,12.50501002004008,1.4164240194884878,0,0,0,True,0.001408661915819065,0.035684120020218646,11,0.001408661915819065,8,0.0009548237783309627,1,-0.030530535549019078,-0.027465689328558085,,0.0,0.0011560454316901312,,0.021809740049253946,0.05337867936515988,0.08314892565829715,0.02977024629313727,0.05063570814684833,0.016596681459308576,0.03923634126538478,0.057309720902196666,0.01807337963681189,0.032921538250770134,0.020190815560023466,0.5005469449468538|0.04289664171225939|0.7320929135621976,0.7311832612922189|-0.19616996085658697|0.6885717295900746,0.3126947929082215|-0.21280632793930987|0.6837003069089015,0.041778623198809234,0.054207653463070646,0.09598627666187988,2,33
95,lift,lift,29,0.25,2.2120380336009962e-46,0.25,,0.041462889417805446,0.05383712324841768,0.09530001266622312,33,False,,2,2,2,0,2,0,2,2,False,False,ordinary_base,left_hand|right_hand,0.13103055604733527,0.0028592590242624283,0.09773390297777951,0.019727143924683332,,0.09773390297777951,0.679099628341657,0.679099628341657,,,0.9999999999999999,1.6132264529058116,35,12.50501002004008,1.4164240194884878,0,0,0,True,0.0014073184585068725,0.036588289201918894,12,0.0014073184585068725,8,0.0009870576920229523,1,-0.03077007245342145,-0.02758592080698108,,0.0,0.0011574297286597016,,0.021778570051093796,0.05324327289408438,0.0822689595372455,0.029025686643161124,0.050244954072986854,0.016421283870168148,0.039320056580962465,0.05706691015122555,0.017746853570263087,0.03268082476262404,0.020217169632904538,0.4998231550974488|0.0221972868761257|0.7322743165636203,0.7327700398270872|-0.2107653927510162|0.691725656164665,0.315289544696342|-0.23686800263188454|0.6869702581518101,0.041462889417805446,0.05383712324841768,0.09530001266622312,2,33
96,lift,lift,30,0.25,1.3863432936411706e-49,0.25,,0.04051312390871873,0.05291617735122884,0.09342930125994757,33,False,,2,2,2,0,2,0,2,2,False,False,ordinary_base,left_hand|right_hand,0.13865325693041086,0.002790649887174368,0.10460558906197548,0.020383747993037105,,0.10460558906197548,0.6717423678124713,0.6717423678124713,,,0.9999999999999999,1.6132264529058116,35,12.50501002004008,1.4164240194884878,0,0,0,True,0.0021549700315770665,0.03753521116732972,12,0.0021549700315770665,8,0.001088223982649017,1,-0.030840206696842287,-0.028615630106346046,,0.0,0.0011481745250802222,,0.02163858560141087,0.05264279447243873,0.08186064119976977,0.02921784672733104,0.04876401872763983,0.016415339755021588,0.039595738524436035,0.05707803464878398,0.017482296124347943,0.03226222908979763,0.020169746950243664,0.4985630115961263|0.0020517870598174125|0.7317265355901738,0.7342464052833876|-0.22566208260692688|0.6943393673657954,0.31809673512144127|-0.25882445199442494|0.6901808701446126,0.04051312390871873,0.05291617735122884,0.09342930125994757,2,33
97,lift,lift,31,0.25,6.766675675168404e-53,0.25,,0.04182281609533228,0.053605485224181994,0.09542830131951427,33,False,,2,2,2,0,2,0,2,2,False,False,ordinary_base,left_hand|right_hand,0.14710913295857608,0.002841491950675845,0.11180053208954632,0.021153641864657402,,0.11180053208954632,0.6697237978351516,0.6697237978351516,,,0.9999999999999999,1.6132264529058116,35,12.50501002004008,1.4164240194884878,0,0,0,True,0.001408199007731148,0.03833507647149573,18,0.001408199007731148,9,0.0009635426702419569,1,-0.030541579895027482,-0.026368140605098844,,0.0,0.0014026154277896243,,0.02158731662451458,0.05186772513673518,0.081637084148714,0.029769359011978816,0.0497406070428346,0.016537725052779405,0.039767764578703284,0.058953736120150736,0.019185971541447452,0.03390502514782996,0.020455955207265,0.4959944225786609|-0.015463000450995655|0.730457290569316,0.7356048703378076|-0.24053471828965728|0.6946397817430051,0.3185372230478286|-0.28139403574353583|0.6916877940135197,0.04182281609533228,0.053605485224181994,0.09542830131951427,2,33
98,lift,lift,32,0.25,2.572209372642415e-56,0.25,,0.04519717408071213,0.05517784106254729,0.10037501514325942,33,False,,2,2,2,0,2,0,2,2,False,False,ordinary_base,left_hand|right_hand,0.14354696008376777,0.0028205339331179857,0.11110943323001266,0.019408865133300424,,0.11110943323001266,0.6781781254589647,0.6781781254589647,,,0.9999999999999999,1.6132264529058116,35,12.50501002004008,1.4164240194884878,0,0,0,True,0.0018241910986009496,0.0385227916511488,13,0.0018241910986009496,9,0.0009584028692609103,1,-0.030599751521190655,-0.02071724332584779,,0.0,0.0014188029269561065,,0.021668439163321902,0.05101938130571162,0.08103181749865852,0.030012436192946905,0.0502741898829888,0.01671683954555727,0.040257295241883505,0.06640670958715708,0.026149414345273576,0.040120158278435465,0.020558685024311057,0.4948411594685631|-0.03123647220756442|0.7316388932788519,0.7372791092642954|-0.25621063812508815|0.6956842406539318,0.31706778882650893|-0.2953076780753299|0.6880415053167571,0.04519717408071213,0.05517784106254729,0.10037501514325942,2,33
99,lift,lift,33,0.25,7.61489029373637e-60,0.25,,0.044936576621837476,0.0548089895258769,0.09974556614771438,33,False,,2,2,2,0,2,0,2,2,False,False,ordinary_base,left_hand|right_hand,0.13730653887614608,0.0028249789029359818,0.10577169479802251,0.018635285086929798,,0.10577169479802251,0.689825394509454,0.689825394509454,,,0.9999999999999999,1.6132264529058116,35,12.50501002004008,1.4164240194884878,0,0,0,True,0.0017384114094857774,0.03878076301055308,15,0.0017384114094857774,11,0.0009446637265592833,1,-0.03092266408255462,-0.021200310466502614,,0.0,0.0014376467058805473,,0.02188809765951801,0.05020037318986627,0.08037485132791973,0.030174478138053462,0.04980069738069848,0.016868946622136064,0.040929933158895,0.0663192489623641,0.0253893158034691,0.04007245586297648,0.020963989800118054,0.49403322010211476|-0.04724226910889205|0.7325569402255846,0.7386241729120836|-0.2727297367794147|0.6952655076402761,0.31936456062689494|-0.3140434417183945|0.6885757299968281,0.044936576621837476,0.0548089895258769,0.09974556614771438,2,33
100,lift,lift,34,0.25,1.7556880978548265e-63,0.25,,0.04518465247702453,0.05497775224154612,0.10016240471857066,33,False,,2,2,2,0,2,0,2,2,False,False,ordinary_base,left_hand|right_hand,0.13637234014458954,0.002836212981492281,0.1047102939337492,0.018699579872190952,,0.1047102939337492,0.694914362233444,0.694914362233444,,,0.9999999999999999,1.6132264529058116,35,12.50501002004008,1.4164240194884878,0,0,0,True,0.0014726678446630725,0.038991816281533725,18,0.0014726678446630725,14,0.0010094119120292872,1,-0.031116825432668804,-0.020783959122841367,,0.0,0.001429627374092794,,0.02194971174656801,0.049869754028211734,0.07931433260104634,0.029444578572834605,0.04959460969552108,0.01691297475937681,0.04117591618043275,0.0667782003779448,0.025602284197512044,0.040774695258527976,0.02132034716049137,0.49306820559757286|-0.06321364501400427|0.7319651851870774,0.7395870841848093|-0.28855513074982936|0.6929609697314856,0.32028510208359273|-0.3328649491370791|0.6874782747498168,0.04518465247702453,0.05497775224154612,0.10016240471857066,2,33
101,lift,lift,35,0.25,3.1525171551450254e-67,0.25,,0.04460254712657612,0.054598225203930456,0.09920077233050657,33,False,,2,2,2,0,2,0,2,2,False,False,ordinary_base,left_hand|right_hand,0.13705908507108688,0.0028424279298633337,0.10519511718302965,0.018867139937356114,,0.10519511718302965,0.6898880213239971,0.6898880213239971,,,0.9999999999999999,1.6132264529058116,35,12.50501002004008,1.4164240194884878,0,0,0,True,0.0014692307077516925,0.03925878054801585,18,0.0014692307077516925,14,0.0009496479699618865,1,-0.030813356893368393,-0.021746257923600965,,0.0,0.001420017649079356,,0.02190500320383833,0.05012815757372075,0.07984232826891312,0.029714170695192367,0.048989885455326634,0.016888911088172903,0.041063160271135754,0.06566885266262135,0.024605692391485592,0.04021520879782559,0.02144198131087377,0.49422477204373927|-0.0791981917331418|0.7302328067224069,0.7402846770108883|-0.3064648695106539|0.6886598527937751,0.32174984563336995|-0.3516256294240345|0.6864686995041296,0.04460254712657612,0.054598225203930456,0.09920077233050657,2,33
102,lift,lift,36,0.25,4.408531331463226e-71,0.25,,0.045397095824921595,0.054591451924590056,0.09998854774951166,33,False,,2,2,2,0,2,0,2,2,False,False,ordinary_base,left_hand|right_hand,0.13611857104115188,0.0028510098345577717,0.10456322389654815,0.01856005215086043,,0.10456322389654815,0.6890817516720685,0.6890817516720685,,,0.9999999999999999,1.6132264529058116,35,12.50501002004008,1.4164240194884878,0,0,0,True,0.0014097612422507427,0.03956629291969058,15,0.0014097612422507427,11,0.0009594130256171673,1,-0.03077637469850636,-0.022066790842085737,,0.0,0.0014168832751993113,,0.021955733338422097,0.050887856121957245,0.07988537582578731,0.028997519703830063,0.04873729337344242,0.01708542680741124,0.04023130942507063,0.0644609384360017,0.02422962901093107,0.04205689827640077,0.02135408829096013,0.49641841781021956|-0.09544571806993685|0.729280121885891,0.7403314585064763|-0.32392402383136165|0.6838761773275465,0.32178392192835|-0.37105480633600896|0.6860517559082344,0.045397095824921595,0.054591451924590056,0.09998854774951166,2,33
103,lift,lift,37,0.25,4.801277241771782e-75,0.25,,0.045341169282778024,0.05453516020989503,0.09987632949267305,33,False,,2,2,2,0,2,0,2,2,False,False,ordinary_base,left_hand|right_hand,0.15741070988588035,0.0028060278855264187,0.12587839108891785,0.01873571681790054,,0.12587839108891785,0.6920551566725464,0.6920551566725464,,,0.9999999999999999,1.6132264529058116,35,12.50501002004008,1.4164240194884878,0,0,0,True,0.0018373854832588882,0.040163811531778226,14,0.0018373854832588882,10,0.0009726870415843608,1,-0.030679328634073855,-0.022073107647369028,,0.0,0.0014141507120333681,,0.022013685350181767,0.052053548970268836,0.0807981235531071,0.028744574582838266,0.048126006954684594,0.017492589368664106,0.0391092353510085,0.06380853289467177,0.02469929754366327,0.04255633161087145,0.021290743371394805,0.5007910459187264|-0.11162778622135906|0.7279782127845368,0.740629334434445|-0.34275949199628125|0.6791393226133831,0.3218547260879028|-0.3885130181306579|0.6837971389029346,0.045341169282778024,0.05453516020989503,0.09987632949267305,2,33
104,lift,lift,38,0.25,4.0723586257611754e-79,0.25,,0.04525233046027781,0.05451349456408286,0.09976582502436067,33,False,,2,2,2,0,2,0,2,2,False,False,ordinary_base,left_hand|right_hand,0.13929610094055533,0.002861791057512164,0.10787708405405283,0.018428867915645242,,0.10787708405405283,0.6994180521526091,0.6994180521526091,,,0.9999999999999999,1.6132264529058116,35,12.50501002004008,1.4164240194884878,0,0,0,True,0.0017804117700713426,0.04068416322276239,15,0.0017804117700713426,11,0.0009586579715316484,1,-0.031067005499439304,-0.022483892790342352,,0.0,0.0014182020162152556,,0.02212262055337727,0.05296771424189847,0.08098172964836882,0.028014015406470347,0.046929074726626725,0.017645178612450626,0.03796130654290091,0.06352299551923409,0.025561688976333173,0.043575586193928886,0.021377084477836324,0.5050751494423832|-0.12898971929130515|0.728098057122284,0.7409665724093802|-0.36283489399532876|0.6760559813775742,0.3219805137190847|-0.40352704126431155|0.6815919079807775,0.04525233046027781,0.05451349456408286,0.09976582502436067,2,33
105,lift,lift,39,0.25,2.6900579025827697e-83,0.25,,0.045411612992418485,0.055283378446206184,0.10069499143862468,33,False,,2,2,2,0,2,0,2,2,False,False,ordinary_base,left_hand|right_hand,0.13826687494292855,0.002847215859219432,0.10654297890141606,0.01871450082398951,,0.10654297890141606,0.7078851202155994,0.7078851202155994,,,0.9999999999999999,1.6132264529058116,35,12.50501002004008,1.4164240194884878,0,0,0,True,0.0017129961821226412,0.041184426207780955,13,0.0017129961821226412,9,0.0009511096160804422,1,-0.031190538425924785,-0.021427612447707745,,0.0,0.0014090277113541774,,0.022240045443505975,0.05350023260415402,0.08065622969398588,0.02715599708983186,0.047012819405901414,0.01765515242197102,0.03711203527518356,0.06566027845830374,0.028548243183120187,0.04381040657893555,0.021432229154823592,0.5100641036447172|-0.14493190548156487|0.7273651893530182,0.7409361154735028|-0.3833594893970983|0.6717269059421359,0.3222414063712316|-0.413975959668661|0.6761367253472124,0.045411612992418485,0.055283378446206184,0.10069499143862468,2,33
106,lift,lift,40,0.25,1.3838965267367376e-87,0.25,,0.045079589568750925,0.055144841699431575,0.1002244312681825,33,False,,2,2,2,0,2,0,2,2,False,False,ordinary_base,left_hand|right_hand,0.1383646479807794,0.0028569858986884356,0.10687584499828517,0.018422221997752786,,0.10687584499828517,0.7201234573655173,0.7201234573655173,,,0.9999999999999999,1.6132264529058116,35,12.505010020040082,1.4164240194884878,0,0,0,True,0.0016335509231996566,0.04064719916034237,11,0.0016335509231996566,7,0.0009256969390627756,1,-0.031761177201033775,-0.020644393197370547,,0.0,0.0013357345995988203,,0.022399120412068964,0.05412634430526514,0.08139608241380476,0.027269738108539623,0.04526566827604619,0.01761772472596633,0.03634802915806794,0.06799877886118982,0.031650749703121886,0.04489351086145566,0.02091825320053149,0.5153334816140746|-0.1635192590191938|0.7281656831064998,0.7411715211890249|-0.40737199382218925|0.6708330395297177,0.3210551134328847|-0.42250393430372646|0.674315807578027,0.045079589568750925,0.055144841699431575,0.1002244312681825,2,33
107,lift,lift,41,0.25,5.544622590477945e-92,0.25,,0.04335313633286686,0.054580876018622465,0.09793401235148932,32,False,,2,2,2,0,2,0,2,2,False,False,ordinary_base,left_hand|right_hand,0.1370163499377668,0.0028211239259690046,0.10594321205280721,0.01829067012295127,,0.10594321205280721,0.7332100384875823,0.7332100384875823,,,1.0000000000000002,1.6164658634538154,34,12.361445783132522,1.4130469440546405,0,0,0,True,0.0015286356762691349,0.03937927690623075,12,0.0015286356762691349,8,0.0009059310946179372,1,-0.0337771225916228,-0.020664165439617577,,0.0,0.0014111730059727361,,0.022453980388654246,0.05482173867011342,0.07969965819432397,0.02487791952421055,0.042077295733329016,0.0183055947534539,0.03560123242083103,0.06817058076988837,0.03256934834905734,0.0446289769324047,0.02146571054288414,0.5195951723120042|-0.18329714034376754|0.7287323456377125,0.7410406061274046|-0.4371020359948032|0.6756938285839604,0.319796444518499|-0.4325606902815536|0.6741867100016263,0.04335313633286686,0.054580876018622465,0.09793401235148932,2,32
108,lift,lift,42,0.25,1.73008220968259e-96,0.25,,0.043595716008811417,0.05536634745886372,0.09896206346767514,33,False,,2,2,2,0,2,0,2,2,False,False,ordinary_base,left_hand|right_hand,0.13679160992614925,0.0028417620342224836,0.105777497170493,0.018315063090994954,,0.105777497170493,0.7371002098671395,0.7371002098671395,,,0.9999999999999999,1.6132264529058116,35,12.505010020040082,1.4164240194884878,0,0,0,True,0.00145678213437039,0.03978297392089253,11,0.00145678213437039,6,0.0009456927098843715,2,-0.03354616145003142,-0.020170248613164077,,0.0,0.0014315708419667336,,0.02232722447238397,0.0552368818839593,0.08086474414631363,0.025627862262354327,0.042282529839575575,0.01795874818118109,0.03496290298900075,0.06845187730324505,0.033488974314244295,0.044908902178047265,0.02069716897133396,0.526759499077693|-0.20231351194157055|0.7294035847943363,0.7395490087420667|-0.4594368992750807|0.676586332338412,0.3179237522459263|-0.441844328517409|0.6741354492935743,0.043595716008811417,0.05536634745886372,0.09896206346767514,2,33
109,lift,lift,43,0.25,4.204243584226447e-101,0.25,,0.04397274340607733,0.055938785898754596,0.09991152930483194,33,False,,2,2,2,0,2,0,2,2,False,False,ordinary_base,left_hand|right_hand,0.13475511013530195,0.0028267439920455217,0.10397715796716511,0.01809661602601409,,0.10397715796716511,0.7710394120775568,0.7710394120775568,,,0.9999999999999999,1.6132264529058116,35,12.505010020040082,1.4164240194884878,0,0,0,True,0.0014093571658757818,0.04079721660879482,13,0.0014093571658757818,8,0.0010145886275711447,2,-0.033489764084100315,-0.01887079241181766,,0.0,0.001417463580855249,,0.0225888485986269,0.056012868311818176,0.08058016023942402,0.024567291927605844,0.04186443735747696,0.01792211884829706,0.03483913335289958,0.07031174347162523,0.035472610118725656,0.0460810494546777,0.021011846124349982,0.5328009020829388|-0.21850737318310254|0.7289194429512893,0.7358581384876152|-0.48392189107052924|0.6775225539788028,0.31502996381935|-0.44790925610795906|0.6729932109919998,0.04397274340607733,0.055938785898754596,0.09991152930483194,2,33
110,lift,lift,44,0.25,7.9567438919514e-106,0.25,,0.04249625986848422,0.05561861279494987,0.09811487266343408,33,False,,2,2,2,0,2,0,2,2,False,False,ordinary_base,left_hand|right_hand,0.13020283705554903,0.00284004514105618,0.09931537299416959,0.018201319966465235,,0.09931537299416959,0.7180553967663784,0.7180553967663784,,,0.9999999999999999,1.6132264529058116,35,12.505010020040082,1.4164240194884878,0,0,0,True,0.0014528116980000588,0.038248735535626355,13,0.0014528116980000588,8,0.0009692669208376387,2,-0.033891273960092505,-0.01976012626530732,,0.0,0.0011981007355044632,,0.02197314103692274,0.05608804471666944,0.08202877281902915,0.025940728102359707,0.042947709377026425,0.018114331990624455,0.03515241213300122,0.067266187360759,0.032113775227757775,0.04204481035994201,0.020280609601061404,0.5332858393710492|-0.23719560392168984|0.7304571371787763,0.7314921670968434|-0.5063177097270865|0.6798467399193441,0.3107188791944554|-0.4618094932066069|0.675015902488354,0.04249625986848422,0.05561861279494987,0.09811487266343408,2,33
111,lift,lift,45,0.25,1.172760333284856e-110,0.25,,0.041626842334861816,0.05471245879759711,0.09633930113245892,33,False,,2,2,2,0,2,0,2,2,False,False,ordinary_base,left_hand|right_hand,0.12689973902888596,0.002825475065037608,0.09614920802414417,0.018019945826381445,,0.09614920802414417,0.6946057877712191,0.6946057877712191,,,0.9999999999999999,1.6132264529058116,35,12.505010020040082,1.4164240194884878,0,0,0,True,0.0017270363626129132,0.03719963009947036,13,0.0014374344157079867,8,0.0017270363626129132,2,-0.03393363574651431,-0.020204960367763647,,0.0,0.0011920630399477748,,0.02188717325949413,0.05577113393807282,0.08079503394719281,0.02502390000911999,0.04072801962732919,0.01812923319014587,0.03572954787296409,0.067140655238569,0.031411107365604915,0.04252566504239443,0.02006513602323347,0.540036381781662|-0.25313923571551145|0.7319930233090389,0.7245803589597342|-0.5314039065418378|0.6808314733296839,0.3066787747580614|-0.4695917501685655|0.6761905755891728,0.041626842334861816,0.05471245879759711,0.09633930113245892,2,33
112,lift,lift,46,0.25,1.3461998461573202e-115,0.25,,0.04045438479825672,0.05343998447247297,0.0938943692707297,32,False,,2,2,2,0,2,0,2,2,False,False,ordinary_base,left_hand|right_hand,0.1270128150936216,0.0028101138304919004,0.09551813919097185,0.018586365040391684,,0.09551813919097185,0.6936368395577057,0.6936368395577057,,,1.0000000000000002,1.6164658634538154,34,12.361445783132522,1.4130469440546405,0,0,0,True,0.0030451524451753226,0.036574713758549315,12,0.0014959105123154293,8,0.0030451524451753226,2,-0.034104502003277304,-0.02088758602066676,,0.0,0.0011950827906936734,,0.02200957634449426,0.055248476280676646,0.07806528114739679,0.022816804866720143,0.03851844942069694,0.01871601113019504,0.03602896960882871,0.06680157631736341,0.030772606708534704,0.042390320175816495,0.019894100952453458,0.5443602283134464|-0.2679239045287139|0.7313296158107678,0.7160256059298601|-0.5572923974380857|0.6811943645169534,0.3025314627047465|-0.47714135953371667|0.6766733812042427,0.04045438479825672,0.05343998447247297,0.0938943692707297,2,32
113,lift,lift,47,0.25,1.2034725377003785e-120,0.25,,0.04038294892682029,0.05325499815529634,0.09363794708211663,32,False,,2,2,2,0,2,0,2,2,False,False,ordinary_base,left_hand|right_hand,0.12850147602148354,0.002817152999341488,0.09670870495028794,0.018713197205215693,,0.09670870495028794,0.6876641208997768,0.6876641208997768,,,1.0000000000000002,1.6164658634538154,34,12.361445783132522,1.4130469440546405,0,0,0,True,0.0016758357613271407,0.036998069944839146,12,0.0014361697843328011,8,0.0016758357613271407,2,-0.03330003510183488,-0.020645583640863663,,0.0,0.001202934260678208,,0.02194184580557923,0.05566647986554079,0.07701977917935937,0.02135329931381858,0.03733162301992283,0.018602332848642544,0.03583825587427293,0.06679780930566863,0.030959553431395698,0.04343427483371774,0.019315483380048345,0.5485420136419533|-0.28253324392760243|0.7316056458997658,0.7083957745471164|-0.5804913029948796|0.6836214439953359,0.2975351936220586|-0.4829668993511853|0.6783556119861153,0.04038294892682029,0.05325499815529634,0.09363794708211663,2,32
114,lift,lift,48,0.25,8.378942533819369e-126,0.25,,0.041933275140561034,0.053018417425784205,0.09495169256634524,31,False,,2,2,2,0,2,0,2,2,False,False,ordinary_base,left_hand|right_hand,0.13155581103637815,0.0028128409758210182,0.10028833313845098,0.018583911005407572,,0.10028833313845098,0.6879510838863026,0.6879510838863026,,,1.0000000000000002,1.6197183098591548,33,12.209255533199196,1.4092983939419406,0,0,0,True,0.0014364325765874111,0.037703211756716704,12,0.0014364325765874111,8,0.0009442943115798574,2,-0.03246420895360913,-0.02033837977250208,,0.0,0.001209627338245778,,0.02191200212392426,0.0558757900289848,0.07741329167640941,0.021537501647424608,0.03726360886126151,0.018720604673572925,0.035844354745566666,0.06655231154174379,0.030707956796177126,0.04660294141986056,0.01896222964060074,0.5508110137917203|-0.29778020891230034|0.7319940785751327,0.7013898413285331|-0.6012772860835969|0.6860885479903946,0.29279751743178695|-0.4892673100873133|0.6802026762449965,0.041933275140561034,0.053018417425784205,0.09495169256634524,2,31
115,lift,lift,47,0.25,4.543270750163927e-131,0.25,,0.04102038352230263,0.05247462788701212,0.09349501140931475,32,False,,2,2,2,0,2,0,2,2,False,False,ordinary_base,left_hand|right_hand,0.15666677500121295,0.002840649103745818,0.12495821109041572,0.018855042988434434,,0.12495821109041572,0.6763438081661375,0.6763438081661375,,,1.0000000000000002,1.6164658634538154,34,12.361445783132522,1.4130469440546405,0,0,0,True,0.0014345998190120161,0.037703415792455314,12,0.0014345998190120161,8,0.0009537515816773062,2,-0.03230877995168946,-0.02107273829441425,,0.0,0.001220491197258643,,0.021742645260171837,0.05593824760482853,0.07698613343863268,0.021047885833804153,0.03572984016341223,0.01875799756630457,0.03589319932958406,0.06503582349252099,0.029142624162936927,0.04631092688119304,0.018014642802774983,0.5516712070949518|-0.31366365774313315|0.7326047899671226,0.6929770506688717|-0.6210326057810539|0.6871892382149273,0.28803696926518807|-0.4960806858797935|0.6834480996436845,0.04102038352230263,0.05247462788701212,0.09349501140931475,2,32
116,lift,lift,46,0.25,1.918555668934785e-136,0.25,,0.040741590439037446,0.052217897155928214,0.09295948759496567,32,False,,2,2,2,0,2,0,2,2,False,False,ordinary_base,left_hand|right_hand,0.14064905396662652,0.0027334720361977816,0.10687215509824455,0.02029585000127554,,0.10687215509824455,0.6678717762090818,0.6678717762090818,,,1.0000000000000002,1.6164658634538154,34,12.361445783132522,1.4130469440546405,0,0,0,True,0.0018719642166750428,0.03718709526422442,17,0.0018719642166750428,10,0.0009456136430343876,2,-0.03248939139069584,-0.021247033236619473,,0.0,0.001420655778768212,,0.02154572552736398,0.056955765568527744,0.07697957133668018,0.020023805768152436,0.03585807548296499,0.018462143319482476,0.03528753059383781,0.06454417725632443,0.02925664666248662,0.0456251053951099,0.018462905308122935,0.5536278644773657|-0.32907313947933525|0.7337389900047548,0.685201866275385|-0.6389209459810067|0.690630646197255,0.2848227786424603|-0.5014956260371548|0.6820511881441849,0.040741590439037446,0.052217897155928214,0.09295948759496567,2,32
117,lift,lift,45,0.25,6.3096689141609595e-142,0.25,,0.04152095746023676,0.05294159586947038,0.09446255332970714,33,False,,2,2,2,0,2,0,2,2,True,False,ordinary_base,left_hand|right_hand,0.14509006799198687,0.0028558149933815002,0.11115980590693653,0.020174253033474088,,0.11115980590693653,0.6528975500198495,0.6528975500198495,,,0.9999999999999999,1.6132264529058116,35,12.505010020040082,1.4164240194884878,0,0,0,True,0.0016345871903660908,0.037354427019506115,17,0.0016345871903660908,10,0.0009400478945702784,2,-0.03233424947826791,-0.021792806622341843,,0.0,0.001428069189361789,,0.021363185917198487,0.0570566810003831,0.07750471313531726,0.02044803213493416,0.037136452736341835,0.018357647294033944,0.03500568239384986,0.06279596713267796,0.0277902847388281,0.04590546218413168,0.018204883482394258,0.5552629640087672|-0.3431852013738896|0.7360474965708552,0.6775562074448006|-0.6554875025336192|0.6896006645594656,0.28039873297648943|-0.5084745425292869|0.6828874939977098,0.04152095746023676,0.05294159586947038,0.09446255332970714,2,33
118,,place,44,7.9567438919514e-106,7.9567438919514e-106,7.9567438919514e-106,,0.0,0.0,0.0,0,False,,2,2,2,0,2,0,2,2,False,False,ordinary_base,,0.13966104295104742,0.002826652955263853,0.10789600503630936,0.019016511039808393,,0.10789600503630936,0.6585684355218049,0.6585684355218049,,,1.0,1.0,0,0.0,0.0,0,0,0,False,0.0015188070725603471,0.03721530940220863,16,0.0015188070725603471,11,0.000919804223436918,2,-0.032860513007422654,-0.021922858978928872,,0.0,0.001442336619642465,,0.02155320531423609,0.05576177716425725,0.07906361925909859,0.02330184209484134,0.039460018964384884,0.018733913471789872,0.03483489255930243,0.0628017637413554,0.027966871182052974,0.0482180537297634,0.019268829723061758,0.5534365439764608|-0.35659614649639565|0.7391995986899972,0.6707090418512957|-0.6691943182237337|0.688992542201184,0.27461700404465844|-0.5141513852865274|0.6827571204469172,0.0,0.0,0.0,0,0
119,,place,43,4.204243584226447e-101,4.204243584226447e-101,4.204243584226447e-101,,0.0,0.0,0.0,0,False,,2,2,2,0,2,0,2,2,False,False,ordinary_base,,0.13617471302859485,0.002822234993800521,0.104739730944857,0.01862818794324994,,0.104739730944857,0.660983008519818,0.660983008519818,,,1.0,1.0,0,0.0,0.0,0,0,0,False,0.0013955190249392638,0.03722905644200941,19,0.0013955190249392638,14,0.0009598349472447476,2,-0.03309151244648589,-0.021983205639950043,,0.0,0.0014348744929666677,,0.0216337445715225,0.05475018218066663,0.07940282968336791,0.024652647502701283,0.040645946956041436,0.01914272375175157,0.03552033205987898,0.063006240825419,0.027485908765540024,0.048397536045693246,0.019473411366258683,0.5525018721354469|-0.36896412272102497|0.7402867420150884,0.6634662050083783|-0.6838205693189521|0.6874768662369974,0.2694709662953207|-0.5203341952269238|0.6786845583220461,0.0,0.0,0.0,0,0
120,,place,42,1.73008220968259e-96,1.73008220968259e-96,1.73008220968259e-96,,0.0,0.0,0.0,0,False,,2,2,2,0,2,0,2,2,False,False,ordinary_base,,0.13506793486885726,0.0027924180030822754,0.10310584120452404,0.0190091950353235,,0.10310584120452404,0.6503245989367126,0.6503245989367126,,,1.0,1.0,0,0.0,0.0,0,0,0,False,0.003749199124147451,0.037751642285556886,15,0.003749199124147451,10,0.0008411149745254642,2,-0.033252066706491945,-0.029976326398768904,,0.0,0.0014306975039064989,,0.021562601540368685,0.0535846723992566,0.07931171017504451,0.025727037775787914,0.04157283347236288,0.019350766434744898,0.036018969630686425,0.05415063327593129,0.018131663645244864,0.03925902827472733,0.020057700714608606,0.5529318716013246|-0.38015072909302405|0.7391500249108299,0.6563068199352425|-0.6977106907228184|0.6834064372364828,0.26558549703029977|-0.5377335832029329|0.6777136096925886,0.0,0.0,0.0,0,0
121,,place,41,5.544622590477945e-92,5.544622590477945e-92,5.544622590477945e-92,,0.0,0.0,0.0,0,False,,2,2,2,0,2,0,2,2,False,False,ordinary_base,,0.13638576189987361,0.002778728026896715,0.1047832618933171,0.018721525091677904,,0.1047832618933171,0.6473692761431978,0.6473692761431978,,,1.0,1.0,0,0.0,0.0,0,0,0,False,0.001564097763369958,0.03832320668156117,15,0.001564097763369958,10,0.0009918154004903146,2,-0.033271876904656494,-0.028306691932931116,,0.0,0.001409816066165512,,0.021547963078613248,0.05216890439881354,0.0790268491549013,0.026857944756087757,0.042141902818878606,0.0195012614729023,0.03670326799095206,0.055841385900747394,0.019138117909795332,0.0404073417332288,0.020124190181210276,0.5506393258400089|-0.3901098898008224|0.7375875673064607,0.6496067711773642|-0.7103331915326269|0.6787594295300917,0.2587481818267039|-0.5454439201237519|0.6695347057071901,0.0,0.0,0.0,0,0
122,,place,40,1.3838965267367376e-87,1.3838965267367376e-87,1.3838965267367376e-87,,0.0,0.0,0.0,0,False,,2,2,2,0,2,0,2,2,False,False,ordinary_base,,0.14146756986156106,0.002816669177263975,0.11004900303669274,0.018654625862836838,,0.11004900303669274,0.6658174336685557,0.6658174336685557,,,1.0,1.0,0,0.0,0.0,0,0,0,False,0.0015920228526483324,0.03942717777953886,11,0.0015920228526483324,7,0.000991054892230614,1,-0.033222894715354556,-0.02799101650100866,,0.0,0.001413003171058916,,0.021854318999023813,0.05039925341482985,0.07845954632970616,0.028060292914876307,0.04337852487445398,0.01991119440992305,0.03737979340805761,0.05694143146780955,0.01956163805975194,0.04072440973858524,0.02040386710483686,0.5482842867670956|-0.3993365385124077|0.7379091477987343,0.6435395705250454|-0.7223815255537673|0.6723990271099378,0.2525907767975385|-0.5541342873321907|0.6615083165278306,0.0,0.0,0.0,0,0
123,,place,39,2.6900579025827697e-83,2.6900579025827697e-83,2.6900579025827697e-83,,0.0,0.0,0.0,0,False,,2,2,2,0,2,0,2,2,False,False,ordinary_base,,0.1393777821213007,0.002816250082105398,0.10844808793626726,0.018157462123781443,,0.10844808793626726,0.685238047958093,0.685238047958093,,,1.0,1.0,0,0.0,0.0,0,0,0,False,0.0015815609342750003,0.04031590074883856,9,0.0015815609342750003,4,0.0009875948212643149,2,-0.03329000634168722,-0.027988174449305347,,0.0,0.0014048631178516695,,0.022137069449548342,0.048590236256571745,0.07682221944755893,0.028231983190987187,0.043273287848477254,0.020254797623414134,0.03783253773622625,0.05736780390008255,0.0195352661638563,0.04098740079998389,0.020245102453746,0.5461150425847233|-0.41082058655437714|0.7370068612792664,0.6377909555304954|-0.7356987422217974|0.6668512820154081,0.24681755701191846|-0.5650764411199063|0.6529833957649794,0.0,0.0,0.0,0,0
124,,place,38,4.0723586257611754e-79,4.0723586257611754e-79,4.0723586257611754e-79,,0.0,0.0,0.0,0,False,,2,2,2,0,2,0,2,2,False,False,ordinary_base,,0.14142620097845793,0.002797984052449465,0.11013280414044857,0.018507273169234395,,0.11013280414044857,0.7061248021123061,0.7061248021123061,,,1.0,1.0,0,0.0,0.0,0,0,0,False,0.0015727541680534453,0.04092799583874723,9,0.0015727541680534453,4,0.0009375363820925547,2,-0.03352758593240246,-0.02784606893341035,,0.0,0.0014037455568219053,,0.022327336051942374,0.046601115321645445,0.07742448118643766,0.030823365864792215,0.045082208933563066,0.02078104816788547,0.0381141854321234,0.05762060076863846,0.019506415336515058,0.040715641757266115,0.020417819674617015,0.541960101896483|-0.42165203884767066|0.733617842087441,0.6341836227880703|-0.7457682793952551|0.6609964395029476,0.24224179667163023|-0.5767281188476704|0.6424592223012279,0.0,0.0,0.0,0,0
125,,place,37,4.801277241771782e-75,4.801277241771782e-75,4.801277241771782e-75,,0.0,0.0,0.0,0,False,,2,2,2,0,2,0,2,2,False,False,ordinary_base,,0.14115383196622133,0.0027903560549020767,0.10997007205151021,0.018341930815950036,,0.10997007205151021,0.7218790324763786,0.7218790324763786,,,1.0,1.0,0,0.0,0.0,0,0,0,False,0.0015572730842621126,0.041952662972075394,9,0.0015572730842621126,4,0.000963432363961389,2,-0.03416793988645672,-0.027867751387441686,,0.0,0.0014272394514672038,,0.022369256409049115,0.044502139896591894,0.08010709473560139,0.035604954839009495,0.04770322552027231,0.01972007144102884,0.03819874678334629,0.05821970439484535,0.02002095761149906,0.04097800565845092,0.02045792595600491,0.5355683859150032|-0.4317504773301341|0.7315884291448543,0.6325691231134264|-0.7531666129894093|0.6548907678740843,0.2385943535640784|-0.587711026258994|0.6333463666822664,0.0,0.0,0.0,0,0
126,,place,36,4.408531331463226e-71,4.408531331463226e-71,4.408531331463226e-71,,0.0,0.0,0.0,0,False,,2,2,2,0,2,0,2,2,False,False,ordinary_base,,0.16154710995033383,0.002847569063305855,0.130369802005589,0.018327560042962432,,0.130369802005589,0.7367155174016708,0.7367155174016708,,,1.0,1.0,0,0.0,0.0,0,0,0,False,0.0015735480097087626,0.04285470140710784,9,0.0015735480097087626,4,0.000970805500184399,2,-0.034163733213059544,-0.030257287209373374,,0.0,0.0014252202967345667,,0.02236550677107131,0.043265443969175484,0.08133107749239102,0.038065633523215535,0.049697181945039,0.018700699077682036,0.03873991025243634,0.05720298395203022,0.01846307369959388,0.03829780285813429,0.020305469898599424,0.5254871392226423|-0.4376703815781686|0.7268359249459746,0.6305291944600049|-0.7637105448456795|0.6483636888690906,0.23587672796232584|-0.6005287171985333|0.6270760277725625,0.0,0.0,0.0,0,0
127,,place,35,3.1525171551450254e-67,3.1525171551450254e-67,3.1525171551450254e-67,,0.0,0.0,0.0,0,False,,2,2,2,0,2,0,2,2,False,False,ordinary_base,,0.1369017269462347,0.002846093848347664,0.10538719315081835,0.018500001169741154,,0.10538719315081835,0.6784252628791068,0.6784252628791068,,,1.0,1.0,0,0.0,0.0,0,0,0,False,0.0015811381487768027,0.042447782952068025,9,0.0015811381487768027,4,0.0009736781977534997,2,-0.03417750634901573,-0.030164173087165125,,0.0,0.0014025732900510887,,0.021475491797503854,0.04252775919215564,0.07908407804701394,0.0365563188548583,0.04955608579116984,0.01694616944314332,0.03946046908564276,0.057550561888056795,0.018090092802414033,0.037843835118782664,0.020382181701820462,0.5240850222801525|-0.44725124626818885|0.7215554395008489,0.6269522494600893|-0.781612373739021|0.6453995147199069,0.23383924224992717|-0.6113255751114741|0.6184265414730863,0.0,0.0,0.0,0,0
128,,place,34,1.7556880978548265e-63,1.7556880978548265e-63,1.7556880978548265e-63,,0.0,0.0,0.0,0,False,,2,2,2,0,2,0,2,2,False,False,ordinary_base,,0.13575832615606487,0.0027932380326092243,0.10435116104781628,0.018615663051605225,,0.10435116104781628,0.6615435746416508,0.6615435746416508,,,1.0,1.0,0,0.0,0.0,0,0,0,False,0.0015947058043031329,0.04232636882146623,9,0.0015947058043031329,4,0.0009600005522431981,2,-0.03430932799233943,-0.029591911512941493,,0.0,0.0012693009635072457,,0.021383811218913872,0.04177182841045491,0.08032977794052264,0.03855794953006773,0.05202090939417612,0.016902560423217035,0.03929337046680483,0.057622323099975205,0.018328952633170373,0.03654476488284255,0.020684951343023637,0.520490961771169|-0.45151046043500404|0.7180848817516472,0.625322388304102|-0.7928240088220233|0.6387313484607043,0.23054278046108428|-0.6236366216453464|0.6089178230723751,0.0,0.0,0.0,0,0
129,,place,33,7.61489029373637e-60,7.61489029373637e-60,7.61489029373637e-60,,0.0,0.0,0.0,0,False,,2,2,2,0,2,0,2,2,False,False,ordinary_base,,0.1377250251825899,0.0028544070664793253,0.10584138100966811,0.01875954493880272,,0.10584138100966811,0.6621407398679686,0.6621407398679686,,,1.0,1.0,0,0.0,0.0,0,0,0,False,0.0015737505688517492,0.04203223114085536,9,0.0015737505688517492,4,0.000987358081527917,2,-0.03467501571276976,-0.02983497023634385,,0.0,0.001425762950668687,,0.02144410395758029,0.041129601799476265,0.08195298250578323,0.040823380706306964,0.054051849029879286,0.016784949905789867,0.0391301753395377,0.05614390999489265,0.017013734655354953,0.0343417480546509,0.02119522664636049,0.5211689898626106|-0.4588297044401951|0.7174556254470952,0.6235441665468718|-0.8037712670327246|0.6321340551737981,0.22791424100528807|-0.6367467822198833|0.5992874424451673,0.0,0.0,0.0,0,0
130,,place,32,2.572209372642415e-56,2.572209372642415e-56,2.572209372642415e-56,,0.0,0.0,0.0,0,False,,2,2,2,0,2,0,2,2,False,False,ordinary_base,,0.13697092095389962,0.0028462191112339497,0.10569461295381188,0.018470586044713855,,0.10569461295381188,0.6608703276137218,0.6608703276137218,,,1.0,1.0,0,0.0,0.0,0,0,0,False,0.0015617102418321663,0.0413908877056359,9,0.0015617102418321663,4,0.0009075421428198782,2,-0.0350632711823593,-0.029479680992851698,,0.0,0.0014273778348599141,,0.0214351444473847,0.04000050704978831,0.08331212459432173,0.04331161754453342,0.056074907444050824,0.01710184885735259,0.03899501941497049,0.056392305862415226,0.01739728644744474,0.03484339535754744,0.02094730090259974,0.519820774608658|-0.46366894559412913|0.7170834510438273,0.6214289015150702|-0.8136600626172984|0.6254125362711693,0.22477144936652985|-0.6465222983583829|0.5895497945064337,0.0,0.0,0.0,0,0
131,,place,31,6.766675675168404e-53,6.766675675168404e-53,6.766675675168404e-53,,0.0,0.0,0.0,0,False,,2,2,2,0,2,0,2,2,False,False,ordinary_base,,0.1366739438381046,0.0027418348472565413,0.10593763389624655,0.018209545873105526,,0.10593763389624655,0.6522495449122259,0.6522495449122259,,,1.0,1.0,0,0.0,0.0,0,0,0,False,0.0015389931964019943,0.040532557987223466,7,0.0015389931964019943,3,0.0006720633036420842,1,-0.03524711125148805,-0.029632545987157144,,0.0,0.0010047617169559539,,0.02137438540480137,0.03896155319826337,0.0834682784934962,0.04450672529523283,0.056527387798072884,0.017699502794646715,0.037822671556629286,0.056212906004158084,0.018390234447528797,0.03540922788864486,0.020814556360957012,0.5199369299496643|-0.46901798613999995|0.7185234175041302,0.6178702389519156|-0.8250449983019165|0.6175999455518828,0.22183175835403665|-0.6549473265719498|0.5787533690269335,0.0,0.0,0.0,0,0
132,,place,30,1.3863432936411706e-49,1.3863432936411706e-49,1.3863432936411706e-49,,0.0,0.0,0.0,0,False,,2,2,2,0,2,0,2,2,False,False,ordinary_base,,0.1393432579934597,0.002795708831399679,0.10763649502769113,0.01871202210895717,,0.10763649502769113,0.6467512903039249,0.6467512903039249,,,1.0,1.0,0,0.0,0.0,0,0,0,False,0.0015211068431754994,0.039519714307334586,9,0.0015211068431754994,5,0.0007084071634404082,1,-0.03502559022907192,-0.029508177321421414,,0.0,0.0011856032058594065,,0.02127501643640396,0.037777260080334885,0.08319089400756345,0.04541363392722857,0.057141740557843906,0.01778826044716829,0.0369565349353064,0.055363487746553385,0.018406952811246984,0.03540210946590553,0.020725185902307135,0.5220556456455209|-0.47378659762778497|0.7188318978210241,0.6139305156140149|-0.8365319189498468|0.607178610902182,0.21822542701414469|-0.6648803516982525|0.5662738886748877,0.0,0.0,0.0,0,0
133,,place,29,2.2120380336009962e-46,2.2120380336009962e-46,2.2120380336009962e-46,,0.0,0.0,0.0,0,False,,2,2,2,0,2,0,2,2,False,False,ordinary_base,,0.13853155891411006,0.0027830731123685837,0.10676352493464947,0.018866398138925433,,0.10676352493464947,0.6393653340278146,0.6393653340278146,,,1.0,1.0,0,0.0,0.0,0,0,0,False,0.001513301447998567,0.03483024931609166,10,0.001513301447998567,6,0.000733606863993444,1,-0.03515887750022095,-0.029584109738525655,,0.0,0.0014046271498963177,,0.021143585743274112,0.03688969202023942,0.08211830862469187,0.045228616604452446,0.05622219424550517,0.01788359170196971,0.03739512761863865,0.05497551551328287,0.017580387894644223,0.03424465198619313,0.020987101905163126,0.5236738099904698|-0.4776460794732178|0.7205192545668595,0.6083479601723859|-0.8498505390205949|0.5967460744527169,0.2154074143294972|-0.6722972325505719|0.5527048409055081,0.0,0.0,0.0,0,0
134,,place,28,2.7487850079102147e-43,2.7487850079102147e-43,2.7487850079102147e-43,,0.0,0.0,0.0,0,False,,2,2,2,0,2,0,2,2,False,False,ordinary_base,,0.13870352297089994,0.0028041580226272345,0.10688398382626474,0.019063960993662477,,0.10688398382626474,0.6392410961207181,0.6392410961207181,,,1.0,1.0,0,0.0,0.0,0,0,0,False,0.0014882035335653694,0.02971477207987408,12,0.0014882035335653694,7,0.0005443256205151792,1,-0.034991392847649294,-0.029575153566055334,,0.0,0.0013913207002211288,,0.021094138874576736,0.03636324980399681,0.0805174878081658,0.04415423800416899,0.05563344287057965,0.01805524252302522,0.03783063549552053,0.05553246149865722,0.01770182600313669,0.03437706255159311,0.020933728590027942,0.525871009448384|-0.48199265649333384|0.7198827360729504,0.6019213654538855|-0.8633376784385927|0.5820538248897098,0.21222776090262715|-0.6768860250188977|0.5393527145460667,0.0,0.0,0.0,0,0
135,,place,27,2.6602064159439866e-40,2.6602064159439866e-40,2.6602064159439866e-40,,0.0,0.0,0.0,0,False,,2,2,2,0,2,0,2,2,False,False,ordinary_base,,0.1399208849761635,0.0028006869833916426,0.10719245788641274,0.019335553981363773,,0.10719245788641274,0.6263237103477315,0.6263237103477315,,,1.0,1.0,0,0.0,0.0,0,0,0,False,0.0014827125966493937,0.029754481883623785,15,0.0014827125966493937,10,0.0004976566941425203,1,-0.034458300738599235,-0.029362153799159074,,0.0,0.001412410753145424,,0.021064260533940674,0.03716821007807109,0.07967299652817865,0.04250478645010756,0.053911978473581285,0.017991474854448096,0.03738867590478526,0.05558593281118742,0.018197256906402164,0.03395664337838266,0.02106232243077875,0.5279168264896306|-0.4836685059537576|0.7170031591507499,0.5946431713371823|-0.8763858687646042|0.5632558307031106,0.20829855753414708|-0.6817800694072916|0.522201148343022,0.0,0.0,0.0,0,0
136,,place,26,2.005008781961654e-37,2.005008781961654e-37,2.005008781961654e-37,,0.0,0.0,0.0,0,False,,2,2,2,0,2,0,2,2,False,False,ordinary_base,,0.1489763599820435,0.002752244006842375,0.1158287669532001,0.019724149024114013,,0.1158287669532001,0.6155444953143315,0.6155444953143315,,,1.0,1.0,0,0.0,0.0,0,0,0,False,0.0014653885370370032,0.02971224130300351,16,0.0014653885370370032,11,0.0004167054214370275,1,-0.03468967924585442,-0.029640644243976055,,0.0,0.001413269373071799,,0.021093369869220856,0.03780495403265198,0.07977514299780418,0.0419701889651522,0.052943965419291784,0.01828765890960407,0.0368517681028159,0.05590773175208006,0.01905596364926416,0.03465457700924782,0.02098627130442628,0.5311719049682267|-0.48894970853314546|0.7149777413317752,0.5875376197780959|-0.8884765861900037|0.5427378749615028,0.20492448197649962|-0.6848661287835488|0.5046729398933234,0.0,0.0,0.0,0,0
137,,place,25,1.1769109439216723e-34,1.1769109439216723e-34,1.1769109439216723e-34,,0.0,0.0,0.0,0,False,,2,2,2,0,2,0,2,2,False,False,ordinary_base,,0.1444647798780352,0.002793637104332447,0.11146259610541165,0.01971047092229128,,0.11146259610541165,0.6154912129979311,0.6154912129979311,,,1.0,1.0,0,0.0,0.0,0,0,0,False,0.0014495538795607082,0.02937641511918862,16,0.0014495538795607082,11,0.0007486926433666607,1,-0.035276380488367565,-0.030025193852601717,,0.0,0.0014097474501625431,,0.021110581829073865,0.03760201398436941,0.07949366746651408,0.04189165348214467,0.050806072208791936,0.01775526012237631,0.035277974634717206,0.056213458615938044,0.02093548398122084,0.03594692776638144,0.02109750696912399,0.5352309368170167|-0.4955336205396985|0.7130221323460472,0.5788157406364354|-0.9025387608600903|0.5213657724679815,0.20124446395415718|-0.6884006556981368|0.4854399056294689,0.0,0.0,0.0,0,0
138,,place,24,5.380186160021138e-32,5.380186160021138e-32,5.380186160021138e-32,,0.0,0.0,0.0,0,False,,2,2,2,0,2,0,2,2,False,False,ordinary_base,,0.14408446312882006,0.0027871481142938137,0.11094802198931575,0.01969947782345116,,0.11094802198931575,0.6148596911310328,0.6148596911310328,,,1.0,1.0,0,0.0,0.0,0,0,0,False,0.0014498189428964678,0.02930011186052814,16,0.0014498189428964678,10,0.00036003354611355287,1,-0.03536232885634227,-0.030302326018929904,,0.0,0.0014119053039321947,,0.021104277683825775,0.03719016018660909,0.08108976116785523,0.04389960098124614,0.05216412540059658,0.01787181315305715,0.03349995747610454,0.05666802294425138,0.023168065468146835,0.03795989483453205,0.02070908006147878,0.5393193131520377|-0.5000185426845694|0.708223070571089,0.5731001147627485|-0.9125492479298434|0.49631805250534006,0.1984871594653591|-0.6909580587625679|0.4639416690981493,0.0,0.0,0.0,0,0
139,,place,23,1.915478951967148e-29,1.915478951967148e-29,1.915478951967148e-29,,0.0,0.0,0.0,0,False,,2,2,2,0,2,0,2,2,False,False,ordinary_base,,0.1686677150428295,0.0028420868329703808,0.1351657109335065,0.02014790498651564,,0.1351657109335065,0.6102776022556349,0.6102776022556349,,,1.0,1.0,0,0.0,0.0,0,0,0,False,0.0014486225501118208,0.028869890883912758,19,0.0014486225501118208,12,5.7878511799128174e-05,1,-0.0370286038181451,-0.03088556046530755,,0.0,0.0014128084879793882,,0.021044115274497264,0.037038735688581556,0.07959133026352005,0.0425525945749385,0.0520768362404082,0.017963748123012668,0.032157867581038,0.056993211202498596,0.024835343621460594,0.0394901582924781,0.02037223798812029,0.5428310156025495|-0.5077949255945139|0.7047008693894291,0.5665040969889792|-0.9212099593571754|0.46971464227489307,0.19584641503781366|-0.693963133129334|0.44097557196002846,0.0,0.0,0.0,0,0
140,,place,22,5.311092249679095e-27,5.311092249679095e-27,5.311092249679095e-27,,0.0,0.0,0.0,0,False,,2,2,2,0,2,0,2,2,False,False,ordinary_base,,0.14478913298808038,0.0027885688468813896,0.11167622916400433,0.019737564027309418,,0.11167622916400433,0.6171034729237418,0.6171034729237418,,,1.0,1.0,0,0.0,0.0,0,0,0,False,0.0014477090886101732,0.028934697039168678,20,0.0014477090886101732,13,0.00035521291404252975,1,-0.037234247420938615,-0.030384760979806913,,0.0,0.0014140302364386954,,0.021088672242297955,0.03578640923127751,0.07905788482728249,0.04327147559600498,0.052580224706903524,0.018244526810531722,0.0300754923830141,0.05888392516803069,0.028808432785016592,0.04140213071308985,0.019055120425264565,0.545231696107081|-0.5137100302811926|0.6983312915253408,0.560591402576133|-0.930212104763874|0.44102127316566286,0.19018858959264723|-0.7001754362894927|0.4180372015836948,0.0,0.0,0.0,0,0
141,,place,21,1.146876582225596e-24,1.146876582225596e-24,1.146876582225596e-24,,0.0,0.0,0.0,0,False,,2,2,2,0,2,0,2,2,False,False,ordinary_base,,0.14508337387815118,0.002765147015452385,0.11155770882032812,0.019986425060778856,,0.11155770882032812,0.6322523684898546,0.6322523684898546,,,1.0,1.0,0,0.0,0.0,0,0,0,False,0.00404395176093604,0.029137834942759122,21,0.00404395176093604,14,0.0005095798867823381,1,-0.03965496974251792,-0.03035663431993818,,0.0,0.0014142332804972131,,0.021210395965040336,0.03574854234825055,0.07622044390632565,0.040471901558075105,0.05135098686965256,0.018389238507541372,0.029128209657845315,0.059243344052814,0.030115134394968684,0.04252238777391501,0.01901816006906155,0.5495976074742797|-0.519038274883579|0.6899397346399486,0.5535728806831148|-0.9388283690565886|0.412632751853677,0.18828936094583174|-0.7041049217493426|0.39144956189051316,0.0,0.0,0.0,0,0
142,,place,20,1.9287498479639178e-22,1.9287498479639178e-22,1.9287498479639178e-22,,0.0,0.0,0.0,0,False,,2,2,2,0,2,0,2,2,False,False,ordinary_base,,0.14904548996128142,0.002734692068770528,0.11532391095533967,0.02028869790956378,,0.11532391095533967,0.6518355968034996,0.6518355968034996,,,1.0,1.0,0,0.0,0.0,0,0,0,False,0.0014462023990093366,0.02920246673083582,21,0.0014462023990093366,14,0.00012159540572670435,1,-0.038886569025420314,-0.03066164086943246,,0.0,0.0014125786574117883,,0.021328895157291018,0.03462375263846536,0.0744112056449508,0.03978745300648544,0.053283359641942696,0.019129208936260637,0.028020788934438465,0.05979842077725908,0.03177763184282062,0.043920277016757596,0.01892848002139032,0.5527467599020887|-0.5263774519554137|0.6828033067340926,0.5487750970097928|-0.9509064503176158|0.38596150363459963,0.18843881707988228|-0.7069915886512732|0.3644427363823954,0.0,0.0,0.0,0,0
143,,place,19,2.5261637809256925e-20,2.5261637809256925e-20,2.5261637809256925e-20,,0.0,0.0,0.0,0,False,,2,2,2,0,2,0,2,2,False,False,ordinary_base,,0.14856868400238454,0.002830787096172571,0.11491187894716859,0.020096133928745985,,0.11491187894716859,0.6638041353633254,0.6638041353633254,,,1.0,1.0,0,0.0,0.0,0,0,0,False,0.0030917888611034644,0.029481421313311773,21,0.0030917888611034644,14,0.0006602165124063447,1,-0.04154361136525253,-0.030578883581945604,,0.0,0.0014130532918441641,,0.02137182481700025,0.03369328420338895,0.07347359953864384,0.03978031533525489,0.05595824946261787,0.018924378560300797,0.026296471248980664,0.06003904709098603,0.033742575842005365,0.04518322842177925,0.019106946009162636,0.5544552226950097|-0.5323120709141655|0.6736031457871992,0.5461425529631802|-0.9561582124659354|0.35563909207547606,0.1888725338977554|-0.7099611736887708|0.3360752270815745,0.0,0.0,0.0,0,0
144,,place,18,2.576757109154981e-18,2.576757109154981e-18,2.576757109154981e-18,,0.0,0.0,0.0,0,False,,2,2,2,0,2,0,2,2,False,False,ordinary_base,,0.1483801119029522,0.002778173889964819,0.11464332602918148,0.020128282951191068,,0.11464332602918148,0.6881046606323272,0.6881046606323272,,,1.0,1.0,0,0.0,0.0,0,0,0,False,0.0037642279386831817,0.03011715191749606,22,0.0037642279386831817,14,0.0005010148395211272,2,-0.0418112326453155,-0.030747705743840115,,0.0,0.0014112433008582046,,0.0214470188292661,0.033285469857844606,0.07347639197304048,0.04019092211519588,0.05847730623792196,0.01858828788083678,0.025350095900338942,0.06030300273181896,0.034952906831480016,0.04582017397704688,0.01901652593117233,0.5568417557697969|-0.5376542577270741|0.6620849674715643,0.5444642512164689|-0.9634436247361337|0.3266808186994895,0.18905036469879474|-0.7137009969474087|0.30845754309266055,0.0,0.0,0.0,0,0
145,,place,17,2.0469717131642043e-16,2.0469717131642043e-16,2.0469717131642043e-16,,0.0,0.0,0.0,0,False,,2,2,2,0,2,0,2,2,False,False,ordinary_base,,0.1477534279692918,0.0027935830876231194,0.11392391892150044,0.02021159790456295,,0.11392391892150044,0.7104501025295373,0.7104501025295373,,,1.0,1.0,0,0.0,0.0,0,0,0,False,0.005380971478608179,0.03167958027528903,22,0.005380971478608179,14,0.0020273320522946336,2,-0.042155218973640274,-0.031325662395722986,,0.0,0.0014082998020756073,,0.02161128069139444,0.032705732092806486,0.07148814226373601,0.038782410170929524,0.05825149934219586,0.017953288304859195,0.024063446130862132,0.06039052671082283,0.0363270805799607,0.046596133080697336,0.018927277687636693,0.5614091580343219|-0.5437259823773113|0.649568534922649,0.5412783476789234|-0.9713743212254924|0.3016416321752833,0.18939458376426865|-0.7167449720667507|0.28206912920492627,0.0,0.0,0.0,0,0
146,,place,16,1.2664165549094176e-14,1.2664165549094176e-14,1.2664165549094176e-14,,0.0,0.0,0.0,0,False,,2,2,2,0,2,0,2,2,False,False,ordinary_base,,0.14718292001634836,0.0027989549562335014,0.11356470198370516,0.020110264886170626,,0.11356470198370516,0.7418663787382143,0.7418663787382143,,,1.0,1.0,0,0.0,0.0,0,0,0,False,0.005743405822911857,0.03294119903220888,22,0.005743405822911857,14,0.0018174288548970796,2,-0.042118480368408484,-0.031413637196910926,,0.0,0.0014053691675615658,,0.02193632349461643,0.03168998651567943,0.0715145083721783,0.03982452185649887,0.05959529728984242,0.01823875978777005,0.02323291434889417,0.060277884819004986,0.037044970470110815,0.04591281366278546,0.019431390422665472,0.5594003053886658|-0.5448736205676282|0.6354702992712458,0.5395187357634778|-0.9767350909812135|0.27650232748309955,0.18927598252876549|-0.7197134167040646|0.2547351815017337,0.0,0.0,0.0,0,0
147,,place,15,6.101936677605324e-13,6.101936677605324e-13,6.101936677605324e-13,,0.0,0.0,0.0,0,False,,2,2,2,0,2,0,2,2,False,False,ordinary_base,,0.14872215199284256,0.002759441966190934,0.11467948812060058,0.020462304120883346,,0.11467948812060058,0.7887609298864923,0.7887609298864923,,,1.0,1.0,0,0.0,0.0,0,0,0,False,0.00594541259194005,0.03415218663458788,20,0.00594541259194005,14,0.002047514386204416,1,-0.042696933519952296,-0.03132482207263543,,0.0,0.0013820410649626922,,0.02231209059309593,0.030619936521373375,0.06752904045818184,0.03690910393680846,0.05998896897443289,0.018098335122324415,0.02300405103576325,0.061662291042561095,0.038658240006797844,0.04677566233602806,0.020092430799381448,0.5598258538180881|-0.5483398901151817|0.6236345273859859,0.5329624819337058|-0.9848604833826974|0.2563969198901309,0.18929925560968341|-0.7202767315274963|0.23209417209131247,0.0,0.0,0.0,0,0
148,,place,14,2.289734845645553e-11,2.289734845645553e-11,2.289734845645553e-11,,0.0,0.0,0.0,0,False,,2,2,2,0,2,0,2,2,False,False,ordinary_base,,0.1526523968204856,0.0027988930232822895,0.11841527605429292,0.02049603988416493,,0.11841527605429292,0.8026721840846668,0.8026721840846668,,,1.0,1.0,0,0.0,0.0,0,0,0,False,0.006063751808698087,0.03550169508306941,20,0.006063751808698087,14,0.002442957419049041,1,-0.04256571317936064,-0.03152893939472712,,0.0,0.001386850284587056,,0.022457395261732845,0.030423132318076654,0.06739700484332181,0.03697387252524516,0.059708425471137604,0.018221328226399467,0.022649022153710126,0.062283696929148986,0.03963467477543886,0.04655529306495866,0.020157008340504632,0.5606621189918465|-0.554723066806227|0.6119311081642133,0.5298760045503845|-0.9895847895251677|0.23444006893919195,0.18932006799945644|-0.7210762989948906|0.21066308904583117,0.0,0.0,0.0,0,0
149,,place,13,6.691586091292782e-10,6.691586091292782e-10,6.691586091292782e-10,,0.0,0.0,0.0,0,False,,2,2,2,0,2,0,2,2,False,False,ordinary_base,,0.18109060009010136,0.002721203025430441,0.14675537799485028,0.020857088966295123,,0.14675537799485028,0.8169062738524333,0.8169062738524333,,,1.0,1.0,0,0.0,0.0,0,0,0,False,0.0014480597413038393,0.03680396464194982,19,0.0014480597413038393,14,0.0008127216816013055,1,-0.03805926190464248,-0.0312740010199235,,0.0,0.0013877061362249318,,0.02255521373602836,0.029357986456967522,0.07104324132029724,0.04168525486332972,0.06352130879304396,0.018634179941733282,0.022605804200706885,0.06123059291421077,0.03862478871350389,0.04830549368904407,0.02054442832929293,0.561008062816629|-0.5599027129850968|0.6003463254527628,0.5303122351730778|-0.9948946307174148|0.2154978249642413,0.1882581129871803|-0.7227946820607092|0.19110824616772024,0.0,0.0,0.0,0,0
150,,place,12,1.522997974471263e-08,1.522997974471263e-08,1.522997974471263e-08,,0.0,0.0,0.0,0,False,,2,2,2,0,2,0,2,2,False,False,ordinary_base,,0.16394740203395486,0.0027909919153898954,0.1299291211180389,0.020397750893607736,,0.1299291211180389,0.827904788597931,0.827904788597931,,,1.0,1.0,0,0.0,0.0,0,0,0,False,0.0014481451761962257,0.038371774095081246,19,0.0014481451761962257,14,0.000591174442771833,1,-0.03799957356559425,-0.03129839868010542,,0.0,0.0013960645462641552,,0.0228459242824023,0.028421487278345592,0.07150385145957935,0.04308236418123376,0.058316054934722215,0.01845920254967539,0.022795398613914934,0.05976603873097343,0.036970640117058494,0.048590283952179895,0.02100624301410339,0.5651165559469418|-0.5656249370041853|0.5878169147035476,0.5246157414333544|-1.0000672187906|0.19377548715105922,0.18905472250587377|-0.7211021862341132|0.17613194132004295,0.0,0.0,0.0,0,0
151,,place,11,2.699578503363014e-07,2.699578503363014e-07,2.699578503363014e-07,,0.0,0.0,0.0,0,False,,2,2,2,0,2,0,2,2,False,False,ordinary_base,,0.16744147706776857,0.002769846934825182,0.1324815801344812,0.021139741875231266,,0.1324815801344812,0.8313678760229578,0.8313678760229578,,,1.0,1.0,0,0.0,0.0,0,0,0,False,0.0014489057136719552,0.03932912226352864,18,0.0014489057136719552,14,0.0,0,-0.03743274781419359,-0.03197392022087442,,0.0,0.0014000888365546498,,0.02286488850045097,0.027491255393820906,0.07156616983052491,0.044074914436704006,0.059800322818710706,0.01858386467494886,0.024166264173624576,0.058440539744626395,0.03427427557100182,0.04677692504967424,0.02194551196658611,0.5645729904318589|-0.5671835575905969|0.5784560659635938,0.5217337051250853|-1.0027776109248951|0.18234942042922403,0.1889793854889035|-0.7196873473629322|0.1643468597338142,0.0,0.0,0.0,0,0
152,,place,10,3.726653172078671e-06,3.726653172078671e-06,3.726653172078671e-06,,0.0,0.0,0.0,0,False,,4,4,4,2,2,2,4,4,False,True,random_extra,,0.3055692638736218,0.0028118600603193045,0.2707243210170418,0.021074912045150995,,0.2707243210170418,0.8369631573854293,0.8369631573854293,,,1.0,1.0,0,0.0,0.0,0,0,0,False,0.0014507132340304991,0.04025822727750905,19,0.0014507132340304991,14,0.0010076977230931566,1,-0.0377978701872177,-0.03220792567356234,,0.0,0.0014035273623322412,,0.02296983639059355,0.02702965980338548,0.07050131703438581,0.04347165723100033,0.056223894097819894,0.018653921576640788,0.023788094968484014,0.05807670982007756,0.03428861485159354,0.047119554346476446,0.02192860078929222,0.5652494760112401|-0.5685785020691986|0.5681626560458901,0.51579261385421|-1.005939397658983|0.16831092045558677,0.18819927473361062|-0.7176760930412339|0.15314304721801006,0.0,0.0,0.0,0,0
153,,place,9,4.006529739295107e-05,4.006529739295107e-05,4.006529739295107e-05,,0.0,0.0,0.0,0,False,,2,2,2,0,2,0,2,2,False,False,ordinary_base,,0.19711210718378425,0.002781438874080777,0.16219743806868792,0.021056794095784426,,0.16219743806868792,0.8436722176534287,0.8436722176534287,,,1.0,1.0,0,0.0,0.0,0,0,0,False,0.0014495552064519475,0.040959060810621256,19,0.0014495552064519475,14,0.001279017620733111,1,-0.038231358444990704,-0.03261782632886856,,0.0,0.001413318776695704,,0.023093847516595614,0.02688294377487423,0.06941748642297851,0.04253454264810429,0.05408705887161256,0.018970215674114724,0.023580982661257258,0.05800485032018623,0.03442386765892897,0.04753711611602101,0.021891775250158334,0.5646808409895324|-0.5698933129448358|0.5604344353233573,0.5116952564057135|-1.0069207320697782|0.15677008271051754,0.1869775099491022|-0.7156285135716509|0.14454694354432823,0.0,0.0,0.0,0,0
154,,place,8,0.00033546262790251185,0.00033546262790251185,0.00033546262790251185,,0.0,0.0,0.0,0,False,,2,2,2,0,2,0,2,2,False,False,ordinary_base,,0.17050812090747058,0.0027764500118792057,0.13530970993451774,0.021260688081383705,,0.13530970993451774,0.8373406594133943,0.8373406594133943,,,1.0,1.0,0,0.0,0.0,0,0,0,False,0.0014498567310064596,0.04172615427918844,20,0.0014498567310064596,14,0.0008382043019072721,2,-0.0384683683649758,-0.03322286991760137,,0.0,0.001408877935826446,,0.023060260185137585,0.027578374618385686,0.06892651066319253,0.04134813604480684,0.0516720750198033,0.018859637524608446,0.023521168087791845,0.057638367192352484,0.03411719910456064,0.04784825421361315,0.02190312710995717,0.5651964235190703|-0.5730925842845819|0.5544184058221857,0.5085679717670549|-1.0069834637742385|0.1459527118785871,0.18567749274714146|-0.7139538138186448|0.1380319122610764,0.0,0.0,0.0,0,0
155,place,place,7,0.002187491118182885,0.002187491118182885,0.002187491118182885,,0.030180728840463286,0.0,0.030180728840463286,0,False,,2,2,2,0,2,0,2,2,False,False,ordinary_base,pelvis,0.17310046800412238,0.002838840940967202,0.13680910598486662,0.02194437081925571,,0.13680910598486662,0.8287792371635527,0.8287792371635527,,,1.0000000000000004,1.0021684282091776,1,0.0043368564183510205,0.0021779180935073967,0,0,0,False,0.0014505353140350855,0.04218322757753562,20,0.0021489751312105954,13,0.0010553859494809997,3,-0.03835856306917407,-0.03502612469738331,,0.0,0.0014156826202039313,,0.022896760215918008,0.028482638957139813,0.06568450857469864,0.03720186961755882,0.048918057757511964,0.01798484665582806,0.02312318671560958,0.057669825235113166,0.034546638519503584,0.04913468623829743,0.021684546381235674,0.5638583559671245|-0.5716829922164863|0.5514622180761739,0.5039868014672332|-1.0073484616506767|0.14130938494380707,0.18415168854309316|-0.7122167964546072|0.13759152204410796,0.030180728840463286,0.0,0.030180728840463286,1,0
156,place,place,6,0.011108996538242306,0.011108996538242306,0.011108996538242306,,0.029830207505021085,0.0,0.029830207505021085,0,False,,2,2,2,0,2,0,2,2,False,False,ordinary_base,pelvis,0.1952277789823711,0.002852673875167966,0.15894499397836626,0.021956248907372355,,0.15894499397836626,0.8246349594235355,0.8246349594235355,,,0.9999999999999999,1.0110113328739205,1,0.022022665747831294,0.011059522744744085,0,0,0,False,0.0014505871113853624,0.04262686968424975,20,0.007328516060234547,12,0.0009997067257608433,4,-0.039397692541751184,-0.03392749909864001,,0.0,0.0014011939650306537,,0.022784332062838898,0.029430555194348028,0.06353183913689509,0.03410128394254706,0.048945962128523715,0.017827576372950037,0.022366269712316186,0.059363863811428094,0.03699759409911191,0.052317309751865576,0.02161722921120426,0.5644790341958973|-0.5733582966562445|0.5496384842605391,0.5025100352159672|-1.005555129314324|0.13811985718178935,0.1821951528493087|-0.7100371321212687|0.13762118233740062,0.029830207505021085,0.0,0.029830207505021085,1,0
157,place,place,5,0.04393693362340742,0.04393693362340742,0.04393693362340742,,0.029473635169484282,0.0,0.029473635169484282,0,False,,2,2,2,0,2,0,2,2,False,False,ordinary_base,pelvis,0.17083133687265217,0.0027909378986805677,0.13483682880178094,0.021969028981402516,,0.13483682880178094,0.8217866025645781,0.8217866025645781,,,1.0000000000000002,1.0435382390986705,1,0.08707647819733455,0.043728779348618095,0,0,0,False,0.0014502031363136,0.0430110076346622,20,0.008619395416428366,11,0.0010458051136956747,4,-0.03908071854045403,-0.03284949981109264,,0.0,0.0013816077824743208,,0.022720088810605815,0.029674758276009964,0.06134033281370777,0.031665574537697805,0.047209803738980045,0.01793448044218954,0.022004248975370743,0.06051905703392944,0.0385148080585587,0.05441004702615806,0.02158430547441844,0.5630019038855996|-0.5751099064894261|0.548528361316142,0.49796849930330606|-1.0078371046211547|0.13801602808421487,0.1815103329006724|-0.7085005987774977|0.1375701742345912,0.029473635169484282,0.0,0.029473635169484282,1,0
158,place,place,4,0.1353352832366127,0.1353352832366127,0.1353352832366127,,0.02839152452941293,0.0,0.02839152452941293,0,False,,2,2,2,0,2,0,2,2,False,False,ordinary_base,pelvis,0.16901802201755345,0.0028017270378768444,0.13380272896029055,0.02127880579791963,,0.13380272896029055,0.8358819158434294,0.8358819158434294,,,0.9999999999999996,1.1340007587681047,1,0.2680015175362229,0.134587198150988,0,0,0,False,0.001450174949939393,0.0433874174086446,19,0.00670149025878225,11,0.001431683527457192,3,-0.039317398120012115,-0.031779966383989944,,0.0,0.0013880840974737376,,0.022821471781558134,0.028822959556492993,0.06334748008573815,0.03452452052924516,0.05286027904143224,0.017890637291715878,0.023525633929019848,0.06080811356519713,0.037282479636177285,0.05462126063924947,0.021771884624853976,0.5642834476161253|-0.5759391525906877|0.5464467257763471,0.5028687169936041|-1.0053301712129954|0.13974583232124344,0.1824061181856199|-0.707979699249124|0.1375614766771778,0.02839152452941293,0.0,0.02839152452941293,1,0
159,place,place,3,0.32465246735834974,0.32465246735834974,0.32465246735834974,,0.02789493938221959,0.0,0.02789493938221959,0,False,,2,2,2,0,2,0,2,2,False,False,ordinary_base,pelvis,0.16976737696677446,0.0028229409363120794,0.1341691529378295,0.021500397007912397,,0.1341691529378295,0.8346577007262909,0.8346577007262909,,,0.9999999999999999,1.3209234147861608,1,0.6418468295723068,0.3223279003357216,0,0,0,True,0.0015921905343113246,0.04375727137829177,19,0.006064336136306719,11,0.0010001331551236642,3,-0.03917463409424826,-0.030208449014502037,,0.0,0.001369274800567545,,0.02278942701815664,0.028222029035005217,0.06343466217661176,0.03521263314160654,0.053816351650090244,0.01790268661241369,0.02496753139055983,0.062030294921631514,0.037062763531071685,0.05437502348801186,0.021706396887668178,0.5633803866723681|-0.5780198041033833|0.5444953026595629,0.501347761026851|-1.0075047079842068|0.1395826006432041,0.1819013078905763|-0.7077818549698178|0.1375159281729532,0.02789493938221959,0.0,0.02789493938221959,1,0
160,place|release,place,2,0.6065306597126334,0.6065306597126334,0.6065306597126334,,0.04586513112554549,0.06640062217345977,0.11226575329900526,34,False,,2,2,2,0,2,0,2,2,True,False,ordinary_base,pelvis|left_hand|right_hand,0.17039877199567854,0.002842230023816228,0.13494675513356924,0.02141507901251316,,0.13494675513356924,0.8358197507230546,0.8358197507230546,,,1.0,1.5968933347796312,37,1.1958837226630026,0.5996552545291095,0,0,0,True,0.0014503002261182403,0.04369291358521801,20,0.0059366206472082905,11,0.0012509545850662857,4,-0.037490286630752934,-0.029568218324424578,,0.0,0.001404306283559357,,0.0228208706627939,0.027716878355266827,0.0645984726750493,0.03688159431978247,0.05414351114634348,0.017820693623899406,0.026678162967446153,0.062443211919177774,0.03576504895173162,0.056029293591269735,0.022282612921412644,0.5630643324905855|-0.5794596846619346|0.5420722538107764,0.4995673534869158|-1.0110046771554095|0.13806157080218173,0.1816862088305621|-0.7083038623630012|0.1374550701670122,0.04586513112554549,0.06640062217345977,0.11226575329900526,3,34
161,place|release,place,1,0.8824969025845955,0.8824969025845955,0.8824969025845955,,0.04567902714639088,0.06633755874236492,0.1120165858887558,34,False,,2,2,2,0,2,0,2,2,False,False,ordinary_base,pelvis|left_hand|right_hand,0.1674694970715791,0.0028030071407556534,0.13249367498792708,0.021025725873187184,,0.13249367498792708,0.8340261118892408,0.8340261118892408,,,1.0000000000000004,1.8610246147733331,37,1.808211517818937,0.8674361904063406,0,0,0,True,0.001730082988503634,0.04362285592633183,20,0.005039517427734258,12,0.001730082988503634,3,-0.03627283006438198,-0.028744499537019408,,0.0,0.0013980157509309143,,0.022806149534098666,0.027859850731173672,0.06423799040745229,0.03637813967627862,0.05336674521658619,0.017781852751231685,0.028178550168756502,0.06312079761315023,0.034942247444393726,0.056715078263686367,0.021879584495669582,0.5618557898991203|-0.5813017958134256|0.5407402904131303,0.4959357588893546|-1.0146755802215324|0.1380548422601442,0.1821473862892249|-0.7071036704009407|0.137304789711943,0.04567902714639088,0.06633755874236492,0.1120165858887558,3,34
162,place|release,place,0,1.0,1.0,1.0,,0.045023958529761966,0.06551005335489768,0.11053401188465964,34,False,,2,2,2,0,2,0,2,2,True,False,ordinary_base,pelvis|left_hand|right_hand,0.16773949400521815,0.002808589953929186,0.13230734900571406,0.02139759692363441,,0.13230734900571406,0.8294122765905,0.8294122765905,,,0.9999999999999998,1.9531668407457632,37,3.6529864218304766,0.9931736459475076,0,0,0,True,0.0014506192292966895,0.04358376663508126,20,0.0034113582408976384,12,0.0011028882026846293,3,-0.03596663132178257,-0.028769868554800127,,0.0,0.001388935924643986,,0.02276114508574397,0.029374126293451857,0.06393878622304536,0.0345646599295935,0.05228041576133369,0.017775533767424356,0.029207366910765007,0.0630867966762366,0.03387942976547159,0.05589761211112872,0.021946819591259124,0.5601796236222656|-0.5830870797894773|0.5405542051342964,0.494365934854571|-1.0162110755305431|0.13804812830736304,0.18191388799851763|-0.7075095147667303|0.1371165511309539,0.045023958529761966,0.06551005335489768,0.11053401188465964,3,34
163,place|release,place,1,0.8824969025845955,0.8824969025845955,0.8824969025845955,,0.04331699104690776,0.06388175665399823,0.10719874770090598,35,False,,2,2,2,0,2,0,2,2,False,False,ordinary_base,pelvis|left_hand|right_hand,0.17552116909064353,0.0028189660515636206,0.1395066420082003,0.021737114060670137,,0.1395066420082003,0.8244704185716537,0.8244704185716537,,,1.0000000000000002,1.7827960706832187,38,8.15615053163257,1.116488983175004,0,0,0,True,0.001450614272849246,0.043583262512815996,20,0.0027335402352362537,12,0.0010374672456745782,3,-0.03526058548286848,-0.028088514882604443,,0.0,0.0013850183971355155,,0.022737100569349623,0.03150428727660695,0.06346737007222202,0.031963082795615064,0.04988930863595786,0.017874791609100153,0.03064899263967678,0.06341533519236645,0.03276634255268966,0.053244843594058136,0.021831102191931243,0.5593337826412494|-0.585066094077508|0.5402865095804266,0.49189349858644627|-1.01893985694656|0.13803697102235496,0.17939195277687978|-0.7105442877157147|0.13708524981080197,0.04331699104690776,0.06388175665399823,0.10719874770090598,3,35
164,place|release,place,2,0.6065306597126334,0.6065306597126334,0.6065306597126334,,0.04070708174732471,0.060806403410952795,0.1015134851582775,36,False,,2,2,2,0,2,0,2,2,False,False,ordinary_base,pelvis|left_hand|right_hand,0.1721164952032268,0.0028238738887012005,0.13611227995716035,0.0216825301758945,,0.13611227995716035,0.8042793172214712,0.8042793172214712,,,1.0,1.7564353434345583,39,16.74978035422546,1.8442088449093337,0,0,0,True,0.0018572655358656126,0.04363197283271389,20,0.0033070616425555366,12,0.0018572655358656126,3,-0.03413858299542483,-0.028074788985639643,,0.0,0.0013380409309331279,,0.022554006077455266,0.0342397784909616,0.06282323813532019,0.028583459644358586,0.04585824091143057,0.017895598271035415,0.03187776298455548,0.06351440559842349,0.031636642613868005,0.04916890745917734,0.02137620381883151,0.5575911430770876|-0.5875211737573757|0.5411160989334515,0.48758365194488584|-1.0227376042859737|0.13800685204235336,0.1782531863421397|-0.7124315362462723|0.1369152014811544,0.04070708174732471,0.060806403410952795,0.1015134851582775,3,36
165,place|release,release,2,0.6065306597126334,0.6065306597126334,0.6065306597126334,,0.037889134905645626,0.05756070517650352,0.09544984008214914,37,False,,2,2,2,0,2,0,2,2,False,False,ordinary_base,pelvis|left_hand|right_hand,0.17428128607571125,0.0028593249153345823,0.13728053984232247,0.022398368921130896,,0.13728053984232247,0.7811377405479417,0.7811377405479417,,,0.9999999999999999,2.2930730733835043,40,28.01037754665027,3.0727757148851746,0,0,0,True,0.0014504809371754246,0.04329951173031188,21,0.0036989498235192875,12,0.0011424080490909927,4,-0.03478218358038632,-0.028654841239932338,,0.0,0.0010986208588586318,,0.022453350674263864,0.03852701768521481,0.06245842589807883,0.02393140821286402,0.04183869183462434,0.018052790740028656,0.03195709422104406,0.06314664593249752,0.03118955171145346,0.04423596087374329,0.020702072248941227,0.5560861431568274|-0.5891219340172587|0.5431832401367057,0.48720342290969|-1.0225216841385267|0.1379337435640958,0.17889587749722624|-0.7121365667796025|0.13644254332877637,0.037889134905645626,0.05756070517650352,0.09544984008214914,3,37
166,place|release,release,1,0.8824969025845955,0.8824969025845955,0.8824969025845955,,0.03445103296734205,0.05384898296143987,0.08830001592878192,38,False,,2,2,2,0,2,0,2,2,False,False,ordinary_base,pelvis|left_hand|right_hand,0.1736703091301024,0.002899728948250413,0.1374748288653791,0.021691913018003106,,0.1374748288653791,0.7565861585202768,0.7565861585202768,,,0.9999999999999997,2.722363722822586,41,37.671889221312874,4.114842950596092,0,0,0,True,0.0014506096554229159,0.043152512424039474,20,0.0033454913191396374,12,0.001065033660374734,3,-0.03509840592516511,-0.02832190538951984,,0.0,0.0010224455047152159,,0.022485660055328986,0.044143587607936095,0.062112225317615316,0.01796863770967922,0.03658576666483584,0.018200726669039467,0.032630351534713914,0.06340663800638796,0.030776286471674047,0.0388583483695628,0.020624739119985847,0.5544093267475262|-0.5894739644327582|0.5448051781439638,0.48669404518946324|-1.0224346586207715|0.13783973911021594,0.17687896402532755|-0.7145275806561326|0.1362190371922413,0.03445103296734205,0.05384898296143987,0.08830001592878192,3,38
167,place|release,release,0,1.0,1.0,1.0,,0.030007433448225634,0.04946087653393449,0.07946830998216012,39,False,,2,2,2,0,2,0,2,2,True,False,ordinary_base,pelvis|left_hand|right_hand,0.17307928204536438,0.002859259955585003,0.13704177900217474,0.021610650001093745,,0.13704177900217474,0.7303655223558366,0.7303655223558366,,,1.0,2.8705148205928235,42,41.43213728549141,4.4963667030986905,0,0,0,True,0.0014506012402634022,0.04310551404612098,20,0.0032885224614347397,12,0.000999876097790342,3,-0.03651925695968927,-0.02830603907795215,,0.0,0.0010066468577910426,,0.0225125434322762,0.05102108597820686,0.06162358689642461,0.010602500918217753,0.028072772578972484,0.01781459225627385,0.03403831060581309,0.06317513325779256,0.02913682265197947,0.03383250102233664,0.020806745339500218,0.5535580361755337|-0.5894135455899733|0.5465911314001146,0.4881070257309581|-1.0203068527297214|0.1377286895925289,0.1773805655391821|-0.7140215453464518|0.13616769787106897,0.030007433448225634,0.04946087653393449,0.07946830998216012,3,39
168,place|release,release,1,0.8824969025845955,0.8824969025845955,0.8824969025845955,,0.026415677817481487,0.04765085688850444,0.07406653470598593,41,False,,2,2,2,0,2,0,2,2,False,False,ordinary_base,pelvis|left_hand|right_hand,0.19579670205712318,0.0028747909236699343,0.1597054481972009,0.021754005923867226,,0.1597054481972009,0.7148850215806,0.7148850215806,,,1.0000000000000002,2.6804623307675666,44,38.16117515984766,4.090416115907891,0,0,0,True,0.0014502809385258837,0.042785697429207736,18,0.00327682267585247,12,0.0009981057071946492,2,-0.03768945861365225,-0.02736069599695412,,0.0,0.0014145637342461315,,0.022448900612416268,0.057945770332680925,0.06195984506313836,0.004014074730457437,0.021543499832740932,0.017951638620790647,0.03768593914257465,0.06577029114056084,0.028084351997986187,0.02947525799634717,0.020464381905056395,0.5520043501161888|-0.5884787643357557|0.5521707612735981,0.49149419410394735|-1.017195001163735|0.13769644981609203,0.1768220122369382|-0.7139587764879128|0.14405396997271877,0.026415677817481487,0.04765085688850444,0.07406653470598593,3,41
169,place|release,release,2,0.6065306597126334,0.6065306597126334,0.6065306597126334,,0.02470953082165316,0.046945203093985526,0.07165473391563869,42,False,,2,2,2,0,2,0,2,2,False,False,ordinary_base,pelvis|left_hand|right_hand,0.1709599148016423,0.0028537071775645018,0.13538390398025513,0.021355651086196303,,0.13538390398025513,0.7177201348233201,0.7177201348233201,,,0.9999999999999999,2.2499503488853074,45,28.684741835514856,3.0595970103757777,0,0,0,True,0.0014580596765764904,0.042403217489776185,16,0.0033650770584381373,11,0.000855319767893048,1,-0.03215913670241122,-0.025809143857767225,,0.0,0.001413997974387466,,0.0223058759842711,0.06520212713187788,0.06688642689743186,0.0016842997655539815,0.019008739597220298,0.01825287910706392,0.04522794336980984,0.0727038084520072,0.027475865082197362,0.02695016462689493,0.02027328348744575,0.5493962231490964|-0.5879697180981455|0.5613544536733621,0.498561226122932|-1.0165492081042586|0.14441260535761255,0.17840290378753781|-0.7101964656498511|0.15890234894623737,0.02470953082165316,0.046945203093985526,0.07165473391563869,3,42
170,release,release,3,0.32465246735834974,0.32465246735834974,0.32465246735834974,,0.020759098663607735,0.046347628881771026,0.06710672754537876,43,False,,2,2,2,0,2,0,2,2,False,False,ordinary_base,left_hand|right_hand,0.16676385700702667,0.0028626250568777323,0.13186398986727,0.020997484913095832,,0.13186398986727,0.7187676831975496,0.7187676831975496,,,1.0,1.734081581717199,45,17.01283665736482,1.8065098415291179,0,0,0,True,0.0014689651286303555,0.04183747121891865,14,0.0033603405169984057,10,0.0,0,-0.021061569416062298,-0.03128268954950997,,0.0,0.0014133839411906717,,0.0221077861314583,0.07218582435300443,0.07652953743540775,0.004343713082403319,0.01917185254890434,0.01833121485202819,0.049393140583701305,0.06896699824660833,0.019573857662907028,0.022346344778311128,0.020158561559667262,0.5465461564051988|-0.5861815194483226|0.5712706061220214,0.5082019512039989|-1.0173248790422154|0.156240963011403,0.18481065192352408|-0.7032066720654696|0.17523454166120542,0.020759098663607735,0.046347628881771026,0.06710672754537876,2,43
171,release,release,4,0.25,0.1353352832366127,0.25,,0.02101757339981134,0.04649954587624899,0.06751711927606033,43,False,,2,2,2,0,2,0,2,2,False,False,ordinary_base,left_hand|right_hand,0.16248316620476544,0.0028602629899978638,0.12810879107564688,0.0205742830876261,,0.12810879107564688,0.7157802541808973,0.7157802541808973,,,1.0000000000000002,1.581532416502947,45,13.477406679764238,1.431099839234898,0,0,0,True,0.001402552622435202,0.0408540422894165,13,0.0033176622921406163,9,0.0,0,-0.006743007319931493,-0.03038411614598502,,0.0,0.0014138588509120117,,0.021950035913785377,0.0817515852275083,0.09193458482531375,0.010182999597805442,0.02029008098108144,0.018941616910892637,0.05656154740956927,0.07342543759472553,0.016863890185156258,0.02174506581854124,0.019853345372845173,0.5441244885675581|-0.5864479517373267|0.5835304805247239,0.5217574632836269|-1.0164283946487493|0.17337798507174068,0.18739208365398916|-0.6958680875422476|0.19308600177516105,0.02101757339981134,0.04649954587624899,0.06751711927606033,2,43
172,release,release,5,0.25,0.04393693362340742,0.25,,0.021171092337502938,0.048074367097028496,0.06924545943453143,46,False,,2,2,2,0,2,0,2,2,False,False,ordinary_base,left_hand|right_hand,0.15701123792678118,0.0029006940312683582,0.12415462918579578,0.019647381966933608,,0.12415462918579578,0.7074458305102296,0.7074458305102296,,,1.0,1.572265625,48,13.609375,1.429175113100648,0,0,0,True,0.0014357985224765085,0.0400466467019194,13,0.0032773474505289335,9,0.0,0,0.00848986520309225,-0.01955237274183297,,0.0,0.0014139140656655533,,0.021863615403724102,0.08741630480404104,0.09488211969015649,0.007465814886115446,0.020236314447591653,0.01902342349335816,0.06847629255171706,0.08665818276707273,0.01818189021535567,0.02210587022741422,0.020728471105194806,0.5442651023059433|-0.5853245053615109|0.5952794780457992,0.5355045074381116|-1.013725656674734|0.1911681363966048,0.18747113187038295|-0.6847079499578951|0.2119795771684433,0.021171092337502938,0.048074367097028496,0.06924545943453143,2,46
173,release,release,6,0.25,0.011108996538242306,0.25,,0.020749071971853876,0.04791434355270879,0.06866341552456266,46,False,,2,2,2,0,2,0,2,2,False,False,ordinary_base,left_hand|right_hand,0.1484590561594814,0.002841167850419879,0.11736777005717158,0.018511698115617037,,0.11736777005717158,0.6984403288245798,0.6984403288245798,,,1.0,1.572265625,48,13.609375,1.429175113100648,0,0,0,True,0.0014354758036986374,0.03941232868169453,13,0.003212840348059298,9,0.0,0,0.022212253748348232,-0.007967941117406951,,0.0,0.0013736596336480613,,0.021782992075923973,0.08849723896939748,0.09927262345465288,0.01077538448525539,0.01940534000761946,0.019374646757817738,0.07654651471494775,0.09505308349109705,0.0185065687761493,0.022092803936088295,0.02053444504689667,0.5452493864220067|-0.5858964161145555|0.6067548203509365,0.5500341105905932|-1.0090335801042427|0.20822421834754465,0.18918114712644263|-0.6732960024913852|0.22940797872564078,0.020749071971853876,0.04791434355270879,0.06866341552456266,2,46
174,release,release,7,0.25,0.002187491118182885,0.25,,0.02063762908431928,0.04788276797524404,0.06852039705956331,46,False,,2,2,2,0,2,0,2,2,False,False,ordinary_base,left_hand|right_hand,0.14372927183285356,0.0029019208159297705,0.11255321721546352,0.01857183501124382,,0.11255321721546352,0.6826029187230099,0.6826029187230099,,,1.0,1.572265625,48,13.609375,1.429175113100648,0,0,0,True,0.0014033525818129347,0.03868222184356068,13,0.0032808881487431663,9,0.0,0,0.03842368205967972,0.006472399882362367,,0.0,0.0014132107727501287,,0.02161119996468823,0.09535643335873249,0.10197767024048068,0.006621236881748191,0.019117284660637807,0.019255494978824256,0.08196116553129464,0.09520235172677104,0.013241186195476401,0.022157973508000747,0.020510212232436133,0.5462314907256905|-0.5832006667167566|0.6176923013463198,0.5658996240494503|-1.0029995073402875|0.2282983183177226,0.191448189077156|-0.6613045580903063|0.24857618001369997,0.02063762908431928,0.04788276797524404,0.06852039705956331,2,46
175,release,release,8,0.25,0.00033546262790251185,0.25,,0.020048364925363122,0.04756240249006145,0.06761076741542457,46,False,,2,2,2,0,2,0,2,2,False,False,ordinary_base,left_hand|right_hand,0.13843591511249542,0.0028425490017980337,0.10799614596180618,0.018223305931314826,,0.10799614596180618,0.6884238503248175,0.6884238503248175,,,1.0,1.572265625,48,13.609375,1.429175113100648,0,0,0,True,0.001465513853150066,0.0379413323684763,14,0.0032480913721732174,9,0.0,0,0.042710878438677824,0.009346702929368789,,0.0,0.0013693886602539522,,0.021659619103186655,0.10933019893862801,0.11049012418993022,0.0011599252513022074,0.01926307627652436,0.01935282138045029,0.09345158665985749,0.09978536643634937,0.006333779776491882,0.020833653574201885,0.02070523021060926,0.5491943784850383|-0.5823974987741496|0.6290722132680017,0.5830798902497711|-0.9954629609888223|0.2512483230898945,0.19473210842254365|-0.6496790911075402|0.26845732338947914,0.020048364925363122,0.04756240249006145,0.06761076741542457,2,46
176,release,release,9,0.25,4.006529739295107e-05,0.25,,0.019538025227310053,0.04689426027365682,0.06643228550096687,44,False,,2,2,2,0,2,0,2,2,False,False,ordinary_base,left_hand|right_hand,0.13471076218411326,0.0028673550114035606,0.10500497394241393,0.017579791136085987,,0.10500497394241393,0.6864784595449287,0.6864784595449287,,,1.0,1.5784313725490196,46,13.52941176470588,1.4307680700521175,0,0,0,True,0.001399287410729852,0.037220798238876696,13,0.0032414610302861635,8,0.0,0,0.043962732612417454,0.007833159379833532,,0.0,0.0014160440451469636,,0.02163387620892067,0.11992225228588647,0.12603712663419936,0.006114874348312885,0.019548045931777322,0.019438235719306366,0.10911909928107438,0.10965447060493062,0.0005353713238562402,0.019528004522842785,0.02068202996334283,0.5488218562905961|-0.5855770771749411|0.6424556558533695,0.6027886889168798|-0.9825443096961662|0.27755347652533224,0.1984912057412298|-0.638229711394047|0.2918905508247484,0.019538025227310053,0.04689426027365682,0.06643228550096687,2,44
177,release,release,10,0.25,3.726653172078671e-06,0.25,,0.019617415978549393,0.04658526806406792,0.06620268404261731,43,False,,2,2,2,0,2,0,2,2,False,False,ordinary_base,left_hand|right_hand,0.13236353383399546,0.002828781958669424,0.10284494678489864,0.0173743839841336,,0.10284494678489864,0.68056081236266,0.68056081236266,,,1.0000000000000002,1.581532416502947,45,13.477406679764238,1.431099839234898,0,0,0,True,0.0013942274627929685,0.036202118488779855,13,0.003209678411143918,8,0.0,0,0.04946513100553673,0.011604032970177869,,0.0,0.001436945309305136,,0.021490709602182002,0.12856650670278466,0.12882447919644602,0.000257972493661357,0.020015479898426964,0.01948526421242959,0.11736156216501047,0.12151056884900002,0.004149006683989556,0.01921935205867182,0.01949999790172082,0.5493325560327668|-0.5916133471539583|0.6585397608460266,0.6211346079657599|-0.9696205730995203|0.30643158758648215,0.2072366536738482|-0.6236704561630634|0.32308022570614675,0.019617415978549393,0.04658526806406792,0.06620268404261731,2,43
178,release,release,11,0.25,2.699578503363014e-07,0.25,,0.019993916624512387,0.04666135648458326,0.06665527310909565,43,False,,2,2,2,0,2,0,2,2,False,False,ordinary_base,left_hand|right_hand,0.1281087938696146,0.002792683895677328,0.0984575969632715,0.017546887043863535,,0.0984575969632715,0.6616774261505961,0.6616774261505961,,,1.0000000000000002,1.581532416502947,45,13.477406679764238,1.431099839234898,0,0,0,True,0.0014087560919644193,0.03546713613501845,14,0.0032372118068071387,9,0.0,0,0.060934714507725474,0.020880433106198026,,0.0,0.0014135857021010982,,0.021302180392830165,0.1450407403415181,0.13258957904652147,0.012451161294996627,0.02025856691749528,0.01938479827278293,0.12793315693065788,0.13426739517234362,0.006334238241685747,0.019729266331529494,0.019487562744218836,0.5439629594416188|-0.5969795890692935|0.6719232261235135,0.6381562097595666|-0.9578363046380304|0.33691066163138755,0.21306813401339836|-0.6114013243577419|0.3485240621753166,0.019993916624512387,0.04666135648458326,0.06665527310909565,2,43
179,release,release,12,0.25,1.522997974471263e-08,0.25,,0.02035686178272083,0.046965167819736475,0.06732202960245731,44,False,,2,2,2,0,2,0,2,2,False,False,ordinary_base,left_hand|right_hand,0.12364407698623836,0.0028737979009747505,0.09435924887657166,0.017326949164271355,,0.09435924887657166,0.6478047479036686,0.6478047479036686,,,1.0,1.5784313725490196,46,13.52941176470588,1.4307680700521175,0,0,0,True,0.0014215292840997068,0.03460928744762512,14,0.0032177457428858303,9,0.0,0,0.07737596960377502,0.031386211261510866,,0.0,0.0014126418647374165,,0.021180333870935954,0.16799531309944574,0.14516698113734883,0.02282833196209691,0.020995052708512797,0.01935467265533952,0.1430239994661397,0.1455543734846291,0.0025303740184894064,0.019718670856928862,0.019507510025234695,0.5397760301572838|-0.5970002750432886|0.6834447695864654,0.6539547768751244|-0.9438522239358303|0.3722631766802881,0.2194469417011531|-0.6000287830625235|0.37514116855044194,0.02035686178272083,0.046965167819736475,0.06732202960245731,2,44
180,release,release,13,0.25,6.691586091292782e-10,0.25,,0.019884918000237853,0.04636135107291793,0.06624626907315578,43,False,,2,2,2,0,2,0,2,2,False,False,ordinary_base,left_hand|right_hand,0.14052281505428255,0.002866643015295267,0.11094323289580643,0.01766170817427337,,0.11094323289580643,0.6527600970783938,0.6527600970783938,,,1.0000000000000002,1.581532416502947,45,13.477406679764236,1.4310998392348981,0,0,0,True,0.0014212207412644534,0.03349668716881629,13,0.0032865042744878725,8,0.0,0,0.09742002435687525,0.04338240101263402,,0.0,0.0013870165370755843,,0.021232392161840967,0.19553606696033513,0.16576317409785465,0.02977289286248047,0.021237197032835105,0.019544459813928654,0.1612148843364886,0.15456409533676274,0.0066507889997258485,0.0185326389676406,0.019543404485502507,0.5360664932339377|-0.6002374522904242|0.6946161200842983,0.66853205414258|-0.9301973954227979|0.4064180082511909,0.22747958528175377|-0.5906492613135006|0.404247052511507,0.019884918000237853,0.04636135107291793,0.06624626907315578,2,43
181,release,release,14,0.25,2.289734845645553e-11,0.25,,0.02005056870389298,0.04637188170366903,0.066422450407562,43,False,,2,2,2,0,2,0,2,2,False,False,ordinary_base,left_hand|right_hand,0.11552967294119298,0.002852753037586808,0.0864739550743252,0.017136099049821496,,0.0864739550743252,0.6558277580594984,0.6558277580594984,,,1.0000000000000002,1.581532416502947,45,13.477406679764236,1.4310998392348981,0,0,0,True,0.0014201541467931365,0.03229151477754749,15,0.0033173785393516286,9,0.0,0,0.11886860318023729,0.05849194695493942,,0.0,0.0014108090299853272,,0.02128242484054705,0.2254965775237558,0.19085350068452256,0.03464307683923323,0.020867216704389062,0.019688768022239185,0.18111092103285248,0.16921581416496972,0.011895106867882754,0.019233920703396898,0.01962296332477432,0.5349978458955679|-0.603761434495794|0.704902885252489,0.6818997912917539|-0.9159726023489279|0.4397497292784285,0.23233010012092845|-0.5826134075769195|0.43243426850731403,0.02005056870389298,0.04637188170366903,0.066422450407562,2,43
182,release,release,15,0.25,6.101936677605324e-13,0.25,,0.020323640816649644,0.04597415602992943,0.06629779684657908,43,False,,2,2,2,0,2,0,2,2,False,False,ordinary_base,left_hand|right_hand,0.11591709894128144,0.0028474268037825823,0.08664826001040637,0.017241295892745256,,0.08664826001040637,0.6715700994771762,0.6715700994771762,,,1.0000000000000002,1.581532416502947,45,13.477406679764238,1.431099839234898,0,0,0,True,0.001419866772897637,0.03089364643606879,15,0.003268673999005517,9,0.0,0,0.1389100610444931,0.07216457382820174,,0.0,0.0013766037404144727,,0.021536196965515102,0.2560121685361162,0.21672931609411086,0.03928285244200533,0.02167830220940886,0.01977160491154422,0.2015446298344794,0.18281313877513666,0.018731491059342742,0.01896897942389043,0.020074598098722373,0.5329854034530898|-0.6088559191299047|0.715630944719911,0.6925701395009006|-0.903476133836637|0.47112537028727197,0.24232136148368275|-0.5795991926920547|0.46230724790664746,0.020323640816649644,0.04597415602992943,0.06629779684657908,2,43
183,release,release,16,0.25,1.2664165549094176e-14,0.25,,0.020340482566835207,0.04587269981616888,0.06621318238300408,43,False,,2,2,2,0,2,0,2,2,False,False,ordinary_base,left_hand|right_hand,0.11653872905299067,0.0028335030656307936,0.08684835000894964,0.01757147815078497,,0.08684835000894964,0.6801408687280611,0.6801408687280611,,,1.0000000000000002,1.581532416502947,45,13.477406679764238,1.431099839234898,0,0,0,True,0.0014200595061500745,0.029749487157269827,11,0.003248747666651869,7,0.0,0,0.1606912018514013,0.08746088938026375,,0.0,0.001414408868040873,,0.021650982779736733,0.2856512034311202,0.2440694458469559,0.041581757584164325,0.022023918802383125,0.02010699988467828,0.22180153031505706,0.19910699010142474,0.02269454021363232,0.01865704633128729,0.02019017861385836,0.5299645909538702|-0.6106054872983252|0.7252559945254727,0.7022891898961139|-0.8901516560084807|0.5021767027470858,0.2477704922905466|-0.5768406201408244|0.48819539864981865,0.020340482566835207,0.04587269981616888,0.06621318238300408,2,43
184,release,release,17,0.25,2.0469717131642043e-16,0.25,,0.01995244587640126,0.04500730093326123,0.06495974680966249,41,False,,2,2,2,0,2,0,2,2,False,False,ordinary_base,left_hand|right_hand,0.11351628694683313,0.002824735129252076,0.08399997907690704,0.017476539127528667,,0.08399997907690704,0.6994935645554151,0.6994935645554151,,,1.0,1.5877712031558187,43,13.349112426035497,1.4308165955412897,0,0,0,True,0.0014194596638115106,0.029470616771373803,11,0.003252260322485906,7,0.0,0,0.18217471152020437,0.1064656896603875,,0.0,0.001411063995553279,,0.021953942560536423,0.3130544755253803,0.27245294262929837,0.04060153289608193,0.020899781694042538,0.019535085833502185,0.24108689094692043,0.21888096614891553,0.0222059247980049,0.01900511005875998,0.020631778437387546,0.5240223838347194|-0.6149200764560464|0.7352626594788126,0.7094138924187967|-0.8763458435575244|0.5345754069622606,0.25424411055838303|-0.5731249303020107|0.5156033938381679,0.01995244587640126,0.04500730093326123,0.06495974680966249,2,41
185,release,release,18,0.25,2.576757109154981e-18,0.25,,0.020759122202608178,0.044679708491302664,0.06543883069391085,39,False,,2,2,2,0,2,0,2,2,False,False,ordinary_base,left_hand|right_hand,0.11223560501821339,0.0028798889834433794,0.0826227820944041,0.017472617095336318,,0.0826227820944041,0.7095543732460174,0.7095543732460174,,,1.0000000000000002,1.5940594059405941,41,13.18811881188118,1.4292448732649492,0,0,0,True,0.0014470003829212368,0.02938928692854184,11,0.003276638306620089,7,0.0,0,0.19540639701856577,0.12569317713859007,,0.0,0.0014192680590197795,,0.02211565576203438,0.33778397384238973,0.2931508476988756,0.04463312614351411,0.021495911027562216,0.019349411295645873,0.2589417099700439,0.23896375351746724,0.019977956452576662,0.02002233337765414,0.020387878977176713,0.5202362514126054|-0.6215754244424274|0.7442406666819336,0.7130092498970891|-0.8636472573021692|0.5579069703252052,0.2587440712851786|-0.5729288056009292|0.5431483465187926,0.020759122202608178,0.044679708491302664,0.06543883069391085,2,39
186,release,release,19,0.25,2.5261637809256925e-20,0.25,,0.020264341841853564,0.04521059857961111,0.06547494042146468,35,False,,2,2,2,0,2,0,2,2,False,False,ordinary_base,left_hand|right_hand,0.10776047897525132,0.002928531961515546,0.07865564688108861,0.01716540101915598,,0.07865564688108861,0.662464690114293,0.662464690114293,,,1.0,1.6067864271457086,37,12.766467065868268,1.4220909044319094,0,0,0,True,0.001383403821398732,0.02908786844242972,11,0.0032708946587824417,7,0.0,0,0.21097438689260173,0.14092290446266276,,0.0,0.0014157862226023682,,0.02149941187996512,0.359344136490238,0.3169664996362493,0.04237763685398871,0.019386178098570496,0.01941814480246166,0.27530081417143243,0.2564682650684253,0.018832549103007135,0.02114250558513663,0.020310490338151337,0.5258995980625721|-0.6381117688157226|0.7540667013603055,0.7131608568621065|-0.8551807629046931|0.58697254844955,0.2650894800960183|-0.574686037833965|0.5675130366896628,0.020264341841853564,0.04521059857961111,0.06547494042146468,2,35
187,release,release,20,0.25,1.9287498479639178e-22,0.25,,0.017414681385430356,0.04551773477965002,0.06293241616508038,28,False,,2,2,2,0,2,0,2,2,False,False,ordinary_base,left_hand|right_hand,0.1036880319006741,0.002868175972253084,0.07498290902003646,0.01694367383606732,,0.07498290902003646,0.6572101828908407,0.6572101828908407,,,1.0,1.6295546558704452,30,11.700404858299596,1.395748620868797,0,0,0,True,0.0014398261979141382,0.0288657085873813,11,0.003246855073097632,7,0.0,0,0.21759825454561188,0.15143799614290998,,0.0,0.0014180538317683327,,0.02147007268368711,0.3770095537397474,0.33243207331328956,0.04457748042645787,0.014405325726357849,0.020545987447831704,0.2895092066965269,0.27165528098175135,0.017853925714775565,0.020424037044502866,0.019633922562810956,0.5227941777653646|-0.6516448309017377|0.7629416030243855,0.7056131718543397|-0.8451710994916137|0.6096628841480597,0.26619492034475456|-0.5839085249503041|0.5907624365778339,0.017414681385430356,0.04551773477965002,0.06293241616508038,2,28
188,release,release,21,0.25,1.146876582225596e-24,0.25,,0.014582997266318022,0.04488425494944901,0.059467252215767034,23,False,,2,2,2,0,2,0,2,2,False,False,ordinary_base,left_hand|right_hand,0.1021359080914408,0.0028725939337164164,0.07309873914346099,0.016972518991678953,,0.07309873914346099,0.6351948722874057,0.6351948722874057,,,0.9999999999999999,1.6462167689161555,25,10.674846625766877,1.364959825983958,0,0,0,True,0.0014112800318614865,0.028415678063155675,11,0.0032757478639100224,7,0.0,0,0.24275022220192888,0.16021796874258776,,0.0,0.001291695647891514,,0.021104368139194453,0.39003915902423797,0.35942132332176746,0.03061783570247051,0.010601861568851942,0.033555463629381166,0.30052213316320486,0.28303489265702453,0.017487240506180335,0.0185641329637841,0.019694260785610165,0.5179295160976249|-0.6658724935951569|0.7695634596774438,0.7067978224028304|-0.8238027414910284|0.6372398331716895,0.2699565741384533|-0.5917570667192044|0.6081040855742285,0.014582997266318022,0.04488425494944901,0.059467252215767034,2,23
189,release,release,22,0.25,5.311092249679095e-27,0.25,,0.013714401815453395,0.04446305627237833,0.05817745808783172,21,False,,2,2,2,0,2,0,2,2,False,False,ordinary_base,left_hand|right_hand,0.10577045101672411,0.0028410558588802814,0.07738572196103632,0.016804191982373595,,0.07738572196103632,0.6224775003336875,0.6224775003336875,,,1.0000000000000002,1.6529774127310062,23,10.20123203285421,1.3495306445067459,0,0,0,True,0.0013820075158258484,0.02794185678780109,12,0.0032510369856921795,7,0.0,0,0.24679007817663923,0.16432164190051957,,0.0,0.0014416857939869236,,0.021012765466677543,0.3983120323993477,0.36805413661362935,0.03025789578571836,0.01071305577667657,0.03125154868522056,0.3083592293239548,0.29263927565154524,0.01571995367240958,0.01671574785423022,0.018964766348727423,0.5197416328835731|-0.6869672571836744|0.7715484487188513,0.7070069111069198|-0.8256590027377226|0.6475759840944368,0.27678879255089445|-0.6077345899437221|0.6262027302614238,0.013714401815453395,0.04446305627237833,0.05817745808783172,2,21
190,release,release,23,0.25,1.915478951967148e-29,0.25,,0.013467135429688751,0.04618504220191665,0.05965217763160541,22,False,,2,2,2,0,2,0,2,2,False,False,ordinary_base,left_hand|right_hand,0.10749571886844933,0.0028679808601737022,0.07877411996014416,0.016999842133373022,,0.07877411996014416,0.5914676708109269,0.5914676708109269,,,1.0,1.6495901639344261,24,10.442622950819679,1.3574795043300516,0,0,0,True,0.0013975796308295582,0.02740303431940716,11,0.00328116008836285,7,0.0,0,0.2506944647078182,0.16759329904789055,,0.0,0.0010809935473676561,,0.020650906506964616,0.40278409391672254,0.3752178997893674,0.027566194127355115,0.010086387623012644,0.02988231367213357,0.31361655247816944,0.30124908497210173,0.012367467506067709,0.01684788323636486,0.01858476218624162,0.5227143322778065|-0.7059146211514689|0.771967639645348,0.7055749860872256|-0.8259760876129723|0.6567048964911653,0.27935382852364293|-0.6171213373294278|0.6388525944128816,0.013467135429688751,0.04618504220191665,0.05965217763160541,2,22
191,release,release,24,0.25,5.380186160021138e-32,0.25,,0.013843764466194331,0.04527009850618969,0.059113862972384024,21,False,,2,2,2,0,2,0,2,2,False,False,ordinary_base,left_hand|right_hand,0.10527004580944777,0.002857706043869257,0.07694933493621647,0.01669771200977266,,0.07694933493621647,0.5717753720750758,0.5717753720750758,,,1.0000000000000002,1.6529774127310062,23,10.20123203285421,1.3495306445067459,0,0,0,True,0.001404885215573741,0.02674344735744147,11,0.003271797423049755,7,0.0,0,0.255902247549999,0.16552903115473505,,0.0,0.0012160127935766847,,0.020464826126764257,0.4038420920325744,0.3825444823974742,0.02129760963510019,0.01267503451196071,,0.3166459060158779,0.3049271946524607,0.011718711363417178,0.015012494420427952,0.01823608096722531,0.525977704200761|-0.7199269899049016|0.7723751262808507,0.7066289307780179|-0.8245279575986182|0.6643188158505716,0.28607544298363696|-0.6281097221028632|0.6466990453029234,0.013843764466194331,0.04527009850618969,0.059113862972384024,2,21
192,,release,25,1.1769109439216723e-34,1.1769109439216723e-34,1.1769109439216723e-34,,0.0,0.0,0.0,0,False,,2,2,2,0,2,0,2,2,False,False,ordinary_base,,0.10425641085021198,0.0028393820393830538,0.07676749816164374,0.01629125396721065,,0.07676749816164374,0.5818853882999164,0.5818853882999164,,,1.0,1.0,0,0.0,0.0,0,0,0,False,0.0014056704526481147,0.027902038882570895,11,0.0032728570565166704,7,0.0,0,0.2554080801848393,0.161745656078347,,0.0,0.0013243408766214176,,0.020602573510879352,0.40227656445836085,0.3840228763437496,0.018253688114611255,0.01665810875662897,,0.3184100408027123,0.30810418391855715,0.01030585688415514,0.014239168751804122,0.018906117896729253,0.532329598382073|-0.7376054355200055|0.7709725784846393,0.7084709215375741|-0.8354017209986738|0.6667750364837867,0.2925510005453978|-0.6405967776058794|0.6536097387079431,0.0,0.0,0.0,0,0
193,,release,26,2.005008781961654e-37,2.005008781961654e-37,2.005008781961654e-37,,0.0,0.0,0.0,0,False,,2,2,2,0,2,0,2,2,False,False,ordinary_base,,0.10546814021654427,0.0028396127745509148,0.07762488885782659,0.016474806936457753,,0.07762488885782659,0.5742097233900227,0.5742097233900227,,,1.0,1.0,0,0.0,0.0,0,0,0,False,0.0014325931789948738,0.02867742262638323,11,0.0032953839276314845,7,0.0,0,0.24727883279584617,0.15829972865270747,,0.0,0.0014151044813169005,,0.020507772254243932,0.39822651118405494,0.37870920573692035,0.019517305447134592,0.017454895845083307,0.02124157174846407,0.3193566613925735,0.3106426832747675,0.008713978117805998,0.014733726162792971,0.019894222392073307,0.5358692487671274|-0.7571289182431553|0.7693961263517799,0.707844411657601|-0.861471208546205|0.663780168032664,0.297136233176075|-0.6559391062959852|0.6594460927640349,0.0,0.0,0.0,0,0
194,,release,27,2.6602064159439866e-40,2.6602064159439866e-40,2.6602064159439866e-40,,0.0,0.0,0.0,0,False,,4,4,4,2,2,2,4,4,False,True,random_extra,,0.19586628885008395,0.002858405001461506,0.1659839078783989,0.01763410889543593,,0.1659839078783989,0.5689580534251142,0.5689580534251142,,,1.0,1.0,0,0.0,0.0,0,0,0,False,0.0014096563548177225,0.02889981607238301,13,0.0033404760773517728,8,0.0,0,0.2391467037031898,0.15423494581938968,,0.0,0.0012346724275416267,,0.02040625945046968,0.3923473930866343,0.3739910665023075,0.018356326584326788,0.018919635023644243,0.021733906909534636,0.31994222454913385,0.3123003118140643,0.007641912735069534,0.013727062366691698,0.020110831143959403,0.5414556067296801|-0.7749425441829592|0.7684289101094036,0.7053720190049648|-0.8856267943022199|0.6605552658335992,0.3035543962372275|-0.6731133998199448|0.6638001638249695,0.0,0.0,0.0,0,0
195,,release,28,2.7487850079102147e-43,2.7487850079102147e-43,2.7487850079102147e-43,,0.0,0.0,0.0,0,False,,2,2,2,0,2,0,2,2,False,False,ordinary_base,,0.11546349595300853,0.0027427389286458492,0.08512678905390203,0.017910266993567348,,0.08512678905390203,0.5664679001663725,0.5664679001663725,,,1.0,1.0,0,0.0,0.0,0,0,0,False,0.0019049769864255828,0.029088925517256253,13,0.003311939486839499,6,0.0,0,0.2355658825368785,0.15418511091491816,,0.0,0.0014265395115005766,,0.02029832635736657,0.3863443280470266,0.3727514893137116,0.013592838733315016,0.02038850253982652,0.021372198386741797,0.3212678924959147,0.3162337292577407,0.0050341632381740165,0.011234172147453854,0.019316255115437744,0.5515541995385321|-0.7919182241425532|0.7689718225841932,0.7073441044278665|-0.9122381973136953|0.6567952976203778,0.31901505695876475|-0.6918955231653354|0.6694437950184051,0.0,0.0,0.0,0,0
