frame_idx,active_event,nearest_trigger,distance_to_trigger,semantic_score,criticality_level,criticality,semantic_tau,semantic_importance,E_omni,E_part,E_edge,E_semantic_total,semantic_edge_count,semantic_edge_warning,adaptive_stop_reason,base_budget,final_budget_after_rescue,configured_semantic_refine_iterations,minimum_semantic_refine_iterations,base_sqp_iterations,semantic_refine_iterations,actual_sqp_iterations,convex_solver_calls,semantic_body_parts,frame_wall_time,mesh_time,optimization_time,collision_check_time,jacobian_time,solver_time,coarse_total_cost,final_total_cost,coarse_left_hand_object_error,coarse_right_hand_object_error,semantic_vertex_weight_mean,semantic_vertex_weight_max,semantic_boosted_vertex_count,semantic_weight_l1,semantic_weight_l2,is_critical_interaction_neighborhood,penetration_depth,raw_penetration_depth,raw_penetration_pair_count,expected_contact_penetration_depth,expected_contact_penetration_pair_count,illegal_penetration_depth,illegal_penetration_pair_count,left_hand_box_signed_distance,right_hand_box_signed_distance,self_collision_violation,joint_limit_violation,foot_sticking_error,velocity_limit_violation,final_laplacian_error,left_hand_demo_object_distance,left_hand_robot_object_distance,left_hand_object_error,left_hand_local_laplacian_error,left_hand_object_neighbor_laplacian_error,right_hand_demo_object_distance,right_hand_robot_object_distance,right_hand_object_error,right_hand_local_laplacian_error,right_hand_object_neighbor_laplacian_error,pelvis_robot_position,left_hand_robot_position,right_hand_robot_position,R_sem
0,start,start,0,1.0,4,1.0,1.0,1.0,1.1843197111200612,0.0,0.0,0.0,0,False,,50,50,0,0,50,0,50,50,pelvis,1.8681417629122734,0.002836044179275632,1.8496074210852385,0.011847805930301547,,1.8496074210852385,1.1843197111200612,1.1843197111200612,,,1.0,1.0,0,0.0,0.0,False,0.0014683117942896062,0.028121296152426145,17,0.0031038711506328753,13,0.0,0,0.08330191633362816,0.14348423131428412,,0.0,0.0,,0.02216287178401527,0.222575568590948,0.261747590605622,0.03917202201467404,0.0673238599442344,0.018941533531892946,0.2745051197479645,0.29032930133646623,0.01582418158850174,0.05567150598183199,0.017795206513540027,0.6347837536785604|0.8022254605390892|0.7704831134259317,0.8535500641405531|0.6324761172535904|0.5958030154155177,0.39922125349784665|0.6539254724494161|0.6124329095519923,0.0
1,start,start,1,0.8824969025845955,4,1.0,0.8824969025845955,0.8824969025845955,0.7522497258807823,0.007586192043371883,0.0,0.006694790980687589,0,False,,2,2,0,0,2,0,2,2,pelvis,0.10679756803438067,0.0028237118385732174,0.0835128000471741,0.016535134986042976,,0.0835128000471741,0.7589592690459397,0.7589592690459397,,,1.0,1.0,0,0.0,0.0,False,0.000841403577094349,0.029919989638912847,14,0.0031473427068362536,10,0.0,0,0.05773990359342385,0.11762649669400638,,0.0,0.0016093459072126128,,0.021502163950111272,0.19466303616604216,0.23503330583280843,0.04037026966676627,0.06305872656532482,0.01748151587328421,0.24702061277048,0.2627054055574502,0.015684792786970186,0.05157224623987899,0.01665333725369502,0.634530475659127|0.8115048255575434|0.7586994546705725,0.8679907516009928|0.6425231976890103|0.5595862301112451,0.3894502286162046|0.651163208984199|0.5755586078924015,0.007586192043371883
2,start,start,2,0.6065306597126334,4,1.0,0.6065306597126334,0.6065306597126334,0.7093902707358585,0.008509115339128927,0.0,0.0051610393402127565,0,False,,2,2,0,0,2,0,2,2,pelvis,0.11167746898718178,0.002813376020640135,0.08779367711395025,0.016998576000332832,,0.08779367711395025,0.7145623466189086,0.7145623466189086,,,1.0,1.0,0,0.0,0.0,False,0.0007421768907329082,0.03149217500938006,13,0.0031186797000378186,9,0.0,0,0.02887117236976522,0.08468076449540263,,0.0,0.00149023577880163,,0.02108574454207349,0.16702964198679293,0.2034233313142791,0.036393689327486156,0.05788556829843679,0.017924342585625565,0.218889967517298,0.2276985304308115,0.008808562913513507,0.046139499805378306,0.01660963017411522,0.6282381346945457|0.8229942629756233|0.7420005299058982,0.8723607249442317|0.6521188055040277|0.5170717023977607,0.3874217028685529|0.6409602466671748|0.5328190458396616,0.008509115339128927
3,start,start,3,0.32465246735834974,4,1.0,0.32465246735834974,0.32465246735834974,0.6995754733352639,0.009697759382284312,0.0,0.0031484015113061874,0,False,,2,2,0,0,2,0,2,2,pelvis,0.11432188912294805,0.0027977870777249336,0.09033752419054508,0.017134045949205756,,0.09033752419054508,0.7027351497209292,0.7027351497209292,,,1.0,1.0,0,0.0,0.0,False,0.0007007806469319436,0.03294330679124294,12,0.003141146459411881,8,0.0,0,0.005054418592591148,0.05175857627642877,,0.0,0.0015734009707023826,,0.02101100437234525,0.14084248028933713,0.16718854149121062,0.026346061201873494,0.05261713319854589,0.018706469776714755,0.19075423092319974,0.19268636150380963,0.0019321305806098976,0.03577850032562709,0.016978571111663145,0.6204818219143154|0.8376606724906651|0.7206365964839347,0.8783258597982498|0.6548755770383399|0.4723570630191433,0.3868535804611831|0.6269738879478659|0.4865871686346093,0.009697759382284312
4,start,start,4,0.1353352832366127,4,1.0,0.1353352832366127,0.1353352832366127,0.708220527023594,0.016431331496005074,0.0,0.0022237389019665217,0,False,,2,2,0,0,2,0,2,2,pelvis,0.11495735007338226,0.0027693479787558317,0.09108288795687258,0.01709346706047654,,0.09108288795687258,0.7104574438159836,0.7104574438159836,,,1.0,1.0,0,0.0,0.0,False,0.0006260585090101245,0.03443572380760057,12,0.0031371618314882943,7,0.0,0,-0.010501237003884611,0.024135738533777484,,0.0,0.001786564402636211,,0.021190399465498177,0.11775434054355444,0.13872534589879826,0.02097100535524382,0.04693698810803942,0.01878901635099004,0.16346603677236926,0.16412490069795208,0.0006588639255828144,0.030254118720897692,0.0179911191523153,0.6110976587753962|0.8563964154631887|0.6939504715154893,0.8840879001760684|0.6536694430639264|0.43115141311083177,0.38595136322051254|0.6163975485207978|0.43912963577138386,0.016431331496005074
5,start,start,5,0.04393693362340742,4,1.0,0.04393693362340742,0.04393693362340742,0.6764099841258211,0.012381497559650241,0.0,0.0005440050364367336,0,False,,2,2,0,0,2,0,2,2,pelvis,0.11809267499484122,0.002749782055616379,0.09355844813399017,0.017661568941548467,,0.09355844813399017,0.6769569292301588,0.6769569292301588,,,1.0,1.0,0,0.0,0.0,False,0.000964119477005896,0.036188387810128564,12,0.0031110539474660526,8,0.0,0,-0.018303798722588027,0.008900937462037462,,0.0,0.001564321810004822,,0.021000672645216642,0.09956860049399487,0.11916378893178968,0.019595188437794814,0.04135981526986089,0.018866728470456184,0.13873854643006756,0.14931763805354933,0.010579091623481779,0.030374786564342744,0.018174713916509353,0.6080748888140126|0.8692657803355922|0.6654789937731892,0.8905355461393155|0.6505296639836117|0.3918195961573131,0.38396797452304177|0.6000394356281429|0.39640197122584403,0.012381497559650241
6,start,start,6,0.011108996538242306,4,1.0,0.011108996538242306,0.011108996538242306,0.6989560845556062,0.014117259909872401,0.0,0.0001568285914682394,0,False,,2,2,0,0,2,0,2,2,pelvis,0.12269963091239333,0.00276846787892282,0.0972642011474818,0.018379254965111613,,0.0972642011474818,0.699113576763132,0.699113576763132,,,1.0,1.0,0,0.0,0.0,False,0.002846056691246379,0.03604523908600343,12,0.0031355946968038007,7,0.002846056691246379,1,-0.017526937601409998,-0.003694290946233636,,0.0,0.0015499595691909414,,0.021293607092589026,0.08879512663570269,0.09937461707180545,0.010579490436102762,0.041529668770461034,0.019656979958377927,0.11883766528894972,0.13728380298105097,0.018446137692101253,0.030803133704319884,0.018530135267900753,0.6072045978254077|0.8838691848533777|0.6435412619142873,0.8956691425823463|0.6482020177509524|0.3536006192577711,0.38925425422886684|0.5860887059802303|0.3637335463055045,0.014117259909872401
7,start,start,7,0.002187491118182885,4,1.0,0.002187491118182885,0.002187491118182885,0.7072976572192475,0.011260147384125504,0.0,2.4631472392204786e-05,0,False,,2,2,0,0,2,0,2,2,pelvis,0.12790239811874926,0.0027893870137631893,0.10289328498765826,0.017981102922931314,,0.10289328498765826,0.7073223320765979,0.7073223320765979,,,1.0,1.0,0,0.0,0.0,False,0.0018973600415980313,0.0356831223644378,11,0.0031557274893412313,6,0.0018973600415980313,1,-0.020307276264897922,-0.010898784769233671,,0.0,0.0014022276667394478,,0.021476077063859712,0.08391605980249676,0.08632525152958986,0.002409191727093099,0.03754178602875211,0.019521457544241363,0.10638536290407621,0.11994754488435785,0.01356218198028164,0.03056988099262454,0.01873154606797229,0.6062122214900593|0.8903201926125742|0.6263843207999068,0.897375511357133|0.639098539732452|0.318999165324168,0.3968187034309068|0.5730100646212959|0.33104792283153067,0.011260147384125504
8,,start,8,0.00033546262790251185,4,1.0,0.00033546262790251185,0.00033546262790251185,0.7050066393067843,0.0,0.0,0.0,0,False,,2,2,0,0,2,0,2,2,,0.12181813502684236,0.0027660171035677195,0.1019420069642365,0.012915851082652807,,0.1019420069642365,0.7050066393067843,0.7050066393067843,,,1.0,1.0,0,0.0,0.0,False,0.002302452018965881,0.03620874057664433,11,0.002967420815621097,6,0.002302452018965881,1,-0.01606504510369433,-0.008243552213345495,,0.0,0.001290933084185048,,0.021402964223180186,0.08027341396293271,0.08593268691114092,0.005659272948208213,0.03742586136039808,0.019278898428157477,0.09965398132270455,0.11182317877912276,0.012169197456418215,0.031046078199824797,0.01914815017376229,0.6033183434393894|0.8957056785190034|0.6108064876744368,0.8987842606475088|0.6328611780205741|0.2918390347001536,0.4022053938831115|0.5626575158250959|0.29689978202662115,0.0
9,,start,9,4.006529739295107e-05,4,1.0,4.006529739295107e-05,4.006529739295107e-05,0.701745106667608,0.0,0.0,0.0,0,False,,2,2,0,0,2,0,2,2,,0.12373075797222555,0.002779341069981456,0.10395010397769511,0.012810394866392016,,0.10395010397769511,0.701745106667608,0.701745106667608,,,1.0,1.0,0,0.0,0.0,False,0.0015318535899564723,0.0369001686225843,11,0.003008943902417044,6,0.0015318535899564723,1,-0.005658576552711736,-0.0013129313915740681,,0.0,0.0013362913635326602,,0.021394411433227303,0.078574444051005,0.09612027067608672,0.017545826625081723,0.03751820547021413,0.018930626927380897,0.08475699918663318,0.1027268030386083,0.017969803851975122,0.03296591765058885,0.020030901566136097,0.6081127112544564|0.900116043515767|0.5968240231396665,0.9033650362624468|0.6271804953177861|0.26709166888875874,0.40695152531210443|0.5560840968042113|0.26806727784542356,0.0
10,,start,10,3.726653172078671e-06,4,1.0,3.726653172078671e-06,3.726653172078671e-06,0.7102206777532124,0.0,0.0,0.0,0,False,,2,2,0,0,2,0,2,2,,0.12564147799275815,0.0027064229361712933,0.1057437111157924,0.012944371905177832,,0.1057437111157924,0.7102206777532124,0.7102206777532124,,,1.0,1.0,0,0.0,0.0,False,0.001420040801944522,0.03676776615732322,9,0.002972382152683306,4,0.001420040801944522,1,0.004828203074991322,0.0006001250221565613,,0.0,0.0013139934823692997,,0.021473851509254765,0.0745574537008932,0.08916331000251564,0.014605856301622436,0.036482547884885426,0.01877502133202204,0.07821379770334051,0.10072189449786698,0.022508096794526464,0.03460694805499519,0.019885463306492646,0.6118542596881019|0.9027487355023388|0.5861373383276169,0.9036057493507694|0.6214213018601896|0.24471890115240613,0.4123667385159492|0.5462602032245006|0.24414992321437176,0.0
11,,start,11,2.699578503363014e-07,4,1.0,2.699578503363014e-07,2.699578503363014e-07,0.7180107456049079,0.0,0.0,0.0,0,False,,2,2,0,0,2,0,2,2,,0.1527906870469451,0.0027482020668685436,0.13241498894058168,0.013343686936423182,,0.13241498894058168,0.7180107456049079,0.7180107456049079,,,1.0,1.0,0,0.0,0.0,False,0.0014587822703117197,0.0370809532061698,9,0.003018469779875105,4,0.0009733318494114934,1,-0.0015173853207350874,-0.014349732469341347,,0.0,0.0013515948196457623,,0.02155766293042931,0.07612232754810105,0.08636768901414085,0.010245361466039798,0.03712344893168039,0.018864663154869968,0.07599210873720244,0.10246071817685384,0.026468609439651403,0.034319116492569586,0.01928700979494839,0.6146301447360605|0.9052979179500863|0.5752809680418426,0.9037656372502998|0.6162802203352021|0.22607352429893524,0.419179267354531|0.5427911513972667|0.221050896395217,0.0
12,,start,12,1.522997974471263e-08,4,1.0,1.522997974471263e-08,1.522997974471263e-08,0.7155042441801298,0.0,0.0,0.0,0,False,,2,2,0,0,2,0,2,2,,0.1347399849910289,0.0028020739555358887,0.11416707397438586,0.013312483904883265,,0.11416707397438586,0.7155042441801298,0.7155042441801298,,,1.0,1.0,0,0.0,0.0,False,0.0014301230931719373,0.037635502177123775,9,0.0030128680476467218,4,0.0009104472740909669,1,-0.011256514607477897,-0.026848410912236886,,0.0,0.0013465456827143065,,0.021504909953736506,0.07950557536863648,0.086651412580483,0.0071458372118465285,0.03717817176794496,0.018975571145121273,0.06475706662099791,0.08667232428906425,0.021915257668066346,0.03326682111384505,0.018708278655403653,0.6143552515187231|0.9063300397510341|0.5629855121771502,0.9024255682030042|0.6106195596835265|0.20618868144377817,0.4278242878902712|0.5356007268834992|0.19866171000280364,0.0
13,,start,13,6.691586091292782e-10,4,1.0,6.691586091292782e-10,6.691586091292782e-10,0.7256598587476671,0.0,0.0,0.0,0,False,,2,2,0,0,2,0,2,2,,0.13826699508354068,0.002805358963087201,0.11728794593364,0.013609647052362561,,0.11728794593364,0.7256598587476671,0.7256598587476671,,,1.0,1.0,0,0.0,0.0,False,0.001941755556114963,0.03805205085024921,9,0.003035093538967387,4,0.001941755556114963,1,-0.019015654964659845,-0.030628753199810177,,0.0,0.0013598157929904466,,0.02162840674562945,0.0731831569668558,0.09071268042076831,0.01752952345391251,0.03673664729716196,0.018695217372459164,0.059706961524533954,0.07883156824515211,0.019124606720618158,0.03437511386292097,0.019324417507984876,0.6160937644494792|0.9081624215192186|0.5526483502557533,0.9010836695492409|0.6034066006699149|0.18813836238444978,0.4327793756500809|0.530392373895173|0.17967006275968972,0.0
14,,approach,12,1.522997974471263e-08,4,1.0,1.522997974471263e-08,1.522997974471263e-08,0.7243795998087333,0.0,0.0,0.0,0,False,,2,2,0,0,2,0,2,2,,0.14094831305556,0.002787766046822071,0.11977936094626784,0.013734902953729033,,0.11977936094626784,0.7243795998087333,0.7243795998087333,,,1.0,1.0,0,0.0,0.0,False,0.0012636828466067035,0.03873108864842256,10,0.0030380263466471824,4,0.0012636828466067035,1,-0.024497136902299488,-0.034866089830963176,,0.0,0.0013624763889516004,,0.021674453357707617,0.06960966218364845,0.08795373731307204,0.018344075129423598,0.03498217074661121,0.01874825939400951,0.058226961794825144,0.07482268944837552,0.01659572765355037,0.034940567140260205,0.019872973187831034,0.6174314498729774|0.9086016465496743|0.5426072950171437,0.8993862180062978|0.5991344757626337|0.17241238771246414,0.437718021489955|0.5304714722522256|0.15990194597374996,0.0
15,,approach,11,2.699578503363014e-07,4,1.0,2.699578503363014e-07,2.699578503363014e-07,0.7339678955347126,0.0,0.0,0.0,0,False,,2,2,0,0,2,0,2,2,,0.14799561398103833,0.0027574559208005667,0.1265462280716747,0.01397467590868473,,0.1265462280716747,0.7339678955347126,0.7339678955347126,,,1.0,1.0,0,0.0,0.0,False,0.0012415939455272702,0.03912267865306135,11,0.002990893649162163,5,0.0011142799068730308,1,-0.028227893511292734,-0.029256945723947325,,0.0,0.0013663459370264841,,0.021745658277417885,0.06819076923508341,0.08015218962690303,0.011961420391819619,0.034592801053384636,0.0186505185486643,0.051732893876668254,0.07635394223623834,0.02462104835957009,0.038889679645321064,0.020224585298375477,0.6201481356263439|0.90840360587833|0.5334929358390119,0.8973505048486984|0.5904127847603289|0.16024541218734456,0.43778709438376234|0.5284848409257858|0.14466181744045925,0.0
16,,approach,10,3.726653172078671e-06,4,1.0,3.726653172078671e-06,3.726653172078671e-06,0.737540933755119,0.0,0.0,0.0,0,False,,2,2,0,0,2,0,2,2,,0.15020287781953812,0.002738966140896082,0.12833538907580078,0.014233055990189314,,0.12833538907580078,0.737540933755119,0.737540933755119,,,1.0,1.0,0,0.0,0.0,False,0.0013888021789644073,0.03963196718110831,13,0.002996716034210256,5,0.0013888021789644073,4,-0.032828453947081115,-0.02823454901287903,,0.0,0.0013819830089801027,,0.021792305158607327,0.06402632931514866,0.0746886711080744,0.01066234179292573,0.037163181424529894,0.019172752072573636,0.04456511921968228,0.07145977494647199,0.026894655726789708,0.039749707394812345,0.020185856048632586,0.6209343866949034|0.9090068199658718|0.5263448720387239,0.8942575954468474|0.5860158221313939|0.15108870389848789,0.44043344062976886|0.5258158165887656|0.13514171661127816,0.0
17,,approach,9,4.006529739295107e-05,4,1.0,4.006529739295107e-05,4.006529739295107e-05,0.7498292347105335,0.0,0.0,0.0,0,False,,2,2,0,0,2,0,2,2,,0.17645999300293624,0.0027874892111867666,0.15413991315290332,0.014628784963861108,,0.15413991315290332,0.7498292347105335,0.7498292347105335,,,1.0,1.0,0,0.0,0.0,False,0.0012932786978983868,0.03913880337344697,13,0.0030182819769577485,5,0.0012932786978983868,4,-0.03819849319014601,-0.027125853944335532,,0.0,0.0014120574311472889,,0.021927591098851677,0.058311006527179424,0.07118472815050103,0.012873721623321607,0.040496295448364236,0.019286864837777504,0.039410877470981445,0.0711030772165077,0.031692199745526256,0.04793608127899851,0.02058355179924694,0.6208590930504587|0.9117521675692518|0.5226455913406137,0.89146886959635|0.5839780406718322|0.14717484196617164,0.4408078987521879|0.5222293375350676|0.1352881715401121,0.0
18,,approach,8,0.00033546262790251185,4,1.0,0.00033546262790251185,0.00033546262790251185,0.7678708976660946,0.0,0.0,0.0,0,False,,2,2,0,0,2,0,2,2,,0.15405777492560446,0.002774087944999337,0.1317241459619254,0.014654048951342702,,0.1317241459619254,0.7678708976660946,0.7678708976660946,,,1.0,1.0,0,0.0,0.0,False,0.0011831321735981393,0.03877058869744787,14,0.003035532063797697,6,0.0011831321735981393,4,-0.04433038686694424,-0.027151750960381804,,0.0,0.001402814175445068,,0.02213155092235976,0.05258928045085924,0.06689110883581428,0.014301828384955043,0.041648374622205525,0.01929385555007655,0.034969496022889825,0.07083693203143099,0.03586743600854116,0.056466833855285246,0.021422846595583966,0.6200885259670196|0.9137303723002222|0.5192271308798672,0.887689253485572|0.5815133602594069|0.142515328565874,0.4411137248182192|0.5216744721864738|0.13531688041662807,0.0
19,approach,approach,7,0.002187491118182885,4,1.0,0.002187491118182885,0.002187491118182885,0.7851821639564077,0.005448723791986109,0.0,1.1919034900401383e-05,0,False,,2,2,0,0,2,0,2,2,pelvis,0.1621401640586555,0.0027788809966295958,0.1342282339464873,0.020359266083687544,,0.1342282339464873,0.7851940832743932,0.7851940832743932,,,1.0,1.0,0,0.0,0.0,False,0.0010701845078158745,0.03831269602985729,14,0.0029856556847730753,6,0.0010701845078158745,4,-0.03187436607754357,-0.02663032322830894,,0.0,0.0013987178035523217,,0.022176508617735485,0.04693967049141904,0.07345409775897023,0.02651442726755119,0.04766004910521787,0.01861504471099946,0.03153757446137274,0.07138941488082454,0.0398518404194518,0.06380636532218374,0.021441557474391762,0.6195661176675352|0.9147413391722016|0.5157813568525413,0.8938871757530689|0.5825702677433781|0.13741643046310908,0.4405591116317734|0.5199901056091496|0.13518873714483082,0.005448723791986109
20,approach,approach,6,0.011108996538242306,4,1.0,0.011108996538242306,0.011108996538242306,0.8236185711550476,0.005782008709354562,0.0,6.42323147363067e-05,0,False,,2,2,0,0,2,0,2,2,pelvis,0.15992610901594162,0.0027884880546480417,0.1320642961654812,0.020290316082537174,,0.1320642961654812,0.82368280242589,0.82368280242589,,,1.0,1.0,0,0.0,0.0,False,0.0011710047847279526,0.03815283479751441,15,0.0029824674316329125,6,0.0011710047847279526,5,-0.02900601485607268,-0.02597371373913937,,0.0,0.001414935073025176,,0.022596447810753328,0.042137197001041356,0.0723141093619911,0.03017691236094975,0.05435462873585005,0.01987570958779731,0.030081807189030255,0.07217852505038527,0.04209671786135502,0.06826131293374414,0.021267932007743233,0.6188562179632855|0.9137631972782719|0.5142656783625014,0.8934613874205478|0.5781639314333464|0.13634599984206217,0.4399241140052111|0.5176625802057192|0.13488152236862883,0.005782008709354562
21,approach,approach,5,0.04393693362340742,4,1.0,0.04393693362340742,0.04393693362340742,0.8614950891481461,0.005775785738821156,0.0,0.0002537703146296083,0,False,,2,2,0,0,2,0,2,2,pelvis,0.15999668999575078,0.002769340993836522,0.1321234169881791,0.02027981705032289,,0.1321234169881791,0.8617488572390538,0.8617488572390538,,,1.0,1.0,0,0.0,0.0,False,0.0011087271930051573,0.03810663485035845,15,0.0029389578279449546,6,0.0011087271930051573,5,-0.02752460483329422,-0.024398404835615395,,0.0,0.001414417020439561,,0.02297916611880689,0.03866287067761362,0.0705325726050489,0.03186970192743528,0.058084862598602245,0.02020924879974736,0.029937430837878223,0.07253862800885574,0.04260119717097752,0.07352583867322397,0.021985881249602938,0.6171375783543228|0.9142857530263635|0.511292252767202,0.8921038513008612|0.5745636727341232|0.13674542934496417,0.4400234258629631|0.5131906272613961|0.13508132350048646,0.005775785738821156
22,approach,approach,4,0.1353352832366127,4,1.0,0.1353352832366127,0.1353352832366127,0.8663371253529035,0.005965309785963303,0.0,0.0008073168894774811,0,False,,2,2,0,0,2,0,2,2,pelvis,0.15925013786181808,0.002785797929391265,0.13135436596348882,0.020266927080228925,,0.13135436596348882,0.8671443336019609,0.8671443336019609,,,1.0,1.0,0,0.0,0.0,False,0.0018513977548336308,0.03808517410701856,15,0.0029502151468231153,6,0.0018513977548336308,5,-0.02676008020402243,-0.023732500722084993,,0.0,0.0014166334197226573,,0.02301011700585479,0.03735674281998337,0.06932564062901476,0.031968897809031394,0.060605060099050076,0.020399235774727575,0.03126426443896467,0.07269119571117584,0.04142693127221117,0.07517836914781842,0.02156451436515257,0.6185367471668796|0.9142072419569124|0.5086490023344655,0.8910167959555783|0.570497813137256|0.13699152312332719,0.43997557638076396|0.5115297751099266|0.1352622307972349,0.005965309785963303
23,approach|contact,approach,3,0.32465246735834974,4,1.0,0.32465246735834974,0.32465246735834974,0.8931906156305925,0.03485570703415212,0.0,0.011315991290157272,30,False,,2,2,0,0,2,0,2,2,pelvis|left_hand|right_hand,0.16208440088666975,0.0027793690096586943,0.13402696512639523,0.020425752038136125,,0.13402696512639523,0.9045065088604305,0.9045065088604305,,,1.0,1.0,0,0.0,0.0,False,0.0010797725288369947,0.03824496640819286,15,0.003077930906285109,6,0.0010797725288369947,5,-0.02675350708451596,-0.02281661359335274,,0.0,0.0014141141711962208,,0.02321375766598088,0.036789626405801315,0.06845601088781435,0.03166638448201303,0.06294357398558936,0.020609687398272025,0.032377184243247814,0.07321768116576129,0.04084049692251347,0.07667722929948645,0.02169307418998404,0.6174469047850045|0.9140765791480346|0.5056024433797677,0.8901815569031513|0.5675817451031869|0.137289156595087,0.4399387001532303|0.5088772479429363|0.13538989312847716,0.03485570703415212
24,approach|contact,approach,2,0.6065306597126334,4,1.0,0.6065306597126334,0.6065306597126334,0.9078256893215656,0.03611261846598817,0.0,0.021903410302126433,30,False,,2,2,0,0,2,0,2,2,pelvis|left_hand|right_hand,0.18432247592136264,0.0027842610143125057,0.15636798995546997,0.02031912305392325,,0.15636798995546997,0.929728706248019,0.929728706248019,,,1.0,1.0,0,0.0,0.0,False,0.001166567608537769,0.03821632866946867,15,0.003059761113823445,6,0.0009997478047027025,5,-0.027577952518772264,-0.022197931729925457,,0.0,0.0014145250947603042,,0.023340578800786386,0.03570710406711344,0.0672350175536087,0.03152791348649525,0.0640548410967257,0.02072324257565656,0.031150753970617714,0.07350815483542646,0.04235740086480874,0.07805635895344828,0.021671996329047986,0.6175814777639319|0.9136702624854364|0.5036582909912175,0.8890112604147791|0.5659336187279275|0.1376262025649349,0.4401386320287905|0.5069217856434148|0.1355172141740057,0.03611261846598817
25,approach|contact,approach,1,0.8824969025845955,4,1.0,0.8824969025845955,0.8824969025845955,0.9266494943386576,0.039109802734944514,0.0,0.03451427977428308,28,False,,2,2,0,0,2,0,2,2,pelvis|left_hand|right_hand,0.16180672612972558,0.0028316339012235403,0.1337919409852475,0.02024678885936737,,0.1337919409852475,0.9611712598129747,0.9611712598129747,,,1.0,1.0,0,0.0,0.0,False,0.0014641335880447304,0.0381297574234023,16,0.00284940048380658,6,0.0014641335880447304,5,-0.02558606860271162,-0.021697003370729107,,0.0,0.0014150203531716483,,0.02344816607431202,0.031443064163288646,0.06712024769128569,0.03567718352799704,0.06830041793852724,0.021174280434300218,0.026889081374842517,0.0738581445539968,0.04696906317915428,0.080008159332197,0.022083929044712142,0.6173097216160468|0.9116831850047116|0.5030011658842636,0.8886640327209379|0.559879030780776|0.13780475067724396,0.44044696683020623|0.504668595221168|0.1355654024221652,0.039109802734944514
26,approach|contact,approach,0,1.0,4,1.0,1.0,1.0,0.9317670802471503,0.03950501611259035,0.0,0.03950501611259035,26,False,,2,2,0,0,2,0,2,2,pelvis|left_hand|right_hand,0.16187752387486398,0.0028377261478453875,0.13399296905845404,0.020255958894267678,,0.13399296905845404,0.9712677591473315,0.9712677591473315,,,1.0,1.0,0,0.0,0.0,False,0.001010265965817131,0.03801400125601326,16,0.0011607672289883075,6,0.0010065779534027958,5,-0.027262468617010427,-0.024868146572746497,,0.0,0.0013112505456699826,,0.023464225152405423,0.02728719847017925,0.06593181291763937,0.038644614447460125,0.06941032440420167,0.02090692341544364,0.024626742472030148,0.07189983318977884,0.0472730907177487,0.07970533540166384,0.021461443239542716,0.6181254626975866|0.9102253428786601|0.5031491399795002,0.8884640960984579|0.5609099815171869|0.13783620784604256,0.44141435858205286|0.5097990735382115|0.13537578176904025,0.03950501611259035
27,approach|contact,approach,1,0.8824969025845955,4,1.0,0.8824969025845955,0.8824969025845955,0.9299509664532681,0.03793243528245743,0.0,0.03347525664425931,27,False,,2,2,0,0,2,0,2,2,pelvis|left_hand|right_hand,0.1608520019799471,0.0028330839704722166,0.13271489390172064,0.02051803097128868,,0.13271489390172064,0.9634088432854357,0.9634088432854357,,,1.0,1.0,0,0.0,0.0,True,0.001645359815340891,0.03800965654916852,15,0.001645359815340891,5,0.0010040517739526855,5,-0.03319781251853371,-0.02593637245372271,,0.0,0.001399618283301574,,0.02349819756584617,0.026344933036570133,0.06403077880332074,0.0376858457667506,0.06798660486130419,0.020629931620934117,0.024136155590451434,0.07138029514192376,0.04724413955147233,0.07799509361361595,0.021244235867713113,0.618423424667059|0.9109737070632773|0.5025279534854266,0.8874824138069601|0.5710340116328525|0.13799667479984934,0.4420975036145299|0.5098247080052805|0.13537170408029423,0.03793243528245743
28,approach|contact,approach,2,0.6065306597126334,4,1.0,0.6065306597126334,0.6065306597126334,0.9104881260226533,0.036424483705098,0.0,0.022092566131345158,27,False,,2,2,0,0,2,0,2,2,pelvis|left_hand|right_hand,0.16033560479991138,0.0028098260518163443,0.13175195013172925,0.02080666902475059,,0.13175195013172925,0.9325809183660088,0.9325809183660088,,,1.0,1.0,0,0.0,0.0,True,0.0010722283573010444,0.037898404164900035,16,0.0010722283573010444,6,0.0010151975625943,5,-0.033354339037723335,-0.026689383165280134,,0.0,0.0014141667485107097,,0.02334031019121655,0.02473398841874053,0.0629560393305056,0.038222050911765074,0.06630878842114576,0.020503673661271402,0.022772098598587653,0.07080790460817163,0.04803580600958397,0.07650685830695994,0.02098258398487021,0.6167624312221569|0.9110877036088663|0.5050177249106514,0.8869330577386217|0.5670092014907715|0.1380423998566584,0.44282375856296957|0.508774593868868|0.13532002467159954,0.036424483705098
29,approach|contact,contact,1,0.8824969025845955,4,1.0,0.8824969025845955,0.8824969025845955,0.8998148600370451,0.03380010316388428,0.0,0.02982848634916766,27,False,,2,2,0,0,2,0,2,2,pelvis|left_hand|right_hand,0.16114027402363718,0.0028596820775419474,0.13267706613987684,0.020664628129452467,,0.13267706613987684,0.9296425524243641,0.9296425524243641,,,1.0,1.0,0,0.0,0.0,True,0.0011621686652986268,0.037521052931756255,14,0.0010029230679832607,5,0.0011621686652986268,5,-0.03377337954595738,-0.029165024588872157,,0.0,0.0014150855818059985,,0.023320102481941135,0.025322629422426395,0.06434269908177445,0.03902006965934805,0.06353850329164087,0.020645470518779494,0.022617856403851232,0.06859110207452694,0.045973245670675705,0.07368172260426824,0.021102861223277255,0.6194736336345587|0.9118310041201942|0.5085478483195988,0.886774760272121|0.5665755595677525|0.13805576181605367,0.4442037160659264|0.5087784283609146|0.13546425894651848,0.03380010316388428
30,approach|contact,contact,0,1.0,4,1.0,1.0,1.0,0.8733470539582285,0.030433318269113573,0.0,0.030433318269113573,27,False,,2,2,0,0,2,0,2,2,pelvis|left_hand|right_hand,0.19113302510231733,0.0028262839186936617,0.16247810795903206,0.020747269969433546,,0.16247810795903206,0.903779651283131,0.903779651283131,,,1.0,1.0,0,0.0,0.0,True,0.0010062572519564522,0.037616029629486736,13,0.0010062572519564522,5,0.0009990397190530742,4,-0.03345272136442112,-0.030847286268052443,,0.0,0.00141439759056736,,0.023116708704933486,0.02569152784587973,0.06494994699727948,0.03925841915139974,0.05887727992680967,0.02004068293664218,0.02207419619357838,0.06685677402347526,0.04478257782989688,0.07070999586856914,0.02117182034262552,0.6198272646746383|0.9112242180251136|0.5121426337188015,0.8851246829429317|0.5627852529138718|0.1380791624544323,0.4450314529683887|0.5059720283255523|0.13561451036690308,0.030433318269113573
31,approach|contact,contact,1,0.8824969025845955,4,1.0,0.8824969025845955,0.8824969025845955,0.835506642821362,0.02619325513739857,0.0,0.02311546652736228,26,False,,2,2,0,0,2,0,2,2,pelvis|left_hand|right_hand,0.1872015178669244,0.0028319149278104305,0.15854223095811903,0.020824131090193987,,0.15854223095811903,0.8586203368745634,0.8586203368745634,,,1.0,1.0,0,0.0,0.0,True,0.006348043517397706,0.037774836325340067,14,0.0010211169943845216,5,0.006348043517397706,5,-0.03523112786458782,-0.029717947606552997,,0.0,0.0014147761396462882,,0.02282977596282583,0.025699321141880678,0.06506168603192375,0.03936236489004307,0.053410716385073685,0.019597708585694217,0.021329846123886942,0.0677487798131142,0.046418933689227254,0.06612447429060198,0.020028616846591917,0.6206648444501569|0.9090856889070293|0.5157524028268806,0.8824631979167487|0.5624723749861891|0.13808742756516118,0.443778164864494|0.5059500528939297|0.13582336067137016,0.02619325513739857
32,approach|contact,contact,2,0.6065306597126334,4,1.0,0.6065306597126334,0.6065306597126334,0.7789834493036334,0.021177331591025608,0.0,0.012844700900857955,27,False,,2,2,0,0,2,0,2,2,pelvis|left_hand|right_hand,0.16146252490580082,0.002808504970744252,0.13290065387263894,0.020821404876187444,,0.13290065387263894,0.7918251154076701,0.7918251154076701,,,1.0,1.0,0,0.0,0.0,True,0.0010539723336900203,0.0383025896379699,14,0.0010303476596543598,5,0.0010539723336900203,5,-0.03584800554063605,-0.030584712580653317,,0.0,0.0013280522336634425,,0.02231177033489001,0.02620099128199984,0.06899886786798239,0.042797876585982546,0.04765969818322745,0.018530821677025737,0.02211831179660422,0.06595387284562992,0.0438355610490257,0.059011385091877415,0.02052921874873013,0.6233870832488743|0.9004806379027679|0.5198550959594836,0.8807137967874297|0.5630562289900919|0.13800691057315723,0.44682432219343593|0.5025754608069819|0.13559926305102582,0.021177331591025608
33,approach|contact,contact,3,0.32465246735834974,4,1.0,0.32465246735834974,0.32465246735834974,0.7266662968373729,0.015200751194029999,0.0,0.00493496138084222,26,False,,2,2,0,0,2,0,2,2,pelvis|left_hand|right_hand,0.16495489911176264,0.002822255017235875,0.1363440330605954,0.02079486194998026,,0.1363440330605954,0.7316007863516866,0.7316007863516866,,,1.0,1.0,0,0.0,0.0,True,0.0012186460214372585,0.040058092593729805,13,0.0012186460214372585,6,0.0009647316352459911,3,-0.036038310602815926,-0.03198807587834018,,0.0,0.001421355963337668,,0.021881962356648663,0.026911834767950258,0.06224207264958085,0.03533023788163059,0.04039413330909584,0.018302566498199942,0.022946397203677464,0.058288603929904925,0.03534220672622746,0.04892466966690036,0.02003014146705931,0.6217726915525422|0.8893583507589464|0.5229368872358168,0.8764237158341255|0.5565185568841501|0.13826307503989965,0.4507383705394385|0.5038036311503828|0.13475559445481494,0.015200751194029999
34,contact,contact,4,0.1353352832366127,4,1.0,0.1353352832366127,0.1353352832366127,0.7086082593169549,0.019443443274624966,0.0,0.0026313839026663823,27,False,,2,2,0,0,2,0,2,2,left_hand|right_hand,0.1644693638663739,0.002824427094310522,0.13525531813502312,0.021364090032875538,,0.13525531813502312,0.7112389935270504,0.7112389935270504,,,1.0,1.0,0,0.0,0.0,True,0.0012718245681572066,0.04052849366392247,11,0.0012718245681572066,6,0.000499225552939922,1,-0.033655606210288624,-0.032831231770996894,,0.0,0.0014097930171069273,,0.021685990320474705,0.027928037298889173,0.06721771704967469,0.03928967975078552,0.04587585626866766,0.01790390034566194,0.024002788856349398,0.05343792920444445,0.02943514034809505,0.04223854242917882,0.021120422781142643,0.6232949758775211|0.8916145830101515|0.533764990947062,0.8799174217569151|0.555826887875888|0.15701494632198226,0.45477958903325816|0.5007978577986895|0.1437182808377649,0.019443443274624966
35,contact,contact,5,0.04393693362340742,4,1.0,0.04393693362340742,0.04393693362340742,0.6996246866218676,0.018694859492399667,0.0,0.0008213948006164923,27,False,,2,2,0,0,2,0,2,2,left_hand|right_hand,0.16283417912200093,0.0027061570435762405,0.1347434490453452,0.020470457151532173,,0.1347434490453452,0.7004457112722293,0.7004457112722293,,,1.0,1.0,0,0.0,0.0,True,0.0013834245434496406,0.03977874912401569,11,0.0013834245434496406,6,0.0005555210807168809,1,-0.0333064332489208,-0.03225561973333946,,0.0,0.0012369871947530621,,0.021723648934460642,0.029322161609551225,0.06622116262286878,0.036899001013317556,0.046118014420787765,0.017951335016338135,0.025333554594958,0.05308967586944399,0.02775612127448599,0.040150973143423876,0.021051315735002577,0.622097848493314|0.8928256129338747|0.549327609611286,0.8793356321564119|0.5484641264539838|0.1751340427530749,0.4540641290737382|0.49993376140706325|0.16027720723748048,0.018694859492399667
36,contact,contact,6,0.011108996538242306,4,1.0,0.011108996538242306,0.011108996538242306,0.6874437019793282,0.017175148429812364,0.0,0.00019079866445058334,27,False,,2,2,0,0,2,0,2,2,left_hand|right_hand,0.16028093895874918,0.0027309239376336336,0.1319802792277187,0.020628637168556452,,0.1319802792277187,0.687634442022034,0.687634442022034,,,1.0,1.0,0,0.0,0.0,True,0.0012926807195793727,0.03853338049933447,11,0.0012926807195793727,6,0.0005640740752882734,1,-0.03351958677586353,-0.032696337431655564,,0.0,0.0014226497705229775,,0.021571097440033604,0.03130343505431578,0.06450406050911599,0.03320062545480021,0.04319624006294498,0.017864821255682062,0.026588516920129236,0.05314130359644875,0.026552786676319516,0.039612050317888114,0.02069290422662859,0.6226714983670489|0.8934928205151568|0.5688947660038958,0.8778912842503428|0.5397830881407546|0.19445049006718074,0.4522817624907537|0.50001308441949|0.18223826997177828,0.017175148429812364
37,contact,contact,7,0.002187491118182885,4,1.0,0.002187491118182885,0.002187491118182885,0.673404518997382,0.01632921188830675,0.0,3.572000597259739e-05,28,False,,2,2,0,0,2,0,2,2,left_hand|right_hand,0.15704680210910738,0.0026971620973199606,0.1294498099014163,0.02009094995446503,,0.1294498099014163,0.6734402300549815,0.6734402300549815,,,1.0,1.0,0,0.0,0.0,True,0.001634421813752878,0.03734744344779861,11,0.001634421813752878,6,0.0005855218171921112,1,-0.033882519294500923,-0.02992284455098293,,0.0,0.001432371036257125,,0.02145885165214788,0.03375589518207893,0.0644146490258787,0.030658753843799777,0.04039931832932803,0.01800079078410716,0.02796416232611147,0.05451341964079464,0.02654925731468317,0.04041951825773002,0.020373376415832384,0.6184670019393305|0.8932561800190901|0.5886002029948786,0.8759835967299525|0.5341333439550295|0.21821231362538285,0.4483744671638784|0.4999311974982966|0.20300008972277633,0.01632921188830675
38,,contact,8,0.00033546262790251185,4,1.0,0.00033546262790251185,0.00033546262790251185,0.6484605699481827,0.0,0.0,0.0,0,False,,2,2,0,0,2,0,2,2,,0.17057788698002696,0.0028010751120746136,0.1483766590245068,0.014438658952713013,,0.1483766590245068,0.6484605699481827,0.6484605699481827,,,1.0,1.0,0,0.0,0.0,True,0.001899218561525827,0.03588813703518817,11,0.001899218561525827,6,0.0005037670193621252,1,-0.03505336487792299,-0.029992383169888726,,0.0,0.001417008015836875,,0.021288676081127403,0.036744128846563404,0.06415087976415439,0.027406750917590983,0.03695986905290911,0.018763132725376917,0.02991824115629804,0.053680049942170155,0.023761808785872116,0.038938781220503635,0.021370618420273154,0.6173906574519602|0.8909778870446345|0.6081735686025278,0.8720414519215364|0.5343512506160457|0.24090936426892234,0.44682547402013095|0.4998184676291877|0.22596088257537011,0.0
39,,contact,9,4.006529739295107e-05,4,1.0,4.006529739295107e-05,4.006529739295107e-05,0.6391550780206945,0.0,0.0,0.0,0,False,,2,2,0,0,2,0,2,2,,0.14252264495007694,0.002755912020802498,0.12049370398744941,0.014363688882440329,,0.12049370398744941,0.6391550780206945,0.6391550780206945,,,1.0,1.0,0,0.0,0.0,True,0.0018542185791321254,0.034203471739294555,10,0.0018542185791321254,6,0.0,0,-0.03425501902011696,-0.030593575624880742,,0.0,0.001438458062568004,,0.021203931879220254,0.03939630956635782,0.06474183363863317,0.025345524072275354,0.035469061202792564,0.018536636488941816,0.03153447099792206,0.053004607295777995,0.021470136297855935,0.03709588967844064,0.021166093258567893,0.6154628551274922|0.8904400415871094|0.6292839910849118,0.8698668476831688|0.5308533037875531|0.2713776826432877,0.4442821857063838|0.4964607957285096|0.25489271180028034,0.0
40,,contact,10,3.726653172078671e-06,4,1.0,3.726653172078671e-06,3.726653172078671e-06,0.6400442437942013,0.0,0.0,0.0,0,False,,2,2,0,0,2,0,2,2,,0.13805313897319138,0.0026604800950735807,0.11621159105561674,0.014243456069380045,,0.11621159105561674,0.6400442437942013,0.6400442437942013,,,1.0,1.0,0,0.0,0.0,True,0.001813140576418494,0.032757503670377525,12,0.001813140576418494,6,0.0,0,-0.033065841323923095,-0.0302046778289764,,0.0,0.0014283579204459305,,0.02123350927489676,0.041099633093159775,0.0651922616244776,0.02409262853131782,0.03606869030158783,0.01901401805710977,0.033285816620185815,0.05313009473745928,0.01984427811727346,0.03604105298343966,0.021278024130535287,0.6120910909961197|0.8897122633840512|0.6481940012646065,0.8662356313278374|0.5317493759389679|0.30065567732938525,0.44071655808873667|0.49326199751391403|0.28607559138456823,0.0
41,,contact,11,2.699578503363014e-07,4,1.0,2.699578503363014e-07,2.699578503363014e-07,0.6382740717975347,0.0,0.0,0.0,0,False,,2,2,0,0,2,0,2,2,,0.13730636285617948,0.0027883078437298536,0.11564040998928249,0.01396797806955874,,0.11564040998928249,0.6382740717975347,0.6382740717975347,,,1.0,1.0,0,0.0,0.0,True,0.0017411590427678196,0.03176413983016013,12,0.0017411590427678196,6,0.0,0,-0.030384462557313086,-0.02933560945703384,,0.0,0.0014245919892874165,,0.021289883479886435,0.043174152491047266,0.06554216580538016,0.0223680133143329,0.035211298575332305,0.018902248995181017,0.03532677739183851,0.0535131815121809,0.018186404120342392,0.03369666829693497,0.02126999988974777,0.6070423812830468|0.8858723619004374|0.6650629572209437,0.8625804317745676|0.5317767603314996|0.330007553930678,0.4372113073802688|0.49019925073352155|0.31647156316238606,0.0
42,,contact,12,1.522997974471263e-08,4,1.0,1.522997974471263e-08,1.522997974471263e-08,0.6350532130435956,0.0,0.0,0.0,0,False,,2,2,0,0,2,0,2,2,,0.13778106519021094,0.0027890729252249002,0.11591169820167124,0.014096955070272088,,0.11591169820167124,0.6350532130435956,0.6350532130435956,,,1.0,1.0,0,0.0,0.0,True,0.0015752551936446917,0.03104348318734712,12,0.0015752551936446917,6,0.0,0,-0.029948881813941952,-0.02833586161041346,,0.0,0.0014130029559345759,,0.021290512130753243,0.04431518889612136,0.06509177494241186,0.0207765860462905,0.034977931808454724,0.01899739091391064,0.03730398362212385,0.05408017476868538,0.01677619114656153,0.032081467094699244,0.021312606167186658,0.6028074884331446|0.8834195506225613|0.6791059024776718,0.8579807481469836|0.5311762261059281|0.3619642411082621,0.4335296843318435|0.4884337338163218|0.3484106470843345,0.0
43,,contact,13,6.691586091292782e-10,4,1.0,6.691586091292782e-10,6.691586091292782e-10,0.635399928478879,0.0,0.0,0.0,0,False,,2,2,0,0,2,0,2,2,,0.13861358095891774,0.0027578091248869896,0.11616063304245472,0.01460183598101139,,0.11616063304245472,0.635399928478879,0.635399928478879,,,1.0,1.0,0,0.0,0.0,True,0.001860853262049534,0.030571256870212143,13,0.001860853262049534,7,0.0,0,-0.029507209458531136,-0.027331614627440715,,0.0,0.0014038763741375786,,0.02129012282987287,0.04515242212278731,0.06732595711926725,0.022173534996479942,0.03711602528709854,0.018974652062921604,0.038905617084151564,0.05482589885398927,0.01592028176983771,0.031281963372291,0.021566521561927766,0.5984197182719408|0.8816541951831746|0.6901334731475296,0.8550301228506656|0.5335824495306489|0.39653440617179836,0.4291732086185743|0.4867708593508041|0.3816251639265349,0.0
44,,contact,14,2.289734845645553e-11,4,1.0,2.289734845645553e-11,2.289734845645553e-11,0.6155040699714244,0.0,0.0,0.0,0,False,,2,2,0,0,2,0,2,2,,0.13987061684019864,0.002865648828446865,0.11746099404990673,0.01452474296092987,,0.11746099404990673,0.6155040699714244,0.6155040699714244,,,1.0,1.0,0,0.0,0.0,True,0.0036837144331355737,0.03007506367297208,13,0.0036837144331355737,7,0.0,0,-0.030146331273861904,-0.028465276445185594,,0.0,0.0013912339226065226,,0.0210832410296539,0.04558979301930462,0.06711548066454849,0.021525687645243874,0.037603202700160106,0.018997166037624785,0.039558003577122504,0.05482971009500694,0.015271706517884433,0.03142841770695852,0.02135390451326479,0.5905041900945255|0.8849991719648058|0.6998337092041464,0.8509589704865094|0.5323454494605674|0.43202169058542705,0.4244438995037852|0.48573470426080184|0.41731015923397924,0.0
45,,contact,15,6.101936677605324e-13,4,1.0,6.101936677605324e-13,6.101936677605324e-13,0.6243296955706227,0.0,0.0,0.0,0,False,,2,2,0,0,2,0,2,2,,0.1360911801457405,0.0028430239763110876,0.11431286414153874,0.014011872000992298,,0.11431286414153874,0.6243296955706227,0.6243296955706227,,,1.0,1.0,0,0.0,0.0,True,0.0024077691504636317,0.02940669601515003,13,0.0024077691504636317,7,0.0,0,-0.03113754627915455,-0.027261000814498004,,0.0,0.0014035539156479213,,0.02126146630072062,0.045321410987796004,0.06748020614826941,0.022158795160473407,0.039151340654497324,0.019310351597135695,0.03955574037981286,0.05652996392581813,0.016974223546005272,0.03314831540611993,0.021453452186044036,0.5834365521080334|0.8836428496710977|0.7097829022398943,0.8464218063448464|0.5320688875828974|0.4658524348946031,0.4182967792794827|0.4849237451837357|0.449010914205257,0.0
46,,contact,16,1.2664165549094176e-14,4,1.0,1.2664165549094176e-14,1.2664165549094176e-14,0.6562066672668527,0.0,0.0,0.0,0,False,,2,2,0,0,2,0,2,2,,0.134466296993196,0.002816854976117611,0.11301404517143965,0.013750515878200531,,0.11301404517143965,0.6562066672668527,0.6562066672668527,,,1.0,1.0,0,0.0,0.0,True,0.0037781672130403204,0.030064091004478016,14,0.0037781672130403204,8,0.0,0,-0.030990368341729635,-0.0263612888861946,,0.0,0.0014196256613247654,,0.021602585803201787,0.045371744869698076,0.06879672780886123,0.023424982939163154,0.04162288644159558,0.01908749547100195,0.039796004214663484,0.05783053346218845,0.018034529247524966,0.034115519365073003,0.021617384925852762,0.5739607223706388|0.8804587114974474|0.7163723715781382,0.8420554853994728|0.5329050495709984|0.49811871943157837,0.4122330399221773|0.48452022081424667|0.47947918170744874,0.0
47,,contact,17,2.0469717131642043e-16,4,1.0,2.0469717131642043e-16,2.0469717131642043e-16,0.6809628890650526,0.0,0.0,0.0,0,False,,2,2,0,0,2,0,2,2,,0.1345316879451275,0.0027798509690910578,0.11313915089704096,0.013733088038861752,,0.11313915089704096,0.6809628890650526,0.6809628890650526,,,1.0,1.0,0,0.0,0.0,True,0.0019082133023579813,0.031019369596138435,16,0.0019082133023579813,11,0.0,0,-0.030840268878918664,-0.0253772500479581,,0.0,0.0014116288596566187,,0.021916584128343748,0.04539990454306814,0.07003887505874007,0.024638970515671932,0.043877364353452256,0.01955795610626904,0.04030086310138736,0.05842445030821777,0.018123587206830404,0.033774031322050986,0.021580146959197497,0.5654342810957469|0.8739214211160417|0.7211950793265934,0.8372005022651741|0.5336774977075454|0.5283023258647337,0.4070204490133473|0.48378790660988724|0.5067987960817137,0.0
48,,contact,18,2.576757109154981e-18,4,1.0,2.576757109154981e-18,2.576757109154981e-18,0.7227845701870977,0.0,0.0,0.0,0,False,,2,2,0,0,2,0,2,2,,0.1568031159695238,0.0027683069929480553,0.13514918508008122,0.013968673069030046,,0.13514918508008122,0.7227845701870977,0.7227845701870977,,,1.0,1.0,0,0.0,0.0,True,0.0014293219882770686,0.03215273016137199,16,0.0014293219882770686,10,0.0008368815521439532,2,-0.031034939376100468,-0.02435508091181049,,0.0,0.0014254264637778825,,0.0224130695517058,0.045355222799172264,0.07077296316798004,0.025417740368807777,0.04559521559663244,0.01935401529146482,0.04045546363171159,0.05904452193260473,0.018589058300893142,0.03376990754370657,0.022091382686110876,0.5554486184634948|0.8673941568548029|0.724344305291804,0.8312361969105694|0.5341562199397176|0.5550610214888212,0.40180420551192103|0.4843498955232854|0.5314696134783612,0.0
49,,lift,17,2.0469717131642043e-16,4,1.0,2.0469717131642043e-16,2.0469717131642043e-16,0.7270708042953016,0.0,0.0,0.0,0,False,,2,2,0,0,2,0,2,2,,0.13464749697595835,0.002791204024106264,0.1132685849443078,0.013741334900259972,,0.1132685849443078,0.7270708042953016,0.7270708042953016,,,1.0,1.0,0,0.0,0.0,True,0.0014322022483797409,0.0327925461377537,15,0.0014322022483797409,10,0.0009268943920077571,2,-0.03189402464726676,-0.023624368535465123,,0.0,0.0013943760196130858,,0.022420108725926202,0.04411848653710435,0.07067464772875569,0.026556161191651335,0.04619489563950948,0.01917111043825882,0.04059159351652607,0.06026143031670896,0.019669836800182895,0.03533657633898848,0.0214237003690499,0.5503887760759167|0.8585562452840461|0.7272149152149524,0.8251170163132148|0.53217417938629|0.5783711449394044,0.3957851234718707|0.4864777493640912|0.5555633862653175,0.0
50,,lift,16,1.2664165549094176e-14,4,1.0,1.2664165549094176e-14,1.2664165549094176e-14,0.725969621810282,0.0,0.0,0.0,0,False,,2,2,0,0,2,0,2,2,,0.13445225404575467,0.0027871569618582726,0.11327352793887258,0.013586097862571478,,0.11327352793887258,0.725969621810282,0.725969621810282,,,1.0,1.0,0,0.0,0.0,True,0.0014259928448668198,0.03329268987431869,14,0.0014259928448668198,10,0.001099437070062298,1,-0.03052225930908037,-0.023078747952769874,,0.0,0.0014196635547309995,,0.022356301335137684,0.04299833347474767,0.0739555962074738,0.03095726273272613,0.050461997023736445,0.01826961011433579,0.039546160245616836,0.061013384632072044,0.021467224386455208,0.0371405619745119,0.020799168970547184,0.5434971591931305|0.8481875940051892|0.7310163306165333,0.8197536800968876|0.5329156470324219|0.5949933465257311,0.39052259037195997|0.4876793419421102|0.5765234413856422,0.0
51,,lift,15,6.101936677605324e-13,4,1.0,6.101936677605324e-13,6.101936677605324e-13,0.7477435647241827,0.0,0.0,0.0,0,False,,2,2,0,0,2,0,2,2,,0.13225774909369648,0.002796497894451022,0.11131743295118213,0.013445126125589013,,0.11131743295118213,0.7477435647241827,0.7477435647241827,,,1.0,1.0,0,0.0,0.0,True,0.003100837469305992,0.034300490664665895,14,0.003100837469305992,10,0.001066536090776185,2,-0.03341100324934487,-0.022594504194767495,,0.0,0.0014240375525731122,,0.02262445341071735,0.0430331024640381,0.07540998239608074,0.032376879932042635,0.05116552780460415,0.017930632892240575,0.0389231022401135,0.06190112612647664,0.022978023886363143,0.03852097239844056,0.021254682759430876,0.5372675461935063|0.8347593437521112|0.7336833607743264,0.81275126363309|0.5316737757377569|0.6127332294339003,0.38506989904340333|0.48717713598184076|0.594444722864298,0.0
52,,lift,14,2.289734845645553e-11,4,1.0,2.289734845645553e-11,2.289734845645553e-11,0.7187566668768364,0.0,0.0,0.0,0,False,,2,2,0,0,2,0,2,2,,0.12621625699102879,0.0027856931556016207,0.10540174902416766,0.013426808174699545,,0.10540174902416766,0.7187566668768364,0.7187566668768364,,,1.0,1.0,0,0.0,0.0,True,0.0014398074721335766,0.03452345202014495,13,0.0014398074721335766,9,0.0010713638952397214,2,-0.031732755540160085,-0.022462360556318117,,0.0,0.0013918020939122726,,0.022228958599981603,0.04354814501566332,0.07742259473850156,0.03387444972283824,0.05309334487231675,0.017366044948726768,0.03888576392798141,0.06299972780756583,0.024113963879584414,0.03938309403504643,0.020978571267664992,0.5326769774332637|0.8206785390562976|0.7337681006837373,0.8085943015805815|0.5271030992978655|0.6256393198602884,0.37940848037016184|0.4890638869766707|0.6106173063953668,0.0
53,,lift,13,6.691586091292782e-10,4,1.0,6.691586091292782e-10,6.691586091292782e-10,0.7075796053786825,0.0,0.0,0.0,0,False,,2,2,0,0,2,0,2,2,,0.12615568796172738,0.0028010488022118807,0.10553216515108943,0.013250754214823246,,0.10553216515108943,0.7075796053786825,0.7075796053786825,,,1.0,1.0,0,0.0,0.0,True,0.0014423247450466546,0.03490809262660641,14,0.0014423247450466546,10,0.001101194413985207,2,-0.03293976767688456,-0.022561747723283787,,0.0,0.0013663894823179236,,0.022090630976557238,0.0439225774101812,0.0781665023361593,0.034243924925978095,0.052109289487424645,0.017030562370569713,0.03883741285180156,0.0631975867630117,0.024360173911210134,0.03950104287784692,0.020983400670846718,0.5286302993940977|0.8070093243875289|0.7353619040120146,0.802542366969293|0.5230103331970094|0.63843547564076,0.3749125683255163|0.48676944930502375|0.6236509904912668,0.0
54,,lift,12,1.522997974471263e-08,4,1.0,1.522997974471263e-08,1.522997974471263e-08,0.6971719398585831,0.0,0.0,0.0,0,False,,2,2,0,0,2,0,2,2,,0.12506358791142702,0.002804358024150133,0.10433674487285316,0.013289059977978468,,0.10433674487285316,0.6971719398585831,0.6971719398585831,,,1.0,1.0,0,0.0,0.0,True,0.001635962845391456,0.03547976579698167,14,0.001635962845391456,10,0.0010102740096662177,2,-0.03264258900542494,-0.02285396414839802,,0.0,0.001360124546305842,,0.021969740593679062,0.04456305780223359,0.07822873157001305,0.03366567376777946,0.05184131076842161,0.016948873611463928,0.03914922911374541,0.0630998389461382,0.02395060983239279,0.038919954139003635,0.02079103040305818,0.5239318753131509|0.7935048783471259|0.7368565928291236,0.7978174874201784|0.5164305456395133|0.6487076394908828,0.3702480196534862|0.4811858721432647|0.6366612772652978,0.0
55,,lift,11,2.699578503363014e-07,4,1.0,2.699578503363014e-07,2.699578503363014e-07,0.6906883156871289,0.0,0.0,0.0,0,False,,2,2,0,0,2,0,2,2,,0.1255647549405694,0.002801385009661317,0.10498850513249636,0.013164540054276586,,0.10498850513249636,0.6906883156871289,0.6906883156871289,,,1.0,1.0,0,0.0,0.0,True,0.0017644220026598462,0.03563023511494137,14,0.0017644220026598462,9,0.0009926156413699594,3,-0.032170639183744854,-0.023220645510729554,,0.0,0.0013450396328386009,,0.021887775657290054,0.045977777571562344,0.07834740495389561,0.03236962738233327,0.05093907898538493,0.016749021023295823,0.039528284363214,0.06286591844410935,0.023337634080895356,0.03794779422913506,0.021036633970395575,0.5201311014423515|0.7798835803518263|0.73795599186055,0.7937897819470081|0.5092001313950405|0.6587234843547481,0.3662270467953757|0.47474040938124706|0.646154437568338,0.0
56,,lift,10,3.726653172078671e-06,4,1.0,3.726653172078671e-06,3.726653172078671e-06,0.6950365995180933,0.0,0.0,0.0,0,False,,2,2,0,0,2,0,2,2,,0.12559219589456916,0.0028807269409298897,0.10496918694116175,0.013273541117087007,,0.10496918694116175,0.6950365995180933,0.6950365995180933,,,1.0,1.0,0,0.0,0.0,True,0.0024843225137817365,0.0356351916652374,13,0.0024843225137817365,9,0.001051875655812981,2,-0.03339395587971339,-0.02345833541217779,,0.0,0.001346734926751953,,0.021995422843259674,0.046856424441654033,0.07870102611160604,0.031844601669952004,0.05088687813904504,0.01739228511121222,0.040072941428593856,0.06258414209418328,0.022511200665589426,0.03689464805797357,0.021257716635022666,0.5184345327365169|0.7656559730849656|0.7393439589363983,0.788508952089721|0.5032690538381186|0.6675840091655719,0.3628158060905335|0.4667668277727889|0.6525963342534409,0.0
57,,lift,9,4.006529739295107e-05,4,1.0,4.006529739295107e-05,4.006529739295107e-05,0.7017320946552464,0.0,0.0,0.0,0,False,,2,2,0,0,2,0,2,2,,0.12510714516974986,0.002770742168650031,0.10450764722190797,0.013266915921121836,,0.10450764722190797,0.7017320946552464,0.7017320946552464,,,1.0,1.0,0,0.0,0.0,True,0.002646063456013075,0.03612381992116773,15,0.002646063456013075,10,0.0010032908253796852,2,-0.03209284773759258,-0.023999361683761933,,0.0,0.0013502801636067125,,0.02211481874793648,0.047106205861016825,0.08162343540793218,0.03451722954691536,0.05602479460465224,0.017495697494509996,0.04059147177297748,0.06230198216004418,0.0217105103870667,0.03617675550642687,0.0215938489610133,0.5156056144842048|0.7535883337656633|0.7402698630847344,0.7845203105892952|0.5020189863786496|0.6697935026313744,0.359727604888538|0.45761143653347885|0.6569667761929189,0.0
58,,lift,8,0.00033546262790251185,4,1.0,0.00033546262790251185,0.00033546262790251185,0.7136718397021369,0.0,0.0,0.0,0,False,,2,2,0,0,2,0,2,2,,0.12447192193940282,0.0027788090519607067,0.1040339320898056,0.01324870903044939,,0.1040339320898056,0.7136718397021369,0.7136718397021369,,,1.0,1.0,0,0.0,0.0,True,0.002027020878131957,0.03690789389144877,16,0.002027020878131957,11,0.000989194813166533,2,-0.030580589458061525,-0.024837652072214667,,0.0,0.0013380562364489902,,0.022286242060182433,0.04747470353695365,0.08226293796448553,0.03478823442753188,0.05850548404712418,0.017627263655206872,0.041238220421284645,0.06178324539509448,0.020545024973809833,0.035075465599318845,0.021870504570880536,0.5145451352052155|0.7411183514345924|0.7386753940169483,0.7818883364474462|0.49310595306126626|0.6709483618601086,0.3575895028136523|0.44783616512508023|0.658244520843688,0.0
59,lift,lift,7,0.002187491118182885,4,1.0,0.002187491118182885,0.002187491118182885,0.7128880029379265,0.023975553937429697,0.0,5.244631129164216e-05,33,False,,2,2,0,0,2,0,2,2,left_hand|right_hand,0.15615225490182638,0.002800905844196677,0.13036460406146944,0.01856041792780161,,0.13036460406146944,0.7129404345218829,0.7129404345218829,,,1.0,1.0,0,0.0,0.0,True,0.0014770125396116017,0.037799408063048434,17,0.0014770125396116017,13,0.0009869175381833073,1,-0.030181857557925795,-0.023282040935624693,,0.0,0.001331578869008113,,0.02227930970896649,0.04783961738034645,0.0827445866195297,0.03490496923918325,0.059065453065238506,0.017396825920855848,0.041370924921126,0.0629851906457974,0.0216142657246714,0.03614392122728311,0.021976613539640488,0.5127458103513892|0.7275593764630628|0.735901627759604,0.7784427009289016|0.4820722147693012|0.671395032603071,0.35395065650651936|0.43684384831774464|0.6563825878387638,0.023975553937429697
60,lift,lift,6,0.011108996538242306,4,1.0,0.011108996538242306,0.011108996538242306,0.7065131233727714,0.024340366189004807,0.0,0.00027039704373320447,33,False,,2,2,0,0,2,0,2,2,left_hand|right_hand,0.1317245198879391,0.0028366988990455866,0.10588839487172663,0.01854177610948682,,0.10588839487172663,0.7067834582855537,0.7067834582855537,,,1.0,1.0,0,0.0,0.0,True,0.0015506932302473547,0.03880339393154128,17,0.0015506932302473547,12,0.0010031255061016403,2,-0.03005716720665852,-0.02674439176112564,,0.0,0.0013340851854825868,,0.02224089205617987,0.04849226055337269,0.08304152323453237,0.03454926268115968,0.059033968079264254,0.017323683788630615,0.041350422090621605,0.06000479552475625,0.018654373434134647,0.037189566421475945,0.022273757703456194,0.5113013132159352|0.7129789021153325|0.7334945204224477,0.7741696065630423|0.46990407018580194|0.6698305428748692,0.3531621929607796|0.42150978614566714|0.6576915914458744,0.024340366189004807
61,lift,lift,5,0.04393693362340742,4,1.0,0.04393693362340742,0.04393693362340742,0.6940428074340333,0.02428139617832964,0.0,0.001066850092170928,34,False,,2,2,0,0,2,0,2,2,left_hand|right_hand,0.13250105013139546,0.0028126249089837074,0.10688343085348606,0.01832211995497346,,0.10688343085348606,0.6951096306898659,0.6951096306898659,,,1.0,1.0,0,0.0,0.0,True,0.0016878908953922647,0.03967479643333849,13,0.0016878908953922647,8,0.0010182023498204879,2,-0.03014867159900092,-0.024653166525817838,,0.0,0.0013324070496098749,,0.022057969612258862,0.04899456267311318,0.08276474208608105,0.033770179412967866,0.05853906083539581,0.017309217331742153,0.04132883089483988,0.061559406879763266,0.020230575984923387,0.03780816832611381,0.022183260512609996,0.5093865178060943|0.6980399000274811|0.7302544627630237,0.7701876308499322|0.4572704144043125|0.6686994966965593,0.3487295537668991|0.40779766862378286|0.6543842284134197,0.02428139617832964
62,lift,lift,4,0.1353352832366127,4,1.0,0.1353352832366127,0.1353352832366127,0.6845312239808443,0.023304726849055078,0.0,0.003153951808868762,34,False,,2,2,0,0,2,0,2,2,left_hand|right_hand,0.13178611011244357,0.0028360411524772644,0.10633109393529594,0.018183167790994048,,0.10633109393529594,0.6876848393252738,0.6876848393252738,,,1.0,1.0,0,0.0,0.0,True,0.0014796564407036777,0.040664130610895244,13,0.0014796564407036777,8,0.0010492824653431099,2,-0.02983023657188788,-0.025240756084741633,,0.0,0.0013212714185935127,,0.021929173509578313,0.049394518204468864,0.08396521841772604,0.03457070021325718,0.05761554796606788,0.0170988827608559,0.04091367850967092,0.060330366268581063,0.019416687758910145,0.036625046107557964,0.022067669017975425,0.5108526029546735|0.6825838310856311|0.726952016774271,0.7668778253258924|0.4424403586804653|0.6666778997324064,0.346673860449064|0.3922914540889608|0.6534098003538733,0.023304726849055078
63,lift,lift,3,0.32465246735834974,4,1.0,0.32465246735834974,0.32465246735834974,0.6731799241025679,0.021959345221386904,0.0,0.007129155607697045,34,False,,2,2,0,0,2,0,2,2,left_hand|right_hand,0.1327029070816934,0.0028621850069612265,0.10694560804404318,0.018450100906193256,,0.10694560804404318,0.6803056606031794,0.6803056606031794,,,1.0,1.0,0,0.0,0.0,True,0.0016144902293501878,0.04156792352964142,10,0.0015096360896696796,5,0.0016144902293501878,2,-0.029714514909423784,-0.02528514073130772,,0.0,0.001302469268252585,,0.02177860779313748,0.049733938832591626,0.08595390572371982,0.03621996689112819,0.0556876705465077,0.01705612868452599,0.04040591621269891,0.059494825038761176,0.01908890882606227,0.035927042647301205,0.021919037793674198,0.5119432979828877|0.6661818796596355|0.7239346412169726,0.7638064896592843|0.4251521536397677|0.6647960094903348,0.34442504274977537|0.37651057472837146|0.6536487555879594,0.021959345221386904
64,lift,lift,2,0.6065306597126334,4,1.0,0.6065306597126334,0.6065306597126334,0.670178278294174,0.020867085242167696,0.0,0.01265652697821173,34,False,,2,2,0,0,2,0,2,2,left_hand|right_hand,0.132447793148458,0.0028509919065982103,0.10617644595913589,0.01883734087459743,,0.10617644595913589,0.6828236086236786,0.6828236086236786,,,1.0,1.0,0,0.0,0.0,True,0.002336893389389791,0.0416594459799752,10,0.0013298633194051036,5,0.002336893389389791,2,-0.02967527976442952,-0.02517076065022472,,0.0,0.0013102225095799492,,0.021770980620582584,0.05013678328391289,0.08474977635797756,0.03461299307406467,0.05387794041515598,0.01711582486148216,0.03949828466078453,0.05876088606322723,0.019262601402442694,0.035645260344882336,0.02179370698794044,0.5131018131935784|0.6479654396926102|0.7222144755414018,0.761004172865947|0.40700768400519016|0.6637255752161373,0.3424695915704283|0.36027494534575355|0.6547977310224402,0.020867085242167696
65,lift,lift,1,0.8824969025845955,4,1.0,0.8824969025845955,0.8824969025845955,0.6694346080058949,0.02044022661530934,0.0,0.018038436676137703,33,False,,2,2,0,0,2,0,2,2,left_hand|right_hand,0.1324497868772596,0.0028488689567893744,0.10658393707126379,0.018476204946637154,,0.10658393707126379,0.6874519851213785,0.6874519851213785,,,1.0,1.0,0,0.0,0.0,True,0.002570790491519731,0.04203340062772659,10,0.0017165847292178876,5,0.002570790491519731,2,-0.029768435522052883,-0.02539826956440372,,0.0,0.0012905974097959867,,0.02174372251870706,0.05044326989977869,0.08466634381943411,0.03422307391965542,0.05300576568312201,0.017185565871847868,0.03849170584953987,0.05796290750488703,0.01947120165534716,0.03575519720834768,0.02140231162220568,0.514564187886515|0.6284529793847652|0.7212681523648736,0.7589666255868018|0.38816251624788867|0.6635388305658638,0.3413895200025662|0.3439869989817457|0.6562122456210114,0.02044022661530934
66,lift,lift,0,1.0,4,1.0,1.0,1.0,0.6839094300640798,0.02119679770946613,0.0,0.02119679770946613,33,False,,2,2,0,0,2,0,2,2,left_hand|right_hand,0.135719811078161,0.0028781879227608442,0.11001044511795044,0.01835084706544876,,0.11001044511795044,0.7050903565889455,0.7050903565889455,,,1.0,1.0,0,0.0,0.0,True,0.0024652897764333853,0.04184465445839325,10,0.0017117048406616701,5,0.0024652897764333853,2,-0.029934180428579538,-0.02566647074756112,,0.0,0.0014157670167857987,,0.021915771098390817,0.051031612626181985,0.08534962885230307,0.03431801622612109,0.05256024241873498,0.017316185721171544,0.0376196995923931,0.059283695630505714,0.021663996038112615,0.038428901347514983,0.02165668034986682,0.5156430599463105|0.6089638449821113|0.7229256529500743,0.7575357345018289|0.3685809418125389|0.6651079900795542,0.3394951530683358|0.33093389237484067|0.6587975565381469,0.02119679770946613
67,lift,lift,1,0.8824969025845955,4,1.0,0.8824969025845955,0.8824969025845955,0.6955839391362685,0.01996038564973721,0.0,0.017614978510287094,33,False,,2,2,0,0,2,0,2,2,left_hand|right_hand,0.13594643701799214,0.0028217670042067766,0.11011799098923802,0.018511483911424875,,0.11011799098923802,0.7131021848642909,0.7131021848642909,,,1.0,1.0,0,0.0,0.0,True,0.002107481264628383,0.04183583551925815,9,0.0016812332618813298,4,0.002107481264628383,2,-0.029852599812942415,-0.026867787249075903,,0.0,0.0014321749824001892,,0.022125464762840552,0.052160158948375626,0.08412195026618732,0.0319617913178117,0.051915051589597534,0.017350128551957715,0.037032972472281,0.05810910245779332,0.021076129985512317,0.0360125609808143,0.02205232230511744,0.5184439468194786|0.588583491748475|0.7226411455152104,0.7566215186741014|0.34765116726481454|0.6673953139165186,0.33801464108104207|0.31099620077273854|0.6646440627888439,0.01996038564973721
68,lift,lift,2,0.6065306597126334,4,1.0,0.6065306597126334,0.6065306597126334,0.7073699198298458,0.019314756161636217,0.0,0.011714991796905867,33,False,,2,2,0,0,2,0,2,2,left_hand|right_hand,0.13570189313031733,0.002837382024154067,0.10981339495629072,0.018548666965216398,,0.10981339495629072,0.7190083757710106,0.7190083757710106,,,1.0,1.0,0,0.0,0.0,True,0.00504253122600265,0.0425898408836555,9,0.00504253122600265,4,0.0010439566686809287,2,-0.030021462945780897,-0.02923101516365989,,0.0,0.0014419446700750735,,0.02226566362610576,0.053379002177505394,0.08352133613015897,0.030142333952653574,0.05052456827821372,0.017389529253726017,0.03671912429589608,0.05796015006938463,0.021241025773488555,0.03619695059846013,0.022185130087441843,0.5210471359239589|0.5681030016936646|0.7237494504656727,0.755530050403496|0.32486846766847777|0.6703978187751675,0.33678970922149887|0.29456382282231697|0.6723119737577036,0.019314756161636217
69,lift,lift,3,0.32465246735834974,4,1.0,0.32465246735834974,0.32465246735834974,0.7506507228606886,0.019674064181294346,0.0,0.00638723347942374,33,False,,2,2,0,0,2,0,2,2,left_hand|right_hand,0.13448773184791207,0.0028734509833157063,0.10859003709629178,0.018533231923356652,,0.10859003709629178,0.7569951140792236,0.7569951140792236,,,1.0,1.0,0,0.0,0.0,True,0.005195501384010953,0.043270755035195896,10,0.005195501384010953,4,0.0010156671644184212,2,-0.030032297326721746,-0.029304845636300314,,0.0,0.0014643500740661468,,0.022591570207512908,0.05388450247948265,0.08283267695355027,0.028948174474067626,0.05017825980317053,0.017298082373717594,0.03700867742774968,0.059529273485162425,0.022520596057412745,0.0376424637794126,0.02241366380894414,0.5240806440252559|0.5480314912500291|0.724545192662915,0.7549135942052546|0.3022124145876393|0.6744095402777593,0.33482394411149025|0.2785930006847774|0.6783325569716269,0.019674064181294346
70,lift,lift,4,0.1353352832366127,4,1.0,0.1353352832366127,0.1353352832366127,0.845956420859338,0.01890743015598995,0.0,0.002558842415437372,33,False,,2,2,0,0,2,0,2,2,left_hand|right_hand,0.13092428003437817,0.0028502880595624447,0.10525057092308998,0.018420652952045202,,0.10525057092308998,0.8485002266022348,0.8485002266022348,,,1.0,1.0,0,0.0,0.0,True,0.004552018330803487,0.04436374531646656,9,0.004552018330803487,3,0.001044919838159103,2,-0.03022752939205553,-0.0291833640021526,,0.0,0.001417689080796146,,0.023175494188552175,0.054745524450562334,0.08284254960821542,0.02809702515765309,0.048760970977968936,0.017216936526974053,0.03771509751251009,0.061636555271463125,0.023921457758953033,0.037468036250698555,0.023085368602101464,0.5265934977943078|0.5287815974519626|0.725124242156252,0.7542504558466351|0.2786477634162675|0.6792795901803464,0.3344852721797134|0.26543774985254304|0.6811691005293561,0.01890743015598995
71,lift,lift,5,0.04393693362340742,4,1.0,0.04393693362340742,0.04393693362340742,0.7283750024102638,0.018360204380144157,0.0,0.000806691081162588,33,False,,2,2,0,0,2,0,2,2,left_hand|right_hand,0.14889394911006093,0.0028319619596004486,0.12288202298805118,0.018675063038244843,,0.12288202298805118,0.7291791274019376,0.7291791274019376,,,1.0,1.0,0,0.0,0.0,True,0.005232433888520252,0.04038988858407164,10,0.005232433888520252,5,0.0009377885171850675,2,-0.03244151427577613,-0.030530752189939392,,0.0,0.0013519692462028274,,0.022305072744786717,0.055322868465104334,0.07949708269664615,0.02417421423154182,0.0491478504158048,0.017804018828278662,0.03816458677540281,0.058527254089486135,0.020362667314083323,0.03544756233557546,0.021593167110801594,0.5267156763778763|0.49903080673785616|0.7320132136538985,0.7543233361841897|0.25900117444719245|0.690753358051983,0.33462734491992213|0.24395993458310822|0.6878933454883026,0.018360204380144157
72,lift,lift,6,0.011108996538242306,4,1.0,0.011108996538242306,0.011108996538242306,0.6885353530820704,0.018858697702576713,0.0,0.00020950120749368284,33,False,,2,2,0,0,2,0,2,2,left_hand|right_hand,0.12276748078875244,0.0029120431281626225,0.0970117999240756,0.018295259913429618,,0.0970117999240756,0.6887443979955615,0.6887443979955615,,,1.0,1.0,0,0.0,0.0,True,0.0020233755471632114,0.03533356457282957,10,0.0020233755471632114,7,0.0009444395835200847,1,-0.03073166761394397,-0.028194521751117918,,0.0,0.001228282983343026,,0.022025997449841225,0.055568303809093826,0.08015894831344758,0.024590644504353755,0.04987870860193926,0.017641859212743458,0.03799352123234755,0.059239503195807695,0.021245981963460142,0.03583090800856395,0.021153896368161763,0.5307042696851011|0.47858276020080875|0.7342880257270595,0.7536349424830506|0.23822932456094445|0.6919969804162139,0.33281165105841665|0.22538713814730146|0.6906431518693097,0.018858697702576713
73,lift,lift,7,0.002187491118182885,4,1.0,0.002187491118182885,0.002187491118182885,0.6571355560107455,0.018447961043604855,0.0,4.0354750931469486e-05,33,False,,2,2,0,0,2,0,2,2,left_hand|right_hand,0.12177786719985306,0.0028006001375615597,0.09647926618345082,0.01811660802923143,,0.09647926618345082,0.6571757646315326,0.6571757646315326,,,1.0,1.0,0,0.0,0.0,True,0.001953741641814291,0.03468187354157237,12,0.001953741641814291,8,0.0010082576412110827,1,-0.030584464833561142,-0.028313871869395157,,0.0,0.0011118553217538323,,0.021782675399616553,0.05525468948402768,0.08031915851324994,0.025064469029222262,0.04913325077200443,0.01785179680276589,0.037862509163204494,0.05895120672231072,0.021088697559106223,0.0357143651392027,0.020805181655850616,0.5342784912981094|0.45999186329009467|0.7369165621098108,0.7524718104713941|0.21657690019191936|0.6944179587417093,0.3319619362948544|0.20808689522387563|0.6949016940479077,0.018447961043604855
74,,lift,8,0.00033546262790251185,4,1.0,0.00033546262790251185,0.00033546262790251185,0.6582860537371076,0.0,0.0,0.0,0,False,,2,2,0,0,2,0,2,2,,0.11537150479853153,0.002781545976176858,0.09478660603053868,0.013203575974330306,,0.09478660603053868,0.6582860537371076,0.6582860537371076,,,1.0,1.0,0,0.0,0.0,True,0.0047361718058048785,0.035391065701605384,12,0.0047361718058048785,8,0.001064914616004442,1,-0.03120239697929783,-0.03007396793000794,,0.0,0.0011193570644287283,,0.02182461559181008,0.0552517462021013,0.08072995861286802,0.025478212410766726,0.04674009198401602,0.01855456208289546,0.03773448116883345,0.057822393776980445,0.020087912608146997,0.03505421348949518,0.020096984499357016,0.5365025054864576|0.4401482006108845|0.7372384597952419,0.7503743212050011|0.19418411685951564|0.696846842136325,0.3321172756183764|0.1911270197250605|0.698272931506269,0.0
75,,lift,9,4.006529739295107e-05,4,1.0,4.006529739295107e-05,4.006529739295107e-05,0.6664315550258619,0.0,0.0,0.0,0,False,,2,2,0,0,2,0,2,2,,0.11722495988942683,0.0028547889087349176,0.09619070682674646,0.013516219798475504,,0.09619070682674646,0.6664315550258619,0.6664315550258619,,,1.0,1.0,0,0.0,0.0,True,0.004764721538516162,0.035536122441279266,12,0.004764721538516162,8,0.0011410078789476225,1,-0.03122672413778993,-0.029644224464018265,,0.0,0.0011112401663877283,,0.021942094367877408,0.05504233004156982,0.08141093906987404,0.02636860902830422,0.045734506706967534,0.01865548618690956,0.03780574298591345,0.05869595358391767,0.020890210598004222,0.037951758611380705,0.02008125005157623,0.5387696567031951|0.42212518389903436|0.7380515776707637,0.7488407748217215|0.17251085242171432|0.6986856088638317,0.3302501332453482|0.1752632811855771|0.701011931788738,0.0
76,,lift,10,3.726653172078671e-06,4,1.0,3.726653172078671e-06,3.726653172078671e-06,0.6623162976161424,0.0,0.0,0.0,0,False,,2,2,0,0,2,0,2,2,,0.12359535205177963,0.0028207001741975546,0.10156240593641996,0.014302162919193506,,0.10156240593641996,0.6623162976161424,0.6623162976161424,,,1.0,1.0,0,0.0,0.0,True,0.004275892906745918,0.03597207613233622,14,0.004275892906745918,8,0.0009978617854654037,1,-0.031277530483919236,-0.02929754886510061,,0.0,0.0011081347307312585,,0.02183409026534397,0.05502234518738768,0.08150954921782572,0.026487204030438034,0.04538841370860102,0.01844178611236602,0.037929833137146575,0.05793350054502238,0.020003667407875805,0.03728849186741266,0.019637925382290186,0.5394136013709273|0.4033290629284266|0.7367235370959637,0.747125154531873|0.1521577262235943|0.6990392056212635,0.32884222159201|0.1567800102296622|0.7026380280005173,0.0
77,,lift,11,2.699578503363014e-07,4,1.0,2.699578503363014e-07,2.699578503363014e-07,0.6502814482128777,0.0,0.0,0.0,0,False,,2,2,0,0,2,0,2,2,,0.13015959202311933,0.0028037370648235083,0.10850280500017107,0.014133848948404193,,0.10850280500017107,0.6502814482128777,0.6502814482128777,,,1.0,1.0,0,0.0,0.0,True,0.0014497581051599387,0.036746454803895545,13,0.0014497581051599387,8,0.0009642696827005665,1,-0.030888033927521263,-0.025936580733326053,,0.0,0.001392213532513351,,0.02158210831677142,0.054896188116882357,0.08199489991956117,0.027098711802678817,0.04580267652493257,0.018507711753599106,0.037866171346140474,0.06280039387540653,0.02493422252926606,0.0410305424189419,0.01881158543300547,0.5361010531219733|0.38397038037984565|0.7354085505245962,0.7466103475620713|0.13160759590096224|0.6996200909875646,0.3265043941723108|0.14534561241898422|0.6988549862612029,0.0
78,,lift,12,1.522997974471263e-08,4,1.0,1.522997974471263e-08,1.522997974471263e-08,0.6473382484416905,0.0,0.0,0.0,0,False,,2,2,0,0,2,0,2,2,,0.13275202712975442,0.002825002884492278,0.11051474697887897,0.014425216941162944,,0.11051474697887897,0.6473382484416905,0.6473382484416905,,,1.0,1.0,0,0.0,0.0,True,0.004612760941622912,0.03752993432292415,15,0.004612760941622912,10,0.0009570753972535234,1,-0.030187952061179857,-0.02900753665296918,,0.0,0.0014456638047913172,,0.02150232890087913,0.05424781529848365,0.08155395691650982,0.02730614161802617,0.050200426526237595,0.018265109500440017,0.038394989384729065,0.05790469455136283,0.019509705166633765,0.03767356442592569,0.019075796309069467,0.5394501872939864|0.36648532439243814|0.7335388415669887,0.7456237370760429|0.11250127470325014|0.6963778334483472,0.32638165604159214|0.12259129644537445|0.7029657961107144,0.0
79,,lift,13,6.691586091292782e-10,4,1.0,6.691586091292782e-10,6.691586091292782e-10,0.6571384958742293,0.0,0.0,0.0,0,False,,2,2,0,0,2,0,2,2,,0.13122487487271428,0.0028226240538060665,0.11039049597457051,0.013499308843165636,,0.11039049597457051,0.6571384958742293,0.6571384958742293,,,1.0,1.0,0,0.0,0.0,True,0.0016753913220431925,0.03792798722086091,13,0.0016753913220431925,10,0.0009376772042736237,1,-0.030376543060187444,-0.026246049985790165,,0.0,0.001421697812916649,,0.02165933877214099,0.053541845803466416,0.07993046489336633,0.026388619089899916,0.05170818192248577,0.018463921310965397,0.03885015828802071,0.06100344919618813,0.022153290908167422,0.04028465590591616,0.019372339710212936,0.5389097629126267|0.3505578628184255|0.7341781095600816,0.7447876042072217|0.0933600605379531|0.6948960740263378,0.32387778823576996|0.10851628914027102|0.6993879387702919,0.0
80,,lift,14,2.289734845645553e-11,4,1.0,2.289734845645553e-11,2.289734845645553e-11,0.6916587597016559,0.0,0.0,0.0,0,False,,2,2,0,0,2,0,2,2,,0.1272219771053642,0.002829338889569044,0.1070550128351897,0.012894951039925218,,0.1070550128351897,0.6916587597016559,0.6916587597016559,,,1.0,1.0,0,0.0,0.0,True,0.001460108772628102,0.0385151544900966,14,0.001460108772628102,10,0.000936259999698999,1,-0.030373067794403852,-0.0264267833072509,,0.0,0.0014433145721380047,,0.02198380109956109,0.05281163420317074,0.0783935456671534,0.025581911463982657,0.054214281656738084,0.01874662213749606,0.03909757151750115,0.06076184787863757,0.021664276361136423,0.040095699389060054,0.01977338706541804,0.5391172947065012|0.33406323217484707|0.7328232841557832,0.7432996670284668|0.07459140655562589|0.6907280063267563,0.32342965782399313|0.0919876676434572|0.6953529423244371,0.0
81,,lift,15,6.101936677605324e-13,4,1.0,6.101936677605324e-13,6.101936677605324e-13,0.7062172002386908,0.0,0.0,0.0,0,False,,2,2,0,0,2,0,2,2,,0.12680129683576524,0.0027786039281636477,0.10664566699415445,0.012924154987558722,,0.10664566699415445,0.7062172002386908,0.7062172002386908,,,1.0,1.0,0,0.0,0.0,True,0.0014556591730383941,0.03879609661563832,18,0.0014556591730383941,14,0.0009476035299263441,1,-0.030151639104087025,-0.02657643900335671,,0.0,0.001456338954985558,,0.022088053787117635,0.05296259291520634,0.07833701346904756,0.025374420553841225,0.05663312550714436,0.019033667508542313,0.03961493467729736,0.060957695782173825,0.021342761104876463,0.039457648162035584,0.019788883746280208,0.5385035020745054|0.31767757327243573|0.7314561555783373,0.7424120471918322|0.05378362887652715|0.6879968360410369,0.3224332424135134|0.0760918084929797|0.6902055081354127,0.0
82,,lift,16,1.2664165549094176e-14,4,1.0,1.2664165549094176e-14,1.2664165549094176e-14,0.6965359775106159,0.0,0.0,0.0,0,False,,2,2,0,0,2,0,2,2,,0.12685025203973055,0.0028368982020765543,0.10654227691702545,0.012979707913473248,,0.10654227691702545,0.6965359775106159,0.6965359775106159,,,1.0,1.0,0,0.0,0.0,True,0.0014604809326885827,0.039248665871724486,14,0.0014604809326885827,10,0.0009510872762675815,1,-0.030329996157101746,-0.026741069836548448,,0.0,0.0014241217828940952,,0.02199774475708754,0.05349538631266275,0.07886038025123443,0.02536499393857168,0.05653055756252862,0.019063229645190596,0.03953561794581501,0.06066913844389593,0.02113352049808092,0.039317987852950584,0.019761785388624938,0.5370271182569234|0.29966842322940446|0.7293403917096664,0.7407282594913198|0.03235029056636847|0.6846401638646078,0.3209982113555096|0.05899668615769542|0.6848462828631554,0.0
83,,lift,17,2.0469717131642043e-16,4,1.0,2.0469717131642043e-16,2.0469717131642043e-16,0.6768099031306724,0.0,0.0,0.0,0,False,,2,2,0,0,2,0,2,2,,0.12491753092035651,0.0028429729864001274,0.10496149188838899,0.012720413971692324,,0.10496149188838899,0.6768099031306724,0.6768099031306724,,,1.0,1.0,0,0.0,0.0,True,0.0015652794812284453,0.04008506658639446,14,0.0015652794812284453,10,0.0008880385705522104,1,-0.030141773667844873,-0.026622458944235206,,0.0,0.0014150255860212856,,0.021779319149568686,0.05423468429844837,0.08010473251086031,0.025870048212411942,0.05614517233087094,0.018812068016123052,0.03948351861285519,0.060627191468740946,0.021143672855885753,0.039174381044048974,0.019912164099851023,0.5341661194866036|0.2799351229758603|0.7265808454420252,0.738937852876272|0.010496259358931965|0.6813729415140704,0.31861454857054683|0.040793621768056704|0.679682664035472,0.0
84,,lift,18,2.576757109154981e-18,4,1.0,2.576757109154981e-18,2.576757109154981e-18,0.6660283923036879,0.0,0.0,0.0,0,False,,2,2,0,0,2,0,2,2,,0.1235345380846411,0.0027777808718383312,0.1033085728995502,0.01297079399228096,,0.1033085728995502,0.6660283923036879,0.6660283923036879,,,1.0,1.0,0,0.0,0.0,True,0.0017159015629462857,0.04066519282553144,12,0.0017159015629462857,8,0.0009643377236170647,1,-0.030155756190730187,-0.02640785452769734,,0.0,0.0014078844008081903,,0.021646591728080488,0.05392009683769248,0.08038808891612456,0.026467992078432083,0.056414719172226915,0.01880809611315239,0.03952623391725996,0.06089137434180506,0.021365140424545098,0.03970599291646956,0.02016390282921083,0.5312883769142439|0.25904130250438534|0.725935259942034,0.7367836569267134|-0.009541554233913473|0.6789275194615497,0.31571995822073556|0.022075544220323224|0.6755772898752368,0.0
85,,lift,19,2.5261637809256925e-20,4,1.0,2.5261637809256925e-20,2.5261637809256925e-20,0.6835359613424612,0.0,0.0,0.0,0,False,,2,2,0,0,2,0,2,2,,0.14449112303555012,0.0027975209522992373,0.12497691297903657,0.012413410004228354,,0.12497691297903657,0.6835359613424612,0.6835359613424612,,,1.0,1.0,0,0.0,0.0,True,0.0017118168043967,0.04086288011248598,8,0.0017118168043967,4,0.0009340986602828921,1,-0.030304737177447194,-0.026316020197109324,,0.0,0.0014047129265914828,,0.021863833798561823,0.052944634894628216,0.08045850601372113,0.02751387111909292,0.056537747403471526,0.018968735622260625,0.03941355537398549,0.061450317480853514,0.022036762106868023,0.04050261283057604,0.020597081292544468,0.5289229472904166|0.23721175993159302|0.7267116182604986,0.7345297398894689|-0.02933611093399487|0.6776531678791955,0.312696330392611|0.002857238079789475|0.6730056688802615,0.0
86,,lift,20,1.9287498479639178e-22,4,1.0,1.9287498479639178e-22,1.9287498479639178e-22,0.7047300088193276,0.0,0.0,0.0,0,False,,2,2,0,0,2,0,2,2,,0.12516777380369604,0.0027977931313216686,0.10544095886871219,0.01264187996275723,,0.10544095886871219,0.7047300088193276,0.7047300088193276,,,1.0,1.0,0,0.0,0.0,True,0.0017022707288815615,0.041213706857651966,8,0.0017022707288815615,4,0.0009199254202952867,1,-0.031153443279482218,-0.02870723172598666,,0.0,0.0013911542017391435,,0.022142838926320397,0.052335570968175225,0.0792581056224476,0.026922534654272377,0.056980507013772386,0.019424573735180903,0.03957457891397682,0.059773010777504916,0.0201984318635281,0.038213053125415425,0.02095632481030241,0.5262218427158827|0.21585098798897354|0.7287941933499075,0.7320614023893884|-0.04795662775404932|0.677966628198565,0.31061576333801133|-0.019865057485908905|0.6736466893588358,0.0
87,,lift,21,1.146876582225596e-24,4,1.0,1.146876582225596e-24,1.146876582225596e-24,0.738632291080289,0.0,0.0,0.0,0,False,,2,2,0,0,2,0,2,2,,0.12070967094041407,0.00277474382892251,0.10140615305863321,0.01228459202684462,,0.10140615305863321,0.738632291080289,0.738632291080289,,,1.0,1.0,0,0.0,0.0,True,0.0016667213265841932,0.0416424152640229,8,0.0016667213265841932,4,0.0009021039525022312,1,-0.032038588112373034,-0.026502434060061475,,0.0,0.001466062114326173,,0.022531957235421406,0.05202448067509307,0.0783788566511358,0.026354375976042725,0.05663001858783983,0.01967337096583669,0.0394933665107388,0.062329063285966824,0.022835696775228023,0.03999102343071367,0.020960708981330914,0.5222282770582998|0.1931078197850273|0.7313694878183401,0.7306064113992787|-0.06752691205879627|0.6815026194029671,0.3068054281828719|-0.04042666348992348|0.6712409306985125,0.0
88,,lift,22,5.311092249679095e-27,4,1.0,5.311092249679095e-27,5.311092249679095e-27,0.7637086554443457,0.0,0.0,0.0,0,False,,2,2,0,0,2,0,2,2,,0.11897652107290924,0.002749828854575753,0.0996690399479121,0.012309869984164834,,0.0996690399479121,0.7637086554443457,0.7637086554443457,,,1.0,1.0,0,0.0,0.0,True,0.0024056257087022442,0.04229038522411169,7,0.0024056257087022442,3,0.0008931518133319383,1,-0.03225214711851265,-0.026863173508008487,,0.0,0.001430755913013484,,0.022778682497943722,0.05167485160244185,0.0785831850416915,0.02690833343924965,0.05336418076203925,0.019883740083878342,0.039589975463028844,0.061924115936855595,0.02233414047382675,0.038713291629710024,0.020807046147416648,0.5168264324864752|0.1719229149465212|0.730420102736069,0.7292873243029591|-0.08732673354348632|0.6829364531884274,0.30520867628171916|-0.06419343584914426|0.6710520595476626,0.0
89,,lift,23,1.915478951967148e-29,4,1.0,1.915478951967148e-29,1.915478951967148e-29,0.7372684516093535,0.0,0.0,0.0,0,False,,2,2,0,0,2,0,2,2,,0.1159162970725447,0.0028031179681420326,0.09654932701960206,0.01228795200586319,,0.09654932701960206,0.7372684516093535,0.7372684516093535,,,1.0,1.0,0,0.0,0.0,True,0.0025325669333939593,0.039908744518286354,8,0.0025325669333939593,4,0.0009328335001319854,1,-0.03139899053779871,-0.030936616908405767,,0.0,0.001354073737239267,,0.022336668373547284,0.051297621187728105,0.08112240060721713,0.02982477941948903,0.05130670205190181,0.019275923111304008,0.0399114196952542,0.05915829744214012,0.019246877746885924,0.0369194622656654,0.021319253357452925,0.519770388638801|0.14624992034115605|0.733730479338343,0.7287687986511222|-0.10906964727263208|0.6832661077161657,0.3066274490847953|-0.08727564280284944|0.6768145835933983,0.0
90,,lift,24,5.380186160021138e-32,4,1.0,5.380186160021138e-32,5.380186160021138e-32,0.7242909506764428,0.0,0.0,0.0,0,False,,2,2,0,0,2,0,2,2,,0.11364410002715886,0.002820993075147271,0.09415863896720111,0.012390746967867017,,0.09415863896720111,0.7242909506764428,0.7242909506764428,,,1.0,1.0,0,0.0,0.0,True,0.0034796174399161772,0.03621469621907081,7,0.0034796174399161772,3,0.0008820126232512437,1,-0.03306821797249171,-0.026768811090533973,,0.0,0.0011351381970450137,,0.022330183649081826,0.05108688241584495,0.08067070499742067,0.02958382258157572,0.0484138236801759,0.018821983379682588,0.03907005146331291,0.06173229852556505,0.022662247062252137,0.0395856654539931,0.020984051329986812,0.5156380323076805|0.12297543516467385|0.7361612759368134,0.7284885876534812|-0.135125148750179|0.6908772121791215,0.3044533552397726|-0.1097546038971166|0.6752929358319452,0.0
91,,lift,25,1.1769109439216723e-34,4,1.0,1.1769109439216723e-34,1.1769109439216723e-34,0.6911429976627692,0.0,0.0,0.0,0,False,,2,2,0,0,2,0,2,2,,0.11323368200100958,0.0027872230857610703,0.09345872397534549,0.012623720103874803,,0.09345872397534549,0.6911429976627692,0.6911429976627692,,,1.0,1.0,0,0.0,0.0,True,0.00205359688644588,0.032295377874325876,10,0.00205359688644588,5,0.0009417341472327256,1,-0.03172096471880259,-0.02955444779850147,,0.0,0.0011908656149783596,,0.02193096584725512,0.05120678272609865,0.08261752567776283,0.031410742951664176,0.04931036381257037,0.017735402829112887,0.039043695649939224,0.05828670609060239,0.019243010440663164,0.03603285291737524,0.02047761441434415,0.5101744081260489|0.10228728898573787|0.7351526163707615,0.7278275054089042|-0.14802342678183777|0.6862083533246445,0.30703511260864125|-0.13651864778613107|0.6783535742812,0.0
92,,carry_mid,25,1.1769109439216723e-34,4,1.0,1.1769109439216723e-34,1.1769109439216723e-34,0.6823524493553617,0.0,0.0,0.0,0,False,,2,2,0,0,2,0,2,2,,0.11294895014725626,0.002805102849379182,0.09344237111508846,0.012316474923864007,,0.09344237111508846,0.6823524493553617,0.6823524493553617,,,1.0,1.0,0,0.0,0.0,True,0.0015720246501123164,0.03335811745264905,13,0.0015720246501123164,8,0.0009696113739969953,1,-0.030727879442661532,-0.02575928833930874,,0.0,0.0011601964344122812,,0.021853893195310496,0.05176764694933557,0.08171045796114522,0.02994281101180965,0.0531640469333623,0.017077918299369485,0.03899495115191409,0.06093158368892368,0.021936632537009587,0.03751576016942953,0.02047945546699361,0.5056970360509355|0.08183531311319041|0.7340222254108191,0.7293660922726444|-0.16230924393222554|0.6861177840966345,0.3058788688768914|-0.16062956205741113|0.6787304120423728,0.0
93,,carry_mid,24,5.380186160021138e-32,4,1.0,5.380186160021138e-32,5.380186160021138e-32,0.6760138732143635,0.0,0.0,0.0,0,False,,2,2,0,0,2,0,2,2,,0.11469788593240082,0.0027624620124697685,0.09509651595726609,0.01249543484300375,,0.09509651595726609,0.6760138732143635,0.6760138732143635,,,1.0,1.0,0,0.0,0.0,True,0.0014492110546374497,0.03422833360805347,12,0.0014492110546374497,8,0.0009651616233741778,1,-0.03071714605006015,-0.025318295727348783,,0.0,0.0011543079844121501,,0.021748812483223218,0.05251810766007785,0.08071868295181682,0.028200575291738972,0.053308782457314845,0.01685075684004171,0.03902641846104848,0.06129544313144241,0.022269024670393933,0.0371603717561142,0.020363630195200818,0.5019792185075479|0.06208248760289585|0.7350396370683387,0.7304393072911018|-0.17717287000784826|0.6883674071786351,0.30739588093991527|-0.18490727486063685|0.6813169461272107,0.0
94,,carry_mid,23,1.915478951967148e-29,4,1.0,1.915478951967148e-29,1.915478951967148e-29,0.6723245045516387,0.0,0.0,0.0,0,False,,2,2,0,0,2,0,2,2,,0.11549741798080504,0.0027315758634358644,0.09574683220125735,0.012700840132310987,,0.09574683220125735,0.6723245045516387,0.6723245045516387,,,1.0,1.0,0,0.0,0.0,True,0.0018480583498098335,0.035046550249204805,12,0.0018480583498098335,8,0.0009831191035950398,1,-0.030611836200606035,-0.026476522936894398,,0.0,0.0011512061734933114,,0.02173931793097595,0.05337867936515988,0.08018645837276066,0.026807779007600778,0.05282483765948481,0.016900787520277193,0.03923634126538478,0.06013182275165222,0.020895481486267443,0.0363594555596951,0.020367799266374453,0.500499623716384|0.04188670399263189|0.735712890962121,0.7317431641394221|-0.19204508376713697|0.6906384523818481,0.30973966283404575|-0.2100705707082131|0.6862572765287658,0.0
95,,carry_mid,22,5.311092249679095e-27,4,1.0,5.311092249679095e-27,5.311092249679095e-27,0.6696222056278454,0.0,0.0,0.0,0,False,,2,2,0,0,2,0,2,2,,0.11581294401548803,0.0027671940624713898,0.09532627486623824,0.013261950109153986,,0.09532627486623824,0.6696222056278454,0.6696222056278454,,,1.0,1.0,0,0.0,0.0,True,0.0018384698372008595,0.03599485741067135,12,0.0018384698372008595,8,0.0009951802309222102,1,-0.03075209963995995,-0.02673447005508045,,0.0,0.0011411881765097996,,0.021709764189908175,0.05324327289408438,0.07968979014871318,0.0264465172546288,0.052222062144849875,0.016706052793155794,0.039320056580962465,0.05968132704979674,0.020361270468834278,0.03589090739379537,0.020390856376356604,0.5000065164602846|0.021173682693777018|0.7357033683309295,0.7332784951398318|-0.20712944353006907|0.6937351958926394,0.3124922326802108|-0.23415016628000102|0.6894366808479635,0.0
96,,carry_mid,21,1.146876582225596e-24,4,1.0,1.146876582225596e-24,1.146876582225596e-24,0.6623204062557964,0.0,0.0,0.0,0,False,,2,2,0,0,2,0,2,2,,0.12258536089211702,0.0027749459259212017,0.1014918249566108,0.013633719878271222,,0.1014918249566108,0.6623204062557964,0.6623204062557964,,,1.0,1.0,0,0.0,0.0,True,0.0018223475077644574,0.03694426918541904,12,0.0018223475077644574,8,0.0009748434549452512,1,-0.03085856585986413,-0.02666506899762844,,0.0,0.0011565065034121165,,0.021577331749815284,0.05264279447243873,0.0793271848018972,0.02668439032945847,0.0506648935911789,0.016678754773999428,0.039595738524436035,0.05944182509585265,0.019846086571416614,0.03538850852170226,0.020301610949951462,0.49913059515230784|0.0012911678118883779|0.7347864405608341,0.7347876244134445|-0.22207931691625643|0.6966184855676154,0.31510126254043136|-0.25810079432929733|0.6917809608001572,0.0
97,,carry_mid,20,1.9287498479639178e-22,4,1.0,1.9287498479639178e-22,1.9287498479639178e-22,0.6590662533165982,0.0,0.0,0.0,0,False,,2,2,0,0,2,0,2,2,,0.13000408187508583,0.0027759538497775793,0.10792837897315621,0.01435856707394123,,0.10792837897315621,0.6590662533165982,0.6590662533165982,,,1.0,1.0,0,0.0,0.0,True,0.0018047900641505327,0.03779346572163897,19,0.0018047900641505327,10,0.0009465168752376268,1,-0.030590208480463232,-0.026427417086058114,,0.0,0.0014161963910466907,,0.021525984777899545,0.05186772513673518,0.07923796854403573,0.027370243407300543,0.05144315538687492,0.016787590367645284,0.039767764578703284,0.06040690379418442,0.020639139215481134,0.03598235976963527,0.02064370928113023,0.49608693673376475|-0.01655141281943547|0.7334303554053998,0.7358835111830294|-0.2371884584564733|0.6964475546156814,0.31659365410927265|-0.27953838853092483|0.6942851746309924,0.0
98,,carry_mid,19,2.5261637809256925e-20,4,1.0,2.5261637809256925e-20,2.5261637809256925e-20,0.6599137141243724,0.0,0.0,0.0,0,False,,2,2,0,0,2,0,2,2,,0.15314800199121237,0.002838892862200737,0.13188387197442353,0.013939365046098828,,0.13188387197442353,0.6599137141243724,0.6599137141243724,,,1.0,1.0,0,0.0,0.0,True,0.004456492158034495,0.03803762803176913,13,0.004456492158034495,10,0.0009735874150491042,1,-0.030740186276378978,-0.029048497887529834,,0.0,0.0014144982363945996,,0.021580208068641995,0.05101938130571162,0.07893078547683248,0.02791140417112086,0.05156866396750938,0.01695140363068107,0.040257295241883505,0.059238847492515186,0.01898155225063168,0.034652136032643256,0.021081593177969957,0.4952585717539195|-0.0328770123107757|0.7343011224864326,0.7374521196971956|-0.2534185936876506|0.6975287244155771,0.3201141998605083|-0.2995937247105306|0.6968831474676228,0.0
99,,carry_mid,18,2.576757109154981e-18,4,1.0,2.576757109154981e-18,2.576757109154981e-18,0.6717264927697808,0.0,0.0,0.0,0,False,,2,2,0,0,2,0,2,2,,0.1250348740722984,0.002799243200570345,0.10463722189888358,0.013222013833001256,,0.10463722189888358,0.6717264927697808,0.6717264927697808,,,1.0,1.0,0,0.0,0.0,True,0.004318420642972998,0.038252457675049784,15,0.004318420642972998,11,0.0009209433465063449,1,-0.030761062002536477,-0.029739868454033314,,0.0,0.0014288118761549295,,0.021787204663943453,0.05020037318986627,0.07831210073729825,0.028111727547431978,0.05128330754591698,0.01710177463474754,0.040929933158895,0.05941564439307953,0.018485711234184528,0.03489908322686227,0.0214921056265192,0.4944835267309471|-0.04880598962391823|0.7352626640448587,0.7389025628817123|-0.26974640279095763|0.6970334276105067,0.32194678463788806|-0.3185159279939821|0.697949545673799,0.0
100,,carry_mid,17,2.0469717131642043e-16,4,1.0,2.0469717131642043e-16,2.0469717131642043e-16,0.679457208147086,0.0,0.0,0.0,0,False,,2,2,0,0,2,0,2,2,,0.12393793696537614,0.0028548308182507753,0.10426890500821173,0.012522433884441853,,0.10426890500821173,0.679457208147086,0.679457208147086,,,1.0,1.0,0,0.0,0.0,True,0.001406276238866841,0.03845524129820549,15,0.001406276238866841,11,0.0009709514267196018,1,-0.030764759516953788,-0.021741846406717613,,0.0,0.0014292044096260522,,0.021840870227612937,0.049869754028211734,0.07732430580213284,0.02745455177392111,0.0509656816315422,0.0171101469176478,0.04117591618043275,0.06816174868111186,0.026985832500679104,0.042727260898120595,0.021449247493610202,0.49328244452010633|-0.06425772202268441|0.7344165059540284,0.739611637219553|-0.2857056100519261|0.6942269751916399,0.3177044019615335|-0.33162908308310685|0.6915546956637092,0.0
101,,carry_mid,16,1.2664165549094176e-14,4,1.0,1.2664165549094176e-14,1.2664165549094176e-14,0.6745820352328119,0.0,0.0,0.0,0,False,,2,2,0,0,2,0,2,2,,0.12349918996915221,0.0027814980130642653,0.10373328113928437,0.012678775936365128,,0.10373328113928437,0.6745820352328119,0.6745820352328119,,,1.0,1.0,0,0.0,0.0,True,0.002125697583435407,0.03870012928032249,18,0.002125697583435407,14,0.0009303050758035641,1,-0.03135736993114513,-0.021978883893003953,,0.0,0.0014162813439397163,,0.021795665151113402,0.05012815757372075,0.07707635115126718,0.02694819357754643,0.05026467605779412,0.017128775035866288,0.041063160271135754,0.06794991797072007,0.02688675769958432,0.04298963332678763,0.021575500762942273,0.49462390341961887|-0.08048841165734798|0.7329050341429572,0.74006729020725|-0.3029504378431098|0.6906186374375946,0.3189162251827209|-0.3495031713079041|0.6897552862999565,0.0
102,,carry_mid,15,6.101936677605324e-13,4,1.0,6.101936677605324e-13,6.101936677605324e-13,0.6675531421752326,0.0,0.0,0.0,0,False,,2,2,0,0,2,0,2,2,,0.12246352899819613,0.0027659279294312,0.10270976601168513,0.012649866053834558,,0.10270976601168513,0.6675531421752326,0.6675531421752326,,,1.0,1.0,0,0.0,0.0,True,0.004610453862107733,0.039063685569994705,13,0.004610453862107733,9,0.0009270589639052973,1,-0.030737571386282525,-0.030746070416549642,,0.0,0.001414196403999068,,0.021798975421701103,0.050887856121957245,0.07794622774247906,0.027058371620521812,0.049939273459847895,0.017314075310998874,0.04023130942507063,0.0594507095291824,0.019219400104111765,0.03799685570079512,0.021817716233978872,0.4967244905121039|-0.09725050849452155|0.7317512313562503,0.740515461243081|-0.32131024881515974|0.685761542713973,0.32445841132995035|-0.37265064108168966|0.6937931476538951,0.0
103,,carry_mid,14,2.289734845645553e-11,4,1.0,2.289734845645553e-11,2.289734845645553e-11,0.6708957840291757,0.0,0.0,0.0,0,False,,2,2,0,0,2,0,2,2,,0.12289110105484724,0.002782281022518873,0.10296480706892908,0.012663868954405189,,0.10296480706892908,0.6708957840291757,0.6708957840291757,,,1.0,1.0,0,0.0,0.0,True,0.004882824708008909,0.03967139123540281,14,0.004882824708008909,10,0.0009385192919453139,1,-0.030669172775017017,-0.03061218519958686,,0.0,0.001413291224719393,,0.02186357065624992,0.052053548970268836,0.07882190192763515,0.026768352957366313,0.04914288191877427,0.017793478215501313,0.0391092353510085,0.05970623757412388,0.020597002223115383,0.03931138245636788,0.02171861945580402,0.5009251143464793|-0.11325689110923601|0.730457872490063,0.7407983478048564|-0.34030373543761366|0.6813359059268289,0.3238836629066059|-0.38929996324514143|0.691622067020569,0.0
104,,carry_mid,13,6.691586091292782e-10,4,1.0,6.691586091292782e-10,6.691586091292782e-10,0.6789417564925495,0.0,0.0,0.0,0,False,,2,2,0,0,2,0,2,2,,0.12734011397697031,0.0028167609125375748,0.10700428299605846,0.01313159498386085,,0.10700428299605846,0.6789417564925495,0.6789417564925495,,,1.0,1.0,0,0.0,0.0,True,0.0049569415711383236,0.040184968188797215,14,0.0049569415711383236,10,0.0009040158820821514,1,-0.032133633798439476,-0.030568029417382903,,0.0,0.001408925330656109,,0.021984182454240535,0.05296771424189847,0.07874535677860194,0.025777642536703463,0.04740594892551703,0.018001260482600995,0.03796130654290091,0.06003846104544256,0.02207715450254165,0.04095984854413259,0.02175083326866187,0.5053025475831514|-0.13070389536594734|0.730499982536783,0.7410332906320142|-0.3606406894478899|0.6795083570881079,0.32325716088373085|-0.40440808166308917|0.689621751101767,0.0
105,,carry_mid,12,1.522997974471263e-08,4,1.0,1.522997974471263e-08,1.522997974471263e-08,0.6925724873373889,0.0,0.0,0.0,0,False,,2,2,0,0,2,0,2,2,,0.12560807587578893,0.002820730907842517,0.10608041496016085,0.012459650868549943,,0.10608041496016085,0.6925724873373889,0.6925724873373889,,,1.0,1.0,0,0.0,0.0,True,0.001485455968270849,0.04055600973377174,13,0.001485455968270849,8,0.000985495417252888,2,-0.03176932755497219,-0.02165768446589489,,0.0,0.0014050853202986356,,0.022137222293563387,0.05350023260415402,0.07989696848146334,0.02639673587730932,0.04573655991358156,0.018027822675191665,0.03711203527518356,0.06869202310482257,0.031579987829639014,0.047355503597100945,0.021544403190209293,0.5098263971348692|-0.14655055912556464|0.730066891909966,0.7405351354597021|-0.3841063130670873|0.6750370027133764,0.3184771286097034|-0.41110645594493245|0.6807418126059492,0.0
106,,carry_mid,11,2.699578503363014e-07,4,1.0,2.699578503363014e-07,2.699578503363014e-07,0.7059447785849874,0.0,0.0,0.0,0,False,,2,2,0,0,2,0,2,2,,0.12469484889879823,0.0027661609929054976,0.10507046105340123,0.012597431894391775,,0.10507046105340123,0.7059447785849874,0.7059447785849874,,,1.0,1.0,0,0.0,0.0,True,0.0014600566855352687,0.039839936432090245,12,0.0014600566855352687,7,0.0012697269293096558,2,-0.03408088427013212,-0.021012677955173586,,0.0,0.0011733394459884422,,0.022304944429061533,0.05412634430526514,0.08002765048824911,0.025901306182983974,0.04309846117722411,0.018070123418346722,0.03634802915806794,0.0704553093524893,0.03410728019442136,0.047772906531729664,0.02105253689417091,0.5155491802071364|-0.16527084388997082|0.7311798619810851,0.7402422846331437|-0.4081304282226607|0.6760476695948112,0.318380902171306|-0.4197417776947248|0.677740734556791,0.0
107,,carry_mid,10,3.726653172078671e-06,4,1.0,3.726653172078671e-06,3.726653172078671e-06,0.7197384877381825,0.0,0.0,0.0,0,False,,2,2,0,0,2,0,2,2,,0.1231330088339746,0.0027512500528246164,0.10377811291255057,0.012348653050139546,,0.10377811291255057,0.7197384877381825,0.7197384877381825,,,1.0,1.0,0,0.0,0.0,True,0.0014312951801242375,0.03871312301932622,12,0.0014312951801242375,7,0.001187913521950676,2,-0.033957912789906786,-0.019837683008280038,,0.0,0.0014205122712300522,,0.02235995244712055,0.05482173867011342,0.08134810413766308,0.026526365467549662,0.04323895349937276,0.01860276175127614,0.03560123242083103,0.07194476826136142,0.03634353584053039,0.04853281601851762,0.021567083638147824,0.5198962894643511|-0.18424536960504076|0.7314541254544483,0.7409923075339737|-0.4338007020508679|0.6784149020092464,0.31710354685578723|-0.4284151950692587|0.6759413801031793,0.0
108,,carry_mid,9,4.006529739295107e-05,4,1.0,4.006529739295107e-05,4.006529739295107e-05,0.7251421805258179,0.0,0.0,0.0,0,False,,2,2,0,0,2,0,2,2,,0.14507919596508145,0.0027871420606970787,0.12541418289765716,0.012617354048416018,,0.12541418289765716,0.7251421805258179,0.7251421805258179,,,1.0,1.0,0,0.0,0.0,True,0.0016212376794885047,0.03947115031486312,13,0.0014087288267466483,8,0.0016212376794885047,2,-0.03457369405294841,-0.019615790777423925,,0.0,0.0014244375976720574,,0.022244588499205666,0.0552368818839593,0.0809347054205447,0.025697823536585403,0.04305751124186394,0.018294207420700006,0.03496290298900075,0.07190002269340504,0.03693711970440428,0.04845692306333663,0.020882615974115556,0.5269177962611319|-0.20339771998355316|0.7324716892585946,0.7393114351892093|-0.4562908362030897|0.6805470076881285,0.31576044879394677|-0.43762233529808514|0.6758224898016657,0.0
109,,carry_mid,8,0.00033546262790251185,4,1.0,0.00033546262790251185,0.00033546262790251185,0.7608284471280904,0.0,0.0,0.0,0,False,,2,2,0,0,2,0,2,2,,0.12046768702566624,0.0028113368898630142,0.10132616385817528,0.012141307117417455,,0.10132616385817528,0.7608284471280904,0.7608284471280904,,,1.0,1.0,0,0.0,0.0,True,0.001485818633607805,0.04059568819155665,13,0.001485818633607805,8,0.0009122071577971902,2,-0.03504601783227912,-0.02011396060091819,,0.0,0.0014174415470453157,,0.02253105100470506,0.056012868311818176,0.08012287314899846,0.024110004837180288,0.04422450287684836,0.018238423867771077,0.03483913335289958,0.07134378545554702,0.036504652102647445,0.047647029447294084,0.021303528774976713,0.5333340103480853|-0.21943832371487695|0.7319994966353915,0.7365085027409347|-0.47901985265561575|0.680946643156361,0.3134387091569682|-0.44613434662179674|0.6763000907135953,0.0
110,carry_mid,carry_mid,7,0.002187491118182885,4,1.0,0.002187491118182885,0.002187491118182885,0.7079859980122368,0.030832719628977233,0.0,6.744630033781079e-05,19,False,,2,2,0,0,2,0,2,2,pelvis,0.12386808288283646,0.0028172319289296865,0.09919167007319629,0.017618078971281648,,0.09919167007319629,0.7080534548290666,0.7080534548290666,,,1.0,1.0,0,0.0,0.0,True,0.0017815459044381587,0.0377238775165093,13,0.00143305918646542,8,0.0017815459044381587,2,-0.03648396395553455,-0.019903762741087405,,0.0,0.001207768069161959,,0.02194470009037965,0.05608804471666944,0.07951402651902018,0.023425981802350733,0.04381931746804158,0.018531926355761646,0.03515241213300122,0.06934349035893825,0.034191078225937026,0.0449130898516676,0.020555499915215138,0.5335135065593285|-0.2391779233599952|0.7340837253197975,0.7314053713921772|-0.5034758346959567|0.6847329011056597,0.3083613062514141|-0.45917833828216315|0.6784718051276475,0.030832719628977233
111,carry_mid,carry_mid,6,0.011108996538242306,4,1.0,0.011108996538242306,0.011108996538242306,0.6857317256627501,0.028753049162530263,0.0,0.0003194175236104595,18,False,,2,2,0,0,2,0,2,2,pelvis,0.12119238404557109,0.0028381990268826485,0.09618453797884285,0.01781200198456645,,0.09618453797884285,0.6860511382057483,0.6860511382057483,,,1.0,1.0,0,0.0,0.0,True,0.0014365554229049567,0.03661474389443581,12,0.0014365554229049567,8,0.0009776715193323543,1,-0.035661817585722844,-0.020543664742993073,,0.0,0.0012080442493381885,,0.021851891729004414,0.05577113393807282,0.07928993096601016,0.023518797027937334,0.0445949081517379,0.01843833144903303,0.03572954787296409,0.0690337258033793,0.03330417793041521,0.04523143197404845,0.02034201876685218,0.5404805561525486|-0.2552510085940995|0.7355708274478896,0.7267590127351444|-0.5258484992084743|0.6843478777718337,0.30468588735354785|-0.4669236927145876|0.6797730859073099,0.028753049162530263
112,carry_mid,carry_mid,5,0.04393693362340742,4,1.0,0.04393693362340742,0.04393693362340742,0.6868561531780292,0.02597892598678306,0.0,0.0011414343466887014,19,False,,2,2,0,0,2,0,2,2,pelvis,0.12145085795782506,0.0028475529979914427,0.0963389768730849,0.017900401959195733,,0.0963389768730849,0.6879976735236696,0.6879976735236696,,,1.0,1.0,0,0.0,0.0,True,0.001437532502732014,0.036038367310189806,13,0.001437532502732014,8,0.0009728384285405817,2,-0.03389693040606012,-0.020819150916189244,,0.0,0.0012029929541431971,,0.021982480749766033,0.055248476280676646,0.08188771743172148,0.02663924115104483,0.041973436403233484,0.018975016459671125,0.03602896960882871,0.06886567215484408,0.032836702546015374,0.045225068951900246,0.020109287554387227,0.544274380021409|-0.2693771681084636|0.7342472954314163,0.7187816118933166|-0.5534207818786974|0.6844447149304708,0.30031243265012825|-0.4745767140243342|0.6800152677071284,0.02597892598678306
113,carry_mid,carry_mid,4,0.1353352832366127,4,1.0,0.1353352832366127,0.1353352832366127,0.6798963811911932,0.024883049621467392,0.0,0.003367554568311978,19,False,,2,2,0,0,2,0,2,2,pelvis,0.1221969211474061,0.0027778951916843653,0.0966598610393703,0.018349103862419724,,0.0966598610393703,0.683264256852309,0.683264256852309,,,1.0,1.0,0,0.0,0.0,True,0.0014363896346778829,0.03653266083552073,12,0.0014363896346778829,8,0.0009415644876487744,2,-0.033512698096801685,-0.021407733014784824,,0.0,0.001211721512078901,,0.02189299226663504,0.05566647986554079,0.07912261127242223,0.023456131406881443,0.03931737175756815,0.01883789209169346,0.03583825587427293,0.06806465882313863,0.032226402948865696,0.04554371571327084,0.019538037783383824,0.5482038351205529|-0.2842505655380539|0.7341670666494436,0.7102027647563501|-0.5781642294596449|0.6871392933168146,0.29575428725238895|-0.48099323761966656|0.6820865628832373,0.024883049621467392
114,carry_mid,carry_mid,3,0.32465246735834974,4,1.0,0.32465246735834974,0.32465246735834974,0.6777323682945612,0.02348495634796541,0.0,0.007624449024170109,19,False,,2,2,0,0,2,0,2,2,pelvis,0.12436771206557751,0.002790879923850298,0.09863153309561312,0.0185456988401711,,0.09863153309561312,0.685357526398709,0.685357526398709,,,1.0,1.0,0,0.0,0.0,True,0.001436774108573867,0.037438804821748245,12,0.001436774108573867,8,0.0009536361868080351,2,-0.033076976862181695,-0.020911481989827507,,0.0,0.001219515002192664,,0.021852101976678865,0.0558757900289848,0.07745206770105632,0.02157627767207152,0.03738624402448205,0.018971102539936214,0.035844354745566666,0.06801751255564176,0.03217315781007509,0.04887041210284847,0.01913107431042307,0.5501666930928266|-0.2999987397554725|0.7338142479625925,0.7016994113920739|-0.6004599804626367|0.6899672929174844,0.2910396071871157|-0.48707212542939493|0.6836023295127178,0.02348495634796541
115,carry_mid,carry_mid,2,0.6065306597126334,4,1.0,0.6065306597126334,0.6065306597126334,0.6671756468687985,0.021715762867127803,0.0,0.013171275977962135,19,False,,2,2,0,0,2,0,2,2,pelvis,0.12885112105868757,0.002802429022267461,0.10287545900791883,0.018736158031970263,,0.10287545900791883,0.6803481407396998,0.6803481407396998,,,1.0,1.0,0,0.0,0.0,True,0.0014349466103843501,0.03770197485354987,12,0.0014349466103843501,8,0.0011026629550470735,2,-0.032920745214187974,-0.021750333165385882,,0.0,0.0012301269392047515,,0.021659917712261993,0.05593824760482853,0.07662980540855939,0.02069155780373086,0.035427510633047374,0.018950077425338763,0.03589319932958406,0.06639872445827251,0.030505525128688447,0.048252807976891764,0.01808706128763501,0.5511007652176299|-0.3164287780293459|0.7331935685881713,0.693051867679711|-0.6206226740347212|0.690965961114759,0.2867795233559189|-0.4938592564367511|0.6863450207020892,0.021715762867127803
116,carry_mid,carry_mid,1,0.8824969025845955,4,1.0,0.8824969025845955,0.8824969025845955,0.6586112275187833,0.020248858670389405,0.0,0.01786955505749188,19,False,,2,2,0,0,2,0,2,2,pelvis,0.13254285603761673,0.0027874349616467953,0.10528509807772934,0.01978195714764297,,0.10528509807772934,0.676482273581824,0.676482273581824,,,1.0,1.0,0,0.0,0.0,True,0.001429310476811007,0.037293350241042494,16,0.001429310476811007,10,0.0009625997220310406,1,-0.033037047206915915,-0.020470811684575096,,0.0,0.0013319479301583197,,0.021445263440034678,0.056955765568527744,0.07763919790190713,0.02068343233337938,0.03641447506246137,0.018554168456985126,0.03528753059383781,0.06695469312515731,0.0316671625313195,0.04871221178333386,0.018414436303168982,0.5532218319381049|-0.33234879580868876|0.7329446333008293,0.6860285438869193|-0.6381578190845367|0.6940430351851046,0.2825607345652812|-0.49886769001135517|0.6841972859491804,0.020248858670389405
117,carry_mid,carry_mid,0,1.0,4,1.0,1.0,1.0,0.6443591104056418,0.02086944783159928,0.0,0.02086944783159928,19,False,,2,2,0,0,2,0,2,2,pelvis,0.1374017100315541,0.002777179004624486,0.11018593795597553,0.01967635494656861,,0.11018593795597553,0.6652310869137279,0.6652310869137279,,,1.0,1.0,0,0.0,0.0,True,0.002087683096114998,0.037549495895976504,17,0.0014357658709949275,10,0.002087683096114998,2,-0.03327013448932625,-0.021259341812836396,,0.0,0.0014386399848248866,,0.02128050241456643,0.0570566810003831,0.0764856339631427,0.0194289529627596,0.03613984444281025,0.0185016954417906,0.03500568239384986,0.06502518441970594,0.030019502025856078,0.0486949444804798,0.018097835866159973,0.554417516272767|-0.3468067976764405|0.7347361699960664,0.6768187118788745|-0.6553880843477068|0.6928057844692719,0.2782833436007442|-0.5060141274144487|0.6852066642360487,0.02086944783159928
118,carry_mid,carry_mid,1,0.8824969025845955,4,1.0,0.8824969025845955,0.8824969025845955,0.6514042870825548,0.023386974340291775,0.0,0.020638932416132905,18,False,,2,2,0,0,2,0,2,2,pelvis,0.13371028797701,0.002787370001897216,0.10729013918899,0.019075112184509635,,0.10729013918899,0.6720427400645518,0.6720427400645518,,,1.0,1.0,0,0.0,0.0,False,0.0034647349460725646,0.0378029657787359,15,0.0034647349460725646,10,0.0008924892993206618,2,-0.033225139988784846,-0.029771327638586698,,0.0,0.0014554706201100095,,0.021470107415659946,0.05576177716425725,0.07856447840146402,0.02280270123720677,0.03896271719279533,0.01870382599681796,0.03483489255930243,0.05577712501348402,0.020942232454181593,0.041903514329503184,0.01953297957359932,0.5531128402622888|-0.3590295539655662|0.736056361568511,0.6704150033476186|-0.669501443483258|0.6902407258172419,0.2756327977750124|-0.5208540079953552|0.6886292576095461,0.023386974340291775
119,carry_mid,carry_mid,2,0.6065306597126334,4,1.0,0.6065306597126334,0.6065306597126334,0.6551014206133605,0.025044997434757587,0.0,0.015190558816604732,18,False,,2,2,0,0,2,0,2,2,pelvis,0.13354601804167032,0.002759438008069992,0.10708731482736766,0.01918752701021731,,0.10708731482736766,0.6702922725282501,0.6702922725282501,,,1.0,1.0,0,0.0,0.0,False,0.0014326025548410982,0.03788898437968688,19,0.0014326025548410982,14,0.000951214601184705,2,-0.033339027561845924,-0.028077220163297056,,0.0,0.0014389466772285362,,0.02156425224524825,0.05475018218066663,0.0792835703020701,0.024533388121403474,0.040510761375449164,0.019067027261371126,0.03552033205987898,0.05605521533790125,0.02053488327802227,0.041815303008652924,0.019654069063100126,0.5525621821528062|-0.3704395276914185|0.7369310547417536,0.6635426595727864|-0.6841993942078075|0.6885268433587278,0.26893163073367854|-0.5288950409393629|0.6838553103487026,0.025044997434757587
120,carry_mid,carry_mid,3,0.32465246735834974,4,1.0,0.32465246735834974,0.32465246735834974,0.649077432747565,0.025317799986589572,0.0,0.0082194862337315,19,False,,2,2,0,0,2,0,2,2,pelvis,0.13349312311038375,0.002776726149022579,0.10729259205982089,0.018837317125871778,,0.10729259205982089,0.6572971245203754,0.6572971245203754,,,1.0,1.0,0,0.0,0.0,False,0.0014594045485714982,0.03812201839147222,14,0.0014594045485714982,10,0.0009592940106436798,1,-0.03298536619338854,-0.027890698770995925,,0.0,0.0014227864568216743,,0.021521000010178013,0.0535846723992566,0.07947751238272414,0.025892839983467544,0.041705617147072535,0.01930664651293122,0.036018969630686425,0.0561283390155787,0.020109369384892273,0.041098274709987906,0.019849796480943156,0.5526978136185348|-0.38083577531119944|0.7369452534097821,0.6566052138823101|-0.6979020330081337|0.6844278887734445,0.2638067659895967|-0.5367403921876645|0.6774720450601078,0.025317799986589572
121,carry_mid,carry_mid,4,0.1353352832366127,4,1.0,0.1353352832366127,0.1353352832366127,0.6456888099368553,0.027319968827736026,0.0,0.003697355719317085,19,False,,2,2,0,0,2,0,2,2,pelvis,0.15505860117264092,0.0027921628206968307,0.12929360778070986,0.018512235954403877,,0.12929360778070986,0.6493863361268024,0.6493863361268024,,,1.0,1.0,0,0.0,0.0,False,0.0015628685767455665,0.038507896537936015,13,0.0015628685767455665,9,0.0009600197379068948,1,-0.033024231297350326,-0.027893710061080768,,0.0,0.0014112747099271224,,0.02151615837466639,0.05216890439881354,0.07923180325114884,0.0270628988523353,0.04233233138271087,0.019484320751248375,0.03670326799095206,0.056157990308647196,0.019454722317695135,0.04067979206437624,0.020058009394239917,0.5505476797863567|-0.3904082418479274|0.7362548690851484,0.64985176376472|-0.7103271554095255|0.6794674426999099,0.2580437835670021|-0.5455977351748109|0.6699068074273522,0.027319968827736026
122,carry_mid,carry_mid,5,0.04393693362340742,4,1.0,0.04393693362340742,0.04393693362340742,0.663479275860751,0.03142010084996038,0.0,0.0013805028854854762,19,False,,2,2,0,0,2,0,2,2,pelvis,0.1358117568306625,0.0027736250776797533,0.11025234707631171,0.018406223971396685,,0.11025234707631171,0.6648598144284846,0.6648598144284846,,,1.0,1.0,0,0.0,0.0,False,0.0015905063475995414,0.03962079826781745,11,0.0015905063475995414,7,0.0009899368929829483,1,-0.033155895522684276,-0.0276986430920374,,0.0,0.0014141888454119011,,0.02182209904467877,0.05039925341482985,0.07865695397400829,0.028257700559178443,0.043555054591108006,0.019916420088292305,0.03737979340805761,0.05723893439452427,0.019859140986466663,0.04099026111088401,0.020361899870957236,0.5481980401880965|-0.39939658506928427|0.7370077072833187,0.6437159970923546|-0.7222134684290787|0.672911388993515,0.2519560541297865|-0.5542496466069141|0.6619174536244115,0.03142010084996038
123,carry_mid,carry_mid,6,0.011108996538242306,4,1.0,0.011108996538242306,0.011108996538242306,0.6822334408587443,0.031504999910446724,0.0,0.0003499889349424768,18,False,,2,2,0,0,2,0,2,2,pelvis,0.13582637114450336,0.002777645131573081,0.11030818591825664,0.018317608861252666,,0.11030818591825664,0.6825834488171781,0.6825834488171781,,,1.0,1.0,0,0.0,0.0,False,0.0015806467232883856,0.04044388805713822,9,0.0015806467232883856,4,0.0009706127921315366,2,-0.03327371466221685,-0.027646650070028755,,0.0,0.0014051399391459356,,0.022097316034843432,0.048590236256571745,0.076937843184549,0.028347606927977262,0.043351268201439225,0.0202830019958286,0.03783253773622625,0.057627595762669626,0.019795058026443373,0.041208480450028645,0.020218474085183076,0.5459292798428603|-0.41065405664908805|0.7365810507636926,0.6378855462555875|-0.7355913121353324|0.6671676178318038,0.24641213121904215|-0.5651039079642717|0.6530502229490378,0.031504999910446724
124,carry_mid,carry_mid,7,0.002187491118182885,4,1.0,0.002187491118182885,0.002187491118182885,0.7014486668633985,0.02952334971705632,0.0,6.458206528506789e-05,18,False,,2,2,0,0,2,0,2,2,pelvis,0.13651211303658783,0.002815667074173689,0.11089959205128253,0.018374105915427208,,0.11089959205128253,0.7015132517262139,0.7015132517262139,,,1.0,1.0,0,0.0,0.0,False,0.0015662414038500605,0.04092971373611423,9,0.0015662414038500605,4,0.0009659649340170717,2,-0.03328834824739957,-0.027855488119495675,,0.0,0.0013998156374385444,,0.02227591212832638,0.046601115321645445,0.07742705099440628,0.030825935672760832,0.045104436863427855,0.020773480994885348,0.0381141854321234,0.05738495927066552,0.019270773838542116,0.040401465865314956,0.02040655859696331,0.5421435259965388|-0.4210217805027801|0.7335482957436832,0.6342196157450248|-0.7458811829547999|0.6607648634519943,0.24206507618305906|-0.577305275771492|0.642193014662059,0.02952334971705632
125,,carry_mid,8,0.00033546262790251185,4,1.0,0.00033546262790251185,0.00033546262790251185,0.7160557423648476,0.0,0.0,0.0,0,False,,2,2,0,0,2,0,2,2,,0.12827413994818926,0.0027478020638227463,0.10821263189427555,0.01287624891847372,,0.10821263189427555,0.7160557423648476,0.7160557423648476,,,1.0,1.0,0,0.0,0.0,False,0.0015519555584251853,0.04190357656967447,8,0.0015519555584251853,3,0.0009984907166365742,2,-0.0340901584682598,-0.027750497219573234,,0.0,0.001424990968563959,,0.02231312620216005,0.044502139896591894,0.07990403730659279,0.035401897410000896,0.047581329207210935,0.019706752875376262,0.03819874678334629,0.05812047710319095,0.019921730319844663,0.040822314941261706,0.02045445824637488,0.5356554625274658|-0.43129249707896056|0.7315076522303733,0.6324150561687907|-0.7533421969879565|0.6547380059309063,0.238281957413045|-0.5881899045430147|0.633293373554497,0.0
126,,carry_mid,9,4.006529739295107e-05,4,1.0,4.006529739295107e-05,4.006529739295107e-05,0.7304324829803542,0.0,0.0,0.0,0,False,,2,2,0,0,2,0,2,2,,0.12772734090685844,0.002831469988450408,0.10792180197313428,0.012561602983623743,,0.10792180197313428,0.7304324829803542,0.7304324829803542,,,1.0,1.0,0,0.0,0.0,False,0.0015696931995302088,0.042887552757694625,9,0.0015696931995302088,4,0.0009685599647227122,2,-0.034090547247849656,-0.030223005822637816,,0.0,0.001421644139386172,,0.022321370415629135,0.043265443969175484,0.08125811299122111,0.03799266902204563,0.049748826265956184,0.018700293184371247,0.03873991025243634,0.05709507056843718,0.01835516031600084,0.03812602489807785,0.02030611747405762,0.5256585125948063|-0.4371144972134567|0.726798514289416,0.630482797364827|-0.763785886237691|0.6481255177172734,0.23561293863475768|-0.6009849405300307|0.6271083623536625,0.0
127,,carry_mid,10,3.726653172078671e-06,4,1.0,3.726653172078671e-06,3.726653172078671e-06,0.6728782220246384,0.0,0.0,0.0,0,False,,2,2,0,0,2,0,2,2,,0.12447029910981655,0.0027887828182429075,0.10465178405866027,0.012671812903136015,,0.10465178405866027,0.6728782220246384,0.6728782220246384,,,1.0,1.0,0,0.0,0.0,False,0.001575870687520943,0.04243320245847393,9,0.001575870687520943,4,0.0009741316608735812,2,-0.034121195957238726,-0.030166857354704035,,0.0,0.001401024100447364,,0.02145306656241456,0.04252775919215564,0.07895060829190331,0.036422849099747676,0.04950678204200592,0.016960184476929034,0.03946046908564276,0.05737974991129822,0.017919280825655456,0.037638439187624134,0.02040252965778664,0.5242610639243198|-0.4469123252866508|0.7217285635848109,0.6268588881548014|-0.781784939675699|0.6454002717044672,0.23361390952843594|-0.6118343014161224|0.6185058092931152,0.0
128,,carry_mid,11,2.699578503363014e-07,4,1.0,2.699578503363014e-07,2.699578503363014e-07,0.6576664345775376,0.0,0.0,0.0,0,False,,2,2,0,0,2,0,2,2,,0.1231204669456929,0.002756815869361162,0.1033916890155524,0.012601437978446484,,0.1033916890155524,0.6576664345775376,0.6576664345775376,,,1.0,1.0,0,0.0,0.0,False,0.001588096220077908,0.04224291137646527,9,0.001588096220077908,4,0.0009808993612030054,2,-0.034314880259524116,-0.029565989380820668,,0.0,0.0012700112802423958,,0.021366072012462736,0.04177182841045491,0.08021329508593662,0.03844146667548171,0.05193767331965966,0.016917486889045773,0.03929337046680483,0.05752149459170793,0.0182281241249031,0.036410440233034996,0.020702560343234207,0.5206251933092774|-0.451257614090844|0.7182813203003483,0.6252272497263976|-0.7929062372890469|0.6386939128632929,0.23030960320306573|-0.624081779384493|0.6090039299675168,0.0
129,,carry_mid,12,1.522997974471263e-08,4,1.0,1.522997974471263e-08,1.522997974471263e-08,0.6592758065138349,0.0,0.0,0.0,0,False,,2,2,0,0,2,0,2,2,,0.12277952488511801,0.002823340008035302,0.10271736397407949,0.01286907005123794,,0.10271736397407949,0.6592758065138349,0.6592758065138349,,,1.0,1.0,0,0.0,0.0,False,0.0015669244991892081,0.041980659106440776,9,0.0015669244991892081,4,0.0009870155729236885,2,-0.03463269043450268,-0.029860817254219185,,0.0,0.0014255462323482372,,0.021430426677852107,0.041129601799476265,0.08193094839759907,0.040801346598122804,0.05403205107712111,0.01679260112384033,0.0391301753395377,0.05611420647817864,0.016984031138640943,0.03429654317839083,0.02121314349070414,0.5212854360288313|-0.4586139785240102|0.7176174426848344,0.6235377667153319|-0.803782109799014|0.6320403575927273,0.22770124332441216|-0.6370789400457217|0.5993830552426445,0.0
130,,carry_mid,13,6.691586091292782e-10,4,1.0,6.691586091292782e-10,6.691586091292782e-10,0.65857744104724,0.0,0.0,0.0,0,False,,2,2,0,0,2,0,2,2,,0.12525822687894106,0.002759533002972603,0.1052041151560843,0.012946981936693192,,0.1052041151560843,0.65857744104724,0.65857744104724,,,1.0,1.0,0,0.0,0.0,False,0.0015550981621644186,0.04130720708653751,9,0.0015550981621644186,4,0.0009053248852212564,2,-0.03503389580109051,-0.02947752017635885,,0.0,0.0014269709502310094,,0.021424840229145013,0.04000050704978831,0.08328417564100077,0.04328366859121246,0.05604236052613851,0.01710858439631327,0.03899501941497049,0.05637139751990216,0.017376378104931672,0.034812552364699975,0.0209657404261618,0.5199236172252495|-0.4634927202935613|0.7172202562109236,0.6214234969939608|-0.8136967181894662|0.6253406633425778,0.22457944353173973|-0.6468211285071545|0.589645142585722,0.0
131,,carry_mid,14,2.289734845645553e-11,4,1.0,2.289734845645553e-11,2.289734845645553e-11,0.6503248060631953,0.0,0.0,0.0,0,False,,2,2,0,0,2,0,2,2,,0.12581056402996182,0.0027816661167889833,0.10548312705941498,0.013174236053600907,,0.10548312705941498,0.6503248060631953,0.6503248060631953,,,1.0,1.0,0,0.0,0.0,False,0.0015313098575723653,0.040512756991557736,7,0.0015313098575723653,3,0.0006714382771779437,1,-0.03525583370147878,-0.02960034851402682,,0.0,0.001303554168914105,,0.021365269270582056,0.03896155319826337,0.08343234273830522,0.04447078954004185,0.0565062064434181,0.017705222720091816,0.037822671556629286,0.05622081373195319,0.0183981421753239,0.03535171165501161,0.020823264275885472,0.5199684298173669|-0.46888024707271814|0.7186606184416403,0.6178402825749885|-0.8250311417046624|0.6175533051506831,0.2216292446438912|-0.6552196028408287|0.5788735215549248,0.0
132,,carry_mid,15,6.101936677605324e-13,4,1.0,6.101936677605324e-13,6.101936677605324e-13,0.6454381052175759,0.0,0.0,0.0,0,False,,2,2,0,0,2,0,2,2,,0.1262819420080632,0.002777680056169629,0.1061889419797808,0.01283659809269011,,0.1061889419797808,0.6454381052175759,0.6454381052175759,,,1.0,1.0,0,0.0,0.0,False,0.0015138622038304086,0.03946566610016286,9,0.0015138622038304086,5,0.0007133037437539458,1,-0.035042305371637994,-0.029465457715591725,,0.0,0.001175885724057453,,0.021271727681016345,0.037777260080334885,0.08313044781822178,0.045353187737886894,0.057099195869440206,0.017781927655384323,0.0369565349353064,0.05539413803029187,0.018437603094985468,0.03535627851785265,0.0207284855859717,0.5220963821800831|-0.47367492085310914|0.7189062117862142,0.613889005458529|-0.8365424341022457|0.607104497964188,0.218055095374181|-0.665094595810514|0.5663619428210958,0.0
133,,carry_mid,16,1.2664165549094176e-14,4,1.0,1.2664165549094176e-14,1.2664165549094176e-14,0.637975920547847,0.0,0.0,0.0,0,False,,2,2,0,0,2,0,2,2,,0.12607107497751713,0.0027788931038230658,0.1058616191148758,0.012998678022995591,,0.1058616191148758,0.637975920547847,0.637975920547847,,,1.0,1.0,0,0.0,0.0,False,0.0015059226775325993,0.03483811546879054,10,0.0015059226775325993,6,0.0007363062357184785,1,-0.03518840992997596,-0.029491997232259592,,0.0,0.0014056516427101815,,0.021140421279667393,0.03688969202023942,0.08209355622918273,0.045203864208943303,0.05620492927437107,0.017891719454097975,0.03739512761863865,0.05504681167738819,0.01765168405874954,0.034246149126971055,0.02099173478789179,0.5236965644059546|-0.4775567422631522|0.7206213223256379,0.6083303010825624|-0.8498667159917329|0.5967270500401117,0.21524371624817537|-0.6724316706679837|0.5527862212178725,0.0
134,,carry_mid,17,2.0469717131642043e-16,4,1.0,2.0469717131642043e-16,2.0469717131642043e-16,0.6379383634361077,0.0,0.0,0.0,0,False,,2,2,0,0,2,0,2,2,,0.12756205210462213,0.0027518959250301123,0.10706395003944635,0.01323711802251637,,0.10706395003944635,0.6379383634361077,0.6379383634361077,,,1.0,1.0,0,0.0,0.0,False,0.0014810095120641464,0.029713194792737235,12,0.0014810095120641464,7,0.0005438601553089117,1,-0.034986872565788474,-0.029523581307161706,,0.0,0.0013924547039340879,,0.021084695999586133,0.03636324980399681,0.08048995157897622,0.04412670177497941,0.05561680500285177,0.01806194604156502,0.03783063549552053,0.05561639826076321,0.01778576276524268,0.03438972731798537,0.020933818481621267,0.5258691029087863|-0.4819212810738374|0.7199261037516612,0.6019044126719985|-0.8633340025793846|0.5820154828532629,0.2120751509650024|-0.6769835090315162|0.5394236673999473,0.0
135,,carry_mid,18,2.576757109154981e-18,4,1.0,2.576757109154981e-18,2.576757109154981e-18,0.6253611306309738,0.0,0.0,0.0,0,False,,2,2,0,0,2,0,2,2,,0.12875659600831568,0.0027848989702761173,0.10746991098858416,0.013766247080639005,,0.10746991098858416,0.6253611306309738,0.6253611306309738,,,1.0,1.0,0,0.0,0.0,False,0.0014754720201034799,0.029750591008696037,15,0.0014754720201034799,10,0.0004984081013953007,1,-0.03446483547415369,-0.02929657905106886,,0.0,0.001412624001838627,,0.021053304615300653,0.03716821007807109,0.0796434647887519,0.0424752547106808,0.053895499652560734,0.01799517685393352,0.03738867590478526,0.05565353280366924,0.018264856898883984,0.03396121546424366,0.02106409933693829,0.5279109074697703|-0.4835971613509261|0.7170374729436982,0.5946241869650002|-0.876382447333257|0.5632173177366236,0.20816665732614714|-0.681877078465938|0.5222839087866397,0.0
136,,carry_mid,19,2.5261637809256925e-20,4,1.0,2.5261637809256925e-20,2.5261637809256925e-20,0.6144771148033412,0.0,0.0,0.0,0,False,,2,2,0,0,2,0,2,2,,0.1585543539840728,0.002747841877862811,0.1371239440049976,0.01403706194832921,,0.1371239440049976,0.6144771148033412,0.6144771148033412,,,1.0,1.0,0,0.0,0.0,False,0.001458980494996081,0.029707275343983375,16,0.001458980494996081,11,0.0004544811161193707,1,-0.034698522307841984,-0.029597399711468242,,0.0,0.0014135859571529853,,0.021081780692240377,0.03780495403265198,0.07974743276444674,0.041942478731794755,0.052930441809825625,0.018290857224268018,0.0368517681028159,0.055980704609221325,0.019128936506405424,0.03467217627128165,0.02098707177028843,0.5311762836394401|-0.4888713289924523|0.7150041945542394,0.5875202160889831|-0.8884693642646713|0.5427010520292164,0.2048040449930896|-0.684930677915788|0.5047369497769444,0.0
137,,carry_mid,20,1.9287498479639178e-22,4,1.0,1.9287498479639178e-22,1.9287498479639178e-22,0.6141700183705395,0.0,0.0,0.0,0,False,,2,2,0,0,2,0,2,2,,0.13114742003381252,0.0027704748790711164,0.10983516508713365,0.013820513850077987,,0.10983516508713365,0.6141700183705395,0.6141700183705395,,,1.0,1.0,0,0.0,0.0,False,0.0014495891456300578,0.029356683596858835,16,0.0014495891456300578,11,0.0007494863089038684,1,-0.03528223022083665,-0.03000133287087081,,0.0,0.001410609867229256,,0.021096463903268206,0.03760201398436941,0.07947164010979448,0.041869626125425066,0.05080126204288446,0.017760200752653017,0.035277974634717206,0.056280235563064,0.021002260928346797,0.03596368163968942,0.021091292659954082,0.5351995816245831|-0.4954145941615868|0.7130364876918319,0.5787993967889244|-0.9025308660748269|0.5213469149816048,0.20113935744499475|-0.6884521172405048|0.4854873880869241,0.0
138,,carry_mid,21,1.146876582225596e-24,4,1.0,1.146876582225596e-24,1.146876582225596e-24,0.6134952264015766,0.0,0.0,0.0,0,False,,2,2,0,0,2,0,2,2,,0.13202993804588914,0.0027528030332177877,0.11083677993156016,0.013740641064941883,,0.11083677993156016,0.6134952264015766,0.6134952264015766,,,1.0,1.0,0,0.0,0.0,False,0.0014498100395793426,0.029292785705196833,16,0.0014498100395793426,10,0.00036313754170264056,1,-0.03536823096015773,-0.0302743990930594,,0.0,0.0014119402390266563,,0.021089498347345196,0.03719016018660909,0.08108707859169258,0.04389691840508349,0.0521498970219409,0.017875527972942305,0.03349995747610454,0.05672947187024821,0.02322951439414367,0.03797885567484646,0.02070706452264269,0.5393116743498056|-0.49991372704697223|0.7082456459817773,0.5730836747190045|-0.9125440593949818|0.4962918782947372,0.19839452061846816|-0.6909962276942968|0.46398981678457474,0.0
139,,arrive,21,1.146876582225596e-24,4,1.0,1.146876582225596e-24,1.146876582225596e-24,0.6088871816327251,0.0,0.0,0.0,0,False,,2,2,0,0,2,0,2,2,,0.13217824487946928,0.0028000599704682827,0.11090071406215429,0.01376400189474225,,0.11090071406215429,0.6088871816327251,0.6088871816327251,,,1.0,1.0,0,0.0,0.0,False,0.001448575825233684,0.028858310549755378,20,0.001448575825233684,13,7.33485117982019e-05,1,-0.03703985031582668,-0.030837232886232968,,0.0,0.0014129937732490097,,0.021029236107773283,0.037038735688581556,0.07958760205563312,0.04254886636705156,0.05207067143959655,0.017967947785467783,0.032157867581038,0.057040714518230354,0.02488284693719235,0.039499886312665856,0.020369954566818442,0.5428120412260078|-0.5076566107490518|0.7047105001020685,0.5664927383726734|-0.9211987875092547|0.4696972205032448,0.19577663554314045|-0.693991314982404|0.4410185637119197,0.0
140,,arrive,20,1.9287498479639178e-22,4,1.0,1.9287498479639178e-22,1.9287498479639178e-22,0.6157131899299497,0.0,0.0,0.0,0,False,,2,2,0,0,2,0,2,2,,0.13211447512730956,0.0027622529305517673,0.11068315082229674,0.013857600977644324,,0.11068315082229674,0.6157131899299497,0.6157131899299497,,,1.0,1.0,0,0.0,0.0,False,0.0014475947007309975,0.028922163985005467,20,0.0014475947007309975,13,0.00037487032046537583,1,-0.037178010064623734,-0.030355822262832177,,0.0,0.0014141260089952292,,0.02107284804541085,0.03578640923127751,0.07911332977534109,0.043326920544063584,0.052664817137411585,0.018248079181555917,0.0300754923830141,0.058941057014267245,0.028865564631253147,0.04142479432664639,0.019054474155377716,0.5452260795231103|-0.5135106106823628|0.6983099872060398,0.5606753084186912|-0.9301299952069094|0.4410268422368073,0.19012652512034675|-0.7001779247707294|0.4180652595936396,0.0
141,,arrive,19,2.5261637809256925e-20,4,1.0,2.5261637809256925e-20,2.5261637809256925e-20,0.6306510016004895,0.0,0.0,0.0,0,False,,2,2,0,0,2,0,2,2,,0.13268221798352897,0.0027472609654068947,0.11128988396376371,0.013815714977681637,,0.11128988396376371,0.6306510016004895,0.6306510016004895,,,1.0,1.0,0,0.0,0.0,False,0.004046781797954591,0.029124817363323507,21,0.004046781797954591,14,0.0004674796375595258,1,-0.03963673978976168,-0.030237771309218786,,0.0,0.0014142352168636085,,0.02119321399632544,0.03574854234825055,0.07628563297259985,0.040537090624349306,0.0514554050418045,0.018392561392135163,0.029128209657845315,0.05929648632835658,0.030168276670511265,0.04254069375869896,0.0190150255524373,0.5495639798109245|-0.5187669359625096|0.6898755612709199,0.5536777295588966|-0.938722196598857|0.41264621166233006,0.18823293992242607|-0.7040988558161317|0.3914581821215617,0.0
142,,arrive,18,2.576757109154981e-18,4,1.0,2.576757109154981e-18,2.576757109154981e-18,0.6498820318896432,0.0,0.0,0.0,0,False,,2,2,0,0,2,0,2,2,,0.1361189589370042,0.0027385479770600796,0.11470479401759803,0.013935561990365386,,0.11470479401759803,0.6498820318896432,0.6498820318896432,,,1.0,1.0,0,0.0,0.0,False,0.0014588466699945006,0.02903076542709382,21,0.0014588466699945006,14,4.737010242052142e-05,1,-0.038898178608038236,-0.030622107853217173,,0.0,0.001412147716948233,,0.021309094695376278,0.03462375263846536,0.07441470722201655,0.0397909545835512,0.053338399494937884,0.0191372141869704,0.028020788934438465,0.05985637024458509,0.03183558131014662,0.043936574419144926,0.018926494896158684,0.5525833082940284|-0.5259130849482441|0.6827590079634687,0.5488095317850462|-0.9508360417792084|0.38598780176538106,0.18840622630209275|-0.7069525842068837|0.3644925081375625,0.0
143,,arrive,17,2.0469717131642043e-16,4,1.0,2.0469717131642043e-16,2.0469717131642043e-16,0.6615611110654331,0.0,0.0,0.0,0,False,,2,2,0,0,2,0,2,2,,0.1362635118421167,0.0027373379562050104,0.11434646812267601,0.014233022928237915,,0.11434646812267601,0.6615611110654331,0.6615611110654331,,,1.0,1.0,0,0.0,0.0,False,0.003086584260423811,0.029363294984531246,21,0.003086584260423811,14,0.0006625765462567323,1,-0.04157813379198849,-0.030534534085898457,,0.0,0.001413230637496182,,0.02135149540020977,0.03369328420338895,0.07346705672956398,0.03977377252617503,0.055926111201089396,0.01892426562492447,0.026296471248980664,0.060122058126314014,0.03382558687733335,0.045232377728927256,0.019105270732201557,0.5544122260948402|-0.5321007863847382|0.6735626332066259,0.5461168366473808|-0.9561536596240674|0.3555919660422047,0.18880685369363842|-0.7099118401280423|0.33609115879013435,0.0
144,,arrive,16,1.2664165549094176e-14,4,1.0,1.2664165549094176e-14,1.2664165549094176e-14,0.6856116430684144,0.0,0.0,0.0,0,False,,2,2,0,0,2,0,2,2,,0.1344887560699135,0.002753231907263398,0.11303708306513727,0.013967002043500543,,0.11303708306513727,0.6856116430684144,0.6856116430684144,,,1.0,1.0,0,0.0,0.0,False,0.0037687830625426494,0.030158731125284194,22,0.0037687830625426494,14,0.0005049211388077901,2,-0.041884436110965595,-0.030721147976343843,,0.0,0.001409700206203687,,0.021426423406505756,0.033285469857844606,0.07334109913599068,0.04005562927814608,0.05839927417930966,0.018594481290790495,0.025350095900338942,0.06034029538950357,0.034990199489164625,0.045847342999337466,0.019023933534520938,0.5568841745765021|-0.537506472402831|0.6619939278886052,0.5443332431996533|-0.963458798900943|0.3267298631638575,0.1890237543322444|-0.7136838627526216|0.30848313982730646,0.0
145,,arrive,15,6.101936677605324e-13,4,1.0,6.101936677605324e-13,6.101936677605324e-13,0.7079016673402833,0.0,0.0,0.0,0,False,,2,2,0,0,2,0,2,2,,0.13418330694548786,0.0027577669825404882,0.11287951492704451,0.01384216989390552,,0.11287951492704451,0.7079016673402833,0.7079016673402833,,,1.0,1.0,0,0.0,0.0,False,0.005448930292943577,0.03174767240800214,22,0.005448930292943577,14,0.0020342689743849396,2,-0.04211687889677229,-0.031603676081994436,,0.0,0.0014086597063262016,,0.021589675529810403,0.032705732092806486,0.07160104952850449,0.038895317435698004,0.0582847569616684,0.017950426080630383,0.024063446130862132,0.060328905568130996,0.03626545943726886,0.046508190163119544,0.01894923116739778,0.5614266018715788|-0.5435116343832962|0.6494476238741115,0.541374849362745|-0.9713148709130056|0.30152332093630885,0.1894400058399997|-0.7169034229958762|0.28226363940229476,0.0
146,,arrive,14,2.289734845645553e-11,4,1.0,2.289734845645553e-11,2.289734845645553e-11,0.7389027452650052,0.0,0.0,0.0,0,False,,2,2,0,0,2,0,2,2,,0.1568977078422904,0.002801021095365286,0.13534463592804968,0.013952463865280151,,0.13534463592804968,0.7389027452650052,0.7389027452650052,,,1.0,1.0,0,0.0,0.0,False,0.005881336202900073,0.032955792908864495,22,0.005881336202900073,14,0.0031553404457846657,2,-0.04221537610726678,-0.0316499314648393,,0.0,0.001405653043122579,,0.021912224415994185,0.03168998651567943,0.0714481930175317,0.03975820650185227,0.0595612673707191,0.01824330171747164,0.02323291434889417,0.06026833931728951,0.03703542496839534,0.04588101309881392,0.01944976583209462,0.5594096734665559|-0.544619851716568|0.6353249847518574,0.539459493321809|-0.9766928796023848|0.27651019040384267,0.1892962571135428|-0.7198313471712302|0.254973699872994,0.0
147,,arrive,13,6.691586091292782e-10,4,1.0,6.691586091292782e-10,6.691586091292782e-10,0.7855451992712653,0.0,0.0,0.0,0,False,,2,2,0,0,2,0,2,2,,0.13509685290046036,0.0027140630409121513,0.11357788206078112,0.01402133097872138,,0.11357788206078112,0.7855451992712653,0.7855451992712653,,,1.0,1.0,0,0.0,0.0,False,0.005937324439865221,0.03417219745494465,20,0.005937324439865221,14,0.001959740612506866,1,-0.04270163309722541,-0.03128769858278169,,0.0,0.0013825087617699604,,0.02228699753063387,0.030619936521373375,0.06758622233980674,0.036966285818433364,0.06004618444724763,0.018100839222753722,0.02300405103576325,0.06173287625230163,0.03872882521653838,0.04682221074423035,0.020086378949955772,0.5598276643143694|-0.5480356437230123|0.6233801380647854,0.5330507041820772|-0.9847412577455856|0.2563641013094362,0.18922944405937128|-0.7202501571204369|0.23209854419038406,0.0
148,,arrive,12,1.522997974471263e-08,4,1.0,1.522997974471263e-08,1.522997974471263e-08,0.7990023709085776,0.0,0.0,0.0,0,False,,2,2,0,0,2,0,2,2,,0.13913961593061686,0.002763264114037156,0.11720709293149412,0.014234009897336364,,0.11720709293149412,0.7990023709085776,0.7990023709085776,,,1.0,1.0,0,0.0,0.0,False,0.006125588776490734,0.035509193453941046,20,0.006125588776490734,14,0.002481428690044349,1,-0.04258697230212327,-0.03167944794787836,,0.0,0.0013854427225239766,,0.02243005827628571,0.030423132318076654,0.06740643619878237,0.03698330388070571,0.059685628615265225,0.018220955311197263,0.022649022153710126,0.06210125192774066,0.03945222977403053,0.046372060725887475,0.02015668651926053,0.5606053600341836|-0.554458151124264|0.6116289075918786,0.5298862346126684|-0.9895386856635859|0.23438106005357434,0.18943050632875455|-0.7211656023017604|0.2105150125843681,0.0
149,,arrive,11,2.699578503363014e-07,4,1.0,2.699578503363014e-07,2.699578503363014e-07,0.8132826589685911,0.0,0.0,0.0,0,False,,2,2,0,0,2,0,2,2,,0.14318218198604882,0.0027108672074973583,0.1211957789491862,0.014449110953137279,,0.1211957789491862,0.8132826589685911,0.8132826589685911,,,1.0,1.0,0,0.0,0.0,False,0.0014487211642051842,0.03682269404344046,19,0.0014487211642051842,14,0.0007322505558511605,1,-0.0380918651722677,-0.031078726926560662,,0.0,0.0013901532424802233,,0.02252610852000658,0.029357986456967522,0.07109771905116885,0.04173973259420133,0.06360830596149687,0.018638806604855965,0.022605804200706885,0.061376657491248966,0.038770853290542084,0.04848775293784989,0.02052948462866667,0.5610713349340117|-0.5595165695810533|0.6000357938468237,0.5304256856328824|-0.9947527907221547|0.215500384659305,0.18804555805582743|-0.7227284295849811|0.19122291651303872,0.0
150,,arrive,10,3.726653172078671e-06,4,1.0,3.726653172078671e-06,3.726653172078671e-06,0.8237062092875785,0.0,0.0,0.0,0,False,,2,2,0,0,2,0,2,2,,0.1490958221256733,0.0027011430356651545,0.12697747303172946,0.01457983790896833,,0.12697747303172946,0.8237062092875785,0.8237062092875785,,,1.0,1.0,0,0.0,0.0,False,0.0014480139122697543,0.03832092050751512,19,0.0014480139122697543,14,0.0009504293420579679,1,-0.03801579372207797,-0.031157992489774244,,0.0,0.0013968758155434257,,0.022812419605440136,0.028421487278345592,0.07147880899157244,0.04305732171322685,0.058277711532242975,0.018459399311741467,0.022795398613914934,0.059849959281162844,0.03705456066724791,0.04861053154428884,0.020986526177281306,0.5650975579614738|-0.5653247634330583|0.587497173057448,0.5245781066750894|-1.000063397550542|0.19374776203737912,0.18900508602328958|-0.7210523823057872|0.1760745303043055,0.0
151,,arrive,9,4.006529739295107e-05,4,1.0,4.006529739295107e-05,4.006529739295107e-05,0.8269777201675094,0.0,0.0,0.0,0,False,,2,2,0,0,2,0,2,2,,0.15375860501080751,0.0027326499111950397,0.131312940036878,0.014729610877111554,,0.131312940036878,0.8269777201675094,0.8269777201675094,,,1.0,1.0,0,0.0,0.0,False,0.0014489076987457723,0.039322559137748625,18,0.0014489076987457723,14,0.0,0,-0.03745813320437996,-0.03194401936064217,,0.0,0.001403117702451453,,0.02282996726568372,0.027491255393820906,0.07154066288780145,0.04404940749398054,0.059785103177073015,0.018585986667035693,0.024166264173624576,0.058466941938636434,0.03430067776501186,0.04674937516074347,0.02192555178178183,0.5645657938081085|-0.5668630892707226|0.5781346483292875,0.5217052180905918|-1.0027764437524005|0.1823510865718169,0.18897041931378242|-0.7196764166036985|0.16428900561178253,0.0
152,,arrive,8,0.00033546262790251185,4,1.0,0.00033546262790251185,0.00033546262790251185,0.8325740281129941,0.0,0.0,0.0,0,False,,2,2,0,0,2,0,2,2,,0.15723563800565898,0.002720403950661421,0.13438590709120035,0.01510036806575954,,0.13438590709120035,0.8325740281129941,0.8325740281129941,,,1.0,1.0,0,0.0,0.0,False,0.0015036526223156238,0.0402711565970813,19,0.0015036526223156238,14,0.0007357703435253021,1,-0.03773301733752987,-0.03266680260255761,,0.0,0.0014044846874718638,,0.022934283552711706,0.02702965980338548,0.07063196283665983,0.04360230303327435,0.056477202040049065,0.018657946168947497,0.023788094968484014,0.05773240054201841,0.033944305573534395,0.04691361229090915,0.02194131985049328,0.5653173319197264|-0.5682403497929364|0.5679863479505612,0.5160832110552545|-1.005772842096674|0.1684115915827197,0.18841642092454286|-0.7179039624206399|0.1533463399495352,0.0
153,arrive,arrive,7,0.002187491118182885,4,1.0,0.002187491118182885,0.002187491118182885,0.8390496352353884,0.010227762704952941,0.0,2.237314007596672e-05,0,False,,2,2,0,0,2,0,2,2,pelvis,0.16659717494621873,0.0027774900663644075,0.13795690704137087,0.020943453069776297,,0.13795690704137087,0.8390720082596735,0.8390720082596735,,,1.0,1.0,0,0.0,0.0,False,0.0014495475509230665,0.04100753523899672,19,0.0014495475509230665,14,0.0012634267725919052,1,-0.038250710902573815,-0.032594539256788124,,0.0,0.0014133717239145562,,0.0230540009887607,0.02688294377487423,0.06937926735902371,0.04249632358414948,0.054053346236757685,0.01896609990842071,0.023580982661257258,0.0580328350567222,0.034451852395464944,0.04753261982802005,0.021872641297809893,0.5646560732442969|-0.5695463496205339|0.5601500598762242,0.5116593461816653|-1.0068978079818334|0.15676307730215797,0.18697398294272344|-0.7155970608057023|0.14451650777149153,0.010227762704952941
154,arrive,arrive,6,0.011108996538242306,4,1.0,0.011108996538242306,0.011108996538242306,0.8326221988428244,0.009511211695151312,0.0,0.00010566001779592566,0,False,,2,2,0,0,2,0,2,2,pelvis,0.16502747987397015,0.002755714813247323,0.1359129110351205,0.02122094202786684,,0.1359129110351205,0.8327278578758588,0.8327278578758588,,,1.0,1.0,0,0.0,0.0,False,0.0014498896256668267,0.04174248963158056,20,0.0014498896256668267,14,0.000928527772742882,2,-0.03849408372265373,-0.033222160776256615,,0.0,0.0014074613249779205,,0.023019291114655244,0.027578374618385686,0.0688737920622304,0.04129541744384472,0.05164242060574245,0.018858968752540194,0.023521168087791845,0.05765181203943215,0.0341306439516403,0.04782371293668148,0.021884599674447624,0.5651924711537765|-0.5727136871582971|0.5540836761735146,0.5085007607772684|-1.00700377131184|0.14598286147508138,0.18567734087013937|-0.7139398798089764|0.13798547721186422,0.009511211695151312
155,arrive|place,arrive,5,0.04393693362340742,4,1.0,0.04393693362340742,0.04393693362340742,0.8238289957130671,0.008950171448051778,0.0,0.00039324308883116724,0,False,,2,2,0,0,2,0,2,2,pelvis,0.16702715400606394,0.002769259037449956,0.13734940299764276,0.021692930022254586,,0.13734940299764276,0.8242222292596114,0.8242222292596114,,,1.0,1.0,0,0.0,0.0,False,0.0014505480619622473,0.042181270102445295,20,0.0021489751312105954,13,0.001000142367557147,3,-0.03854485986720313,-0.03498082151584825,,0.0,0.001415881719381143,,0.02284920584071975,0.028482638957139813,0.06541752902422464,0.03693489006708482,0.04853704100913089,0.017985811816798276,0.02312318671560958,0.05773105282599847,0.034607866110388893,0.04916520426819728,0.021653612809948045,0.5640777762614372|-0.5709463288921013|0.5510731952164653,0.5036121612349348|-1.0073123964774073|0.14112190199916774,0.18413898222837793|-0.7121415035292686|0.13760137831913416,0.008950171448051778
156,arrive|place,arrive,4,0.1353352832366127,4,1.0,0.1353352832366127,0.1353352832366127,0.8201149056553483,0.008671401501165263,0.0,0.0011735465782185895,0,False,,2,2,0,0,2,0,2,2,pelvis,0.18938859412446618,0.0027703179512172937,0.15834689186885953,0.023217095993459225,,0.15834689186885953,0.8212884452306244,0.8212884452306244,,,1.0,1.0,0,0.0,0.0,False,0.0014506496101343268,0.04262503634536627,20,0.007328516060234547,12,0.0009998271096273575,4,-0.0394426450165426,-0.03388621338277886,,0.0,0.001398466980646444,,0.02273980701289467,0.029430555194348028,0.0633695806063334,0.03393902541198537,0.048952946675958495,0.017845880292179508,0.022366269712316186,0.059417245385523614,0.03705097567320743,0.0523343398363514,0.021586203515067376,0.5647375121881101|-0.5722981857368675|0.5491761202743111,0.502376137444106|-1.0055292618940403|0.13834715557549332,0.18215799346584877|-0.7100002426038733|0.13763465399346425,0.008671401501165263
157,arrive|place,arrive,3,0.32465246735834974,4,1.0,0.32465246735834974,0.32465246735834974,0.8173399507636568,0.008347865335982434,0.0,0.0027101550785019364,0,False,,2,2,0,0,2,0,2,2,pelvis,0.16424200707115233,0.0027708609122782946,0.13517497084103525,0.02118949987925589,,0.13517497084103525,0.8200500912872087,0.8200500912872087,,,1.0,1.0,0,0.0,0.0,False,0.00145050384228965,0.04300999676705375,20,0.008619395416428366,11,0.0009993421138704828,4,-0.039021935794336216,-0.03280894247160582,,0.0,0.0013754108214373295,,0.02267996932929977,0.029674758276009964,0.06137328285191543,0.03169852457590547,0.04730403690096529,0.01794265878749461,0.022004248975370743,0.060532912724450876,0.038528663749080136,0.05439480316261445,0.021561325297065677,0.5634677027876113|-0.5739533911467707|0.5476312235131049,0.4981254582355125|-1.0077000457129646|0.1380052122101546,0.18145897985738102|-0.7085405856296093|0.13759097121784603,0.008347865335982434
158,arrive|place,arrive,2,0.6065306597126334,4,1.0,0.6065306597126334,0.6065306597126334,0.8311772690628048,0.007600589754645778,0.0,0.004609990718090386,0,False,,2,2,0,0,2,0,2,2,pelvis,0.16399405617266893,0.0027501899749040604,0.13532670214772224,0.02095629507675767,,0.13532670214772224,0.8357871867593103,0.8357871867593103,,,1.0,1.0,0,0.0,0.0,False,0.0014501004578366256,0.04339186014067978,19,0.00670149025878225,11,0.001314213466282771,3,-0.039300226230000845,-0.031740234286084856,,0.0,0.0013798865917835034,,0.022784872372996562,0.028822959556492993,0.06320145032290661,0.03437849076641362,0.05280352732451576,0.017910212166721916,0.023525633929019848,0.06083756021058824,0.03731192628156839,0.0546063283660106,0.021748662841660455,0.5646354149348722|-0.5746357939611705|0.54494090935423,0.50265787280581|-1.0053976589549058|0.13986749829172046,0.18230166098614545|-0.708060556367645|0.13758170186320226,0.007600589754645778
159,arrive|place,arrive,1,0.8824969025845955,4,1.0,0.8824969025845955,0.8824969025845955,0.8300511754130553,0.007237919378262988,0.0,0.006387441432474108,0,False,,2,2,0,0,2,0,2,2,pelvis,0.16355862701311707,0.0027421568520367146,0.13451442308723927,0.02129866392351687,,0.13451442308723927,0.8364385379347375,0.8364385379347375,,,1.0,1.0,0,0.0,0.0,True,0.0015027075879213425,0.043759645922314794,19,0.006064336136306719,11,0.0012525654065712183,3,-0.03919378733572643,-0.030184953272776482,,0.0,0.0013591414867462515,,0.022754062798594314,0.028222029035005217,0.0632297674276229,0.035007738392617685,0.05386159862898058,0.01794138693047286,0.02496753139055983,0.06208152587053701,0.03711399447997718,0.05438769314407439,0.021681536007757286,0.5639396531514854|-0.5761329354065037|0.5427957089217005,0.5011204504961|-1.0075131630337393|0.13993216384733648,0.18181086891166076|-0.7078196216658695|0.13754730017132605,0.007237919378262988
160,arrive|place|release,arrive,0,1.0,4,1.0,1.0,1.0,0.8301417924954527,0.0221247373132134,0.0,0.0221247373132134,34,False,,2,2,0,0,2,0,2,2,pelvis|left_hand|right_hand,0.16525779315270483,0.002764980075880885,0.13658637506887317,0.020981688052415848,,0.13658637506887317,0.8522643066780847,0.8522643066780847,,,1.0,1.0,0,0.0,0.0,True,0.0014499902325370018,0.043688092516064064,21,0.0059366206472082905,12,0.001318001010413447,4,-0.03684131807003865,-0.029870352099809594,,0.0,0.0013995798137550316,,0.022786445891884863,0.027716878355266827,0.06414623052321766,0.03642935216795083,0.052915537727023516,0.01780198999682943,0.026678162967446153,0.06205166198478835,0.0353734990173422,0.055652086922307234,0.022293490710011646,0.5633724981352409|-0.5795030207935707|0.541905973666728,0.4974309998919961|-1.0130809984934492|0.138049473947993,0.18181544074362832|-0.708786804982363|0.13743755808408958,0.0221247373132134
161,arrive|place|release,arrive,1,0.8824969025845955,4,1.0,0.8824969025845955,0.8824969025845955,0.827992789247481,0.02214374685037625,0.0,0.019541788007074432,34,False,,2,2,0,0,2,0,2,2,pelvis|left_hand|right_hand,0.16586143313907087,0.0027189019601792097,0.1368858388159424,0.021308778086677194,,0.1368858388159424,0.8475342005012,0.8475342005012,,,1.0,1.0,0,0.0,0.0,True,0.001675650293646816,0.04355600440384974,20,0.005039517427734258,12,0.001675650293646816,3,-0.035858025577944375,-0.029205440548278006,,0.0,0.0013941281041226976,,0.022775198668483532,0.027859850731173672,0.06388111536984152,0.03602126463866785,0.05234542790490837,0.017784459025233564,0.028178550168756502,0.06261200225952807,0.03443345209077156,0.05625069212117375,0.021893148671514703,0.5615958502227513|-0.5818569183986502|0.5417600552771553,0.49410317565306416|-1.0163252290608458|0.13803738103977534,0.18240363236451984|-0.7075992254434736|0.13725180656136754,0.02214374685037625
162,arrive|place|release,place,0,1.0,4,1.0,1.0,1.0,0.8223504901420778,0.021562562616109095,0.0,0.021562562616109095,34,False,,2,2,0,0,2,0,2,2,pelvis|left_hand|right_hand,0.16562603693455458,0.0028110819403082132,0.13683058694005013,0.020998938009142876,,0.13683058694005013,0.8439126251978409,0.8439126251978409,,,1.0,1.0,0,0.0,0.0,True,0.001450637509477378,0.043480050380578394,20,0.0034113582408976384,12,0.0009989152189828765,3,-0.03561181151720305,-0.029288788866130844,,0.0,0.0013864455979430746,,0.022730795843037974,0.029374126293451857,0.06367128779721984,0.03429716150376798,0.05150937094552746,0.01778834599527732,0.029207366910765007,0.06252382074660183,0.033316453835836826,0.055418278230699086,0.0219584425816668,0.5598714842472609|-0.5836811711498087|0.5420740191928397,0.49297696234475263|-1.0174444602303245|0.13804020505175507,0.18229693010996187|-0.7079261046518496|0.13704179492134183,0.021562562616109095
163,arrive|place|release,place,1,0.8824969025845955,4,1.0,0.8824969025845955,0.8824969025845955,0.8163366312027172,0.02017677966880599,0.0,0.017805945561853123,35,False,,2,2,0,0,2,0,2,2,pelvis|left_hand|right_hand,0.18929250398650765,0.002801568014547229,0.16031603701412678,0.021196538815274835,,0.16031603701412678,0.8341422784311973,0.8341422784311973,,,1.0,1.0,0,0.0,0.0,True,0.0014506556845738372,0.043441230806675446,20,0.0027335402352362537,12,0.001105877280762349,3,-0.0355225919345461,-0.028485113150651387,,0.0,0.0012903212733679098,,0.022703279088887234,0.03150428727660695,0.06334884528119888,0.03184455800459193,0.049991020336520746,0.017908680857568915,0.03064899263967678,0.06305446198532876,0.03240546934565197,0.05305453944419973,0.02182811655447837,0.5587907370467489|-0.5851125652204237|0.5419268723147657,0.49207216494314465|-1.0185626164120332|0.13802374520803645,0.17992206294681654|-0.710436841894723|0.13704269609722358,0.02017677966880599
164,arrive|place|release,place,2,0.6065306597126334,4,1.0,0.6065306597126334,0.6065306597126334,0.8000179697318347,0.018294164272399566,0.0,0.011095971525029797,36,False,,2,2,0,0,2,0,2,2,pelvis|left_hand|right_hand,0.16618534084409475,0.0027586279902607203,0.13749112095683813,0.02095804805867374,,0.13749112095683813,0.8111137788844307,0.8111137788844307,,,1.0,1.0,0,0.0,0.0,True,0.0014507459083784417,0.04342543886032613,20,0.0033070616425555366,12,0.0010012099432019084,3,-0.03659797259364339,-0.02817425211033253,,0.0,0.0013174980839114015,,0.022527338610412614,0.0342397784909616,0.062483073475394904,0.0282432949844333,0.047821858315540595,0.017975736045823552,0.03187776298455548,0.06340481981890948,0.031527056834354,0.049521270737797746,0.021338119807181186,0.5575499911142467|-0.5872522028368252|0.5426878114780742,0.4914807734108222|-1.018367075690481|0.1379688240434821,0.17917273231296055|-0.71135385529469|0.13701349005559108,0.018294164272399566
165,arrive|place|release,release,2,0.6065306597126334,4,1.0,0.6065306597126334,0.6065306597126334,0.7880219162435683,0.015847167851775854,0.0,0.009611793171714443,37,False,,2,2,0,0,2,0,2,2,pelvis|left_hand|right_hand,0.1675831819884479,0.002784046111628413,0.1385724141728133,0.021252528997138143,,0.1385724141728133,0.7976335816742234,0.7976335816742234,,,1.0,1.0,0,0.0,0.0,True,0.0014507187665284173,0.04316855559147187,21,0.0036989498235192875,12,0.00099991395654081,4,-0.03736192919918224,-0.028458758244203963,,0.0,0.0013209880275247047,,0.022407395672981348,0.03852701768521481,0.062436252562184866,0.023909234876970054,0.04448499559124566,0.018143189310541315,0.03195709422104406,0.06327478825715281,0.03131769403610875,0.04492035642523112,0.020637316294835586,0.5561424556297241|-0.5878192006667347|0.543801697944459,0.4927156867914802|-1.0168484122483026|0.1378448201758217,0.17981975073515535|-0.7108169733763864|0.13697689825508103,0.015847167851775854
166,arrive|place|release,release,1,0.8824969025845955,4,1.0,0.8824969025845955,0.8824969025845955,0.7847485502562422,0.013242512219636689,0.0,0.011686476016268033,38,False,,2,2,0,0,2,0,2,2,pelvis|left_hand|right_hand,0.16585120698437095,0.0028026809450238943,0.13691628398373723,0.021151720080524683,,0.13691628398373723,0.7964348991418679,0.7964348991418679,,,1.0,1.0,0,0.0,0.0,True,0.0014507154050992128,0.0430534433362639,21,0.0033454913191396374,12,0.001010582570529564,4,-0.03789425143707703,-0.027647401323026344,,0.0,0.0012940063219165983,,0.02243366008913136,0.044143587607936095,0.06232597495669338,0.01818238734875728,0.0400300873840431,0.01830969800069988,0.032630351534713914,0.06372196152276537,0.031091609988051452,0.0402214153834561,0.02054748912737054,0.5546941132720277|-0.5878892930896479|0.5446549957254279,0.4933388392299992|-1.0157803054188235|0.1377262373913104,0.1782539427447666|-0.7121915227824899|0.1370796112876887,0.013242512219636689
167,arrive|place|release,release,0,1.0,4,1.0,1.0,1.0,0.7797442585690655,0.011118635024575352,0.0,0.011118635024575352,39,False,,2,2,0,0,2,0,2,2,pelvis|left_hand|right_hand,0.1679050619713962,0.002775730099529028,0.1393566019833088,0.02082642400637269,,0.1393566019833088,0.7908616955001762,0.7908616955001762,,,1.0,1.0,0,0.0,0.0,True,0.0014506994136350947,0.04288117525414109,18,0.0032885224614347397,12,0.0009336337632161323,1,-0.03852222431875951,-0.026429207588519077,,0.0,0.001104548242935541,,0.02242933880338926,0.05102108597820686,0.061775966014146415,0.010754880035939558,0.03355702358313002,0.01805421168985935,0.03403831060581309,0.06624859043400205,0.03221027982818896,0.038313938498380995,0.020803700826978473,0.5534657098566065|-0.5874078528576248|0.5479822567758024,0.49345228388977236|-1.0148229415238084|0.14097684263453825,0.17780542681655903|-0.7109106557449554|0.1428428711289882,0.011118635024575352
168,place|release,release,1,0.8824969025845955,4,1.0,0.8824969025845955,0.8824969025845955,0.7672693160284382,0.00964897093055816,0.0,0.008515186959346378,41,False,,2,2,0,0,2,0,2,2,pelvis|left_hand|right_hand,0.1643872749991715,0.0027882130816578865,0.13595381006598473,0.020832370966672897,,0.13595381006598473,0.7757807788487376,0.7757807788487376,,,1.0,1.0,0,0.0,0.0,True,0.0014505890436924684,0.042348704995560066,17,0.00327682267585247,12,0.0010056889637354571,1,-0.03892279130894494,-0.02499097437316422,,0.0,0.0014146908916195253,,0.022317072625659285,0.057945770332680925,0.06197856008283515,0.004032789750154225,0.029999483914246734,0.018332735284934985,0.03768593914257465,0.07133606260860473,0.03365012346603008,0.03509547635611204,0.020400221901554914,0.5500509477210439|-0.5850387251680664|0.5556722664691126,0.495039844988732|-1.0129338929366432|0.14553609743390764,0.17702988064961261|-0.7105263525873039|0.15435752589713872,0.00964897093055816
169,place|release,release,2,0.6065306597126334,4,1.0,0.6065306597126334,0.6065306597126334,0.7553976956126366,0.007606399327406286,0.0,0.004613514402089466,42,False,,2,2,0,0,2,0,2,2,pelvis|left_hand|right_hand,0.1615362090524286,0.0027759461663663387,0.13343753083609045,0.020459983963519335,,0.13343753083609045,0.7600004194401093,0.7600004194401093,,,1.0,1.0,0,0.0,0.0,True,0.0014610048066173928,0.041969995246363134,15,0.0033650770584381373,10,0.0008484198319062691,1,-0.03145053358833394,-0.03229999231815839,,0.0,0.0014140737038328877,,0.022203288381702272,0.06520212713187788,0.06829308838797836,0.0030909612561004773,0.02642125642922797,0.01855350792955097,0.04522794336980984,0.06943155140595397,0.02420360803614413,0.028560733420276745,0.020375588719395356,0.5470022190994395|-0.5855890674124989|0.5647369274446142,0.50175896953346|-1.0134931199863189|0.15101465891661486,0.1813418424604463|-0.7103966544399455|0.16710378347808158,0.007606399327406286
170,release,release,3,0.32465246735834974,4,1.0,0.32465246735834974,0.32465246735834974,0.7386738216983433,0.006694758298863205,0.0,0.0021734698000937277,43,False,,2,2,0,0,2,0,2,2,left_hand|right_hand,0.18100412795320153,0.002729698084294796,0.1529885029885918,0.020557505078613758,,0.1529885029885918,0.740846719350596,0.740846719350596,,,1.0,1.0,0,0.0,0.0,True,0.0014684354189255303,0.04149394262409961,13,0.0033603405169984057,9,0.0,0,-0.019505040914861382,-0.02925424720837988,,0.0,0.0014142576468542723,,0.02203068098210184,0.07218582435300443,0.078703643503445,0.006517819150440571,0.024043054470547807,0.018455981115699474,0.049393140583701305,0.07177225532294594,0.022379114739244636,0.02758411121459077,0.019973101172385505,0.545119540684853|-0.5858795684838063|0.5734660780073131,0.5107680453142057|-1.0157226498481495|0.16041770598203547,0.1838490205289129|-0.6997298779661627|0.17960837993443712,0.006694758298863205
171,release,release,4,0.1353352832366127,4,1.0,0.1353352832366127,0.1353352832366127,0.7301116248599048,0.006633124689809039,0.0,0.000897695808639075,43,False,,2,2,0,0,2,0,2,2,left_hand|right_hand,0.154600840061903,0.0028085920494049788,0.1274774440098554,0.019734994042664766,,0.1274774440098554,0.7310091889413596,0.7310091889413596,,,1.0,1.0,0,0.0,0.0,True,0.001407387173528455,0.040558789379357835,13,0.0033176622921406163,9,0.0,0,-0.0036082220688875566,-0.026562238471791844,,0.0,0.0014139136191012344,,0.021882051376455266,0.0817515852275083,0.09470457946426297,0.012952994236754667,0.024829930187413855,0.01894858368707234,0.05656154740956927,0.07755954903485358,0.020998001625284313,0.026647692298770675,0.0196727236499998,0.5430835591080758|-0.5863708797497519|0.5852195352347473,0.5242019380544001|-1.0159696796693767|0.17733957188791605,0.18549441653366158|-0.6928647448610409|0.19655026051874747,0.006633124689809039
172,release,release,5,0.04393693362340742,4,1.0,0.04393693362340742,0.04393693362340742,0.7201391035530178,0.006869808105126865,0.0,0.00030183830272050537,46,False,,2,2,0,0,2,0,2,2,left_hand|right_hand,0.14981038705445826,0.002968329004943371,0.12335358816199005,0.019044735934585333,,0.12335358816199005,0.7204409270921932,0.7204409270921932,,,1.0,1.0,0,0.0,0.0,True,0.0014035260694535007,0.03983575864643582,13,0.0032773474505289335,9,0.0,0,0.01338371508462366,-0.013771529523914694,,0.0,0.0014144673729940124,,0.02179659094840136,0.08741630480404104,0.0959129728239091,0.008496668019868064,0.0249693477770143,0.018937590024965714,0.06847629255171706,0.09178220446452544,0.023305911912808383,0.027395132644611964,0.020482103430269776,0.5433196600754456|-0.5856350411837845|0.5966590501816432,0.5386286660552907|-1.0136905972768095|0.19484167837272154,0.18488113301484824|-0.6810760699251508|0.21474613610251525,0.006869808105126865
173,release,release,6,0.011108996538242306,4,1.0,0.011108996538242306,0.011108996538242306,0.7110348928461552,0.006825344705643512,0.0,7.582273070730423e-05,46,False,,2,2,0,0,2,0,2,2,left_hand|right_hand,0.14671453787013888,0.00280409911647439,0.12078147009015083,0.018810737179592252,,0.12078147009015083,0.7111107105852363,0.7111107105852363,,,1.0,1.0,0,0.0,0.0,True,0.0014357588192801633,0.039231697795999304,13,0.003212840348059298,9,0.0,0,0.027010642714312638,-0.0014434570095254173,,0.0,0.0014141168466851033,,0.021721220989006463,0.08849723896939748,0.10110736275749029,0.0126101237880928,0.024304463829508544,0.01927836910265273,0.07654651471494775,0.0984158557917443,0.021869341076796556,0.027827360260880177,0.0202665037082937,0.5445059254774516|-0.5865860475559634|0.6081069427894994,0.5533320029925611|-1.0090296279370456|0.2119676686924275,0.18622012831197352|-0.6693823555990945|0.23229887164506507,0.006825344705643512
174,release,release,7,0.002187491118182885,4,1.0,0.002187491118182885,0.002187491118182885,0.693682678737813,0.00688637865785175,0.0,1.506389215049488e-05,46,False,,2,2,0,0,2,0,2,2,left_hand|right_hand,0.13963583996519446,0.0028328581247478724,0.11478317086584866,0.017844524001702666,,0.11478317086584866,0.6936977419949257,0.6936977419949257,,,1.0,1.0,0,0.0,0.0,True,0.001404959293261905,0.038495375670331705,13,0.0032808881487431663,9,0.0,0,0.043413317330395884,0.013578827961442386,,0.0,0.0014137252374321258,,0.02154509198414851,0.09535643335873249,0.10416509834679569,0.008808664988063195,0.024240926921952524,0.01916718669296969,0.08196116553129464,0.09971004428321095,0.017748878751916317,0.028100768557726447,0.020230777218483938,0.5453322667467927|-0.5838008921965542|0.6191341130804077,0.5691918510099458|-1.003001055064416|0.23236394992976983,0.1883217277383965|-0.6572727765968129|0.2515617343195877,0.00688637865785175
175,,release,8,0.00033546262790251185,4,1.0,0.00033546262790251185,0.00033546262790251185,0.6994472005365638,0.0,0.0,0.0,0,False,,2,2,0,0,2,0,2,2,,0.1259907039348036,0.0027737400960177183,0.10642860201187432,0.012739837868139148,,0.10642860201187432,0.6994472005365638,0.6994472005365638,,,1.0,1.0,0,0.0,0.0,True,0.001465506250038863,0.03776611754282466,14,0.0032480913721732174,9,0.0,0,0.04402062060847989,0.013516943906035195,,0.0,0.0014135669462872586,,0.021595325236187606,0.10933019893862801,0.11388679330467254,0.004556594366044525,0.02463452643103129,0.019272942302521516,0.09345158665985749,0.10471983850361645,0.011268251843758958,0.026523937682372125,0.020452578425543773,0.5482109176163085|-0.5830202092114787|0.6305829241933858,0.5863134072764442|-0.9954253461686651|0.2557033070506533,0.19174795193354663|-0.6459095243505301|0.2714251323655204,0.0
176,,release,9,4.006529739295107e-05,4,1.0,4.006529739295107e-05,4.006529739295107e-05,0.6962937587356496,0.0,0.0,0.0,0,False,,2,2,0,0,2,0,2,2,,0.12267905892804265,0.002753351116552949,0.10349662019871175,0.012359096202999353,,0.10349662019871175,0.6962937587356496,0.6962937587356496,,,1.0,1.0,0,0.0,0.0,True,0.0014038096564575747,0.03702086730245355,13,0.0032414610302861635,8,0.0,0,0.046370282742200786,0.01240366147090377,,0.0,0.0014163130429926472,,0.02157285283415541,0.11992225228588647,0.1309976691953172,0.011075416909430716,0.025598298336574534,0.019372587696141082,0.10911909928107438,0.11494533879987391,0.005826239518799528,0.025110065834810034,0.020426248667188528,0.5478585660267478|-0.5864101665912342|0.6440599957393299,0.6066546681089431|-0.9822659401256293|0.2825008327455526,0.19534054421298574|-0.6346660541549193|0.2947140541705547,0.0
177,,release,10,3.726653172078671e-06,4,1.0,3.726653172078671e-06,3.726653172078671e-06,0.6917808480201199,0.0,0.0,0.0,0,False,,2,2,0,0,2,0,2,2,,0.12051024800166488,0.002718708012253046,0.10130929294973612,0.012492317007854581,,0.10130929294973612,0.6917808480201199,0.6917808480201199,,,1.0,1.0,0,0.0,0.0,True,0.0013907118058202467,0.03601768708674985,13,0.003209678411143918,8,0.0,0,0.05287355365035573,0.017517231115276033,,0.0,0.0010409229241784435,,0.021435755255376762,0.12856650670278466,0.1307099040590447,0.0021433973562600406,0.02626626289032136,0.019416653330509903,0.11736156216501047,0.1267850096772891,0.009423447512278624,0.025229627400764044,0.01920382450021027,0.5482480419795315|-0.5928586042512319|0.6602106043415216,0.6250573242709568|-0.969482681609218|0.3116508308628755,0.20427104938606117|-0.6192071861508942|0.32566310935487175,0.0
178,,release,11,2.699578503363014e-07,4,1.0,2.699578503363014e-07,2.699578503363014e-07,0.671151135505773,0.0,0.0,0.0,0,False,,2,2,0,0,2,0,2,2,,0.11703883088193834,0.0027794151101261377,0.09787720907479525,0.012439903104677796,,0.09787720907479525,0.671151135505773,0.671151135505773,,,1.0,1.0,0,0.0,0.0,True,0.0013981802747043623,0.035221624621842,14,0.0032372118068071387,9,0.0,0,0.06486368375837515,0.027381809786243494,,0.0,0.0014131212163503264,,0.021240119713158128,0.1450407403415181,0.13609454447022137,0.00894619587129672,0.02666340466718868,0.019308701652138733,0.12793315693065788,0.1401963107892888,0.012263153858630915,0.026063492071011236,0.019176995449364177,0.5429460297321074|-0.5982022146802722|0.6735013265965253,0.6418385524424001|-0.9579907928635866|0.34250493060664267,0.2101356609126836|-0.6065219066968198|0.3511783540829071,0.0
179,,release,12,1.522997974471263e-08,4,1.0,1.522997974471263e-08,1.522997974471263e-08,0.6566210219661732,0.0,0.0,0.0,0,False,,2,2,0,0,2,0,2,2,,0.11083705211058259,0.002797215012833476,0.09204972186125815,0.012117175851017237,,0.09204972186125815,0.6566210219661732,0.6566210219661732,,,1.0,1.0,0,0.0,0.0,True,0.0014217497510752332,0.034377635003382256,13,0.0032177457428858303,8,0.0,0,0.08148011587560866,0.03782645343379265,,0.0,0.0014125151945014811,,0.021118293377278597,0.16799531309944574,0.1497625793148806,0.018232733784565136,0.027271849391889865,0.019254121284132366,0.1430239994661397,0.15136615017422866,0.008342150708088969,0.026036150182234156,0.019200735357573998,0.5385884439387809|-0.5984276082207612|0.6849905711271174,0.6571235009539993|-0.9442210046282599|0.3779954696119512,0.21686912032312425|-0.5950275519167519|0.3779456434833277,0.0
180,,release,13,6.691586091292782e-10,4,1.0,6.691586091292782e-10,6.691586091292782e-10,0.6607932566929492,0.0,0.0,0.0,0,False,,2,2,0,0,2,0,2,2,,0.10626146593131125,0.0028356611728668213,0.08768419595435262,0.011902347905561328,,0.08768419595435262,0.6607932566929492,0.6607932566929492,,,1.0,1.0,0,0.0,0.0,True,0.0014211728340845185,0.033277368486266806,13,0.0032865042744878725,8,0.0,0,0.10168523614524361,0.0492966310256886,,0.0,0.0013842420858253886,,0.02116482610126203,0.19553606696033513,0.17108126416377867,0.024454802796556457,0.02747410954821305,0.01944879005245703,0.1612148843364886,0.15991167168470732,0.0013032126517812659,0.024357804681763903,0.019285640606343774,0.5349123425382613|-0.6017321011681777|0.6960808737086708,0.6714507378923712|-0.9307761289770301|0.4122341079438412,0.22629268841136946|-0.5856958403768665|0.4070870562448754,0.0
181,,release,14,2.289734845645553e-11,4,1.0,2.289734845645553e-11,2.289734845645553e-11,0.6637119762229684,0.0,0.0,0.0,0,False,,2,2,0,0,2,0,2,2,,0.10408442793413997,0.0027858149260282516,0.0854814110789448,0.011913807829841971,,0.0854814110789448,0.6637119762229684,0.6637119762229684,,,1.0,1.0,0,0.0,0.0,True,0.0014205705404780923,0.032042092244587816,15,0.0033173785393516286,9,0.0,0,0.12324585652062936,0.0643809664998436,,0.0,0.0014107289002030662,,0.021199799757256128,0.2254965775237558,0.19668536119581165,0.028811216327944145,0.027305256127327038,0.019602835323672872,0.18111092103285248,0.17498235422481,0.006128566808042468,0.025179886888080108,0.019364738963117772,0.5339643268648788|-0.605066140532334|0.7065125289757272,0.6845843708545702|-0.9166147776448587|0.4459514450701459,0.2307787005468244|-0.5779767674696666|0.4358502888138688,0.0
182,,release,15,6.101936677605324e-13,4,1.0,6.101936677605324e-13,6.101936677605324e-13,0.6799205300632638,0.0,0.0,0.0,0,False,,2,2,0,0,2,0,2,2,,0.10308400681242347,0.0028423399198800325,0.08431224501691759,0.012030499055981636,,0.08431224501691759,0.6799205300632638,0.6799205300632638,,,1.0,1.0,0,0.0,0.0,True,0.001420116109656703,0.03065469172354182,15,0.003268673999005517,9,0.0,0,0.14326453817300688,0.07724501161501429,,0.0,0.0013752293135453095,,0.021463499054793837,0.2560121685361162,0.22280341234966666,0.03320875618644953,0.028366685602343733,0.019724595892076174,0.2015446298344794,0.18841069599191912,0.013133933842560286,0.024501641489904125,0.019800641751610074,0.531862996025096|-0.6102022489102197|0.7171745089017755,0.6947832304594787|-0.9047337641356029|0.47770787008066545,0.24018794084106768|-0.5756783959480593|0.46568770103530294,0.0
183,,release,16,1.2664165549094176e-14,4,1.0,1.2664165549094176e-14,1.2664165549094176e-14,0.6896839927369527,0.0,0.0,0.0,0,False,,2,2,0,0,2,0,2,2,,0.10276071284897625,0.002789888996630907,0.08404690213501453,0.012031648075208068,,0.08404690213501453,0.6896839927369527,0.6896839927369527,,,1.0,1.0,0,0.0,0.0,True,0.0014202383820407123,0.02960602563731024,11,0.003248747666651869,7,0.0,0,0.16436099950795224,0.09195689137222551,,0.0,0.0014141074159831986,,0.02158672992776097,0.2856512034311202,0.2500801737480748,0.03557102968304543,0.028738587325772707,0.020071351642598774,0.22180153031505706,0.20453988813902246,0.017261642176034597,0.024016919516314565,0.01993511179380558,0.5287486999868417|-0.6119864478724263|0.7267270587245416,0.7040283862721863|-0.891589284235395|0.5088909224097132,0.2449693688481743|-0.5734414322873175|0.4915276422708081,0.0
184,,release,17,2.0469717131642043e-16,4,1.0,2.0469717131642043e-16,2.0469717131642043e-16,0.7113505674421476,0.0,0.0,0.0,0,False,,2,2,0,0,2,0,2,2,,0.10154872620478272,0.00275850179605186,0.08293147082440555,0.011959821917116642,,0.08293147082440555,0.7113505674421476,0.7113505674421476,,,1.0,1.0,0,0.0,0.0,True,0.001419548038537853,0.029487672586360453,11,0.003252260322485906,7,0.0,0,0.185469414098149,0.11094951061149949,,0.0,0.001410229767870679,,0.021892906341387106,0.3130544755253803,0.2779968297582871,0.03505764576709319,0.026966347105439104,0.01947397631828504,0.24108689094692043,0.22438890344981627,0.01669798749710416,0.02467781640117455,0.020378724714156596,0.5231101887472824|-0.616240184174456|0.7364015941356234,0.7110049518601184|-0.8777180471291526|0.5406107988658652,0.2510284253172738|-0.5695457968234616|0.5188564834484368,0.0
185,,release,18,2.576757109154981e-18,4,1.0,2.576757109154981e-18,2.576757109154981e-18,0.723451256144374,0.0,0.0,0.0,0,False,,2,2,0,0,2,0,2,2,,0.09996113902889192,0.002785744844004512,0.08119789091870189,0.012086708098649979,,0.08119789091870189,0.723451256144374,0.723451256144374,,,1.0,1.0,0,0.0,0.0,True,0.0014468068830884827,0.029412498771065915,11,0.003276638306620089,7,0.0,0,0.19854704493822695,0.1305515358965117,,0.0,0.001420532891008037,,0.02207485634642221,0.33778397384238973,0.29863630189634033,0.0391476719460494,0.027546988804821995,0.019347245666496506,0.2589417099700439,0.2450892354719357,0.013852474498108197,0.026443917855551682,0.02011036320800447,0.5193563197229542|-0.6228211748749285|0.7456543672517119,0.7140081990541273|-0.8646613656728704|0.5642487416518299,0.2547553998886986|-0.5690100960709383|0.546878886360559,0.0
186,,release,19,2.5261637809256925e-20,4,1.0,2.5261637809256925e-20,2.5261637809256925e-20,0.6708558981281567,0.0,0.0,0.0,0,False,,2,2,0,0,2,0,2,2,,0.09631051518954337,0.0027848619502037764,0.07784497295506299,0.011929642874747515,,0.07784497295506299,0.6708558981281567,0.6708558981281567,,,1.0,1.0,0,0.0,0.0,True,0.0013770631312561982,0.02910304368818087,11,0.0032708946587824417,7,0.0,0,0.2137247980620085,0.14629987490464202,,0.0,0.0014164375521843276,,0.021461145401539584,0.359344136490238,0.3219919792077292,0.03735215728250879,0.02504179253134451,0.019354919904892062,0.27530081417143243,0.26280767779413516,0.012493136377297265,0.02758073517334903,0.020045998041946646,0.5251488107798924|-0.6397729486437407|0.7554663801197263,0.7141298444152877|-0.8573978664367218|0.592719618984053,0.26191319716695155|-0.570505313987911|0.5717648883851656,0.0
187,,release,20,1.9287498479639178e-22,4,1.0,1.9287498479639178e-22,1.9287498479639178e-22,0.665603137828549,0.0,0.0,0.0,0,False,,2,2,0,0,2,0,2,2,,0.1149392700754106,0.0027960899751633406,0.09657901409082115,0.011741075897589326,,0.09657901409082115,0.665603137828549,0.665603137828549,,,1.0,1.0,0,0.0,0.0,True,0.00143719668870192,0.028894387200250227,11,0.003246855073097632,7,0.0,0,0.21983573063245387,0.15640246216303666,,0.0,0.0014187105251538981,,0.021458475489925282,0.3770095537397474,0.3365193945701308,0.040490159169616624,0.018387317887934917,0.020586097549242698,0.2895092066965269,0.277489484741858,0.012019721954668938,0.026763888239617444,0.01939692460120749,0.5229104763967078|-0.6529267857166583|0.7640531369513979,0.7067350420775139|-0.8465134329683296|0.6140043717413166,0.26305626762440143|-0.5796465311302172|0.5945612523258217,0.0
188,,release,21,1.146876582225596e-24,4,1.0,1.146876582225596e-24,1.146876582225596e-24,0.6414898355164965,0.0,0.0,0.0,0,False,,2,2,0,0,2,0,2,2,,0.09095950797200203,0.002778783906251192,0.07269926299341023,0.01166650396771729,,0.07269926299341023,0.6414898355164965,0.6414898355164965,,,1.0,1.0,0,0.0,0.0,True,0.0014116253958825244,0.028461386391514354,11,0.0032757478639100224,7,0.0,0,0.2448155298584318,0.1639721695110623,,0.0,0.0014414757536984355,,0.02108892114455857,0.39003915902423797,0.3630131780107806,0.02702598101345738,0.013750266664971016,0.03364997022651053,0.30052213316320486,0.2880164725647384,0.012505660598466473,0.024135190938191737,0.019548819580597537,0.518566640068718|-0.6670870460804662|0.7703153426675535,0.7086388974587643|-0.8252193933158766|0.6406547033916433,0.2669986329269697|-0.5884992200510187|0.6116233928857157,0.0
189,,release,22,5.311092249679095e-27,4,1.0,5.311092249679095e-27,5.311092249679095e-27,0.6294479915728634,0.0,0.0,0.0,0,False,,2,2,0,0,2,0,2,2,,0.09388781408779323,0.0027327907737344503,0.0756008829921484,0.011836814926937222,,0.0756008829921484,0.6294479915728634,0.6294479915728634,,,1.0,1.0,0,0.0,0.0,True,0.0013796461141722498,0.02798891998496328,11,0.0032510369856921795,7,0.0,0,0.24931337422538213,0.16758809748579928,,0.0,0.0014414265455636038,,0.02100857110427529,0.3983120323993477,0.3717111176350189,0.026600914764328798,0.013415424824502932,0.031413491916821516,0.3083592293239548,0.29667778528084354,0.011681444043111278,0.021133024522215993,0.018866961449937998,0.520473799722411|-0.6877791399105592|0.7721184119445668,0.7087904207289065|-0.8254450310697448|0.6507826082582211,0.2744692104042571|-0.605478467008671|0.6293772372623161,0.0
190,,release,23,1.915478951967148e-29,4,1.0,1.915478951967148e-29,1.915478951967148e-29,0.5987436841724675,0.0,0.0,0.0,0,False,,2,2,0,0,2,0,2,2,,0.09497736487537622,0.0027439319528639317,0.07710390002466738,0.011472176993265748,,0.07710390002466738,0.5987436841724675,0.5987436841724675,,,1.0,1.0,0,0.0,0.0,True,0.001398162861910919,0.027440965663679345,11,0.00328116008836285,7,0.0,0,0.25314903376856535,0.1703580522126753,,0.0,0.0010565551241289986,,0.02065109828796128,0.40278409391672254,0.3786421849208258,0.024141908995896744,0.01250310379011564,0.03019318335186224,0.31361655247816944,0.305093143842452,0.008523408635717433,0.021053237921359626,0.01849173868878763,0.5233784707891205|-0.7061658819972243|0.7724966291398647,0.7072630738658046|-0.8250696566093341|0.6595705921218025,0.27697054285112943|-0.6152014154632036|0.6419945859373661,0.0
191,,release,24,5.380186160021138e-32,4,1.0,5.380186160021138e-32,5.380186160021138e-32,0.5808529433058415,0.0,0.0,0.0,0,False,,2,2,0,0,2,0,2,2,,0.09362243209034204,0.002776393899694085,0.07559388619847596,0.011594896903261542,,0.07559388619847596,0.5808529433058415,0.5808529433058415,,,1.0,1.0,0,0.0,0.0,True,0.0014050958775617128,0.027017205374271075,11,0.003271797423049755,7,0.0,0,0.25843422637438174,0.1677846618670511,,0.0,0.0012615289167264578,,0.020474028080993526,0.4038420920325744,0.3858222470429219,0.018019844989652478,0.015236879877730054,,0.3166459060158779,0.3081367926111393,0.008509113404738589,0.018966127803508648,0.01814382648549481,0.5264818685921631|-0.7207427626647603|0.7727189514374823,0.707955999457176|-0.8237990547194342|0.6672418565454155,0.28351758140133443|-0.6262755562366333|0.6492741324195201,0.0
192,,release,25,1.1769109439216723e-34,4,1.0,1.1769109439216723e-34,1.1769109439216723e-34,0.5816765824671435,0.0,0.0,0.0,0,False,,2,2,0,0,2,0,2,2,,0.09353477298282087,0.00277918204665184,0.07553286990150809,0.011534596793353558,,0.07553286990150809,0.5816765824671435,0.5816765824671435,,,1.0,1.0,0,0.0,0.0,False,0.001397103792366669,0.027987852873089303,11,0.0032728570565166704,7,0.0,0,0.25557837765327385,0.1614704600259742,,0.0,0.0012633846877371882,,0.02062721318543346,0.40227656445836085,0.3848643715885668,0.017412192869794063,0.01748747806819055,,0.3184100408027123,0.30880916300777855,0.009600877794933738,0.015230520135752098,0.018939507115896207,0.5325196363777548|-0.7376469866065644|0.7711521449723415,0.7085005071188171|-0.8359529014196301|0.6678004409178143,0.2917579415103285|-0.6407175128860709|0.6542971783472169,0.0
193,,release,26,2.005008781961654e-37,4,1.0,2.005008781961654e-37,2.005008781961654e-37,0.5752499786747981,0.0,0.0,0.0,0,False,,2,2,0,0,2,0,2,2,,0.09411632805131376,0.0027581299655139446,0.07616754714399576,0.011523698922246695,,0.07616754714399576,0.5752499786747981,0.5752499786747981,,,1.0,1.0,0,0.0,0.0,False,0.0014140712270691372,0.02873519400984159,11,0.0032953839276314845,7,0.0,0,0.24738658901980415,0.15800912686551882,,0.0,0.0014151732104811594,,0.020539621925159915,0.39822651118405494,0.379122825656518,0.01910368552753694,0.017895457656299216,0.02121319048137061,0.3193566613925735,0.3110197057127451,0.008336955679828395,0.015396888246645868,0.019948154111448034,0.5361393309369841|-0.7567591573399302|0.7694677778510278,0.7078766861284373|-0.8618276468067949|0.6642573265004498,0.2965131693622528|-0.6560591275791956|0.6598096434808756,0.0
194,,release,27,2.6602064159439866e-40,4,1.0,2.6602064159439866e-40,2.6602064159439866e-40,0.5705888637186836,0.0,0.0,0.0,0,False,,2,2,0,0,2,0,2,2,,0.10069065587595105,0.002771052997559309,0.0817570579238236,0.012161738937720656,,0.0817570579238236,0.5705888637186836,0.5705888637186836,,,1.0,1.0,0,0.0,0.0,False,0.0014119474582099806,0.029009597339098164,13,0.0033404760773517728,8,0.0,0,0.23909045681164898,0.1540794010437594,,0.0,0.0012175391871598591,,0.020446727497289187,0.3923473930866343,0.3742656355408434,0.01808175754579089,0.019188291062581065,0.0217293700619126,0.31994222454913385,0.31256692637721806,0.0073752981719157895,0.014353947982676387,0.02017233236179502,0.5418815758286164|-0.7744258239322542|0.7684375291514414,0.7055366114844112|-0.8858755449194414|0.6607769975022627,0.3030047480897792|-0.6731083928152792|0.664045542534041,0.0
195,,release,28,2.7487850079102147e-43,4,1.0,2.7487850079102147e-43,2.7487850079102147e-43,0.5685857427330847,0.0,0.0,0.0,0,False,,2,2,0,0,2,0,2,2,,0.1032241100911051,0.0027444779407233,0.08399882609955966,0.012427831999957561,,0.08399882609955966,0.5685857427330847,0.5685857427330847,,,1.0,1.0,0,0.0,0.0,False,0.0019130200254401444,0.02920286973703559,12,0.003311939486839499,5,0.0,0,0.23575424320240757,0.1540081901294812,,0.0,0.001426655902061008,,0.020344119108820526,0.3863443280470266,0.37307872250800767,0.013265605539018954,0.020575910896350563,0.02137944461530868,0.3212678924959147,0.31644391596402904,0.004823976531885654,0.011866341424327716,0.019356997113447693,0.5520346480593301|-0.7912590828283538|0.7690521725147661,0.7075829686791129|-0.9123177044559465|0.6570315179967303,0.31853257830146225|-0.6918144189965383|0.6696546974787556,0.0
