frame,geom_a,geom_b,body_a,body_b,signed_distance,penetration_depth,pair_type,expected_contact,illegal_penetration
0,ground,right_ankle_roll_sphere_2_link,world,right_ankle_roll_sphere_2_link,-0.0006835589638036479,0.0006835589638036479,foot-ground,True,False
0,ground,left_ankle_roll_sphere_5_link,world,left_ankle_roll_sphere_5_link,-0.0007550751540372274,0.0007550751540372274,foot-ground,True,False
0,left_ankle_intermediate_1_link,left_ankle_roll_link,left_ankle_intermediate_1_link,left_ankle_roll_link,-0.0021510294128936347,0.0021510294128936347,self-collision,False,False
0,ground,right_ankle_roll_link,world,right_ankle_roll_link,-0.0014463704650740615,0.0014463704650740615,foot-ground,True,False
0,ground,left_ankle_roll_sphere_1_link,world,left_ankle_roll_sphere_1_link,-0.0005990226807956979,0.0005990226807956979,foot-ground,True,False
0,ground,right_ankle_roll_sphere_3_link,world,right_ankle_roll_sphere_3_link,-0.0009929834106444406,0.0009929834106444406,foot-ground,True,False
0,ground,left_ankle_roll_sphere_2_link,world,left_ankle_roll_sphere_2_link,-0.0009998678891717369,0.0009998678891717369,foot-ground,True,False
0,ground,right_ankle_roll_sphere_4_link,world,right_ankle_roll_sphere_4_link,-0.0006198875371770931,0.0006198875371770931,foot-ground,True,False
0,ground,largebox,world,largebox_link,-0.0031038711506328753,0.0031038711506328753,object-ground,True,False
0,ground,right_ankle_roll_sphere_5_link,world,right_ankle_roll_sphere_5_link,-0.0008026025205181064,0.0008026025205181064,foot-ground,True,False
0,right_knee_link,right_ankle_roll_link,right_knee_link,right_ankle_roll_link,-0.023422146515978917,0.023422146515978917,self-collision,False,False
0,right_ankle_intermediate_1_link,right_ankle_roll_link,right_ankle_intermediate_1_link,right_ankle_roll_link,-0.001944741827599919,0.001944741827599919,self-collision,False,False
0,ground,left_ankle_roll_link,world,left_ankle_roll_link,-0.0014683117942896062,0.0014683117942896062,foot-ground,True,False
0,left_knee_link,left_ankle_roll_link,left_knee_link,left_ankle_roll_link,-0.028121296152426145,0.028121296152426145,self-collision,False,False
0,ground,left_ankle_roll_sphere_3_link,world,left_ankle_roll_sphere_3_link,-0.0005192385691112347,0.0005192385691112347,foot-ground,True,False
0,ground,right_ankle_roll_sphere_1_link,world,right_ankle_roll_sphere_1_link,-0.0009944721916931047,0.0009944721916931047,foot-ground,True,False
0,ground,left_ankle_roll_sphere_4_link,world,left_ankle_roll_sphere_4_link,-0.0010002528191624836,0.0010002528191624836,foot-ground,True,False
1,ground,left_ankle_roll_sphere_5_link,world,left_ankle_roll_sphere_5_link,-0.00017445926468511157,0.00017445926468511157,foot-ground,True,False
1,left_ankle_intermediate_1_link,left_ankle_roll_link,left_ankle_intermediate_1_link,left_ankle_roll_link,-0.00195804799977245,0.00195804799977245,self-collision,False,False
1,ground,right_ankle_roll_link,world,right_ankle_roll_link,-0.0007543228536851104,0.0007543228536851104,foot-ground,True,False
1,ground,left_ankle_roll_sphere_1_link,world,left_ankle_roll_sphere_1_link,-2.1638158440864634e-05,2.1638158440864634e-05,foot-ground,True,False
1,ground,right_ankle_roll_sphere_3_link,world,right_ankle_roll_sphere_3_link,-0.00029720597746698673,0.00029720597746698673,foot-ground,True,False
1,ground,left_ankle_roll_sphere_2_link,world,left_ankle_roll_sphere_2_link,-0.0003942779889770402,0.0003942779889770402,foot-ground,True,False
1,ground,largebox,world,largebox_link,-0.0031473427068362536,0.0031473427068362536,object-ground,True,False
1,ground,right_ankle_roll_sphere_5_link,world,right_ankle_roll_sphere_5_link,-9.469691869699436e-05,9.469691869699436e-05,foot-ground,True,False
1,right_knee_link,right_ankle_roll_link,right_knee_link,right_ankle_roll_link,-0.0244088721890455,0.0244088721890455,self-collision,False,False
1,right_ankle_intermediate_1_link,right_ankle_roll_link,right_ankle_intermediate_1_link,right_ankle_roll_link,-0.0024532720757080018,0.0024532720757080018,self-collision,False,False
1,ground,left_ankle_roll_link,world,left_ankle_roll_link,-0.0008618065140983122,0.0008618065140983122,foot-ground,True,False
1,left_knee_link,left_ankle_roll_link,left_knee_link,left_ankle_roll_link,-0.02986117164111296,0.02986117164111296,self-collision,False,False
1,ground,right_ankle_roll_sphere_1_link,world,right_ankle_roll_sphere_1_link,-0.0002994927216673554,0.0002994927216673554,foot-ground,True,False
1,ground,left_ankle_roll_sphere_4_link,world,left_ankle_roll_sphere_4_link,-0.00040156935343037877,0.00040156935343037877,foot-ground,True,False
2,ground,left_ankle_roll_sphere_5_link,world,left_ankle_roll_sphere_5_link,-9.673787791915616e-05,9.673787791915616e-05,foot-ground,True,False
2,left_ankle_intermediate_1_link,left_ankle_roll_link,left_ankle_intermediate_1_link,left_ankle_roll_link,-0.002024592944106382,0.002024592944106382,self-collision,False,False
2,ground,right_ankle_roll_link,world,right_ankle_roll_link,-0.0006770888994928753,0.0006770888994928753,foot-ground,True,False
2,ground,right_ankle_roll_sphere_3_link,world,right_ankle_roll_sphere_3_link,-0.00022878828049177537,0.00022878828049177537,foot-ground,True,False
2,ground,left_ankle_roll_sphere_2_link,world,left_ankle_roll_sphere_2_link,-0.0002922340768641068,0.0002922340768641068,foot-ground,True,False
2,ground,largebox,world,largebox_link,-0.0031186797000378186,0.0031186797000378186,object-ground,True,False
2,ground,right_ankle_roll_sphere_5_link,world,right_ankle_roll_sphere_5_link,-4.24762516266523e-05,4.24762516266523e-05,foot-ground,True,False
2,right_knee_link,right_ankle_roll_link,right_knee_link,right_ankle_roll_link,-0.026846139923947798,0.026846139923947798,self-collision,False,False
2,right_ankle_intermediate_1_link,right_ankle_roll_link,right_ankle_intermediate_1_link,right_ankle_roll_link,-0.0023695047340207415,0.0023695047340207415,self-collision,False,False
2,ground,left_ankle_roll_link,world,left_ankle_roll_link,-0.0007487152207827988,0.0007487152207827988,foot-ground,True,False
2,left_knee_link,left_ankle_roll_link,left_knee_link,left_ankle_roll_link,-0.031437388656473386,0.031437388656473386,self-collision,False,False
2,ground,right_ankle_roll_sphere_1_link,world,right_ankle_roll_sphere_1_link,-0.00022034741327362894,0.00022034741327362894,foot-ground,True,False
2,ground,left_ankle_roll_sphere_4_link,world,left_ankle_roll_sphere_4_link,-0.00029477083704914763,0.00029477083704914763,foot-ground,True,False
3,pelvis_contour_link,right_hip_roll_link,pelvis_contour_link,right_hip_roll_link,-0.0009640322019569825,0.0009640322019569825,self-collision,False,False
3,ground,left_ankle_roll_sphere_5_link,world,left_ankle_roll_sphere_5_link,-5.577464882540028e-05,5.577464882540028e-05,foot-ground,True,False
3,ground,right_ankle_roll_link,world,right_ankle_roll_link,-0.000613813009079027,0.000613813009079027,foot-ground,True,False
3,ground,right_ankle_roll_sphere_3_link,world,right_ankle_roll_sphere_3_link,-0.00016848445938994188,0.00016848445938994188,foot-ground,True,False
3,ground,left_ankle_roll_sphere_2_link,world,left_ankle_roll_sphere_2_link,-0.000246375317427292,0.000246375317427292,foot-ground,True,False
3,ground,largebox,world,largebox_link,-0.003141146459411881,0.003141146459411881,object-ground,True,False
3,right_knee_link,right_ankle_roll_link,right_knee_link,right_ankle_roll_link,-0.028902095599976946,0.028902095599976946,self-collision,False,False
3,right_ankle_intermediate_1_link,right_ankle_roll_link,right_ankle_intermediate_1_link,right_ankle_roll_link,-0.002174167277352257,0.002174167277352257,self-collision,False,False
3,ground,left_ankle_roll_link,world,left_ankle_roll_link,-0.0007018770111012138,0.0007018770111012138,foot-ground,True,False
3,left_knee_link,left_ankle_roll_link,left_knee_link,left_ankle_roll_link,-0.0328528541989456,0.0328528541989456,self-collision,False,False
3,ground,right_ankle_roll_sphere_1_link,world,right_ankle_roll_sphere_1_link,-0.00015563744042802318,0.00015563744042802318,foot-ground,True,False
3,ground,left_ankle_roll_sphere_4_link,world,left_ankle_roll_sphere_4_link,-0.0002493623282723697,0.0002493623282723697,foot-ground,True,False
4,pelvis_contour_link,right_hip_roll_link,pelvis_contour_link,right_hip_roll_link,-0.003948229503443854,0.003948229503443854,self-collision,False,False
4,ground,right_ankle_roll_link,world,right_ankle_roll_link,-0.0006169229539316201,0.0006169229539316201,foot-ground,True,False
4,ground,right_ankle_roll_sphere_3_link,world,right_ankle_roll_sphere_3_link,-0.00016057144460471153,0.00016057144460471153,foot-ground,True,False
4,ground,left_ankle_roll_sphere_2_link,world,left_ankle_roll_sphere_2_link,-0.00016016805734399547,0.00016016805734399547,foot-ground,True,False
4,pelvis_contour_link,left_hip_roll_link,pelvis_contour_link,left_hip_roll_link,-0.0030276198687383543,0.0030276198687383543,self-collision,False,False
4,ground,largebox,world,largebox_link,-0.0031371618314882943,0.0031371618314882943,object-ground,True,False
4,right_knee_link,right_ankle_roll_link,right_knee_link,right_ankle_roll_link,-0.03110786774236965,0.03110786774236965,self-collision,False,False
4,right_ankle_intermediate_1_link,right_ankle_roll_link,right_ankle_intermediate_1_link,right_ankle_roll_link,-0.0019377428397491236,0.0019377428397491236,self-collision,False,False
4,ground,left_ankle_roll_link,world,left_ankle_roll_link,-0.0006260714993968908,0.0006260714993968908,foot-ground,True,False
4,left_knee_link,left_ankle_roll_link,left_knee_link,left_ankle_roll_link,-0.03436358549959159,0.03436358549959159,self-collision,False,False
4,ground,right_ankle_roll_sphere_1_link,world,right_ankle_roll_sphere_1_link,-0.00016316376195492626,0.00016316376195492626,foot-ground,True,False
4,ground,left_ankle_roll_sphere_4_link,world,left_ankle_roll_sphere_4_link,-0.0001642023859512792,0.0001642023859512792,foot-ground,True,False
5,pelvis_contour_link,right_hip_roll_link,pelvis_contour_link,right_hip_roll_link,-0.00525046469014126,0.00525046469014126,self-collision,False,False
5,ground,right_ankle_roll_link,world,right_ankle_roll_link,-0.0009044907119012853,0.0009044907119012853,foot-ground,True,False
5,ground,right_ankle_roll_sphere_3_link,world,right_ankle_roll_sphere_3_link,-0.00042630330429962223,0.00042630330429962223,foot-ground,True,False
5,ground,left_ankle_roll_sphere_2_link,world,left_ankle_roll_sphere_2_link,-0.0004379938350753598,0.0004379938350753598,foot-ground,True,False
5,pelvis_contour_link,left_hip_roll_link,pelvis_contour_link,left_hip_roll_link,-0.005187049288440063,0.005187049288440063,self-collision,False,False
5,ground,largebox,world,largebox_link,-0.0031110539474660526,0.0031110539474660526,object-ground,True,False
5,ground,right_ankle_roll_sphere_5_link,world,right_ankle_roll_sphere_5_link,-0.00012557512543207635,0.00012557512543207635,foot-ground,True,False
5,right_knee_link,right_ankle_roll_link,right_knee_link,right_ankle_roll_link,-0.033355195076882005,0.033355195076882005,self-collision,False,False
5,ground,left_ankle_roll_link,world,left_ankle_roll_link,-0.0010008670982612697,0.0010008670982612697,foot-ground,True,False
5,left_knee_link,left_ankle_roll_link,left_knee_link,left_ankle_roll_link,-0.036167791746331224,0.036167791746331224,self-collision,False,False
5,ground,right_ankle_roll_sphere_1_link,world,right_ankle_roll_sphere_1_link,-0.00041211865562877214,0.00041211865562877214,foot-ground,True,False
5,ground,left_ankle_roll_sphere_4_link,world,left_ankle_roll_sphere_4_link,-0.0004348245163911203,0.0004348245163911203,foot-ground,True,False
6,pelvis_contour_link,right_hip_roll_link,pelvis_contour_link,right_hip_roll_link,-0.006206603130100505,0.006206603130100505,self-collision,False,False
6,ground,left_ankle_roll_sphere_5_link,world,left_ankle_roll_sphere_5_link,-2.786559662703008e-05,2.786559662703008e-05,foot-ground,True,False
6,ground,right_ankle_roll_link,world,right_ankle_roll_link,-0.0014961521780334705,0.0014961521780334705,foot-ground,True,False
6,ground,right_ankle_roll_sphere_3_link,world,right_ankle_roll_sphere_3_link,-0.0008745010611640935,0.0008745010611640935,foot-ground,True,False
6,pelvis_contour_link,left_hip_roll_link,pelvis_contour_link,left_hip_roll_link,-0.006696868842781437,0.006696868842781437,self-collision,False,False
6,ground,largebox,world,largebox_link,-0.0031355946968038007,0.0031355946968038007,object-ground,True,False
6,ground,right_ankle_roll_sphere_5_link,world,right_ankle_roll_sphere_5_link,-5.5618916673850875e-05,5.5618916673850875e-05,foot-ground,True,False
6,right_knee_link,right_ankle_roll_link,right_knee_link,right_ankle_roll_link,-0.03446956878210858,0.03446956878210858,self-collision,False,False
6,ground,left_ankle_roll_link,world,left_ankle_roll_link,-0.0008038814279248095,0.0008038814279248095,foot-ground,True,False
6,left_knee_link,left_ankle_roll_link,left_knee_link,left_ankle_roll_link,-0.03596268638391392,0.03596268638391392,self-collision,False,False
6,left_hip_yaw_link,largebox,left_hip_yaw_link,largebox_link,-0.0036578880462905528,0.0036578880462905528,other-body-box,False,True
6,ground,right_ankle_roll_sphere_1_link,world,right_ankle_roll_sphere_1_link,-0.0008571413582298777,0.0008571413582298777,foot-ground,True,False
6,ground,left_ankle_roll_sphere_4_link,world,left_ankle_roll_sphere_4_link,-0.0003459875366980279,0.0003459875366980279,foot-ground,True,False
7,pelvis_contour_link,right_hip_roll_link,pelvis_contour_link,right_hip_roll_link,-0.00641101164005492,0.00641101164005492,self-collision,False,False
7,ground,right_ankle_roll_link,world,right_ankle_roll_link,-0.0014640398955797183,0.0014640398955797183,foot-ground,True,False
7,ground,right_ankle_roll_sphere_3_link,world,right_ankle_roll_sphere_3_link,-0.000499634775229448,0.000499634775229448,foot-ground,True,False
7,pelvis_contour_link,left_hip_roll_link,pelvis_contour_link,left_hip_roll_link,-0.007201187443198628,0.007201187443198628,self-collision,False,False
7,ground,largebox,world,largebox_link,-0.0031557274893412313,0.0031557274893412313,object-ground,True,False
7,right_knee_link,right_ankle_roll_link,right_knee_link,right_ankle_roll_link,-0.03552218471230145,0.03552218471230145,self-collision,False,False
7,ground,left_ankle_roll_link,world,left_ankle_roll_link,-0.0009351012811879833,0.0009351012811879833,foot-ground,True,False
7,left_knee_link,left_ankle_roll_link,left_knee_link,left_ankle_roll_link,-0.03566209475692944,0.03566209475692944,self-collision,False,False
7,left_hip_yaw_link,largebox,left_hip_yaw_link,largebox_link,-0.0018857452903573296,0.0018857452903573296,other-body-box,False,True
7,ground,right_ankle_roll_sphere_1_link,world,right_ankle_roll_sphere_1_link,-0.0009695171899613995,0.0009695171899613995,foot-ground,True,False
7,ground,left_ankle_roll_sphere_4_link,world,left_ankle_roll_sphere_4_link,-0.0003908988705601272,0.0003908988705601272,foot-ground,True,False
8,pelvis_contour_link,right_hip_roll_link,pelvis_contour_link,right_hip_roll_link,-0.005896862895135191,0.005896862895135191,self-collision,False,False
8,ground,right_ankle_roll_link,world,right_ankle_roll_link,-0.0010471221329552624,0.0010471221329552624,foot-ground,True,False
8,ground,right_ankle_roll_sphere_3_link,world,right_ankle_roll_sphere_3_link,-0.00033709488110809146,0.00033709488110809146,foot-ground,True,False
8,pelvis_contour_link,left_hip_roll_link,pelvis_contour_link,left_hip_roll_link,-0.008061937663067356,0.008061937663067356,self-collision,False,False
8,ground,largebox,world,largebox_link,-0.002967420815621097,0.002967420815621097,object-ground,True,False
8,right_knee_link,right_ankle_roll_link,right_knee_link,right_ankle_roll_link,-0.03620982883466786,0.03620982883466786,self-collision,False,False
8,ground,left_ankle_roll_link,world,left_ankle_roll_link,-0.0009843697811100435,0.0009843697811100435,foot-ground,True,False
8,left_knee_link,left_ankle_roll_link,left_knee_link,left_ankle_roll_link,-0.03492674453542152,0.03492674453542152,self-collision,False,False
8,left_hip_yaw_link,largebox,left_hip_yaw_link,largebox_link,-0.002305498241134435,0.002305498241134435,other-body-box,False,True
8,ground,right_ankle_roll_sphere_1_link,world,right_ankle_roll_sphere_1_link,-0.0003815530529002178,0.0003815530529002178,foot-ground,True,False
8,ground,left_ankle_roll_sphere_4_link,world,left_ankle_roll_sphere_4_link,-0.00034427410467454105,0.00034427410467454105,foot-ground,True,False
9,pelvis_contour_link,right_hip_roll_link,pelvis_contour_link,right_hip_roll_link,-0.005587544086025062,0.005587544086025062,self-collision,False,False
9,ground,right_ankle_roll_link,world,right_ankle_roll_link,-0.0015040944342478262,0.0015040944342478262,foot-ground,True,False
9,ground,right_ankle_roll_sphere_3_link,world,right_ankle_roll_sphere_3_link,-0.00042493884288927804,0.00042493884288927804,foot-ground,True,False
9,pelvis_contour_link,left_hip_roll_link,pelvis_contour_link,left_hip_roll_link,-0.0088840169975056,0.0088840169975056,self-collision,False,False
9,ground,largebox,world,largebox_link,-0.003008943902417044,0.003008943902417044,object-ground,True,False
9,right_knee_link,right_ankle_roll_link,right_knee_link,right_ankle_roll_link,-0.03686399436899085,0.03686399436899085,self-collision,False,False
9,ground,left_ankle_roll_link,world,left_ankle_roll_link,-0.0009939814476197933,0.0009939814476197933,foot-ground,True,False
9,left_knee_link,left_ankle_roll_link,left_knee_link,left_ankle_roll_link,-0.03457649397304524,0.03457649397304524,self-collision,False,False
9,left_hip_yaw_link,largebox,left_hip_yaw_link,largebox_link,-0.001533302122629962,0.001533302122629962,other-body-box,False,True
9,ground,right_ankle_roll_sphere_1_link,world,right_ankle_roll_sphere_1_link,-0.0009828986011699318,0.0009828986011699318,foot-ground,True,False
9,ground,left_ankle_roll_sphere_4_link,world,left_ankle_roll_sphere_4_link,-0.00018358588747846138,0.00018358588747846138,foot-ground,True,False
10,pelvis_contour_link,right_hip_roll_link,pelvis_contour_link,right_hip_roll_link,-0.005921892853707339,0.005921892853707339,self-collision,False,False
10,ground,right_ankle_roll_link,world,right_ankle_roll_link,-0.0011576554514964449,0.0011576554514964449,foot-ground,True,False
10,ground,right_ankle_roll_sphere_3_link,world,right_ankle_roll_sphere_3_link,-0.0006857273881217081,0.0006857273881217081,foot-ground,True,False
10,pelvis_contour_link,left_hip_roll_link,pelvis_contour_link,left_hip_roll_link,-0.00946007184776787,0.00946007184776787,self-collision,False,False
10,ground,largebox,world,largebox_link,-0.002972382152683306,0.002972382152683306,object-ground,True,False
10,right_knee_link,right_ankle_roll_link,right_knee_link,right_ankle_roll_link,-0.0367984950888785,0.0367984950888785,self-collision,False,False
10,ground,left_ankle_roll_link,world,left_ankle_roll_link,-0.0009862401491567765,0.0009862401491567765,foot-ground,True,False
10,left_knee_link,left_ankle_roll_link,left_knee_link,left_ankle_roll_link,-0.033676351363198326,0.033676351363198326,self-collision,False,False
10,left_hip_yaw_link,largebox,left_hip_yaw_link,largebox_link,-0.0012120535921872622,0.0012120535921872622,other-body-box,False,True
11,pelvis_contour_link,right_hip_roll_link,pelvis_contour_link,right_hip_roll_link,-0.006434922669093762,0.006434922669093762,self-collision,False,False
11,ground,right_ankle_roll_link,world,right_ankle_roll_link,-0.0011435599984130698,0.0011435599984130698,foot-ground,True,False
11,ground,right_ankle_roll_sphere_3_link,world,right_ankle_roll_sphere_3_link,-0.0006894569379045047,0.0006894569379045047,foot-ground,True,False
11,pelvis_contour_link,left_hip_roll_link,pelvis_contour_link,left_hip_roll_link,-0.009570968311301664,0.009570968311301664,self-collision,False,False
11,ground,largebox,world,largebox_link,-0.003018469779875105,0.003018469779875105,object-ground,True,False
11,right_knee_link,right_ankle_roll_link,right_knee_link,right_ankle_roll_link,-0.037052626931522586,0.037052626931522586,self-collision,False,False
11,ground,left_ankle_roll_link,world,left_ankle_roll_link,-0.0009893339392825773,0.0009893339392825773,foot-ground,True,False
11,left_knee_link,left_ankle_roll_link,left_knee_link,left_ankle_roll_link,-0.03332545578425661,0.03332545578425661,self-collision,False,False
11,left_hip_yaw_link,largebox,left_hip_yaw_link,largebox_link,-0.000971860796007043,0.000971860796007043,other-body-box,False,True
12,pelvis_contour_link,right_hip_roll_link,pelvis_contour_link,right_hip_roll_link,-0.005282408175905487,0.005282408175905487,self-collision,False,False
12,ground,right_ankle_roll_link,world,right_ankle_roll_link,-0.0014293184678338365,0.0014293184678338365,foot-ground,True,False
12,ground,right_ankle_roll_sphere_3_link,world,right_ankle_roll_sphere_3_link,-0.0009832726190595982,0.0009832726190595982,foot-ground,True,False
12,pelvis_contour_link,left_hip_roll_link,pelvis_contour_link,left_hip_roll_link,-0.009790221124384588,0.009790221124384588,self-collision,False,False
12,ground,largebox,world,largebox_link,-0.0030128680476467218,0.0030128680476467218,object-ground,True,False
12,right_knee_link,right_ankle_roll_link,right_knee_link,right_ankle_roll_link,-0.03763497730599211,0.03763497730599211,self-collision,False,False
12,ground,left_ankle_roll_link,world,left_ankle_roll_link,-0.000998289670121777,0.000998289670121777,foot-ground,True,False
12,left_knee_link,left_ankle_roll_link,left_knee_link,left_ankle_roll_link,-0.033821641230315,0.033821641230315,self-collision,False,False
12,left_hip_yaw_link,largebox,left_hip_yaw_link,largebox_link,-0.0009096829230521714,0.0009096829230521714,other-body-box,False,True
13,pelvis_contour_link,right_hip_roll_link,pelvis_contour_link,right_hip_roll_link,-0.005922493457557174,0.005922493457557174,self-collision,False,False
13,ground,right_ankle_roll_link,world,right_ankle_roll_link,-0.001443431625730976,0.001443431625730976,foot-ground,True,False
13,ground,right_ankle_roll_sphere_3_link,world,right_ankle_roll_sphere_3_link,-0.0009858879278821396,0.0009858879278821396,foot-ground,True,False
13,pelvis_contour_link,left_hip_roll_link,pelvis_contour_link,left_hip_roll_link,-0.007686885079054226,0.007686885079054226,self-collision,False,False
13,ground,largebox,world,largebox_link,-0.003035093538967387,0.003035093538967387,object-ground,True,False
13,right_knee_link,right_ankle_roll_link,right_knee_link,right_ankle_roll_link,-0.03807184063935404,0.03807184063935404,self-collision,False,False
13,ground,left_ankle_roll_link,world,left_ankle_roll_link,-0.0009942490824770556,0.0009942490824770556,foot-ground,True,False
13,left_knee_link,left_ankle_roll_link,left_knee_link,left_ankle_roll_link,-0.033445820435312246,0.033445820435312246,self-collision,False,False
13,left_hip_yaw_link,largebox,left_hip_yaw_link,largebox_link,-0.0019417335780628764,0.0019417335780628764,other-body-box,False,True
14,pelvis_contour_link,right_hip_roll_link,pelvis_contour_link,right_hip_roll_link,-0.0055994482735223505,0.0055994482735223505,self-collision,False,False
14,left_ankle_intermediate_1_link,left_ankle_roll_link,left_ankle_intermediate_1_link,left_ankle_roll_link,-0.002599416907229271,0.002599416907229271,self-collision,False,False
14,ground,right_ankle_roll_link,world,right_ankle_roll_link,-0.0011451072402246416,0.0011451072402246416,foot-ground,True,False
14,ground,right_ankle_roll_sphere_3_link,world,right_ankle_roll_sphere_3_link,-0.0006726036417767948,0.0006726036417767948,foot-ground,True,False
14,pelvis_contour_link,left_hip_roll_link,pelvis_contour_link,left_hip_roll_link,-0.008337172014327113,0.008337172014327113,self-collision,False,False
14,ground,largebox,world,largebox_link,-0.0030380263466471824,0.0030380263466471824,object-ground,True,False
14,right_knee_link,right_ankle_roll_link,right_knee_link,right_ankle_roll_link,-0.03870685202967386,0.03870685202967386,self-collision,False,False
14,ground,left_ankle_roll_link,world,left_ankle_roll_link,-0.0009989556808532654,0.0009989556808532654,foot-ground,True,False
14,left_knee_link,left_ankle_roll_link,left_knee_link,left_ankle_roll_link,-0.033338098617066186,0.033338098617066186,self-collision,False,False
14,left_hip_yaw_link,largebox,left_hip_yaw_link,largebox_link,-0.0012634383220410106,0.0012634383220410106,other-body-box,False,True
15,pelvis_contour_link,right_hip_roll_link,pelvis_contour_link,right_hip_roll_link,-0.004482102733534846,0.004482102733534846,self-collision,False,False
15,right_rubber_hand_link,largebox,right_rubber_hand_link,largebox_link,-0.00027566890394509214,0.00027566890394509214,hand-box,True,False
15,left_ankle_intermediate_1_link,left_ankle_roll_link,left_ankle_intermediate_1_link,left_ankle_roll_link,-0.0027186439734603607,0.0027186439734603607,self-collision,False,False
15,ground,right_ankle_roll_link,world,right_ankle_roll_link,-0.0012498244901483803,0.0012498244901483803,foot-ground,True,False
15,ground,right_ankle_roll_sphere_3_link,world,right_ankle_roll_sphere_3_link,-0.000789288834847887,0.000789288834847887,foot-ground,True,False
15,pelvis_contour_link,left_hip_roll_link,pelvis_contour_link,left_hip_roll_link,-0.008514115087224411,0.008514115087224411,self-collision,False,False
15,ground,largebox,world,largebox_link,-0.002990893649162163,0.002990893649162163,object-ground,True,False
15,right_knee_link,right_ankle_roll_link,right_knee_link,right_ankle_roll_link,-0.03910420764942199,0.03910420764942199,self-collision,False,False
15,ground,left_ankle_roll_link,world,left_ankle_roll_link,-0.0009995222842600487,0.0009995222842600487,foot-ground,True,False
15,left_knee_link,left_ankle_roll_link,left_knee_link,left_ankle_roll_link,-0.03374024393150998,0.03374024393150998,self-collision,False,False
15,left_hip_yaw_link,largebox,left_hip_yaw_link,largebox_link,-0.0011243719417362852,0.0011243719417362852,other-body-box,False,True
16,pelvis_contour_link,right_hip_roll_link,pelvis_contour_link,right_hip_roll_link,-0.005034369697539315,0.005034369697539315,self-collision,False,False
16,right_rubber_hand_link,largebox,right_rubber_hand_link,largebox_link,-0.0009442083756695391,0.0009442083756695391,hand-box,True,False
16,right_hip_yaw_link,largebox,right_hip_yaw_link,largebox_link,-0.001698123124608028,0.001698123124608028,other-body-box,False,True
16,left_shoulder_yaw_link,largebox,left_shoulder_yaw_link,largebox_link,-0.0009308584558018612,0.0009308584558018612,other-body-box,False,True
16,ground,right_ankle_roll_link,world,right_ankle_roll_link,-0.0010602993659791608,0.0010602993659791608,foot-ground,True,False
16,ground,right_ankle_roll_sphere_3_link,world,right_ankle_roll_sphere_3_link,-0.0005846513166618229,0.0005846513166618229,foot-ground,True,False
16,pelvis_contour_link,left_hip_roll_link,pelvis_contour_link,left_hip_roll_link,-0.009480499572956172,0.009480499572956172,self-collision,False,False
16,ground,largebox,world,largebox_link,-0.002996716034210256,0.002996716034210256,object-ground,True,False
16,right_knee_link,right_ankle_roll_link,right_knee_link,right_ankle_roll_link,-0.03955477408960312,0.03955477408960312,self-collision,False,False
16,ground,right_rubber_hand_link,world,right_rubber_hand_link,-0.0009814203528386578,0.0009814203528386578,robot-ground-excluding-foot,False,True
16,ground,left_ankle_roll_link,world,left_ankle_roll_link,-0.000998803914937535,0.000998803914937535,foot-ground,True,False
16,left_knee_link,left_ankle_roll_link,left_knee_link,left_ankle_roll_link,-0.034259158546638246,0.034259158546638246,self-collision,False,False
16,left_hip_yaw_link,largebox,left_hip_yaw_link,largebox_link,-0.001027973458441564,0.001027973458441564,other-body-box,False,True
17,pelvis_contour_link,right_hip_roll_link,pelvis_contour_link,right_hip_roll_link,-0.004549547750967067,0.004549547750967067,self-collision,False,False
17,right_rubber_hand_link,largebox,right_rubber_hand_link,largebox_link,-0.0010099313872059673,0.0010099313872059673,hand-box,True,False
17,right_hip_yaw_link,largebox,right_hip_yaw_link,largebox_link,-0.0011772639658210599,0.0011772639658210599,other-body-box,False,True
17,left_shoulder_yaw_link,largebox,left_shoulder_yaw_link,largebox_link,-0.0009744222534467523,0.0009744222534467523,other-body-box,False,True
17,ground,right_ankle_roll_link,world,right_ankle_roll_link,-0.0009976389791902865,0.0009976389791902865,foot-ground,True,False
17,ground,right_ankle_roll_sphere_3_link,world,right_ankle_roll_sphere_3_link,-0.0005148856802494771,0.0005148856802494771,foot-ground,True,False
17,pelvis_contour_link,left_hip_roll_link,pelvis_contour_link,left_hip_roll_link,-0.0082050003842601,0.0082050003842601,self-collision,False,False
17,ground,largebox,world,largebox_link,-0.0030182819769577485,0.0030182819769577485,object-ground,True,False
17,right_knee_link,right_ankle_roll_link,right_knee_link,right_ankle_roll_link,-0.03923726448386666,0.03923726448386666,self-collision,False,False
17,ground,right_rubber_hand_link,world,right_rubber_hand_link,-0.00099955273752797,0.00099955273752797,robot-ground-excluding-foot,False,True
17,ground,left_ankle_roll_link,world,left_ankle_roll_link,-0.000999131332258263,0.000999131332258263,foot-ground,True,False
17,left_knee_link,left_ankle_roll_link,left_knee_link,left_ankle_roll_link,-0.03459308691062696,0.03459308691062696,self-collision,False,False
17,left_hip_yaw_link,largebox,left_hip_yaw_link,largebox_link,-0.001010197017084713,0.001010197017084713,other-body-box,False,True
18,pelvis_contour_link,right_hip_roll_link,pelvis_contour_link,right_hip_roll_link,-0.0050999866979900554,0.0050999866979900554,self-collision,False,False
18,right_rubber_hand_link,largebox,right_rubber_hand_link,largebox_link,-0.001025978980635306,0.001025978980635306,hand-box,True,False
18,right_hip_yaw_link,largebox,right_hip_yaw_link,largebox_link,-0.0009863266627432726,0.0009863266627432726,other-body-box,False,True
18,left_shoulder_yaw_link,largebox,left_shoulder_yaw_link,largebox_link,-0.001321118474280611,0.001321118474280611,other-body-box,False,True
18,ground,right_ankle_roll_link,world,right_ankle_roll_link,-0.000997452409771435,0.000997452409771435,foot-ground,True,False
18,ground,right_ankle_roll_sphere_3_link,world,right_ankle_roll_sphere_3_link,-0.0005392136214877217,0.0005392136214877217,foot-ground,True,False
18,pelvis_contour_link,left_hip_roll_link,pelvis_contour_link,left_hip_roll_link,-0.008163168535866475,0.008163168535866475,self-collision,False,False
18,ground,largebox,world,largebox_link,-0.003035532063797697,0.003035532063797697,object-ground,True,False
18,right_knee_link,right_ankle_roll_link,right_knee_link,right_ankle_roll_link,-0.03880554348764326,0.03880554348764326,self-collision,False,False
18,ground,right_rubber_hand_link,world,right_rubber_hand_link,-0.0010009779202405228,0.0010009779202405228,robot-ground-excluding-foot,False,True
18,ground,left_ankle_roll_link,world,left_ankle_roll_link,-0.0009961079772694628,0.0009961079772694628,foot-ground,True,False
18,left_knee_link,left_ankle_roll_link,left_knee_link,left_ankle_roll_link,-0.0348358579993891,0.0348358579993891,self-collision,False,False
18,left_rubber_hand_link,largebox,left_rubber_hand_link,largebox_link,-0.00020290971059142016,0.00020290971059142016,hand-box,True,False
18,left_hip_yaw_link,largebox,left_hip_yaw_link,largebox_link,-0.0011135165344706294,0.0011135165344706294,other-body-box,False,True
19,pelvis_contour_link,right_hip_roll_link,pelvis_contour_link,right_hip_roll_link,-0.0056583341029252665,0.0056583341029252665,self-collision,False,False
19,right_rubber_hand_link,largebox,right_rubber_hand_link,largebox_link,-0.0010250563632436677,0.0010250563632436677,hand-box,True,False
19,right_hip_yaw_link,largebox,right_hip_yaw_link,largebox_link,-0.000959747242115061,0.000959747242115061,other-body-box,False,True
19,left_shoulder_yaw_link,largebox,left_shoulder_yaw_link,largebox_link,-0.0008279923049753224,0.0008279923049753224,other-body-box,False,True
19,ground,right_ankle_roll_link,world,right_ankle_roll_link,-0.0010030092251629326,0.0010030092251629326,foot-ground,True,False
19,ground,right_ankle_roll_sphere_3_link,world,right_ankle_roll_sphere_3_link,-0.000566493936564885,0.000566493936564885,foot-ground,True,False
19,pelvis_contour_link,left_hip_roll_link,pelvis_contour_link,left_hip_roll_link,-0.007886333394063832,0.007886333394063832,self-collision,False,False
19,ground,largebox,world,largebox_link,-0.0029856556847730753,0.0029856556847730753,object-ground,True,False
19,right_knee_link,right_ankle_roll_link,right_knee_link,right_ankle_roll_link,-0.03833920029352725,0.03833920029352725,self-collision,False,False
19,ground,right_rubber_hand_link,world,right_rubber_hand_link,-0.0009997064480574275,0.0009997064480574275,robot-ground-excluding-foot,False,True
19,ground,left_ankle_roll_link,world,left_ankle_roll_link,-0.000994748217781706,0.000994748217781706,foot-ground,True,False
19,left_knee_link,left_ankle_roll_link,left_knee_link,left_ankle_roll_link,-0.035035452948580154,0.035035452948580154,self-collision,False,False
19,left_rubber_hand_link,largebox,left_rubber_hand_link,largebox_link,-0.0004974789010585567,0.0004974789010585567,hand-box,True,False
19,left_hip_yaw_link,largebox,left_hip_yaw_link,largebox_link,-0.0010819165646006879,0.0010819165646006879,other-body-box,False,True
20,pelvis_contour_link,right_hip_roll_link,pelvis_contour_link,right_hip_roll_link,-0.005947151249537541,0.005947151249537541,self-collision,False,False
20,right_rubber_hand_link,largebox,right_rubber_hand_link,largebox_link,-0.0010164283536014396,0.0010164283536014396,hand-box,True,False
20,right_hip_yaw_link,largebox,right_hip_yaw_link,largebox_link,-0.001009772226660724,0.001009772226660724,other-body-box,False,True
20,left_shoulder_yaw_link,largebox,left_shoulder_yaw_link,largebox_link,-0.0010710339646362033,0.0010710339646362033,other-body-box,False,True
20,ground,right_ankle_roll_link,world,right_ankle_roll_link,-0.0009989416492221098,0.0009989416492221098,foot-ground,True,False
20,ground,right_ankle_roll_sphere_3_link,world,right_ankle_roll_sphere_3_link,-0.0005581943977558982,0.0005581943977558982,foot-ground,True,False
20,pelvis_contour_link,left_hip_roll_link,pelvis_contour_link,left_hip_roll_link,-0.007862113891439038,0.007862113891439038,self-collision,False,False
20,ground,largebox,world,largebox_link,-0.0029824674316329125,0.0029824674316329125,object-ground,True,False
20,right_knee_link,right_ankle_roll_link,right_knee_link,right_ankle_roll_link,-0.03815884930642205,0.03815884930642205,self-collision,False,False
20,ground,left_rubber_hand_link,world,left_rubber_hand_link,-0.0009822323603730226,0.0009822323603730226,robot-ground-excluding-foot,False,True
20,ground,right_rubber_hand_link,world,right_rubber_hand_link,-0.0009982788244593671,0.0009982788244593671,robot-ground-excluding-foot,False,True
20,ground,left_ankle_roll_link,world,left_ankle_roll_link,-0.0009977753590954541,0.0009977753590954541,foot-ground,True,False
20,left_knee_link,left_ankle_roll_link,left_knee_link,left_ankle_roll_link,-0.03508763283292557,0.03508763283292557,self-collision,False,False
20,left_rubber_hand_link,largebox,left_rubber_hand_link,largebox_link,-0.0004817546710337989,0.0004817546710337989,hand-box,True,False
20,left_hip_yaw_link,largebox,left_hip_yaw_link,largebox_link,-0.0011415760982982637,0.0011415760982982637,other-body-box,False,True
21,pelvis_contour_link,right_hip_roll_link,pelvis_contour_link,right_hip_roll_link,-0.006326233991539754,0.006326233991539754,self-collision,False,False
21,right_rubber_hand_link,largebox,right_rubber_hand_link,largebox_link,-0.0009880064287485363,0.0009880064287485363,hand-box,True,False
21,right_hip_yaw_link,largebox,right_hip_yaw_link,largebox_link,-0.000992187807147521,0.000992187807147521,other-body-box,False,True
21,left_shoulder_yaw_link,largebox,left_shoulder_yaw_link,largebox_link,-0.0010580767636830246,0.0010580767636830246,other-body-box,False,True
21,ground,right_ankle_roll_link,world,right_ankle_roll_link,-0.0009995422082341027,0.0009995422082341027,foot-ground,True,False
21,ground,right_ankle_roll_sphere_3_link,world,right_ankle_roll_sphere_3_link,-0.0005571212208844529,0.0005571212208844529,foot-ground,True,False
21,pelvis_contour_link,left_hip_roll_link,pelvis_contour_link,left_hip_roll_link,-0.00796941142058663,0.00796941142058663,self-collision,False,False
21,ground,largebox,world,largebox_link,-0.0029389578279449546,0.0029389578279449546,object-ground,True,False
21,right_knee_link,right_ankle_roll_link,right_knee_link,right_ankle_roll_link,-0.03810614200866114,0.03810614200866114,self-collision,False,False
21,ground,left_rubber_hand_link,world,left_rubber_hand_link,-0.0009979064383219133,0.0009979064383219133,robot-ground-excluding-foot,False,True
21,ground,right_rubber_hand_link,world,right_rubber_hand_link,-0.00099969643956406,0.00099969643956406,robot-ground-excluding-foot,False,True
21,ground,left_ankle_roll_link,world,left_ankle_roll_link,-0.0009974926588435656,0.0009974926588435656,foot-ground,True,False
21,left_knee_link,left_ankle_roll_link,left_knee_link,left_ankle_roll_link,-0.03500480739912323,0.03500480739912323,self-collision,False,False
21,left_rubber_hand_link,largebox,left_rubber_hand_link,largebox_link,-0.0009035212687951294,0.0009035212687951294,hand-box,True,False
21,left_hip_yaw_link,largebox,left_hip_yaw_link,largebox_link,-0.0010995269907938948,0.0010995269907938948,other-body-box,False,True
22,pelvis_contour_link,right_hip_roll_link,pelvis_contour_link,right_hip_roll_link,-0.006505237766505606,0.006505237766505606,self-collision,False,False
22,right_rubber_hand_link,largebox,right_rubber_hand_link,largebox_link,-0.000980306948998158,0.000980306948998158,hand-box,True,False
22,right_hip_yaw_link,largebox,right_hip_yaw_link,largebox_link,-0.0008903497724577908,0.0008903497724577908,other-body-box,False,True
22,left_shoulder_yaw_link,largebox,left_shoulder_yaw_link,largebox_link,-0.0006070762520662132,0.0006070762520662132,other-body-box,False,True
22,ground,right_ankle_roll_link,world,right_ankle_roll_link,-0.0009988855721290366,0.0009988855721290366,foot-ground,True,False
22,ground,right_ankle_roll_sphere_3_link,world,right_ankle_roll_sphere_3_link,-0.0005680792786736484,0.0005680792786736484,foot-ground,True,False
22,pelvis_contour_link,left_hip_roll_link,pelvis_contour_link,left_hip_roll_link,-0.00741141838205385,0.00741141838205385,self-collision,False,False
22,ground,largebox,world,largebox_link,-0.0029502151468231153,0.0029502151468231153,object-ground,True,False
22,right_knee_link,right_ankle_roll_link,right_knee_link,right_ankle_roll_link,-0.0380852441230311,0.0380852441230311,self-collision,False,False
22,ground,left_rubber_hand_link,world,left_rubber_hand_link,-0.000996622911277431,0.000996622911277431,robot-ground-excluding-foot,False,True
22,ground,right_rubber_hand_link,world,right_rubber_hand_link,-0.0009972887339154968,0.0009972887339154968,robot-ground-excluding-foot,False,True
22,ground,left_ankle_roll_link,world,left_ankle_roll_link,-0.0009933606017899776,0.0009933606017899776,foot-ground,True,False
22,left_knee_link,left_ankle_roll_link,left_knee_link,left_ankle_roll_link,-0.0346382120603444,0.0346382120603444,self-collision,False,False
22,left_rubber_hand_link,largebox,left_rubber_hand_link,largebox_link,-0.0009428979907314117,0.0009428979907314117,hand-box,True,False
22,left_hip_yaw_link,largebox,left_hip_yaw_link,largebox_link,-0.0018548473147301375,0.0018548473147301375,other-body-box,False,True
23,pelvis_contour_link,right_hip_roll_link,pelvis_contour_link,right_hip_roll_link,-0.006524409681749388,0.006524409681749388,self-collision,False,False
23,right_rubber_hand_link,largebox,right_rubber_hand_link,largebox_link,-0.0010103485522036937,0.0010103485522036937,hand-box,True,False
23,right_hip_yaw_link,largebox,right_hip_yaw_link,largebox_link,-0.001017519844878148,0.001017519844878148,other-body-box,False,True
23,left_shoulder_yaw_link,largebox,left_shoulder_yaw_link,largebox_link,-0.000882679253829663,0.000882679253829663,other-body-box,False,True
23,ground,right_ankle_roll_link,world,right_ankle_roll_link,-0.0009999549346571338,0.0009999549346571338,foot-ground,True,False
23,ground,right_ankle_roll_sphere_3_link,world,right_ankle_roll_sphere_3_link,-0.0005760086999656673,0.0005760086999656673,foot-ground,True,False
23,pelvis_contour_link,left_hip_roll_link,pelvis_contour_link,left_hip_roll_link,-0.007090464505536076,0.007090464505536076,self-collision,False,False
23,ground,largebox,world,largebox_link,-0.003077930906285109,0.003077930906285109,object-ground,True,False
23,right_knee_link,right_ankle_roll_link,right_knee_link,right_ankle_roll_link,-0.0382546413683309,0.0382546413683309,self-collision,False,False
23,ground,left_rubber_hand_link,world,left_rubber_hand_link,-0.0009986976043598328,0.0009986976043598328,robot-ground-excluding-foot,False,True
23,ground,right_rubber_hand_link,world,right_rubber_hand_link,-0.0009999952257276623,0.0009999952257276623,robot-ground-excluding-foot,False,True
23,ground,left_ankle_roll_link,world,left_ankle_roll_link,-0.0010000609241034367,0.0010000609241034367,foot-ground,True,False
23,left_knee_link,left_ankle_roll_link,left_knee_link,left_ankle_roll_link,-0.03430115823018648,0.03430115823018648,self-collision,False,False
23,left_rubber_hand_link,largebox,left_rubber_hand_link,largebox_link,-0.0009628875132319803,0.0009628875132319803,hand-box,True,False
23,left_hip_yaw_link,largebox,left_hip_yaw_link,largebox_link,-0.0010744722218700986,0.0010744722218700986,other-body-box,False,True
24,pelvis_contour_link,right_hip_roll_link,pelvis_contour_link,right_hip_roll_link,-0.005633610649161416,0.005633610649161416,self-collision,False,False
24,right_rubber_hand_link,largebox,right_rubber_hand_link,largebox_link,-0.001017079063349774,0.001017079063349774,hand-box,True,False
24,right_hip_yaw_link,largebox,right_hip_yaw_link,largebox_link,-0.0009882773054876587,0.0009882773054876587,other-body-box,False,True
24,left_shoulder_yaw_link,largebox,left_shoulder_yaw_link,largebox_link,-0.0012323022226967684,0.0012323022226967684,other-body-box,False,True
24,ground,right_ankle_roll_link,world,right_ankle_roll_link,-0.0010099598973139987,0.0010099598973139987,foot-ground,True,False
24,ground,right_ankle_roll_sphere_3_link,world,right_ankle_roll_sphere_3_link,-0.0005897184853115743,0.0005897184853115743,foot-ground,True,False
24,pelvis_contour_link,left_hip_roll_link,pelvis_contour_link,left_hip_roll_link,-0.006847905690732417,0.006847905690732417,self-collision,False,False
24,ground,largebox,world,largebox_link,-0.003059761113823445,0.003059761113823445,object-ground,True,False
24,right_knee_link,right_ankle_roll_link,right_knee_link,right_ankle_roll_link,-0.03824230417067989,0.03824230417067989,self-collision,False,False
24,ground,left_rubber_hand_link,world,left_rubber_hand_link,-0.0009976717291308446,0.0009976717291308446,robot-ground-excluding-foot,False,True
24,ground,right_rubber_hand_link,world,right_rubber_hand_link,-0.0009999715874545179,0.0009999715874545179,robot-ground-excluding-foot,False,True
24,ground,left_ankle_roll_link,world,left_ankle_roll_link,-0.000999956114067245,0.000999956114067245,foot-ground,True,False
24,left_knee_link,left_ankle_roll_link,left_knee_link,left_ankle_roll_link,-0.034265875862036416,0.034265875862036416,self-collision,False,False
24,left_rubber_hand_link,largebox,left_rubber_hand_link,largebox_link,-0.00105147750184309,0.00105147750184309,hand-box,True,False
24,left_hip_yaw_link,largebox,left_hip_yaw_link,largebox_link,-0.0009974294589170235,0.0009974294589170235,other-body-box,False,True
25,pelvis_contour_link,right_hip_roll_link,pelvis_contour_link,right_hip_roll_link,-0.005913011081885203,0.005913011081885203,self-collision,False,False
25,right_rubber_hand_link,largebox,right_rubber_hand_link,largebox_link,-0.0010020360652914645,0.0010020360652914645,hand-box,True,False
25,left_ankle_intermediate_1_link,left_ankle_roll_link,left_ankle_intermediate_1_link,left_ankle_roll_link,-0.0029905046825895037,0.0029905046825895037,self-collision,False,False
25,right_hip_yaw_link,largebox,right_hip_yaw_link,largebox_link,-0.0010550621271291083,0.0010550621271291083,other-body-box,False,True
25,left_shoulder_yaw_link,largebox,left_shoulder_yaw_link,largebox_link,-0.0014092086562116496,0.0014092086562116496,other-body-box,False,True
25,ground,right_ankle_roll_link,world,right_ankle_roll_link,-0.001020102438636386,0.001020102438636386,foot-ground,True,False
25,ground,right_ankle_roll_sphere_3_link,world,right_ankle_roll_sphere_3_link,-0.000601697828776916,0.000601697828776916,foot-ground,True,False
25,pelvis_contour_link,left_hip_roll_link,pelvis_contour_link,left_hip_roll_link,-0.006421768113926238,0.006421768113926238,self-collision,False,False
25,ground,largebox,world,largebox_link,-0.00284940048380658,0.00284940048380658,object-ground,True,False
25,right_knee_link,right_ankle_roll_link,right_knee_link,right_ankle_roll_link,-0.03820352396545662,0.03820352396545662,self-collision,False,False
25,ground,left_rubber_hand_link,world,left_rubber_hand_link,-0.0009813229327294698,0.0009813229327294698,robot-ground-excluding-foot,False,True
25,ground,right_rubber_hand_link,world,right_rubber_hand_link,-0.0009951920072103354,0.0009951920072103354,robot-ground-excluding-foot,False,True
25,ground,left_ankle_roll_link,world,left_ankle_roll_link,-0.0009962148388328873,0.0009962148388328873,foot-ground,True,False
25,left_knee_link,left_ankle_roll_link,left_knee_link,left_ankle_roll_link,-0.03400936195423929,0.03400936195423929,self-collision,False,False
25,left_rubber_hand_link,largebox,left_rubber_hand_link,largebox_link,-0.0005625849749021777,0.0005625849749021777,hand-box,True,False
25,left_hip_yaw_link,largebox,left_hip_yaw_link,largebox_link,-0.0010765051799287995,0.0010765051799287995,other-body-box,False,True
26,pelvis_contour_link,right_hip_roll_link,pelvis_contour_link,right_hip_roll_link,-0.006148042554097052,0.006148042554097052,self-collision,False,False
26,right_rubber_hand_link,largebox,right_rubber_hand_link,largebox_link,-0.001097902406672402,0.001097902406672402,hand-box,True,False
26,left_ankle_intermediate_1_link,left_ankle_roll_link,left_ankle_intermediate_1_link,left_ankle_roll_link,-0.0029234876799315856,0.0029234876799315856,self-collision,False,False
26,right_hip_yaw_link,largebox,right_hip_yaw_link,largebox_link,-0.0010028239420650231,0.0010028239420650231,other-body-box,False,True
26,left_shoulder_yaw_link,largebox,left_shoulder_yaw_link,largebox_link,-0.001010786112242798,0.001010786112242798,other-body-box,False,True
26,ground,right_ankle_roll_link,world,right_ankle_roll_link,-0.0009996416221058207,0.0009996416221058207,foot-ground,True,False
26,ground,right_ankle_roll_sphere_3_link,world,right_ankle_roll_sphere_3_link,-0.0005886307714962928,0.0005886307714962928,foot-ground,True,False
26,pelvis_contour_link,left_hip_roll_link,pelvis_contour_link,left_hip_roll_link,-0.007040414815304041,0.007040414815304041,self-collision,False,False
26,ground,largebox,world,largebox_link,-0.0011607672289883075,0.0011607672289883075,object-ground,True,False
26,right_knee_link,right_ankle_roll_link,right_knee_link,right_ankle_roll_link,-0.038051871357530104,0.038051871357530104,self-collision,False,False
26,ground,left_rubber_hand_link,world,left_rubber_hand_link,-0.0010000051741006072,0.0010000051741006072,robot-ground-excluding-foot,False,True
26,ground,right_rubber_hand_link,world,right_rubber_hand_link,-0.0009946286282397077,0.0009946286282397077,robot-ground-excluding-foot,False,True
26,ground,left_ankle_roll_link,world,left_ankle_roll_link,-0.0009997677739315564,0.0009997677739315564,foot-ground,True,False
26,left_knee_link,left_ankle_roll_link,left_knee_link,left_ankle_roll_link,-0.03386313349245318,0.03386313349245318,self-collision,False,False
26,left_rubber_hand_link,largebox,left_rubber_hand_link,largebox_link,-0.0008637465919996007,0.0008637465919996007,hand-box,True,False
26,left_hip_yaw_link,largebox,left_hip_yaw_link,largebox_link,-0.0009966943094731062,0.0009966943094731062,other-body-box,False,True
27,pelvis_contour_link,right_hip_roll_link,pelvis_contour_link,right_hip_roll_link,-0.006253784595626963,0.006253784595626963,self-collision,False,False
27,right_rubber_hand_link,largebox,right_rubber_hand_link,largebox_link,-0.0009980648808356057,0.0009980648808356057,hand-box,True,False
27,left_ankle_intermediate_1_link,left_ankle_roll_link,left_ankle_intermediate_1_link,left_ankle_roll_link,-0.002983972124454906,0.002983972124454906,self-collision,False,False
27,right_hip_yaw_link,largebox,right_hip_yaw_link,largebox_link,-0.0010129817677896058,0.0010129817677896058,other-body-box,False,True
27,left_shoulder_yaw_link,largebox,left_shoulder_yaw_link,largebox_link,-0.0010272072282853234,0.0010272072282853234,other-body-box,False,True
27,ground,right_ankle_roll_link,world,right_ankle_roll_link,-0.0009987913300877824,0.0009987913300877824,foot-ground,True,False
27,ground,right_ankle_roll_sphere_3_link,world,right_ankle_roll_sphere_3_link,-0.00060294013417322,0.00060294013417322,foot-ground,True,False
27,pelvis_contour_link,left_hip_roll_link,pelvis_contour_link,left_hip_roll_link,-0.006982683617922356,0.006982683617922356,self-collision,False,False
27,right_knee_link,right_ankle_roll_link,right_knee_link,right_ankle_roll_link,-0.038060912260677426,0.038060912260677426,self-collision,False,False
27,ground,left_rubber_hand_link,world,left_rubber_hand_link,-0.0009554787490157202,0.0009554787490157202,robot-ground-excluding-foot,False,True
27,ground,right_rubber_hand_link,world,right_rubber_hand_link,-0.0009986429830997484,0.0009986429830997484,robot-ground-excluding-foot,False,True
27,ground,left_ankle_roll_link,world,left_ankle_roll_link,-0.000997509101380585,0.000997509101380585,foot-ground,True,False
27,left_knee_link,left_ankle_roll_link,left_knee_link,left_ankle_roll_link,-0.03399526402475178,0.03399526402475178,self-collision,False,False
27,left_rubber_hand_link,largebox,left_rubber_hand_link,largebox_link,-0.0014900965749650996,0.0014900965749650996,hand-box,True,False
27,left_hip_yaw_link,largebox,left_hip_yaw_link,largebox_link,-0.0008439660420315603,0.0008439660420315603,other-body-box,False,True
28,pelvis_contour_link,right_hip_roll_link,pelvis_contour_link,right_hip_roll_link,-0.006378015647539453,0.006378015647539453,self-collision,False,False
28,right_rubber_hand_link,largebox,right_rubber_hand_link,largebox_link,-0.001004614933045378,0.001004614933045378,hand-box,True,False
28,left_ankle_intermediate_1_link,left_ankle_roll_link,left_ankle_intermediate_1_link,left_ankle_roll_link,-0.0029583600281906652,0.0029583600281906652,self-collision,False,False
28,right_hip_yaw_link,largebox,right_hip_yaw_link,largebox_link,-0.0010060505208456805,0.0010060505208456805,other-body-box,False,True
28,left_shoulder_yaw_link,largebox,left_shoulder_yaw_link,largebox_link,-0.0010254769628701421,0.0010254769628701421,other-body-box,False,True
28,ground,right_ankle_roll_link,world,right_ankle_roll_link,-0.0009997527865257885,0.0009997527865257885,foot-ground,True,False
28,ground,right_ankle_roll_sphere_3_link,world,right_ankle_roll_sphere_3_link,-0.0006154958117758373,0.0006154958117758373,foot-ground,True,False
28,pelvis_contour_link,left_hip_roll_link,pelvis_contour_link,left_hip_roll_link,-0.007009644358681927,0.007009644358681927,self-collision,False,False
28,ground,largebox,world,largebox_link,-6.949847258658215e-05,6.949847258658215e-05,object-ground,True,False
28,right_knee_link,right_ankle_roll_link,right_knee_link,right_ankle_roll_link,-0.037928155281180764,0.037928155281180764,self-collision,False,False
28,ground,left_rubber_hand_link,world,left_rubber_hand_link,-0.0009988676465098878,0.0009988676465098878,robot-ground-excluding-foot,False,True
28,ground,right_rubber_hand_link,world,right_rubber_hand_link,-0.000999556461820053,0.000999556461820053,robot-ground-excluding-foot,False,True
28,ground,left_ankle_roll_link,world,left_ankle_roll_link,-0.0009995460666731432,0.0009995460666731432,foot-ground,True,False
28,left_knee_link,left_ankle_roll_link,left_knee_link,left_ankle_roll_link,-0.03392043017202173,0.03392043017202173,self-collision,False,False
28,left_rubber_hand_link,largebox,left_rubber_hand_link,largebox_link,-0.0010855465704937145,0.0010855465704937145,hand-box,True,False
28,left_hip_yaw_link,largebox,left_hip_yaw_link,largebox_link,-0.0009840775414996644,0.0009840775414996644,other-body-box,False,True
29,pelvis_contour_link,right_hip_roll_link,pelvis_contour_link,right_hip_roll_link,-0.006450757153550479,0.006450757153550479,self-collision,False,False
29,right_rubber_hand_link,largebox,right_rubber_hand_link,largebox_link,-0.0010017455164412076,0.0010017455164412076,hand-box,True,False
29,left_ankle_intermediate_1_link,left_ankle_roll_link,left_ankle_intermediate_1_link,left_ankle_roll_link,-0.0030601701441574924,0.0030601701441574924,self-collision,False,False
29,right_hip_yaw_link,largebox,right_hip_yaw_link,largebox_link,-0.001180984789335593,0.001180984789335593,other-body-box,False,True
29,left_shoulder_yaw_link,largebox,left_shoulder_yaw_link,largebox_link,-0.0010147914055938373,0.0010147914055938373,other-body-box,False,True
29,ground,right_ankle_roll_link,world,right_ankle_roll_link,-0.0009988050949883837,0.0009988050949883837,foot-ground,True,False
29,ground,right_ankle_roll_sphere_3_link,world,right_ankle_roll_sphere_3_link,-0.0006261147046320191,0.0006261147046320191,foot-ground,True,False
29,pelvis_contour_link,left_hip_roll_link,pelvis_contour_link,left_hip_roll_link,-0.007140532025444693,0.007140532025444693,self-collision,False,False
29,right_knee_link,right_ankle_roll_link,right_knee_link,right_ankle_roll_link,-0.03756930645969081,0.03756930645969081,self-collision,False,False
29,ground,left_rubber_hand_link,world,left_rubber_hand_link,-0.0009981687301373193,0.0009981687301373193,robot-ground-excluding-foot,False,True
29,ground,right_rubber_hand_link,world,right_rubber_hand_link,-0.0009977101524696191,0.0009977101524696191,robot-ground-excluding-foot,False,True
29,ground,left_ankle_roll_link,world,left_ankle_roll_link,-0.0009995662362146177,0.0009995662362146177,foot-ground,True,False
29,left_knee_link,left_ankle_roll_link,left_knee_link,left_ankle_roll_link,-0.03415956722533042,0.03415956722533042,self-collision,False,False
29,left_rubber_hand_link,largebox,left_rubber_hand_link,largebox_link,-0.0010007587084754216,0.0010007587084754216,hand-box,True,False
29,left_hip_yaw_link,largebox,left_hip_yaw_link,largebox_link,-0.0010280217886997622,0.0010280217886997622,other-body-box,False,True
30,pelvis_contour_link,right_hip_roll_link,pelvis_contour_link,right_hip_roll_link,-0.0064249591128613115,0.0064249591128613115,self-collision,False,False
30,right_rubber_hand_link,largebox,right_rubber_hand_link,largebox_link,-0.0009981041752425285,0.0009981041752425285,hand-box,True,False
30,right_hip_yaw_link,largebox,right_hip_yaw_link,largebox_link,-0.0009694196000925165,0.0009694196000925165,other-body-box,False,True
30,left_shoulder_yaw_link,largebox,left_shoulder_yaw_link,largebox_link,-0.000716618671589217,0.000716618671589217,other-body-box,False,True
30,ground,right_ankle_roll_link,world,right_ankle_roll_link,-0.0009990770254643191,0.0009990770254643191,foot-ground,True,False
30,ground,right_ankle_roll_sphere_3_link,world,right_ankle_roll_sphere_3_link,-0.0006087227171504032,0.0006087227171504032,foot-ground,True,False
30,pelvis_contour_link,left_hip_roll_link,pelvis_contour_link,left_hip_roll_link,-0.00721517692031777,0.00721517692031777,self-collision,False,False
30,right_knee_link,right_ankle_roll_link,right_knee_link,right_ankle_roll_link,-0.037500778299037724,0.037500778299037724,self-collision,False,False
30,ground,left_rubber_hand_link,world,left_rubber_hand_link,-0.0009966832605169812,0.0009966832605169812,robot-ground-excluding-foot,False,True
30,ground,right_rubber_hand_link,world,right_rubber_hand_link,-0.0009994254596083912,0.0009994254596083912,robot-ground-excluding-foot,False,True
30,ground,left_ankle_roll_link,world,left_ankle_roll_link,-0.000999389937283643,0.000999389937283643,foot-ground,True,False
30,left_knee_link,left_ankle_roll_link,left_knee_link,left_ankle_roll_link,-0.03454429750483459,0.03454429750483459,self-collision,False,False
30,left_rubber_hand_link,largebox,left_rubber_hand_link,largebox_link,-0.000902580418876614,0.000902580418876614,hand-box,True,False
30,left_hip_yaw_link,largebox,left_hip_yaw_link,largebox_link,-0.0009225494147276775,0.0009225494147276775,other-body-box,False,True
31,pelvis_contour_link,right_hip_roll_link,pelvis_contour_link,right_hip_roll_link,-0.0063486875308266105,0.0063486875308266105,self-collision,False,False
31,right_rubber_hand_link,largebox,right_rubber_hand_link,largebox_link,-0.0010663476355044083,0.0010663476355044083,hand-box,True,False
31,right_hip_yaw_link,largebox,right_hip_yaw_link,largebox_link,-0.0013053218464947336,0.0013053218464947336,other-body-box,False,True
31,left_shoulder_yaw_link,largebox,left_shoulder_yaw_link,largebox_link,-0.004979234233747923,0.004979234233747923,other-body-box,False,True
31,ground,right_ankle_roll_link,world,right_ankle_roll_link,-0.0009978206434042847,0.0009978206434042847,foot-ground,True,False
31,ground,right_ankle_roll_sphere_3_link,world,right_ankle_roll_sphere_3_link,-0.0006042226419822978,0.0006042226419822978,foot-ground,True,False
31,pelvis_contour_link,left_hip_roll_link,pelvis_contour_link,left_hip_roll_link,-0.006804460851950397,0.006804460851950397,self-collision,False,False
31,right_knee_link,right_ankle_roll_link,right_knee_link,right_ankle_roll_link,-0.03775640404866604,0.03775640404866604,self-collision,False,False
31,ground,left_rubber_hand_link,world,left_rubber_hand_link,-0.0009968721559263788,0.0009968721559263788,robot-ground-excluding-foot,False,True
31,ground,right_rubber_hand_link,world,right_rubber_hand_link,-0.0009944273634780593,0.0009944273634780593,robot-ground-excluding-foot,False,True
31,ground,left_ankle_roll_link,world,left_ankle_roll_link,-0.000998784509107918,0.000998784509107918,foot-ground,True,False
31,left_knee_link,left_ankle_roll_link,left_knee_link,left_ankle_roll_link,-0.03566446481537924,0.03566446481537924,self-collision,False,False
31,left_rubber_hand_link,largebox,left_rubber_hand_link,largebox_link,-0.001052260122449189,0.001052260122449189,hand-box,True,False
31,left_hip_yaw_link,largebox,left_hip_yaw_link,largebox_link,-0.0012098033771548583,0.0012098033771548583,other-body-box,False,True
32,pelvis_contour_link,right_hip_roll_link,pelvis_contour_link,right_hip_roll_link,-0.006296785882753536,0.006296785882753536,self-collision,False,False
32,right_rubber_hand_link,largebox,right_rubber_hand_link,largebox_link,-0.000929654816665279,0.000929654816665279,hand-box,True,False
32,right_hip_yaw_link,largebox,right_hip_yaw_link,largebox_link,-0.0013970040341389905,0.0013970040341389905,other-body-box,False,True
32,left_shoulder_yaw_link,largebox,left_shoulder_yaw_link,largebox_link,-0.0006243991412340916,0.0006243991412340916,other-body-box,False,True
32,ground,right_ankle_roll_link,world,right_ankle_roll_link,-0.0010030248279288695,0.0010030248279288695,foot-ground,True,False
32,ground,right_ankle_roll_sphere_3_link,world,right_ankle_roll_sphere_3_link,-0.0005959785610343297,0.0005959785610343297,foot-ground,True,False
32,pelvis_contour_link,left_hip_roll_link,pelvis_contour_link,left_hip_roll_link,-0.00670761568400309,0.00670761568400309,self-collision,False,False
32,right_knee_link,right_ankle_roll_link,right_knee_link,right_ankle_roll_link,-0.03853818171474119,0.03853818171474119,self-collision,False,False
32,ground,left_rubber_hand_link,world,left_rubber_hand_link,-0.0009901125392358934,0.0009901125392358934,robot-ground-excluding-foot,False,True
32,ground,right_rubber_hand_link,world,right_rubber_hand_link,-0.0009866681149152123,0.0009866681149152123,robot-ground-excluding-foot,False,True
32,ground,left_ankle_roll_link,world,left_ankle_roll_link,-0.0009908805159962522,0.0009908805159962522,foot-ground,True,False
32,left_knee_link,left_ankle_roll_link,left_knee_link,left_ankle_roll_link,-0.03755107050404419,0.03755107050404419,self-collision,False,False
32,left_rubber_hand_link,largebox,left_rubber_hand_link,largebox_link,-0.0009210499310232795,0.0009210499310232795,hand-box,True,False
32,left_hip_yaw_link,largebox,left_hip_yaw_link,largebox_link,-0.0008764480861011975,0.0008764480861011975,other-body-box,False,True
33,pelvis_contour_link,right_hip_roll_link,pelvis_contour_link,right_hip_roll_link,-0.005500888958271596,0.005500888958271596,self-collision,False,False
33,right_rubber_hand_link,largebox,right_rubber_hand_link,largebox_link,-0.001320551035692119,0.001320551035692119,hand-box,True,False
33,left_shoulder_yaw_link,largebox,left_shoulder_yaw_link,largebox_link,-7.528106227173981e-05,7.528106227173981e-05,other-body-box,False,True
33,ground,right_ankle_roll_link,world,right_ankle_roll_link,-0.0009919644758629997,0.0009919644758629997,foot-ground,True,False
33,ground,right_ankle_roll_sphere_3_link,world,right_ankle_roll_sphere_3_link,-0.0005742537928825923,0.0005742537928825923,foot-ground,True,False
33,pelvis_contour_link,left_hip_roll_link,pelvis_contour_link,left_hip_roll_link,-0.00811627707159969,0.00811627707159969,self-collision,False,False
33,right_knee_link,right_ankle_roll_link,right_knee_link,right_ankle_roll_link,-0.03945463361317436,0.03945463361317436,self-collision,False,False
33,ground,right_rubber_hand_link,world,right_rubber_hand_link,-0.0009587286519410765,0.0009587286519410765,robot-ground-excluding-foot,False,True
33,ground,left_ankle_roll_link,world,left_ankle_roll_link,-0.0009695792086985081,0.0009695792086985081,foot-ground,True,False
33,left_knee_link,left_ankle_roll_link,left_knee_link,left_ankle_roll_link,-0.03996648537737518,0.03996648537737518,self-collision,False,False
33,left_rubber_hand_link,largebox,left_rubber_hand_link,largebox_link,-0.0007963913639540687,0.0007963913639540687,hand-box,True,False
33,ground,left_ankle_roll_sphere_4_link,world,left_ankle_roll_sphere_4_link,-0.00040472914316421176,0.00040472914316421176,foot-ground,True,False
34,pelvis_contour_link,right_hip_roll_link,pelvis_contour_link,right_hip_roll_link,-0.006981118101595601,0.006981118101595601,self-collision,False,False
34,right_rubber_hand_link,largebox,right_rubber_hand_link,largebox_link,-0.0009732926073476728,0.0009732926073476728,hand-box,True,False
34,left_shoulder_yaw_link,largebox,left_shoulder_yaw_link,largebox_link,-0.0010760287540669405,0.0010760287540669405,other-body-box,False,True
34,ground,right_ankle_roll_link,world,right_ankle_roll_link,-0.0010202446525518355,0.0010202446525518355,foot-ground,True,False
34,ground,right_ankle_roll_sphere_3_link,world,right_ankle_roll_sphere_3_link,-0.00039807316540589176,0.00039807316540589176,foot-ground,True,False
34,pelvis_contour_link,left_hip_roll_link,pelvis_contour_link,left_hip_roll_link,-0.007608356214931403,0.007608356214931403,self-collision,False,False
34,right_knee_link,right_ankle_roll_link,right_knee_link,right_ankle_roll_link,-0.03942030492838036,0.03942030492838036,self-collision,False,False
34,ground,left_ankle_roll_link,world,left_ankle_roll_link,-0.0010342236528517214,0.0010342236528517214,foot-ground,True,False
34,left_knee_link,left_ankle_roll_link,left_knee_link,left_ankle_roll_link,-0.04042020926175252,0.04042020926175252,self-collision,False,False
34,left_rubber_hand_link,largebox,left_rubber_hand_link,largebox_link,-0.0013181868486273202,0.0013181868486273202,hand-box,True,False
34,ground,left_ankle_roll_sphere_4_link,world,left_ankle_roll_sphere_4_link,-0.0005970482206229767,0.0005970482206229767,foot-ground,True,False
35,pelvis_contour_link,right_hip_roll_link,pelvis_contour_link,right_hip_roll_link,-0.008078848582680626,0.008078848582680626,self-collision,False,False
35,right_rubber_hand_link,largebox,right_rubber_hand_link,largebox_link,-0.0009091398691905284,0.0009091398691905284,hand-box,True,False
35,left_shoulder_yaw_link,largebox,left_shoulder_yaw_link,largebox_link,-0.0006515843788458958,0.0006515843788458958,other-body-box,False,True
35,ground,right_ankle_roll_link,world,right_ankle_roll_link,-0.0010235392298087453,0.0010235392298087453,foot-ground,True,False
35,ground,right_ankle_roll_sphere_3_link,world,right_ankle_roll_sphere_3_link,-0.0001758478955952254,0.0001758478955952254,foot-ground,True,False
35,pelvis_contour_link,left_hip_roll_link,pelvis_contour_link,left_hip_roll_link,-0.007328580191408154,0.007328580191408154,self-collision,False,False
35,right_knee_link,right_ankle_roll_link,right_knee_link,right_ankle_roll_link,-0.03889495805488513,0.03889495805488513,self-collision,False,False
35,ground,left_ankle_roll_link,world,left_ankle_roll_link,-0.0010769934801018663,0.0010769934801018663,foot-ground,True,False
35,left_knee_link,left_ankle_roll_link,left_knee_link,left_ankle_roll_link,-0.03969500191521472,0.03969500191521472,self-collision,False,False
35,left_rubber_hand_link,largebox,left_rubber_hand_link,largebox_link,-0.00036178773497974603,0.00036178773497974603,hand-box,True,False
35,ground,left_ankle_roll_sphere_4_link,world,left_ankle_roll_sphere_4_link,-0.000609772025015466,0.000609772025015466,foot-ground,True,False
36,pelvis_contour_link,right_hip_roll_link,pelvis_contour_link,right_hip_roll_link,-0.007652895307708657,0.007652895307708657,self-collision,False,False
36,right_rubber_hand_link,largebox,right_rubber_hand_link,largebox_link,-0.0009292592782334796,0.0009292592782334796,hand-box,True,False
36,left_shoulder_yaw_link,largebox,left_shoulder_yaw_link,largebox_link,-0.0007444292281822973,0.0007444292281822973,other-body-box,False,True
36,ground,right_ankle_roll_link,world,right_ankle_roll_link,-0.0010100139410677798,0.0010100139410677798,foot-ground,True,False
36,ground,right_ankle_roll_sphere_3_link,world,right_ankle_roll_sphere_3_link,-6.82624193378582e-05,6.82624193378582e-05,foot-ground,True,False
36,pelvis_contour_link,left_hip_roll_link,pelvis_contour_link,left_hip_roll_link,-0.00850876340266471,0.00850876340266471,self-collision,False,False
36,right_knee_link,right_ankle_roll_link,right_knee_link,right_ankle_roll_link,-0.037666031313573795,0.037666031313573795,self-collision,False,False
36,ground,left_ankle_roll_link,world,left_ankle_roll_link,-0.0011095582016066516,0.0011095582016066516,foot-ground,True,False
36,left_knee_link,left_ankle_roll_link,left_knee_link,left_ankle_roll_link,-0.03852677243153274,0.03852677243153274,self-collision,False,False
36,left_rubber_hand_link,largebox,left_rubber_hand_link,largebox_link,-0.0004905301732291423,0.0004905301732291423,hand-box,True,False
36,ground,left_ankle_roll_sphere_4_link,world,left_ankle_roll_sphere_4_link,-0.000613613060830717,0.000613613060830717,foot-ground,True,False
37,pelvis_contour_link,right_hip_roll_link,pelvis_contour_link,right_hip_roll_link,-0.008014603404474102,0.008014603404474102,self-collision,False,False
37,right_rubber_hand_link,largebox,right_rubber_hand_link,largebox_link,-0.000724408862556189,0.000724408862556189,hand-box,True,False
37,left_shoulder_yaw_link,largebox,left_shoulder_yaw_link,largebox_link,-0.0011383668063604246,0.0011383668063604246,other-body-box,False,True
37,ground,right_ankle_roll_link,world,right_ankle_roll_link,-0.0011705525952226715,0.0011705525952226715,foot-ground,True,False
37,ground,right_ankle_roll_sphere_3_link,world,right_ankle_roll_sphere_3_link,-0.00033793531777054613,0.00033793531777054613,foot-ground,True,False
37,pelvis_contour_link,left_hip_roll_link,pelvis_contour_link,left_hip_roll_link,-0.007050263559313222,0.007050263559313222,self-collision,False,False
37,right_knee_link,right_ankle_roll_link,right_knee_link,right_ankle_roll_link,-0.036264133203169235,0.036264133203169235,self-collision,False,False
37,ground,left_ankle_roll_link,world,left_ankle_roll_link,-0.0016318786763603738,0.0016318786763603738,foot-ground,True,False
37,left_knee_link,left_ankle_roll_link,left_knee_link,left_ankle_roll_link,-0.037383908703885804,0.037383908703885804,self-collision,False,False
37,left_rubber_hand_link,largebox,left_rubber_hand_link,largebox_link,-0.0011825191191297685,0.0011825191191297685,hand-box,True,False
37,ground,left_ankle_roll_sphere_4_link,world,left_ankle_roll_sphere_4_link,-0.0009904829835701732,0.0009904829835701732,foot-ground,True,False
38,pelvis_contour_link,right_hip_roll_link,pelvis_contour_link,right_hip_roll_link,-0.007215338551100778,0.007215338551100778,self-collision,False,False
38,right_rubber_hand_link,largebox,right_rubber_hand_link,largebox_link,-0.0002359507955781298,0.0002359507955781298,hand-box,True,False
38,left_shoulder_yaw_link,largebox,left_shoulder_yaw_link,largebox_link,-0.000879911434263636,0.000879911434263636,other-body-box,False,True
38,ground,right_ankle_roll_link,world,right_ankle_roll_link,-0.0018696853566139357,0.0018696853566139357,foot-ground,True,False
38,ground,right_ankle_roll_sphere_3_link,world,right_ankle_roll_sphere_3_link,-0.0009662242804292258,0.0009662242804292258,foot-ground,True,False
38,pelvis_contour_link,left_hip_roll_link,pelvis_contour_link,left_hip_roll_link,-0.007274769737850059,0.007274769737850059,self-collision,False,False
38,right_knee_link,right_ankle_roll_link,right_knee_link,right_ankle_roll_link,-0.03496623082963504,0.03496623082963504,self-collision,False,False
38,ground,left_ankle_roll_link,world,left_ankle_roll_link,-0.0010666924195052198,0.0010666924195052198,foot-ground,True,False
38,left_knee_link,left_ankle_roll_link,left_knee_link,left_ankle_roll_link,-0.03590412218542269,0.03590412218542269,self-collision,False,False
38,left_rubber_hand_link,largebox,left_rubber_hand_link,largebox_link,-0.0016474261198663465,0.0016474261198663465,hand-box,True,False
38,ground,left_ankle_roll_sphere_4_link,world,left_ankle_roll_sphere_4_link,-0.0005719301051975807,0.0005719301051975807,foot-ground,True,False
39,pelvis_contour_link,right_hip_roll_link,pelvis_contour_link,right_hip_roll_link,-0.007247896032155754,0.007247896032155754,self-collision,False,False
39,right_rubber_hand_link,largebox,right_rubber_hand_link,largebox_link,-0.0011109748417583165,0.0011109748417583165,hand-box,True,False
39,ground,right_ankle_roll_link,world,right_ankle_roll_link,-0.0018234663984970992,0.0018234663984970992,foot-ground,True,False
39,ground,right_ankle_roll_sphere_3_link,world,right_ankle_roll_sphere_3_link,-0.0009636217532588516,0.0009636217532588516,foot-ground,True,False
39,pelvis_contour_link,left_hip_roll_link,pelvis_contour_link,left_hip_roll_link,-0.00829302122536077,0.00829302122536077,self-collision,False,False
39,right_knee_link,right_ankle_roll_link,right_knee_link,right_ankle_roll_link,-0.03331008445605668,0.03331008445605668,self-collision,False,False
39,ground,left_ankle_roll_link,world,left_ankle_roll_link,-0.0010211596753752494,0.0010211596753752494,foot-ground,True,False
39,left_knee_link,left_ankle_roll_link,left_knee_link,left_ankle_roll_link,-0.03416743063482228,0.03416743063482228,self-collision,False,False
39,left_rubber_hand_link,largebox,left_rubber_hand_link,largebox_link,-0.0013811484041718336,0.0013811484041718336,hand-box,True,False
39,ground,left_ankle_roll_sphere_4_link,world,left_ankle_roll_sphere_4_link,-0.0005381226211156288,0.0005381226211156288,foot-ground,True,False
40,pelvis_contour_link,right_hip_roll_link,pelvis_contour_link,right_hip_roll_link,-0.007581945529913953,0.007581945529913953,self-collision,False,False
40,right_rubber_hand_link,largebox,right_rubber_hand_link,largebox_link,-0.0012743895308176961,0.0012743895308176961,hand-box,True,False
40,left_ankle_intermediate_1_link,left_ankle_roll_link,left_ankle_intermediate_1_link,left_ankle_roll_link,-0.0024742924194680604,0.0024742924194680604,self-collision,False,False
40,ground,right_ankle_roll_link,world,right_ankle_roll_link,-0.0017817821101702887,0.0017817821101702887,foot-ground,True,False
40,ground,right_ankle_roll_sphere_3_link,world,right_ankle_roll_sphere_3_link,-0.0009681284633524549,0.0009681284633524549,foot-ground,True,False
40,pelvis_contour_link,left_hip_roll_link,pelvis_contour_link,left_hip_roll_link,-0.006831765189258071,0.006831765189258071,self-collision,False,False
40,right_knee_link,right_ankle_roll_link,right_knee_link,right_ankle_roll_link,-0.0318008699903195,0.0318008699903195,self-collision,False,False
40,right_ankle_intermediate_1_link,right_ankle_roll_link,right_ankle_intermediate_1_link,right_ankle_roll_link,-0.0022731612629017794,0.0022731612629017794,self-collision,False,False
40,ground,left_ankle_roll_link,world,left_ankle_roll_link,-0.0010118815525104533,0.0010118815525104533,foot-ground,True,False
40,left_knee_link,left_ankle_roll_link,left_knee_link,left_ankle_roll_link,-0.032777500655819025,0.032777500655819025,self-collision,False,False
40,left_rubber_hand_link,largebox,left_rubber_hand_link,largebox_link,-0.0007743204063542924,0.0007743204063542924,hand-box,True,False
40,ground,left_ankle_roll_sphere_4_link,world,left_ankle_roll_sphere_4_link,-0.0005349806473436787,0.0005349806473436787,foot-ground,True,False
41,pelvis_contour_link,right_hip_roll_link,pelvis_contour_link,right_hip_roll_link,-0.00699804690235406,0.00699804690235406,self-collision,False,False
41,left_ankle_intermediate_1_link,left_ankle_roll_link,left_ankle_intermediate_1_link,left_ankle_roll_link,-0.0024936976863368515,0.0024936976863368515,self-collision,False,False
41,ground,right_ankle_roll_link,world,right_ankle_roll_link,-0.00170730876094035,0.00170730876094035,foot-ground,True,False
41,ground,right_ankle_roll_sphere_3_link,world,right_ankle_roll_sphere_3_link,-0.0009660606684005644,0.0009660606684005644,foot-ground,True,False
41,pelvis_contour_link,left_hip_roll_link,pelvis_contour_link,left_hip_roll_link,-0.006641271436741467,0.006641271436741467,self-collision,False,False
41,right_knee_link,right_ankle_roll_link,right_knee_link,right_ankle_roll_link,-0.03044323130992249,0.03044323130992249,self-collision,False,False
41,right_ankle_intermediate_1_link,right_ankle_roll_link,right_ankle_intermediate_1_link,right_ankle_roll_link,-0.002246905493817078,0.002246905493817078,self-collision,False,False
41,ground,left_ankle_roll_link,world,left_ankle_roll_link,-0.0010832332464285402,0.0010832332464285402,foot-ground,True,False
41,left_knee_link,left_ankle_roll_link,left_knee_link,left_ankle_roll_link,-0.0317095139061534,0.0317095139061534,self-collision,False,False
41,left_rubber_hand_link,largebox,left_rubber_hand_link,largebox_link,-0.0006238647491494803,0.0006238647491494803,hand-box,True,False
41,ground,left_ankle_roll_sphere_4_link,world,left_ankle_roll_sphere_4_link,-0.0005908241612793087,0.0005908241612793087,foot-ground,True,False
42,pelvis_contour_link,right_hip_roll_link,pelvis_contour_link,right_hip_roll_link,-0.0075651294219041265,0.0075651294219041265,self-collision,False,False
42,right_rubber_hand_link,largebox,right_rubber_hand_link,largebox_link,-0.0014184508963901443,0.0014184508963901443,hand-box,True,False
42,left_ankle_intermediate_1_link,left_ankle_roll_link,left_ankle_intermediate_1_link,left_ankle_roll_link,-0.0024734787146210024,0.0024734787146210024,self-collision,False,False
42,ground,right_ankle_roll_link,world,right_ankle_roll_link,-0.0015485948256578064,0.0015485948256578064,foot-ground,True,False
42,ground,right_ankle_roll_sphere_3_link,world,right_ankle_roll_sphere_3_link,-0.0008817356490020993,0.0008817356490020993,foot-ground,True,False
42,pelvis_contour_link,left_hip_roll_link,pelvis_contour_link,left_hip_roll_link,-0.006163567588163596,0.006163567588163596,self-collision,False,False
42,right_knee_link,right_ankle_roll_link,right_knee_link,right_ankle_roll_link,-0.029321586132625893,0.029321586132625893,self-collision,False,False
42,right_ankle_intermediate_1_link,right_ankle_roll_link,right_ankle_intermediate_1_link,right_ankle_roll_link,-0.0022129894646535503,0.0022129894646535503,self-collision,False,False
42,ground,left_ankle_roll_link,world,left_ankle_roll_link,-0.0010623207626965954,0.0010623207626965954,foot-ground,True,False
42,left_knee_link,left_ankle_roll_link,left_knee_link,left_ankle_roll_link,-0.031011402940306965,0.031011402940306965,self-collision,False,False
42,ground,left_ankle_roll_sphere_4_link,world,left_ankle_roll_sphere_4_link,-0.0005472229034665611,0.0005472229034665611,foot-ground,True,False
43,pelvis_contour_link,right_hip_roll_link,pelvis_contour_link,right_hip_roll_link,-0.006943940075820165,0.006943940075820165,self-collision,False,False
43,right_rubber_hand_link,largebox,right_rubber_hand_link,largebox_link,-0.0012297167759841576,0.0012297167759841576,hand-box,True,False
43,left_ankle_intermediate_1_link,left_ankle_roll_link,left_ankle_intermediate_1_link,left_ankle_roll_link,-0.002376867118204798,0.002376867118204798,self-collision,False,False
43,ground,right_ankle_roll_link,world,right_ankle_roll_link,-0.0017686394493788976,0.0017686394493788976,foot-ground,True,False
43,ground,right_ankle_roll_sphere_3_link,world,right_ankle_roll_sphere_3_link,-0.0009001153704231114,0.0009001153704231114,foot-ground,True,False
43,pelvis_contour_link,left_hip_roll_link,pelvis_contour_link,left_hip_roll_link,-0.006198516108387217,0.006198516108387217,self-collision,False,False
43,right_knee_link,right_ankle_roll_link,right_knee_link,right_ankle_roll_link,-0.028857799994206818,0.028857799994206818,self-collision,False,False
43,right_ankle_intermediate_1_link,right_ankle_roll_link,right_ankle_intermediate_1_link,right_ankle_roll_link,-0.002146386724455024,0.002146386724455024,self-collision,False,False
43,ground,left_ankle_roll_link,world,left_ankle_roll_link,-0.001463470579701219,0.001463470579701219,foot-ground,True,False
43,left_knee_link,left_ankle_roll_link,left_knee_link,left_ankle_roll_link,-0.030563266125153143,0.030563266125153143,self-collision,False,False
43,left_rubber_hand_link,largebox,left_rubber_hand_link,largebox_link,-0.003635851393112094,0.003635851393112094,hand-box,True,False
43,ground,right_ankle_roll_sphere_1_link,world,right_ankle_roll_sphere_1_link,-0.0001951687642633036,0.0001951687642633036,foot-ground,True,False
43,ground,left_ankle_roll_sphere_4_link,world,left_ankle_roll_sphere_4_link,-0.0009025336553040121,0.0009025336553040121,foot-ground,True,False
44,pelvis_contour_link,right_hip_roll_link,pelvis_contour_link,right_hip_roll_link,-0.005703335993022529,0.005703335993022529,self-collision,False,False
44,left_ankle_intermediate_1_link,left_ankle_roll_link,left_ankle_intermediate_1_link,left_ankle_roll_link,-0.00220276013215151,0.00220276013215151,self-collision,False,False
44,ground,right_ankle_roll_link,world,right_ankle_roll_link,-0.001696715265362591,0.001696715265362591,foot-ground,True,False
44,ground,right_ankle_roll_sphere_3_link,world,right_ankle_roll_sphere_3_link,-0.0009143550010910243,0.0009143550010910243,foot-ground,True,False
44,pelvis_contour_link,left_hip_roll_link,pelvis_contour_link,left_hip_roll_link,-0.0048016248212982005,0.0048016248212982005,self-collision,False,False
44,right_knee_link,right_ankle_roll_link,right_knee_link,right_ankle_roll_link,-0.028440371626394817,0.028440371626394817,self-collision,False,False
44,right_ankle_intermediate_1_link,right_ankle_roll_link,right_ankle_intermediate_1_link,right_ankle_roll_link,-0.002318828905083281,0.002318828905083281,self-collision,False,False
44,ground,left_ankle_roll_link,world,left_ankle_roll_link,-0.0014744866383873609,0.0014744866383873609,foot-ground,True,False
44,left_knee_link,left_ankle_roll_link,left_knee_link,left_ankle_roll_link,-0.030053966688795175,0.030053966688795175,self-collision,False,False
44,left_rubber_hand_link,largebox,left_rubber_hand_link,largebox_link,-0.0014630405675924024,0.0014630405675924024,hand-box,True,False
44,ground,right_ankle_roll_sphere_1_link,world,right_ankle_roll_sphere_1_link,-0.00024253677558860442,0.00024253677558860442,foot-ground,True,False
44,ground,left_ankle_roll_sphere_4_link,world,left_ankle_roll_sphere_4_link,-0.0009190620803826181,0.0009190620803826181,foot-ground,True,False
45,pelvis_contour_link,right_hip_roll_link,pelvis_contour_link,right_hip_roll_link,-0.0036545625502384382,0.0036545625502384382,self-collision,False,False
45,right_rubber_hand_link,largebox,right_rubber_hand_link,largebox_link,-0.001457606729385122,0.001457606729385122,hand-box,True,False
45,left_ankle_intermediate_1_link,left_ankle_roll_link,left_ankle_intermediate_1_link,left_ankle_roll_link,-0.002187157980645435,0.002187157980645435,self-collision,False,False
45,ground,right_ankle_roll_link,world,right_ankle_roll_link,-0.0015284193568733014,0.0015284193568733014,foot-ground,True,False
45,ground,right_ankle_roll_sphere_3_link,world,right_ankle_roll_sphere_3_link,-0.0008627714354203604,0.0008627714354203604,foot-ground,True,False
45,pelvis_contour_link,left_hip_roll_link,pelvis_contour_link,left_hip_roll_link,-0.003908931882147096,0.003908931882147096,self-collision,False,False
45,right_knee_link,right_ankle_roll_link,right_knee_link,right_ankle_roll_link,-0.028252631594981592,0.028252631594981592,self-collision,False,False
45,right_ankle_intermediate_1_link,right_ankle_roll_link,right_ankle_intermediate_1_link,right_ankle_roll_link,-0.002202932279576464,0.002202932279576464,self-collision,False,False
45,ground,left_ankle_roll_link,world,left_ankle_roll_link,-0.0012902481457478486,0.0012902481457478486,foot-ground,True,False
45,left_knee_link,left_ankle_roll_link,left_knee_link,left_ankle_roll_link,-0.02943659623422526,0.02943659623422526,self-collision,False,False
45,left_rubber_hand_link,largebox,left_rubber_hand_link,largebox_link,-0.0019470241068387378,0.0019470241068387378,hand-box,True,False
45,ground,right_ankle_roll_sphere_1_link,world,right_ankle_roll_sphere_1_link,-0.00025004408159324653,0.00025004408159324653,foot-ground,True,False
45,ground,left_ankle_roll_sphere_4_link,world,left_ankle_roll_sphere_4_link,-0.0008518328124319475,0.0008518328124319475,foot-ground,True,False
46,pelvis_contour_link,right_hip_roll_link,pelvis_contour_link,right_hip_roll_link,-0.0025159482669940003,0.0025159482669940003,self-collision,False,False
46,right_rubber_hand_link,largebox,right_rubber_hand_link,largebox_link,-0.0012309613904559064,0.0012309613904559064,hand-box,True,False
46,left_ankle_intermediate_1_link,left_ankle_roll_link,left_ankle_intermediate_1_link,left_ankle_roll_link,-0.0021649617933921783,0.0021649617933921783,self-collision,False,False
46,ground,right_ankle_roll_link,world,right_ankle_roll_link,-0.001411766842348828,0.001411766842348828,foot-ground,True,False
46,ground,right_ankle_roll_sphere_3_link,world,right_ankle_roll_sphere_3_link,-0.0009149953339209231,0.0009149953339209231,foot-ground,True,False
46,pelvis_contour_link,left_hip_roll_link,pelvis_contour_link,left_hip_roll_link,-0.0012347925441371643,0.0012347925441371643,self-collision,False,False
46,ground,right_ankle_roll_sphere_5_link,world,right_ankle_roll_sphere_5_link,-0.00024395520644447926,0.00024395520644447926,foot-ground,True,False
46,right_knee_link,right_ankle_roll_link,right_knee_link,right_ankle_roll_link,-0.028796796070470282,0.028796796070470282,self-collision,False,False
46,right_ankle_intermediate_1_link,right_ankle_roll_link,right_ankle_intermediate_1_link,right_ankle_roll_link,-0.002141803941216505,0.002141803941216505,self-collision,False,False
46,ground,left_ankle_roll_link,world,left_ankle_roll_link,-0.0014921198708514882,0.0014921198708514882,foot-ground,True,False
46,left_knee_link,left_ankle_roll_link,left_knee_link,left_ankle_roll_link,-0.030038766646347248,0.030038766646347248,self-collision,False,False
46,left_rubber_hand_link,largebox,left_rubber_hand_link,largebox_link,-0.002024070955171667,0.002024070955171667,hand-box,True,False
46,ground,right_ankle_roll_sphere_1_link,world,right_ankle_roll_sphere_1_link,-0.0005502300778723523,0.0005502300778723523,foot-ground,True,False
46,ground,left_ankle_roll_sphere_4_link,world,left_ankle_roll_sphere_4_link,-0.000921868877188421,0.000921868877188421,foot-ground,True,False
47,ground,right_ankle_roll_sphere_2_link,world,right_ankle_roll_sphere_2_link,-0.00037073331499579056,0.00037073331499579056,foot-ground,True,False
47,pelvis_contour_link,right_hip_roll_link,pelvis_contour_link,right_hip_roll_link,-0.00041880120946234667,0.00041880120946234667,self-collision,False,False
47,right_rubber_hand_link,largebox,right_rubber_hand_link,largebox_link,-0.0006914514074013445,0.0006914514074013445,hand-box,True,False
47,left_ankle_intermediate_1_link,left_ankle_roll_link,left_ankle_intermediate_1_link,left_ankle_roll_link,-0.002031504186949709,0.002031504186949709,self-collision,False,False
47,ground,right_ankle_roll_link,world,right_ankle_roll_link,-0.0014599092759919018,0.0014599092759919018,foot-ground,True,False
47,ground,right_ankle_roll_sphere_3_link,world,right_ankle_roll_sphere_3_link,-0.0009604448924777033,0.0009604448924777033,foot-ground,True,False
47,ground,right_ankle_roll_sphere_4_link,world,right_ankle_roll_sphere_4_link,-0.00025519042615628536,0.00025519042615628536,foot-ground,True,False
47,ground,right_ankle_roll_sphere_5_link,world,right_ankle_roll_sphere_5_link,-0.0006011386377507933,0.0006011386377507933,foot-ground,True,False
47,right_knee_link,right_ankle_roll_link,right_knee_link,right_ankle_roll_link,-0.029758359527509187,0.029758359527509187,self-collision,False,False
47,right_ankle_intermediate_1_link,right_ankle_roll_link,right_ankle_intermediate_1_link,right_ankle_roll_link,-0.0021199473962952436,0.0021199473962952436,self-collision,False,False
47,ground,left_ankle_roll_link,world,left_ankle_roll_link,-0.0015611580466359729,0.0015611580466359729,foot-ground,True,False
47,left_knee_link,left_ankle_roll_link,left_knee_link,left_ankle_roll_link,-0.030659682104020203,0.030659682104020203,self-collision,False,False
47,left_rubber_hand_link,largebox,left_rubber_hand_link,largebox_link,-0.0014244341580097047,0.0014244341580097047,hand-box,True,False
47,ground,right_ankle_roll_sphere_1_link,world,right_ankle_roll_sphere_1_link,-0.0009584453702636371,0.0009584453702636371,foot-ground,True,False
47,ground,left_ankle_roll_sphere_4_link,world,left_ankle_roll_sphere_4_link,-0.0009533748878765456,0.0009533748878765456,foot-ground,True,False
48,ground,right_ankle_roll_sphere_2_link,world,right_ankle_roll_sphere_2_link,-0.0006702543620866778,0.0006702543620866778,foot-ground,True,False
48,right_rubber_hand_link,largebox,right_rubber_hand_link,largebox_link,-0.0034301944353408997,0.0034301944353408997,hand-box,True,False
48,left_ankle_intermediate_1_link,left_ankle_roll_link,left_ankle_intermediate_1_link,left_ankle_roll_link,-0.0021288812214504266,0.0021288812214504266,self-collision,False,False
48,left_shoulder_yaw_link,largebox,left_shoulder_yaw_link,largebox_link,-0.0004051517811980154,0.0004051517811980154,other-body-box,False,True
48,torso_link,largebox,torso_link,largebox_link,-0.0006065520925032097,0.0006065520925032097,other-body-box,False,True
48,ground,right_ankle_roll_link,world,right_ankle_roll_link,-0.001426961465650238,0.001426961465650238,foot-ground,True,False
48,ground,right_ankle_roll_sphere_3_link,world,right_ankle_roll_sphere_3_link,-0.0009760267659106722,0.0009760267659106722,foot-ground,True,False
48,ground,right_ankle_roll_sphere_4_link,world,right_ankle_roll_sphere_4_link,-0.0006109469369401715,0.0006109469369401715,foot-ground,True,False
48,ground,right_ankle_roll_sphere_5_link,world,right_ankle_roll_sphere_5_link,-0.0007900887213000514,0.0007900887213000514,foot-ground,True,False
48,right_knee_link,right_ankle_roll_link,right_knee_link,right_ankle_roll_link,-0.03101092238009487,0.03101092238009487,self-collision,False,False
48,right_ankle_intermediate_1_link,right_ankle_roll_link,right_ankle_intermediate_1_link,right_ankle_roll_link,-0.002104144100865943,0.002104144100865943,self-collision,False,False
48,ground,left_ankle_roll_link,world,left_ankle_roll_link,-0.0014886685670725264,0.0014886685670725264,foot-ground,True,False
48,left_knee_link,left_ankle_roll_link,left_knee_link,left_ankle_roll_link,-0.031213742422088242,0.031213742422088242,self-collision,False,False
48,left_rubber_hand_link,largebox,left_rubber_hand_link,largebox_link,-0.0013109687461404645,0.0013109687461404645,hand-box,True,False
48,ground,right_ankle_roll_sphere_1_link,world,right_ankle_roll_sphere_1_link,-0.0009744875528954261,0.0009744875528954261,foot-ground,True,False
48,ground,left_ankle_roll_sphere_4_link,world,left_ankle_roll_sphere_4_link,-0.0009748665092141019,0.0009748665092141019,foot-ground,True,False
49,ground,right_ankle_roll_sphere_2_link,world,right_ankle_roll_sphere_2_link,-0.0006662633941211934,0.0006662633941211934,foot-ground,True,False
49,right_rubber_hand_link,largebox,right_rubber_hand_link,largebox_link,-0.0015120171330332277,0.0015120171330332277,hand-box,True,False
49,left_ankle_intermediate_1_link,left_ankle_roll_link,left_ankle_intermediate_1_link,left_ankle_roll_link,-0.0019226870966401743,0.0019226870966401743,self-collision,False,False
49,left_shoulder_yaw_link,largebox,left_shoulder_yaw_link,largebox_link,-0.0009383373397170713,0.0009383373397170713,other-body-box,False,True
49,torso_link,largebox,torso_link,largebox_link,-0.0006169326553267657,0.0006169326553267657,other-body-box,False,True
49,ground,right_ankle_roll_link,world,right_ankle_roll_link,-0.001427774658141142,0.001427774658141142,foot-ground,True,False
49,ground,right_ankle_roll_sphere_3_link,world,right_ankle_roll_sphere_3_link,-0.0009759052300476632,0.0009759052300476632,foot-ground,True,False
49,ground,right_ankle_roll_sphere_4_link,world,right_ankle_roll_sphere_4_link,-0.0006056471845929867,0.0006056471845929867,foot-ground,True,False
49,ground,right_ankle_roll_sphere_5_link,world,right_ankle_roll_sphere_5_link,-0.0007872748693900913,0.0007872748693900913,foot-ground,True,False
49,right_knee_link,right_ankle_roll_link,right_knee_link,right_ankle_roll_link,-0.03201437574504282,0.03201437574504282,self-collision,False,False
49,right_ankle_intermediate_1_link,right_ankle_roll_link,right_ankle_intermediate_1_link,right_ankle_roll_link,-0.0020241809946133504,0.0020241809946133504,self-collision,False,False
49,ground,left_ankle_roll_link,world,left_ankle_roll_link,-0.001038804676126659,0.001038804676126659,foot-ground,True,False
49,left_knee_link,left_ankle_roll_link,left_knee_link,left_ankle_roll_link,-0.03224698706635898,0.03224698706635898,self-collision,False,False
49,left_rubber_hand_link,largebox,left_rubber_hand_link,largebox_link,-0.0012614063614963672,0.0012614063614963672,hand-box,True,False
49,ground,right_ankle_roll_sphere_1_link,world,right_ankle_roll_sphere_1_link,-0.0009748117653334233,0.0009748117653334233,foot-ground,True,False
49,ground,left_ankle_roll_sphere_4_link,world,left_ankle_roll_sphere_4_link,-0.0004793336077541883,0.0004793336077541883,foot-ground,True,False
50,ground,right_ankle_roll_sphere_2_link,world,right_ankle_roll_sphere_2_link,-0.000667844018068949,0.000667844018068949,foot-ground,True,False
50,right_rubber_hand_link,largebox,right_rubber_hand_link,largebox_link,-0.0011049190775824502,0.0011049190775824502,hand-box,True,False
50,left_shoulder_yaw_link,largebox,left_shoulder_yaw_link,largebox_link,-0.001141572182726841,0.001141572182726841,other-body-box,False,True
50,ground,right_ankle_roll_link,world,right_ankle_roll_link,-0.0014252712028759648,0.0014252712028759648,foot-ground,True,False
50,ground,right_ankle_roll_sphere_3_link,world,right_ankle_roll_sphere_3_link,-0.0009738172523202386,0.0009738172523202386,foot-ground,True,False
50,ground,right_ankle_roll_sphere_4_link,world,right_ankle_roll_sphere_4_link,-0.000607530667304265,0.000607530667304265,foot-ground,True,False
50,ground,right_ankle_roll_sphere_5_link,world,right_ankle_roll_sphere_5_link,-0.0007871693164381325,0.0007871693164381325,foot-ground,True,False
50,right_knee_link,right_ankle_roll_link,right_knee_link,right_ankle_roll_link,-0.03258283856099553,0.03258283856099553,self-collision,False,False
50,right_ankle_intermediate_1_link,right_ankle_roll_link,right_ankle_intermediate_1_link,right_ankle_roll_link,-0.0020573055766800463,0.0020573055766800463,self-collision,False,False
50,ground,left_ankle_roll_link,world,left_ankle_roll_link,-0.0009891519163590656,0.0009891519163590656,foot-ground,True,False
50,left_knee_link,left_ankle_roll_link,left_knee_link,left_ankle_roll_link,-0.032946174004266,0.032946174004266,self-collision,False,False
50,left_rubber_hand_link,largebox,left_rubber_hand_link,largebox_link,-0.0009477156571378459,0.0009477156571378459,hand-box,True,False
50,ground,right_ankle_roll_sphere_1_link,world,right_ankle_roll_sphere_1_link,-0.0009730828389155925,0.0009730828389155925,foot-ground,True,False
50,ground,left_ankle_roll_sphere_4_link,world,left_ankle_roll_sphere_4_link,-0.00037121370587752094,0.00037121370587752094,foot-ground,True,False
51,ground,right_ankle_roll_sphere_2_link,world,right_ankle_roll_sphere_2_link,-0.0006665059836271177,0.0006665059836271177,foot-ground,True,False
51,right_rubber_hand_link,largebox,right_rubber_hand_link,largebox_link,-0.0015110352452433196,0.0015110352452433196,hand-box,True,False
51,left_shoulder_yaw_link,largebox,left_shoulder_yaw_link,largebox_link,-0.001037496670853233,0.001037496670853233,other-body-box,False,True
51,torso_link,largebox,torso_link,largebox_link,-0.0002472887745158525,0.0002472887745158525,other-body-box,False,True
51,ground,right_ankle_roll_link,world,right_ankle_roll_link,-0.0014298615804959752,0.0014298615804959752,foot-ground,True,False
51,ground,right_ankle_roll_sphere_3_link,world,right_ankle_roll_sphere_3_link,-0.0009767624847046982,0.0009767624847046982,foot-ground,True,False
51,ground,right_ankle_roll_sphere_4_link,world,right_ankle_roll_sphere_4_link,-0.0006035274323851194,0.0006035274323851194,foot-ground,True,False
51,ground,right_ankle_roll_sphere_5_link,world,right_ankle_roll_sphere_5_link,-0.0007863948844019251,0.0007863948844019251,foot-ground,True,False
51,right_knee_link,right_ankle_roll_link,right_knee_link,right_ankle_roll_link,-0.032965073398943084,0.032965073398943084,self-collision,False,False
51,ground,left_ankle_roll_link,world,left_ankle_roll_link,-0.0009868738241953293,0.0009868738241953293,foot-ground,True,False
51,left_knee_link,left_ankle_roll_link,left_knee_link,left_ankle_roll_link,-0.03416194769566522,0.03416194769566522,self-collision,False,False
51,ground,right_ankle_roll_sphere_1_link,world,right_ankle_roll_sphere_1_link,-0.0009775351938934333,0.0009775351938934333,foot-ground,True,False
51,ground,left_ankle_roll_sphere_4_link,world,left_ankle_roll_sphere_4_link,-0.00029623577401019074,0.00029623577401019074,foot-ground,True,False
52,ground,right_ankle_roll_sphere_2_link,world,right_ankle_roll_sphere_2_link,-0.0006760849370956194,0.0006760849370956194,foot-ground,True,False
52,right_rubber_hand_link,largebox,right_rubber_hand_link,largebox_link,-0.0011239209404895478,0.0011239209404895478,hand-box,True,False
52,left_shoulder_yaw_link,largebox,left_shoulder_yaw_link,largebox_link,-0.001040734372841759,0.001040734372841759,other-body-box,False,True
52,torso_link,largebox,torso_link,largebox_link,-0.0008856142842781495,0.0008856142842781495,other-body-box,False,True
52,ground,right_ankle_roll_link,world,right_ankle_roll_link,-0.0014388688059408343,0.0014388688059408343,foot-ground,True,False
52,ground,right_ankle_roll_sphere_3_link,world,right_ankle_roll_sphere_3_link,-0.0009862076541909187,0.0009862076541909187,foot-ground,True,False
52,ground,right_ankle_roll_sphere_4_link,world,right_ankle_roll_sphere_4_link,-0.0006139599153673339,0.0006139599153673339,foot-ground,True,False
52,ground,right_ankle_roll_sphere_5_link,world,right_ankle_roll_sphere_5_link,-0.0007964244463289699,0.0007964244463289699,foot-ground,True,False
52,right_knee_link,right_ankle_roll_link,right_knee_link,right_ankle_roll_link,-0.03384628466124506,0.03384628466124506,self-collision,False,False
52,ground,left_ankle_roll_link,world,left_ankle_roll_link,-0.0010809260785716868,0.0010809260785716868,foot-ground,True,False
52,left_knee_link,left_ankle_roll_link,left_knee_link,left_ankle_roll_link,-0.034353567273791824,0.034353567273791824,self-collision,False,False
52,ground,right_ankle_roll_sphere_1_link,world,right_ankle_roll_sphere_1_link,-0.0009862913861152746,0.0009862913861152746,foot-ground,True,False
53,ground,right_ankle_roll_sphere_2_link,world,right_ankle_roll_sphere_2_link,-0.0006792234084452937,0.0006792234084452937,foot-ground,True,False
53,right_rubber_hand_link,largebox,right_rubber_hand_link,largebox_link,-0.001087765563367385,0.001087765563367385,hand-box,True,False
53,left_shoulder_yaw_link,largebox,left_shoulder_yaw_link,largebox_link,-0.0008699971847014321,0.0008699971847014321,other-body-box,False,True
53,torso_link,largebox,torso_link,largebox_link,-0.000997123977361583,0.000997123977361583,other-body-box,False,True
53,ground,right_ankle_roll_link,world,right_ankle_roll_link,-0.0014419630635370898,0.0014419630635370898,foot-ground,True,False
53,ground,right_ankle_roll_sphere_3_link,world,right_ankle_roll_sphere_3_link,-0.0009894328718019303,0.0009894328718019303,foot-ground,True,False
53,ground,right_ankle_roll_sphere_4_link,world,right_ankle_roll_sphere_4_link,-0.0006173717592563048,0.0006173717592563048,foot-ground,True,False
53,ground,right_ankle_roll_sphere_5_link,world,right_ankle_roll_sphere_5_link,-0.0007997733088847816,0.0007997733088847816,foot-ground,True,False
53,right_knee_link,right_ankle_roll_link,right_knee_link,right_ankle_roll_link,-0.03428312729172511,0.03428312729172511,self-collision,False,False
53,ground,left_ankle_roll_link,world,left_ankle_roll_link,-0.0009995311098388582,0.0009995311098388582,foot-ground,True,False
53,left_knee_link,left_ankle_roll_link,left_knee_link,left_ankle_roll_link,-0.03474950503217197,0.03474950503217197,self-collision,False,False
53,left_rubber_hand_link,largebox,left_rubber_hand_link,largebox_link,-0.001134477855688723,0.001134477855688723,hand-box,True,False
53,ground,right_ankle_roll_sphere_1_link,world,right_ankle_roll_sphere_1_link,-0.0009892743355666518,0.0009892743355666518,foot-ground,True,False
53,ground,left_ankle_roll_sphere_4_link,world,left_ankle_roll_sphere_4_link,-0.00028640131152300307,0.00028640131152300307,foot-ground,True,False
54,ground,right_ankle_roll_sphere_2_link,world,right_ankle_roll_sphere_2_link,-0.0006806225707167391,0.0006806225707167391,foot-ground,True,False
54,right_rubber_hand_link,largebox,right_rubber_hand_link,largebox_link,-0.0010920236895320123,0.0010920236895320123,hand-box,True,False
54,left_shoulder_yaw_link,largebox,left_shoulder_yaw_link,largebox_link,-0.0008187126043478626,0.0008187126043478626,other-body-box,False,True
54,torso_link,largebox,torso_link,largebox_link,-0.0010161047314159039,0.0010161047314159039,other-body-box,False,True
54,ground,right_ankle_roll_link,world,right_ankle_roll_link,-0.0014434428399385732,0.0014434428399385732,foot-ground,True,False
54,ground,right_ankle_roll_sphere_3_link,world,right_ankle_roll_sphere_3_link,-0.0009906445830378833,0.0009906445830378833,foot-ground,True,False
54,ground,right_ankle_roll_sphere_4_link,world,right_ankle_roll_sphere_4_link,-0.0006182099336084377,0.0006182099336084377,foot-ground,True,False
54,ground,right_ankle_roll_sphere_5_link,world,right_ankle_roll_sphere_5_link,-0.0008007359152263941,0.0008007359152263941,foot-ground,True,False
54,right_knee_link,right_ankle_roll_link,right_knee_link,right_ankle_roll_link,-0.034660862456036584,0.034660862456036584,self-collision,False,False
54,ground,left_ankle_roll_link,world,left_ankle_roll_link,-0.0010144654979685128,0.0010144654979685128,foot-ground,True,False
54,left_knee_link,left_ankle_roll_link,left_knee_link,left_ankle_roll_link,-0.03534274047239794,0.03534274047239794,self-collision,False,False
54,left_rubber_hand_link,largebox,left_rubber_hand_link,largebox_link,-0.001719645941193837,0.001719645941193837,hand-box,True,False
54,left_wrist_yaw_link,largebox,left_wrist_yaw_link,largebox_link,-0.0007421332748126092,0.0007421332748126092,other-body-box,False,True
54,ground,right_ankle_roll_sphere_1_link,world,right_ankle_roll_sphere_1_link,-0.0009909847785746105,0.0009909847785746105,foot-ground,True,False
54,ground,left_ankle_roll_sphere_4_link,world,left_ankle_roll_sphere_4_link,-0.00035282695785116957,0.00035282695785116957,foot-ground,True,False
55,ground,right_ankle_roll_sphere_2_link,world,right_ankle_roll_sphere_2_link,-0.0006828154349780803,0.0006828154349780803,foot-ground,True,False
55,right_rubber_hand_link,largebox,right_rubber_hand_link,largebox_link,-0.0010325543841372686,0.0010325543841372686,hand-box,True,False
55,left_shoulder_yaw_link,largebox,left_shoulder_yaw_link,largebox_link,-0.0003639808290960278,0.0003639808290960278,other-body-box,False,True
55,torso_link,largebox,torso_link,largebox_link,-0.000995008159281524,0.000995008159281524,other-body-box,False,True
55,ground,right_ankle_roll_link,world,right_ankle_roll_link,-0.0014464606024745148,0.0014464606024745148,foot-ground,True,False
55,ground,right_ankle_roll_sphere_3_link,world,right_ankle_roll_sphere_3_link,-0.0009922734735146694,0.0009922734735146694,foot-ground,True,False
55,ground,right_ankle_roll_sphere_4_link,world,right_ankle_roll_sphere_4_link,-0.0006175545303647922,0.0006175545303647922,foot-ground,True,False
55,ground,right_ankle_roll_sphere_5_link,world,right_ankle_roll_sphere_5_link,-0.0008009099635847344,0.0008009099635847344,foot-ground,True,False
55,right_knee_link,right_ankle_roll_link,right_knee_link,right_ankle_roll_link,-0.03514999706325295,0.03514999706325295,self-collision,False,False
55,ground,left_ankle_roll_link,world,left_ankle_roll_link,-0.0009996435564870523,0.0009996435564870523,foot-ground,True,False
55,left_knee_link,left_ankle_roll_link,left_knee_link,left_ankle_roll_link,-0.0356003392672197,0.0356003392672197,self-collision,False,False
55,left_rubber_hand_link,largebox,left_rubber_hand_link,largebox_link,-0.001606527333269478,0.001606527333269478,hand-box,True,False
55,ground,right_ankle_roll_sphere_1_link,world,right_ankle_roll_sphere_1_link,-0.0009950812209363153,0.0009950812209363153,foot-ground,True,False
56,ground,right_ankle_roll_sphere_2_link,world,right_ankle_roll_sphere_2_link,-0.0006825335894503513,0.0006825335894503513,foot-ground,True,False
56,right_rubber_hand_link,largebox,right_rubber_hand_link,largebox_link,-0.0009970708784030752,0.0009970708784030752,hand-box,True,False
56,torso_link,largebox,torso_link,largebox_link,-0.0010701168028332125,0.0010701168028332125,other-body-box,False,True
56,ground,right_ankle_roll_link,world,right_ankle_roll_link,-0.0014458746519709458,0.0014458746519709458,foot-ground,True,False
56,ground,right_ankle_roll_sphere_3_link,world,right_ankle_roll_sphere_3_link,-0.0009927245643370488,0.0009927245643370488,foot-ground,True,False
56,ground,right_ankle_roll_sphere_4_link,world,right_ankle_roll_sphere_4_link,-0.0006194440514742583,0.0006194440514742583,foot-ground,True,False
56,ground,right_ankle_roll_sphere_5_link,world,right_ankle_roll_sphere_5_link,-0.0008023216221914346,0.0008023216221914346,foot-ground,True,False
56,right_knee_link,right_ankle_roll_link,right_knee_link,right_ankle_roll_link,-0.035645961246104585,0.035645961246104585,self-collision,False,False
56,left_wrist_pitch_link,largebox,left_wrist_pitch_link,largebox_link,-0.0009996128877118315,0.0009996128877118315,other-body-box,False,True
56,ground,left_ankle_roll_link,world,left_ankle_roll_link,-0.001315783208656364,0.001315783208656364,foot-ground,True,False
56,left_knee_link,left_ankle_roll_link,left_knee_link,left_ankle_roll_link,-0.03501329181092899,0.03501329181092899,self-collision,False,False
56,left_rubber_hand_link,largebox,left_rubber_hand_link,largebox_link,-3.555089234932862e-05,3.555089234932862e-05,hand-box,True,False
56,ground,right_ankle_roll_sphere_1_link,world,right_ankle_roll_sphere_1_link,-0.000993600683502678,0.000993600683502678,foot-ground,True,False
57,ground,right_ankle_roll_sphere_2_link,world,right_ankle_roll_sphere_2_link,-0.0006837149880260232,0.0006837149880260232,foot-ground,True,False
57,right_rubber_hand_link,largebox,right_rubber_hand_link,largebox_link,-0.001004888852030511,0.001004888852030511,hand-box,True,False
57,left_ankle_intermediate_1_link,left_ankle_roll_link,left_ankle_intermediate_1_link,left_ankle_roll_link,-0.0030160702315327054,0.0030160702315327054,self-collision,False,False
57,torso_link,largebox,torso_link,largebox_link,-0.000957145385700714,0.000957145385700714,other-body-box,False,True
57,ground,right_ankle_roll_link,world,right_ankle_roll_link,-0.00144751490930764,0.00144751490930764,foot-ground,True,False
57,ground,right_ankle_roll_sphere_3_link,world,right_ankle_roll_sphere_3_link,-0.0009944476848544664,0.0009944476848544664,foot-ground,True,False
57,ground,right_ankle_roll_sphere_4_link,world,right_ankle_roll_sphere_4_link,-0.0006208680908582195,0.0006208680908582195,foot-ground,True,False
57,ground,right_ankle_roll_sphere_5_link,world,right_ankle_roll_sphere_5_link,-0.0008039266802875441,0.0008039266802875441,foot-ground,True,False
57,right_knee_link,right_ankle_roll_link,right_knee_link,right_ankle_roll_link,-0.03613601453425483,0.03613601453425483,self-collision,False,False
57,ground,left_ankle_roll_link,world,left_ankle_roll_link,-0.002646672220761641,0.002646672220761641,foot-ground,True,False
57,left_knee_link,left_ankle_roll_link,left_knee_link,left_ankle_roll_link,-0.03323337160809989,0.03323337160809989,self-collision,False,False
57,left_rubber_hand_link,largebox,left_rubber_hand_link,largebox_link,-0.0017974482695649746,0.0017974482695649746,hand-box,True,False
57,left_wrist_yaw_link,largebox,left_wrist_yaw_link,largebox_link,-0.0009299221164876803,0.0009299221164876803,other-body-box,False,True
57,ground,right_ankle_roll_sphere_1_link,world,right_ankle_roll_sphere_1_link,-0.0009950313163562324,0.0009950313163562324,foot-ground,True,False
57,ground,left_ankle_roll_sphere_4_link,world,left_ankle_roll_sphere_4_link,-0.0009840509706051477,0.0009840509706051477,foot-ground,True,False
58,ground,right_ankle_roll_sphere_2_link,world,right_ankle_roll_sphere_2_link,-0.0005802243740100485,0.0005802243740100485,foot-ground,True,False
58,right_rubber_hand_link,largebox,right_rubber_hand_link,largebox_link,-0.0013166441711050109,0.0013166441711050109,hand-box,True,False
58,left_ankle_intermediate_1_link,left_ankle_roll_link,left_ankle_intermediate_1_link,left_ankle_roll_link,-0.0030088546591956616,0.0030088546591956616,self-collision,False,False
58,torso_link,largebox,torso_link,largebox_link,-0.0009968883285418478,0.0009968883285418478,other-body-box,False,True
58,ground,right_ankle_roll_link,world,right_ankle_roll_link,-0.0014642172977403778,0.0014642172977403778,foot-ground,True,False
58,ground,right_ankle_roll_sphere_3_link,world,right_ankle_roll_sphere_3_link,-0.0009949266409713551,0.0009949266409713551,foot-ground,True,False
58,ground,left_ankle_roll_sphere_2_link,world,left_ankle_roll_sphere_2_link,-0.00019366349616746752,0.00019366349616746752,foot-ground,True,False
58,ground,right_ankle_roll_sphere_4_link,world,right_ankle_roll_sphere_4_link,-0.0004999058486637687,0.0004999058486637687,foot-ground,True,False
58,ground,right_ankle_roll_sphere_5_link,world,right_ankle_roll_sphere_5_link,-0.0007428201515641509,0.0007428201515641509,foot-ground,True,False
58,right_knee_link,right_ankle_roll_link,right_knee_link,right_ankle_roll_link,-0.03692514812752665,0.03692514812752665,self-collision,False,False
58,ground,left_ankle_roll_link,world,left_ankle_roll_link,-0.002029820844258571,0.002029820844258571,foot-ground,True,False
58,left_knee_link,left_ankle_roll_link,left_knee_link,left_ankle_roll_link,-0.030380684895765314,0.030380684895765314,self-collision,False,False
58,left_rubber_hand_link,largebox,left_rubber_hand_link,largebox_link,-0.0008830834867676468,0.0008830834867676468,hand-box,True,False
58,ground,right_ankle_roll_sphere_1_link,world,right_ankle_roll_sphere_1_link,-0.0009927417009330348,0.0009927417009330348,foot-ground,True,False
58,ground,left_ankle_roll_sphere_4_link,world,left_ankle_roll_sphere_4_link,-0.000980388714804571,0.000980388714804571,foot-ground,True,False
59,ground,right_ankle_roll_sphere_2_link,world,right_ankle_roll_sphere_2_link,-0.0005006609380145506,0.0005006609380145506,foot-ground,True,False
59,right_rubber_hand_link,largebox,right_rubber_hand_link,largebox_link,-0.0012945783478521405,0.0012945783478521405,hand-box,True,False
59,ground,left_ankle_roll_sphere_5_link,world,left_ankle_roll_sphere_5_link,-0.0008809507874861363,0.0008809507874861363,foot-ground,True,False
59,left_ankle_intermediate_1_link,left_ankle_roll_link,left_ankle_intermediate_1_link,left_ankle_roll_link,-0.0029641635169205677,0.0029641635169205677,self-collision,False,False
59,torso_link,largebox,torso_link,largebox_link,-0.0009300901018418489,0.0009300901018418489,other-body-box,False,True
59,ground,right_ankle_roll_link,world,right_ankle_roll_link,-0.0014775600510814856,0.0014775600510814856,foot-ground,True,False
59,ground,left_ankle_roll_sphere_1_link,world,left_ankle_roll_sphere_1_link,-0.00027391164387997793,0.00027391164387997793,foot-ground,True,False
59,ground,right_ankle_roll_sphere_3_link,world,right_ankle_roll_sphere_3_link,-0.0009945825416611256,0.0009945825416611256,foot-ground,True,False
59,ground,left_ankle_roll_sphere_2_link,world,left_ankle_roll_sphere_2_link,-0.0005279290976249696,0.0005279290976249696,foot-ground,True,False
59,ground,right_ankle_roll_sphere_4_link,world,right_ankle_roll_sphere_4_link,-0.0004043574332100999,0.0004043574332100999,foot-ground,True,False
59,ground,right_ankle_roll_sphere_5_link,world,right_ankle_roll_sphere_5_link,-0.0006939266840120624,0.0006939266840120624,foot-ground,True,False
59,right_knee_link,right_ankle_roll_link,right_knee_link,right_ankle_roll_link,-0.03780531190108835,0.03780531190108835,self-collision,False,False
59,ground,left_ankle_roll_link,world,left_ankle_roll_link,-0.0013830685069525193,0.0013830685069525193,foot-ground,True,False
59,left_knee_link,left_ankle_roll_link,left_knee_link,left_ankle_roll_link,-0.02757379559764453,0.02757379559764453,self-collision,False,False
59,left_rubber_hand_link,largebox,left_rubber_hand_link,largebox_link,-0.0008888155194362035,0.0008888155194362035,hand-box,True,False
59,ground,left_ankle_roll_sphere_3_link,world,left_ankle_roll_sphere_3_link,-0.0006780107976882303,0.0006780107976882303,foot-ground,True,False
59,ground,right_ankle_roll_sphere_1_link,world,right_ankle_roll_sphere_1_link,-0.0009925151950570732,0.0009925151950570732,foot-ground,True,False
59,ground,left_ankle_roll_sphere_4_link,world,left_ankle_roll_sphere_4_link,-0.000982831742182221,0.000982831742182221,foot-ground,True,False
60,right_rubber_hand_link,largebox,right_rubber_hand_link,largebox_link,-0.0010355581138959125,0.0010355581138959125,hand-box,True,False
60,ground,left_ankle_roll_sphere_5_link,world,left_ankle_roll_sphere_5_link,-0.0006300818037858471,0.0006300818037858471,foot-ground,True,False
60,left_ankle_intermediate_1_link,left_ankle_roll_link,left_ankle_intermediate_1_link,left_ankle_roll_link,-0.003015115848657657,0.003015115848657657,self-collision,False,False
60,torso_link,largebox,torso_link,largebox_link,-0.00102094583822393,0.00102094583822393,other-body-box,False,True
60,ground,right_ankle_roll_link,world,right_ankle_roll_link,-0.0015107023306823973,0.0015107023306823973,foot-ground,True,False
60,ground,left_ankle_roll_sphere_1_link,world,left_ankle_roll_sphere_1_link,-0.000978895266504398,0.000978895266504398,foot-ground,True,False
60,ground,right_ankle_roll_sphere_3_link,world,right_ankle_roll_sphere_3_link,-0.0008374095499277872,0.0008374095499277872,foot-ground,True,False
60,ground,left_ankle_roll_sphere_2_link,world,left_ankle_roll_sphere_2_link,-0.00039331680636563084,0.00039331680636563084,foot-ground,True,False
60,ground,right_ankle_roll_sphere_5_link,world,right_ankle_roll_sphere_5_link,-7.508022791272769e-05,7.508022791272769e-05,foot-ground,True,False
60,right_knee_link,right_ankle_roll_link,right_knee_link,right_ankle_roll_link,-0.03881784423823412,0.03881784423823412,self-collision,False,False
60,ground,left_ankle_roll_link,world,left_ankle_roll_link,-0.0014846124707962316,0.0014846124707962316,foot-ground,True,False
60,left_knee_link,left_ankle_roll_link,left_knee_link,left_ankle_roll_link,-0.02537288557105355,0.02537288557105355,self-collision,False,False
60,left_rubber_hand_link,largebox,left_rubber_hand_link,largebox_link,-0.0011874374556994638,0.0011874374556994638,hand-box,True,False
60,left_wrist_yaw_link,largebox,left_wrist_yaw_link,largebox_link,-0.00037279155284129784,0.00037279155284129784,other-body-box,False,True
60,ground,left_ankle_roll_sphere_3_link,world,left_ankle_roll_sphere_3_link,-0.000987326167516389,0.000987326167516389,foot-ground,True,False
60,ground,right_ankle_roll_sphere_1_link,world,right_ankle_roll_sphere_1_link,-0.000989612994192003,0.000989612994192003,foot-ground,True,False
60,ground,left_ankle_roll_sphere_4_link,world,left_ankle_roll_sphere_4_link,-0.0002846320153498663,0.0002846320153498663,foot-ground,True,False
61,left_ankle_intermediate_1_link,left_ankle_roll_link,left_ankle_intermediate_1_link,left_ankle_roll_link,-0.002430940840624188,0.002430940840624188,self-collision,False,False
61,torso_link,largebox,torso_link,largebox_link,-0.0010177004850351334,0.0010177004850351334,other-body-box,False,True
61,ground,right_ankle_roll_link,world,right_ankle_roll_link,-0.0014649970554658533,0.0014649970554658533,foot-ground,True,False
61,ground,left_ankle_roll_sphere_1_link,world,left_ankle_roll_sphere_1_link,-0.0004051198295539583,0.0004051198295539583,foot-ground,True,False
61,ground,right_ankle_roll_sphere_3_link,world,right_ankle_roll_sphere_3_link,-0.0006042172602531417,0.0006042172602531417,foot-ground,True,False
61,right_knee_link,right_ankle_roll_link,right_knee_link,right_ankle_roll_link,-0.03967787662045291,0.03967787662045291,self-collision,False,False
61,ground,left_ankle_roll_link,world,left_ankle_roll_link,-0.0016842010777045127,0.0016842010777045127,foot-ground,True,False
61,left_knee_link,left_ankle_roll_link,left_knee_link,left_ankle_roll_link,-0.024078828917311293,0.024078828917311293,self-collision,False,False
61,left_rubber_hand_link,largebox,left_rubber_hand_link,largebox_link,-0.001305152881187946,0.001305152881187946,hand-box,True,False
61,left_wrist_yaw_link,largebox,left_wrist_yaw_link,largebox_link,-0.0008779737421922978,0.0008779737421922978,other-body-box,False,True
61,ground,left_ankle_roll_sphere_3_link,world,left_ankle_roll_sphere_3_link,-0.000989834647769301,0.000989834647769301,foot-ground,True,False
61,ground,right_ankle_roll_sphere_1_link,world,right_ankle_roll_sphere_1_link,-0.0009890202395277754,0.0009890202395277754,foot-ground,True,False
62,right_rubber_hand_link,largebox,right_rubber_hand_link,largebox_link,-0.0013022000346344514,0.0013022000346344514,hand-box,True,False
62,left_ankle_intermediate_1_link,left_ankle_roll_link,left_ankle_intermediate_1_link,left_ankle_roll_link,-0.0020161857891805163,0.0020161857891805163,self-collision,False,False
62,torso_link,largebox,torso_link,largebox_link,-0.0010317863669194738,0.0010317863669194738,other-body-box,False,True
62,ground,right_ankle_roll_link,world,right_ankle_roll_link,-0.0014722658059739165,0.0014722658059739165,foot-ground,True,False
62,ground,left_ankle_roll_sphere_1_link,world,left_ankle_roll_sphere_1_link,-0.000265958459525417,0.000265958459525417,foot-ground,True,False
62,ground,right_ankle_roll_sphere_3_link,world,right_ankle_roll_sphere_3_link,-0.00013068001385959076,0.00013068001385959076,foot-ground,True,False
62,right_knee_link,right_ankle_roll_link,right_knee_link,right_ankle_roll_link,-0.0406805261183264,0.0406805261183264,self-collision,False,False
62,ground,left_ankle_roll_link,world,left_ankle_roll_link,-0.0014506963764669145,0.0014506963764669145,foot-ground,True,False
62,left_knee_link,left_ankle_roll_link,left_knee_link,left_ankle_roll_link,-0.023208148430172923,0.023208148430172923,self-collision,False,False
62,left_rubber_hand_link,largebox,left_rubber_hand_link,largebox_link,-0.0011847589938273617,0.0011847589938273617,hand-box,True,False
62,left_wrist_yaw_link,largebox,left_wrist_yaw_link,largebox_link,-0.00035049119545961516,0.00035049119545961516,other-body-box,False,True
62,ground,left_ankle_roll_sphere_3_link,world,left_ankle_roll_sphere_3_link,-9.72945447438615e-05,9.72945447438615e-05,foot-ground,True,False
62,ground,right_ankle_roll_sphere_1_link,world,right_ankle_roll_sphere_1_link,-0.0009946843831547007,0.0009946843831547007,foot-ground,True,False
63,right_rubber_hand_link,largebox,right_rubber_hand_link,largebox_link,-0.0013166628281883613,0.0013166628281883613,hand-box,True,False
63,left_ankle_intermediate_1_link,left_ankle_roll_link,left_ankle_intermediate_1_link,left_ankle_roll_link,-0.00196391110755606,0.00196391110755606,self-collision,False,False
63,torso_link,largebox,torso_link,largebox_link,-0.0010317193434840194,0.0010317193434840194,other-body-box,False,True
63,ground,right_ankle_roll_link,world,right_ankle_roll_link,-0.0010089545499582138,0.0010089545499582138,foot-ground,True,False
63,ground,left_ankle_roll_sphere_1_link,world,left_ankle_roll_sphere_1_link,-0.0003572799891661633,0.0003572799891661633,foot-ground,True,False
63,ground,right_ankle_roll_sphere_3_link,world,right_ankle_roll_sphere_3_link,-0.0003481392609072124,0.0003481392609072124,foot-ground,True,False
63,right_knee_link,right_ankle_roll_link,right_knee_link,right_ankle_roll_link,-0.04125481741416695,0.04125481741416695,self-collision,False,False
63,ground,left_ankle_roll_link,world,left_ankle_roll_link,-0.0009981428547389017,0.0009981428547389017,foot-ground,True,False
63,left_knee_link,left_ankle_roll_link,left_knee_link,left_ankle_roll_link,-0.022847999085665052,0.022847999085665052,self-collision,False,False
63,left_rubber_hand_link,largebox,left_rubber_hand_link,largebox_link,-0.0007273184421009021,0.0007273184421009021,hand-box,True,False
63,left_wrist_yaw_link,largebox,left_wrist_yaw_link,largebox_link,-0.0026702620493455342,0.0026702620493455342,other-body-box,False,True
64,right_rubber_hand_link,largebox,right_rubber_hand_link,largebox_link,-0.0013189585452550168,0.0013189585452550168,hand-box,True,False
64,left_ankle_intermediate_1_link,left_ankle_roll_link,left_ankle_intermediate_1_link,left_ankle_roll_link,-0.0018709077887807263,0.0018709077887807263,self-collision,False,False
64,torso_link,largebox,torso_link,largebox_link,-0.0009956774205718416,0.0009956774205718416,other-body-box,False,True
64,ground,right_ankle_roll_link,world,right_ankle_roll_link,-0.0012126304061868265,0.0012126304061868265,foot-ground,True,False
64,ground,left_ankle_roll_sphere_1_link,world,left_ankle_roll_sphere_1_link,-0.0003146907597163821,0.0003146907597163821,foot-ground,True,False
64,ground,right_ankle_roll_sphere_3_link,world,right_ankle_roll_sphere_3_link,-0.00046102840789551385,0.00046102840789551385,foot-ground,True,False
64,right_knee_link,right_ankle_roll_link,right_knee_link,right_ankle_roll_link,-0.0419238308537036,0.0419238308537036,self-collision,False,False
64,ground,left_ankle_roll_link,world,left_ankle_roll_link,-0.0010000320189891033,0.0010000320189891033,foot-ground,True,False
64,left_knee_link,left_ankle_roll_link,left_knee_link,left_ankle_roll_link,-0.022651969124625013,0.022651969124625013,self-collision,False,False
64,left_rubber_hand_link,largebox,left_rubber_hand_link,largebox_link,-0.0008189139510492438,0.0008189139510492438,hand-box,True,False
64,left_wrist_yaw_link,largebox,left_wrist_yaw_link,largebox_link,-0.002290956962961388,0.002290956962961388,other-body-box,False,True
65,right_rubber_hand_link,largebox,right_rubber_hand_link,largebox_link,-0.001259079593748852,0.001259079593748852,hand-box,True,False
65,left_ankle_intermediate_1_link,left_ankle_roll_link,left_ankle_intermediate_1_link,left_ankle_roll_link,-0.0020295930430986597,0.0020295930430986597,self-collision,False,False
65,torso_link,largebox,torso_link,largebox_link,-0.0010127815241550153,0.0010127815241550153,other-body-box,False,True
65,ground,right_ankle_roll_link,world,right_ankle_roll_link,-0.0009991668907623139,0.0009991668907623139,foot-ground,True,False
65,ground,left_ankle_roll_sphere_1_link,world,left_ankle_roll_sphere_1_link,-0.0009904057987527816,0.0009904057987527816,foot-ground,True,False
65,ground,right_ankle_roll_sphere_3_link,world,right_ankle_roll_sphere_3_link,-0.0005504833986497313,0.0005504833986497313,foot-ground,True,False
65,right_knee_link,right_ankle_roll_link,right_knee_link,right_ankle_roll_link,-0.04199790760426711,0.04199790760426711,self-collision,False,False
65,ground,left_ankle_roll_link,world,left_ankle_roll_link,-0.0017101013844099226,0.0017101013844099226,foot-ground,True,False
65,left_knee_link,left_ankle_roll_link,left_knee_link,left_ankle_roll_link,-0.02298393716922531,0.02298393716922531,self-collision,False,False
65,left_rubber_hand_link,largebox,left_rubber_hand_link,largebox_link,-0.0007023218443561879,0.0007023218443561879,hand-box,True,False
65,left_wrist_yaw_link,largebox,left_wrist_yaw_link,largebox_link,-0.0027909219940609187,0.0027909219940609187,other-body-box,False,True
66,left_ankle_intermediate_1_link,left_ankle_roll_link,left_ankle_intermediate_1_link,left_ankle_roll_link,-0.0023329081023659576,0.0023329081023659576,self-collision,False,False
66,torso_link,largebox,torso_link,largebox_link,-0.0009373954976037158,0.0009373954976037158,other-body-box,False,True
66,ground,right_ankle_roll_link,world,right_ankle_roll_link,-0.0009957211714602746,0.0009957211714602746,foot-ground,True,False
66,ground,left_ankle_roll_sphere_1_link,world,left_ankle_roll_sphere_1_link,-0.000994185760563082,0.000994185760563082,foot-ground,True,False
66,ground,right_ankle_roll_sphere_3_link,world,right_ankle_roll_sphere_3_link,-0.0004991723563798024,0.0004991723563798024,foot-ground,True,False
66,right_knee_link,right_ankle_roll_link,right_knee_link,right_ankle_roll_link,-0.041743600851289836,0.041743600851289836,self-collision,False,False
66,ground,left_ankle_roll_link,world,left_ankle_roll_link,-0.001706449286194945,0.001706449286194945,foot-ground,True,False
66,left_knee_link,left_ankle_roll_link,left_knee_link,left_ankle_roll_link,-0.02383660297446956,0.02383660297446956,self-collision,False,False
66,left_rubber_hand_link,largebox,left_rubber_hand_link,largebox_link,-0.0006991524332878168,0.0006991524332878168,hand-box,True,False
66,left_wrist_yaw_link,largebox,left_wrist_yaw_link,largebox_link,-0.0025088533169912025,0.0025088533169912025,other-body-box,False,True
67,right_rubber_hand_link,largebox,right_rubber_hand_link,largebox_link,-0.0007838094463184647,0.0007838094463184647,hand-box,True,False
67,left_ankle_intermediate_1_link,left_ankle_roll_link,left_ankle_intermediate_1_link,left_ankle_roll_link,-0.0028368623310155022,0.0028368623310155022,self-collision,False,False
67,torso_link,largebox,torso_link,largebox_link,-0.0009139842453823044,0.0009139842453823044,other-body-box,False,True
67,ground,left_ankle_roll_sphere_1_link,world,left_ankle_roll_sphere_1_link,-0.0009933255536030304,0.0009933255536030304,foot-ground,True,False
67,right_knee_link,right_ankle_roll_link,right_knee_link,right_ankle_roll_link,-0.04175067180940065,0.04175067180940065,self-collision,False,False
67,ground,left_ankle_roll_link,world,left_ankle_roll_link,-0.0016757294798818191,0.0016757294798818191,foot-ground,True,False
67,left_knee_link,left_ankle_roll_link,left_knee_link,left_ankle_roll_link,-0.025080824217327685,0.025080824217327685,self-collision,False,False
67,left_wrist_yaw_link,largebox,left_wrist_yaw_link,largebox_link,-0.000694854456655028,0.000694854456655028,other-body-box,False,True
68,right_rubber_hand_link,largebox,right_rubber_hand_link,largebox_link,-0.0016410555480642214,0.0016410555480642214,hand-box,True,False
68,left_ankle_intermediate_1_link,left_ankle_roll_link,left_ankle_intermediate_1_link,left_ankle_roll_link,-0.003402537069308681,0.003402537069308681,self-collision,False,False
68,torso_link,largebox,torso_link,largebox_link,-0.0009958980270232537,0.0009958980270232537,other-body-box,False,True
68,ground,left_ankle_roll_sphere_1_link,world,left_ankle_roll_sphere_1_link,-0.0009941626501894256,0.0009941626501894256,foot-ground,True,False
68,right_knee_link,right_ankle_roll_link,right_knee_link,right_ankle_roll_link,-0.042532661413525324,0.042532661413525324,self-collision,False,False
68,ground,left_ankle_roll_link,world,left_ankle_roll_link,-0.0016403279687582824,0.0016403279687582824,foot-ground,True,False
68,left_knee_link,left_ankle_roll_link,left_knee_link,left_ankle_roll_link,-0.027413941097182537,0.027413941097182537,self-collision,False,False
69,right_rubber_hand_link,largebox,right_rubber_hand_link,largebox_link,-0.00547494243668345,0.00547494243668345,hand-box,True,False
69,left_ankle_intermediate_1_link,left_ankle_roll_link,left_ankle_intermediate_1_link,left_ankle_roll_link,-0.0033377579433166993,0.0033377579433166993,self-collision,False,False
69,torso_link,largebox,torso_link,largebox_link,-0.0010602283163935189,0.0010602283163935189,other-body-box,False,True
69,ground,left_ankle_roll_sphere_1_link,world,left_ankle_roll_sphere_1_link,-0.0009941479092896955,0.0009941479092896955,foot-ground,True,False
69,right_knee_link,right_ankle_roll_link,right_knee_link,right_ankle_roll_link,-0.043242915182765324,0.043242915182765324,self-collision,False,False
69,right_ankle_intermediate_1_link,right_ankle_roll_link,right_ankle_intermediate_1_link,right_ankle_roll_link,-0.0001734239203586424,0.0001734239203586424,self-collision,False,False
69,ground,left_ankle_roll_link,world,left_ankle_roll_link,-0.0015964046300920784,0.0015964046300920784,foot-ground,True,False
69,left_knee_link,left_ankle_roll_link,left_knee_link,left_ankle_roll_link,-0.029213687963756174,0.029213687963756174,self-collision,False,False
69,left_rubber_hand_link,largebox,left_rubber_hand_link,largebox_link,-0.00046935773512947476,0.00046935773512947476,hand-box,True,False
69,left_wrist_yaw_link,largebox,left_wrist_yaw_link,largebox_link,-7.87273570285324e-05,7.87273570285324e-05,other-body-box,False,True
70,right_rubber_hand_link,largebox,right_rubber_hand_link,largebox_link,-0.0010092887673934098,0.0010092887673934098,hand-box,True,False
70,ground,left_ankle_roll_link,world,left_ankle_roll_link,-0.0015561875514414937,0.0015561875514414937,foot-ground,True,False
70,left_knee_link,left_ankle_roll_link,left_knee_link,left_ankle_roll_link,-0.030458007572480295,0.030458007572480295,self-collision,False,False
70,torso_link,largebox,torso_link,largebox_link,-0.0009697478660294079,0.0009697478660294079,other-body-box,False,True
70,left_rubber_hand_link,largebox,left_rubber_hand_link,largebox_link,-0.0005249411195423631,0.0005249411195423631,hand-box,True,False
70,left_ankle_intermediate_1_link,left_ankle_roll_link,left_ankle_intermediate_1_link,left_ankle_roll_link,-0.0031336431462034714,0.0031336431462034714,self-collision,False,False
70,right_knee_link,right_ankle_roll_link,right_knee_link,right_ankle_roll_link,-0.04431505598492333,0.04431505598492333,self-collision,False,False
70,right_ankle_intermediate_1_link,right_ankle_roll_link,right_ankle_intermediate_1_link,right_ankle_roll_link,-0.0006133832991614685,0.0006133832991614685,self-collision,False,False
70,ground,left_ankle_roll_sphere_1_link,world,left_ankle_roll_sphere_1_link,-0.0009935943719090899,0.0009935943719090899,foot-ground,True,False
71,right_rubber_hand_link,largebox,right_rubber_hand_link,largebox_link,-0.0019489624140046347,0.0019489624140046347,hand-box,True,False
71,ground,left_ankle_roll_link,world,left_ankle_roll_link,-0.0013250973376368637,0.0013250973376368637,foot-ground,True,False
71,left_knee_link,left_ankle_roll_link,left_knee_link,left_ankle_roll_link,-0.03268478241999573,0.03268478241999573,self-collision,False,False
71,torso_link,largebox,torso_link,largebox_link,-0.0009301687572544903,0.0009301687572544903,other-body-box,False,True
71,left_rubber_hand_link,largebox,left_rubber_hand_link,largebox_link,-0.0034551665613267724,0.0034551665613267724,hand-box,True,False
71,left_ankle_intermediate_1_link,left_ankle_roll_link,left_ankle_intermediate_1_link,left_ankle_roll_link,-0.003128019328702228,0.003128019328702228,self-collision,False,False
71,right_knee_link,right_ankle_roll_link,right_knee_link,right_ankle_roll_link,-0.04034206982157726,0.04034206982157726,self-collision,False,False
71,ground,left_ankle_roll_sphere_3_link,world,left_ankle_roll_sphere_3_link,-0.00010725334202636976,0.00010725334202636976,foot-ground,True,False
71,ground,left_ankle_roll_sphere_1_link,world,left_ankle_roll_sphere_1_link,-0.0008566483262455798,0.0008566483262455798,foot-ground,True,False
72,right_rubber_hand_link,largebox,right_rubber_hand_link,largebox_link,-0.002038973853873388,0.002038973853873388,hand-box,True,False
72,ground,left_ankle_roll_link,world,left_ankle_roll_link,-0.001404492815047495,0.001404492815047495,foot-ground,True,False
72,ground,left_ankle_roll_sphere_5_link,world,left_ankle_roll_sphere_5_link,-0.00013865546398744624,0.00013865546398744624,foot-ground,True,False
72,left_knee_link,left_ankle_roll_link,left_knee_link,left_ankle_roll_link,-0.03403624542003586,0.03403624542003586,self-collision,False,False
72,torso_link,largebox,torso_link,largebox_link,-0.0009417036028142589,0.0009417036028142589,other-body-box,False,True
72,left_rubber_hand_link,largebox,left_rubber_hand_link,largebox_link,-0.0007964270747009561,0.0007964270747009561,hand-box,True,False
72,right_knee_link,right_ankle_roll_link,right_knee_link,right_ankle_roll_link,-0.035358707624470076,0.035358707624470076,self-collision,False,False
72,ground,left_ankle_roll_sphere_3_link,world,left_ankle_roll_sphere_3_link,-0.0004914803658294725,0.0004914803658294725,foot-ground,True,False
72,ground,left_ankle_roll_sphere_1_link,world,left_ankle_roll_sphere_1_link,-0.0009940081728948098,0.0009940081728948098,foot-ground,True,False
72,ground,left_ankle_roll_sphere_2_link,world,left_ankle_roll_sphere_2_link,-0.0005139151231655986,0.0005139151231655986,foot-ground,True,False
73,right_rubber_hand_link,largebox,right_rubber_hand_link,largebox_link,-0.0022041288581457624,0.0022041288581457624,hand-box,True,False
73,ground,left_ankle_roll_link,world,left_ankle_roll_link,-0.0014490586131675476,0.0014490586131675476,foot-ground,True,False
73,ground,left_ankle_roll_sphere_5_link,world,left_ankle_roll_sphere_5_link,-0.0008059563597348799,0.0008059563597348799,foot-ground,True,False
73,left_knee_link,left_ankle_roll_link,left_knee_link,left_ankle_roll_link,-0.03476849889307079,0.03476849889307079,self-collision,False,False
73,torso_link,largebox,torso_link,largebox_link,-0.0009884076307978135,0.0009884076307978135,other-body-box,False,True
73,left_rubber_hand_link,largebox,left_rubber_hand_link,largebox_link,-0.0005828596432844863,0.0005828596432844863,hand-box,True,False
73,right_knee_link,right_ankle_roll_link,right_knee_link,right_ankle_roll_link,-0.03381215091066114,0.03381215091066114,self-collision,False,False
73,ground,left_ankle_roll_sphere_3_link,world,left_ankle_roll_sphere_3_link,-0.000995586160238377,0.000995586160238377,foot-ground,True,False
73,right_ankle_intermediate_1_link,right_ankle_roll_link,right_ankle_intermediate_1_link,right_ankle_roll_link,-0.0028197456126313886,0.0028197456126313886,self-collision,False,False
73,ground,left_ankle_roll_sphere_1_link,world,left_ankle_roll_sphere_1_link,-0.000996798487050028,0.000996798487050028,foot-ground,True,False
73,ground,left_ankle_roll_sphere_4_link,world,left_ankle_roll_sphere_4_link,-0.0006238997808226667,0.0006238997808226667,foot-ground,True,False
73,ground,left_ankle_roll_sphere_2_link,world,left_ankle_roll_sphere_2_link,-0.0006870598375369385,0.0006870598375369385,foot-ground,True,False
74,right_rubber_hand_link,largebox,right_rubber_hand_link,largebox_link,-0.004572816384382186,0.004572816384382186,hand-box,True,False
74,ground,left_ankle_roll_sphere_5_link,world,left_ankle_roll_sphere_5_link,-0.0008068212625115664,0.0008068212625115664,foot-ground,True,False
74,torso_link,largebox,torso_link,largebox_link,-0.0010851846055330017,0.0010851846055330017,other-body-box,False,True
74,ground,left_ankle_roll_sphere_1_link,world,left_ankle_roll_sphere_1_link,-0.0009994742185846462,0.0009994742185846462,foot-ground,True,False
74,ground,left_ankle_roll_sphere_2_link,world,left_ankle_roll_sphere_2_link,-0.0006952349343256016,0.0006952349343256016,foot-ground,True,False
74,right_knee_link,right_ankle_roll_link,right_knee_link,right_ankle_roll_link,-0.03385957391213748,0.03385957391213748,self-collision,False,False
74,right_ankle_intermediate_1_link,right_ankle_roll_link,right_ankle_intermediate_1_link,right_ankle_roll_link,-0.0029443319134265095,0.0029443319134265095,self-collision,False,False
74,ground,left_ankle_roll_link,world,left_ankle_roll_link,-0.0014481372570579638,0.0014481372570579638,foot-ground,True,False
74,left_knee_link,left_ankle_roll_link,left_knee_link,left_ankle_roll_link,-0.0357133566486951,0.0357133566486951,self-collision,False,False
74,left_rubber_hand_link,largebox,left_rubber_hand_link,largebox_link,-0.0008010875586781929,0.0008010875586781929,hand-box,True,False
74,ground,left_ankle_roll_sphere_3_link,world,left_ankle_roll_sphere_3_link,-0.000993631497692631,0.000993631497692631,foot-ground,True,False
74,ground,left_ankle_roll_sphere_4_link,world,left_ankle_roll_sphere_4_link,-0.0006285443565817788,0.0006285443565817788,foot-ground,True,False
75,right_rubber_hand_link,largebox,right_rubber_hand_link,largebox_link,-0.002738460261250561,0.002738460261250561,hand-box,True,False
75,ground,left_ankle_roll_sphere_5_link,world,left_ankle_roll_sphere_5_link,-0.0008035526762146692,0.0008035526762146692,foot-ground,True,False
75,right_wrist_yaw_link,largebox,right_wrist_yaw_link,largebox_link,-0.0018611466611652555,0.0018611466611652555,other-body-box,False,True
75,torso_link,largebox,torso_link,largebox_link,-0.0011217611609799644,0.0011217611609799644,other-body-box,False,True
75,ground,left_ankle_roll_sphere_1_link,world,left_ankle_roll_sphere_1_link,-0.001003599230743126,0.001003599230743126,foot-ground,True,False
75,ground,left_ankle_roll_sphere_2_link,world,left_ankle_roll_sphere_2_link,-0.0007002276887731291,0.0007002276887731291,foot-ground,True,False
75,right_knee_link,right_ankle_roll_link,right_knee_link,right_ankle_roll_link,-0.034581210132626355,0.034581210132626355,self-collision,False,False
75,ground,left_ankle_roll_link,world,left_ankle_roll_link,-0.0014480697838264965,0.0014480697838264965,foot-ground,True,False
75,left_knee_link,left_ankle_roll_link,left_knee_link,left_ankle_roll_link,-0.03634037621764041,0.03634037621764041,self-collision,False,False
75,left_rubber_hand_link,largebox,left_rubber_hand_link,largebox_link,-0.000680536748653468,0.000680536748653468,hand-box,True,False
75,left_wrist_yaw_link,largebox,left_wrist_yaw_link,largebox_link,-0.0008998320827258016,0.0008998320827258016,other-body-box,False,True
75,ground,left_ankle_roll_sphere_3_link,world,left_ankle_roll_sphere_3_link,-0.0009906662101907123,0.0009906662101907123,foot-ground,True,False
75,ground,left_ankle_roll_sphere_4_link,world,left_ankle_roll_sphere_4_link,-0.0006266203598267175,0.0006266203598267175,foot-ground,True,False
76,right_rubber_hand_link,largebox,right_rubber_hand_link,largebox_link,-0.001895487742411786,0.001895487742411786,hand-box,True,False
76,ground,left_ankle_roll_sphere_5_link,world,left_ankle_roll_sphere_5_link,-0.0008011429309085554,0.0008011429309085554,foot-ground,True,False
76,right_wrist_yaw_link,largebox,right_wrist_yaw_link,largebox_link,-0.002097819400403933,0.002097819400403933,other-body-box,False,True
76,torso_link,largebox,torso_link,largebox_link,-0.0012283178993474364,0.0012283178993474364,other-body-box,False,True
76,ground,left_ankle_roll_sphere_1_link,world,left_ankle_roll_sphere_1_link,-0.0010101935151007038,0.0010101935151007038,foot-ground,True,False
76,left_ankle_roll_link,right_ankle_roll_link,left_ankle_roll_link,right_ankle_roll_link,-0.023391487650197856,0.023391487650197856,self-collision,False,False
76,ground,left_ankle_roll_sphere_2_link,world,left_ankle_roll_sphere_2_link,-0.0007082637264775272,0.0007082637264775272,foot-ground,True,False
76,right_knee_link,right_ankle_roll_link,right_knee_link,right_ankle_roll_link,-0.03586567704109894,0.03586567704109894,self-collision,False,False
76,ground,left_ankle_roll_link,world,left_ankle_roll_link,-0.0014493712049899257,0.0014493712049899257,foot-ground,True,False
76,left_knee_link,left_ankle_roll_link,left_knee_link,left_ankle_roll_link,-0.037212516918854216,0.037212516918854216,self-collision,False,False
76,left_rubber_hand_link,largebox,left_rubber_hand_link,largebox_link,-0.0007624099818520774,0.0007624099818520774,hand-box,True,False
76,left_wrist_yaw_link,largebox,left_wrist_yaw_link,largebox_link,-0.000619973992758982,0.000619973992758982,other-body-box,False,True
76,ground,left_ankle_roll_sphere_3_link,world,left_ankle_roll_sphere_3_link,-0.0009884150872277826,0.0009884150872277826,foot-ground,True,False
76,ground,left_ankle_roll_sphere_4_link,world,left_ankle_roll_sphere_4_link,-0.0006260993408799707,0.0006260993408799707,foot-ground,True,False
76,left_ankle_roll_sphere_2_link,right_ankle_roll_link,left_ankle_roll_sphere_2_link,right_ankle_roll_link,-0.016466814579091757,0.016466814579091757,self-collision,False,False
77,right_rubber_hand_link,largebox,right_rubber_hand_link,largebox_link,-0.002995136066622342,0.002995136066622342,hand-box,True,False
77,ground,left_ankle_roll_sphere_5_link,world,left_ankle_roll_sphere_5_link,-0.0007986515990624802,0.0007986515990624802,foot-ground,True,False
77,right_wrist_yaw_link,largebox,right_wrist_yaw_link,largebox_link,-0.0011195800129251282,0.0011195800129251282,other-body-box,False,True
77,torso_link,largebox,torso_link,largebox_link,-0.0011751955345015441,0.0011751955345015441,other-body-box,False,True
77,ground,right_ankle_roll_link,world,right_ankle_roll_link,-0.0010009655361596995,0.0010009655361596995,foot-ground,True,False
77,ground,left_ankle_roll_sphere_1_link,world,left_ankle_roll_sphere_1_link,-0.0010092420251160824,0.0010092420251160824,foot-ground,True,False
77,left_ankle_roll_link,right_ankle_roll_link,left_ankle_roll_link,right_ankle_roll_link,-0.017214564971809815,0.017214564971809815,self-collision,False,False
77,ground,right_ankle_roll_sphere_3_link,world,right_ankle_roll_sphere_3_link,-4.10317578056164e-05,4.10317578056164e-05,foot-ground,True,False
77,ground,left_ankle_roll_sphere_2_link,world,left_ankle_roll_sphere_2_link,-0.0007015353480913844,0.0007015353480913844,foot-ground,True,False
77,right_knee_link,right_ankle_roll_link,right_knee_link,right_ankle_roll_link,-0.03688118946067073,0.03688118946067073,self-collision,False,False
77,ground,left_ankle_roll_link,world,left_ankle_roll_link,-0.0014504429717708267,0.0014504429717708267,foot-ground,True,False
77,left_knee_link,left_ankle_roll_link,left_knee_link,left_ankle_roll_link,-0.03819120090911332,0.03819120090911332,self-collision,False,False
77,left_rubber_hand_link,largebox,left_rubber_hand_link,largebox_link,-0.0008557382398061697,0.0008557382398061697,hand-box,True,False
77,left_wrist_yaw_link,largebox,left_wrist_yaw_link,largebox_link,-0.0012718529195517303,0.0012718529195517303,other-body-box,False,True
77,ground,left_ankle_roll_sphere_3_link,world,left_ankle_roll_sphere_3_link,-0.0009892479302816412,0.0009892479302816412,foot-ground,True,False
77,ground,left_ankle_roll_sphere_4_link,world,left_ankle_roll_sphere_4_link,-0.0006199999178520014,0.0006199999178520014,foot-ground,True,False
78,right_rubber_hand_link,largebox,right_rubber_hand_link,largebox_link,-0.0008810628294104866,0.0008810628294104866,hand-box,True,False
78,ground,left_ankle_roll_sphere_5_link,world,left_ankle_roll_sphere_5_link,-0.0007959380145710166,0.0007959380145710166,foot-ground,True,False
78,right_wrist_yaw_link,largebox,right_wrist_yaw_link,largebox_link,-0.0007065577575714604,0.0007065577575714604,other-body-box,False,True
78,torso_link,largebox,torso_link,largebox_link,-0.0011075830999362074,0.0011075830999362074,other-body-box,False,True
78,ground,right_ankle_roll_link,world,right_ankle_roll_link,-0.0016795799271011567,0.0016795799271011567,foot-ground,True,False
78,ground,left_ankle_roll_sphere_1_link,world,left_ankle_roll_sphere_1_link,-0.001010276124793724,0.001010276124793724,foot-ground,True,False
78,left_ankle_roll_link,right_ankle_roll_link,left_ankle_roll_link,right_ankle_roll_link,-0.007345730609630008,0.007345730609630008,self-collision,False,False
78,ground,right_ankle_roll_sphere_3_link,world,right_ankle_roll_sphere_3_link,-0.0008890859052486334,0.0008890859052486334,foot-ground,True,False
78,ground,left_ankle_roll_sphere_2_link,world,left_ankle_roll_sphere_2_link,-0.0007052813221408291,0.0007052813221408291,foot-ground,True,False
78,right_knee_link,right_ankle_roll_link,right_knee_link,right_ankle_roll_link,-0.037591666411952745,0.037591666411952745,self-collision,False,False
78,left_ankle_roll_link,right_ankle_roll_sphere_1_link,left_ankle_roll_link,right_ankle_roll_sphere_1_link,-0.03507795711207731,0.03507795711207731,self-collision,False,False
78,ground,left_ankle_roll_link,world,left_ankle_roll_link,-0.001448247380703753,0.001448247380703753,foot-ground,True,False
78,left_knee_link,left_ankle_roll_link,left_knee_link,left_ankle_roll_link,-0.03907479550939752,0.03907479550939752,self-collision,False,False
78,left_rubber_hand_link,largebox,left_rubber_hand_link,largebox_link,-0.0013861435478581818,0.0013861435478581818,hand-box,True,False
78,left_wrist_yaw_link,largebox,left_wrist_yaw_link,largebox_link,-0.0012379126691435538,0.0012379126691435538,other-body-box,False,True
78,ground,left_ankle_roll_sphere_3_link,world,left_ankle_roll_sphere_3_link,-0.0009854444444676235,0.0009854444444676235,foot-ground,True,False
78,ground,left_ankle_roll_sphere_4_link,world,left_ankle_roll_sphere_4_link,-0.0006194506812841468,0.0006194506812841468,foot-ground,True,False
79,right_rubber_hand_link,largebox,right_rubber_hand_link,largebox_link,-0.0021998800238579447,0.0021998800238579447,hand-box,True,False
79,ground,left_ankle_roll_sphere_5_link,world,left_ankle_roll_sphere_5_link,-0.0008067243478951233,0.0008067243478951233,foot-ground,True,False
79,torso_link,largebox,torso_link,largebox_link,-0.0009812744426303255,0.0009812744426303255,other-body-box,False,True
79,ground,right_ankle_roll_link,world,right_ankle_roll_link,-0.0016549633495410616,0.0016549633495410616,foot-ground,True,False
79,ground,left_ankle_roll_sphere_1_link,world,left_ankle_roll_sphere_1_link,-0.001001165365615955,0.001001165365615955,foot-ground,True,False
79,ground,left_ankle_roll_sphere_2_link,world,left_ankle_roll_sphere_2_link,-0.0006908690568926982,0.0006908690568926982,foot-ground,True,False
79,right_knee_link,right_ankle_roll_link,right_knee_link,right_ankle_roll_link,-0.035118622093311375,0.035118622093311375,self-collision,False,False
79,ground,left_ankle_roll_link,world,left_ankle_roll_link,-0.0014518612310192892,0.0014518612310192892,foot-ground,True,False
79,left_knee_link,left_ankle_roll_link,left_knee_link,left_ankle_roll_link,-0.0395530415376375,0.0395530415376375,self-collision,False,False
79,left_rubber_hand_link,largebox,left_rubber_hand_link,largebox_link,-0.0011397612316519368,0.0011397612316519368,hand-box,True,False
79,left_wrist_yaw_link,largebox,left_wrist_yaw_link,largebox_link,-0.0004918956749853653,0.0004918956749853653,other-body-box,False,True
79,ground,left_ankle_roll_sphere_3_link,world,left_ankle_roll_sphere_3_link,-0.0009970382240089932,0.0009970382240089932,foot-ground,True,False
79,ground,right_ankle_roll_sphere_1_link,world,right_ankle_roll_sphere_1_link,-0.0009557629124250606,0.0009557629124250606,foot-ground,True,False
79,ground,left_ankle_roll_sphere_4_link,world,left_ankle_roll_sphere_4_link,-0.0006246826535410864,0.0006246826535410864,foot-ground,True,False
80,ground,left_ankle_roll_sphere_5_link,world,left_ankle_roll_sphere_5_link,-0.0008179878232636882,0.0008179878232636882,foot-ground,True,False
80,torso_link,largebox,torso_link,largebox_link,-0.001329090651075282,0.001329090651075282,other-body-box,False,True
80,ground,right_ankle_roll_link,world,right_ankle_roll_link,-0.001128719699902591,0.001128719699902591,foot-ground,True,False
80,ground,left_ankle_roll_sphere_1_link,world,left_ankle_roll_sphere_1_link,-0.0010227117141342083,0.0010227117141342083,foot-ground,True,False
80,ground,left_ankle_roll_sphere_2_link,world,left_ankle_roll_sphere_2_link,-0.0007156430581373397,0.0007156430581373397,foot-ground,True,False
80,right_knee_link,right_ankle_roll_link,right_knee_link,right_ankle_roll_link,-0.029100398957978224,0.029100398957978224,self-collision,False,False
80,right_ankle_intermediate_1_link,right_ankle_roll_link,right_ankle_intermediate_1_link,right_ankle_roll_link,-0.00272238316583244,0.00272238316583244,self-collision,False,False
80,ground,left_ankle_roll_link,world,left_ankle_roll_link,-0.001466594322079011,0.001466594322079011,foot-ground,True,False
80,left_knee_link,left_ankle_roll_link,left_knee_link,left_ankle_roll_link,-0.040238336687470455,0.040238336687470455,self-collision,False,False
80,left_rubber_hand_link,largebox,left_rubber_hand_link,largebox_link,-0.0009510622848075967,0.0009510622848075967,hand-box,True,False
80,left_wrist_yaw_link,largebox,left_wrist_yaw_link,largebox_link,-0.0015962068048367556,0.0015962068048367556,other-body-box,False,True
80,ground,left_ankle_roll_sphere_3_link,world,left_ankle_roll_sphere_3_link,-0.001007617391900975,0.001007617391900975,foot-ground,True,False
80,ground,right_ankle_roll_sphere_1_link,world,right_ankle_roll_sphere_1_link,-0.0006521902271280728,0.0006521902271280728,foot-ground,True,False
80,ground,left_ankle_roll_sphere_4_link,world,left_ankle_roll_sphere_4_link,-0.0006391350047047347,0.0006391350047047347,foot-ground,True,False
81,ground,right_ankle_roll_sphere_2_link,world,right_ankle_roll_sphere_2_link,-0.00018903909344123847,0.00018903909344123847,foot-ground,True,False
81,right_rubber_hand_link,largebox,right_rubber_hand_link,largebox_link,-0.0007998579775968934,0.0007998579775968934,hand-box,True,False
81,ground,left_ankle_roll_sphere_5_link,world,left_ankle_roll_sphere_5_link,-0.0007731834097719414,0.0007731834097719414,foot-ground,True,False
81,torso_link,largebox,torso_link,largebox_link,-0.0009679138823003031,0.0009679138823003031,other-body-box,False,True
81,ground,right_ankle_roll_link,world,right_ankle_roll_link,-0.0011714481899068145,0.0011714481899068145,foot-ground,True,False
81,ground,left_ankle_roll_sphere_1_link,world,left_ankle_roll_sphere_1_link,-0.0009973901190250744,0.0009973901190250744,foot-ground,True,False
81,ground,right_ankle_roll_sphere_3_link,world,right_ankle_roll_sphere_3_link,-0.000737439511145784,0.000737439511145784,foot-ground,True,False
81,ground,left_ankle_roll_sphere_2_link,world,left_ankle_roll_sphere_2_link,-0.0006284273380979038,0.0006284273380979038,foot-ground,True,False
81,ground,right_ankle_roll_sphere_4_link,world,right_ankle_roll_sphere_4_link,-0.00023340677282246685,0.00023340677282246685,foot-ground,True,False
81,ground,right_ankle_roll_sphere_5_link,world,right_ankle_roll_sphere_5_link,-0.0004955843664046942,0.0004955843664046942,foot-ground,True,False
81,right_knee_link,right_ankle_roll_link,right_knee_link,right_ankle_roll_link,-0.024523637267073572,0.024523637267073572,self-collision,False,False
81,right_ankle_intermediate_1_link,right_ankle_roll_link,right_ankle_intermediate_1_link,right_ankle_roll_link,-0.00266877080456257,0.00266877080456257,self-collision,False,False
81,ground,left_ankle_roll_link,world,left_ankle_roll_link,-0.0014614234231532276,0.0014614234231532276,foot-ground,True,False
81,left_knee_link,left_ankle_roll_link,left_knee_link,left_ankle_roll_link,-0.040317688196601364,0.040317688196601364,self-collision,False,False
81,left_rubber_hand_link,largebox,left_rubber_hand_link,largebox_link,-0.0014483065198304945,0.0014483065198304945,hand-box,True,False
81,ground,left_ankle_roll_sphere_3_link,world,left_ankle_roll_sphere_3_link,-0.0009987426908324047,0.0009987426908324047,foot-ground,True,False
81,ground,right_ankle_roll_sphere_1_link,world,right_ankle_roll_sphere_1_link,-0.0006090663753773378,0.0006090663753773378,foot-ground,True,False
81,ground,left_ankle_roll_sphere_4_link,world,left_ankle_roll_sphere_4_link,-0.0005559873537198034,0.0005559873537198034,foot-ground,True,False
82,ground,right_ankle_roll_sphere_2_link,world,right_ankle_roll_sphere_2_link,-0.0002079036209602465,0.0002079036209602465,foot-ground,True,False
82,right_rubber_hand_link,largebox,right_rubber_hand_link,largebox_link,-0.001148875625802681,0.001148875625802681,hand-box,True,False
82,ground,left_ankle_roll_sphere_5_link,world,left_ankle_roll_sphere_5_link,-0.0007973393551040922,0.0007973393551040922,foot-ground,True,False
82,torso_link,largebox,torso_link,largebox_link,-0.000953163671311888,0.000953163671311888,other-body-box,False,True
82,ground,right_ankle_roll_link,world,right_ankle_roll_link,-0.0006893937624125185,0.0006893937624125185,foot-ground,True,False
82,ground,left_ankle_roll_sphere_1_link,world,left_ankle_roll_sphere_1_link,-0.0009992357717011928,0.0009992357717011928,foot-ground,True,False
82,ground,left_ankle_roll_sphere_2_link,world,left_ankle_roll_sphere_2_link,-0.0006716259463897629,0.0006716259463897629,foot-ground,True,False
82,right_knee_link,right_ankle_roll_link,right_knee_link,right_ankle_roll_link,-0.0225442350825681,0.0225442350825681,self-collision,False,False
82,right_ankle_intermediate_1_link,right_ankle_roll_link,right_ankle_intermediate_1_link,right_ankle_roll_link,-0.004391161353085038,0.004391161353085038,self-collision,False,False
82,ground,left_ankle_roll_link,world,left_ankle_roll_link,-0.0014545462841723672,0.0014545462841723672,foot-ground,True,False
82,left_knee_link,left_ankle_roll_link,left_knee_link,left_ankle_roll_link,-0.04041693457418752,0.04041693457418752,self-collision,False,False
82,left_rubber_hand_link,largebox,left_rubber_hand_link,largebox_link,-0.0012389388804308205,0.0012389388804308205,hand-box,True,False
82,ground,left_ankle_roll_sphere_3_link,world,left_ankle_roll_sphere_3_link,-0.0009979148822847781,0.0009979148822847781,foot-ground,True,False
82,ground,left_ankle_roll_sphere_4_link,world,left_ankle_roll_sphere_4_link,-0.0006047830919110658,0.0006047830919110658,foot-ground,True,False
83,ground,right_ankle_roll_sphere_2_link,world,right_ankle_roll_sphere_2_link,-0.0009168655467259685,0.0009168655467259685,foot-ground,True,False
83,right_rubber_hand_link,largebox,right_rubber_hand_link,largebox_link,-0.001485602659729579,0.001485602659729579,hand-box,True,False
83,ground,left_ankle_roll_sphere_5_link,world,left_ankle_roll_sphere_5_link,-0.0006982536996337279,0.0006982536996337279,foot-ground,True,False
83,torso_link,largebox,torso_link,largebox_link,-0.0008676466206360006,0.0008676466206360006,other-body-box,False,True
83,ground,right_ankle_roll_link,world,right_ankle_roll_link,-0.0016367002287578612,0.0016367002287578612,foot-ground,True,False
83,ground,left_ankle_roll_sphere_1_link,world,left_ankle_roll_sphere_1_link,-0.0009968966243473999,0.0009968966243473999,foot-ground,True,False
83,ground,left_ankle_roll_sphere_2_link,world,left_ankle_roll_sphere_2_link,-0.0005094635969327818,0.0005094635969327818,foot-ground,True,False
83,right_knee_link,right_ankle_roll_link,right_knee_link,right_ankle_roll_link,-0.02145901102156912,0.02145901102156912,self-collision,False,False
83,right_ankle_intermediate_1_link,right_ankle_roll_link,right_ankle_intermediate_1_link,right_ankle_roll_link,-0.0048696383479937405,0.0048696383479937405,self-collision,False,False
83,ground,left_ankle_roll_link,world,left_ankle_roll_link,-0.0014805337542140862,0.0014805337542140862,foot-ground,True,False
83,left_knee_link,left_ankle_roll_link,left_knee_link,left_ankle_roll_link,-0.040931520545195804,0.040931520545195804,self-collision,False,False
83,left_rubber_hand_link,largebox,left_rubber_hand_link,largebox_link,-0.0013017108675340144,0.0013017108675340144,hand-box,True,False
83,ground,left_ankle_roll_sphere_3_link,world,left_ankle_roll_sphere_3_link,-0.000996495243556851,0.000996495243556851,foot-ground,True,False
83,ground,left_ankle_roll_sphere_4_link,world,left_ankle_roll_sphere_4_link,-0.0004115756106593113,0.0004115756106593113,foot-ground,True,False
84,ground,right_ankle_roll_sphere_2_link,world,right_ankle_roll_sphere_2_link,-0.0009798680631722912,0.0009798680631722912,foot-ground,True,False
84,right_rubber_hand_link,largebox,right_rubber_hand_link,largebox_link,-0.001539082586513127,0.001539082586513127,hand-box,True,False
84,ground,left_ankle_roll_sphere_5_link,world,left_ankle_roll_sphere_5_link,-0.0005491867835194187,0.0005491867835194187,foot-ground,True,False
84,torso_link,largebox,torso_link,largebox_link,-0.000951850125930867,0.000951850125930867,other-body-box,False,True
84,ground,right_ankle_roll_link,world,right_ankle_roll_link,-0.001744619164960104,0.001744619164960104,foot-ground,True,False
84,right_knee_link,right_ankle_roll_link,right_knee_link,right_ankle_roll_link,-0.0219339322341532,0.0219339322341532,self-collision,False,False
84,right_ankle_intermediate_1_link,right_ankle_roll_link,right_ankle_intermediate_1_link,right_ankle_roll_link,-0.0045599077368874835,0.0045599077368874835,self-collision,False,False
84,ground,left_ankle_roll_link,world,left_ankle_roll_link,-0.0009989903487678635,0.0009989903487678635,foot-ground,True,False
84,left_knee_link,left_ankle_roll_link,left_knee_link,left_ankle_roll_link,-0.041653210854754624,0.041653210854754624,self-collision,False,False
84,left_rubber_hand_link,largebox,left_rubber_hand_link,largebox_link,-0.001273254036840435,0.001273254036840435,hand-box,True,False
84,ground,left_ankle_roll_sphere_3_link,world,left_ankle_roll_sphere_3_link,-0.0005761305628438308,0.0005761305628438308,foot-ground,True,False
84,ground,left_ankle_roll_sphere_4_link,world,left_ankle_roll_sphere_4_link,-0.00035090198951827963,0.00035090198951827963,foot-ground,True,False
85,ground,right_ankle_roll_sphere_2_link,world,right_ankle_roll_sphere_2_link,-0.0009879918936032918,0.0009879918936032918,foot-ground,True,False
85,ground,left_ankle_roll_sphere_5_link,world,left_ankle_roll_sphere_5_link,-0.0005391215627634323,0.0005391215627634323,foot-ground,True,False
85,torso_link,largebox,torso_link,largebox_link,-0.0009329376078341112,0.0009329376078341112,other-body-box,False,True
85,ground,right_ankle_roll_link,world,right_ankle_roll_link,-0.0017430407555533434,0.0017430407555533434,foot-ground,True,False
85,right_knee_link,right_ankle_roll_link,right_knee_link,right_ankle_roll_link,-0.022749478460317343,0.022749478460317343,self-collision,False,False
85,right_ankle_intermediate_1_link,right_ankle_roll_link,right_ankle_intermediate_1_link,right_ankle_roll_link,-0.0019159755197844658,0.0019159755197844658,self-collision,False,False
85,ground,left_ankle_roll_link,world,left_ankle_roll_link,-0.0009964472423606777,0.0009964472423606777,foot-ground,True,False
85,left_knee_link,left_ankle_roll_link,left_knee_link,left_ankle_roll_link,-0.041653260936076325,0.041653260936076325,self-collision,False,False
85,left_rubber_hand_link,largebox,left_rubber_hand_link,largebox_link,-0.0011527805302694316,0.0011527805302694316,hand-box,True,False
86,ground,right_ankle_roll_sphere_2_link,world,right_ankle_roll_sphere_2_link,-0.0009891151450746758,0.0009891151450746758,foot-ground,True,False
86,torso_link,largebox,torso_link,largebox_link,-0.0009474564823535037,0.0009474564823535037,other-body-box,False,True
86,ground,right_ankle_roll_link,world,right_ankle_roll_link,-0.0017167851961024314,0.0017167851961024314,foot-ground,True,False
86,right_knee_link,right_ankle_roll_link,right_knee_link,right_ankle_roll_link,-0.02371412744246096,0.02371412744246096,self-collision,False,False
86,right_ankle_intermediate_1_link,right_ankle_roll_link,right_ankle_intermediate_1_link,right_ankle_roll_link,-0.0022751776557655423,0.0022751776557655423,self-collision,False,False
86,left_knee_link,left_ankle_roll_link,left_knee_link,left_ankle_roll_link,-0.04188919014801645,0.04188919014801645,self-collision,False,False
86,left_rubber_hand_link,largebox,left_rubber_hand_link,largebox_link,-0.001164648729583856,0.001164648729583856,hand-box,True,False
87,ground,right_ankle_roll_sphere_2_link,world,right_ankle_roll_sphere_2_link,-0.0009921280706402897,0.0009921280706402897,foot-ground,True,False
87,torso_link,largebox,torso_link,largebox_link,-0.0009207292344386303,0.0009207292344386303,other-body-box,False,True
87,ground,right_ankle_roll_link,world,right_ankle_roll_link,-0.001702845907460275,0.001702845907460275,foot-ground,True,False
87,right_knee_link,right_ankle_roll_link,right_knee_link,right_ankle_roll_link,-0.02490547401417123,0.02490547401417123,self-collision,False,False
87,right_ankle_intermediate_1_link,right_ankle_roll_link,right_ankle_intermediate_1_link,right_ankle_roll_link,-0.002758969916331816,0.002758969916331816,self-collision,False,False
87,left_knee_link,left_ankle_roll_link,left_knee_link,left_ankle_roll_link,-0.04206762780436349,0.04206762780436349,self-collision,False,False
87,left_rubber_hand_link,largebox,left_rubber_hand_link,largebox_link,-0.001137385419320458,0.001137385419320458,hand-box,True,False
88,ground,right_ankle_roll_sphere_2_link,world,right_ankle_roll_sphere_2_link,-0.0009907417844596143,0.0009907417844596143,foot-ground,True,False
88,torso_link,largebox,torso_link,largebox_link,-0.0009218294066356408,0.0009218294066356408,other-body-box,False,True
88,ground,right_ankle_roll_link,world,right_ankle_roll_link,-0.0016632632539526591,0.0016632632539526591,foot-ground,True,False
88,right_knee_link,right_ankle_roll_link,right_knee_link,right_ankle_roll_link,-0.02762841534641769,0.02762841534641769,self-collision,False,False
88,right_ankle_intermediate_1_link,right_ankle_roll_link,right_ankle_intermediate_1_link,right_ankle_roll_link,-0.003420221162293194,0.003420221162293194,self-collision,False,False
88,left_knee_link,left_ankle_roll_link,left_knee_link,left_ankle_roll_link,-0.042695033250506054,0.042695033250506054,self-collision,False,False
88,left_rubber_hand_link,largebox,left_rubber_hand_link,largebox_link,-0.0013619985985784122,0.0013619985985784122,hand-box,True,False
89,ground,right_ankle_roll_sphere_2_link,world,right_ankle_roll_sphere_2_link,-0.0009452122729578958,0.0009452122729578958,foot-ground,True,False
89,left_knee_link,left_ankle_roll_link,left_knee_link,left_ankle_roll_link,-0.04061860107707821,0.04061860107707821,self-collision,False,False
89,torso_link,largebox,torso_link,largebox_link,-0.0009430573509590506,0.0009430573509590506,other-body-box,False,True
89,left_rubber_hand_link,largebox,left_rubber_hand_link,largebox_link,-0.001041531420088379,0.001041531420088379,hand-box,True,False
89,ground,right_ankle_roll_link,world,right_ankle_roll_link,-0.001543977896052262,0.001543977896052262,foot-ground,True,False
89,right_knee_link,right_ankle_roll_link,right_knee_link,right_ankle_roll_link,-0.029652837150196926,0.029652837150196926,self-collision,False,False
89,right_ankle_intermediate_1_link,right_ankle_roll_link,right_ankle_intermediate_1_link,right_ankle_roll_link,-0.0032160939107574865,0.0032160939107574865,self-collision,False,False
90,ground,right_ankle_roll_sphere_2_link,world,right_ankle_roll_sphere_2_link,-0.0009845693451430394,0.0009845693451430394,foot-ground,True,False
90,left_knee_link,left_ankle_roll_link,left_knee_link,left_ankle_roll_link,-0.03703109651323905,0.03703109651323905,self-collision,False,False
90,torso_link,largebox,torso_link,largebox_link,-0.0009428519626480392,0.0009428519626480392,other-body-box,False,True
90,left_rubber_hand_link,largebox,left_rubber_hand_link,largebox_link,-0.0010000729587119755,0.0010000729587119755,hand-box,True,False
90,ground,right_ankle_roll_link,world,right_ankle_roll_link,-0.0015125897053657501,0.0015125897053657501,foot-ground,True,False
90,right_knee_link,right_ankle_roll_link,right_knee_link,right_ankle_roll_link,-0.03141915340238427,0.03141915340238427,self-collision,False,False
90,right_ankle_intermediate_1_link,right_ankle_roll_link,right_ankle_intermediate_1_link,right_ankle_roll_link,-0.003010358627446294,0.003010358627446294,self-collision,False,False
91,ground,right_ankle_roll_sphere_4_link,world,right_ankle_roll_sphere_4_link,-0.00016402832713310108,0.00016402832713310108,foot-ground,True,False
91,ground,right_ankle_roll_sphere_2_link,world,right_ankle_roll_sphere_2_link,-0.0009998058448278902,0.0009998058448278902,foot-ground,True,False
91,left_knee_link,left_ankle_roll_link,left_knee_link,left_ankle_roll_link,-0.03331521644314306,0.03331521644314306,self-collision,False,False
91,torso_link,largebox,torso_link,largebox_link,-0.0009267046336262352,0.0009267046336262352,other-body-box,False,True
91,left_rubber_hand_link,largebox,left_rubber_hand_link,largebox_link,-0.0009602133505564603,0.0009602133505564603,hand-box,True,False
91,ground,right_ankle_roll_link,world,right_ankle_roll_link,-0.0014765736912660983,0.0014765736912660983,foot-ground,True,False
91,right_knee_link,right_ankle_roll_link,right_knee_link,right_ankle_roll_link,-0.032951052495849315,0.032951052495849315,self-collision,False,False
91,right_ankle_intermediate_1_link,right_ankle_roll_link,right_ankle_intermediate_1_link,right_ankle_roll_link,-0.0030433827490053827,0.0030433827490053827,self-collision,False,False
92,ground,right_ankle_roll_sphere_4_link,world,right_ankle_roll_sphere_4_link,-0.0004283791079746765,0.0004283791079746765,foot-ground,True,False
92,ground,right_ankle_roll_sphere_2_link,world,right_ankle_roll_sphere_2_link,-0.000996884309183983,0.000996884309183983,foot-ground,True,False
92,left_knee_link,left_ankle_roll_link,left_knee_link,left_ankle_roll_link,-0.03122616833416561,0.03122616833416561,self-collision,False,False
92,torso_link,largebox,torso_link,largebox_link,-0.001044532370938392,0.001044532370938392,other-body-box,False,True
92,left_rubber_hand_link,largebox,left_rubber_hand_link,largebox_link,-0.0009295796447396781,0.0009295796447396781,hand-box,True,False
92,left_ankle_intermediate_1_link,left_ankle_roll_link,left_ankle_intermediate_1_link,left_ankle_roll_link,-0.0020526292107136968,0.0020526292107136968,self-collision,False,False
92,ground,right_ankle_roll_link,world,right_ankle_roll_link,-0.0014230097441765288,0.0014230097441765288,foot-ground,True,False
92,right_knee_link,right_ankle_roll_link,right_knee_link,right_ankle_roll_link,-0.0342546623704367,0.0342546623704367,self-collision,False,False
92,ground,right_ankle_roll_sphere_1_link,world,right_ankle_roll_sphere_1_link,-0.00017224262798066266,0.00017224262798066266,foot-ground,True,False
93,ground,right_ankle_roll_sphere_2_link,world,right_ankle_roll_sphere_2_link,-0.0009955606556349304,0.0009955606556349304,foot-ground,True,False
93,left_ankle_intermediate_1_link,left_ankle_roll_link,left_ankle_intermediate_1_link,left_ankle_roll_link,-0.002204671584032064,0.002204671584032064,self-collision,False,False
93,torso_link,largebox,torso_link,largebox_link,-0.0009937846459136396,0.0009937846459136396,other-body-box,False,True
93,ground,right_ankle_roll_link,world,right_ankle_roll_link,-0.001448580881339364,0.001448580881339364,foot-ground,True,False
93,ground,right_ankle_roll_sphere_3_link,world,right_ankle_roll_sphere_3_link,-0.0006230680848739447,0.0006230680848739447,foot-ground,True,False
93,ground,right_ankle_roll_sphere_4_link,world,right_ankle_roll_sphere_4_link,-0.0009954932335398394,0.0009954932335398394,foot-ground,True,False
93,ground,right_ankle_roll_sphere_5_link,world,right_ankle_roll_sphere_5_link,-0.0008056215002480013,0.0008056215002480013,foot-ground,True,False
93,right_knee_link,right_ankle_roll_link,right_knee_link,right_ankle_roll_link,-0.03512816645661443,0.03512816645661443,self-collision,False,False
93,left_knee_link,left_ankle_roll_link,left_knee_link,left_ankle_roll_link,-0.032176921671204006,0.032176921671204006,self-collision,False,False
93,left_rubber_hand_link,largebox,left_rubber_hand_link,largebox_link,-0.000874445003328006,0.000874445003328006,hand-box,True,False
93,left_wrist_yaw_link,largebox,left_wrist_yaw_link,largebox_link,-0.0018675945362164326,0.0018675945362164326,other-body-box,False,True
93,ground,right_ankle_roll_sphere_1_link,world,right_ankle_roll_sphere_1_link,-0.0006852063650800147,0.0006852063650800147,foot-ground,True,False
94,ground,right_ankle_roll_sphere_2_link,world,right_ankle_roll_sphere_2_link,-0.0006459340457757963,0.0006459340457757963,foot-ground,True,False
94,torso_link,largebox,torso_link,largebox_link,-0.0009762822219698819,0.0009762822219698819,other-body-box,False,True
94,ground,right_ankle_roll_link,world,right_ankle_roll_link,-0.001408987978634816,0.001408987978634816,foot-ground,True,False
94,ground,right_ankle_roll_sphere_3_link,world,right_ankle_roll_sphere_3_link,-0.0009162479713072337,0.0009162479713072337,foot-ground,True,False
94,ground,right_ankle_roll_sphere_4_link,world,right_ankle_roll_sphere_4_link,-0.0009966097776011621,0.0009966097776011621,foot-ground,True,False
94,ground,right_ankle_roll_sphere_5_link,world,right_ankle_roll_sphere_5_link,-0.0009968969820582227,0.0009968969820582227,foot-ground,True,False
94,right_knee_link,right_ankle_roll_link,right_knee_link,right_ankle_roll_link,-0.035888920453336554,0.035888920453336554,self-collision,False,False
94,left_knee_link,left_ankle_roll_link,left_knee_link,left_ankle_roll_link,-0.03386875365448336,0.03386875365448336,self-collision,False,False
94,left_rubber_hand_link,largebox,left_rubber_hand_link,largebox_link,-0.0007843874103981574,0.0007843874103981574,hand-box,True,False
94,ground,right_ankle_roll_sphere_1_link,world,right_ankle_roll_sphere_1_link,-0.0005789658738641892,0.0005789658738641892,foot-ground,True,False
95,ground,right_ankle_roll_sphere_2_link,world,right_ankle_roll_sphere_2_link,-0.0006517431590857816,0.0006517431590857816,foot-ground,True,False
95,right_rubber_hand_link,largebox,right_rubber_hand_link,largebox_link,-0.0003945659747928987,0.0003945659747928987,hand-box,True,False
95,torso_link,largebox,torso_link,largebox_link,-0.0009615019898409349,0.0009615019898409349,other-body-box,False,True
95,ground,right_ankle_roll_link,world,right_ankle_roll_link,-0.0014079092250915762,0.0014079092250915762,foot-ground,True,False
95,left_ankle_roll_link,right_ankle_roll_link,left_ankle_roll_link,right_ankle_roll_link,-0.008178259882797093,0.008178259882797093,self-collision,False,False
95,ground,right_ankle_roll_sphere_3_link,world,right_ankle_roll_sphere_3_link,-0.0009174767726971697,0.0009174767726971697,foot-ground,True,False
95,ground,right_ankle_roll_sphere_4_link,world,right_ankle_roll_sphere_4_link,-0.0009957551947616964,0.0009957551947616964,foot-ground,True,False
95,ground,right_ankle_roll_sphere_5_link,world,right_ankle_roll_sphere_5_link,-0.0009963205524161625,0.0009963205524161625,foot-ground,True,False
95,right_knee_link,right_ankle_roll_link,right_knee_link,right_ankle_roll_link,-0.03677469487642934,0.03677469487642934,self-collision,False,False
95,left_knee_link,left_ankle_roll_link,left_knee_link,left_ankle_roll_link,-0.0355473049779689,0.0355473049779689,self-collision,False,False
95,left_rubber_hand_link,largebox,left_rubber_hand_link,largebox_link,-0.0008985936012784607,0.0008985936012784607,hand-box,True,False
95,ground,right_ankle_roll_sphere_1_link,world,right_ankle_roll_sphere_1_link,-0.0005865111406986789,0.0005865111406986789,foot-ground,True,False
96,ground,right_ankle_roll_sphere_2_link,world,right_ankle_roll_sphere_2_link,-0.0006597152859309742,0.0006597152859309742,foot-ground,True,False
96,right_rubber_hand_link,largebox,right_rubber_hand_link,largebox_link,-0.000360517312031558,0.000360517312031558,hand-box,True,False
96,torso_link,largebox,torso_link,largebox_link,-0.0009992449743499165,0.0009992449743499165,other-body-box,False,True
96,ground,right_ankle_roll_link,world,right_ankle_roll_link,-0.0014085608630314307,0.0014085608630314307,foot-ground,True,False
96,left_ankle_roll_link,right_ankle_roll_link,left_ankle_roll_link,right_ankle_roll_link,-0.01710246602257462,0.01710246602257462,self-collision,False,False
96,ground,right_ankle_roll_sphere_3_link,world,right_ankle_roll_sphere_3_link,-0.0009198609293190286,0.0009198609293190286,foot-ground,True,False
96,ground,right_ankle_roll_sphere_4_link,world,right_ankle_roll_sphere_4_link,-0.000996803552659127,0.000996803552659127,foot-ground,True,False
96,ground,right_ankle_roll_sphere_5_link,world,right_ankle_roll_sphere_5_link,-0.0009972353446890568,0.0009972353446890568,foot-ground,True,False
96,right_knee_link,right_ankle_roll_link,right_knee_link,right_ankle_roll_link,-0.03769338973176545,0.03769338973176545,self-collision,False,False
96,left_knee_link,left_ankle_roll_link,left_knee_link,left_ankle_roll_link,-0.03642544300894371,0.03642544300894371,self-collision,False,False
96,left_rubber_hand_link,largebox,left_rubber_hand_link,largebox_link,-0.0008894359973239951,0.0008894359973239951,hand-box,True,False
96,ground,right_ankle_roll_sphere_1_link,world,right_ankle_roll_sphere_1_link,-0.0005955964331475589,0.0005955964331475589,foot-ground,True,False
97,ground,right_ankle_roll_sphere_2_link,world,right_ankle_roll_sphere_2_link,-0.0006581727074391986,0.0006581727074391986,foot-ground,True,False
97,right_rubber_hand_link,largebox,right_rubber_hand_link,largebox_link,-0.00039307235210406244,0.00039307235210406244,hand-box,True,False
97,torso_link,largebox,torso_link,largebox_link,-0.0009869631127391726,0.0009869631127391726,other-body-box,False,True
97,left_ankle_roll_link,right_ankle_pitch_link,left_ankle_roll_link,right_ankle_pitch_link,-0.008028384361276772,0.008028384361276772,self-collision,False,False
97,ground,right_ankle_roll_link,world,right_ankle_roll_link,-0.0014091182362827338,0.0014091182362827338,foot-ground,True,False
97,left_ankle_roll_link,right_ankle_roll_link,left_ankle_roll_link,right_ankle_roll_link,-0.03047962362009418,0.03047962362009418,self-collision,False,False
97,ground,right_ankle_roll_sphere_3_link,world,right_ankle_roll_sphere_3_link,-0.0009201852341238553,0.0009201852341238553,foot-ground,True,False
97,ground,right_ankle_roll_sphere_4_link,world,right_ankle_roll_sphere_4_link,-0.0009971890375461345,0.0009971890375461345,foot-ground,True,False
97,ground,right_ankle_roll_sphere_5_link,world,right_ankle_roll_sphere_5_link,-0.0009978164707159847,0.0009978164707159847,foot-ground,True,False
97,right_knee_link,right_ankle_roll_link,right_knee_link,right_ankle_roll_link,-0.03844827489154504,0.03844827489154504,self-collision,False,False
97,left_ankle_roll_sphere_2_link,right_ankle_pitch_link,left_ankle_roll_sphere_2_link,right_ankle_pitch_link,-0.001237150283247418,0.001237150283247418,self-collision,False,False
97,left_ankle_roll_link,right_ankle_roll_sphere_1_link,left_ankle_roll_link,right_ankle_roll_sphere_1_link,-0.010222778496504867,0.010222778496504867,self-collision,False,False
97,ground,left_ankle_roll_link,world,left_ankle_roll_link,-0.0009829635050757554,0.0009829635050757554,foot-ground,True,False
97,left_knee_link,left_ankle_roll_link,left_knee_link,left_ankle_roll_link,-0.0359684364300851,0.0359684364300851,self-collision,False,False
97,left_rubber_hand_link,largebox,left_rubber_hand_link,largebox_link,-0.0010612386417994252,0.0010612386417994252,hand-box,True,False
97,left_ankle_roll_link,right_knee_link,left_ankle_roll_link,right_knee_link,-0.010629002499898052,0.010629002499898052,self-collision,False,False
97,ground,right_ankle_roll_sphere_1_link,world,right_ankle_roll_sphere_1_link,-0.0005940028712539637,0.0005940028712539637,foot-ground,True,False
97,ground,left_ankle_roll_sphere_4_link,world,left_ankle_roll_sphere_4_link,-0.0005568071466402575,0.0005568071466402575,foot-ground,True,False
97,left_ankle_roll_sphere_2_link,right_ankle_roll_link,left_ankle_roll_sphere_2_link,right_ankle_roll_link,-0.03751563206604322,0.03751563206604322,self-collision,False,False
98,ground,right_ankle_roll_sphere_2_link,world,right_ankle_roll_sphere_2_link,-0.0006595778942370253,0.0006595778942370253,foot-ground,True,False
98,right_rubber_hand_link,largebox,right_rubber_hand_link,largebox_link,-0.0009149814444539134,0.0009149814444539134,hand-box,True,False
98,torso_link,largebox,torso_link,largebox_link,-0.0009776177723399698,0.0009776177723399698,other-body-box,False,True
98,ground,right_ankle_roll_link,world,right_ankle_roll_link,-0.0014093272630346307,0.0014093272630346307,foot-ground,True,False
98,ground,right_ankle_roll_sphere_3_link,world,right_ankle_roll_sphere_3_link,-0.0009204474313783536,0.0009204474313783536,foot-ground,True,False
98,ground,right_ankle_roll_sphere_4_link,world,right_ankle_roll_sphere_4_link,-0.0009975134899823544,0.0009975134899823544,foot-ground,True,False
98,ground,right_ankle_roll_sphere_5_link,world,right_ankle_roll_sphere_5_link,-0.0009979820399974122,0.0009979820399974122,foot-ground,True,False
98,right_knee_link,right_ankle_roll_link,right_knee_link,right_ankle_roll_link,-0.0386608228535201,0.0386608228535201,self-collision,False,False
98,ground,left_ankle_roll_link,world,left_ankle_roll_link,-0.001828822189076984,0.001828822189076984,foot-ground,True,False
98,left_knee_link,left_ankle_roll_link,left_knee_link,left_ankle_roll_link,-0.03465029320498236,0.03465029320498236,self-collision,False,False
98,left_rubber_hand_link,largebox,left_rubber_hand_link,largebox_link,-0.0012787850080450552,0.0012787850080450552,hand-box,True,False
98,ground,right_ankle_roll_sphere_1_link,world,right_ankle_roll_sphere_1_link,-0.0005953561787336885,0.0005953561787336885,foot-ground,True,False
98,ground,left_ankle_roll_sphere_4_link,world,left_ankle_roll_sphere_4_link,-0.0009669480122958358,0.0009669480122958358,foot-ground,True,False
99,ground,right_ankle_roll_sphere_2_link,world,right_ankle_roll_sphere_2_link,-0.0006552766664831523,0.0006552766664831523,foot-ground,True,False
99,right_rubber_hand_link,largebox,right_rubber_hand_link,largebox_link,-0.0003599715359026978,0.0003599715359026978,hand-box,True,False
99,left_ankle_intermediate_1_link,left_ankle_roll_link,left_ankle_intermediate_1_link,left_ankle_roll_link,-0.002744145189633465,0.002744145189633465,self-collision,False,False
99,torso_link,largebox,torso_link,largebox_link,-0.0009506200333076198,0.0009506200333076198,other-body-box,False,True
99,ground,right_ankle_roll_link,world,right_ankle_roll_link,-0.001408000791730618,0.001408000791730618,foot-ground,True,False
99,ground,right_ankle_roll_sphere_3_link,world,right_ankle_roll_sphere_3_link,-0.0009198573315186065,0.0009198573315186065,foot-ground,True,False
99,ground,left_ankle_roll_sphere_2_link,world,left_ankle_roll_sphere_2_link,-0.0002741487853327963,0.0002741487853327963,foot-ground,True,False
99,ground,right_ankle_roll_sphere_4_link,world,right_ankle_roll_sphere_4_link,-0.0009957038656129907,0.0009957038656129907,foot-ground,True,False
99,ground,right_ankle_roll_sphere_5_link,world,right_ankle_roll_sphere_5_link,-0.0009970872638154415,0.0009970872638154415,foot-ground,True,False
99,right_knee_link,right_ankle_roll_link,right_knee_link,right_ankle_roll_link,-0.03890510384952023,0.03890510384952023,self-collision,False,False
99,ground,left_ankle_roll_link,world,left_ankle_roll_link,-0.001746138564738365,0.001746138564738365,foot-ground,True,False
99,left_knee_link,left_ankle_roll_link,left_knee_link,left_ankle_roll_link,-0.030157652037255483,0.030157652037255483,self-collision,False,False
99,left_rubber_hand_link,largebox,left_rubber_hand_link,largebox_link,-0.0013833418161507127,0.0013833418161507127,hand-box,True,False
99,ground,right_ankle_roll_sphere_1_link,world,right_ankle_roll_sphere_1_link,-0.0005920712214044976,0.0005920712214044976,foot-ground,True,False
99,ground,left_ankle_roll_sphere_4_link,world,left_ankle_roll_sphere_4_link,-0.000956104644759352,0.000956104644759352,foot-ground,True,False
100,ground,right_ankle_roll_sphere_2_link,world,right_ankle_roll_sphere_2_link,-0.0006529578365085482,0.0006529578365085482,foot-ground,True,False
100,right_rubber_hand_link,largebox,right_rubber_hand_link,largebox_link,-0.0008266456163312091,0.0008266456163312091,hand-box,True,False
100,ground,left_ankle_roll_sphere_5_link,world,left_ankle_roll_sphere_5_link,-0.0005956979353473812,0.0005956979353473812,foot-ground,True,False
100,left_ankle_intermediate_1_link,left_ankle_roll_link,left_ankle_intermediate_1_link,left_ankle_roll_link,-0.002937610487233011,0.002937610487233011,self-collision,False,False
100,torso_link,largebox,torso_link,largebox_link,-0.0009479519948067117,0.0009479519948067117,other-body-box,False,True
100,ground,right_ankle_roll_link,world,right_ankle_roll_link,-0.0014066809375421242,0.0014066809375421242,foot-ground,True,False
100,ground,left_ankle_roll_sphere_1_link,world,left_ankle_roll_sphere_1_link,-0.0003403691685379571,0.0003403691685379571,foot-ground,True,False
100,ground,right_ankle_roll_sphere_3_link,world,right_ankle_roll_sphere_3_link,-0.0009190132872923971,0.0009190132872923971,foot-ground,True,False
100,ground,left_ankle_roll_sphere_2_link,world,left_ankle_roll_sphere_2_link,-0.0009381738620394186,0.0009381738620394186,foot-ground,True,False
100,ground,right_ankle_roll_sphere_4_link,world,right_ankle_roll_sphere_4_link,-0.0009941665672244969,0.0009941665672244969,foot-ground,True,False
100,ground,right_ankle_roll_sphere_5_link,world,right_ankle_roll_sphere_5_link,-0.0009959953340100093,0.0009959953340100093,foot-ground,True,False
100,right_knee_link,right_ankle_roll_link,right_knee_link,right_ankle_roll_link,-0.039124800372827506,0.039124800372827506,self-collision,False,False
100,ground,left_ankle_roll_link,world,left_ankle_roll_link,-0.0014520831934946507,0.0014520831934946507,foot-ground,True,False
100,left_knee_link,left_ankle_roll_link,left_knee_link,left_ankle_roll_link,-0.02508979202638456,0.02508979202638456,self-collision,False,False
100,left_rubber_hand_link,largebox,left_rubber_hand_link,largebox_link,-0.0015363943677902808,0.0015363943677902808,hand-box,True,False
100,ground,left_ankle_roll_sphere_3_link,world,left_ankle_roll_sphere_3_link,-0.00024160181187190665,0.00024160181187190665,foot-ground,True,False
100,ground,right_ankle_roll_sphere_1_link,world,right_ankle_roll_sphere_1_link,-0.0005903301032317973,0.0005903301032317973,foot-ground,True,False
100,ground,left_ankle_roll_sphere_4_link,world,left_ankle_roll_sphere_4_link,-0.0009589674440736605,0.0009589674440736605,foot-ground,True,False
101,ground,right_ankle_roll_sphere_2_link,world,right_ankle_roll_sphere_2_link,-0.0006570767545281053,0.0006570767545281053,foot-ground,True,False
101,ground,left_ankle_roll_sphere_5_link,world,left_ankle_roll_sphere_5_link,-0.0006165352229798677,0.0006165352229798677,foot-ground,True,False
101,left_ankle_intermediate_1_link,left_ankle_roll_link,left_ankle_intermediate_1_link,left_ankle_roll_link,-0.0020449503552298215,0.0020449503552298215,self-collision,False,False
101,torso_link,largebox,torso_link,largebox_link,-0.0009514553728428715,0.0009514553728428715,other-body-box,False,True
101,ground,right_ankle_roll_link,world,right_ankle_roll_link,-0.0014085324615710354,0.0014085324615710354,foot-ground,True,False
101,ground,left_ankle_roll_sphere_1_link,world,left_ankle_roll_sphere_1_link,-0.0009578335323131145,0.0009578335323131145,foot-ground,True,False
101,ground,right_ankle_roll_sphere_3_link,world,right_ankle_roll_sphere_3_link,-0.0009199832285425062,0.0009199832285425062,foot-ground,True,False
101,ground,left_ankle_roll_sphere_2_link,world,left_ankle_roll_sphere_2_link,-0.00037566682048072435,0.00037566682048072435,foot-ground,True,False
101,ground,right_ankle_roll_sphere_4_link,world,right_ankle_roll_sphere_4_link,-0.0009964645811041213,0.0009964645811041213,foot-ground,True,False
101,ground,right_ankle_roll_sphere_5_link,world,right_ankle_roll_sphere_5_link,-0.0009974020672385174,0.0009974020672385174,foot-ground,True,False
101,right_knee_link,right_ankle_roll_link,right_knee_link,right_ankle_roll_link,-0.0393883511807053,0.0393883511807053,self-collision,False,False
101,ground,left_ankle_roll_link,world,left_ankle_roll_link,-0.0014657267162436795,0.0014657267162436795,foot-ground,True,False
101,left_knee_link,left_ankle_roll_link,left_knee_link,left_ankle_roll_link,-0.02295910814001416,0.02295910814001416,self-collision,False,False
101,left_rubber_hand_link,largebox,left_rubber_hand_link,largebox_link,-0.0010165868512821558,0.0010165868512821558,hand-box,True,False
101,ground,left_ankle_roll_sphere_3_link,world,left_ankle_roll_sphere_3_link,-0.0009711210346495169,0.0009711210346495169,foot-ground,True,False
101,ground,right_ankle_roll_sphere_1_link,world,right_ankle_roll_sphere_1_link,-0.0005933422940600916,0.0005933422940600916,foot-ground,True,False
101,ground,left_ankle_roll_sphere_4_link,world,left_ankle_roll_sphere_4_link,-0.00027252098045065214,0.00027252098045065214,foot-ground,True,False
102,ground,right_ankle_roll_sphere_2_link,world,right_ankle_roll_sphere_2_link,-0.0006601905945963276,0.0006601905945963276,foot-ground,True,False
102,left_ankle_intermediate_1_link,left_ankle_roll_link,left_ankle_intermediate_1_link,left_ankle_roll_link,-0.004644763977697294,0.004644763977697294,self-collision,False,False
102,torso_link,largebox,torso_link,largebox_link,-0.001041674693735145,0.001041674693735145,other-body-box,False,True
102,ground,right_ankle_roll_link,world,right_ankle_roll_link,-0.0014099029037985683,0.0014099029037985683,foot-ground,True,False
102,ground,left_ankle_roll_sphere_1_link,world,left_ankle_roll_sphere_1_link,-0.00044374727237243405,0.00044374727237243405,foot-ground,True,False
102,ground,right_ankle_roll_sphere_3_link,world,right_ankle_roll_sphere_3_link,-0.0009204766762408332,0.0009204766762408332,foot-ground,True,False
102,ground,right_ankle_roll_sphere_4_link,world,right_ankle_roll_sphere_4_link,-0.0009982133214371863,0.0009982133214371863,foot-ground,True,False
102,ground,right_ankle_roll_sphere_5_link,world,right_ankle_roll_sphere_5_link,-0.0009983502544948326,0.0009983502544948326,foot-ground,True,False
102,right_knee_link,right_ankle_roll_link,right_knee_link,right_ankle_roll_link,-0.039669584628744925,0.039669584628744925,self-collision,False,False
102,ground,left_ankle_roll_link,world,left_ankle_roll_link,-0.001305548768659473,0.001305548768659473,foot-ground,True,False
102,left_knee_link,left_ankle_roll_link,left_knee_link,left_ankle_roll_link,-0.021959675879754406,0.021959675879754406,self-collision,False,False
102,left_rubber_hand_link,largebox,left_rubber_hand_link,largebox_link,-0.0010620493876004194,0.0010620493876004194,hand-box,True,False
102,ground,left_ankle_roll_sphere_3_link,world,left_ankle_roll_sphere_3_link,-0.0005089962952432607,0.0005089962952432607,foot-ground,True,False
102,ground,right_ankle_roll_sphere_1_link,world,right_ankle_roll_sphere_1_link,-0.0005954100569326983,0.0005954100569326983,foot-ground,True,False
103,ground,right_ankle_roll_sphere_2_link,world,right_ankle_roll_sphere_2_link,-0.0006629306434787095,0.0006629306434787095,foot-ground,True,False
103,right_rubber_hand_link,largebox,right_rubber_hand_link,largebox_link,-0.0008669116729612125,0.0008669116729612125,hand-box,True,False
103,left_ankle_intermediate_1_link,left_ankle_roll_link,left_ankle_intermediate_1_link,left_ankle_roll_link,-0.0046112938739237,0.0046112938739237,self-collision,False,False
103,torso_link,largebox,torso_link,largebox_link,-0.0009584936087516094,0.0009584936087516094,other-body-box,False,True
103,ground,right_ankle_roll_link,world,right_ankle_roll_link,-0.0014091222764068337,0.0014091222764068337,foot-ground,True,False
103,ground,left_ankle_roll_sphere_1_link,world,left_ankle_roll_sphere_1_link,-0.0003577319858734688,0.0003577319858734688,foot-ground,True,False
103,ground,right_ankle_roll_sphere_3_link,world,right_ankle_roll_sphere_3_link,-0.0009201139185772205,0.0009201139185772205,foot-ground,True,False
103,ground,right_ankle_roll_sphere_4_link,world,right_ankle_roll_sphere_4_link,-0.00099771490635549,0.00099771490635549,foot-ground,True,False
103,ground,right_ankle_roll_sphere_5_link,world,right_ankle_roll_sphere_5_link,-0.0009975400023363853,0.0009975400023363853,foot-ground,True,False
103,right_knee_link,right_ankle_roll_link,right_knee_link,right_ankle_roll_link,-0.04024577436767496,0.04024577436767496,self-collision,False,False
103,ground,left_ankle_roll_link,world,left_ankle_roll_link,-0.001822543645806314,0.001822543645806314,foot-ground,True,False
103,left_knee_link,left_ankle_roll_link,left_knee_link,left_ankle_roll_link,-0.021700052794431338,0.021700052794431338,self-collision,False,False
103,left_rubber_hand_link,largebox,left_rubber_hand_link,largebox_link,-0.000969802013120663,0.000969802013120663,hand-box,True,False
103,ground,left_ankle_roll_sphere_3_link,world,left_ankle_roll_sphere_3_link,-0.00098973565345518,0.00098973565345518,foot-ground,True,False
103,ground,right_ankle_roll_sphere_1_link,world,right_ankle_roll_sphere_1_link,-0.0005982631536634855,0.0005982631536634855,foot-ground,True,False
104,ground,right_ankle_roll_sphere_2_link,world,right_ankle_roll_sphere_2_link,-0.0006586378934355262,0.0006586378934355262,foot-ground,True,False
104,left_ankle_intermediate_1_link,left_ankle_roll_link,left_ankle_intermediate_1_link,left_ankle_roll_link,-0.00440047772590417,0.00440047772590417,self-collision,False,False
104,torso_link,largebox,torso_link,largebox_link,-0.0009474523825137582,0.0009474523825137582,other-body-box,False,True
104,ground,right_ankle_roll_link,world,right_ankle_roll_link,-0.0014077601977828744,0.0014077601977828744,foot-ground,True,False
104,ground,left_ankle_roll_sphere_1_link,world,left_ankle_roll_sphere_1_link,-0.0003042639529247824,0.0003042639529247824,foot-ground,True,False
104,ground,right_ankle_roll_sphere_3_link,world,right_ankle_roll_sphere_3_link,-0.000918202259337488,0.000918202259337488,foot-ground,True,False
104,ground,right_ankle_roll_sphere_4_link,world,right_ankle_roll_sphere_4_link,-0.0009961623084669196,0.0009961623084669196,foot-ground,True,False
104,ground,right_ankle_roll_sphere_5_link,world,right_ankle_roll_sphere_5_link,-0.0009961267244046291,0.0009961267244046291,foot-ground,True,False
104,right_knee_link,right_ankle_roll_link,right_knee_link,right_ankle_roll_link,-0.040754654948981006,0.040754654948981006,self-collision,False,False
104,ground,left_ankle_roll_link,world,left_ankle_roll_link,-0.0017686825215525864,0.0017686825215525864,foot-ground,True,False
104,left_knee_link,left_ankle_roll_link,left_knee_link,left_ankle_roll_link,-0.022587198871385508,0.022587198871385508,self-collision,False,False
104,left_rubber_hand_link,largebox,left_rubber_hand_link,largebox_link,-0.0008480719793378944,0.0008480719793378944,hand-box,True,False
104,ground,left_ankle_roll_sphere_3_link,world,left_ankle_roll_sphere_3_link,-0.0009921518583061407,0.0009921518583061407,foot-ground,True,False
104,ground,right_ankle_roll_sphere_1_link,world,right_ankle_roll_sphere_1_link,-0.0005936711858276688,0.0005936711858276688,foot-ground,True,False
105,right_rubber_hand_link,largebox,right_rubber_hand_link,largebox_link,-0.0003409583556247403,0.0003409583556247403,hand-box,True,False
105,left_ankle_intermediate_1_link,left_ankle_roll_link,left_ankle_intermediate_1_link,left_ankle_roll_link,-0.0022307781035839774,0.0022307781035839774,self-collision,False,False
105,torso_link,largebox,torso_link,largebox_link,-0.0009565137621028313,0.0009565137621028313,other-body-box,False,True
105,ground,right_ankle_roll_link,world,right_ankle_roll_link,-0.0014955898170917782,0.0014955898170917782,foot-ground,True,False
105,ground,left_ankle_roll_sphere_1_link,world,left_ankle_roll_sphere_1_link,-0.00033676774023382993,0.00033676774023382993,foot-ground,True,False
105,ground,right_ankle_roll_sphere_3_link,world,right_ankle_roll_sphere_3_link,-0.00038242978506617103,0.00038242978506617103,foot-ground,True,False
105,ground,right_ankle_roll_sphere_4_link,world,right_ankle_roll_sphere_4_link,-0.0009889778303809422,0.0009889778303809422,foot-ground,True,False
105,ground,right_ankle_roll_sphere_5_link,world,right_ankle_roll_sphere_5_link,-0.0009658269805424028,0.0009658269805424028,foot-ground,True,False
105,right_knee_link,right_ankle_roll_link,right_knee_link,right_ankle_roll_link,-0.04118843097131214,0.04118843097131214,self-collision,False,False
105,ground,left_ankle_roll_link,world,left_ankle_roll_link,-0.0017004561001067835,0.0017004561001067835,foot-ground,True,False
105,left_knee_link,left_ankle_roll_link,left_knee_link,left_ankle_roll_link,-0.023576280064021668,0.023576280064021668,self-collision,False,False
105,left_rubber_hand_link,largebox,left_rubber_hand_link,largebox_link,-0.0010250256178777062,0.0010250256178777062,hand-box,True,False
105,ground,left_ankle_roll_sphere_3_link,world,left_ankle_roll_sphere_3_link,-0.0009906560117616285,0.0009906560117616285,foot-ground,True,False
106,left_ankle_intermediate_1_link,left_ankle_roll_link,left_ankle_intermediate_1_link,left_ankle_roll_link,-0.00268887597241875,0.00268887597241875,self-collision,False,False
106,torso_link,largebox,torso_link,largebox_link,-0.0009305972777163413,0.0009305972777163413,other-body-box,False,True
106,ground,right_ankle_roll_link,world,right_ankle_roll_link,-0.0009990243147997811,0.0009990243147997811,foot-ground,True,False
106,ground,left_ankle_roll_sphere_1_link,world,left_ankle_roll_sphere_1_link,-0.0004373327018315073,0.0004373327018315073,foot-ground,True,False
106,ground,right_ankle_roll_sphere_5_link,world,right_ankle_roll_sphere_5_link,-0.0005106828233277126,0.0005106828233277126,foot-ground,True,False
106,right_knee_link,right_ankle_roll_link,right_knee_link,right_ankle_roll_link,-0.04069917229042397,0.04069917229042397,self-collision,False,False
106,ground,left_ankle_roll_link,world,left_ankle_roll_link,-0.0016225798675972708,0.0016225798675972708,foot-ground,True,False
106,left_knee_link,left_ankle_roll_link,left_knee_link,left_ankle_roll_link,-0.024704427996636816,0.024704427996636816,self-collision,False,False
106,left_rubber_hand_link,largebox,left_rubber_hand_link,largebox_link,-0.000494077584948252,0.000494077584948252,hand-box,True,False
106,ground,left_ankle_roll_sphere_3_link,world,left_ankle_roll_sphere_3_link,-0.0009907022488807688,0.0009907022488807688,foot-ground,True,False
107,right_rubber_hand_link,largebox,right_rubber_hand_link,largebox_link,-0.002723472112353034,0.002723472112353034,hand-box,True,False
107,ground,left_ankle_roll_sphere_5_link,world,left_ankle_roll_sphere_5_link,-0.00011887481125401247,0.00011887481125401247,foot-ground,True,False
107,left_ankle_intermediate_1_link,left_ankle_roll_link,left_ankle_intermediate_1_link,left_ankle_roll_link,-0.0031911956965321175,0.0031911956965321175,self-collision,False,False
107,torso_link,largebox,torso_link,largebox_link,-0.0009254861490075317,0.0009254861490075317,other-body-box,False,True
107,ground,right_ankle_roll_link,world,right_ankle_roll_link,-0.0009963113389460376,0.0009963113389460376,foot-ground,True,False
107,ground,left_ankle_roll_sphere_1_link,world,left_ankle_roll_sphere_1_link,-0.00048567292101755945,0.00048567292101755945,foot-ground,True,False
107,ground,right_ankle_roll_sphere_5_link,world,right_ankle_roll_sphere_5_link,-0.0003687514324340639,0.0003687514324340639,foot-ground,True,False
107,right_knee_link,right_ankle_roll_link,right_knee_link,right_ankle_roll_link,-0.039389357758359084,0.039389357758359084,self-collision,False,False
107,left_wrist_pitch_link,largebox,left_wrist_pitch_link,largebox_link,-2.422955678664518e-05,2.422955678664518e-05,other-body-box,False,True
107,ground,left_ankle_roll_link,world,left_ankle_roll_link,-0.0015174430597330313,0.0015174430597330313,foot-ground,True,False
107,left_knee_link,left_ankle_roll_link,left_knee_link,left_ankle_roll_link,-0.02585377250602558,0.02585377250602558,self-collision,False,False
107,left_rubber_hand_link,largebox,left_rubber_hand_link,largebox_link,-0.0008399690852043118,0.0008399690852043118,hand-box,True,False
107,ground,left_ankle_roll_sphere_3_link,world,left_ankle_roll_sphere_3_link,-0.0009923303954588241,0.0009923303954588241,foot-ground,True,False
108,ground,left_ankle_roll_sphere_5_link,world,left_ankle_roll_sphere_5_link,-0.0004870564285181017,0.0004870564285181017,foot-ground,True,False
108,left_ankle_intermediate_1_link,left_ankle_roll_link,left_ankle_intermediate_1_link,left_ankle_roll_link,-0.0033182183194097326,0.0033182183194097326,self-collision,False,False
108,torso_link,largebox,torso_link,largebox_link,-0.0009325706164620001,0.0009325706164620001,other-body-box,False,True
108,ground,left_ankle_roll_sphere_1_link,world,left_ankle_roll_sphere_1_link,-0.0005237300746016608,0.0005237300746016608,foot-ground,True,False
108,right_knee_link,right_ankle_roll_link,right_knee_link,right_ankle_roll_link,-0.039797136940480066,0.039797136940480066,self-collision,False,False
108,left_wrist_pitch_link,largebox,left_wrist_pitch_link,largebox_link,-0.00045622831347218173,0.00045622831347218173,other-body-box,False,True
108,ground,left_ankle_roll_link,world,left_ankle_roll_link,-0.0014496970889223658,0.0014496970889223658,foot-ground,True,False
108,left_knee_link,left_ankle_roll_link,left_knee_link,left_ankle_roll_link,-0.028320339870714417,0.028320339870714417,self-collision,False,False
108,left_rubber_hand_link,largebox,left_rubber_hand_link,largebox_link,-0.0005014975951314893,0.0005014975951314893,hand-box,True,False
108,ground,left_ankle_roll_sphere_3_link,world,left_ankle_roll_sphere_3_link,-0.000997020364899087,0.000997020364899087,foot-ground,True,False
109,ground,left_ankle_roll_sphere_5_link,world,left_ankle_roll_sphere_5_link,-0.0007889395805362803,0.0007889395805362803,foot-ground,True,False
109,left_ankle_intermediate_1_link,left_ankle_roll_link,left_ankle_intermediate_1_link,left_ankle_roll_link,-0.003243167240985015,0.003243167240985015,self-collision,False,False
109,torso_link,largebox,torso_link,largebox_link,-0.0009503370375321674,0.0009503370375321674,other-body-box,False,True
109,ground,left_ankle_roll_sphere_1_link,world,left_ankle_roll_sphere_1_link,-0.0005614314205870585,0.0005614314205870585,foot-ground,True,False
109,ground,left_ankle_roll_sphere_2_link,world,left_ankle_roll_sphere_2_link,-0.0001365287186453337,0.0001365287186453337,foot-ground,True,False
109,right_knee_link,right_ankle_roll_link,right_knee_link,right_ankle_roll_link,-0.04078321189532569,0.04078321189532569,self-collision,False,False
109,left_wrist_pitch_link,largebox,left_wrist_pitch_link,largebox_link,-0.0010335227945688086,0.0010335227945688086,other-body-box,False,True
109,ground,left_ankle_roll_link,world,left_ankle_roll_link,-0.0014038488699615048,0.0014038488699615048,foot-ground,True,False
109,left_knee_link,left_ankle_roll_link,left_knee_link,left_ankle_roll_link,-0.029719269022043943,0.029719269022043943,self-collision,False,False
109,left_rubber_hand_link,largebox,left_rubber_hand_link,largebox_link,-0.0008463932984566491,0.0008463932984566491,hand-box,True,False
109,ground,left_ankle_roll_sphere_3_link,world,left_ankle_roll_sphere_3_link,-0.0009975696742360414,0.0009975696742360414,foot-ground,True,False
109,ground,left_ankle_roll_sphere_4_link,world,left_ankle_roll_sphere_4_link,-0.000487686431905973,0.000487686431905973,foot-ground,True,False
110,right_rubber_hand_link,largebox,right_rubber_hand_link,largebox_link,-0.0008458639095604986,0.0008458639095604986,hand-box,True,False
110,ground,left_ankle_roll_sphere_5_link,world,left_ankle_roll_sphere_5_link,-0.00043134593305354987,0.00043134593305354987,foot-ground,True,False
110,left_ankle_intermediate_1_link,left_ankle_roll_link,left_ankle_intermediate_1_link,left_ankle_roll_link,-0.003037612814725338,0.003037612814725338,self-collision,False,False
110,torso_link,largebox,torso_link,largebox_link,-0.0009770913134007075,0.0009770913134007075,other-body-box,False,True
110,ground,left_ankle_roll_sphere_1_link,world,left_ankle_roll_sphere_1_link,-0.0009925979240321394,0.0009925979240321394,foot-ground,True,False
110,ground,left_ankle_roll_sphere_2_link,world,left_ankle_roll_sphere_2_link,-0.0009949611085970289,0.0009949611085970289,foot-ground,True,False
110,right_knee_link,right_ankle_roll_link,right_knee_link,right_ankle_roll_link,-0.038252787829338636,0.038252787829338636,self-collision,False,False
110,left_wrist_pitch_link,largebox,left_wrist_pitch_link,largebox_link,-0.000603841765669258,0.000603841765669258,other-body-box,False,True
110,ground,left_ankle_roll_link,world,left_ankle_roll_link,-0.001441956691851272,0.001441956691851272,foot-ground,True,False
110,left_knee_link,left_ankle_roll_link,left_knee_link,left_ankle_roll_link,-0.03134927278572533,0.03134927278572533,self-collision,False,False
110,left_rubber_hand_link,largebox,left_rubber_hand_link,largebox_link,-0.0014561353044853925,0.0014561353044853925,hand-box,True,False
110,ground,left_ankle_roll_sphere_3_link,world,left_ankle_roll_sphere_3_link,-0.0004891315573947235,0.0004891315573947235,foot-ground,True,False
110,ground,left_ankle_roll_sphere_4_link,world,left_ankle_roll_sphere_4_link,-0.0004919673788725916,0.0004919673788725916,foot-ground,True,False
111,left_wrist_pitch_link,largebox,left_wrist_pitch_link,largebox_link,-0.002405212458485906,0.002405212458485906,other-body-box,False,True
111,right_rubber_hand_link,largebox,right_rubber_hand_link,largebox_link,-0.0010298153414184386,0.0010298153414184386,hand-box,True,False
111,ground,left_ankle_roll_link,world,left_ankle_roll_link,-0.001437337018424717,0.001437337018424717,foot-ground,True,False
111,ground,left_ankle_roll_sphere_5_link,world,left_ankle_roll_sphere_5_link,-0.0005491018612461948,0.0005491018612461948,foot-ground,True,False
111,left_knee_link,left_ankle_roll_link,left_knee_link,left_ankle_roll_link,-0.032694865294595366,0.032694865294595366,self-collision,False,False
111,torso_link,largebox,torso_link,largebox_link,-0.0009236645003731087,0.0009236645003731087,other-body-box,False,True
111,left_rubber_hand_link,largebox,left_rubber_hand_link,largebox_link,-0.0008172594948359507,0.0008172594948359507,hand-box,True,False
111,left_ankle_intermediate_1_link,left_ankle_roll_link,left_ankle_intermediate_1_link,left_ankle_roll_link,-0.002902283407462361,0.002902283407462361,self-collision,False,False
111,right_knee_link,right_ankle_roll_link,right_knee_link,right_ankle_roll_link,-0.0372290142371699,0.0372290142371699,self-collision,False,False
111,ground,left_ankle_roll_sphere_3_link,world,left_ankle_roll_sphere_3_link,-0.0005963075110078193,0.0005963075110078193,foot-ground,True,False
111,ground,left_ankle_roll_sphere_1_link,world,left_ankle_roll_sphere_1_link,-0.0009979297223590656,0.0009979297223590656,foot-ground,True,False
111,ground,left_ankle_roll_sphere_4_link,world,left_ankle_roll_sphere_4_link,-0.0005963938621718476,0.0005963938621718476,foot-ground,True,False
111,ground,left_ankle_roll_sphere_2_link,world,left_ankle_roll_sphere_2_link,-0.0009980016816624254,0.0009980016816624254,foot-ground,True,False
112,left_wrist_pitch_link,largebox,left_wrist_pitch_link,largebox_link,-0.001960513596450858,0.001960513596450858,other-body-box,False,True
112,right_rubber_hand_link,largebox,right_rubber_hand_link,largebox_link,-0.0010959214379792637,0.0010959214379792637,hand-box,True,False
112,ground,left_ankle_roll_link,world,left_ankle_roll_link,-0.0014344938695089737,0.0014344938695089737,foot-ground,True,False
112,ground,left_ankle_roll_sphere_5_link,world,left_ankle_roll_sphere_5_link,-0.0005572503164327528,0.0005572503164327528,foot-ground,True,False
112,left_knee_link,left_ankle_roll_link,left_knee_link,left_ankle_roll_link,-0.034092674494569264,0.034092674494569264,self-collision,False,False
112,torso_link,largebox,torso_link,largebox_link,-0.0009485946019140989,0.0009485946019140989,other-body-box,False,True
112,left_rubber_hand_link,largebox,left_rubber_hand_link,largebox_link,-0.0005908668241179915,0.0005908668241179915,hand-box,True,False
112,right_knee_link,right_ankle_roll_link,right_knee_link,right_ankle_roll_link,-0.03659357760532467,0.03659357760532467,self-collision,False,False
112,ground,left_ankle_roll_sphere_3_link,world,left_ankle_roll_sphere_3_link,-0.0006033220112723467,0.0006033220112723467,foot-ground,True,False
112,ground,left_ankle_roll_sphere_1_link,world,left_ankle_roll_sphere_1_link,-0.0009957238881916101,0.0009957238881916101,foot-ground,True,False
112,ground,left_ankle_roll_sphere_4_link,world,left_ankle_roll_sphere_4_link,-0.0006035048891452786,0.0006035048891452786,foot-ground,True,False
112,ground,left_ankle_roll_sphere_2_link,world,left_ankle_roll_sphere_2_link,-0.000995876286419054,0.000995876286419054,foot-ground,True,False
113,right_rubber_hand_link,largebox,right_rubber_hand_link,largebox_link,-0.0008690091569277664,0.0008690091569277664,hand-box,True,False
113,ground,left_ankle_roll_sphere_5_link,world,left_ankle_roll_sphere_5_link,-0.0005996985674487946,0.0005996985674487946,foot-ground,True,False
113,torso_link,largebox,torso_link,largebox_link,-0.0009288508002075063,0.0009288508002075063,other-body-box,False,True
113,ground,left_ankle_roll_sphere_1_link,world,left_ankle_roll_sphere_1_link,-0.0009983637821353681,0.0009983637821353681,foot-ground,True,False
113,ground,left_ankle_roll_sphere_2_link,world,left_ankle_roll_sphere_2_link,-0.00099875327362861,0.00099875327362861,foot-ground,True,False
113,right_knee_link,right_ankle_roll_link,right_knee_link,right_ankle_roll_link,-0.036995930426182905,0.036995930426182905,self-collision,False,False
113,left_wrist_pitch_link,largebox,left_wrist_pitch_link,largebox_link,-0.0017432459627923363,0.0017432459627923363,other-body-box,False,True
113,ground,left_ankle_roll_link,world,left_ankle_roll_link,-0.0014346302766212876,0.0014346302766212876,foot-ground,True,False
113,left_knee_link,left_ankle_roll_link,left_knee_link,left_ankle_roll_link,-0.035142129321159205,0.035142129321159205,self-collision,False,False
113,left_rubber_hand_link,largebox,left_rubber_hand_link,largebox_link,-0.0006398863713479447,0.0006398863713479447,hand-box,True,False
113,ground,left_ankle_roll_sphere_3_link,world,left_ankle_roll_sphere_3_link,-0.0006414501315458168,0.0006414501315458168,foot-ground,True,False
113,ground,left_ankle_roll_sphere_4_link,world,left_ankle_roll_sphere_4_link,-0.000641917521337707,0.000641917521337707,foot-ground,True,False
114,right_rubber_hand_link,largebox,right_rubber_hand_link,largebox_link,-0.0006781802193201042,0.0006781802193201042,hand-box,True,False
114,ground,left_ankle_roll_sphere_5_link,world,left_ankle_roll_sphere_5_link,-0.0005795223376838408,0.0005795223376838408,foot-ground,True,False
114,torso_link,largebox,torso_link,largebox_link,-0.0009463215558724453,0.0009463215558724453,other-body-box,False,True
114,ground,left_ankle_roll_sphere_1_link,world,left_ankle_roll_sphere_1_link,-0.0009991536671986071,0.0009991536671986071,foot-ground,True,False
114,ground,left_ankle_roll_sphere_2_link,world,left_ankle_roll_sphere_2_link,-0.0010003512941848805,0.0010003512941848805,foot-ground,True,False
114,right_knee_link,right_ankle_roll_link,right_knee_link,right_ankle_roll_link,-0.037703456910874594,0.037703456910874594,self-collision,False,False
114,left_wrist_pitch_link,largebox,left_wrist_pitch_link,largebox_link,-6.633875040204518e-05,6.633875040204518e-05,other-body-box,False,True
114,ground,left_ankle_roll_link,world,left_ankle_roll_link,-0.0014374252712695997,0.0014374252712695997,foot-ground,True,False
114,left_knee_link,left_ankle_roll_link,left_knee_link,left_ankle_roll_link,-0.03606989195594998,0.03606989195594998,self-collision,False,False
114,left_rubber_hand_link,largebox,left_rubber_hand_link,largebox_link,-0.0011079376706098903,0.0011079376706098903,hand-box,True,False
114,ground,left_ankle_roll_sphere_3_link,world,left_ankle_roll_sphere_3_link,-0.0006230385133876434,0.0006230385133876434,foot-ground,True,False
114,ground,left_ankle_roll_sphere_4_link,world,left_ankle_roll_sphere_4_link,-0.0006244756657711728,0.0006244756657711728,foot-ground,True,False
115,right_rubber_hand_link,largebox,right_rubber_hand_link,largebox_link,-0.0005092558488781207,0.0005092558488781207,hand-box,True,False
115,ground,left_ankle_roll_sphere_5_link,world,left_ankle_roll_sphere_5_link,-0.0006035365320553312,0.0006035365320553312,foot-ground,True,False
115,torso_link,largebox,torso_link,largebox_link,-0.0009497363419868621,0.0009497363419868621,other-body-box,False,True
115,ground,left_ankle_roll_sphere_1_link,world,left_ankle_roll_sphere_1_link,-0.000997924697282426,0.000997924697282426,foot-ground,True,False
115,ground,left_ankle_roll_sphere_2_link,world,left_ankle_roll_sphere_2_link,-0.000999495603354778,0.000999495603354778,foot-ground,True,False
115,right_knee_link,right_ankle_roll_link,right_knee_link,right_ankle_roll_link,-0.03771370849163222,0.03771370849163222,self-collision,False,False
115,left_wrist_pitch_link,largebox,left_wrist_pitch_link,largebox_link,-0.00017456218812966773,0.00017456218812966773,other-body-box,False,True
115,ground,left_ankle_roll_link,world,left_ankle_roll_link,-0.0014347728014278277,0.0014347728014278277,foot-ground,True,False
115,left_knee_link,left_ankle_roll_link,left_knee_link,left_ankle_roll_link,-0.03686722810719675,0.03686722810719675,self-collision,False,False
115,left_rubber_hand_link,largebox,left_rubber_hand_link,largebox_link,-0.0008603808070983127,0.0008603808070983127,hand-box,True,False
115,ground,left_ankle_roll_sphere_3_link,world,left_ankle_roll_sphere_3_link,-0.0006441912113870031,0.0006441912113870031,foot-ground,True,False
115,ground,left_ankle_roll_sphere_4_link,world,left_ankle_roll_sphere_4_link,-0.0006460762986738233,0.0006460762986738233,foot-ground,True,False
116,right_rubber_hand_link,largebox,right_rubber_hand_link,largebox_link,-0.0017322466001792464,0.0017322466001792464,hand-box,True,False
116,ground,left_ankle_roll_sphere_5_link,world,left_ankle_roll_sphere_5_link,-0.0005912061930841558,0.0005912061930841558,foot-ground,True,False
116,torso_link,largebox,torso_link,largebox_link,-0.0009872345223149448,0.0009872345223149448,other-body-box,False,True
116,ground,right_ankle_roll_link,world,right_ankle_roll_link,-0.0005988713913463867,0.0005988713913463867,foot-ground,True,False
116,ground,left_ankle_roll_sphere_1_link,world,left_ankle_roll_sphere_1_link,-0.000993268592760106,0.000993268592760106,foot-ground,True,False
116,left_ankle_roll_link,right_ankle_roll_link,left_ankle_roll_link,right_ankle_roll_link,-0.010350993801730268,0.010350993801730268,self-collision,False,False
116,ground,right_ankle_roll_sphere_3_link,world,right_ankle_roll_sphere_3_link,-0.00014490323983009073,0.00014490323983009073,foot-ground,True,False
116,ground,left_ankle_roll_sphere_2_link,world,left_ankle_roll_sphere_2_link,-0.0009940081600123161,0.0009940081600123161,foot-ground,True,False
116,right_knee_link,right_ankle_roll_link,right_knee_link,right_ankle_roll_link,-0.036678406388054835,0.036678406388054835,self-collision,False,False
116,left_ankle_roll_link,right_ankle_roll_sphere_1_link,left_ankle_roll_link,right_ankle_roll_sphere_1_link,-0.0030032164021128044,0.0030032164021128044,self-collision,False,False
116,left_wrist_pitch_link,largebox,left_wrist_pitch_link,largebox_link,-0.00026956121213354833,0.00026956121213354833,other-body-box,False,True
116,ground,left_ankle_roll_link,world,left_ankle_roll_link,-0.0014300212327355323,0.0014300212327355323,foot-ground,True,False
116,left_knee_link,left_ankle_roll_link,left_knee_link,left_ankle_roll_link,-0.0371886419510509,0.0371886419510509,self-collision,False,False
116,left_rubber_hand_link,largebox,left_rubber_hand_link,largebox_link,-0.0009164606591195584,0.0009164606591195584,hand-box,True,False
116,ground,left_ankle_roll_sphere_3_link,world,left_ankle_roll_sphere_3_link,-0.0006331237351856782,0.0006331237351856782,foot-ground,True,False
116,ground,left_ankle_roll_sphere_4_link,world,left_ankle_roll_sphere_4_link,-0.000634011215888331,0.000634011215888331,foot-ground,True,False
116,left_ankle_roll_sphere_2_link,right_ankle_roll_link,left_ankle_roll_sphere_2_link,right_ankle_roll_link,-0.015101468002409274,0.015101468002409274,self-collision,False,False
117,right_rubber_hand_link,largebox,right_rubber_hand_link,largebox_link,-0.0018285095475910895,0.0018285095475910895,hand-box,True,False
117,ground,left_ankle_roll_sphere_5_link,world,left_ankle_roll_sphere_5_link,-0.0005935106113076861,0.0005935106113076861,foot-ground,True,False
117,torso_link,largebox,torso_link,largebox_link,-0.0009391028759701131,0.0009391028759701131,other-body-box,False,True
117,ground,right_ankle_roll_link,world,right_ankle_roll_link,-0.001524370178599379,0.001524370178599379,foot-ground,True,False
117,ground,left_ankle_roll_sphere_1_link,world,left_ankle_roll_sphere_1_link,-0.000995760069343008,0.000995760069343008,foot-ground,True,False
117,left_ankle_roll_link,right_ankle_roll_link,left_ankle_roll_link,right_ankle_roll_link,-0.016172429916605696,0.016172429916605696,self-collision,False,False
117,ground,right_ankle_roll_sphere_3_link,world,right_ankle_roll_sphere_3_link,-0.0006447509391086124,0.0006447509391086124,foot-ground,True,False
117,ground,left_ankle_roll_sphere_2_link,world,left_ankle_roll_sphere_2_link,-0.000996824166794942,0.000996824166794942,foot-ground,True,False
117,right_knee_link,right_ankle_roll_link,right_knee_link,right_ankle_roll_link,-0.035701384619522186,0.035701384619522186,self-collision,False,False
117,left_ankle_roll_link,right_ankle_roll_sphere_1_link,left_ankle_roll_link,right_ankle_roll_sphere_1_link,-0.03352993757789832,0.03352993757789832,self-collision,False,False
117,left_wrist_pitch_link,largebox,left_wrist_pitch_link,largebox_link,-0.00018557658635287577,0.00018557658635287577,other-body-box,False,True
117,ground,left_ankle_roll_link,world,left_ankle_roll_link,-0.0014327640992670317,0.0014327640992670317,foot-ground,True,False
117,left_knee_link,left_ankle_roll_link,left_knee_link,left_ankle_roll_link,-0.03732406277182593,0.03732406277182593,self-collision,False,False
117,left_rubber_hand_link,largebox,left_rubber_hand_link,largebox_link,-0.0008628556856333097,0.0008628556856333097,hand-box,True,False
117,ground,left_ankle_roll_sphere_3_link,world,left_ankle_roll_sphere_3_link,-0.0006352702061798192,0.0006352702061798192,foot-ground,True,False
117,ground,left_ankle_roll_sphere_4_link,world,left_ankle_roll_sphere_4_link,-0.0006365471231221413,0.0006365471231221413,foot-ground,True,False
117,left_ankle_roll_sphere_2_link,right_ankle_roll_link,left_ankle_roll_sphere_2_link,right_ankle_roll_link,-0.004939418085818742,0.004939418085818742,self-collision,False,False
118,right_rubber_hand_link,largebox,right_rubber_hand_link,largebox_link,-0.0012053674666442082,0.0012053674666442082,hand-box,True,False
118,ground,left_ankle_roll_sphere_5_link,world,left_ankle_roll_sphere_5_link,-0.0005173210218679279,0.0005173210218679279,foot-ground,True,False
118,torso_link,largebox,torso_link,largebox_link,-0.0009185198318307081,0.0009185198318307081,other-body-box,False,True
118,ground,right_ankle_roll_link,world,right_ankle_roll_link,-0.001468838371816425,0.001468838371816425,foot-ground,True,False
118,ground,left_ankle_roll_sphere_1_link,world,left_ankle_roll_sphere_1_link,-0.0009965135094972084,0.0009965135094972084,foot-ground,True,False
118,ground,right_ankle_roll_sphere_3_link,world,right_ankle_roll_sphere_3_link,-0.0009654290479106402,0.0009654290479106402,foot-ground,True,False
118,ground,left_ankle_roll_sphere_2_link,world,left_ankle_roll_sphere_2_link,-0.000998767523505746,0.000998767523505746,foot-ground,True,False
118,ground,right_ankle_roll_sphere_5_link,world,right_ankle_roll_sphere_5_link,-0.00015647478651335724,0.00015647478651335724,foot-ground,True,False
118,right_knee_link,right_ankle_roll_link,right_knee_link,right_ankle_roll_link,-0.03267917107512855,0.03267917107512855,self-collision,False,False
118,right_ankle_intermediate_1_link,right_ankle_roll_link,right_ankle_intermediate_1_link,right_ankle_roll_link,-0.0025505042308885117,0.0025505042308885117,self-collision,False,False
118,left_wrist_pitch_link,largebox,left_wrist_pitch_link,largebox_link,-0.0003227604427578912,0.0003227604427578912,other-body-box,False,True
118,ground,left_ankle_roll_link,world,left_ankle_roll_link,-0.001439568914569575,0.001439568914569575,foot-ground,True,False
118,left_knee_link,left_ankle_roll_link,left_knee_link,left_ankle_roll_link,-0.03755939019993737,0.03755939019993737,self-collision,False,False
118,left_rubber_hand_link,largebox,left_rubber_hand_link,largebox_link,-0.0008824965008926849,0.0008824965008926849,hand-box,True,False
118,ground,left_ankle_roll_sphere_3_link,world,left_ankle_roll_sphere_3_link,-0.0005665285602663361,0.0005665285602663361,foot-ground,True,False
118,ground,right_ankle_roll_sphere_1_link,world,right_ankle_roll_sphere_1_link,-0.00041971190210554187,0.00041971190210554187,foot-ground,True,False
118,ground,left_ankle_roll_sphere_4_link,world,left_ankle_roll_sphere_4_link,-0.0005692333770765832,0.0005692333770765832,foot-ground,True,False
119,ground,right_ankle_roll_sphere_2_link,world,right_ankle_roll_sphere_2_link,-0.0009201286969167588,0.0009201286969167588,foot-ground,True,False
119,right_rubber_hand_link,largebox,right_rubber_hand_link,largebox_link,-0.0006002100170171137,0.0006002100170171137,hand-box,True,False
119,ground,left_ankle_roll_sphere_5_link,world,left_ankle_roll_sphere_5_link,-0.0007701359933409797,0.0007701359933409797,foot-ground,True,False
119,torso_link,largebox,torso_link,largebox_link,-0.00093085372642214,0.00093085372642214,other-body-box,False,True
119,ground,right_ankle_roll_link,world,right_ankle_roll_link,-0.0014355561423322893,0.0014355561423322893,foot-ground,True,False
119,ground,left_ankle_roll_sphere_1_link,world,left_ankle_roll_sphere_1_link,-0.0006242150132432537,0.0006242150132432537,foot-ground,True,False
119,ground,right_ankle_roll_sphere_3_link,world,right_ankle_roll_sphere_3_link,-0.0002581053573287367,0.0002581053573287367,foot-ground,True,False
119,ground,left_ankle_roll_sphere_2_link,world,left_ankle_roll_sphere_2_link,-0.0009981628391872296,0.0009981628391872296,foot-ground,True,False
119,ground,right_ankle_roll_sphere_4_link,world,right_ankle_roll_sphere_4_link,-0.0009486727562950928,0.0009486727562950928,foot-ground,True,False
119,ground,right_ankle_roll_sphere_5_link,world,right_ankle_roll_sphere_5_link,-0.0005999769128273427,0.0005999769128273427,foot-ground,True,False
119,right_knee_link,right_ankle_roll_link,right_knee_link,right_ankle_roll_link,-0.02996692484318028,0.02996692484318028,self-collision,False,False
119,right_ankle_intermediate_1_link,right_ankle_roll_link,right_ankle_intermediate_1_link,right_ankle_roll_link,-0.002997002763499304,0.002997002763499304,self-collision,False,False
119,left_wrist_pitch_link,largebox,left_wrist_pitch_link,largebox_link,-0.00020280561868236957,0.00020280561868236957,other-body-box,False,True
119,ground,left_ankle_roll_link,world,left_ankle_roll_link,-0.0014621385207211623,0.0014621385207211623,foot-ground,True,False
119,left_knee_link,left_ankle_roll_link,left_knee_link,left_ankle_roll_link,-0.03777215551905608,0.03777215551905608,self-collision,False,False
119,left_rubber_hand_link,largebox,left_rubber_hand_link,largebox_link,-0.0009782144054603925,0.0009782144054603925,hand-box,True,False
119,ground,left_ankle_roll_sphere_3_link,world,left_ankle_roll_sphere_3_link,-0.0005500886591297783,0.0005500886591297783,foot-ground,True,False
119,ground,right_ankle_roll_sphere_1_link,world,right_ankle_roll_sphere_1_link,-0.0003446558644447954,0.0003446558644447954,foot-ground,True,False
119,ground,left_ankle_roll_sphere_4_link,world,left_ankle_roll_sphere_4_link,-0.0009988260502625515,0.0009988260502625515,foot-ground,True,False
120,ground,right_ankle_roll_sphere_2_link,world,right_ankle_roll_sphere_2_link,-0.00036614655841427004,0.00036614655841427004,foot-ground,True,False
120,ground,left_ankle_roll_sphere_5_link,world,left_ankle_roll_sphere_5_link,-0.00097319660895162,0.00097319660895162,foot-ground,True,False
120,torso_link,largebox,torso_link,largebox_link,-0.0009424297529947029,0.0009424297529947029,other-body-box,False,True
120,ground,right_ankle_roll_link,world,right_ankle_roll_link,-0.00157204311746156,0.00157204311746156,foot-ground,True,False
120,ground,left_ankle_roll_sphere_1_link,world,left_ankle_roll_sphere_1_link,-0.0005833016517880442,0.0005833016517880442,foot-ground,True,False
120,ground,left_ankle_roll_sphere_2_link,world,left_ankle_roll_sphere_2_link,-0.0006879315863517329,0.0006879315863517329,foot-ground,True,False
120,ground,right_ankle_roll_sphere_4_link,world,right_ankle_roll_sphere_4_link,-0.0009508703149316037,0.0009508703149316037,foot-ground,True,False
120,right_knee_link,right_ankle_roll_link,right_knee_link,right_ankle_roll_link,-0.027990184890471836,0.027990184890471836,self-collision,False,False
120,right_ankle_intermediate_1_link,right_ankle_roll_link,right_ankle_intermediate_1_link,right_ankle_roll_link,-0.0033753300220996513,0.0033753300220996513,self-collision,False,False
120,left_wrist_pitch_link,largebox,left_wrist_pitch_link,largebox_link,-0.000294791811136938,0.000294791811136938,other-body-box,False,True
120,ground,left_ankle_roll_link,world,left_ankle_roll_link,-0.0014032624567852856,0.0014032624567852856,foot-ground,True,False
120,left_knee_link,left_ankle_roll_link,left_knee_link,left_ankle_roll_link,-0.038156608065436665,0.038156608065436665,self-collision,False,False
120,left_rubber_hand_link,largebox,left_rubber_hand_link,largebox_link,-0.0010764910921169518,0.0010764910921169518,hand-box,True,False
120,ground,left_ankle_roll_sphere_3_link,world,left_ankle_roll_sphere_3_link,-0.0008748839124363824,0.0008748839124363824,foot-ground,True,False
120,ground,left_ankle_roll_sphere_4_link,world,left_ankle_roll_sphere_4_link,-0.0010004398339128083,0.0010004398339128083,foot-ground,True,False
121,ground,right_ankle_roll_sphere_2_link,world,right_ankle_roll_sphere_2_link,-0.00017065414874408835,0.00017065414874408835,foot-ground,True,False
121,right_rubber_hand_link,largebox,right_rubber_hand_link,largebox_link,-0.00046298598034885674,0.00046298598034885674,hand-box,True,False
121,ground,left_ankle_roll_sphere_5_link,world,left_ankle_roll_sphere_5_link,-0.000996284879776376,0.000996284879776376,foot-ground,True,False
121,torso_link,largebox,torso_link,largebox_link,-0.0009421643489805898,0.0009421643489805898,other-body-box,False,True
121,ground,right_ankle_roll_link,world,right_ankle_roll_link,-0.0019630983993444706,0.0019630983993444706,foot-ground,True,False
121,ground,left_ankle_roll_sphere_1_link,world,left_ankle_roll_sphere_1_link,-0.0006623298046580578,0.0006623298046580578,foot-ground,True,False
121,ground,left_ankle_roll_sphere_2_link,world,left_ankle_roll_sphere_2_link,-0.0005980876336125337,0.0005980876336125337,foot-ground,True,False
121,ground,right_ankle_roll_sphere_4_link,world,right_ankle_roll_sphere_4_link,-0.0009776700198177264,0.0009776700198177264,foot-ground,True,False
121,right_knee_link,right_ankle_roll_link,right_knee_link,right_ankle_roll_link,-0.02593718314677798,0.02593718314677798,self-collision,False,False
121,right_ankle_intermediate_1_link,right_ankle_roll_link,right_ankle_intermediate_1_link,right_ankle_roll_link,-0.0032350356201379382,0.0032350356201379382,self-collision,False,False
121,left_wrist_pitch_link,largebox,left_wrist_pitch_link,largebox_link,-0.0002857041464853355,0.0002857041464853355,other-body-box,False,True
121,ground,left_ankle_roll_link,world,left_ankle_roll_link,-0.001407725035445586,0.001407725035445586,foot-ground,True,False
121,left_knee_link,left_ankle_roll_link,left_knee_link,left_ankle_roll_link,-0.038843838842187256,0.038843838842187256,self-collision,False,False
121,left_rubber_hand_link,largebox,left_rubber_hand_link,largebox_link,-0.0007729013791670653,0.0007729013791670653,hand-box,True,False
121,ground,left_ankle_roll_sphere_3_link,world,left_ankle_roll_sphere_3_link,-0.0009962958497046264,0.0009962958497046264,foot-ground,True,False
121,ground,left_ankle_roll_sphere_4_link,world,left_ankle_roll_sphere_4_link,-0.0009192052444500004,0.0009192052444500004,foot-ground,True,False
122,ground,right_ankle_roll_sphere_2_link,world,right_ankle_roll_sphere_2_link,-0.00020368600324257007,0.00020368600324257007,foot-ground,True,False
122,right_rubber_hand_link,largebox,right_rubber_hand_link,largebox_link,-0.0009636044596437882,0.0009636044596437882,hand-box,True,False
122,ground,left_ankle_roll_sphere_5_link,world,left_ankle_roll_sphere_5_link,-0.0009974463862863622,0.0009974463862863622,foot-ground,True,False
122,torso_link,largebox,torso_link,largebox_link,-0.0009597379015122559,0.0009597379015122559,other-body-box,False,True
122,ground,right_ankle_roll_link,world,right_ankle_roll_link,-0.001981021240991282,0.001981021240991282,foot-ground,True,False
122,ground,left_ankle_roll_sphere_1_link,world,left_ankle_roll_sphere_1_link,-0.0005961439571463686,0.0005961439571463686,foot-ground,True,False
122,ground,left_ankle_roll_sphere_2_link,world,left_ankle_roll_sphere_2_link,-0.0006571791147689269,0.0006571791147689269,foot-ground,True,False
122,ground,right_ankle_roll_sphere_4_link,world,right_ankle_roll_sphere_4_link,-0.0009951233558689139,0.0009951233558689139,foot-ground,True,False
122,right_knee_link,right_ankle_roll_link,right_knee_link,right_ankle_roll_link,-0.025902847558952002,0.025902847558952002,self-collision,False,False
122,right_ankle_intermediate_1_link,right_ankle_roll_link,right_ankle_intermediate_1_link,right_ankle_roll_link,-0.0032177877546782224,0.0032177877546782224,self-collision,False,False
122,ground,left_ankle_roll_link,world,left_ankle_roll_link,-0.0014076003534312445,0.0014076003534312445,foot-ground,True,False
122,left_knee_link,left_ankle_roll_link,left_knee_link,left_ankle_roll_link,-0.03960414092054054,0.03960414092054054,self-collision,False,False
122,left_rubber_hand_link,largebox,left_rubber_hand_link,largebox_link,-0.00038341322822174617,0.00038341322822174617,hand-box,True,False
122,ground,left_ankle_roll_sphere_3_link,world,left_ankle_roll_sphere_3_link,-0.0009217953074676993,0.0009217953074676993,foot-ground,True,False
122,ground,left_ankle_roll_sphere_4_link,world,left_ankle_roll_sphere_4_link,-0.00099503749661477,0.00099503749661477,foot-ground,True,False
123,ground,right_ankle_roll_sphere_2_link,world,right_ankle_roll_sphere_2_link,-0.0002109948063432508,0.0002109948063432508,foot-ground,True,False
123,left_shoulder_yaw_link,largebox,left_shoulder_yaw_link,largebox_link,-0.0006342787180091819,0.0006342787180091819,other-body-box,False,True
123,torso_link,largebox,torso_link,largebox_link,-0.0009626532024443191,0.0009626532024443191,other-body-box,False,True
123,ground,right_ankle_roll_link,world,right_ankle_roll_link,-0.00194980972905337,0.00194980972905337,foot-ground,True,False
123,ground,right_ankle_roll_sphere_4_link,world,right_ankle_roll_sphere_4_link,-0.0009891019499987273,0.0009891019499987273,foot-ground,True,False
123,right_knee_link,right_ankle_roll_link,right_knee_link,right_ankle_roll_link,-0.027396086010569226,0.027396086010569226,self-collision,False,False
123,right_ankle_intermediate_1_link,right_ankle_roll_link,right_ankle_intermediate_1_link,right_ankle_roll_link,-0.0034178623363047694,0.0034178623363047694,self-collision,False,False
123,ground,left_ankle_roll_link,world,left_ankle_roll_link,-0.00040226629369056327,0.00040226629369056327,foot-ground,True,False
123,left_knee_link,left_ankle_roll_link,left_knee_link,left_ankle_roll_link,-0.04056491519617142,0.04056491519617142,self-collision,False,False
123,left_rubber_hand_link,largebox,left_rubber_hand_link,largebox_link,-0.000407543627562873,0.000407543627562873,hand-box,True,False
124,ground,right_ankle_roll_sphere_2_link,world,right_ankle_roll_sphere_2_link,-0.00021072106499516862,0.00021072106499516862,foot-ground,True,False
124,right_rubber_hand_link,largebox,right_rubber_hand_link,largebox_link,-0.0008952461536930745,0.0008952461536930745,hand-box,True,False
124,left_shoulder_yaw_link,largebox,left_shoulder_yaw_link,largebox_link,-0.0007030435767026444,0.0007030435767026444,other-body-box,False,True
124,right_wrist_pitch_link,largebox,right_wrist_pitch_link,largebox_link,-0.00024050430586644578,0.00024050430586644578,other-body-box,False,True
124,torso_link,largebox,torso_link,largebox_link,-0.0010220817331609289,0.0010220817331609289,other-body-box,False,True
124,ground,right_ankle_roll_link,world,right_ankle_roll_link,-0.0019205422592326084,0.0019205422592326084,foot-ground,True,False
124,ground,right_ankle_roll_sphere_4_link,world,right_ankle_roll_sphere_4_link,-0.0009771847077331584,0.0009771847077331584,foot-ground,True,False
124,right_knee_link,right_ankle_roll_link,right_knee_link,right_ankle_roll_link,-0.028536987267421904,0.028536987267421904,self-collision,False,False
124,right_ankle_intermediate_1_link,right_ankle_roll_link,right_ankle_intermediate_1_link,right_ankle_roll_link,-0.003332982863893691,0.003332982863893691,self-collision,False,False
124,left_wrist_pitch_link,largebox,left_wrist_pitch_link,largebox_link,-0.0003429565778240856,0.0003429565778240856,other-body-box,False,True
124,left_knee_link,left_ankle_roll_link,left_knee_link,left_ankle_roll_link,-0.04121163113900045,0.04121163113900045,self-collision,False,False
124,left_rubber_hand_link,largebox,left_rubber_hand_link,largebox_link,-0.0003488819973752194,0.0003488819973752194,hand-box,True,False
125,ground,right_ankle_roll_sphere_2_link,world,right_ankle_roll_sphere_2_link,-0.00023377720817484553,0.00023377720817484553,foot-ground,True,False
125,right_rubber_hand_link,largebox,right_rubber_hand_link,largebox_link,-0.0009477646507988213,0.0009477646507988213,hand-box,True,False
125,left_shoulder_yaw_link,largebox,left_shoulder_yaw_link,largebox_link,-0.0008176632482393975,0.0008176632482393975,other-body-box,False,True
125,right_wrist_pitch_link,largebox,right_wrist_pitch_link,largebox_link,-0.0002352949968807555,0.0002352949968807555,other-body-box,False,True
125,torso_link,largebox,torso_link,largebox_link,-0.0010042365535222614,0.0010042365535222614,other-body-box,False,True
125,ground,right_ankle_roll_link,world,right_ankle_roll_link,-0.0018711624019191637,0.0018711624019191637,foot-ground,True,False
125,ground,right_ankle_roll_sphere_4_link,world,right_ankle_roll_sphere_4_link,-0.0009776005895052202,0.0009776005895052202,foot-ground,True,False
125,right_knee_link,right_ankle_roll_link,right_knee_link,right_ankle_roll_link,-0.02951001597153985,0.02951001597153985,self-collision,False,False
125,right_ankle_intermediate_1_link,right_ankle_roll_link,right_ankle_intermediate_1_link,right_ankle_roll_link,-0.0031909740507939655,0.0031909740507939655,self-collision,False,False
125,left_wrist_pitch_link,largebox,left_wrist_pitch_link,largebox_link,-4.403106379521904e-05,4.403106379521904e-05,other-body-box,False,True
125,left_knee_link,left_ankle_roll_link,left_knee_link,left_ankle_roll_link,-0.0421379741955768,0.0421379741955768,self-collision,False,False
125,left_rubber_hand_link,largebox,left_rubber_hand_link,largebox_link,-0.0007216933795929498,0.0007216933795929498,hand-box,True,False
126,ground,right_ankle_roll_sphere_2_link,world,right_ankle_roll_sphere_2_link,-0.00022648603522971555,0.00022648603522971555,foot-ground,True,False
126,right_rubber_hand_link,largebox,right_rubber_hand_link,largebox_link,-0.0009793390080627407,0.0009793390080627407,hand-box,True,False
126,left_shoulder_yaw_link,largebox,left_shoulder_yaw_link,largebox_link,-0.0008122522413731847,0.0008122522413731847,other-body-box,False,True
126,torso_link,largebox,torso_link,largebox_link,-0.001615726361832187,0.001615726361832187,other-body-box,False,True
126,ground,right_ankle_roll_link,world,right_ankle_roll_link,-0.001913907737537912,0.001913907737537912,foot-ground,True,False
126,ground,right_ankle_roll_sphere_4_link,world,right_ankle_roll_sphere_4_link,-0.0009906144063977175,0.0009906144063977175,foot-ground,True,False
126,right_knee_link,right_ankle_roll_link,right_knee_link,right_ankle_roll_link,-0.03052987564503773,0.03052987564503773,self-collision,False,False
126,right_ankle_intermediate_1_link,right_ankle_roll_link,right_ankle_intermediate_1_link,right_ankle_roll_link,-0.003188035878349177,0.003188035878349177,self-collision,False,False
126,left_knee_link,left_ankle_roll_link,left_knee_link,left_ankle_roll_link,-0.04298360051995426,0.04298360051995426,self-collision,False,False
126,left_rubber_hand_link,largebox,left_rubber_hand_link,largebox_link,-0.0006412137998842021,0.0006412137998842021,hand-box,True,False
127,ground,right_ankle_roll_sphere_2_link,world,right_ankle_roll_sphere_2_link,-0.00021195526499037925,0.00021195526499037925,foot-ground,True,False
127,right_rubber_hand_link,largebox,right_rubber_hand_link,largebox_link,-0.0008147865726742948,0.0008147865726742948,hand-box,True,False
127,left_shoulder_yaw_link,largebox,left_shoulder_yaw_link,largebox_link,-0.0007036895465315635,0.0007036895465315635,other-body-box,False,True
127,torso_link,largebox,torso_link,largebox_link,-0.0016766810239483426,0.0016766810239483426,other-body-box,False,True
127,ground,right_ankle_roll_link,world,right_ankle_roll_link,-0.001929881330609902,0.001929881330609902,foot-ground,True,False
127,ground,right_ankle_roll_sphere_4_link,world,right_ankle_roll_sphere_4_link,-0.0009759003298701911,0.0009759003298701911,foot-ground,True,False
127,right_knee_link,right_ankle_roll_link,right_knee_link,right_ankle_roll_link,-0.031060558662842797,0.031060558662842797,self-collision,False,False
127,right_ankle_intermediate_1_link,right_ankle_roll_link,right_ankle_intermediate_1_link,right_ankle_roll_link,-0.0030873670052204982,0.0030873670052204982,self-collision,False,False
127,left_knee_link,left_ankle_roll_link,left_knee_link,left_ankle_roll_link,-0.0426698894662646,0.0426698894662646,self-collision,False,False
127,left_rubber_hand_link,largebox,left_rubber_hand_link,largebox_link,-0.0005585179283882358,0.0005585179283882358,hand-box,True,False
128,ground,right_ankle_roll_sphere_2_link,world,right_ankle_roll_sphere_2_link,-0.00019663139168424586,0.00019663139168424586,foot-ground,True,False
128,right_rubber_hand_link,largebox,right_rubber_hand_link,largebox_link,-0.0007043808938560769,0.0007043808938560769,hand-box,True,False
128,left_shoulder_yaw_link,largebox,left_shoulder_yaw_link,largebox_link,-0.0006732965959672377,0.0006732965959672377,other-body-box,False,True
128,torso_link,largebox,torso_link,largebox_link,-0.001261931582687184,0.001261931582687184,other-body-box,False,True
128,ground,right_ankle_roll_link,world,right_ankle_roll_link,-0.001978603568450879,0.001978603568450879,foot-ground,True,False
128,ground,right_ankle_roll_sphere_4_link,world,right_ankle_roll_sphere_4_link,-0.0009898789355606312,0.0009898789355606312,foot-ground,True,False
128,right_knee_link,right_ankle_roll_link,right_knee_link,right_ankle_roll_link,-0.030992038692990193,0.030992038692990193,self-collision,False,False
128,right_ankle_intermediate_1_link,right_ankle_roll_link,right_ankle_intermediate_1_link,right_ankle_roll_link,-0.0031887179975879365,0.0031887179975879365,self-collision,False,False
128,left_knee_link,left_ankle_roll_link,left_knee_link,left_ankle_roll_link,-0.04257584982068799,0.04257584982068799,self-collision,False,False
128,left_rubber_hand_link,largebox,left_rubber_hand_link,largebox_link,-0.0005039535630804726,0.0005039535630804726,hand-box,True,False
129,ground,right_ankle_roll_sphere_2_link,world,right_ankle_roll_sphere_2_link,-0.0002401468656178683,0.0002401468656178683,foot-ground,True,False
129,right_rubber_hand_link,largebox,right_rubber_hand_link,largebox_link,-0.0007132383333458558,0.0007132383333458558,hand-box,True,False
129,left_shoulder_yaw_link,largebox,left_shoulder_yaw_link,largebox_link,-0.0008020622204121808,0.0008020622204121808,other-body-box,False,True
129,torso_link,largebox,torso_link,largebox_link,-0.0009521313445013668,0.0009521313445013668,other-body-box,False,True
129,ground,right_ankle_roll_link,world,right_ankle_roll_link,-0.0018884084815365479,0.0018884084815365479,foot-ground,True,False
129,ground,right_ankle_roll_sphere_4_link,world,right_ankle_roll_sphere_4_link,-0.0009858035787953202,0.0009858035787953202,foot-ground,True,False
129,right_knee_link,right_ankle_roll_link,right_knee_link,right_ankle_roll_link,-0.030666307715975644,0.030666307715975644,self-collision,False,False
129,right_ankle_intermediate_1_link,right_ankle_roll_link,right_ankle_intermediate_1_link,right_ankle_roll_link,-0.0031587642201780924,0.0031587642201780924,self-collision,False,False
129,left_knee_link,left_ankle_roll_link,left_knee_link,left_ankle_roll_link,-0.04213626052786995,0.04213626052786995,self-collision,False,False
129,left_rubber_hand_link,largebox,left_rubber_hand_link,largebox_link,-0.0005151702082007159,0.0005151702082007159,hand-box,True,False
130,ground,right_ankle_roll_sphere_2_link,world,right_ankle_roll_sphere_2_link,-0.00026349917135875655,0.00026349917135875655,foot-ground,True,False
130,right_rubber_hand_link,largebox,right_rubber_hand_link,largebox_link,-0.0008481243835811308,0.0008481243835811308,hand-box,True,False
130,left_shoulder_yaw_link,largebox,left_shoulder_yaw_link,largebox_link,-0.0008291707955264682,0.0008291707955264682,other-body-box,False,True
130,torso_link,largebox,torso_link,largebox_link,-0.0009051985639574739,0.0009051985639574739,other-body-box,False,True
130,ground,right_ankle_roll_link,world,right_ankle_roll_link,-0.0018486636834244424,0.0018486636834244424,foot-ground,True,False
130,ground,right_ankle_roll_sphere_4_link,world,right_ankle_roll_sphere_4_link,-0.0009883544118429411,0.0009883544118429411,foot-ground,True,False
130,right_knee_link,right_ankle_roll_link,right_knee_link,right_ankle_roll_link,-0.030434537126943134,0.030434537126943134,self-collision,False,False
130,right_ankle_intermediate_1_link,right_ankle_roll_link,right_ankle_intermediate_1_link,right_ankle_roll_link,-0.003167865897064262,0.003167865897064262,self-collision,False,False
130,left_knee_link,left_ankle_roll_link,left_knee_link,left_ankle_roll_link,-0.04142412755193725,0.04142412755193725,self-collision,False,False
130,left_rubber_hand_link,largebox,left_rubber_hand_link,largebox_link,-0.0002270969772255882,0.0002270969772255882,hand-box,True,False
131,ground,right_ankle_roll_sphere_2_link,world,right_ankle_roll_sphere_2_link,-0.0002891236900833217,0.0002891236900833217,foot-ground,True,False
131,right_rubber_hand_link,largebox,right_rubber_hand_link,largebox_link,-0.0008261351676815548,0.0008261351676815548,hand-box,True,False
131,left_shoulder_yaw_link,largebox,left_shoulder_yaw_link,largebox_link,-0.000831990958760187,0.000831990958760187,other-body-box,False,True
131,ground,right_ankle_roll_link,world,right_ankle_roll_link,-0.0017954226359590368,0.0017954226359590368,foot-ground,True,False
131,ground,right_ankle_roll_sphere_4_link,world,right_ankle_roll_sphere_4_link,-0.0009876303333109125,0.0009876303333109125,foot-ground,True,False
131,right_knee_link,right_ankle_roll_link,right_knee_link,right_ankle_roll_link,-0.030138973642368894,0.030138973642368894,self-collision,False,False
131,right_ankle_intermediate_1_link,right_ankle_roll_link,right_ankle_intermediate_1_link,right_ankle_roll_link,-0.003256316113412705,0.003256316113412705,self-collision,False,False
131,left_knee_link,left_ankle_roll_link,left_knee_link,left_ankle_roll_link,-0.040540693119726495,0.040540693119726495,self-collision,False,False
132,ground,right_ankle_roll_sphere_2_link,world,right_ankle_roll_sphere_2_link,-0.0003125033404329401,0.0003125033404329401,foot-ground,True,False
132,right_rubber_hand_link,largebox,right_rubber_hand_link,largebox_link,-0.0008346128505348216,0.0008346128505348216,hand-box,True,False
132,left_shoulder_yaw_link,largebox,left_shoulder_yaw_link,largebox_link,-0.0005761632571390507,0.0005761632571390507,other-body-box,False,True
132,ground,right_ankle_roll_link,world,right_ankle_roll_link,-0.0017432679704209933,0.0017432679704209933,foot-ground,True,False
132,ground,left_ankle_roll_sphere_2_link,world,left_ankle_roll_sphere_2_link,-0.0006017656420857663,0.0006017656420857663,foot-ground,True,False
132,ground,right_ankle_roll_sphere_4_link,world,right_ankle_roll_sphere_4_link,-0.000985245550675913,0.000985245550675913,foot-ground,True,False
132,right_knee_link,right_ankle_roll_link,right_knee_link,right_ankle_roll_link,-0.029897050780702733,0.029897050780702733,self-collision,False,False
132,right_ankle_intermediate_1_link,right_ankle_roll_link,right_ankle_intermediate_1_link,right_ankle_roll_link,-0.0032368178224097266,0.0032368178224097266,self-collision,False,False
132,ground,left_ankle_roll_link,world,left_ankle_roll_link,-0.000982802484190061,0.000982802484190061,foot-ground,True,False
132,left_knee_link,left_ankle_roll_link,left_knee_link,left_ankle_roll_link,-0.03948952228700797,0.03948952228700797,self-collision,False,False
133,ground,right_ankle_roll_sphere_2_link,world,right_ankle_roll_sphere_2_link,-0.00034451670750867535,0.00034451670750867535,foot-ground,True,False
133,right_rubber_hand_link,largebox,right_rubber_hand_link,largebox_link,-0.000897691645144652,0.000897691645144652,hand-box,True,False
133,left_shoulder_yaw_link,largebox,left_shoulder_yaw_link,largebox_link,-0.0008544322946998778,0.0008544322946998778,other-body-box,False,True
133,ground,right_ankle_roll_link,world,right_ankle_roll_link,-0.0016890189253378,0.0016890189253378,foot-ground,True,False
133,ground,left_ankle_roll_sphere_2_link,world,left_ankle_roll_sphere_2_link,-0.0005070163305728971,0.0005070163305728971,foot-ground,True,False
133,ground,right_ankle_roll_sphere_4_link,world,right_ankle_roll_sphere_4_link,-0.0009867440372499188,0.0009867440372499188,foot-ground,True,False
133,right_knee_link,right_ankle_roll_link,right_knee_link,right_ankle_roll_link,-0.02944626154091634,0.02944626154091634,self-collision,False,False
133,right_ankle_intermediate_1_link,right_ankle_roll_link,right_ankle_intermediate_1_link,right_ankle_roll_link,-0.0031636058293301045,0.0031636058293301045,self-collision,False,False
133,ground,left_ankle_roll_link,world,left_ankle_roll_link,-0.000953607945889532,0.000953607945889532,foot-ground,True,False
133,left_knee_link,left_ankle_roll_link,left_knee_link,left_ankle_roll_link,-0.0347819633677422,0.0347819633677422,self-collision,False,False
133,left_rubber_hand_link,largebox,left_rubber_hand_link,largebox_link,-7.97654870304948e-05,7.97654870304948e-05,hand-box,True,False
134,ground,right_ankle_roll_sphere_2_link,world,right_ankle_roll_sphere_2_link,-0.0003649273849711211,0.0003649273849711211,foot-ground,True,False
134,right_rubber_hand_link,largebox,right_rubber_hand_link,largebox_link,-0.0009604930525217714,0.0009604930525217714,hand-box,True,False
134,left_ankle_intermediate_1_link,left_ankle_roll_link,left_ankle_intermediate_1_link,left_ankle_roll_link,-0.0027623823246083062,0.0027623823246083062,self-collision,False,False
134,left_shoulder_yaw_link,largebox,left_shoulder_yaw_link,largebox_link,-0.000594549366307609,0.000594549366307609,other-body-box,False,True
134,ground,right_ankle_roll_link,world,right_ankle_roll_link,-0.001632065492972682,0.001632065492972682,foot-ground,True,False
134,ground,left_ankle_roll_sphere_2_link,world,left_ankle_roll_sphere_2_link,-0.00022406566955179407,0.00022406566955179407,foot-ground,True,False
134,ground,right_ankle_roll_sphere_4_link,world,right_ankle_roll_sphere_4_link,-0.000982832952553486,0.000982832952553486,foot-ground,True,False
134,right_knee_link,right_ankle_roll_link,right_knee_link,right_ankle_roll_link,-0.029421488743672564,0.029421488743672564,self-collision,False,False
134,right_ankle_intermediate_1_link,right_ankle_roll_link,right_ankle_intermediate_1_link,right_ankle_roll_link,-0.0033283526062297952,0.0033283526062297952,self-collision,False,False
134,ground,left_ankle_roll_link,world,left_ankle_roll_link,-0.0010979425385037704,0.0010979425385037704,foot-ground,True,False
134,left_knee_link,left_ankle_roll_link,left_knee_link,left_ankle_roll_link,-0.028778776481837604,0.028778776481837604,self-collision,False,False
134,left_rubber_hand_link,largebox,left_rubber_hand_link,largebox_link,-0.0003754811723601509,0.0003754811723601509,hand-box,True,False
135,ground,right_ankle_roll_sphere_2_link,world,right_ankle_roll_sphere_2_link,-0.0003818393151283515,0.0003818393151283515,foot-ground,True,False
135,right_rubber_hand_link,largebox,right_rubber_hand_link,largebox_link,-0.0008492139548112732,0.0008492139548112732,hand-box,True,False
135,ground,left_ankle_roll_sphere_5_link,world,left_ankle_roll_sphere_5_link,-0.0006381363806942609,0.0006381363806942609,foot-ground,True,False
135,left_ankle_intermediate_1_link,left_ankle_roll_link,left_ankle_intermediate_1_link,left_ankle_roll_link,-0.002663115127241572,0.002663115127241572,self-collision,False,False
135,left_shoulder_yaw_link,largebox,left_shoulder_yaw_link,largebox_link,-0.0006172728428958524,0.0006172728428958524,other-body-box,False,True
135,ground,right_ankle_roll_link,world,right_ankle_roll_link,-0.00161872480590608,0.00161872480590608,foot-ground,True,False
135,ground,left_ankle_roll_sphere_2_link,world,left_ankle_roll_sphere_2_link,-0.0005645593917917397,0.0005645593917917397,foot-ground,True,False
135,ground,right_ankle_roll_sphere_4_link,world,right_ankle_roll_sphere_4_link,-0.0009905620787972564,0.0009905620787972564,foot-ground,True,False
135,right_knee_link,right_ankle_roll_link,right_knee_link,right_ankle_roll_link,-0.02946527734832205,0.02946527734832205,self-collision,False,False
135,right_ankle_intermediate_1_link,right_ankle_roll_link,right_ankle_intermediate_1_link,right_ankle_roll_link,-0.0031717529376784626,0.0031717529376784626,self-collision,False,False
135,ground,left_ankle_roll_link,world,left_ankle_roll_link,-0.0014147838805865023,0.0014147838805865023,foot-ground,True,False
135,left_knee_link,left_ankle_roll_link,left_knee_link,left_ankle_roll_link,-0.024661334509484295,0.024661334509484295,self-collision,False,False
135,left_rubber_hand_link,largebox,left_rubber_hand_link,largebox_link,-0.00022326420074275655,0.00022326420074275655,hand-box,True,False
135,ground,left_ankle_roll_sphere_3_link,world,left_ankle_roll_sphere_3_link,-0.00020343994650687171,0.00020343994650687171,foot-ground,True,False
135,ground,left_ankle_roll_sphere_4_link,world,left_ankle_roll_sphere_4_link,-0.0009884797792573908,0.0009884797792573908,foot-ground,True,False
136,ground,right_ankle_roll_sphere_2_link,world,right_ankle_roll_sphere_2_link,-0.0004137701158798022,0.0004137701158798022,foot-ground,True,False
136,right_rubber_hand_link,largebox,right_rubber_hand_link,largebox_link,-0.0008556382785412098,0.0008556382785412098,hand-box,True,False
136,ground,left_ankle_roll_sphere_5_link,world,left_ankle_roll_sphere_5_link,-0.0007688186160857554,0.0007688186160857554,foot-ground,True,False
136,left_ankle_intermediate_1_link,left_ankle_roll_link,left_ankle_intermediate_1_link,left_ankle_roll_link,-0.0025341262320174723,0.0025341262320174723,self-collision,False,False
136,left_shoulder_yaw_link,largebox,left_shoulder_yaw_link,largebox_link,-0.00044987683777340803,0.00044987683777340803,other-body-box,False,True
136,ground,right_ankle_roll_link,world,right_ankle_roll_link,-0.0015742136324760451,0.0015742136324760451,foot-ground,True,False
136,ground,left_ankle_roll_sphere_1_link,world,left_ankle_roll_sphere_1_link,-0.0006247135526363202,0.0006247135526363202,foot-ground,True,False
136,ground,left_ankle_roll_sphere_2_link,world,left_ankle_roll_sphere_2_link,-0.0009961951637553123,0.0009961951637553123,foot-ground,True,False
136,ground,right_ankle_roll_sphere_4_link,world,right_ankle_roll_sphere_4_link,-0.0009965637283786506,0.0009965637283786506,foot-ground,True,False
136,right_knee_link,right_ankle_roll_link,right_knee_link,right_ankle_roll_link,-0.02942092960928716,0.02942092960928716,self-collision,False,False
136,right_ankle_intermediate_1_link,right_ankle_roll_link,right_ankle_intermediate_1_link,right_ankle_roll_link,-0.003328079092770317,0.003328079092770317,self-collision,False,False
136,ground,left_ankle_roll_link,world,left_ankle_roll_link,-0.0014593087450329167,0.0014593087450329167,foot-ground,True,False
136,left_knee_link,left_ankle_roll_link,left_knee_link,left_ankle_roll_link,-0.024311361116253358,0.024311361116253358,self-collision,False,False
136,left_rubber_hand_link,largebox,left_rubber_hand_link,largebox_link,-0.00022526612940873547,0.00022526612940873547,hand-box,True,False
136,ground,left_ankle_roll_sphere_3_link,world,left_ankle_roll_sphere_3_link,-0.0005503123591101547,0.0005503123591101547,foot-ground,True,False
136,ground,left_ankle_roll_sphere_4_link,world,left_ankle_roll_sphere_4_link,-0.000996090292452948,0.000996090292452948,foot-ground,True,False
137,ground,right_ankle_roll_sphere_2_link,world,right_ankle_roll_sphere_2_link,-0.00048516596239769807,0.00048516596239769807,foot-ground,True,False
137,right_rubber_hand_link,largebox,right_rubber_hand_link,largebox_link,-0.0008662077962495324,0.0008662077962495324,hand-box,True,False
137,ground,left_ankle_roll_sphere_5_link,world,left_ankle_roll_sphere_5_link,-0.0008075037200438303,0.0008075037200438303,foot-ground,True,False
137,left_ankle_intermediate_1_link,left_ankle_roll_link,left_ankle_intermediate_1_link,left_ankle_roll_link,-0.0025376386354282604,0.0025376386354282604,self-collision,False,False
137,left_shoulder_yaw_link,largebox,left_shoulder_yaw_link,largebox_link,-0.0007620732353759707,0.0007620732353759707,other-body-box,False,True
137,ground,right_ankle_roll_link,world,right_ankle_roll_link,-0.001533779420433059,0.001533779420433059,foot-ground,True,False
137,ground,left_ankle_roll_sphere_1_link,world,left_ankle_roll_sphere_1_link,-0.0006874460105566011,0.0006874460105566011,foot-ground,True,False
137,ground,left_ankle_roll_sphere_2_link,world,left_ankle_roll_sphere_2_link,-0.0009972699712691288,0.0009972699712691288,foot-ground,True,False
137,ground,right_ankle_roll_sphere_4_link,world,right_ankle_roll_sphere_4_link,-0.0009987072569741474,0.0009987072569741474,foot-ground,True,False
137,ground,right_ankle_roll_sphere_5_link,world,right_ankle_roll_sphere_5_link,-7.798374655725287e-05,7.798374655725287e-05,foot-ground,True,False
137,right_knee_link,right_ankle_roll_link,right_knee_link,right_ankle_roll_link,-0.0291929594284146,0.0291929594284146,self-collision,False,False
137,right_ankle_intermediate_1_link,right_ankle_roll_link,right_ankle_intermediate_1_link,right_ankle_roll_link,-0.003242545984375886,0.003242545984375886,self-collision,False,False
137,ground,left_ankle_roll_link,world,left_ankle_roll_link,-0.001449715156773907,0.001449715156773907,foot-ground,True,False
137,left_knee_link,left_ankle_roll_link,left_knee_link,left_ankle_roll_link,-0.024215969431071085,0.024215969431071085,self-collision,False,False
137,left_rubber_hand_link,largebox,left_rubber_hand_link,largebox_link,-0.0004420036730335142,0.0004420036730335142,hand-box,True,False
137,ground,left_ankle_roll_sphere_3_link,world,left_ankle_roll_sphere_3_link,-0.0006252782142341052,0.0006252782142341052,foot-ground,True,False
137,ground,left_ankle_roll_sphere_4_link,world,left_ankle_roll_sphere_4_link,-0.0009970669670891384,0.0009970669670891384,foot-ground,True,False
138,ground,right_ankle_roll_sphere_2_link,world,right_ankle_roll_sphere_2_link,-0.0004947523701145642,0.0004947523701145642,foot-ground,True,False
138,right_rubber_hand_link,largebox,right_rubber_hand_link,largebox_link,-0.0007818284350370464,0.0007818284350370464,hand-box,True,False
138,ground,left_ankle_roll_sphere_5_link,world,left_ankle_roll_sphere_5_link,-0.0008075890576865778,0.0008075890576865778,foot-ground,True,False
138,left_ankle_intermediate_1_link,left_ankle_roll_link,left_ankle_intermediate_1_link,left_ankle_roll_link,-0.002490293030972049,0.002490293030972049,self-collision,False,False
138,left_shoulder_yaw_link,largebox,left_shoulder_yaw_link,largebox_link,-0.00039609626062943326,0.00039609626062943326,other-body-box,False,True
138,ground,right_ankle_roll_link,world,right_ankle_roll_link,-0.0015086160846890968,0.0015086160846890968,foot-ground,True,False
138,ground,left_ankle_roll_sphere_1_link,world,left_ankle_roll_sphere_1_link,-0.0006875741570599959,0.0006875741570599959,foot-ground,True,False
138,ground,left_ankle_roll_sphere_2_link,world,left_ankle_roll_sphere_2_link,-0.0009973395050413723,0.0009973395050413723,foot-ground,True,False
138,ground,right_ankle_roll_sphere_4_link,world,right_ankle_roll_sphere_4_link,-0.0009977433178043572,0.0009977433178043572,foot-ground,True,False
138,pelvis_contour_link,left_hip_roll_link,pelvis_contour_link,left_hip_roll_link,-0.0004036504231789556,0.0004036504231789556,self-collision,False,False
138,ground,right_ankle_roll_sphere_5_link,world,right_ankle_roll_sphere_5_link,-0.00018771352860637216,0.00018771352860637216,foot-ground,True,False
138,right_knee_link,right_ankle_roll_link,right_knee_link,right_ankle_roll_link,-0.02911781780428091,0.02911781780428091,self-collision,False,False
138,right_ankle_intermediate_1_link,right_ankle_roll_link,right_ankle_intermediate_1_link,right_ankle_roll_link,-0.003241587162971432,0.003241587162971432,self-collision,False,False
138,ground,left_ankle_roll_link,world,left_ankle_roll_link,-0.0014497643715185894,0.0014497643715185894,foot-ground,True,False
138,left_knee_link,left_ankle_roll_link,left_knee_link,left_ankle_roll_link,-0.024326638356072725,0.024326638356072725,self-collision,False,False
138,left_rubber_hand_link,largebox,left_rubber_hand_link,largebox_link,-3.9928723316706716e-05,3.9928723316706716e-05,hand-box,True,False
138,ground,left_ankle_roll_sphere_3_link,world,left_ankle_roll_sphere_3_link,-0.0006254001408308131,0.0006254001408308131,foot-ground,True,False
138,ground,left_ankle_roll_sphere_4_link,world,left_ankle_roll_sphere_4_link,-0.0009971185584084696,0.0009971185584084696,foot-ground,True,False
139,ground,right_ankle_roll_sphere_2_link,world,right_ankle_roll_sphere_2_link,-0.0005159015996561633,0.0005159015996561633,foot-ground,True,False
139,pelvis_contour_link,right_hip_roll_link,pelvis_contour_link,right_hip_roll_link,-0.0007279680309616177,0.0007279680309616177,self-collision,False,False
139,right_rubber_hand_link,largebox,right_rubber_hand_link,largebox_link,-0.0007080909114519085,0.0007080909114519085,hand-box,True,False
139,ground,left_ankle_roll_sphere_5_link,world,left_ankle_roll_sphere_5_link,-0.0008108970963696489,0.0008108970963696489,foot-ground,True,False
139,left_ankle_intermediate_1_link,left_ankle_roll_link,left_ankle_intermediate_1_link,left_ankle_roll_link,-0.0027479805954687547,0.0027479805954687547,self-collision,False,False
139,left_shoulder_yaw_link,largebox,left_shoulder_yaw_link,largebox_link,-0.00022517197775502595,0.00022517197775502595,other-body-box,False,True
139,ground,right_ankle_roll_link,world,right_ankle_roll_link,-0.0014671588231095975,0.0014671588231095975,foot-ground,True,False
139,ground,left_ankle_roll_sphere_1_link,world,left_ankle_roll_sphere_1_link,-0.0006927269190069819,0.0006927269190069819,foot-ground,True,False
139,ground,left_ankle_roll_sphere_2_link,world,left_ankle_roll_sphere_2_link,-0.0009973958432123687,0.0009973958432123687,foot-ground,True,False
139,ground,right_ankle_roll_sphere_4_link,world,right_ankle_roll_sphere_4_link,-0.0009985570282306814,0.0009985570282306814,foot-ground,True,False
139,pelvis_contour_link,left_hip_roll_link,pelvis_contour_link,left_hip_roll_link,-0.001799957659449944,0.001799957659449944,self-collision,False,False
139,ground,right_ankle_roll_sphere_5_link,world,right_ankle_roll_sphere_5_link,-0.000403440627764178,0.000403440627764178,foot-ground,True,False
139,right_knee_link,right_ankle_roll_link,right_knee_link,right_ankle_roll_link,-0.028706698177900142,0.028706698177900142,self-collision,False,False
139,right_ankle_intermediate_1_link,right_ankle_roll_link,right_ankle_intermediate_1_link,right_ankle_roll_link,-0.0033872400270198028,0.0033872400270198028,self-collision,False,False
139,ground,left_ankle_roll_link,world,left_ankle_roll_link,-0.0014490114292110036,0.0014490114292110036,foot-ground,True,False
139,left_knee_link,left_ankle_roll_link,left_knee_link,left_ankle_roll_link,-0.02459504876664348,0.02459504876664348,self-collision,False,False
139,ground,left_ankle_roll_sphere_3_link,world,left_ankle_roll_sphere_3_link,-0.0006316919823453676,0.0006316919823453676,foot-ground,True,False
139,ground,left_ankle_roll_sphere_4_link,world,left_ankle_roll_sphere_4_link,-0.000997294691391831,0.000997294691391831,foot-ground,True,False
140,ground,right_ankle_roll_sphere_2_link,world,right_ankle_roll_sphere_2_link,-0.0005263172355217593,0.0005263172355217593,foot-ground,True,False
140,pelvis_contour_link,right_hip_roll_link,pelvis_contour_link,right_hip_roll_link,-0.0027127507624806063,0.0027127507624806063,self-collision,False,False
140,right_rubber_hand_link,largebox,right_rubber_hand_link,largebox_link,-0.0007997802299526818,0.0007997802299526818,hand-box,True,False
140,ground,left_ankle_roll_sphere_5_link,world,left_ankle_roll_sphere_5_link,-0.0008083384439512521,0.0008083384439512521,foot-ground,True,False
140,left_ankle_intermediate_1_link,left_ankle_roll_link,left_ankle_intermediate_1_link,left_ankle_roll_link,-0.00295331818125312,0.00295331818125312,self-collision,False,False
140,left_shoulder_yaw_link,largebox,left_shoulder_yaw_link,largebox_link,-0.000296102304226567,0.000296102304226567,other-body-box,False,True
140,ground,right_ankle_roll_link,world,right_ankle_roll_link,-0.0014411461204041388,0.0014411461204041388,foot-ground,True,False
140,ground,left_ankle_roll_sphere_1_link,world,left_ankle_roll_sphere_1_link,-0.0006881914359418073,0.0006881914359418073,foot-ground,True,False
140,ground,left_ankle_roll_sphere_2_link,world,left_ankle_roll_sphere_2_link,-0.0009948330941634683,0.0009948330941634683,foot-ground,True,False
140,ground,right_ankle_roll_sphere_4_link,world,right_ankle_roll_sphere_4_link,-0.000996235616570195,0.000996235616570195,foot-ground,True,False
140,pelvis_contour_link,left_hip_roll_link,pelvis_contour_link,left_hip_roll_link,-0.003026170861372815,0.003026170861372815,self-collision,False,False
140,ground,right_ankle_roll_sphere_5_link,world,right_ankle_roll_sphere_5_link,-0.0005291263996334726,0.0005291263996334726,foot-ground,True,False
140,right_knee_link,right_ankle_roll_link,right_knee_link,right_ankle_roll_link,-0.028763242225495755,0.028763242225495755,self-collision,False,False
140,right_ankle_intermediate_1_link,right_ankle_roll_link,right_ankle_intermediate_1_link,right_ankle_roll_link,-0.0032737066018722616,0.0032737066018722616,self-collision,False,False
140,ground,left_ankle_roll_link,world,left_ankle_roll_link,-0.0014474059294052322,0.0014474059294052322,foot-ground,True,False
140,left_knee_link,left_ankle_roll_link,left_knee_link,left_ankle_roll_link,-0.025036266167418747,0.025036266167418747,self-collision,False,False
140,left_rubber_hand_link,largebox,left_rubber_hand_link,largebox_link,-0.001636259901334508,0.001636259901334508,hand-box,True,False
140,ground,left_ankle_roll_sphere_3_link,world,left_ankle_roll_sphere_3_link,-0.0006278454301868212,0.0006278454301868212,foot-ground,True,False
140,ground,left_ankle_roll_sphere_4_link,world,left_ankle_roll_sphere_4_link,-0.0009958154200528152,0.0009958154200528152,foot-ground,True,False
141,ground,right_ankle_roll_sphere_2_link,world,right_ankle_roll_sphere_2_link,-0.0005462611896203872,0.0005462611896203872,foot-ground,True,False
141,pelvis_contour_link,right_hip_roll_link,pelvis_contour_link,right_hip_roll_link,-0.004098812612373479,0.004098812612373479,self-collision,False,False
141,right_rubber_hand_link,largebox,right_rubber_hand_link,largebox_link,-0.0004929937049463623,0.0004929937049463623,hand-box,True,False
141,ground,left_ankle_roll_sphere_5_link,world,left_ankle_roll_sphere_5_link,-0.0008086640667023517,0.0008086640667023517,foot-ground,True,False
141,left_ankle_intermediate_1_link,left_ankle_roll_link,left_ankle_intermediate_1_link,left_ankle_roll_link,-0.0029627452359964057,0.0029627452359964057,self-collision,False,False
141,left_shoulder_yaw_link,largebox,left_shoulder_yaw_link,largebox_link,-0.0002036236337257663,0.0002036236337257663,other-body-box,False,True
141,ground,right_ankle_roll_link,world,right_ankle_roll_link,-0.0014186910003805737,0.0014186910003805737,foot-ground,True,False
141,ground,left_ankle_roll_sphere_1_link,world,left_ankle_roll_sphere_1_link,-0.0006898271464061334,0.0006898271464061334,foot-ground,True,False
141,ground,right_ankle_roll_sphere_3_link,world,right_ankle_roll_sphere_3_link,-0.00023231936982388412,0.00023231936982388412,foot-ground,True,False
141,ground,left_ankle_roll_sphere_2_link,world,left_ankle_roll_sphere_2_link,-0.0009947426205858386,0.0009947426205858386,foot-ground,True,False
141,ground,right_ankle_roll_sphere_4_link,world,right_ankle_roll_sphere_4_link,-0.0009952791208550872,0.0009952791208550872,foot-ground,True,False
141,pelvis_contour_link,left_hip_roll_link,pelvis_contour_link,left_hip_roll_link,-0.0035557048404400993,0.0035557048404400993,self-collision,False,False
141,ground,right_ankle_roll_sphere_5_link,world,right_ankle_roll_sphere_5_link,-0.0006591448867491459,0.0006591448867491459,foot-ground,True,False
141,right_knee_link,right_ankle_roll_link,right_knee_link,right_ankle_roll_link,-0.028970146020810383,0.028970146020810383,self-collision,False,False
141,right_ankle_intermediate_1_link,right_ankle_roll_link,right_ankle_intermediate_1_link,right_ankle_roll_link,-0.0033087559636984787,0.0033087559636984787,self-collision,False,False
141,ground,left_ankle_roll_link,world,left_ankle_roll_link,-0.001446691870666289,0.001446691870666289,foot-ground,True,False
141,left_knee_link,left_ankle_roll_link,left_knee_link,left_ankle_roll_link,-0.025692583551385678,0.025692583551385678,self-collision,False,False
141,left_rubber_hand_link,largebox,left_rubber_hand_link,largebox_link,-0.0017473077013551025,0.0017473077013551025,hand-box,True,False
141,ground,left_ankle_roll_sphere_3_link,world,left_ankle_roll_sphere_3_link,-0.0006292538155412272,0.0006292538155412272,foot-ground,True,False
141,ground,left_ankle_roll_sphere_4_link,world,left_ankle_roll_sphere_4_link,-0.0009951523845568742,0.0009951523845568742,foot-ground,True,False
142,ground,right_ankle_roll_sphere_2_link,world,right_ankle_roll_sphere_2_link,-0.0006002373997906858,0.0006002373997906858,foot-ground,True,False
142,pelvis_contour_link,right_hip_roll_link,pelvis_contour_link,right_hip_roll_link,-0.005169428267438589,0.005169428267438589,self-collision,False,False
142,right_rubber_hand_link,largebox,right_rubber_hand_link,largebox_link,-0.0004696364585324714,0.0004696364585324714,hand-box,True,False
142,ground,left_ankle_roll_sphere_5_link,world,left_ankle_roll_sphere_5_link,-0.000805654379793303,0.000805654379793303,foot-ground,True,False
142,left_ankle_intermediate_1_link,left_ankle_roll_link,left_ankle_intermediate_1_link,left_ankle_roll_link,-0.002903592293210258,0.002903592293210258,self-collision,False,False
142,ground,right_ankle_roll_link,world,right_ankle_roll_link,-0.00139606365748237,0.00139606365748237,foot-ground,True,False
142,ground,left_ankle_roll_sphere_1_link,world,left_ankle_roll_sphere_1_link,-0.00068686551264992,0.00068686551264992,foot-ground,True,False
142,ground,right_ankle_roll_sphere_3_link,world,right_ankle_roll_sphere_3_link,-0.0007959790724364644,0.0007959790724364644,foot-ground,True,False
142,ground,left_ankle_roll_sphere_2_link,world,left_ankle_roll_sphere_2_link,-0.0009920876844679736,0.0009920876844679736,foot-ground,True,False
142,ground,right_ankle_roll_sphere_4_link,world,right_ankle_roll_sphere_4_link,-0.0009940694230007934,0.0009940694230007934,foot-ground,True,False
142,pelvis_contour_link,left_hip_roll_link,pelvis_contour_link,left_hip_roll_link,-0.005072625619393242,0.005072625619393242,self-collision,False,False
142,ground,right_ankle_roll_sphere_5_link,world,right_ankle_roll_sphere_5_link,-0.0009394153646593842,0.0009394153646593842,foot-ground,True,False
142,right_knee_link,right_ankle_roll_link,right_knee_link,right_ankle_roll_link,-0.029121230620237942,0.029121230620237942,self-collision,False,False
142,right_ankle_intermediate_1_link,right_ankle_roll_link,right_ankle_intermediate_1_link,right_ankle_roll_link,-0.0032430605887427133,0.0032430605887427133,self-collision,False,False
142,ground,left_ankle_roll_link,world,left_ankle_roll_link,-0.0014440045172498944,0.0014440045172498944,foot-ground,True,False
142,left_knee_link,left_ankle_roll_link,left_knee_link,left_ankle_roll_link,-0.027799682978330825,0.027799682978330825,self-collision,False,False
142,left_rubber_hand_link,largebox,left_rubber_hand_link,largebox_link,-0.0028952490471779446,0.0028952490471779446,hand-box,True,False
142,ground,left_ankle_roll_sphere_3_link,world,left_ankle_roll_sphere_3_link,-0.0006260813102567471,0.0006260813102567471,foot-ground,True,False
142,ground,right_ankle_roll_sphere_1_link,world,right_ankle_roll_sphere_1_link,-0.0004351621076537455,0.0004351621076537455,foot-ground,True,False
142,ground,left_ankle_roll_sphere_4_link,world,left_ankle_roll_sphere_4_link,-0.0009923479164384115,0.0009923479164384115,foot-ground,True,False
143,ground,right_ankle_roll_sphere_2_link,world,right_ankle_roll_sphere_2_link,-0.0006505882248978466,0.0006505882248978466,foot-ground,True,False
143,pelvis_contour_link,right_hip_roll_link,pelvis_contour_link,right_hip_roll_link,-0.00574254897684616,0.00574254897684616,self-collision,False,False
143,right_rubber_hand_link,largebox,right_rubber_hand_link,largebox_link,-0.0004016519759295206,0.0004016519759295206,hand-box,True,False
143,ground,left_ankle_roll_sphere_5_link,world,left_ankle_roll_sphere_5_link,-0.0008015441805396253,0.0008015441805396253,foot-ground,True,False
143,left_ankle_intermediate_1_link,left_ankle_roll_link,left_ankle_intermediate_1_link,left_ankle_roll_link,-0.0029356707140030386,0.0029356707140030386,self-collision,False,False
143,ground,right_ankle_roll_link,world,right_ankle_roll_link,-0.0013998708313129327,0.0013998708313129327,foot-ground,True,False
143,ground,left_ankle_roll_sphere_1_link,world,left_ankle_roll_sphere_1_link,-0.0006837954876367262,0.0006837954876367262,foot-ground,True,False
143,ground,right_ankle_roll_sphere_3_link,world,right_ankle_roll_sphere_3_link,-0.0009087764086544809,0.0009087764086544809,foot-ground,True,False
143,right_shoulder_yaw_link,largebox,right_shoulder_yaw_link,largebox_link,-0.0006676620859767946,0.0006676620859767946,other-body-box,False,True
143,ground,left_ankle_roll_sphere_2_link,world,left_ankle_roll_sphere_2_link,-0.000989637521845401,0.000989637521845401,foot-ground,True,False
143,ground,right_ankle_roll_sphere_4_link,world,right_ankle_roll_sphere_4_link,-0.0009885886652721406,0.0009885886652721406,foot-ground,True,False
143,pelvis_contour_link,left_hip_roll_link,pelvis_contour_link,left_hip_roll_link,-0.00524931100637753,0.00524931100637753,self-collision,False,False
143,ground,right_ankle_roll_sphere_5_link,world,right_ankle_roll_sphere_5_link,-0.0009876648215503088,0.0009876648215503088,foot-ground,True,False
143,right_knee_link,right_ankle_roll_link,right_knee_link,right_ankle_roll_link,-0.02933463873447409,0.02933463873447409,self-collision,False,False
143,right_ankle_intermediate_1_link,right_ankle_roll_link,right_ankle_intermediate_1_link,right_ankle_roll_link,-0.0032936522238659754,0.0032936522238659754,self-collision,False,False
143,ground,left_ankle_roll_link,world,left_ankle_roll_link,-0.0014410078993125665,0.0014410078993125665,foot-ground,True,False
143,left_knee_link,left_ankle_roll_link,left_knee_link,left_ankle_roll_link,-0.028901745804291695,0.028901745804291695,self-collision,False,False
143,left_rubber_hand_link,largebox,left_rubber_hand_link,largebox_link,-0.0024961640392946183,0.0024961640392946183,hand-box,True,False
143,ground,left_ankle_roll_sphere_3_link,world,left_ankle_roll_sphere_3_link,-0.0006217413099303603,0.0006217413099303603,foot-ground,True,False
143,ground,right_ankle_roll_sphere_1_link,world,right_ankle_roll_sphere_1_link,-0.0005840780110497974,0.0005840780110497974,foot-ground,True,False
143,ground,left_ankle_roll_sphere_4_link,world,left_ankle_roll_sphere_4_link,-0.0009887517509807693,0.0009887517509807693,foot-ground,True,False
144,ground,right_ankle_roll_sphere_2_link,world,right_ankle_roll_sphere_2_link,-0.0006399458003880322,0.0006399458003880322,foot-ground,True,False
144,pelvis_contour_link,right_hip_roll_link,pelvis_contour_link,right_hip_roll_link,-0.006314922744822288,0.006314922744822288,self-collision,False,False
144,right_rubber_hand_link,largebox,right_rubber_hand_link,largebox_link,-0.00046554286169457615,0.00046554286169457615,hand-box,True,False
144,ground,left_ankle_roll_sphere_5_link,world,left_ankle_roll_sphere_5_link,-0.0007946428076597905,0.0007946428076597905,foot-ground,True,False
144,left_ankle_intermediate_1_link,left_ankle_roll_link,left_ankle_intermediate_1_link,left_ankle_roll_link,-0.002763683585255597,0.002763683585255597,self-collision,False,False
144,ground,right_ankle_roll_link,world,right_ankle_roll_link,-0.00138754413991337,0.00138754413991337,foot-ground,True,False
144,ground,left_ankle_roll_sphere_1_link,world,left_ankle_roll_sphere_1_link,-0.000680764580457161,0.000680764580457161,foot-ground,True,False
144,ground,right_ankle_roll_sphere_3_link,world,right_ankle_roll_sphere_3_link,-0.0008958135865207916,0.0008958135865207916,foot-ground,True,False
144,right_shoulder_yaw_link,largebox,right_shoulder_yaw_link,largebox_link,-0.0012255609598030015,0.0012255609598030015,other-body-box,False,True
144,ground,left_ankle_roll_sphere_2_link,world,left_ankle_roll_sphere_2_link,-0.0009851995182066945,0.0009851995182066945,foot-ground,True,False
144,ground,right_ankle_roll_sphere_4_link,world,right_ankle_roll_sphere_4_link,-0.0009765682271274312,0.0009765682271274312,foot-ground,True,False
144,pelvis_contour_link,left_hip_roll_link,pelvis_contour_link,left_hip_roll_link,-0.005730051837971553,0.005730051837971553,self-collision,False,False
144,ground,right_ankle_roll_sphere_5_link,world,right_ankle_roll_sphere_5_link,-0.0009750018331012326,0.0009750018331012326,foot-ground,True,False
144,right_knee_link,right_ankle_roll_link,right_knee_link,right_ankle_roll_link,-0.02984373586234218,0.02984373586234218,self-collision,False,False
144,right_ankle_intermediate_1_link,right_ankle_roll_link,right_ankle_intermediate_1_link,right_ankle_roll_link,-0.003206271719381676,0.003206271719381676,self-collision,False,False
144,ground,left_ankle_roll_link,world,left_ankle_roll_link,-0.0014346323413391045,0.0014346323413391045,foot-ground,True,False
144,left_knee_link,left_ankle_roll_link,left_knee_link,left_ankle_roll_link,-0.030312843191361016,0.030312843191361016,self-collision,False,False
144,left_rubber_hand_link,largebox,left_rubber_hand_link,largebox_link,-0.0018930953866414524,0.0018930953866414524,hand-box,True,False
144,ground,left_ankle_roll_sphere_3_link,world,left_ankle_roll_sphere_3_link,-0.0006160175546597686,0.0006160175546597686,foot-ground,True,False
144,ground,right_ankle_roll_sphere_1_link,world,right_ankle_roll_sphere_1_link,-0.0005726502665491682,0.0005726502665491682,foot-ground,True,False
144,ground,left_ankle_roll_sphere_4_link,world,left_ankle_roll_sphere_4_link,-0.0009813394799592116,0.0009813394799592116,foot-ground,True,False
145,ground,right_ankle_roll_sphere_2_link,world,right_ankle_roll_sphere_2_link,-0.0006502125382419543,0.0006502125382419543,foot-ground,True,False
145,pelvis_contour_link,right_hip_roll_link,pelvis_contour_link,right_hip_roll_link,-0.006258359067634972,0.006258359067634972,self-collision,False,False
145,right_rubber_hand_link,largebox,right_rubber_hand_link,largebox_link,-0.00044590223401244633,0.00044590223401244633,hand-box,True,False
145,ground,left_ankle_roll_sphere_5_link,world,left_ankle_roll_sphere_5_link,-0.0008027901689913802,0.0008027901689913802,foot-ground,True,False
145,left_ankle_intermediate_1_link,left_ankle_roll_link,left_ankle_intermediate_1_link,left_ankle_roll_link,-0.00276472667790785,0.00276472667790785,self-collision,False,False
145,left_shoulder_yaw_link,largebox,left_shoulder_yaw_link,largebox_link,-0.0003543594687318574,0.0003543594687318574,other-body-box,False,True
145,ground,right_ankle_roll_link,world,right_ankle_roll_link,-0.0013999593084154278,0.0013999593084154278,foot-ground,True,False
145,ground,left_ankle_roll_sphere_1_link,world,left_ankle_roll_sphere_1_link,-0.0006894083749557451,0.0006894083749557451,foot-ground,True,False
145,ground,right_ankle_roll_sphere_3_link,world,right_ankle_roll_sphere_3_link,-0.0009095689980892106,0.0009095689980892106,foot-ground,True,False
145,ground,left_ankle_roll_sphere_2_link,world,left_ankle_roll_sphere_2_link,-0.0009926009113848206,0.0009926009113848206,foot-ground,True,False
145,ground,right_ankle_roll_sphere_4_link,world,right_ankle_roll_sphere_4_link,-0.0009884782427926784,0.0009884782427926784,foot-ground,True,False
145,pelvis_contour_link,left_hip_roll_link,pelvis_contour_link,left_hip_roll_link,-0.005299842436458202,0.005299842436458202,self-collision,False,False
145,ground,right_ankle_roll_sphere_5_link,world,right_ankle_roll_sphere_5_link,-0.0009880459656360944,0.0009880459656360944,foot-ground,True,False
145,right_knee_link,right_ankle_roll_link,right_knee_link,right_ankle_roll_link,-0.030607450731583663,0.030607450731583663,self-collision,False,False
145,right_ankle_intermediate_1_link,right_ankle_roll_link,right_ankle_intermediate_1_link,right_ankle_roll_link,-0.0031415514599451716,0.0031415514599451716,self-collision,False,False
145,ground,left_ankle_roll_link,world,left_ankle_roll_link,-0.001441812609464143,0.001441812609464143,foot-ground,True,False
145,left_knee_link,left_ankle_roll_link,left_knee_link,left_ankle_roll_link,-0.03182099544259273,0.03182099544259273,self-collision,False,False
145,left_rubber_hand_link,largebox,left_rubber_hand_link,largebox_link,-0.004119041396086751,0.004119041396086751,hand-box,True,False
145,ground,left_ankle_roll_sphere_3_link,world,left_ankle_roll_sphere_3_link,-0.0006248972233632915,0.0006248972233632915,foot-ground,True,False
145,ground,right_ankle_roll_sphere_1_link,world,right_ankle_roll_sphere_1_link,-0.0005844548343223966,0.0005844548343223966,foot-ground,True,False
145,ground,left_ankle_roll_sphere_4_link,world,left_ankle_roll_sphere_4_link,-0.0009887282670781863,0.0009887282670781863,foot-ground,True,False
146,ground,right_ankle_roll_sphere_2_link,world,right_ankle_roll_sphere_2_link,-0.0006499338783749154,0.0006499338783749154,foot-ground,True,False
146,pelvis_contour_link,right_hip_roll_link,pelvis_contour_link,right_hip_roll_link,-0.007019166929983167,0.007019166929983167,self-collision,False,False
146,right_rubber_hand_link,largebox,right_rubber_hand_link,largebox_link,-0.0004948859419215551,0.0004948859419215551,hand-box,True,False
146,ground,left_ankle_roll_sphere_5_link,world,left_ankle_roll_sphere_5_link,-0.0008007826466077837,0.0008007826466077837,foot-ground,True,False
146,left_ankle_intermediate_1_link,left_ankle_roll_link,left_ankle_intermediate_1_link,left_ankle_roll_link,-0.0026106609428517974,0.0026106609428517974,self-collision,False,False
146,left_shoulder_yaw_link,largebox,left_shoulder_yaw_link,largebox_link,-0.000659443754617392,0.000659443754617392,other-body-box,False,True
146,ground,right_ankle_roll_link,world,right_ankle_roll_link,-0.0013994507025887268,0.0013994507025887268,foot-ground,True,False
146,ground,left_ankle_roll_sphere_1_link,world,left_ankle_roll_sphere_1_link,-0.0006880880528080347,0.0006880880528080347,foot-ground,True,False
146,ground,right_ankle_roll_sphere_3_link,world,right_ankle_roll_sphere_3_link,-0.0009083698293646239,0.0009083698293646239,foot-ground,True,False
146,ground,left_ankle_roll_sphere_2_link,world,left_ankle_roll_sphere_2_link,-0.0009923450895576993,0.0009923450895576993,foot-ground,True,False
146,ground,right_ankle_roll_sphere_4_link,world,right_ankle_roll_sphere_4_link,-0.0009881413314163636,0.0009881413314163636,foot-ground,True,False
146,pelvis_contour_link,left_hip_roll_link,pelvis_contour_link,left_hip_roll_link,-0.005861166808151921,0.005861166808151921,self-collision,False,False
146,ground,right_ankle_roll_sphere_5_link,world,right_ankle_roll_sphere_5_link,-0.0009872626189634899,0.0009872626189634899,foot-ground,True,False
146,right_knee_link,right_ankle_roll_link,right_knee_link,right_ankle_roll_link,-0.03180145517614821,0.03180145517614821,self-collision,False,False
146,right_ankle_intermediate_1_link,right_ankle_roll_link,right_ankle_intermediate_1_link,right_ankle_roll_link,-0.003079543399939974,0.003079543399939974,self-collision,False,False
146,ground,left_ankle_roll_link,world,left_ankle_roll_link,-0.001441178874487404,0.001441178874487404,foot-ground,True,False
146,left_knee_link,left_ankle_roll_link,left_knee_link,left_ankle_roll_link,-0.032995717875403285,0.032995717875403285,self-collision,False,False
146,left_rubber_hand_link,largebox,left_rubber_hand_link,largebox_link,-0.0009634854000087345,0.0009634854000087345,hand-box,True,False
146,ground,left_ankle_roll_sphere_3_link,world,left_ankle_roll_sphere_3_link,-0.0006223793639869397,0.0006223793639869397,foot-ground,True,False
146,ground,right_ankle_roll_sphere_1_link,world,right_ankle_roll_sphere_1_link,-0.0005834576266651346,0.0005834576266651346,foot-ground,True,False
146,ground,left_ankle_roll_sphere_4_link,world,left_ankle_roll_sphere_4_link,-0.00098748780808654,0.00098748780808654,foot-ground,True,False
147,ground,right_ankle_roll_sphere_2_link,world,right_ankle_roll_sphere_2_link,-0.0006553748379905305,0.0006553748379905305,foot-ground,True,False
147,pelvis_contour_link,right_hip_roll_link,pelvis_contour_link,right_hip_roll_link,-0.006512727246047581,0.006512727246047581,self-collision,False,False
147,right_rubber_hand_link,largebox,right_rubber_hand_link,largebox_link,-0.0006404947239093406,0.0006404947239093406,hand-box,True,False
147,ground,left_ankle_roll_sphere_5_link,world,left_ankle_roll_sphere_5_link,-0.0006452521647500277,0.0006452521647500277,foot-ground,True,False
147,left_shoulder_yaw_link,largebox,left_shoulder_yaw_link,largebox_link,-0.0009739688392660512,0.0009739688392660512,other-body-box,False,True
147,ground,right_ankle_roll_link,world,right_ankle_roll_link,-0.0014053722805213026,0.0014053722805213026,foot-ground,True,False
147,ground,left_ankle_roll_sphere_1_link,world,left_ankle_roll_sphere_1_link,-0.0004105530366993451,0.0004105530366993451,foot-ground,True,False
147,ground,right_ankle_roll_sphere_3_link,world,right_ankle_roll_sphere_3_link,-0.0009150490300820933,0.0009150490300820933,foot-ground,True,False
147,ground,left_ankle_roll_sphere_2_link,world,left_ankle_roll_sphere_2_link,-0.0009783879821326424,0.0009783879821326424,foot-ground,True,False
147,ground,right_ankle_roll_sphere_4_link,world,right_ankle_roll_sphere_4_link,-0.0009938498145384373,0.0009938498145384373,foot-ground,True,False
147,pelvis_contour_link,left_hip_roll_link,pelvis_contour_link,left_hip_roll_link,-0.004492054193917239,0.004492054193917239,self-collision,False,False
147,ground,right_ankle_roll_sphere_5_link,world,right_ankle_roll_sphere_5_link,-0.0009934974510761333,0.0009934974510761333,foot-ground,True,False
147,right_knee_link,right_ankle_roll_link,right_knee_link,right_ankle_roll_link,-0.032701946440305135,0.032701946440305135,self-collision,False,False
147,right_ankle_intermediate_1_link,right_ankle_roll_link,right_ankle_intermediate_1_link,right_ankle_roll_link,-0.003000766266096036,0.003000766266096036,self-collision,False,False
147,ground,left_ankle_roll_link,world,left_ankle_roll_link,-0.0014825677085109172,0.0014825677085109172,foot-ground,True,False
147,left_knee_link,left_ankle_roll_link,left_knee_link,left_ankle_roll_link,-0.034208112420465425,0.034208112420465425,self-collision,False,False
147,left_rubber_hand_link,largebox,left_rubber_hand_link,largebox_link,-0.00044426856970070094,0.00044426856970070094,hand-box,True,False
147,ground,left_ankle_roll_sphere_3_link,world,left_ankle_roll_sphere_3_link,-0.00030973207587594014,0.00030973207587594014,foot-ground,True,False
147,ground,right_ankle_roll_sphere_1_link,world,right_ankle_roll_sphere_1_link,-0.0005897075176102438,0.0005897075176102438,foot-ground,True,False
147,ground,left_ankle_roll_sphere_4_link,world,left_ankle_roll_sphere_4_link,-0.0009911340103958962,0.0009911340103958962,foot-ground,True,False
148,ground,right_ankle_roll_sphere_2_link,world,right_ankle_roll_sphere_2_link,-0.000657540899016827,0.000657540899016827,foot-ground,True,False
148,pelvis_contour_link,right_hip_roll_link,pelvis_contour_link,right_hip_roll_link,-0.006711666166930946,0.006711666166930946,self-collision,False,False
148,right_rubber_hand_link,largebox,right_rubber_hand_link,largebox_link,-0.0013898975803078306,0.0013898975803078306,hand-box,True,False
148,ground,left_ankle_roll_sphere_5_link,world,left_ankle_roll_sphere_5_link,-0.0006334023487017523,0.0006334023487017523,foot-ground,True,False
148,left_shoulder_yaw_link,largebox,left_shoulder_yaw_link,largebox_link,-0.0008598146479837782,0.0008598146479837782,other-body-box,False,True
148,ground,right_ankle_roll_link,world,right_ankle_roll_link,-0.0014073516787960517,0.0014073516787960517,foot-ground,True,False
148,ground,left_ankle_roll_sphere_1_link,world,left_ankle_roll_sphere_1_link,-0.00040430706745560926,0.00040430706745560926,foot-ground,True,False
148,ground,right_ankle_roll_sphere_3_link,world,right_ankle_roll_sphere_3_link,-0.0009171342724960492,0.0009171342724960492,foot-ground,True,False
148,ground,left_ankle_roll_sphere_2_link,world,left_ankle_roll_sphere_2_link,-0.0009918489984686958,0.0009918489984686958,foot-ground,True,False
148,ground,right_ankle_roll_sphere_4_link,world,right_ankle_roll_sphere_4_link,-0.0009958257566388953,0.0009958257566388953,foot-ground,True,False
148,pelvis_contour_link,left_hip_roll_link,pelvis_contour_link,left_hip_roll_link,-0.004670305797933871,0.004670305797933871,self-collision,False,False
148,ground,right_ankle_roll_sphere_5_link,world,right_ankle_roll_sphere_5_link,-0.0009955067479725894,0.0009955067479725894,foot-ground,True,False
148,right_knee_link,right_ankle_roll_link,right_knee_link,right_ankle_roll_link,-0.03352906704910866,0.03352906704910866,self-collision,False,False
148,right_ankle_intermediate_1_link,right_ankle_roll_link,right_ankle_intermediate_1_link,right_ankle_roll_link,-0.002987448182540986,0.002987448182540986,self-collision,False,False
148,ground,left_ankle_roll_link,world,left_ankle_roll_link,-0.0014926508899177522,0.0014926508899177522,foot-ground,True,False
148,left_knee_link,left_ankle_roll_link,left_knee_link,left_ankle_roll_link,-0.035579995725807056,0.035579995725807056,self-collision,False,False
148,left_rubber_hand_link,largebox,left_rubber_hand_link,largebox_link,-0.0013474142663306016,0.0013474142663306016,hand-box,True,False
148,ground,left_ankle_roll_sphere_3_link,world,left_ankle_roll_sphere_3_link,-0.0002876851568581534,0.0002876851568581534,foot-ground,True,False
148,ground,right_ankle_roll_sphere_1_link,world,right_ankle_roll_sphere_1_link,-0.0005919646622311201,0.0005919646622311201,foot-ground,True,False
148,ground,left_ankle_roll_sphere_4_link,world,left_ankle_roll_sphere_4_link,-0.0009927354740738572,0.0009927354740738572,foot-ground,True,False
149,ground,right_ankle_roll_sphere_2_link,world,right_ankle_roll_sphere_2_link,-0.0006572704249829591,0.0006572704249829591,foot-ground,True,False
149,pelvis_contour_link,right_hip_roll_link,pelvis_contour_link,right_hip_roll_link,-0.007424612066346856,0.007424612066346856,self-collision,False,False
149,right_rubber_hand_link,largebox,right_rubber_hand_link,largebox_link,-0.0007267169883436175,0.0007267169883436175,hand-box,True,False
149,ground,left_ankle_roll_sphere_5_link,world,left_ankle_roll_sphere_5_link,-0.0007619759442147279,0.0007619759442147279,foot-ground,True,False
149,left_shoulder_yaw_link,largebox,left_shoulder_yaw_link,largebox_link,-0.0007643239774338118,0.0007643239774338118,other-body-box,False,True
149,ground,right_ankle_roll_link,world,right_ankle_roll_link,-0.0014074675872937092,0.0014074675872937092,foot-ground,True,False
149,ground,left_ankle_roll_sphere_1_link,world,left_ankle_roll_sphere_1_link,-0.0006148296986968156,0.0006148296986968156,foot-ground,True,False
149,ground,right_ankle_roll_sphere_3_link,world,right_ankle_roll_sphere_3_link,-0.0009173198471028971,0.0009173198471028971,foot-ground,True,False
149,ground,left_ankle_roll_sphere_2_link,world,left_ankle_roll_sphere_2_link,-0.0009936778409083162,0.0009936778409083162,foot-ground,True,False
149,ground,right_ankle_roll_sphere_4_link,world,right_ankle_roll_sphere_4_link,-0.0009958852679538962,0.0009958852679538962,foot-ground,True,False
149,pelvis_contour_link,left_hip_roll_link,pelvis_contour_link,left_hip_roll_link,-0.004983686068528295,0.004983686068528295,self-collision,False,False
149,ground,right_ankle_roll_sphere_5_link,world,right_ankle_roll_sphere_5_link,-0.0009956693486538873,0.0009956693486538873,foot-ground,True,False
149,right_knee_link,right_ankle_roll_link,right_knee_link,right_ankle_roll_link,-0.03431797355615876,0.03431797355615876,self-collision,False,False
149,ground,left_ankle_roll_link,world,left_ankle_roll_link,-0.0014581512195010193,0.0014581512195010193,foot-ground,True,False
149,left_knee_link,left_ankle_roll_link,left_knee_link,left_ankle_roll_link,-0.03688971146627654,0.03688971146627654,self-collision,False,False
149,left_rubber_hand_link,largebox,left_rubber_hand_link,largebox_link,-0.0005441170242845295,0.0005441170242845295,hand-box,True,False
149,ground,left_ankle_roll_sphere_3_link,world,left_ankle_roll_sphere_3_link,-0.0005391173563181256,0.0005391173563181256,foot-ground,True,False
149,ground,right_ankle_roll_sphere_1_link,world,right_ankle_roll_sphere_1_link,-0.0005917992409404617,0.0005917992409404617,foot-ground,True,False
149,ground,left_ankle_roll_sphere_4_link,world,left_ankle_roll_sphere_4_link,-0.0009937351269719277,0.0009937351269719277,foot-ground,True,False
150,ground,right_ankle_roll_sphere_2_link,world,right_ankle_roll_sphere_2_link,-0.0006579688818830641,0.0006579688818830641,foot-ground,True,False
150,pelvis_contour_link,right_hip_roll_link,pelvis_contour_link,right_hip_roll_link,-0.007071203071566987,0.007071203071566987,self-collision,False,False
150,right_rubber_hand_link,largebox,right_rubber_hand_link,largebox_link,-0.0009095888526866047,0.0009095888526866047,hand-box,True,False
150,ground,left_ankle_roll_sphere_5_link,world,left_ankle_roll_sphere_5_link,-0.0008071221188988105,0.0008071221188988105,foot-ground,True,False
150,left_shoulder_yaw_link,largebox,left_shoulder_yaw_link,largebox_link,-0.0009030068127473534,0.0009030068127473534,other-body-box,False,True
150,ground,right_ankle_roll_link,world,right_ankle_roll_link,-0.001407439891907565,0.001407439891907565,foot-ground,True,False
150,ground,left_ankle_roll_sphere_1_link,world,left_ankle_roll_sphere_1_link,-0.0006865923192494487,0.0006865923192494487,foot-ground,True,False
150,ground,right_ankle_roll_sphere_3_link,world,right_ankle_roll_sphere_3_link,-0.0009175779169440885,0.0009175779169440885,foot-ground,True,False
150,ground,left_ankle_roll_sphere_2_link,world,left_ankle_roll_sphere_2_link,-0.000993956557262663,0.000993956557262663,foot-ground,True,False
150,ground,right_ankle_roll_sphere_4_link,world,right_ankle_roll_sphere_4_link,-0.0009958718556022086,0.0009958718556022086,foot-ground,True,False
150,pelvis_contour_link,left_hip_roll_link,pelvis_contour_link,left_hip_roll_link,-0.004417819868367007,0.004417819868367007,self-collision,False,False
150,ground,right_ankle_roll_sphere_5_link,world,right_ankle_roll_sphere_5_link,-0.000995710589665028,0.000995710589665028,foot-ground,True,False
150,right_knee_link,right_ankle_roll_link,right_knee_link,right_ankle_roll_link,-0.034745861607786394,0.034745861607786394,self-collision,False,False
150,ground,left_ankle_roll_link,world,left_ankle_roll_link,-0.0014467059654982295,0.0014467059654982295,foot-ground,True,False
150,left_knee_link,left_ankle_roll_link,left_knee_link,left_ankle_roll_link,-0.03817461977715117,0.03817461977715117,self-collision,False,False
150,left_rubber_hand_link,largebox,left_rubber_hand_link,largebox_link,-0.001002971962694485,0.001002971962694485,hand-box,True,False
150,ground,left_ankle_roll_sphere_3_link,world,left_ankle_roll_sphere_3_link,-0.0006261932939179626,0.0006261932939179626,foot-ground,True,False
150,ground,right_ankle_roll_sphere_1_link,world,right_ankle_roll_sphere_1_link,-0.0005927239330012967,0.0005927239330012967,foot-ground,True,False
150,ground,left_ankle_roll_sphere_4_link,world,left_ankle_roll_sphere_4_link,-0.0009950303795338141,0.0009950303795338141,foot-ground,True,False
151,ground,right_ankle_roll_sphere_2_link,world,right_ankle_roll_sphere_2_link,-0.0006584793624716664,0.0006584793624716664,foot-ground,True,False
151,pelvis_contour_link,right_hip_roll_link,pelvis_contour_link,right_hip_roll_link,-0.007570481470814572,0.007570481470814572,self-collision,False,False
151,right_rubber_hand_link,largebox,right_rubber_hand_link,largebox_link,-0.0007330896524159192,0.0007330896524159192,hand-box,True,False
151,ground,left_ankle_roll_sphere_5_link,world,left_ankle_roll_sphere_5_link,-0.0008063172410012536,0.0008063172410012536,foot-ground,True,False
151,left_shoulder_yaw_link,largebox,left_shoulder_yaw_link,largebox_link,-0.0009071253299701709,0.0009071253299701709,other-body-box,False,True
151,ground,right_ankle_roll_link,world,right_ankle_roll_link,-0.0014082089426684652,0.0014082089426684652,foot-ground,True,False
151,ground,left_ankle_roll_sphere_1_link,world,left_ankle_roll_sphere_1_link,-0.0006855031495214261,0.0006855031495214261,foot-ground,True,False
151,ground,right_ankle_roll_sphere_3_link,world,right_ankle_roll_sphere_3_link,-0.0009181640910462937,0.0009181640910462937,foot-ground,True,False
151,ground,left_ankle_roll_sphere_2_link,world,left_ankle_roll_sphere_2_link,-0.000995257089721791,0.000995257089721791,foot-ground,True,False
151,ground,right_ankle_roll_sphere_4_link,world,right_ankle_roll_sphere_4_link,-0.0009966536737777828,0.0009966536737777828,foot-ground,True,False
151,pelvis_contour_link,left_hip_roll_link,pelvis_contour_link,left_hip_roll_link,-0.004462395194796492,0.004462395194796492,self-collision,False,False
151,ground,right_ankle_roll_sphere_5_link,world,right_ankle_roll_sphere_5_link,-0.0009964245897938232,0.0009964245897938232,foot-ground,True,False
151,right_knee_link,right_ankle_roll_link,right_knee_link,right_ankle_roll_link,-0.03542060165838401,0.03542060165838401,self-collision,False,False
151,ground,left_ankle_roll_link,world,left_ankle_roll_link,-0.0014480898197815131,0.0014480898197815131,foot-ground,True,False
151,left_knee_link,left_ankle_roll_link,left_knee_link,left_ankle_roll_link,-0.039224438351411095,0.039224438351411095,self-collision,False,False
151,left_rubber_hand_link,largebox,left_rubber_hand_link,largebox_link,-0.001006914811918419,0.001006914811918419,hand-box,True,False
151,ground,left_ankle_roll_sphere_3_link,world,left_ankle_roll_sphere_3_link,-0.0006240504430515955,0.0006240504430515955,foot-ground,True,False
151,ground,right_ankle_roll_sphere_1_link,world,right_ankle_roll_sphere_1_link,-0.0005930713768620933,0.0005930713768620933,foot-ground,True,False
151,ground,left_ankle_roll_sphere_4_link,world,left_ankle_roll_sphere_4_link,-0.0009957551712920362,0.0009957551712920362,foot-ground,True,False
152,ground,right_ankle_roll_sphere_2_link,world,right_ankle_roll_sphere_2_link,-0.0006583750508015141,0.0006583750508015141,foot-ground,True,False
152,pelvis_contour_link,right_hip_roll_link,pelvis_contour_link,right_hip_roll_link,-0.007627090363840655,0.007627090363840655,self-collision,False,False
152,right_rubber_hand_link,largebox,right_rubber_hand_link,largebox_link,-0.0009922112489945262,0.0009922112489945262,hand-box,True,False
152,ground,left_ankle_roll_sphere_5_link,world,left_ankle_roll_sphere_5_link,-0.0008072893807890584,0.0008072893807890584,foot-ground,True,False
152,left_shoulder_yaw_link,largebox,left_shoulder_yaw_link,largebox_link,-0.000942942796447882,0.000942942796447882,other-body-box,False,True
152,ground,right_ankle_roll_link,world,right_ankle_roll_link,-0.0014085291579533261,0.0014085291579533261,foot-ground,True,False
152,ground,left_ankle_roll_sphere_1_link,world,left_ankle_roll_sphere_1_link,-0.0006870483288118371,0.0006870483288118371,foot-ground,True,False
152,ground,right_ankle_roll_sphere_3_link,world,right_ankle_roll_sphere_3_link,-0.0009185004463048421,0.0009185004463048421,foot-ground,True,False
152,ground,left_ankle_roll_sphere_2_link,world,left_ankle_roll_sphere_2_link,-0.0009968097181364986,0.0009968097181364986,foot-ground,True,False
152,ground,right_ankle_roll_sphere_4_link,world,right_ankle_roll_sphere_4_link,-0.0009969252181860578,0.0009969252181860578,foot-ground,True,False
152,pelvis_contour_link,left_hip_roll_link,pelvis_contour_link,left_hip_roll_link,-0.004773442008695505,0.004773442008695505,self-collision,False,False
152,ground,right_ankle_roll_sphere_5_link,world,right_ankle_roll_sphere_5_link,-0.0009967733933898921,0.0009967733933898921,foot-ground,True,False
152,right_knee_link,right_ankle_roll_link,right_knee_link,right_ankle_roll_link,-0.03600147599683365,0.03600147599683365,self-collision,False,False
152,ground,left_ankle_roll_link,world,left_ankle_roll_link,-0.0014493500188352687,0.0014493500188352687,foot-ground,True,False
152,left_knee_link,left_ankle_roll_link,left_knee_link,left_ankle_roll_link,-0.04009157594764037,0.04009157594764037,self-collision,False,False
152,left_rubber_hand_link,largebox,left_rubber_hand_link,largebox_link,-0.0009561827762710751,0.0009561827762710751,hand-box,True,False
152,ground,left_ankle_roll_sphere_3_link,world,left_ankle_roll_sphere_3_link,-0.0006250788253716394,0.0006250788253716394,foot-ground,True,False
152,ground,right_ankle_roll_sphere_1_link,world,right_ankle_roll_sphere_1_link,-0.0005930210742338361,0.0005930210742338361,foot-ground,True,False
152,ground,left_ankle_roll_sphere_4_link,world,left_ankle_roll_sphere_4_link,-0.0009967924925612338,0.0009967924925612338,foot-ground,True,False
153,ground,right_ankle_roll_sphere_2_link,world,right_ankle_roll_sphere_2_link,-0.0006810156997725551,0.0006810156997725551,foot-ground,True,False
153,pelvis_contour_link,right_hip_roll_link,pelvis_contour_link,right_hip_roll_link,-0.007655653976011659,0.007655653976011659,self-collision,False,False
153,right_rubber_hand_link,largebox,right_rubber_hand_link,largebox_link,-0.0010203769649678174,0.0010203769649678174,hand-box,True,False
153,ground,left_ankle_roll_sphere_5_link,world,left_ankle_roll_sphere_5_link,-0.0008074238863281192,0.0008074238863281192,foot-ground,True,False
153,left_shoulder_yaw_link,largebox,left_shoulder_yaw_link,largebox_link,-0.0007161939286536856,0.0007161939286536856,other-body-box,False,True
153,ground,right_ankle_roll_link,world,right_ankle_roll_link,-0.0014010876052031988,0.0014010876052031988,foot-ground,True,False
153,ground,left_ankle_roll_sphere_1_link,world,left_ankle_roll_sphere_1_link,-0.0006871460318129607,0.0006871460318129607,foot-ground,True,False
153,ground,right_ankle_roll_sphere_3_link,world,right_ankle_roll_sphere_3_link,-0.0008778487679752733,0.0008778487679752733,foot-ground,True,False
153,ground,left_ankle_roll_sphere_2_link,world,left_ankle_roll_sphere_2_link,-0.000996899764581268,0.000996899764581268,foot-ground,True,False
153,ground,right_ankle_roll_sphere_4_link,world,right_ankle_roll_sphere_4_link,-0.0009973440884092659,0.0009973440884092659,foot-ground,True,False
153,pelvis_contour_link,left_hip_roll_link,pelvis_contour_link,left_hip_roll_link,-0.005174638332216,0.005174638332216,self-collision,False,False
153,ground,right_ankle_roll_sphere_5_link,world,right_ankle_roll_sphere_5_link,-0.0009736400099884133,0.0009736400099884133,foot-ground,True,False
153,right_knee_link,right_ankle_roll_link,right_knee_link,right_ankle_roll_link,-0.03647028306108119,0.03647028306108119,self-collision,False,False
153,ground,left_ankle_roll_link,world,left_ankle_roll_link,-0.0014494590313196276,0.0014494590313196276,foot-ground,True,False
153,left_knee_link,left_ankle_roll_link,left_knee_link,left_ankle_roll_link,-0.04082613271307245,0.04082613271307245,self-collision,False,False
153,left_rubber_hand_link,largebox,left_rubber_hand_link,largebox_link,-0.0009546117226603562,0.0009546117226603562,hand-box,True,False
153,ground,left_ankle_roll_sphere_3_link,world,left_ankle_roll_sphere_3_link,-0.0006252136479165003,0.0006252136479165003,foot-ground,True,False
153,ground,right_ankle_roll_sphere_1_link,world,right_ankle_roll_sphere_1_link,-0.000581436266077563,0.000581436266077563,foot-ground,True,False
153,ground,left_ankle_roll_sphere_4_link,world,left_ankle_roll_sphere_4_link,-0.0009969181272384718,0.0009969181272384718,foot-ground,True,False
154,ground,right_ankle_roll_sphere_2_link,world,right_ankle_roll_sphere_2_link,-0.0006595789407196932,0.0006595789407196932,foot-ground,True,False
154,pelvis_contour_link,right_hip_roll_link,pelvis_contour_link,right_hip_roll_link,-0.00790856354064541,0.00790856354064541,self-collision,False,False
154,right_rubber_hand_link,largebox,right_rubber_hand_link,largebox_link,-0.0009402890631146354,0.0009402890631146354,hand-box,True,False
154,ground,left_ankle_roll_sphere_5_link,world,left_ankle_roll_sphere_5_link,-0.0007697688922429077,0.0007697688922429077,foot-ground,True,False
154,left_shoulder_yaw_link,largebox,left_shoulder_yaw_link,largebox_link,-0.0013823665880224462,0.0013823665880224462,other-body-box,False,True
154,ground,right_ankle_roll_link,world,right_ankle_roll_link,-0.0014095395774828615,0.0014095395774828615,foot-ground,True,False
154,ground,left_ankle_roll_sphere_1_link,world,left_ankle_roll_sphere_1_link,-0.0006255520424708399,0.0006255520424708399,foot-ground,True,False
154,ground,right_ankle_roll_sphere_3_link,world,right_ankle_roll_sphere_3_link,-0.0009196688494662588,0.0009196688494662588,foot-ground,True,False
154,ground,left_ankle_roll_sphere_2_link,world,left_ankle_roll_sphere_2_link,-0.0009970894927822686,0.0009970894927822686,foot-ground,True,False
154,ground,right_ankle_roll_sphere_4_link,world,right_ankle_roll_sphere_4_link,-0.0009979214300538308,0.0009979214300538308,foot-ground,True,False
154,pelvis_contour_link,left_hip_roll_link,pelvis_contour_link,left_hip_roll_link,-0.005364601447588532,0.005364601447588532,self-collision,False,False
154,ground,right_ankle_roll_sphere_5_link,world,right_ankle_roll_sphere_5_link,-0.0009978329563426125,0.0009978329563426125,foot-ground,True,False
154,right_knee_link,right_ankle_roll_link,right_knee_link,right_ankle_roll_link,-0.03680246612259502,0.03680246612259502,self-collision,False,False
154,ground,right_rubber_hand_link,world,right_rubber_hand_link,-0.0003796690504624528,0.0003796690504624528,robot-ground-excluding-foot,False,True
154,ground,left_ankle_roll_link,world,left_ankle_roll_link,-0.0014602586342457972,0.0014602586342457972,foot-ground,True,False
154,left_knee_link,left_ankle_roll_link,left_knee_link,left_ankle_roll_link,-0.04162121757193096,0.04162121757193096,self-collision,False,False
154,left_rubber_hand_link,largebox,left_rubber_hand_link,largebox_link,-0.0010173055598075714,0.0010173055598075714,hand-box,True,False
154,ground,left_ankle_roll_sphere_3_link,world,left_ankle_roll_sphere_3_link,-0.0005512203036753807,0.0005512203036753807,foot-ground,True,False
154,ground,right_ankle_roll_sphere_1_link,world,right_ankle_roll_sphere_1_link,-0.0005943684568967154,0.0005943684568967154,foot-ground,True,False
154,ground,left_ankle_roll_sphere_4_link,world,left_ankle_roll_sphere_4_link,-0.0009970652440490944,0.0009970652440490944,foot-ground,True,False
155,ground,right_ankle_roll_sphere_2_link,world,right_ankle_roll_sphere_2_link,-0.0007425228759036498,0.0007425228759036498,foot-ground,True,False
155,pelvis_contour_link,right_hip_roll_link,pelvis_contour_link,right_hip_roll_link,-0.008027641462110824,0.008027641462110824,self-collision,False,False
155,right_rubber_hand_link,largebox,right_rubber_hand_link,largebox_link,-0.001001838813107253,0.001001838813107253,hand-box,True,False
155,left_shoulder_yaw_link,largebox,left_shoulder_yaw_link,largebox_link,-0.0008068783050328571,0.0008068783050328571,other-body-box,False,True
155,ground,right_ankle_roll_link,world,right_ankle_roll_link,-0.0013977070222051455,0.0013977070222051455,foot-ground,True,False
155,ground,left_ankle_roll_sphere_1_link,world,left_ankle_roll_sphere_1_link,-0.00019872740234399677,0.00019872740234399677,foot-ground,True,False
155,ground,right_ankle_roll_sphere_3_link,world,right_ankle_roll_sphere_3_link,-0.0007676519727333004,0.0007676519727333004,foot-ground,True,False
155,ground,left_ankle_roll_sphere_2_link,world,left_ankle_roll_sphere_2_link,-0.0006106582973688266,0.0006106582973688266,foot-ground,True,False
155,ground,right_ankle_roll_sphere_4_link,world,right_ankle_roll_sphere_4_link,-0.0009986840477389887,0.0009986840477389887,foot-ground,True,False
155,pelvis_contour_link,left_hip_roll_link,pelvis_contour_link,left_hip_roll_link,-0.005270983405441534,0.005270983405441534,self-collision,False,False
155,ground,largebox,world,largebox_link,-0.0021489751312105954,0.0021489751312105954,object-ground,True,False
155,ground,right_ankle_roll_sphere_5_link,world,right_ankle_roll_sphere_5_link,-0.0009110395983441674,0.0009110395983441674,foot-ground,True,False
155,right_knee_link,right_ankle_roll_link,right_knee_link,right_ankle_roll_link,-0.03695259787647012,0.03695259787647012,self-collision,False,False
155,ground,right_rubber_hand_link,world,right_rubber_hand_link,-0.0009997864349247515,0.0009997864349247515,robot-ground-excluding-foot,False,True
155,ground,left_ankle_roll_link,world,left_ankle_roll_link,-0.0010161830925071516,0.0010161830925071516,foot-ground,True,False
155,left_knee_link,left_ankle_roll_link,left_knee_link,left_ankle_roll_link,-0.042084979261088395,0.042084979261088395,self-collision,False,False
155,left_rubber_hand_link,largebox,left_rubber_hand_link,largebox_link,-0.0008477614753339552,0.0008477614753339552,hand-box,True,False
155,ground,right_ankle_roll_sphere_1_link,world,right_ankle_roll_sphere_1_link,-0.0005499961467322406,0.0005499961467322406,foot-ground,True,False
155,ground,left_ankle_roll_sphere_4_link,world,left_ankle_roll_sphere_4_link,-2.989127292221585e-05,2.989127292221585e-05,foot-ground,True,False
156,ground,right_ankle_roll_sphere_2_link,world,right_ankle_roll_sphere_2_link,-0.0007756482427369966,0.0007756482427369966,foot-ground,True,False
156,pelvis_contour_link,right_hip_roll_link,pelvis_contour_link,right_hip_roll_link,-0.007697248650763336,0.007697248650763336,self-collision,False,False
156,right_rubber_hand_link,largebox,right_rubber_hand_link,largebox_link,-0.0010058012958194529,0.0010058012958194529,hand-box,True,False
156,right_hip_yaw_link,largebox,right_hip_yaw_link,largebox_link,-0.00044452972881141306,0.00044452972881141306,other-body-box,False,True
156,left_shoulder_yaw_link,largebox,left_shoulder_yaw_link,largebox_link,-0.0011107723923064888,0.0011107723923064888,other-body-box,False,True
156,ground,right_ankle_roll_link,world,right_ankle_roll_link,-0.0014018077667950143,0.0014018077667950143,foot-ground,True,False
156,ground,left_ankle_roll_sphere_1_link,world,left_ankle_roll_sphere_1_link,-0.00011089539858934443,0.00011089539858934443,foot-ground,True,False
156,ground,right_ankle_roll_sphere_3_link,world,right_ankle_roll_sphere_3_link,-0.0007058554054279699,0.0007058554054279699,foot-ground,True,False
156,ground,left_ankle_roll_sphere_2_link,world,left_ankle_roll_sphere_2_link,-0.0006203099215160253,0.0006203099215160253,foot-ground,True,False
156,ground,right_ankle_roll_sphere_4_link,world,right_ankle_roll_sphere_4_link,-0.0009986006366895358,0.0009986006366895358,foot-ground,True,False
156,pelvis_contour_link,left_hip_roll_link,pelvis_contour_link,left_hip_roll_link,-0.005205165277933757,0.005205165277933757,self-collision,False,False
156,ground,largebox,world,largebox_link,-0.007328516060234547,0.007328516060234547,object-ground,True,False
156,ground,right_ankle_roll_sphere_5_link,world,right_ankle_roll_sphere_5_link,-0.0008755876631780539,0.0008755876631780539,foot-ground,True,False
156,right_knee_link,right_ankle_roll_link,right_knee_link,right_ankle_roll_link,-0.03708759614349469,0.03708759614349469,self-collision,False,False
156,ground,left_rubber_hand_link,world,left_rubber_hand_link,-0.0009986186389766283,0.0009986186389766283,robot-ground-excluding-foot,False,True
156,ground,right_rubber_hand_link,world,right_rubber_hand_link,-0.0009997045439657098,0.0009997045439657098,robot-ground-excluding-foot,False,True
156,ground,left_ankle_roll_link,world,left_ankle_roll_link,-0.0010241534802387375,0.0010241534802387375,foot-ground,True,False
156,left_knee_link,left_ankle_roll_link,left_knee_link,left_ankle_roll_link,-0.042515485231383265,0.042515485231383265,self-collision,False,False
156,left_rubber_hand_link,largebox,left_rubber_hand_link,largebox_link,-0.0009126685353803843,0.0009126685353803843,hand-box,True,False
156,ground,right_ankle_roll_sphere_1_link,world,right_ankle_roll_sphere_1_link,-0.0005316938833523589,0.0005316938833523589,foot-ground,True,False
157,ground,right_ankle_roll_sphere_2_link,world,right_ankle_roll_sphere_2_link,-0.0006569011938284469,0.0006569011938284469,foot-ground,True,False
157,pelvis_contour_link,right_hip_roll_link,pelvis_contour_link,right_hip_roll_link,-0.008215131915384324,0.008215131915384324,self-collision,False,False
157,right_rubber_hand_link,largebox,right_rubber_hand_link,largebox_link,-0.001000567644169656,0.001000567644169656,hand-box,True,False
157,left_ankle_intermediate_1_link,left_ankle_roll_link,left_ankle_intermediate_1_link,left_ankle_roll_link,-7.51498168103798e-05,7.51498168103798e-05,self-collision,False,False
157,right_hip_yaw_link,largebox,right_hip_yaw_link,largebox_link,-0.000977761936646171,0.000977761936646171,other-body-box,False,True
157,left_shoulder_yaw_link,largebox,left_shoulder_yaw_link,largebox_link,-0.0008107406009285056,0.0008107406009285056,other-body-box,False,True
157,ground,right_ankle_roll_link,world,right_ankle_roll_link,-0.0014107271111320416,0.0014107271111320416,foot-ground,True,False
157,ground,right_ankle_roll_sphere_3_link,world,right_ankle_roll_sphere_3_link,-0.0009197673742538581,0.0009197673742538581,foot-ground,True,False
157,ground,left_ankle_roll_sphere_2_link,world,left_ankle_roll_sphere_2_link,-0.0005960677657573651,0.0005960677657573651,foot-ground,True,False
157,ground,right_ankle_roll_sphere_4_link,world,right_ankle_roll_sphere_4_link,-0.0009989378372642485,0.0009989378372642485,foot-ground,True,False
157,pelvis_contour_link,left_hip_roll_link,pelvis_contour_link,left_hip_roll_link,-0.005186740389826139,0.005186740389826139,self-collision,False,False
157,ground,largebox,world,largebox_link,-0.008619395416428366,0.008619395416428366,object-ground,True,False
157,ground,right_ankle_roll_sphere_5_link,world,right_ankle_roll_sphere_5_link,-0.0009988160298592423,0.0009988160298592423,foot-ground,True,False
157,right_knee_link,right_ankle_roll_link,right_knee_link,right_ankle_roll_link,-0.0372451809527925,0.0372451809527925,self-collision,False,False
157,ground,left_rubber_hand_link,world,left_rubber_hand_link,-0.000999204465311307,0.000999204465311307,robot-ground-excluding-foot,False,True
157,ground,right_rubber_hand_link,world,right_rubber_hand_link,-0.000999246131639403,0.000999246131639403,robot-ground-excluding-foot,False,True
157,ground,left_ankle_roll_link,world,left_ankle_roll_link,-0.001000923057666879,0.001000923057666879,foot-ground,True,False
157,left_knee_link,left_ankle_roll_link,left_knee_link,left_ankle_roll_link,-0.042909010704432454,0.042909010704432454,self-collision,False,False
157,left_rubber_hand_link,largebox,left_rubber_hand_link,largebox_link,-0.0009806122097838488,0.0009806122097838488,hand-box,True,False
157,ground,right_ankle_roll_sphere_1_link,world,right_ankle_roll_sphere_1_link,-0.0005909258079864537,0.0005909258079864537,foot-ground,True,False
158,ground,right_ankle_roll_sphere_2_link,world,right_ankle_roll_sphere_2_link,-0.0006989163279597912,0.0006989163279597912,foot-ground,True,False
158,pelvis_contour_link,right_hip_roll_link,pelvis_contour_link,right_hip_roll_link,-0.008283495851416009,0.008283495851416009,self-collision,False,False
158,right_rubber_hand_link,largebox,right_rubber_hand_link,largebox_link,-0.0009987536835028843,0.0009987536835028843,hand-box,True,False
158,left_ankle_intermediate_1_link,left_ankle_roll_link,left_ankle_intermediate_1_link,left_ankle_roll_link,-0.0003179225824022913,0.0003179225824022913,self-collision,False,False
158,left_shoulder_yaw_link,largebox,left_shoulder_yaw_link,largebox_link,-0.0013082092599151773,0.0013082092599151773,other-body-box,False,True
158,ground,right_ankle_roll_link,world,right_ankle_roll_link,-0.0013994923523093991,0.0013994923523093991,foot-ground,True,False
158,ground,right_ankle_roll_sphere_3_link,world,right_ankle_roll_sphere_3_link,-0.0008494781132616291,0.0008494781132616291,foot-ground,True,False
158,ground,left_ankle_roll_sphere_2_link,world,left_ankle_roll_sphere_2_link,-0.0005649264261063753,0.0005649264261063753,foot-ground,True,False
158,ground,right_ankle_roll_sphere_4_link,world,right_ankle_roll_sphere_4_link,-0.000999035597722151,0.000999035597722151,foot-ground,True,False
158,pelvis_contour_link,left_hip_roll_link,pelvis_contour_link,left_hip_roll_link,-0.005190820953786715,0.005190820953786715,self-collision,False,False
158,ground,largebox,world,largebox_link,-0.00670149025878225,0.00670149025878225,object-ground,True,False
158,ground,right_ankle_roll_sphere_5_link,world,right_ankle_roll_sphere_5_link,-0.0009580987550280471,0.0009580987550280471,foot-ground,True,False
158,right_knee_link,right_ankle_roll_link,right_knee_link,right_ankle_roll_link,-0.037229143071961845,0.037229143071961845,self-collision,False,False
158,ground,left_rubber_hand_link,world,left_rubber_hand_link,-0.00012902940159909004,0.00012902940159909004,robot-ground-excluding-foot,False,True
158,ground,right_rubber_hand_link,world,right_rubber_hand_link,-0.0009994313962744111,0.0009994313962744111,robot-ground-excluding-foot,False,True
158,ground,left_ankle_roll_link,world,left_ankle_roll_link,-0.0010000258308078512,0.0010000258308078512,foot-ground,True,False
158,left_knee_link,left_ankle_roll_link,left_knee_link,left_ankle_roll_link,-0.04330397949911391,0.04330397949911391,self-collision,False,False
158,left_rubber_hand_link,largebox,left_rubber_hand_link,largebox_link,-0.0009804138460405842,0.0009804138460405842,hand-box,True,False
158,ground,right_ankle_roll_sphere_1_link,world,right_ankle_roll_sphere_1_link,-0.0005742850909093563,0.0005742850909093563,foot-ground,True,False
159,ground,right_ankle_roll_sphere_2_link,world,right_ankle_roll_sphere_2_link,-0.0006374347757493624,0.0006374347757493624,foot-ground,True,False
159,pelvis_contour_link,right_hip_roll_link,pelvis_contour_link,right_hip_roll_link,-0.008389878606602896,0.008389878606602896,self-collision,False,False
159,right_rubber_hand_link,largebox,right_rubber_hand_link,largebox_link,-0.0010038048508606429,0.0010038048508606429,hand-box,True,False
159,left_ankle_intermediate_1_link,left_ankle_roll_link,left_ankle_intermediate_1_link,left_ankle_roll_link,-0.0005611733309264233,0.0005611733309264233,self-collision,False,False
159,left_shoulder_yaw_link,largebox,left_shoulder_yaw_link,largebox_link,-0.0009728338366805506,0.0009728338366805506,other-body-box,False,True
159,ground,right_ankle_roll_link,world,right_ankle_roll_link,-0.001412092463833517,0.001412092463833517,foot-ground,True,False
159,ground,right_ankle_roll_sphere_3_link,world,right_ankle_roll_sphere_3_link,-0.0009156574860650453,0.0009156574860650453,foot-ground,True,False
159,ground,left_ankle_roll_sphere_2_link,world,left_ankle_roll_sphere_2_link,-0.0005815400462255592,0.0005815400462255592,foot-ground,True,False
159,ground,right_ankle_roll_sphere_4_link,world,right_ankle_roll_sphere_4_link,-0.000999294280234003,0.000999294280234003,foot-ground,True,False
159,pelvis_contour_link,left_hip_roll_link,pelvis_contour_link,left_hip_roll_link,-0.005180676061218692,0.005180676061218692,self-collision,False,False
159,ground,largebox,world,largebox_link,-0.006064336136306719,0.006064336136306719,object-ground,True,False
159,ground,right_ankle_roll_sphere_5_link,world,right_ankle_roll_sphere_5_link,-0.0009992276209891985,0.0009992276209891985,foot-ground,True,False
159,right_knee_link,right_ankle_roll_link,right_knee_link,right_ankle_roll_link,-0.037456360795536964,0.037456360795536964,self-collision,False,False
159,ground,left_rubber_hand_link,world,left_rubber_hand_link,-0.00036567429696406084,0.00036567429696406084,robot-ground-excluding-foot,False,True
159,ground,right_rubber_hand_link,world,right_rubber_hand_link,-0.0009999328670928231,0.0009999328670928231,robot-ground-excluding-foot,False,True
159,ground,left_ankle_roll_link,world,left_ankle_roll_link,-0.0010000597847051734,0.0010000597847051734,foot-ground,True,False
159,left_knee_link,left_ankle_roll_link,left_knee_link,left_ankle_roll_link,-0.04369203067511676,0.04369203067511676,self-collision,False,False
159,left_rubber_hand_link,largebox,left_rubber_hand_link,largebox_link,-0.0017800321856708406,0.0017800321856708406,hand-box,True,False
159,ground,right_ankle_roll_sphere_1_link,world,right_ankle_roll_sphere_1_link,-0.0005677374472752321,0.0005677374472752321,foot-ground,True,False
160,ground,right_ankle_roll_sphere_2_link,world,right_ankle_roll_sphere_2_link,-0.0006606387188189391,0.0006606387188189391,foot-ground,True,False
160,pelvis_contour_link,right_hip_roll_link,pelvis_contour_link,right_hip_roll_link,-0.008467273367427919,0.008467273367427919,self-collision,False,False
160,right_rubber_hand_link,largebox,right_rubber_hand_link,largebox_link,-0.001009592688003949,0.001009592688003949,hand-box,True,False
160,left_ankle_intermediate_1_link,left_ankle_roll_link,left_ankle_intermediate_1_link,left_ankle_roll_link,-0.0005040160853261588,0.0005040160853261588,self-collision,False,False
160,left_shoulder_yaw_link,largebox,left_shoulder_yaw_link,largebox_link,-0.001141505896478462,0.001141505896478462,other-body-box,False,True
160,ground,right_ankle_roll_link,world,right_ankle_roll_link,-0.0014103823081745293,0.0014103823081745293,foot-ground,True,False
160,ground,right_ankle_roll_sphere_3_link,world,right_ankle_roll_sphere_3_link,-0.0009205819225433535,0.0009205819225433535,foot-ground,True,False
160,ground,left_ankle_roll_sphere_2_link,world,left_ankle_roll_sphere_2_link,-0.0009753066661890705,0.0009753066661890705,foot-ground,True,False
160,ground,right_ankle_roll_sphere_4_link,world,right_ankle_roll_sphere_4_link,-0.0009987717473138617,0.0009987717473138617,foot-ground,True,False
160,pelvis_contour_link,left_hip_roll_link,pelvis_contour_link,left_hip_roll_link,-0.005188605430544516,0.005188605430544516,self-collision,False,False
160,ground,largebox,world,largebox_link,-0.0059366206472082905,0.0059366206472082905,object-ground,True,False
160,ground,right_ankle_roll_sphere_5_link,world,right_ankle_roll_sphere_5_link,-0.0009986906243126112,0.0009986906243126112,foot-ground,True,False
160,right_knee_link,right_ankle_roll_link,right_knee_link,right_ankle_roll_link,-0.03775745015154924,0.03775745015154924,self-collision,False,False
160,ground,left_rubber_hand_link,world,left_rubber_hand_link,-0.0009968717549315442,0.0009968717549315442,robot-ground-excluding-foot,False,True
160,ground,right_rubber_hand_link,world,right_rubber_hand_link,-0.00099871662368832,0.00099871662368832,robot-ground-excluding-foot,False,True
160,ground,left_ankle_roll_link,world,left_ankle_roll_link,-0.0014026927204633423,0.0014026927204633423,foot-ground,True,False
160,left_knee_link,left_ankle_roll_link,left_knee_link,left_ankle_roll_link,-0.04359827433009461,0.04359827433009461,self-collision,False,False
160,left_rubber_hand_link,largebox,left_rubber_hand_link,largebox_link,-0.0010528657186309048,0.0010528657186309048,hand-box,True,False
160,ground,right_ankle_roll_sphere_1_link,world,right_ankle_roll_sphere_1_link,-0.0005954805315101846,0.0005954805315101846,foot-ground,True,False
161,ground,right_ankle_roll_sphere_2_link,world,right_ankle_roll_sphere_2_link,-0.000637462344708825,0.000637462344708825,foot-ground,True,False
161,pelvis_contour_link,right_hip_roll_link,pelvis_contour_link,right_hip_roll_link,-0.008490986846825019,0.008490986846825019,self-collision,False,False
161,right_rubber_hand_link,largebox,right_rubber_hand_link,largebox_link,-0.0009993409922546131,0.0009993409922546131,hand-box,True,False
161,left_ankle_intermediate_1_link,left_ankle_roll_link,left_ankle_intermediate_1_link,left_ankle_roll_link,-0.00042045465934505144,0.00042045465934505144,self-collision,False,False
161,left_shoulder_yaw_link,largebox,left_shoulder_yaw_link,largebox_link,-0.0010157556796713263,0.0010157556796713263,other-body-box,False,True
161,ground,right_ankle_roll_link,world,right_ankle_roll_link,-0.0014120347656396345,0.0014120347656396345,foot-ground,True,False
161,ground,right_ankle_roll_sphere_3_link,world,right_ankle_roll_sphere_3_link,-0.0009156224810684043,0.0009156224810684043,foot-ground,True,False
161,ground,right_ankle_roll_sphere_4_link,world,right_ankle_roll_sphere_4_link,-0.0009992406492730739,0.0009992406492730739,foot-ground,True,False
161,pelvis_contour_link,left_hip_roll_link,pelvis_contour_link,left_hip_roll_link,-0.005210344196487776,0.005210344196487776,self-collision,False,False
161,ground,largebox,world,largebox_link,-0.005039517427734258,0.005039517427734258,object-ground,True,False
161,ground,right_ankle_roll_sphere_5_link,world,right_ankle_roll_sphere_5_link,-0.0009991739326860932,0.0009991739326860932,foot-ground,True,False
161,right_knee_link,right_ankle_roll_link,right_knee_link,right_ankle_roll_link,-0.03799915702283452,0.03799915702283452,self-collision,False,False
161,ground,left_rubber_hand_link,world,left_rubber_hand_link,-0.0009972715870741472,0.0009972715870741472,robot-ground-excluding-foot,False,True
161,ground,right_rubber_hand_link,world,right_rubber_hand_link,-0.0009991656155930034,0.0009991656155930034,robot-ground-excluding-foot,False,True
161,ground,left_ankle_roll_link,world,left_ankle_roll_link,-0.0010000899069344468,0.0010000899069344468,foot-ground,True,False
161,left_knee_link,left_ankle_roll_link,left_knee_link,left_ankle_roll_link,-0.043470781426399735,0.043470781426399735,self-collision,False,False
161,left_rubber_hand_link,largebox,left_rubber_hand_link,largebox_link,-0.0009405946701243478,0.0009405946701243478,hand-box,True,False
161,ground,right_ankle_roll_sphere_1_link,world,right_ankle_roll_sphere_1_link,-0.0005677805378716009,0.0005677805378716009,foot-ground,True,False
161,ground,left_ankle_roll_sphere_4_link,world,left_ankle_roll_sphere_4_link,-0.0005823821129696078,0.0005823821129696078,foot-ground,True,False
162,ground,right_ankle_roll_sphere_2_link,world,right_ankle_roll_sphere_2_link,-0.0006376566101960598,0.0006376566101960598,foot-ground,True,False
162,pelvis_contour_link,right_hip_roll_link,pelvis_contour_link,right_hip_roll_link,-0.00843033043128509,0.00843033043128509,self-collision,False,False
162,right_rubber_hand_link,largebox,right_rubber_hand_link,largebox_link,-0.0009997187722189105,0.0009997187722189105,hand-box,True,False
162,ground,left_ankle_roll_sphere_5_link,world,left_ankle_roll_sphere_5_link,-7.185139517780752e-05,7.185139517780752e-05,foot-ground,True,False
162,left_ankle_intermediate_1_link,left_ankle_roll_link,left_ankle_intermediate_1_link,left_ankle_roll_link,-0.00037629667118917187,0.00037629667118917187,self-collision,False,False
162,left_shoulder_yaw_link,largebox,left_shoulder_yaw_link,largebox_link,-0.0011728486378579372,0.0011728486378579372,other-body-box,False,True
162,ground,right_ankle_roll_link,world,right_ankle_roll_link,-0.0014123537640645632,0.0014123537640645632,foot-ground,True,False
162,ground,right_ankle_roll_sphere_3_link,world,right_ankle_roll_sphere_3_link,-0.0009159289035012069,0.0009159289035012069,foot-ground,True,False
162,ground,right_ankle_roll_sphere_4_link,world,right_ankle_roll_sphere_4_link,-0.0009995491594258802,0.0009995491594258802,foot-ground,True,False
162,pelvis_contour_link,left_hip_roll_link,pelvis_contour_link,left_hip_roll_link,-0.005298379070799844,0.005298379070799844,self-collision,False,False
162,ground,largebox,world,largebox_link,-0.0034113582408976384,0.0034113582408976384,object-ground,True,False
162,ground,right_ankle_roll_sphere_5_link,world,right_ankle_roll_sphere_5_link,-0.0009994948190599475,0.0009994948190599475,foot-ground,True,False
162,right_knee_link,right_ankle_roll_link,right_knee_link,right_ankle_roll_link,-0.03823521019855189,0.03823521019855189,self-collision,False,False
162,ground,left_rubber_hand_link,world,left_rubber_hand_link,-0.0009964722828705863,0.0009964722828705863,robot-ground-excluding-foot,False,True
162,ground,right_rubber_hand_link,world,right_rubber_hand_link,-0.0009996857871708564,0.0009996857871708564,robot-ground-excluding-foot,False,True
162,ground,left_ankle_roll_link,world,left_ankle_roll_link,-0.0010003389905467452,0.0010003389905467452,foot-ground,True,False
162,left_knee_link,left_ankle_roll_link,left_knee_link,left_ankle_roll_link,-0.043402463536594355,0.043402463536594355,self-collision,False,False
162,left_rubber_hand_link,largebox,left_rubber_hand_link,largebox_link,-0.0009938290683317724,0.0009938290683317724,hand-box,True,False
162,ground,right_ankle_roll_sphere_1_link,world,right_ankle_roll_sphere_1_link,-0.0005679730635921648,0.0005679730635921648,foot-ground,True,False
162,ground,left_ankle_roll_sphere_4_link,world,left_ankle_roll_sphere_4_link,-0.0005671025146352605,0.0005671025146352605,foot-ground,True,False
163,ground,right_ankle_roll_sphere_2_link,world,right_ankle_roll_sphere_2_link,-0.0006374669518910995,0.0006374669518910995,foot-ground,True,False
163,pelvis_contour_link,right_hip_roll_link,pelvis_contour_link,right_hip_roll_link,-0.008557689171129049,0.008557689171129049,self-collision,False,False
163,right_rubber_hand_link,largebox,right_rubber_hand_link,largebox_link,-0.0010058080602499964,0.0010058080602499964,hand-box,True,False
163,ground,left_ankle_roll_sphere_5_link,world,left_ankle_roll_sphere_5_link,-0.000128544733669053,0.000128544733669053,foot-ground,True,False
163,left_ankle_intermediate_1_link,left_ankle_roll_link,left_ankle_intermediate_1_link,left_ankle_roll_link,-0.00036021197603565425,0.00036021197603565425,self-collision,False,False
163,left_shoulder_yaw_link,largebox,left_shoulder_yaw_link,largebox_link,-0.001125927518695155,0.001125927518695155,other-body-box,False,True
163,ground,right_ankle_roll_link,world,right_ankle_roll_link,-0.0014120793342921462,0.0014120793342921462,foot-ground,True,False
163,ground,right_ankle_roll_sphere_3_link,world,right_ankle_roll_sphere_3_link,-0.0009156506610425294,0.0009156506610425294,foot-ground,True,False
163,ground,right_ankle_roll_sphere_4_link,world,right_ankle_roll_sphere_4_link,-0.000999284578030015,0.000999284578030015,foot-ground,True,False
163,pelvis_contour_link,left_hip_roll_link,pelvis_contour_link,left_hip_roll_link,-0.005299603353800947,0.005299603353800947,self-collision,False,False
163,ground,largebox,world,largebox_link,-0.0027335402352362537,0.0027335402352362537,object-ground,True,False
163,ground,right_ankle_roll_sphere_5_link,world,right_ankle_roll_sphere_5_link,-0.0009992144587194036,0.0009992144587194036,foot-ground,True,False
163,right_knee_link,right_ankle_roll_link,right_knee_link,right_ankle_roll_link,-0.038389860939578635,0.038389860939578635,self-collision,False,False
163,ground,left_rubber_hand_link,world,left_rubber_hand_link,-0.0009982632382280338,0.0009982632382280338,robot-ground-excluding-foot,False,True
163,ground,right_rubber_hand_link,world,right_rubber_hand_link,-0.0009997537425231046,0.0009997537425231046,robot-ground-excluding-foot,False,True
163,ground,left_ankle_roll_link,world,left_ankle_roll_link,-0.0010011042933528863,0.0010011042933528863,foot-ground,True,False
163,left_knee_link,left_ankle_roll_link,left_knee_link,left_ankle_roll_link,-0.043380581761123777,0.043380581761123777,self-collision,False,False
163,left_rubber_hand_link,largebox,left_rubber_hand_link,largebox_link,-0.0009708001262854898,0.0009708001262854898,hand-box,True,False
163,ground,right_ankle_roll_sphere_1_link,world,right_ankle_roll_sphere_1_link,-0.0005677720210681926,0.0005677720210681926,foot-ground,True,False
163,ground,left_ankle_roll_sphere_4_link,world,left_ankle_roll_sphere_4_link,-0.0005128534340739397,0.0005128534340739397,foot-ground,True,False
164,ground,right_ankle_roll_sphere_2_link,world,right_ankle_roll_sphere_2_link,-0.0006375899164236696,0.0006375899164236696,foot-ground,True,False
164,pelvis_contour_link,right_hip_roll_link,pelvis_contour_link,right_hip_roll_link,-0.00843556272279937,0.00843556272279937,self-collision,False,False
164,right_rubber_hand_link,largebox,right_rubber_hand_link,largebox_link,-0.0010166591213414539,0.0010166591213414539,hand-box,True,False
164,ground,left_ankle_roll_sphere_5_link,world,left_ankle_roll_sphere_5_link,-0.00014260433883434964,0.00014260433883434964,foot-ground,True,False
164,left_ankle_intermediate_1_link,left_ankle_roll_link,left_ankle_intermediate_1_link,left_ankle_roll_link,-0.0003564293118314549,0.0003564293118314549,self-collision,False,False
164,left_shoulder_yaw_link,largebox,left_shoulder_yaw_link,largebox_link,-0.0011417103955679853,0.0011417103955679853,other-body-box,False,True
164,ground,right_ankle_roll_link,world,right_ankle_roll_link,-0.001412232742538811,0.001412232742538811,foot-ground,True,False
164,ground,right_ankle_roll_sphere_3_link,world,right_ankle_roll_sphere_3_link,-0.0009158147117727415,0.0009158147117727415,foot-ground,True,False
164,ground,right_ankle_roll_sphere_4_link,world,right_ankle_roll_sphere_4_link,-0.0009994324084606756,0.0009994324084606756,foot-ground,True,False
164,pelvis_contour_link,left_hip_roll_link,pelvis_contour_link,left_hip_roll_link,-0.005358202355341499,0.005358202355341499,self-collision,False,False
164,ground,largebox,world,largebox_link,-0.0033070616425555366,0.0033070616425555366,object-ground,True,False
164,ground,right_ankle_roll_sphere_5_link,world,right_ankle_roll_sphere_5_link,-0.00099937348372216,0.00099937348372216,foot-ground,True,False
164,right_knee_link,right_ankle_roll_link,right_knee_link,right_ankle_roll_link,-0.03862176866438857,0.03862176866438857,self-collision,False,False
164,ground,left_rubber_hand_link,world,left_rubber_hand_link,-0.0006751057957396778,0.0006751057957396778,robot-ground-excluding-foot,False,True
164,ground,right_rubber_hand_link,world,right_rubber_hand_link,-0.0009987382654054883,0.0009987382654054883,robot-ground-excluding-foot,False,True
164,ground,left_ankle_roll_link,world,left_ankle_roll_link,-0.0009999846698148449,0.0009999846698148449,foot-ground,True,False
164,left_knee_link,left_ankle_roll_link,left_knee_link,left_ankle_roll_link,-0.043381494990864244,0.043381494990864244,self-collision,False,False
164,left_rubber_hand_link,largebox,left_rubber_hand_link,largebox_link,-0.0013645059077814908,0.0013645059077814908,hand-box,True,False
164,ground,right_ankle_roll_sphere_1_link,world,right_ankle_roll_sphere_1_link,-0.0005679085025170573,0.0005679085025170573,foot-ground,True,False
164,ground,left_ankle_roll_sphere_4_link,world,left_ankle_roll_sphere_4_link,-0.00044952940311191857,0.00044952940311191857,foot-ground,True,False
165,ground,right_ankle_roll_sphere_2_link,world,right_ankle_roll_sphere_2_link,-0.0006374964900347597,0.0006374964900347597,foot-ground,True,False
165,pelvis_contour_link,right_hip_roll_link,pelvis_contour_link,right_hip_roll_link,-0.007686759758740641,0.007686759758740641,self-collision,False,False
165,right_rubber_hand_link,largebox,right_rubber_hand_link,largebox_link,-0.0010026228849786822,0.0010026228849786822,hand-box,True,False
165,ground,left_ankle_roll_sphere_5_link,world,left_ankle_roll_sphere_5_link,-0.00019617422681104512,0.00019617422681104512,foot-ground,True,False
165,left_ankle_intermediate_1_link,left_ankle_roll_link,left_ankle_intermediate_1_link,left_ankle_roll_link,-0.00021201013437424643,0.00021201013437424643,self-collision,False,False
165,left_shoulder_yaw_link,largebox,left_shoulder_yaw_link,largebox_link,-0.0010201952180870777,0.0010201952180870777,other-body-box,False,True
165,ground,right_ankle_roll_link,world,right_ankle_roll_link,-0.0014120934807529961,0.0014120934807529961,foot-ground,True,False
165,ground,right_ankle_roll_sphere_3_link,world,right_ankle_roll_sphere_3_link,-0.0009156637204767023,0.0009156637204767023,foot-ground,True,False
165,ground,right_ankle_roll_sphere_4_link,world,right_ankle_roll_sphere_4_link,-0.000999300599516066,0.000999300599516066,foot-ground,True,False
165,pelvis_contour_link,left_hip_roll_link,pelvis_contour_link,left_hip_roll_link,-0.005252842237685421,0.005252842237685421,self-collision,False,False
165,ground,largebox,world,largebox_link,-0.0036989498235192875,0.0036989498235192875,object-ground,True,False
165,ground,right_ankle_roll_sphere_5_link,world,right_ankle_roll_sphere_5_link,-0.000999227379944778,0.000999227379944778,foot-ground,True,False
165,right_knee_link,right_ankle_roll_link,right_knee_link,right_ankle_roll_link,-0.03871355861484477,0.03871355861484477,self-collision,False,False
165,ground,left_rubber_hand_link,world,left_rubber_hand_link,-0.0009992527813824509,0.0009992527813824509,robot-ground-excluding-foot,False,True
165,ground,right_rubber_hand_link,world,right_rubber_hand_link,-0.0009999476182484535,0.0009999476182484535,robot-ground-excluding-foot,False,True
165,ground,left_ankle_roll_link,world,left_ankle_roll_link,-0.0009999580052464652,0.0009999580052464652,foot-ground,True,False
165,left_knee_link,left_ankle_roll_link,left_knee_link,left_ankle_roll_link,-0.04316077886929143,0.04316077886929143,self-collision,False,False
165,left_rubber_hand_link,largebox,left_rubber_hand_link,largebox_link,-0.0007576685209077783,0.0007576685209077783,hand-box,True,False
165,ground,right_ankle_roll_sphere_1_link,world,right_ankle_roll_sphere_1_link,-0.0005677990908352906,0.0005677990908352906,foot-ground,True,False
165,ground,left_ankle_roll_sphere_4_link,world,left_ankle_roll_sphere_4_link,-0.00025347389641703754,0.00025347389641703754,foot-ground,True,False
166,ground,right_ankle_roll_sphere_2_link,world,right_ankle_roll_sphere_2_link,-0.000637395006273969,0.000637395006273969,foot-ground,True,False
166,pelvis_contour_link,right_hip_roll_link,pelvis_contour_link,right_hip_roll_link,-0.008473934354725321,0.008473934354725321,self-collision,False,False
166,right_rubber_hand_link,largebox,right_rubber_hand_link,largebox_link,-0.0010051668245948941,0.0010051668245948941,hand-box,True,False
166,ground,left_ankle_roll_sphere_5_link,world,left_ankle_roll_sphere_5_link,-0.00014403500110000533,0.00014403500110000533,foot-ground,True,False
166,left_ankle_intermediate_1_link,left_ankle_roll_link,left_ankle_intermediate_1_link,left_ankle_roll_link,-0.00011989789479979751,0.00011989789479979751,self-collision,False,False
166,left_shoulder_yaw_link,largebox,left_shoulder_yaw_link,largebox_link,-0.0008685921023680182,0.0008685921023680182,other-body-box,False,True
166,ground,right_ankle_roll_link,world,right_ankle_roll_link,-0.0014119888154409121,0.0014119888154409121,foot-ground,True,False
166,ground,right_ankle_roll_sphere_3_link,world,right_ankle_roll_sphere_3_link,-0.0009155729749619748,0.0009155729749619748,foot-ground,True,False
166,ground,right_ankle_roll_sphere_4_link,world,right_ankle_roll_sphere_4_link,-0.0009991932086445094,0.0009991932086445094,foot-ground,True,False
166,pelvis_contour_link,left_hip_roll_link,pelvis_contour_link,left_hip_roll_link,-0.005421992328157349,0.005421992328157349,self-collision,False,False
166,ground,largebox,world,largebox_link,-0.0033454913191396374,0.0033454913191396374,object-ground,True,False
166,ground,right_ankle_roll_sphere_5_link,world,right_ankle_roll_sphere_5_link,-0.0009991277799872014,0.0009991277799872014,foot-ground,True,False
166,right_knee_link,right_ankle_roll_link,right_knee_link,right_ankle_roll_link,-0.03870996503566995,0.03870996503566995,self-collision,False,False
166,ground,left_ankle_roll_link,world,left_ankle_roll_link,-0.0010000822852426275,0.0010000822852426275,foot-ground,True,False
166,left_knee_link,left_ankle_roll_link,left_knee_link,left_ankle_roll_link,-0.04301644897416404,0.04301644897416404,self-collision,False,False
166,left_rubber_hand_link,largebox,left_rubber_hand_link,largebox_link,-0.0011349102525525373,0.0011349102525525373,hand-box,True,False
166,ground,right_ankle_roll_sphere_1_link,world,right_ankle_roll_sphere_1_link,-0.0005677114782051918,0.0005677114782051918,foot-ground,True,False
166,ground,left_ankle_roll_sphere_4_link,world,left_ankle_roll_sphere_4_link,-0.00021274738023475525,0.00021274738023475525,foot-ground,True,False
167,ground,right_ankle_roll_sphere_2_link,world,right_ankle_roll_sphere_2_link,-0.0006375493486426497,0.0006375493486426497,foot-ground,True,False
167,pelvis_contour_link,right_hip_roll_link,pelvis_contour_link,right_hip_roll_link,-0.008610281505941605,0.008610281505941605,self-collision,False,False
167,right_rubber_hand_link,largebox,right_rubber_hand_link,largebox_link,-0.0009352688254211511,0.0009352688254211511,hand-box,True,False
167,ground,left_ankle_roll_sphere_5_link,world,left_ankle_roll_sphere_5_link,-0.0001591801906487651,0.0001591801906487651,foot-ground,True,False
167,left_shoulder_yaw_link,largebox,left_shoulder_yaw_link,largebox_link,-0.0009989282424480161,0.0009989282424480161,other-body-box,False,True
167,ground,right_ankle_roll_link,world,right_ankle_roll_link,-0.0014121911730509591,0.0014121911730509591,foot-ground,True,False
167,ground,right_ankle_roll_sphere_3_link,world,right_ankle_roll_sphere_3_link,-0.0009158103622890932,0.0009158103622890932,foot-ground,True,False
167,ground,right_ankle_roll_sphere_4_link,world,right_ankle_roll_sphere_4_link,-0.0009993827534802322,0.0009993827534802322,foot-ground,True,False
167,pelvis_contour_link,left_hip_roll_link,pelvis_contour_link,left_hip_roll_link,-0.005466014780553322,0.005466014780553322,self-collision,False,False
167,ground,largebox,world,largebox_link,-0.0032885224614347397,0.0032885224614347397,object-ground,True,False
167,ground,right_ankle_roll_sphere_5_link,world,right_ankle_roll_sphere_5_link,-0.0009993458565793643,0.0009993458565793643,foot-ground,True,False
167,right_knee_link,right_ankle_roll_link,right_knee_link,right_ankle_roll_link,-0.03853416001657467,0.03853416001657467,self-collision,False,False
167,ground,left_ankle_roll_link,world,left_ankle_roll_link,-0.0009997410588123874,0.0009997410588123874,foot-ground,True,False
167,left_knee_link,left_ankle_roll_link,left_knee_link,left_ankle_roll_link,-0.04282738560468702,0.04282738560468702,self-collision,False,False
167,left_rubber_hand_link,largebox,left_rubber_hand_link,largebox_link,-0.0013393071190056505,0.0013393071190056505,hand-box,True,False
167,ground,right_ankle_roll_sphere_1_link,world,right_ankle_roll_sphere_1_link,-0.0005679056893167006,0.0005679056893167006,foot-ground,True,False
167,ground,left_ankle_roll_sphere_4_link,world,left_ankle_roll_sphere_4_link,-0.0001576764984043506,0.0001576764984043506,foot-ground,True,False
168,ground,right_ankle_roll_sphere_2_link,world,right_ankle_roll_sphere_2_link,-0.0006376434317933851,0.0006376434317933851,foot-ground,True,False
168,pelvis_contour_link,right_hip_roll_link,pelvis_contour_link,right_hip_roll_link,-0.008661033927950812,0.008661033927950812,self-collision,False,False
168,right_rubber_hand_link,largebox,right_rubber_hand_link,largebox_link,-0.0012742214760083914,0.0012742214760083914,hand-box,True,False
168,ground,left_ankle_roll_sphere_5_link,world,left_ankle_roll_sphere_5_link,-0.00015921939109426585,0.00015921939109426585,foot-ground,True,False
168,left_shoulder_yaw_link,largebox,left_shoulder_yaw_link,largebox_link,-0.0009103127429122837,0.0009103127429122837,other-body-box,False,True
168,ground,right_ankle_roll_link,world,right_ankle_roll_link,-0.0014119919105669912,0.0014119919105669912,foot-ground,True,False
168,ground,right_ankle_roll_sphere_3_link,world,right_ankle_roll_sphere_3_link,-0.0009157148897317785,0.0009157148897317785,foot-ground,True,False
168,ground,right_ankle_roll_sphere_4_link,world,right_ankle_roll_sphere_4_link,-0.0009991918231034317,0.0009991918231034317,foot-ground,True,False
168,pelvis_contour_link,left_hip_roll_link,pelvis_contour_link,left_hip_roll_link,-0.005054517265019667,0.005054517265019667,self-collision,False,False
168,ground,largebox,world,largebox_link,-0.00327682267585247,0.00327682267585247,object-ground,True,False
168,ground,right_ankle_roll_sphere_5_link,world,right_ankle_roll_sphere_5_link,-0.000999170059970046,0.000999170059970046,foot-ground,True,False
168,right_knee_link,right_ankle_roll_link,right_knee_link,right_ankle_roll_link,-0.0381019039587821,0.0381019039587821,self-collision,False,False
168,ground,left_ankle_roll_link,world,left_ankle_roll_link,-0.0009998041600783707,0.0009998041600783707,foot-ground,True,False
168,left_knee_link,left_ankle_roll_link,left_knee_link,left_ankle_roll_link,-0.042333836819004544,0.042333836819004544,self-collision,False,False
168,ground,right_ankle_roll_sphere_1_link,world,right_ankle_roll_sphere_1_link,-0.0005680793206503413,0.0005680793206503413,foot-ground,True,False
168,ground,left_ankle_roll_sphere_4_link,world,left_ankle_roll_sphere_4_link,-8.885294014585998e-05,8.885294014585998e-05,foot-ground,True,False
169,ground,right_ankle_roll_sphere_2_link,world,right_ankle_roll_sphere_2_link,-0.000637467847080588,0.000637467847080588,foot-ground,True,False
169,pelvis_contour_link,right_hip_roll_link,pelvis_contour_link,right_hip_roll_link,-0.008912920652872178,0.008912920652872178,self-collision,False,False
169,right_rubber_hand_link,largebox,right_rubber_hand_link,largebox_link,-0.0012552645785272043,0.0012552645785272043,hand-box,True,False
169,ground,left_ankle_roll_sphere_5_link,world,left_ankle_roll_sphere_5_link,-0.00015389646729657269,0.00015389646729657269,foot-ground,True,False
169,left_shoulder_yaw_link,largebox,left_shoulder_yaw_link,largebox_link,-0.0009229409458158533,0.0009229409458158533,other-body-box,False,True
169,ground,right_ankle_roll_link,world,right_ankle_roll_link,-0.0014121525934510902,0.0014121525934510902,foot-ground,True,False
169,ground,right_ankle_roll_sphere_3_link,world,right_ankle_roll_sphere_3_link,-0.000915728593881642,0.000915728593881642,foot-ground,True,False
169,ground,right_ankle_roll_sphere_4_link,world,right_ankle_roll_sphere_4_link,-0.0009993491179379676,0.0009993491179379676,foot-ground,True,False
169,pelvis_contour_link,left_hip_roll_link,pelvis_contour_link,left_hip_roll_link,-0.004661491319036842,0.004661491319036842,self-collision,False,False
169,ground,largebox,world,largebox_link,-0.0033650770584381373,0.0033650770584381373,object-ground,True,False
169,ground,right_ankle_roll_sphere_5_link,world,right_ankle_roll_sphere_5_link,-0.000999293314010121,0.000999293314010121,foot-ground,True,False
169,right_knee_link,right_ankle_roll_link,right_knee_link,right_ankle_roll_link,-0.037556331481835015,0.037556331481835015,self-collision,False,False
169,ground,left_ankle_roll_link,world,left_ankle_roll_link,-0.0010001427162832782,0.0010001427162832782,foot-ground,True,False
169,left_knee_link,left_ankle_roll_link,left_knee_link,left_ankle_roll_link,-0.04197444962410596,0.04197444962410596,self-collision,False,False
169,ground,right_ankle_roll_sphere_1_link,world,right_ankle_roll_sphere_1_link,-0.0005677840770336477,0.0005677840770336477,foot-ground,True,False
169,ground,left_ankle_roll_sphere_4_link,world,left_ankle_roll_sphere_4_link,-9.517383201022682e-06,9.517383201022682e-06,foot-ground,True,False
170,ground,right_ankle_roll_sphere_2_link,world,right_ankle_roll_sphere_2_link,-0.0006375657962370091,0.0006375657962370091,foot-ground,True,False
170,pelvis_contour_link,right_hip_roll_link,pelvis_contour_link,right_hip_roll_link,-0.009131453768411318,0.009131453768411318,self-collision,False,False
170,ground,left_ankle_roll_sphere_5_link,world,left_ankle_roll_sphere_5_link,-0.00018081357092150207,0.00018081357092150207,foot-ground,True,False
170,ground,right_ankle_roll_link,world,right_ankle_roll_link,-0.0014122910176932978,0.0014122910176932978,foot-ground,True,False
170,ground,right_ankle_roll_sphere_3_link,world,right_ankle_roll_sphere_3_link,-0.000915841190685023,0.000915841190685023,foot-ground,True,False
170,ground,right_ankle_roll_sphere_4_link,world,right_ankle_roll_sphere_4_link,-0.0009994889251285213,0.0009994889251285213,foot-ground,True,False
170,pelvis_contour_link,left_hip_roll_link,pelvis_contour_link,left_hip_roll_link,-0.004311884593843421,0.004311884593843421,self-collision,False,False
170,ground,largebox,world,largebox_link,-0.0033603405169984057,0.0033603405169984057,object-ground,True,False
170,ground,right_ankle_roll_sphere_5_link,world,right_ankle_roll_sphere_5_link,-0.000999424173713191,0.000999424173713191,foot-ground,True,False
170,right_knee_link,right_ankle_roll_link,right_knee_link,right_ankle_roll_link,-0.03702295895668231,0.03702295895668231,self-collision,False,False
170,ground,left_ankle_roll_link,world,left_ankle_roll_link,-0.001000011836764035,0.001000011836764035,foot-ground,True,False
170,left_knee_link,left_ankle_roll_link,left_knee_link,left_ankle_roll_link,-0.04151853318814891,0.04151853318814891,self-collision,False,False
170,ground,right_ankle_roll_sphere_1_link,world,right_ankle_roll_sphere_1_link,-0.0005678593508674249,0.0005678593508674249,foot-ground,True,False
171,ground,right_ankle_roll_sphere_2_link,world,right_ankle_roll_sphere_2_link,-0.000603851603591654,0.000603851603591654,foot-ground,True,False
171,pelvis_contour_link,right_hip_roll_link,pelvis_contour_link,right_hip_roll_link,-0.008694055146399607,0.008694055146399607,self-collision,False,False
171,ground,left_ankle_roll_sphere_5_link,world,left_ankle_roll_sphere_5_link,-0.00017642132942937826,0.00017642132942937826,foot-ground,True,False
171,ground,right_ankle_roll_link,world,right_ankle_roll_link,-0.0014138335196625662,0.0014138335196625662,foot-ground,True,False
171,ground,right_ankle_roll_sphere_3_link,world,right_ankle_roll_sphere_3_link,-0.0009079424445876038,0.0009079424445876038,foot-ground,True,False
171,ground,right_ankle_roll_sphere_4_link,world,right_ankle_roll_sphere_4_link,-0.0009993626056937271,0.0009993626056937271,foot-ground,True,False
171,pelvis_contour_link,left_hip_roll_link,pelvis_contour_link,left_hip_roll_link,-0.005399047882595251,0.005399047882595251,self-collision,False,False
171,ground,largebox,world,largebox_link,-0.0033176622921406163,0.0033176622921406163,object-ground,True,False
171,ground,right_ankle_roll_sphere_5_link,world,right_ankle_roll_sphere_5_link,-0.0009992869551810465,0.0009992869551810465,foot-ground,True,False
171,right_knee_link,right_ankle_roll_link,right_knee_link,right_ankle_roll_link,-0.03641602480328421,0.03641602480328421,self-collision,False,False
171,ground,left_ankle_roll_link,world,left_ankle_roll_link,-0.0009996902141597708,0.0009996902141597708,foot-ground,True,False
171,left_knee_link,left_ankle_roll_link,left_knee_link,left_ankle_roll_link,-0.040572333416691087,0.040572333416691087,self-collision,False,False
171,ground,right_ankle_roll_sphere_1_link,world,right_ankle_roll_sphere_1_link,-0.0005276681360032202,0.0005276681360032202,foot-ground,True,False
172,ground,right_ankle_roll_sphere_2_link,world,right_ankle_roll_sphere_2_link,-0.0006037632647653201,0.0006037632647653201,foot-ground,True,False
172,pelvis_contour_link,right_hip_roll_link,pelvis_contour_link,right_hip_roll_link,-0.007405917075531343,0.007405917075531343,self-collision,False,False
172,ground,left_ankle_roll_sphere_5_link,world,left_ankle_roll_sphere_5_link,-0.00018754444265419844,0.00018754444265419844,foot-ground,True,False
172,ground,right_ankle_roll_link,world,right_ankle_roll_link,-0.001413780729608436,0.001413780729608436,foot-ground,True,False
172,ground,right_ankle_roll_sphere_3_link,world,right_ankle_roll_sphere_3_link,-0.0009078921809976019,0.0009078921809976019,foot-ground,True,False
172,ground,right_ankle_roll_sphere_4_link,world,right_ankle_roll_sphere_4_link,-0.000999305481703446,0.000999305481703446,foot-ground,True,False
172,pelvis_contour_link,left_hip_roll_link,pelvis_contour_link,left_hip_roll_link,-0.005514035690998648,0.005514035690998648,self-collision,False,False
172,ground,largebox,world,largebox_link,-0.0032773474505289335,0.0032773474505289335,object-ground,True,False
172,ground,right_ankle_roll_sphere_5_link,world,right_ankle_roll_sphere_5_link,-0.0009992370009833827,0.0009992370009833827,foot-ground,True,False
172,right_knee_link,right_ankle_roll_link,right_knee_link,right_ankle_roll_link,-0.035451764561252735,0.035451764561252735,self-collision,False,False
172,ground,left_ankle_roll_link,world,left_ankle_roll_link,-0.0009995311633907433,0.0009995311633907433,foot-ground,True,False
172,left_knee_link,left_ankle_roll_link,left_knee_link,left_ankle_roll_link,-0.03985101184471626,0.03985101184471626,self-collision,False,False
172,ground,right_ankle_roll_sphere_1_link,world,right_ankle_roll_sphere_1_link,-0.0005275855141771172,0.0005275855141771172,foot-ground,True,False
173,ground,right_ankle_roll_sphere_2_link,world,right_ankle_roll_sphere_2_link,-0.0006373930620781022,0.0006373930620781022,foot-ground,True,False
173,pelvis_contour_link,right_hip_roll_link,pelvis_contour_link,right_hip_roll_link,-0.0082483428278647,0.0082483428278647,self-collision,False,False
173,ground,left_ankle_roll_sphere_5_link,world,left_ankle_roll_sphere_5_link,-0.0001968474520318243,0.0001968474520318243,foot-ground,True,False
173,ground,right_ankle_roll_link,world,right_ankle_roll_link,-0.001412099006420843,0.001412099006420843,foot-ground,True,False
173,ground,right_ankle_roll_sphere_3_link,world,right_ankle_roll_sphere_3_link,-0.000915634816273189,0.000915634816273189,foot-ground,True,False
173,ground,right_ankle_roll_sphere_4_link,world,right_ankle_roll_sphere_4_link,-0.0009993021238240375,0.0009993021238240375,foot-ground,True,False
173,pelvis_contour_link,left_hip_roll_link,pelvis_contour_link,left_hip_roll_link,-0.005153001132512186,0.005153001132512186,self-collision,False,False
173,ground,largebox,world,largebox_link,-0.003212840348059298,0.003212840348059298,object-ground,True,False
173,ground,right_ankle_roll_sphere_5_link,world,right_ankle_roll_sphere_5_link,-0.0009992257390035167,0.0009992257390035167,foot-ground,True,False
173,right_knee_link,right_ankle_roll_link,right_knee_link,right_ankle_roll_link,-0.03443676900723924,0.03443676900723924,self-collision,False,False
173,ground,left_ankle_roll_link,world,left_ankle_roll_link,-0.0009994828935463614,0.0009994828935463614,foot-ground,True,False
173,left_knee_link,left_ankle_roll_link,left_knee_link,left_ankle_roll_link,-0.0392433130342347,0.0392433130342347,self-collision,False,False
173,ground,right_ankle_roll_sphere_1_link,world,right_ankle_roll_sphere_1_link,-0.0005676703057857285,0.0005676703057857285,foot-ground,True,False
174,ground,right_ankle_roll_sphere_2_link,world,right_ankle_roll_sphere_2_link,-0.0006370603675271936,0.0006370603675271936,foot-ground,True,False
174,pelvis_contour_link,right_hip_roll_link,pelvis_contour_link,right_hip_roll_link,-0.0079473172076103,0.0079473172076103,self-collision,False,False
174,ground,left_ankle_roll_sphere_5_link,world,left_ankle_roll_sphere_5_link,-0.000180008196917515,0.000180008196917515,foot-ground,True,False
174,ground,right_ankle_roll_link,world,right_ankle_roll_link,-0.0014117580733234783,0.0014117580733234783,foot-ground,True,False
174,ground,right_ankle_roll_sphere_3_link,world,right_ankle_roll_sphere_3_link,-0.0009152872239279143,0.0009152872239279143,foot-ground,True,False
174,ground,right_ankle_roll_sphere_4_link,world,right_ankle_roll_sphere_4_link,-0.000998963531961882,0.000998963531961882,foot-ground,True,False
174,pelvis_contour_link,left_hip_roll_link,pelvis_contour_link,left_hip_roll_link,-0.005058244518063068,0.005058244518063068,self-collision,False,False
174,ground,largebox,world,largebox_link,-0.0032808881487431663,0.0032808881487431663,object-ground,True,False
174,ground,right_ankle_roll_sphere_5_link,world,right_ankle_roll_sphere_5_link,-0.000998881864858448,0.000998881864858448,foot-ground,True,False
174,right_knee_link,right_ankle_roll_link,right_knee_link,right_ankle_roll_link,-0.033382451373171196,0.033382451373171196,self-collision,False,False
174,ground,left_ankle_roll_link,world,left_ankle_roll_link,-0.0009999827919032374,0.0009999827919032374,foot-ground,True,False
174,left_knee_link,left_ankle_roll_link,left_knee_link,left_ankle_roll_link,-0.038514973825102494,0.038514973825102494,self-collision,False,False
174,ground,right_ankle_roll_sphere_1_link,world,right_ankle_roll_sphere_1_link,-0.0005673301108322188,0.0005673301108322188,foot-ground,True,False
175,ground,right_ankle_roll_sphere_2_link,world,right_ankle_roll_sphere_2_link,-0.0006578547977903011,0.0006578547977903011,foot-ground,True,False
175,pelvis_contour_link,right_hip_roll_link,pelvis_contour_link,right_hip_roll_link,-0.008606897084254814,0.008606897084254814,self-collision,False,False
175,ground,left_ankle_roll_sphere_5_link,world,left_ankle_roll_sphere_5_link,-0.00021335673606092797,0.00021335673606092797,foot-ground,True,False
175,ground,right_ankle_roll_link,world,right_ankle_roll_link,-0.001410612906679272,0.001410612906679272,foot-ground,True,False
175,ground,right_ankle_roll_sphere_3_link,world,right_ankle_roll_sphere_3_link,-0.0009200941774159836,0.0009200941774159836,foot-ground,True,False
175,ground,right_ankle_roll_sphere_4_link,world,right_ankle_roll_sphere_4_link,-0.0009988400595996793,0.0009988400595996793,foot-ground,True,False
175,pelvis_contour_link,left_hip_roll_link,pelvis_contour_link,left_hip_roll_link,-0.004902783495010929,0.004902783495010929,self-collision,False,False
175,ground,largebox,world,largebox_link,-0.0032480913721732174,0.0032480913721732174,object-ground,True,False
175,ground,right_ankle_roll_sphere_5_link,world,right_ankle_roll_sphere_5_link,-0.000998811013209095,0.000998811013209095,foot-ground,True,False
175,right_knee_link,right_ankle_roll_link,right_knee_link,right_ankle_roll_link,-0.032434895164749095,0.032434895164749095,self-collision,False,False
175,right_ankle_intermediate_1_link,right_ankle_roll_link,right_ankle_intermediate_1_link,right_ankle_roll_link,-0.0024376228533990324,0.0024376228533990324,self-collision,False,False
175,ground,left_ankle_roll_link,world,left_ankle_roll_link,-0.0010002165026136156,0.0010002165026136156,foot-ground,True,False
175,left_knee_link,left_ankle_roll_link,left_knee_link,left_ankle_roll_link,-0.037808402218370035,0.037808402218370035,self-collision,False,False
175,ground,right_ankle_roll_sphere_1_link,world,right_ankle_roll_sphere_1_link,-0.0005922332293038885,0.0005922332293038885,foot-ground,True,False
176,pelvis_contour_link,right_hip_roll_link,pelvis_contour_link,right_hip_roll_link,-0.008134394378892337,0.008134394378892337,self-collision,False,False
176,ground,left_ankle_roll_sphere_5_link,world,left_ankle_roll_sphere_5_link,-0.00021538284269278628,0.00021538284269278628,foot-ground,True,False
176,ground,right_ankle_roll_link,world,right_ankle_roll_link,-0.0014412805837163561,0.0014412805837163561,foot-ground,True,False
176,ground,right_ankle_roll_sphere_3_link,world,right_ankle_roll_sphere_3_link,-0.0007594309545895924,0.0007594309545895924,foot-ground,True,False
176,ground,right_ankle_roll_sphere_4_link,world,right_ankle_roll_sphere_4_link,-0.0009956623812419135,0.0009956623812419135,foot-ground,True,False
176,pelvis_contour_link,left_hip_roll_link,pelvis_contour_link,left_hip_roll_link,-0.005389278898573657,0.005389278898573657,self-collision,False,False
176,ground,largebox,world,largebox_link,-0.0032414610302861635,0.0032414610302861635,object-ground,True,False
176,ground,right_ankle_roll_sphere_5_link,world,right_ankle_roll_sphere_5_link,-0.0009955174811203454,0.0009955174811203454,foot-ground,True,False
176,right_knee_link,right_ankle_roll_link,right_knee_link,right_ankle_roll_link,-0.03158565602690708,0.03158565602690708,self-collision,False,False
176,right_ankle_intermediate_1_link,right_ankle_roll_link,right_ankle_intermediate_1_link,right_ankle_roll_link,-0.002396754167876977,0.002396754167876977,self-collision,False,False
176,ground,left_ankle_roll_link,world,left_ankle_roll_link,-0.0009993924754678925,0.0009993924754678925,foot-ground,True,False
176,left_knee_link,left_ankle_roll_link,left_knee_link,left_ankle_roll_link,-0.037134099364153655,0.037134099364153655,self-collision,False,False
177,pelvis_contour_link,right_hip_roll_link,pelvis_contour_link,right_hip_roll_link,-0.007275467929902246,0.007275467929902246,self-collision,False,False
177,ground,left_ankle_roll_sphere_5_link,world,left_ankle_roll_sphere_5_link,-0.00023615637181033638,0.00023615637181033638,foot-ground,True,False
177,ground,right_ankle_roll_link,world,right_ankle_roll_link,-0.0014437869399961008,0.0014437869399961008,foot-ground,True,False
177,ground,right_ankle_roll_sphere_3_link,world,right_ankle_roll_sphere_3_link,-0.000749921949656166,0.000749921949656166,foot-ground,True,False
177,ground,right_ankle_roll_sphere_4_link,world,right_ankle_roll_sphere_4_link,-0.000995989545490141,0.000995989545490141,foot-ground,True,False
177,pelvis_contour_link,left_hip_roll_link,pelvis_contour_link,left_hip_roll_link,-0.005347872888657859,0.005347872888657859,self-collision,False,False
177,ground,largebox,world,largebox_link,-0.003209678411143918,0.003209678411143918,object-ground,True,False
177,ground,right_ankle_roll_sphere_5_link,world,right_ankle_roll_sphere_5_link,-0.0009959229611615035,0.0009959229611615035,foot-ground,True,False
177,right_knee_link,right_ankle_roll_link,right_knee_link,right_ankle_roll_link,-0.030577316438812813,0.030577316438812813,self-collision,False,False
177,right_ankle_intermediate_1_link,right_ankle_roll_link,right_ankle_intermediate_1_link,right_ankle_roll_link,-0.0023980702003942034,0.0023980702003942034,self-collision,False,False
177,ground,left_ankle_roll_link,world,left_ankle_roll_link,-0.0009994237406790035,0.0009994237406790035,foot-ground,True,False
177,left_knee_link,left_ankle_roll_link,left_knee_link,left_ankle_roll_link,-0.0361963659245208,0.0361963659245208,self-collision,False,False
178,pelvis_contour_link,right_hip_roll_link,pelvis_contour_link,right_hip_roll_link,-0.007355144004745559,0.007355144004745559,self-collision,False,False
178,ground,left_ankle_roll_sphere_5_link,world,left_ankle_roll_sphere_5_link,-0.0001736793126007703,0.0001736793126007703,foot-ground,True,False
178,ground,right_ankle_roll_link,world,right_ankle_roll_link,-0.0014598396661710637,0.0014598396661710637,foot-ground,True,False
178,ground,right_ankle_roll_sphere_3_link,world,right_ankle_roll_sphere_3_link,-0.0004749002025911586,0.0004749002025911586,foot-ground,True,False
178,ground,right_ankle_roll_sphere_4_link,world,right_ankle_roll_sphere_4_link,-0.0009931959376555137,0.0009931959376555137,foot-ground,True,False
178,pelvis_contour_link,left_hip_roll_link,pelvis_contour_link,left_hip_roll_link,-0.004961149551426333,0.004961149551426333,self-collision,False,False
178,ground,largebox,world,largebox_link,-0.0032372118068071387,0.0032372118068071387,object-ground,True,False
178,ground,right_ankle_roll_sphere_5_link,world,right_ankle_roll_sphere_5_link,-0.0009419144332825395,0.0009419144332825395,foot-ground,True,False
178,right_knee_link,right_ankle_roll_link,right_knee_link,right_ankle_roll_link,-0.03008269460631402,0.03008269460631402,self-collision,False,False
178,right_ankle_intermediate_1_link,right_ankle_roll_link,right_ankle_intermediate_1_link,right_ankle_roll_link,-0.002364688876427462,0.002364688876427462,self-collision,False,False
178,ground,left_ankle_roll_link,world,left_ankle_roll_link,-0.000998872754964887,0.000998872754964887,foot-ground,True,False
178,left_knee_link,left_ankle_roll_link,left_knee_link,left_ankle_roll_link,-0.03539764077472771,0.03539764077472771,self-collision,False,False
179,ground,right_ankle_roll_sphere_2_link,world,right_ankle_roll_sphere_2_link,-0.0006355285517792011,0.0006355285517792011,foot-ground,True,False
179,pelvis_contour_link,right_hip_roll_link,pelvis_contour_link,right_hip_roll_link,-0.006564824638840935,0.006564824638840935,self-collision,False,False
179,ground,left_ankle_roll_sphere_5_link,world,left_ankle_roll_sphere_5_link,-0.00014973145766343076,0.00014973145766343076,foot-ground,True,False
179,ground,right_ankle_roll_link,world,right_ankle_roll_link,-0.0014099252358451345,0.0014099252358451345,foot-ground,True,False
179,ground,right_ankle_roll_sphere_3_link,world,right_ankle_roll_sphere_3_link,-0.00091330601353174,0.00091330601353174,foot-ground,True,False
179,ground,right_ankle_roll_sphere_4_link,world,right_ankle_roll_sphere_4_link,-0.00099719534230554,0.00099719534230554,foot-ground,True,False
179,pelvis_contour_link,left_hip_roll_link,pelvis_contour_link,left_hip_roll_link,-0.004319909582004219,0.004319909582004219,self-collision,False,False
179,ground,largebox,world,largebox_link,-0.0032177457428858303,0.0032177457428858303,object-ground,True,False
179,ground,right_ankle_roll_sphere_5_link,world,right_ankle_roll_sphere_5_link,-0.0009969772676984663,0.0009969772676984663,foot-ground,True,False
179,right_knee_link,right_ankle_roll_link,right_knee_link,right_ankle_roll_link,-0.029951615592743536,0.029951615592743536,self-collision,False,False
179,right_ankle_intermediate_1_link,right_ankle_roll_link,right_ankle_intermediate_1_link,right_ankle_roll_link,-0.0024198368261853787,0.0024198368261853787,self-collision,False,False
179,ground,left_ankle_roll_link,world,left_ankle_roll_link,-0.0009988017458886986,0.0009988017458886986,foot-ground,True,False
179,left_knee_link,left_ankle_roll_link,left_knee_link,left_ankle_roll_link,-0.034541044668304044,0.034541044668304044,self-collision,False,False
179,ground,right_ankle_roll_sphere_1_link,world,right_ankle_roll_sphere_1_link,-0.0005656207778010338,0.0005656207778010338,foot-ground,True,False
180,ground,right_ankle_roll_sphere_2_link,world,right_ankle_roll_sphere_2_link,-0.0006461856917950514,0.0006461856917950514,foot-ground,True,False
180,pelvis_contour_link,right_hip_roll_link,pelvis_contour_link,right_hip_roll_link,-0.005257305549853972,0.005257305549853972,self-collision,False,False
180,ground,left_ankle_roll_sphere_5_link,world,left_ankle_roll_sphere_5_link,-0.00011577725097234714,0.00011577725097234714,foot-ground,True,False
180,ground,right_ankle_roll_link,world,right_ankle_roll_link,-0.0014102007533139602,0.0014102007533139602,foot-ground,True,False
180,ground,right_ankle_roll_sphere_3_link,world,right_ankle_roll_sphere_3_link,-0.0009166508827277804,0.0009166508827277804,foot-ground,True,False
180,ground,right_ankle_roll_sphere_4_link,world,right_ankle_roll_sphere_4_link,-0.0009978986477575695,0.0009978986477575695,foot-ground,True,False
180,pelvis_contour_link,left_hip_roll_link,pelvis_contour_link,left_hip_roll_link,-0.0034971883944774906,0.0034971883944774906,self-collision,False,False
180,ground,largebox,world,largebox_link,-0.0032865042744878725,0.0032865042744878725,object-ground,True,False
180,ground,right_ankle_roll_sphere_5_link,world,right_ankle_roll_sphere_5_link,-0.0009978562133458142,0.0009978562133458142,foot-ground,True,False
180,right_knee_link,right_ankle_roll_link,right_knee_link,right_ankle_roll_link,-0.02964708440884245,0.02964708440884245,self-collision,False,False
180,right_ankle_intermediate_1_link,right_ankle_roll_link,right_ankle_intermediate_1_link,right_ankle_roll_link,-0.0023514492645431706,0.0023514492645431706,self-collision,False,False
180,ground,left_ankle_roll_link,world,left_ankle_roll_link,-0.000999113435029661,0.000999113435029661,foot-ground,True,False
180,left_knee_link,left_ankle_roll_link,left_knee_link,left_ankle_roll_link,-0.0333394132668742,0.0333394132668742,self-collision,False,False
180,ground,right_ankle_roll_sphere_1_link,world,right_ankle_roll_sphere_1_link,-0.0005784792209368927,0.0005784792209368927,foot-ground,True,False
181,ground,right_ankle_roll_sphere_2_link,world,right_ankle_roll_sphere_2_link,-0.00040712535286384615,0.00040712535286384615,foot-ground,True,False
181,pelvis_contour_link,right_hip_roll_link,pelvis_contour_link,right_hip_roll_link,-0.0038560919409217076,0.0038560919409217076,self-collision,False,False
181,ground,left_ankle_roll_sphere_5_link,world,left_ankle_roll_sphere_5_link,-0.00014610745882830383,0.00014610745882830383,foot-ground,True,False
181,left_ankle_intermediate_1_link,left_ankle_roll_link,left_ankle_intermediate_1_link,left_ankle_roll_link,-0.002204082622073472,0.002204082622073472,self-collision,False,False
181,ground,right_ankle_roll_link,world,right_ankle_roll_link,-0.0014204507434122798,0.0014204507434122798,foot-ground,True,False
181,ground,right_ankle_roll_sphere_3_link,world,right_ankle_roll_sphere_3_link,-0.0008600504090414572,0.0008600504090414572,foot-ground,True,False
181,ground,right_ankle_roll_sphere_4_link,world,right_ankle_roll_sphere_4_link,-0.0009963737429249412,0.0009963737429249412,foot-ground,True,False
181,pelvis_contour_link,left_hip_roll_link,pelvis_contour_link,left_hip_roll_link,-0.0024885482495414363,0.0024885482495414363,self-collision,False,False
181,ground,largebox,world,largebox_link,-0.0033173785393516286,0.0033173785393516286,object-ground,True,False
181,ground,right_ankle_roll_sphere_5_link,world,right_ankle_roll_sphere_5_link,-0.0009961989127170194,0.0009961989127170194,foot-ground,True,False
181,right_knee_link,right_ankle_roll_link,right_knee_link,right_ankle_roll_link,-0.029384009820753287,0.029384009820753287,self-collision,False,False
181,right_ankle_intermediate_1_link,right_ankle_roll_link,right_ankle_intermediate_1_link,right_ankle_roll_link,-0.0022806598726988064,0.0022806598726988064,self-collision,False,False
181,ground,left_ankle_roll_link,world,left_ankle_roll_link,-0.0009981009364524313,0.0009981009364524313,foot-ground,True,False
181,left_knee_link,left_ankle_roll_link,left_knee_link,left_ankle_roll_link,-0.03219165980594321,0.03219165980594321,self-collision,False,False
181,ground,right_ankle_roll_sphere_1_link,world,right_ankle_roll_sphere_1_link,-0.00029352257462760944,0.00029352257462760944,foot-ground,True,False
182,ground,right_ankle_roll_sphere_2_link,world,right_ankle_roll_sphere_2_link,-0.0004066632611420774,0.0004066632611420774,foot-ground,True,False
182,pelvis_contour_link,right_hip_roll_link,pelvis_contour_link,right_hip_roll_link,-0.0018622679086923583,0.0018622679086923583,self-collision,False,False
182,ground,left_ankle_roll_sphere_5_link,world,left_ankle_roll_sphere_5_link,-0.00017288733173581854,0.00017288733173581854,foot-ground,True,False
182,left_ankle_intermediate_1_link,left_ankle_roll_link,left_ankle_intermediate_1_link,left_ankle_roll_link,-0.002290199011009922,0.002290199011009922,self-collision,False,False
182,ground,right_ankle_roll_link,world,right_ankle_roll_link,-0.0014200601721346545,0.0014200601721346545,foot-ground,True,False
182,ground,right_ankle_roll_sphere_3_link,world,right_ankle_roll_sphere_3_link,-0.0008599542010554071,0.0008599542010554071,foot-ground,True,False
182,ground,right_ankle_roll_sphere_4_link,world,right_ankle_roll_sphere_4_link,-0.0009959107519086898,0.0009959107519086898,foot-ground,True,False
182,pelvis_contour_link,left_hip_roll_link,pelvis_contour_link,left_hip_roll_link,-0.0006573034462422217,0.0006573034462422217,self-collision,False,False
182,ground,largebox,world,largebox_link,-0.003268673999005517,0.003268673999005517,object-ground,True,False
182,ground,right_ankle_roll_sphere_5_link,world,right_ankle_roll_sphere_5_link,-0.0009959228033285762,0.0009959228033285762,foot-ground,True,False
182,right_knee_link,right_ankle_roll_link,right_knee_link,right_ankle_roll_link,-0.029215416313177728,0.029215416313177728,self-collision,False,False
182,right_ankle_intermediate_1_link,right_ankle_roll_link,right_ankle_intermediate_1_link,right_ankle_roll_link,-0.0023701730042072627,0.0023701730042072627,self-collision,False,False
182,ground,left_ankle_roll_link,world,left_ankle_roll_link,-0.0009932977436437201,0.0009932977436437201,foot-ground,True,False
182,left_knee_link,left_ankle_roll_link,left_knee_link,left_ankle_roll_link,-0.030816880990330225,0.030816880990330225,self-collision,False,False
182,ground,right_ankle_roll_sphere_1_link,world,right_ankle_roll_sphere_1_link,-0.00029336613543100905,0.00029336613543100905,foot-ground,True,False
183,ground,right_ankle_roll_sphere_2_link,world,right_ankle_roll_sphere_2_link,-0.0007192388259429734,0.0007192388259429734,foot-ground,True,False
183,left_ankle_intermediate_1_link,left_ankle_roll_link,left_ankle_intermediate_1_link,left_ankle_roll_link,-0.002257413126028937,0.002257413126028937,self-collision,False,False
183,ground,right_ankle_roll_link,world,right_ankle_roll_link,-0.0013952781749577321,0.0013952781749577321,foot-ground,True,False
183,ground,right_ankle_roll_sphere_3_link,world,right_ankle_roll_sphere_3_link,-0.0007344114095587028,0.0007344114095587028,foot-ground,True,False
183,ground,right_ankle_roll_sphere_4_link,world,right_ankle_roll_sphere_4_link,-0.000995612824920558,0.000995612824920558,foot-ground,True,False
183,ground,largebox,world,largebox_link,-0.003248747666651869,0.003248747666651869,object-ground,True,False
183,ground,right_ankle_roll_sphere_5_link,world,right_ankle_roll_sphere_5_link,-0.0008949659071648191,0.0008949659071648191,foot-ground,True,False
183,right_knee_link,right_ankle_roll_link,right_knee_link,right_ankle_roll_link,-0.029299099213278,0.029299099213278,self-collision,False,False
183,right_ankle_intermediate_1_link,right_ankle_roll_link,right_ankle_intermediate_1_link,right_ankle_roll_link,-0.002226004526302394,0.002226004526302394,self-collision,False,False
183,left_knee_link,left_ankle_roll_link,left_knee_link,left_ankle_roll_link,-0.029729135957212938,0.029729135957212938,self-collision,False,False
183,ground,right_ankle_roll_sphere_1_link,world,right_ankle_roll_sphere_1_link,-0.0005015709798080947,0.0005015709798080947,foot-ground,True,False
184,ground,right_ankle_roll_sphere_2_link,world,right_ankle_roll_sphere_2_link,-0.0009932018079677812,0.0009932018079677812,foot-ground,True,False
184,left_ankle_intermediate_1_link,left_ankle_roll_link,left_ankle_intermediate_1_link,left_ankle_roll_link,-0.002204423598875349,0.002204423598875349,self-collision,False,False
184,ground,right_ankle_roll_link,world,right_ankle_roll_link,-0.0014461308908847517,0.0014461308908847517,foot-ground,True,False
184,ground,right_ankle_roll_sphere_3_link,world,right_ankle_roll_sphere_3_link,-0.0006223490531725396,0.0006223490531725396,foot-ground,True,False
184,ground,right_ankle_roll_sphere_4_link,world,right_ankle_roll_sphere_4_link,-0.000993339752234249,0.000993339752234249,foot-ground,True,False
184,ground,largebox,world,largebox_link,-0.003252260322485906,0.003252260322485906,object-ground,True,False
184,ground,right_ankle_roll_sphere_5_link,world,right_ankle_roll_sphere_5_link,-0.0008042234677243338,0.0008042234677243338,foot-ground,True,False
184,right_knee_link,right_ankle_roll_link,right_knee_link,right_ankle_roll_link,-0.029449415670485146,0.029449415670485146,self-collision,False,False
184,right_ankle_intermediate_1_link,right_ankle_roll_link,right_ankle_intermediate_1_link,right_ankle_roll_link,-0.0021844299797922073,0.0021844299797922073,self-collision,False,False
184,left_knee_link,left_ankle_roll_link,left_knee_link,left_ankle_roll_link,-0.0294791381050635,0.0294791381050635,self-collision,False,False
184,ground,right_ankle_roll_sphere_1_link,world,right_ankle_roll_sphere_1_link,-0.0006840428920830239,0.0006840428920830239,foot-ground,True,False
185,ground,right_ankle_roll_sphere_2_link,world,right_ankle_roll_sphere_2_link,-0.000994358781732779,0.000994358781732779,foot-ground,True,False
185,left_ankle_intermediate_1_link,left_ankle_roll_link,left_ankle_intermediate_1_link,left_ankle_roll_link,-0.002145166609802046,0.002145166609802046,self-collision,False,False
185,ground,right_ankle_roll_link,world,right_ankle_roll_link,-0.0014471733898881942,0.0014471733898881942,foot-ground,True,False
185,ground,right_ankle_roll_sphere_3_link,world,right_ankle_roll_sphere_3_link,-0.0006226569561979802,0.0006226569561979802,foot-ground,True,False
185,ground,right_ankle_roll_sphere_4_link,world,right_ankle_roll_sphere_4_link,-0.0009941643205385311,0.0009941643205385311,foot-ground,True,False
185,ground,largebox,world,largebox_link,-0.003276638306620089,0.003276638306620089,object-ground,True,False
185,ground,right_ankle_roll_sphere_5_link,world,right_ankle_roll_sphere_5_link,-0.0008047455315185357,0.0008047455315185357,foot-ground,True,False
185,right_knee_link,right_ankle_roll_link,right_knee_link,right_ankle_roll_link,-0.029256879327830942,0.029256879327830942,self-collision,False,False
185,right_ankle_intermediate_1_link,right_ankle_roll_link,right_ankle_intermediate_1_link,right_ankle_roll_link,-0.0021454458680888605,0.0021454458680888605,self-collision,False,False
185,left_knee_link,left_ankle_roll_link,left_knee_link,left_ankle_roll_link,-0.029299292852435932,0.029299292852435932,self-collision,False,False
185,ground,right_ankle_roll_sphere_1_link,world,right_ankle_roll_sphere_1_link,-0.000684769311448989,0.000684769311448989,foot-ground,True,False
186,ground,right_ankle_roll_sphere_2_link,world,right_ankle_roll_sphere_2_link,-0.0009469569647529734,0.0009469569647529734,foot-ground,True,False
186,left_ankle_intermediate_1_link,left_ankle_roll_link,left_ankle_intermediate_1_link,left_ankle_roll_link,-0.0023183057123220135,0.0023183057123220135,self-collision,False,False
186,ground,right_ankle_roll_link,world,right_ankle_roll_link,-0.001398350514385558,0.001398350514385558,foot-ground,True,False
186,ground,right_ankle_roll_sphere_3_link,world,right_ankle_roll_sphere_3_link,-0.0005647307622748876,0.0005647307622748876,foot-ground,True,False
186,ground,right_ankle_roll_sphere_4_link,world,right_ankle_roll_sphere_4_link,-0.0009426393600287927,0.0009426393600287927,foot-ground,True,False
186,ground,largebox,world,largebox_link,-0.0032708946587824417,0.0032708946587824417,object-ground,True,False
186,ground,right_ankle_roll_sphere_5_link,world,right_ankle_roll_sphere_5_link,-0.0007494721214023883,0.0007494721214023883,foot-ground,True,False
186,right_knee_link,right_ankle_roll_link,right_knee_link,right_ankle_roll_link,-0.02883222949675293,0.02883222949675293,self-collision,False,False
186,right_ankle_intermediate_1_link,right_ankle_roll_link,right_ankle_intermediate_1_link,right_ankle_roll_link,-0.002147084286730966,0.002147084286730966,self-collision,False,False
186,left_knee_link,left_ankle_roll_link,left_knee_link,left_ankle_roll_link,-0.024257430685997852,0.024257430685997852,self-collision,False,False
186,ground,right_ankle_roll_sphere_1_link,world,right_ankle_roll_sphere_1_link,-0.0006320331332913846,0.0006320331332913846,foot-ground,True,False
187,ground,right_ankle_roll_sphere_2_link,world,right_ankle_roll_sphere_2_link,-0.0009765320038483604,0.0009765320038483604,foot-ground,True,False
187,left_ankle_intermediate_1_link,left_ankle_roll_link,left_ankle_intermediate_1_link,left_ankle_roll_link,-0.002311865886486214,0.002311865886486214,self-collision,False,False
187,ground,right_ankle_roll_link,world,right_ankle_roll_link,-0.0014386199717902476,0.0014386199717902476,foot-ground,True,False
187,ground,right_ankle_roll_sphere_3_link,world,right_ankle_roll_sphere_3_link,-0.0005096595491157234,0.0005096595491157234,foot-ground,True,False
187,ground,right_ankle_roll_sphere_4_link,world,right_ankle_roll_sphere_4_link,-0.0009699975039292796,0.0009699975039292796,foot-ground,True,False
187,ground,largebox,world,largebox_link,-0.003246855073097632,0.003246855073097632,object-ground,True,False
187,ground,right_ankle_roll_sphere_5_link,world,right_ankle_roll_sphere_5_link,-0.0007345466446220831,0.0007345466446220831,foot-ground,True,False
187,right_knee_link,right_ankle_roll_link,right_knee_link,right_ankle_roll_link,-0.028692797219144167,0.028692797219144167,self-collision,False,False
187,right_ankle_intermediate_1_link,right_ankle_roll_link,right_ankle_intermediate_1_link,right_ankle_roll_link,-0.002154068870932807,0.002154068870932807,self-collision,False,False
187,left_knee_link,left_ankle_roll_link,left_knee_link,left_ankle_roll_link,-0.02399014652282909,0.02399014652282909,self-collision,False,False
187,ground,right_ankle_roll_sphere_1_link,world,right_ankle_roll_sphere_1_link,-0.0005929170415037285,0.0005929170415037285,foot-ground,True,False
188,ground,right_ankle_roll_sphere_2_link,world,right_ankle_roll_sphere_2_link,-0.0009539910500786014,0.0009539910500786014,foot-ground,True,False
188,left_ankle_intermediate_1_link,left_ankle_roll_link,left_ankle_intermediate_1_link,left_ankle_roll_link,-0.0025296162918180126,0.0025296162918180126,self-collision,False,False
188,ground,right_ankle_roll_link,world,right_ankle_roll_link,-0.001412739835091794,0.001412739835091794,foot-ground,True,False
188,ground,right_ankle_roll_sphere_3_link,world,right_ankle_roll_sphere_3_link,-0.0005131801304963128,0.0005131801304963128,foot-ground,True,False
188,ground,right_ankle_roll_sphere_4_link,world,right_ankle_roll_sphere_4_link,-0.0009480725464469297,0.0009480725464469297,foot-ground,True,False
188,ground,largebox,world,largebox_link,-0.0032757478639100224,0.0032757478639100224,object-ground,True,False
188,ground,right_ankle_roll_sphere_5_link,world,right_ankle_roll_sphere_5_link,-0.0007256663927899488,0.0007256663927899488,foot-ground,True,False
188,right_knee_link,right_ankle_roll_link,right_knee_link,right_ankle_roll_link,-0.02825256941850407,0.02825256941850407,self-collision,False,False
188,right_ankle_intermediate_1_link,right_ankle_roll_link,right_ankle_intermediate_1_link,right_ankle_roll_link,-0.0022075444376429415,0.0022075444376429415,self-collision,False,False
188,left_knee_link,left_ankle_roll_link,left_knee_link,left_ankle_roll_link,-0.02417439860757907,0.02417439860757907,self-collision,False,False
188,ground,right_ankle_roll_sphere_1_link,world,right_ankle_roll_sphere_1_link,-0.0005915807034530879,0.0005915807034530879,foot-ground,True,False
189,ground,right_ankle_roll_sphere_2_link,world,right_ankle_roll_sphere_2_link,-0.0006030665860212439,0.0006030665860212439,foot-ground,True,False
189,left_ankle_intermediate_1_link,left_ankle_roll_link,left_ankle_intermediate_1_link,left_ankle_roll_link,-0.002943991293841333,0.002943991293841333,self-collision,False,False
189,ground,right_ankle_roll_link,world,right_ankle_roll_link,-0.0013684880093591083,0.0013684880093591083,foot-ground,True,False
189,ground,right_ankle_roll_sphere_3_link,world,right_ankle_roll_sphere_3_link,-0.0008822006679405211,0.0008822006679405211,foot-ground,True,False
189,ground,right_ankle_roll_sphere_4_link,world,right_ankle_roll_sphere_4_link,-0.0009543431370181285,0.0009543431370181285,foot-ground,True,False
189,ground,largebox,world,largebox_link,-0.0032510369856921795,0.0032510369856921795,object-ground,True,False
189,ground,right_ankle_roll_sphere_5_link,world,right_ankle_roll_sphere_5_link,-0.0009588912764291807,0.0009588912764291807,foot-ground,True,False
189,right_knee_link,right_ankle_roll_link,right_knee_link,right_ankle_roll_link,-0.027769933174414785,0.027769933174414785,self-collision,False,False
189,right_ankle_intermediate_1_link,right_ankle_roll_link,right_ankle_intermediate_1_link,right_ankle_roll_link,-0.0021430179659832765,0.0021430179659832765,self-collision,False,False
189,left_knee_link,left_ankle_roll_link,left_knee_link,left_ankle_roll_link,-0.02495847210595005,0.02495847210595005,self-collision,False,False
189,ground,right_ankle_roll_sphere_1_link,world,right_ankle_roll_sphere_1_link,-0.0005429478617899044,0.0005429478617899044,foot-ground,True,False
190,ground,right_ankle_roll_sphere_2_link,world,right_ankle_roll_sphere_2_link,-0.0004753615726698695,0.0004753615726698695,foot-ground,True,False
190,left_ankle_intermediate_1_link,left_ankle_roll_link,left_ankle_intermediate_1_link,left_ankle_roll_link,-0.003211662799349174,0.003211662799349174,self-collision,False,False
190,ground,right_ankle_roll_link,world,right_ankle_roll_link,-0.0013938525133632557,0.0013938525133632557,foot-ground,True,False
190,ground,right_ankle_roll_sphere_3_link,world,right_ankle_roll_sphere_3_link,-0.0008162048933054991,0.0008162048933054991,foot-ground,True,False
190,ground,right_ankle_roll_sphere_4_link,world,right_ankle_roll_sphere_4_link,-0.0009817981163793626,0.0009817981163793626,foot-ground,True,False
190,ground,largebox,world,largebox_link,-0.00328116008836285,0.00328116008836285,object-ground,True,False
190,ground,right_ankle_roll_sphere_5_link,world,right_ankle_roll_sphere_5_link,-0.0009569588117192924,0.0009569588117192924,foot-ground,True,False
190,right_knee_link,right_ankle_roll_link,right_knee_link,right_ankle_roll_link,-0.02714071357270878,0.02714071357270878,self-collision,False,False
190,right_ankle_intermediate_1_link,right_ankle_roll_link,right_ankle_intermediate_1_link,right_ankle_roll_link,-0.0023434408689430447,0.0023434408689430447,self-collision,False,False
190,left_knee_link,left_ankle_roll_link,left_knee_link,left_ankle_roll_link,-0.02557294382934286,0.02557294382934286,self-collision,False,False
190,ground,right_ankle_roll_sphere_1_link,world,right_ankle_roll_sphere_1_link,-0.00033736722010831773,0.00033736722010831773,foot-ground,True,False
191,ground,right_ankle_roll_sphere_2_link,world,right_ankle_roll_sphere_2_link,-0.000458099874386257,0.000458099874386257,foot-ground,True,False
191,left_ankle_intermediate_1_link,left_ankle_roll_link,left_ankle_intermediate_1_link,left_ankle_roll_link,-0.003251238238171708,0.003251238238171708,self-collision,False,False
191,ground,right_ankle_roll_link,world,right_ankle_roll_link,-0.0014048522888004261,0.0014048522888004261,foot-ground,True,False
191,ground,right_ankle_roll_sphere_3_link,world,right_ankle_roll_sphere_3_link,-0.000832304702614097,0.000832304702614097,foot-ground,True,False
191,ground,right_ankle_roll_sphere_4_link,world,right_ankle_roll_sphere_4_link,-0.0009896034439052992,0.0009896034439052992,foot-ground,True,False
191,ground,largebox,world,largebox_link,-0.003271797423049755,0.003271797423049755,object-ground,True,False
191,ground,right_ankle_roll_sphere_5_link,world,right_ankle_roll_sphere_5_link,-0.0009719417604453591,0.0009719417604453591,foot-ground,True,False
191,right_knee_link,right_ankle_roll_link,right_knee_link,right_ankle_roll_link,-0.02540304248767722,0.02540304248767722,self-collision,False,False
191,right_ankle_intermediate_1_link,right_ankle_roll_link,right_ankle_intermediate_1_link,right_ankle_roll_link,-0.0023752920932099686,0.0023752920932099686,self-collision,False,False
191,left_knee_link,left_ankle_roll_link,left_knee_link,left_ankle_roll_link,-0.02699722244194419,0.02699722244194419,self-collision,False,False
191,ground,right_ankle_roll_sphere_1_link,world,right_ankle_roll_sphere_1_link,-0.000327017589976923,0.000327017589976923,foot-ground,True,False
192,ground,right_ankle_roll_sphere_2_link,world,right_ankle_roll_sphere_2_link,-0.0009933779339053516,0.0009933779339053516,foot-ground,True,False
192,left_ankle_intermediate_1_link,left_ankle_roll_link,left_ankle_intermediate_1_link,left_ankle_roll_link,-0.003176190484437319,0.003176190484437319,self-collision,False,False
192,ground,right_ankle_roll_link,world,right_ankle_roll_link,-0.0014450359884173244,0.0014450359884173244,foot-ground,True,False
192,ground,right_ankle_roll_sphere_3_link,world,right_ankle_roll_sphere_3_link,-0.0006279857662261799,0.0006279857662261799,foot-ground,True,False
192,ground,right_ankle_roll_sphere_4_link,world,right_ankle_roll_sphere_4_link,-0.0009928468467690936,0.0009928468467690936,foot-ground,True,False
192,ground,largebox,world,largebox_link,-0.0032728570565166704,0.0032728570565166704,object-ground,True,False
192,ground,right_ankle_roll_sphere_5_link,world,right_ankle_roll_sphere_5_link,-0.0008067767562409912,0.0008067767562409912,foot-ground,True,False
192,right_knee_link,right_ankle_roll_link,right_knee_link,right_ankle_roll_link,-0.02537016682143789,0.02537016682143789,self-collision,False,False
192,right_ankle_intermediate_1_link,right_ankle_roll_link,right_ankle_intermediate_1_link,right_ankle_roll_link,-0.002683718063153262,0.002683718063153262,self-collision,False,False
192,left_knee_link,left_ankle_roll_link,left_knee_link,left_ankle_roll_link,-0.02797015736168107,0.02797015736168107,self-collision,False,False
192,ground,right_ankle_roll_sphere_1_link,world,right_ankle_roll_sphere_1_link,-0.0006893270334529236,0.0006893270334529236,foot-ground,True,False
193,ground,right_ankle_roll_sphere_2_link,world,right_ankle_roll_sphere_2_link,-0.000996055944984516,0.000996055944984516,foot-ground,True,False
193,left_ankle_intermediate_1_link,left_ankle_roll_link,left_ankle_intermediate_1_link,left_ankle_roll_link,-0.003076851424514984,0.003076851424514984,self-collision,False,False
193,ground,right_ankle_roll_link,world,right_ankle_roll_link,-0.00144781927003277,0.00144781927003277,foot-ground,True,False
193,ground,right_ankle_roll_sphere_3_link,world,right_ankle_roll_sphere_3_link,-0.0006314910873087163,0.0006314910873087163,foot-ground,True,False
193,ground,right_ankle_roll_sphere_4_link,world,right_ankle_roll_sphere_4_link,-0.0009958399830351577,0.0009958399830351577,foot-ground,True,False
193,ground,largebox,world,largebox_link,-0.0032953839276314845,0.0032953839276314845,object-ground,True,False
193,ground,right_ankle_roll_sphere_5_link,world,right_ankle_roll_sphere_5_link,-0.0008100680798864583,0.0008100680798864583,foot-ground,True,False
193,right_knee_link,right_ankle_roll_link,right_knee_link,right_ankle_roll_link,-0.025424888093384362,0.025424888093384362,self-collision,False,False
193,right_ankle_intermediate_1_link,right_ankle_roll_link,right_ankle_intermediate_1_link,right_ankle_roll_link,-0.0027932691436726304,0.0027932691436726304,self-collision,False,False
193,left_knee_link,left_ankle_roll_link,left_knee_link,left_ankle_roll_link,-0.028690832839547348,0.028690832839547348,self-collision,False,False
193,ground,right_ankle_roll_sphere_1_link,world,right_ankle_roll_sphere_1_link,-0.000692431865212481,0.000692431865212481,foot-ground,True,False
194,ground,right_ankle_roll_sphere_2_link,world,right_ankle_roll_sphere_2_link,-0.0009975320878902244,0.0009975320878902244,foot-ground,True,False
194,left_ankle_intermediate_1_link,left_ankle_roll_link,left_ankle_intermediate_1_link,left_ankle_roll_link,-0.0032393315326686017,0.0032393315326686017,self-collision,False,False
194,ground,right_ankle_roll_link,world,right_ankle_roll_link,-0.0014017876209529677,0.0014017876209529677,foot-ground,True,False
194,ground,right_ankle_roll_sphere_3_link,world,right_ankle_roll_sphere_3_link,-0.0005517365038492919,0.0005517365038492919,foot-ground,True,False
194,ground,right_ankle_roll_sphere_4_link,world,right_ankle_roll_sphere_4_link,-0.0007463853466435936,0.0007463853466435936,foot-ground,True,False
194,ground,largebox,world,largebox_link,-0.0033404760773517728,0.0033404760773517728,object-ground,True,False
194,ground,right_ankle_roll_sphere_5_link,world,right_ankle_roll_sphere_5_link,-0.0006176059278174819,0.0006176059278174819,foot-ground,True,False
194,right_knee_link,right_ankle_roll_link,right_knee_link,right_ankle_roll_link,-0.025365629426771785,0.025365629426771785,self-collision,False,False
194,right_ankle_intermediate_1_link,right_ankle_roll_link,right_ankle_intermediate_1_link,right_ankle_roll_link,-0.0030280990992433143,0.0030280990992433143,self-collision,False,False
194,ground,left_ankle_roll_link,world,left_ankle_roll_link,-0.0008461932674128508,0.0008461932674128508,foot-ground,True,False
194,left_knee_link,left_ankle_roll_link,left_knee_link,left_ankle_roll_link,-0.028950210754010997,0.028950210754010997,self-collision,False,False
194,left_hip_roll_link,left_rubber_hand_link,left_hip_roll_link,left_rubber_hand_link,-0.005884272203359853,0.005884272203359853,self-collision,False,False
194,ground,right_ankle_roll_sphere_1_link,world,right_ankle_roll_sphere_1_link,-0.0008353247188949723,0.0008353247188949723,foot-ground,True,False
195,left_ankle_intermediate_1_link,left_ankle_roll_link,left_ankle_intermediate_1_link,left_ankle_roll_link,-0.0030295266725693104,0.0030295266725693104,self-collision,False,False
195,ground,right_ankle_roll_link,world,right_ankle_roll_link,-0.0011285434334346311,0.0011285434334346311,foot-ground,True,False
195,ground,right_ankle_roll_sphere_3_link,world,right_ankle_roll_sphere_3_link,-0.0007144323880080147,0.0007144323880080147,foot-ground,True,False
195,ground,left_ankle_roll_sphere_2_link,world,left_ankle_roll_sphere_2_link,-0.0009602668525333187,0.0009602668525333187,foot-ground,True,False
195,left_hip_roll_link,left_wrist_yaw_link,left_hip_roll_link,left_wrist_yaw_link,-0.0009044777558016859,0.0009044777558016859,self-collision,False,False
195,ground,largebox,world,largebox_link,-0.003311939486839499,0.003311939486839499,object-ground,True,False
195,ground,right_ankle_roll_sphere_5_link,world,right_ankle_roll_sphere_5_link,-0.00027204579393232033,0.00027204579393232033,foot-ground,True,False
195,right_knee_link,right_ankle_roll_link,right_knee_link,right_ankle_roll_link,-0.024780508912268143,0.024780508912268143,self-collision,False,False
195,right_ankle_intermediate_1_link,right_ankle_roll_link,right_ankle_intermediate_1_link,right_ankle_roll_link,-0.0028666722381889553,0.0028666722381889553,self-collision,False,False
195,ground,left_ankle_roll_link,world,left_ankle_roll_link,-0.0019075779610356267,0.0019075779610356267,foot-ground,True,False
195,left_knee_link,left_ankle_roll_link,left_knee_link,left_ankle_roll_link,-0.02911514932572712,0.02911514932572712,self-collision,False,False
195,left_hip_roll_link,left_rubber_hand_link,left_hip_roll_link,left_rubber_hand_link,-0.01648349792430366,0.01648349792430366,self-collision,False,False
195,left_hip_roll_link,left_thumb_link,left_hip_roll_link,left_thumb_link,-0.001693935106571537,0.001693935106571537,self-collision,False,False
