frame_idx,active_event,nearest_trigger,distance_to_trigger,semantic_score,base_budget,final_budget_after_rescue,actual_sqp_iterations,semantic_body_parts,frame_wall_time,mesh_time,optimization_time,collision_check_time,jacobian_time,solver_time,final_total_cost,semantic_vertex_weight_mean,semantic_vertex_weight_max,is_critical_interaction_neighborhood,penetration_depth,self_collision_violation,joint_limit_violation,foot_sticking_error,velocity_limit_violation,final_laplacian_error,left_hand_demo_object_distance,left_hand_robot_object_distance,left_hand_object_error,left_hand_local_laplacian_error,right_hand_demo_object_distance,right_hand_robot_object_distance,right_hand_object_error,right_hand_local_laplacian_error,pelvis_robot_position,left_hand_robot_position,right_hand_robot_position
0,,,,0.0,50,50,50,,1.8193010289687663,0.0026305210776627064,1.806116942083463,0.01053677499294281,,1.806116942083463,1.1843197111200612,1.0,1.0,False,0.0014683117942896062,0.0,0.0,0.0,,0.02216287178401527,0.222575568590948,0.261747590605622,0.03917202201467404,0.0673238599442344,0.2745051197479645,0.29032930133646623,0.01582418158850174,0.05567150598183199,0.6347837536785604|0.8022254605390892|0.7704831134259317,0.8535500641405531|0.6324761172535904|0.5958030154155177,0.39922125349784665|0.6539254724494161|0.6124329095519923
1,,,,0.0,2,2,2,,0.09135140292346478,0.0026178688276559114,0.07838812191039324,0.010329411830753088,,0.07838812191039324,0.7522796835342794,1.0,1.0,False,0.0008618065140983122,0.0,0.0,0.001602318679462273,,0.021507266009788615,0.19466303616604216,0.23410059979236628,0.03943756362632411,0.06194177950250897,0.24702061277048,0.2616260927172897,0.01460547994680969,0.050360143801756664,0.634966888976732|0.8105347363590003|0.7586585046929529,0.8672929556770137|0.6428567156554494|0.5585341868628808,0.38948802865318943|0.651589451840023|0.5742381828494985
2,,,,0.0,2,2,2,,0.0959855851251632,0.0026253419928252697,0.08262414601631463,0.01071960898116231,,0.08262414601631463,0.709602344328849,1.0,1.0,False,0.0007487152207827988,0.0,0.0,0.0014978421665217195,,0.021087189445256328,0.16702964198679293,0.202932966071004,0.03590332408421107,0.057363093150882165,0.218889967517298,0.2265190818468393,0.007629114329541303,0.04472889725629413,0.6289277224485098|0.8226474256496064|0.7420897088742396,0.8722882118988076|0.6521594976035633|0.5165103220982952,0.3871825105964536|0.6413949335485624|0.5310731163130751
3,,,,0.0,2,2,2,,0.09981391998007894,0.0026115411892533302,0.08622370008379221,0.010962634114548564,,0.08622370008379221,0.6998206170528202,1.0,1.0,False,0.0007018770111012138,0.0,0.0,0.0015619835780543287,,0.021011448692806432,0.14084248028933713,0.16683538439888795,0.025992904109550824,0.05219048139124675,0.19075423092319974,0.19196754400807706,0.001213313084877321,0.03489736616887677,0.6210297949400098|0.837664692260075|0.7208131733401721,0.8783624223808002|0.6549530795325477|0.47193090582124697,0.38664312361107217|0.6272751502309634|0.48529909523863407
4,,,,0.0,2,2,2,,0.10314989788457751,0.0026310780085623264,0.08930851216427982,0.011193832848221064,,0.08930851216427982,0.7085496583745072,1.0,1.0,False,0.0006260714993968908,0.0,0.0,0.0017885666411128754,,0.02119042076120044,0.11775434054355444,0.13857745438438213,0.02082311384082769,0.046695318316322704,0.16346603677236926,0.16396418394455087,0.0004981471721816066,0.03006702956716749,0.6114696524006547|0.856425911343671|0.6941627244571237,0.8841320130919756|0.6536976876786562|0.43091239002955395,0.38582344185935796|0.6164025512374487|0.4386099492443654
5,,,,0.0,2,2,2,,0.10583187802694738,0.002681687008589506,0.09148979419842362,0.011640988057479262,,0.09148979419842362,0.6766850317717439,1.0,1.0,False,0.0010008670982612697,0.0,0.0,0.0015608839938536885,,0.021002829083921495,0.09956860049399487,0.1192094638987996,0.01964086340480474,0.041378817738600644,0.13873854643006756,0.14932867065857738,0.010590124228509828,0.03035751275903562,0.6082095963737044|0.8692279747617605|0.6657605500984335,0.890545225358443|0.6505504520730025|0.3918645542743151,0.3839301644196605|0.6000560874288536|0.39632159337380923
6,,,,0.0,2,2,2,,0.10948259686119854,0.0026642230805009604,0.09503315296024084,0.01176664000377059,,0.09503315296024084,0.6992529091391538,1.0,1.0,False,0.0036578880462905528,0.0,0.0,0.0015628022324350598,,0.021295095489415886,0.08879512663570269,0.09942560020845251,0.010630473572749821,0.0415662312835575,0.11883766528894972,0.1373073448076454,0.018469679518695672,0.030835580818325548,0.6074562507821675|0.8837596554823388|0.6437505947948661,0.8957232853569064|0.648159672577739|0.35367273351812506,0.38924121589623695|0.586092826612217|0.363767518324596
7,,,,0.0,2,2,2,,0.11433911300264299,0.002678882796317339,0.09988149697892368,0.011759757064282894,,0.09988149697892368,0.7074627970385987,1.0,1.0,False,0.0018857452903573296,0.0,0.0,0.001396962169584826,,0.021476682015098104,0.08391605980249676,0.0863859747898572,0.002469914987360433,0.03758451731862834,0.10638536290407621,0.11996975972545915,0.013584396821382932,0.03056428062376838,0.6062538915689463|0.8902650156532012|0.6264220759030295,0.897427045285449|0.6391273693405009|0.3190177385036814,0.39679789117385494|0.5730265980672671|0.3310253351934326
8,,,,0.0,2,2,2,,0.11729307705536485,0.0026552260387688875,0.10248942486941814,0.012130371062085032,,0.10248942486941814,0.7051894185467226,1.0,1.0,False,0.002305498241134435,0.0,0.0,0.0012910031851725292,,0.02140330787140613,0.08027341396293271,0.08595208698073552,0.00567867301780281,0.03744310913310918,0.09965398132270455,0.11184166655337087,0.012187685230666323,0.031058068915877597,0.6033463693646861|0.8956986822384848|0.6108150463755321,0.8988085519123039|0.6328592841767233|0.29184650685421754,0.40218801468729326|0.5626605571483149|0.2969061674420498
9,,,,0.0,2,2,2,,0.1197992148809135,0.0026255890261381865,0.10480887303128839,0.012346722185611725,,0.10480887303128839,0.7018754661568866,1.0,1.0,False,0.001533302122629962,0.0,0.0,0.0013383544504652891,,0.021394802621883285,0.078574444051005,0.09613889881150146,0.017564454760496465,0.03753199458127525,0.08475699918663318,0.10273025182010269,0.017973252633469508,0.03297958275018331,0.6081977572619031|0.9000853260807489|0.5968546974538681,0.903390101134821|0.6271762190105515|0.2670946256821265,0.40694880083114465|0.556082220311537|0.26809012084716727
10,,,,0.0,2,2,2,,0.1207057700958103,0.002620629034936428,0.1058946461416781,0.012170360889285803,,0.1058946461416781,0.7104086435643786,1.0,1.0,False,0.0012120535921872622,0.0,0.0,0.0013141811688290972,,0.021475314307965763,0.0745574537008932,0.0891784742205152,0.014621020519621997,0.03649702549476431,0.07821379770334051,0.10072394867785564,0.022510150974515128,0.03461866903648352,0.611892174371548|0.902737836666427|0.5861750124589183,0.903620968773634|0.6214196330386529|0.2447267690545019,0.41235959604772493|0.5462624542755335|0.2441712325363451
11,,,,0.0,2,2,2,,0.14605742087587714,0.002653100062161684,0.13133077416568995,0.01205724012106657,,0.13133077416568995,0.7185037541991662,1.0,1.0,False,0.0011435599984130698,0.0,0.0,0.0013408134528106734,,0.02156262005303591,0.07612232754810105,0.08637155940316564,0.010249231855064586,0.03713989933853254,0.07599210873720244,0.10245389534098337,0.02646178660378093,0.03435310921002296,0.6146328245874043|0.9052677484494823|0.5753828453643128,0.9037712629409472|0.6162757490968863|0.22609088281143963,0.4191528593255201|0.5427896683554365|0.22112135488410525
12,,,,0.0,2,2,2,,0.12906308402307332,0.0026520518586039543,0.11385177308693528,0.012542634038254619,,0.11385177308693528,0.7156676869649502,1.0,1.0,False,0.0014293184678338365,0.0,0.0,0.0013488077379023074,,0.021504494398301967,0.07950557536863648,0.08667925064706887,0.007173675278432393,0.03717975270278908,0.06475706662099791,0.08667709887053515,0.021920032249537244,0.03326271309308891,0.6143959370844736|0.9063649586426501|0.5629405952647443,0.9024537270197873|0.6106094281363312|0.2061768111427761,0.42781464136699093|0.5356005880071925|0.19864682541277004
13,,,,0.0,2,2,2,,0.13248895085416734,0.002654292853549123,0.11704965797252953,0.012768412008881569,,0.11704965797252953,0.7258478274567395,1.0,1.0,False,0.0019417335780628764,0.0,0.0,0.0013593070553072023,,0.021628027096141412,0.0731831569668558,0.09072790763980779,0.017544750672951984,0.036740712143749715,0.059706961524533954,0.07884240716506599,0.019135445640532038,0.03437767773024829,0.6161347919888712|0.908178897414854|0.5526212423109983,0.9011001226559111|0.603400286370067|0.18813568813187959,0.4327677565901478|0.5303931309277929|0.1796648550169431
14,,,,0.0,2,2,2,,0.13521104003302753,0.00264453305862844,0.1195239070802927,0.013024884043261409,,0.1195239070802927,0.7245474067329476,1.0,1.0,False,0.0012634383220410106,0.0,0.0,0.001361712640461341,,0.021674082620929548,0.06960966218364845,0.0879619618505322,0.01835229966688376,0.034986228502398874,0.058226961794825144,0.07483562897488509,0.016608667180059947,0.03494497070348431,0.6174744029038667|0.9086052650668685|0.5425933878471674,0.8993971857739279|0.599130509478117|0.1724124032651031,0.4377044683917314|0.5304744509493455|0.15990001195636372
15,,,,0.0,2,2,2,,0.14558959612622857,0.002609908813610673,0.12969900202006102,0.013263253960758448,,0.12969900202006102,0.734129132142353,1.0,1.0,False,0.0012498244901483803,0.0,0.0,0.0013654222403795592,,0.02174556973182232,0.06819076923508341,0.08015845007106515,0.011967680835981737,0.03459744451205666,0.051732893876668254,0.07633284417306775,0.024599950296399498,0.03887460786380722,0.620188717973258|0.908405295427289|0.5334851728020207,0.8973573598182761|0.590410231272087|0.16024805766615913,0.4378105405501557|0.5284745322876652|0.14466913375508644
16,,,,0.0,2,2,2,,0.14633628795854747,0.002608270151540637,0.1301423090044409,0.01356410514563322,,0.1301423090044409,0.7376145498658657,1.0,1.0,False,0.001698123124608028,0.0,0.0,0.0013712685292047756,,0.021791482488192307,0.06402632931514866,0.07468395594018791,0.010657626625039246,0.03709006719080638,0.04456511921968228,0.07144824397528289,0.02688312475560061,0.03974292223460906,0.6211402689799816|0.9086922433825229|0.5263914046020509,0.8942653429439859|0.5859981068049479|0.15100560736689547,0.44044514288795983|0.5258177947884368|0.1351412202445502
17,,,,0.0,2,2,2,,0.15007946197874844,0.002632180927321315,0.1334993380587548,0.013929464155808091,,0.1334993380587548,0.7500853878289155,1.0,1.0,False,0.0011772639658210599,0.0,0.0,0.0014140710351752967,,0.021928711277590312,0.058311006527179424,0.07119781447936228,0.01288680795218286,0.040522084510377435,0.039410877470981445,0.0711325477500791,0.031721670279097655,0.047948726717257945,0.6209069886931626|0.9117415798877277|0.5225942800725343,0.8914759806289279|0.5840013673714138|0.14719512939008977,0.4407770731815354|0.522218792435379|0.13528225293366783
18,,,,0.0,2,2,2,,0.170935443835333,0.002646608976647258,0.15450540999881923,0.013765461975708604,,0.15450540999881923,0.7678662059191788,1.0,1.0,False,0.001321118474280611,0.0,0.0,0.001401082761741787,,0.02212966977463644,0.05258928045085924,0.06690247743839281,0.014313196987533569,0.04166162594218941,0.034969496022889825,0.07084487966694661,0.035875383644056784,0.056464940059257625,0.6200537831766954|0.9136718807928338|0.5191975374401575,0.8877032718270358|0.5815031804448051|0.14253084618118664,0.4411048706739509|0.5216666342626602|0.1353115768403887
19,,,,0.0,2,2,2,,0.14833585591986775,0.0026386950630694628,0.13213521288707852,0.013544213958084583,,0.13213521288707852,0.7852481659756051,1.0,1.0,False,0.0010819165646006879,0.0,0.0,0.0014002760109245514,,0.02217543760906513,0.04693967049141904,0.07346044146228173,0.026520770970862688,0.04765754921197729,0.03153757446137274,0.07138964351333865,0.039852069051965915,0.0637993754588952,0.6195896927885832|0.9147028341144555|0.5157788536603145,0.8938973360917231|0.5825521064406667|0.137416123932692,0.44055804918948854|0.5199969425487834|0.135185599620616
20,,,,0.0,2,2,2,,0.14613732788711786,0.0026551648043096066,0.12988837505690753,0.013575620017945766,,0.12988837505690753,0.8236948321661907,1.0,1.0,False,0.0011415760982982637,0.0,0.0,0.0014149207442870947,,0.022596148623307496,0.042137197001041356,0.07231732673207175,0.030180129731030396,0.054353301743899324,0.030081807189030255,0.0721776584375397,0.04209585124850945,0.06825907481658816,0.6189117089623183|0.9137216573925334|0.5142957848657074,0.8934643416127537|0.5781643493672607|0.13634358140819508,0.43992468502755433|0.5176664807991698|0.13488141208898968
21,,,,0.0,2,2,2,,0.14574906090274453,0.0026286919601261616,0.12983934301882982,0.01326433988288045,,0.12983934301882982,0.8615637989607876,1.0,1.0,False,0.0010995269907938948,0.0,0.0,0.0014144098447250052,,0.022978932815452015,0.03866287067761362,0.0705366468714526,0.03187377619383898,0.058082419370161245,0.029937430837878223,0.07253777552573397,0.04260034468785574,0.07352196095048481,0.6172194001919722|0.9142066731586821|0.51135926530025,0.8921078182260439|0.5745637211267831|0.13674402386681578,0.4400229568792344|0.5131979187158937|0.13507932810901585
22,,,,0.0,2,2,2,,0.14595602708868682,0.002589327050372958,0.1298175340052694,0.013531520031392574,,0.1298175340052694,0.8663827006596532,1.0,1.0,False,0.0018548473147301375,0.0,0.0,0.0014168099390459528,,0.0230090841656205,0.03735674281998337,0.06932663917823258,0.031969896358249206,0.06060518310795775,0.03126426443896467,0.07269302292349225,0.04142875848452758,0.07517055776646245,0.618652506257829|0.914045010560251|0.5087894213679204,0.8910175089276784|0.5705115161945172|0.13699354700176175,0.43996933071440225|0.5115496600137953|0.13525546721849574
23,,,,0.0,2,2,2,,0.1464819610118866,0.002630373928695917,0.1302302679978311,0.013603574130684137,,0.1302302679978311,0.8929212405076007,1.0,1.0,False,0.0010744722218700986,0.0,0.0,0.0014142538109027808,,0.023208283989706147,0.036789626405801315,0.06872472969229194,0.03193510328649063,0.0630600793184926,0.032377184243247814,0.07346470682715604,0.04108752258390823,0.07693121495604968,0.617658611641098|0.9139956628493356|0.5053858378438679,0.8904483403832925|0.5676151007073738|0.13725346105137276,0.43994216238458844|0.507633406854087|0.13538873471827492
24,,,,0.0,2,2,2,,0.14565096399746835,0.0026238998398184776,0.12971122609451413,0.013298189034685493,,0.12971122609451413,0.9073375772033113,1.0,1.0,False,0.0012323022226967684,0.0,0.0,0.0014147462979269142,,0.02332981599018201,0.03570710406711344,0.06786584436665934,0.03215874029954589,0.06426952989974301,0.031150753970617714,0.07413246685379649,0.04298171288317877,0.07855325665703677,0.6177223764083174|0.913593342613722|0.5031927412684661,0.8896282794193318|0.5657294779217227|0.1375198633349981,0.44006909089260254|0.5045368939491738|0.13550009006111688
25,,,,0.0,2,2,2,,0.14442571089603007,0.002651437185704708,0.1286405820865184,0.013117130845785141,,0.1286405820865184,0.925854357283677,1.0,1.0,False,0.0014092086562116496,0.0,0.0,0.0014147005077225336,,0.02343399517794143,0.031443064163288646,0.06727301057448587,0.035829946411197224,0.06827727769569167,0.026889081374842517,0.07484170130526999,0.04795261993042747,0.08077208738915297,0.6178004666365985|0.9118686861797691|0.5021135923369542,0.8887587138448899|0.5594475762926865|0.13775491151551256,0.44046487733962725|0.500866205605102|0.13555043350525664
26,,,,0.0,2,2,2,,0.14422090584412217,0.002638267120346427,0.12819545483216643,0.013370248023420572,,0.12819545483216643,0.9315657572905349,1.0,1.0,False,0.001097902406672402,0.0,0.0,0.001323741585276996,,0.0234514745836996,0.02728719847017925,0.06622501828259957,0.03893781981242032,0.06942035511177182,0.024626742472030148,0.07314785192210994,0.0485211094500798,0.0810143227751286,0.6184339162084699|0.9104892346771801|0.502077800052145,0.8886835479578862|0.5602353388213388|0.13775501669267487,0.44100902480964455|0.5051610815441968|0.13545457869267935
27,,,,0.0,2,2,2,,0.1659901300445199,0.0026543661952018738,0.1496142961550504,0.013703513890504837,,0.1496142961550504,0.9297784418524807,1.0,1.0,False,0.0014900965749650996,0.0,0.0,0.001397256703726581,,0.023488797026074548,0.026344933036570133,0.06427842885839531,0.037933495821825175,0.06810670672623265,0.024136155590451434,0.07248953897707129,0.04835338338661986,0.07920132681365527,0.6186735571226947|0.9110856354580841|0.50151957454147,0.8877203435852982|0.5711063465647171|0.13793081526327775,0.4416598854116745|0.5054746180235979|0.13543207908494842
28,,,,0.0,2,2,2,,0.14224108308553696,0.0026704170741140842,0.1263515269383788,0.013202571077272296,,0.1263515269383788,0.9107414711211272,1.0,1.0,False,0.0010855465704937145,0.0,0.0,0.0014031785182697504,,0.02334187923181487,0.02473398841874053,0.0631621163625349,0.03842812794379437,0.06639909331018264,0.022772098598587653,0.07157870626469837,0.04880660766611071,0.07741388965296936,0.6169199694174798|0.9111873432397392|0.5041328381264808,0.8871326794037685|0.5670273122277685|0.13797448085127478,0.4424691360057032|0.5054814839169923|0.1353477036341329
29,,,,0.0,2,2,2,,0.1428919981699437,0.002689074957743287,0.1265724441036582,0.01361312298104167,,0.1265724441036582,0.8998069670765634,1.0,1.0,False,0.001180984789335593,0.0,0.0,0.0014151567824312954,,0.023313187006291668,0.025322629422426395,0.06464850581206068,0.03932587638963428,0.0635402302489375,0.022617856403851232,0.0693660751831598,0.04674821877930857,0.07454501569751092,0.6194671438199362|0.9116590318041519|0.5077647202901584,0.8871290636656903|0.5651889957902132|0.13798371210901278,0.4436453348111158|0.5059777844589133|0.13546457519545946
30,,,,0.0,2,2,2,,0.1447473568841815,0.0026519407983869314,0.1284281830303371,0.013649306958541274,,0.1284281830303371,0.8734704222422561,1.0,1.0,False,0.0009994254596083912,0.0,0.0,0.0014149620338045439,,0.02311320841855613,0.02569152784587973,0.06594704896483641,0.04025552111895668,0.059798528407864544,0.02207419619357838,0.06713244928695027,0.045058253093371886,0.07125575441602024,0.6214769180983465|0.9111821704458619|0.5111334311098675,0.8860396123252623|0.5654300353038144|0.13798387780565669,0.44489370974805176|0.5035330843208826|0.13566143459823937
31,,,,0.0,2,2,2,,0.1432756930589676,0.0026157069951295853,0.12707535596564412,0.013568197144195437,,0.12707535596564412,0.8361897966072578,1.0,1.0,False,0.004979234233747923,0.0,0.0,0.001414111385515102,,0.022821940326386254,0.025699321141880678,0.06556365602957834,0.03986433488769766,0.0537099902990754,0.021329846123886942,0.06860164022817475,0.047271794104287806,0.06711332473553903,0.6216544418255344|0.9089410151464358|0.5145883628178722,0.8829100556170569|0.5630473539841311|0.13792988490098124,0.44289740682455375|0.503921802523513|0.13585541276116825
32,,,,0.0,2,2,2,,0.1433057759422809,0.002651359187439084,0.1269949129782617,0.013639322016388178,,0.1269949129782617,0.7796075016943886,1.0,1.0,False,0.0013970040341389905,0.0,0.0,0.0013453671966646042,,0.022300193928030454,0.02620099128199984,0.06964138503178367,0.04344039374978383,0.04823929588032474,0.02211831179660422,0.06713442767865851,0.04501611588205429,0.060169687144458514,0.6237241137106316|0.9000198303040342|0.5185975951789802,0.8812716995066951|0.5637095305599968|0.13784718422251424,0.4455729046295665|0.5011454884370063|0.1356399253990957
33,,,,0.0,2,2,2,,0.14841942698694766,0.002672970062121749,0.13169090100564063,0.0140382070094347,,0.13169090100564063,0.726079673628855,1.0,1.0,False,0.001320551035692119,0.0,0.0,0.0013832030959836069,,0.021867359240011673,0.026911834767950258,0.06272136301632075,0.0358095282483705,0.0408437311812475,0.022946397203677464,0.05886233227240356,0.0359159350687261,0.049239459509861284,0.6215396579713802|0.8888760802732294|0.522010625306842,0.8765003228201832|0.5566812247545574|0.13939191963648234,0.4504277748499035|0.502853852661647|0.1349628352041742
34,,,,0.0,2,2,2,,0.14843450696207583,0.0026370459236204624,0.1315628730226308,0.014216585084795952,,0.1315628730226308,0.7072052962780648,1.0,1.0,False,0.0013181868486273202,0.0,0.0,0.0014090438601842452,,0.021675227294385646,0.027928037298889173,0.06678549433058995,0.03885745703170077,0.04534133663020107,0.024002788856349398,0.05439229065870933,0.030389501802359935,0.043098386347140936,0.6230372145248018|0.8905727137914664|0.5331483268814313,0.8793863987512802|0.5549240174984179|0.15796099006657982,0.45397256008836223|0.5003308452365621|0.1443872969728145
35,,,,0.0,2,2,2,,0.14685033191926777,0.002578908111900091,0.1306700319983065,0.013583970023319125,,0.1306700319983065,0.699238770544144,1.0,1.0,False,0.0010769934801018663,0.0,0.0,0.001249909765444775,,0.02171700599206678,0.029322161609551225,0.06677552384693777,0.037453362237386545,0.04668534145321948,0.025333554594958,0.05352867997732259,0.028195125382364586,0.04043540989304237,0.6222531968527576|0.8921926058784799|0.5483620130734439,0.8797744661085578|0.5487228501182486|0.17541939986777397,0.4537637174771138|0.4994450176170485|0.1605800154534468
36,,,,0.0,2,2,2,,0.14482392999343574,0.0025957811158150434,0.12831446202471852,0.01389507600106299,,0.12831446202471852,0.6872398992453284,1.0,1.0,False,0.0011095582016066516,0.0,0.0,0.0014235573724277993,,0.02156837258503904,0.03130343505431578,0.06485924992176983,0.033555814867454056,0.043565591101625216,0.026588516920129236,0.05341213860896736,0.026823621688838124,0.03973588532679378,0.6227410048394326|0.892996775042603|0.5677785733160682,0.878212710959484|0.5399291071643383|0.1945081160888363,0.45213437082576863|0.49947182958706804|0.18246644598743483
37,,,,0.0,2,2,2,,0.16578414803370833,0.0026114839129149914,0.14992739586159587,0.013215638929978013,,0.14992739586159587,0.6729639026519678,1.0,1.0,False,0.0016318786763603738,0.0,0.0,0.0014299233572999473,,0.02146115929426877,0.03375589518207893,0.063762507462943,0.03000661228086407,0.039758290571272864,0.02796416232611147,0.054919094061652754,0.026954931735541286,0.040677237056146315,0.6181186935760546|0.8925874045011073|0.587528507381163,0.8755637699128808|0.5331700903062911|0.21850245435219828,0.4480006017490037|0.4995816381619454|0.20294105153940384
38,,,,0.0,2,2,2,,0.1400735890492797,0.0026431349106132984,0.1241183471865952,0.013294524978846312,,0.1241183471865952,0.6491489601594883,1.0,1.0,False,0.0018696853566139357,0.0,0.0,0.0014164877718587765,,0.021297670658038524,0.036744128846563404,0.0656018447807073,0.028857715934143893,0.038442117656652855,0.02991824115629804,0.053793029107432604,0.023874787951134565,0.03897278169280355,0.6175976923144639|0.8903871008995525|0.6069812210769043,0.8731767400661732|0.5356434570203634|0.23954694650100425,0.44671667603683385|0.49944572331473874|0.22594099623864666
39,,,,0.0,2,2,2,,0.13468388398177922,0.0026552879717200994,0.11875670589506626,0.013255683006718755,,0.11875670589506626,0.6393576301045683,1.0,1.0,False,0.0018234663984970992,0.0,0.0,0.0014388054620237101,,0.02120855267118463,0.03939630956635782,0.06474702766560428,0.02535071809924646,0.03555280566872401,0.03153447099792206,0.053321093316504385,0.021786622318582326,0.037352265165356405,0.6154120987275592|0.890086007489529|0.628211557007196,0.8699076311123647|0.5308132237344376|0.2712098128428276,0.4439652769279221|0.49622253005798117|0.2548823939943538
40,,,,0.0,2,2,2,,0.13092265790328383,0.0026348871178925037,0.11472826404497027,0.013542250962927938,,0.11472826404497027,0.6399889214481754,1.0,1.0,False,0.0017817821101702887,0.0,0.0,0.0014316728684125222,,0.0212345644355204,0.041099633093159775,0.06523672252001791,0.02413708942685814,0.03617819923574179,0.033285816620185815,0.05340156965488224,0.020115753034696426,0.036238952546873565,0.6120309864110455|0.8893850240515397|0.6471578951478628,0.8663122215595644|0.5316943931871476|0.3005856996105097,0.4404628399409107|0.4930694417132369|0.2859435148353322
41,,,,0.0,2,2,2,,0.12964773806743324,0.002670273883268237,0.11384106194600463,0.013118163915351033,,0.11384106194600463,0.6377436648228797,1.0,1.0,False,0.00170730876094035,0.0,0.0,0.001425470651143437,,0.021285563154517368,0.043174152491047266,0.0656191358086732,0.02244498331762594,0.035344730101772366,0.03532677739183851,0.053719376127333886,0.018392598735495376,0.03382069578120056,0.6069973289417633|0.8855425571088352|0.6640932008813011,0.8626853867979425|0.531718490422925|0.3299061474196041,0.43701849052323716|0.4899126369933113|0.3164388605268784
42,,,,0.0,2,2,2,,0.13271859497763216,0.002699160948395729,0.11574212298728526,0.014258980983868241,,0.11574212298728526,0.6345881451021269,1.0,1.0,False,0.0015485948256578064,0.0,0.0,0.0014136319893661845,,0.021279954658667836,0.04431518889612136,0.06600641104142002,0.021691222145298658,0.035903321238432664,0.03730398362212385,0.05430152734673589,0.01699754372461204,0.032286173055432396,0.6029498566534817|0.8832891759063852|0.6782089516236882,0.8587151386876002|0.5318197654806117|0.3621129679407639,0.43330266195386197|0.4883310032112076|0.34842285079175705
43,,,,0.0,2,2,2,,0.13259403593838215,0.0027408970054239035,0.11666291486471891,0.013170829974114895,,0.11666291486471891,0.6343311054428237,1.0,1.0,False,0.003635851393112094,0.0,0.0,0.0014050539537601063,,0.02127628391689034,0.04515242212278731,0.06645440011503854,0.021301977992251232,0.0363577478702863,0.038905617084151564,0.05504235249966761,0.016136735415516044,0.03146072428048065,0.5982945439500419|0.8813717307074297|0.6893551366237184,0.854741151789838|0.5325143253984007|0.39790562605832697,0.42896407544687465|0.4866634165195054|0.3815950928366273
44,,,,0.0,2,2,2,,0.12799203698523343,0.0026754720602184534,0.11221041600219905,0.013086858903989196,,0.11221041600219905,0.615964263130268,1.0,1.0,False,0.001696715265362591,0.0,0.0,0.0013946651718293956,,0.021077022488824756,0.04558979301930462,0.06729702034696555,0.021707227327660936,0.03788804296623188,0.039558003577122504,0.05677135905294115,0.017213355475818648,0.0332960807908496,0.5901918516386621|0.8852599241170007|0.6992126706224069,0.8512910287181494|0.5321804685826164|0.43250072972930276,0.42262942363038974|0.48687129261763423|0.4161407581681708
45,,,,0.0,2,2,2,,0.12651063106022775,0.00267326389439404,0.11090223700739443,0.012917403830215335,,0.11090223700739443,0.6231252208821162,1.0,1.0,False,0.0019470241068387378,0.0,0.0,0.0013951728964329332,,0.021243800557765858,0.045321410987796004,0.06826640554369576,0.022944994555899753,0.039915884932596825,0.03955574037981286,0.056235924017198444,0.016680183637385583,0.03284147912941811,0.5837919526415821|0.8828342563362068|0.7092031040465004,0.8469498623417928|0.5327341004749142|0.46574176710808535,0.4186150575426822|0.4845911718532226|0.4490753884941077
46,,,,0.0,2,2,2,,0.14823327912017703,0.0026966240257024765,0.13285034196451306,0.012668570969253778,,0.13285034196451306,0.6555631708290484,1.0,1.0,False,0.002024070955171667,0.0,0.0,0.0014239147941447555,,0.02159032512417053,0.045371744869698076,0.06888698448405442,0.023515239614356344,0.041791034283626544,0.039796004214663484,0.05786472858036072,0.018068724365697238,0.034264128694777685,0.573969986526177|0.8803808205435095|0.7158565989763256,0.8420959960068937|0.5330298791645603|0.4983460272223269,0.41213120643655193|0.48435910551128947|0.4799546359732621
47,,,,0.0,2,2,2,,0.1256385159213096,0.002639136044308543,0.11008175299502909,0.012900580186396837,,0.11008175299502909,0.681472050924891,1.0,1.0,False,0.0015611580466359729,0.0,0.0,0.0014164231337460197,,0.021922104754733183,0.04539990454306814,0.07007227936768576,0.02467237482461762,0.043931680903615274,0.04030086310138736,0.05864298934992183,0.018342126248534464,0.034029804980741485,0.5655614623633913|0.8742569480424296|0.7211694537204826,0.8373314687180314|0.5335267426122177|0.5282972512400699,0.4067806167133425|0.4836568057441156|0.5069432107470783
48,,,,0.0,2,2,2,,0.1252163969911635,0.0026401288341730833,0.10980993695557117,0.012747647007927299,,0.10980993695557117,0.7230061697009869,1.0,1.0,False,0.0034301944353408997,0.0,0.0,0.0014164328375480173,,0.022417528143242153,0.045355222799172264,0.0708377957616851,0.025482572962512835,0.04576593323909414,0.04045546363171159,0.05916282667772147,0.01870736304600988,0.033903717572760304,0.5555535280699957|0.8674296928486709|0.7245667792476087,0.8313642799871661|0.5340897048445721|0.5553319894075841,0.40169245411917925|0.4843128271149827|0.5314415965364531
49,,,,0.0,2,2,2,,0.12436583079397678,0.0026507000438869,0.10860647005029023,0.013091430999338627,,0.10860647005029023,0.7274013793356329,1.0,1.0,False,0.0015120171330332277,0.0,0.0,0.0013986552620134333,,0.022424846520314328,0.04411848653710435,0.07063774086059715,0.0265192543234928,0.046246912757102916,0.04059159351652607,0.060009964559496365,0.019418371042970298,0.03521604517556137,0.5503431014560793|0.8586383281281899|0.7273225783402493,0.8251577887139131|0.5320633754304147|0.5785209894627792,0.39593110370508267|0.48637922848690923|0.5560445430253927
50,,,,0.0,2,2,2,,0.12485216814093292,0.002659982070326805,0.10952626401558518,0.012649270007386804,,0.10952626401558518,0.726284609237783,1.0,1.0,False,0.0014252712028759648,0.0,0.0,0.0013729557930957,,0.022359601514398936,0.04299833347474767,0.07424464016219073,0.031246306687443062,0.050541647266976,0.039546160245616836,0.061210724675246644,0.021664564429629808,0.03734604820910445,0.5436363066249168|0.8483323535515027|0.7310516174426094,0.8194318125204656|0.5336661690361207|0.5944437759560054,0.39031675235133384|0.4876499816410279|0.5765326869594863
51,,,,0.0,2,2,2,,0.12375882407650352,0.002644935855641961,0.10849361401051283,0.012603248935192823,,0.10849361401051283,0.7492869540832429,1.0,1.0,False,0.0015110352452433196,0.0,0.0,0.001422525204768205,,0.02263363947289286,0.0430331024640381,0.0768974741684831,0.03386437170444499,0.052262362378331394,0.0389231022401135,0.06183808529618191,0.022914983056068414,0.03856501775186394,0.5373673768175168|0.8348544485496119|0.7335471035147155,0.8134339992327132|0.5329215518598313|0.6114261852771964,0.38501375712203073|0.48698487207190255|0.5949034985789867
52,,,,0.0,2,2,2,,0.11829703813418746,0.002641945844516158,0.10311443801037967,0.012523708865046501,,0.10311443801037967,0.7191002166345204,1.0,1.0,False,0.0014388688059408343,0.0,0.0,0.0013912746729824528,,0.022232623529649165,0.04354814501566332,0.07763519719164591,0.03408705217598259,0.0531582042295375,0.03888576392798141,0.06292554213321352,0.024039778205232114,0.03936522253483016,0.5327245703171045|0.8206404364951531|0.7336654682525307,0.8083363389274685|0.5275977688277814|0.6252841317814694,0.37936598538120325|0.4888540407955415|0.611027178854026
53,,,,0.0,2,2,2,,0.11825388809666038,0.0026307289954274893,0.10311352997086942,0.012491973815485835,,0.10311352997086942,0.7077512730621903,1.0,1.0,False,0.0014419630635370898,0.0,0.0,0.0013656786516319766,,0.0220936518457533,0.0439225774101812,0.07834280134952552,0.034420223939344324,0.05217591697062771,0.03883741285180156,0.06313451055364941,0.024297097701847847,0.03949967841657754,0.5286448964584511|0.806968548226364|0.7352888523944817,0.8024278885898302|0.5233032261799795|0.6381567017381501,0.37483903629540305|0.48658334078240384|0.624102891657844
54,,,,0.0,2,2,2,,0.11794313113205135,0.002668358152732253,0.10267198109067976,0.012584986165165901,,0.10267198109067976,0.697344554460687,1.0,1.0,False,0.001719645941193837,0.0,0.0,0.0013600721844067559,,0.021972375565269157,0.04456305780223359,0.07816095262730843,0.033597894825074845,0.05169727855256418,0.03914922911374541,0.06326029853665498,0.024111069422909567,0.03909463444481301,0.523916578130235|0.7934991192676183|0.7368057903899767,0.7975701238017829|0.5165480889097235|0.648617777236392,0.37004053043678387|0.48107458115288576|0.6367741408639578
55,,,,0.0,2,2,2,,0.11735686101019382,0.0026754059363156557,0.10231342492625117,0.012351935962215066,,0.10231342492625117,0.6908992514781188,1.0,1.0,False,0.001606527333269478,0.0,0.0,0.001344062152121606,,0.021889813819707366,0.045977777571562344,0.07842189467915553,0.032444117107593186,0.05095768793283197,0.039528284363214,0.06306720473241208,0.02353892036919808,0.03813559148033264,0.5201432739940954|0.7799023585781815|0.737956255400951,0.793712737002912|0.5093866494785273|0.6587411628235009,0.36607075735742556|0.474788873910508|0.6459624318351955
56,,,,0.0,2,2,2,,0.11723036295734346,0.0026155789382755756,0.10242735082283616,0.012170723173767328,,0.10242735082283616,0.6955719041704133,1.0,1.0,False,0.0014458746519709458,0.0,0.0,0.0013488643053588935,,0.022000012486633573,0.046856424441654033,0.07967466521674277,0.032818240775088735,0.05144803056545659,0.040072941428593856,0.06282531299829515,0.022752371569701293,0.03714121262525049,0.5184264686661915|0.7658702682364561|0.7392754087802732,0.7883152320407374|0.5043308750081139|0.6659415343518548,0.362589988538896|0.4668406718781128|0.6525409978112091
57,,,,0.0,2,2,2,,0.14026992511935532,0.0026620819699019194,0.12528594094328582,0.012303997995331883,,0.12528594094328582,0.7031938639759452,1.0,1.0,False,0.002646672220761641,0.0,0.0,0.0013420270977899701,,0.022124430904424695,0.047106205861016825,0.08080459949608726,0.033698393635070434,0.05708510480342969,0.04059147177297748,0.06249956212840472,0.02190809035542724,0.036332024785314894,0.5157406265604259|0.7536756238291957|0.7402488813159938,0.7844904877025014|0.5037085150540757|0.669223264204885,0.3596505457685242|0.45770792172736546|0.6565028806748363
58,,,,0.0,2,2,2,,0.1166383228264749,0.0026125649455934763,0.10172640415839851,0.012281724950298667,,0.10172640415839851,0.7142168327454583,1.0,1.0,False,0.002029820844258571,0.0,0.0,0.0013384710798621554,,0.022292507310302013,0.04747470353695365,0.08208323866285358,0.03460853512589993,0.058852175647115756,0.041238220421284645,0.061888991132620995,0.02065077071133635,0.03517186964143674,0.5145078043928205|0.7411394479745693|0.7385869253185151,0.7817562487816061|0.4936658090489574|0.6703193420556653,0.35751103690309044|0.44783752865995463|0.6581108060751069
59,,,,0.0,2,2,2,,0.11618645815178752,0.0026699670124799013,0.10112969391047955,0.012366486014798284,,0.10112969391047955,0.7119996017138887,1.0,1.0,False,0.0014775600510814856,0.0,0.0,0.0013341902090499315,,0.02228165303044539,0.04783961738034645,0.0828132247001505,0.03497360731980405,0.05892803045752413,0.041370924921126,0.06108337668837505,0.019712451767249055,0.03449269124972556,0.5127042412116029|0.7272341805041649|0.7359540838476408,0.7783096462046524|0.48190598975401844|0.671214103923631,0.35512813035341817|0.43536867286209197|0.6583485226055329
60,,,,0.0,2,2,2,,0.11644961009733379,0.0026743928901851177,0.10134115698747337,0.012416027020663023,,0.10134115698747337,0.7083063660595228,1.0,1.0,False,0.0015107023306823973,0.0,0.0,0.0013316345119201536,,0.02224859409264937,0.04849226055337269,0.08286935196396164,0.03437709141058895,0.059276462716962734,0.041350422090621605,0.06252609028584134,0.021175668195219738,0.03937704283076816,0.5111962536779062|0.7133140108356724|0.7333057723895618,0.7740913552177722|0.47036080279482345|0.6694717722612407,0.35160334837302404|0.4233868032229659|0.6550930289890676
61,,,,0.0,2,2,2,,0.11607081606052816,0.002690472872927785,0.10128461383283138,0.012074833968654275,,0.10128461383283138,0.6940937891692792,1.0,1.0,False,0.0016842010777045127,0.0,0.0,0.0013286475972273059,,0.022061497652479157,0.04899456267311318,0.08268997358236614,0.03369541090925296,0.05850142833996633,0.04132883089483988,0.061705704111163905,0.020376873216324025,0.03796712358352918,0.5094174738898721|0.6979057243736333|0.7302609989047019,0.7700806644490464|0.457322403611786|0.6686176571244393,0.3487020622185008|0.40795638206543283|0.6540415704448085
62,,,,0.0,2,2,2,,0.11611474421806633,0.002710455097258091,0.10109092388302088,0.012293352978304029,,0.10109092388302088,0.6835825420685215,1.0,1.0,False,0.0014722658059739165,0.0,0.0,0.0013215211769034719,,0.02192615646624231,0.049394518204468864,0.08367471301649877,0.03428019481202991,0.05781736314993676,0.04091367850967092,0.05844522308542268,0.017531544575751762,0.03501874051142031,0.5109262011690002|0.6822135033823961|0.7271495895687747,0.7667091904036432|0.4428999388136152|0.6664439930797431,0.3477549430785436|0.3909439001015077|0.6557760281820856
63,,,,0.0,2,2,2,,0.1157626451458782,0.0027229180559515953,0.10104607394896448,0.011976558016613126,,0.10104607394896448,0.6717639726707404,1.0,1.0,False,0.0026702620493455342,0.0,0.0,0.0013107714731431432,,0.021769281776349098,0.049733938832591626,0.08547768993238279,0.035743751099791166,0.05582891248179198,0.04040591621269891,0.05808870233288111,0.017682786120182203,0.0348609038745297,0.5117641731651835|0.6656294043310973|0.7245380704350937,0.7635351651652194|0.4256467706602556|0.6647845320672058,0.3449270749198181|0.3756177707947807|0.6567579269678205
64,,,,0.0,2,2,2,,0.11612115800380707,0.0026709160301834345,0.10119635192677379,0.012235525995492935,,0.10119635192677379,0.6686950649102342,1.0,1.0,False,0.002290956962961388,0.0,0.0,0.001266814894311784,,0.02174784079101729,0.05013678328391289,0.08540925578868484,0.03527247250477195,0.054228739038688106,0.03949828466078453,0.05772868772085748,0.018230403060072946,0.03501369513851246,0.5133066342342222|0.6477913867616637|0.7223114264452067,0.760683294740299|0.4080286518441294|0.663415824502559,0.3425813744615505|0.35985006661613317|0.6581065737196967
65,,,,0.0,2,2,2,,0.11649058293551207,0.00270679104141891,0.10160594410263002,0.012159703997895122,,0.10160594410263002,0.667235381884489,1.0,1.0,False,0.0027909219940609187,0.0,0.0,0.001355628650107209,,0.021716473018211262,0.05044326989977869,0.08562032339076474,0.03517705349098605,0.05372816631434203,0.03849170584953987,0.057569467509644645,0.019077761660104775,0.03594676849010057,0.5143914791321648|0.6278016486753453|0.721996391183257,0.7588270943277828|0.3896711075972964|0.6637113055426909,0.3405779451266283|0.3439840496431393|0.660460014340596
66,,,,0.0,2,2,2,,0.11919968202710152,0.0026726811192929745,0.10436094994656742,0.0121487220749259,,0.10436094994656742,0.6833557664501194,1.0,1.0,False,0.0025088533169912025,0.0,0.0,0.0014170521003990806,,0.021892175119795895,0.051031612626181985,0.0839290669588171,0.03289745433263512,0.05374161760942908,0.0376196995923931,0.06019688840472947,0.02257718881233637,0.03975560528272953,0.515935065179675|0.6087257239845202|0.7236979827185837,0.757808336719551|0.3706938853459109|0.6659659399753066,0.33743978646913275|0.3302130412798586|0.6613889013435889
67,,,,0.0,2,2,2,,0.11920870398171246,0.002691352041438222,0.10456189513206482,0.011938284849748015,,0.10456189513206482,0.6949369930975465,1.0,1.0,False,0.0016757294798818191,0.0,0.0,0.0014220123637242118,,0.022106866605161937,0.052160158948375626,0.0832821038828963,0.031121944934520668,0.05264086243191602,0.037032972472281,0.06046820061418619,0.023435228141905184,0.03838885713925308,0.5182642426275609|0.5885350189263173|0.7234491805202102,0.7567921501273065|0.3488945797211799|0.6679412687874057,0.33607641072870315|0.3132235570155263|0.6649949366297736
68,,,,0.0,2,2,2,,0.14284968096762896,0.0026689739897847176,0.12803352694027126,0.012125285807996988,,0.12803352694027126,0.7075694289562898,1.0,1.0,False,0.0016410555480642214,0.0,0.0,0.0014337516557535737,,0.02225933304827475,0.053379002177505394,0.08335522497994766,0.029976222802442262,0.05084778202104613,0.03671912429589608,0.06075694537557227,0.02403782107967619,0.038894893297684786,0.5211086476559136|0.5682435481638317|0.7241545338007271,0.7558030952479936|0.3251967040085495|0.6708151626327205,0.33455145857847274|0.2960827003621241|0.6713331867677841
69,,,,0.0,2,2,2,,0.11687369900755584,0.0026291189715266228,0.10244323313236237,0.011783633846789598,,0.10244323313236237,0.7497713390798022,1.0,1.0,False,0.00547494243668345,0.0,0.0,0.0014619083240752888,,0.02258363818555448,0.05388450247948265,0.08309888646723783,0.02921438398775518,0.050118184163125905,0.03700867742774968,0.05957394922197375,0.022565271794224073,0.0379066927730638,0.524133900431863|0.5479988779397316|0.7250103988000532,0.7550634524604811|0.30180945728592923|0.6746610845332391,0.3345678969549812|0.2785498590910165|0.6792145782188398
70,,,,0.0,2,2,2,,0.11463832599110901,0.0026702089235186577,0.10008611809462309,0.01186337717808783,,0.10008611809462309,0.8469907098651672,1.0,1.0,False,0.001556116136468673,0.0,0.0,0.0014277197412902558,,0.023178118864988054,0.054745524450562334,0.08291371211062178,0.028168187660059442,0.04969266613837288,0.03771509751251009,0.06448370832686408,0.026768610814353985,0.03969128652080445,0.5267442061989437|0.5293268183759069|0.7252302029092108,0.7550256905574912|0.27933939997815344|0.6793372651225769,0.333108428694515|0.2677497253068193|0.678675827099377
71,,,,0.0,2,2,2,,0.10909844213165343,0.0026459069922566414,0.09465589793398976,0.011778926011174917,,0.09465589793398976,0.7280788291406751,1.0,1.0,False,0.003440483285801099,0.0,0.0,0.0013100166136619945,,0.022299185753192688,0.055322868465104334,0.08024492700483972,0.024922058539735385,0.04900611735113541,0.03816458677540281,0.05982742793429208,0.021662841158889265,0.03674832629380121,0.5269821013985997|0.4991303705830668|0.7320640678978951,0.7546847494247735|0.25807741115739363|0.69115798543928,0.3330027252058457|0.24326639405119815|0.6870776809464402
72,,,,0.0,2,2,2,,0.10656888294033706,0.0026441048830747604,0.0921969769988209,0.011711308034136891,,0.0921969769988209,0.6873519196753267,1.0,1.0,False,0.0019843110722542606,0.0,0.0,0.0012141982057151178,,0.022018936180644003,0.055568303809093826,0.08084299580672158,0.025274691997627753,0.04944393865674629,0.03799352123234755,0.05884524547486575,0.020851724242518195,0.03549672200423117,0.5306591386111122|0.47852794998996817|0.7345187277848383,0.7537028109148004|0.23712217394595184|0.6922545888381229,0.3331290580808374|0.2251416612462383|0.6906965708127001
73,,,,0.0,2,2,2,,0.10728360409848392,0.00262128422036767,0.09247564105316997,0.012165889842435718,,0.09247564105316997,0.6567780643527005,1.0,1.0,False,0.0019990697383307776,0.0,0.0,0.001114631306674796,,0.02177353210018188,0.05525468948402768,0.0804255514144427,0.02517086193041502,0.04954855773480378,0.037862509163204494,0.058949797356375955,0.02108728819317146,0.03571264053671629,0.5343029562066385|0.46013212837897766|0.7370825817548138,0.7526574701262945|0.21682178589784468|0.6939807468367489,0.3320838564322727|0.2083606270267114|0.6949603635727218
74,,,,0.0,2,2,2,,0.10735615505836904,0.0026568060275167227,0.09235271206125617,0.012329051038250327,,0.09235271206125617,0.6574284441601755,1.0,1.0,False,0.004916916280791703,0.0,0.0,0.0011223757404609119,,0.02181452897224668,0.0552517462021013,0.08108895810628261,0.025837211904181312,0.04684037840112835,0.03773448116883345,0.057725290791155154,0.019990809622321706,0.03503232496736368,0.5365241623510132|0.44022668642705515|0.7373449929329604,0.7505707497126798|0.1938882890285028|0.6967559210445438,0.33210235936071786|0.19101815474317896|0.6984954532073145
75,,,,0.0,2,2,2,,0.10928032291121781,0.002674306044355035,0.09422385785728693,0.012364017078652978,,0.09422385785728693,0.6657424243570611,1.0,1.0,False,0.004587227196784172,0.0,0.0,0.001112698074577961,,0.02193568263699752,0.05504233004156982,0.08162414857943166,0.026581818537861845,0.04605017272515302,0.03780574298591345,0.05793132835277902,0.020125585366865567,0.03745932003563074,0.5389393914120737|0.42214709929929317|0.7381334976251326,0.7491145962071464|0.17254078596244965|0.6985115982228552,0.3303785200710965|0.17421408142403935|0.701643679620054
76,,,,0.0,2,2,2,,0.11488507804460824,0.002658040029928088,0.09911743691191077,0.01309222006238997,,0.09911743691191077,0.661584731008735,1.0,1.0,False,0.004297472824753998,0.0,0.0,0.0011120803839849943,,0.02182453375972272,0.05502234518738768,0.08189909433985353,0.026876749152465844,0.04538415927026523,0.037929833137146575,0.058023846236421026,0.02009401309927445,0.03737341361494901,0.5393617515894431|0.4034376031065012|0.7367946847011938,0.7472571707575246|0.1517411067173195|0.6989932459629173,0.3288184291640028|0.15694357216475938|0.7026417749387095
77,,,,0.0,2,2,2,,0.12168325483798981,0.0026658440474420786,0.10603833012282848,0.01296045514754951,,0.10603833012282848,0.6492154236792873,1.0,1.0,False,0.001449581891235216,0.0,0.0,0.0014192953058970467,,0.021574128373968878,0.054896188116882357,0.08229074236166628,0.027394554244783924,0.04580102155760908,0.037866171346140474,0.06203570082148088,0.024169529475340408,0.040485843027533656,0.5363064186338231|0.38396796212851386|0.7354389123578164,0.74676388876947|0.13129993863005215|0.6996839934212233,0.32639920791449384|0.14401553968704137|0.6994653049255714
78,,,,0.0,2,2,2,,0.1245989550370723,0.0026912521570920944,0.10832943022251129,0.013560275081545115,,0.10832943022251129,0.6463908311909891,1.0,1.0,False,0.004692787542225588,0.0,0.0,0.0014446617543423439,,0.021493771173263766,0.05424781529848365,0.08189548343252898,0.027647668134045324,0.049941943340058206,0.038394989384729065,0.05784935513219545,0.01945436574746638,0.03763394963256098,0.5394805034465163|0.36650358508159003|0.7336396163400696,0.7456838413587615|0.11190621302114967|0.6967076075498356,0.32645402595000217|0.12261622585111442|0.7029802473031335
79,,,,0.0,2,2,2,,0.12377239600755274,0.0026708298828452826,0.10852620005607605,0.012557992013171315,,0.10852620005607605,0.6565751555615448,1.0,1.0,False,0.0016750189635608946,0.0,0.0,0.0014213761298111506,,0.02165100231414684,0.053541845803466416,0.07996273504595904,0.02642088924249262,0.05181218554724654,0.03885015828802071,0.06099816684067525,0.022148008552654544,0.04030463974519651,0.5390251397623369|0.35065551043156923|0.7342358482983109,0.7448474904959512|0.09342906131554282|0.6947742796037499,0.3238686314460291|0.10849943145793908|0.6994056151269372
80,,,,0.0,2,2,2,,0.11860623303800821,0.0026777249295264482,0.10386504093185067,0.01204512408003211,,0.10386504093185067,0.6908754351377557,1.0,1.0,False,0.0014600801143098106,0.0,0.0,0.001443132075623135,,0.021975418766511046,0.05281163420317074,0.07854323555901818,0.02573160135584744,0.05413552699261467,0.03909757151750115,0.06073339783414636,0.021635826316645207,0.04009350375905802,0.5392057678521982|0.33409232430068314|0.7328801880493507,0.7433990050263338|0.07436510043671438|0.6909165213413847,0.323418442572212|0.09193161239251005|0.6953913189628428
81,,,,0.0,2,2,2,,0.11919711506925523,0.0026629879139363766,0.10447794804349542,0.012039066990837455,,0.10447794804349542,0.7048457897083086,1.0,1.0,False,0.001494703088450372,0.0,0.0,0.0014566529050163224,,0.022075867861247586,0.05296259291520634,0.07859239388879777,0.02562980097359143,0.0560577089320996,0.03961493467729736,0.060930452021817766,0.021315517344520404,0.039455051676025026,0.5385731819161289|0.3176918564051655|0.7314939285172589,0.7423166930115793|0.053032233719020674|0.688559610511121,0.3224246047144984|0.07604442927879966|0.6902426131272914
82,,,,0.0,2,2,2,,0.11906882096081972,0.002683639992028475,0.10429773083887994,0.012069871881976724,,0.10429773083887994,0.6955661097776608,1.0,1.0,False,0.001498752607966447,0.0,0.0,0.0014237634735001353,,0.021986246612737032,0.05349538631266275,0.07904230136220919,0.02554691504954644,0.056374312745887126,0.03953561794581501,0.06066338527205372,0.02112776732623871,0.039334618820495514,0.5371247261677173|0.299760486119734|0.7293426978437382,0.7407686399694942|0.03204970877326904|0.6847851014742051,0.3209863438196049|0.05899234135915454|0.6848903649458367
83,,,,0.0,2,2,2,,0.13963354006409645,0.0026567429304122925,0.12486487999558449,0.012094337027519941,,0.12486487999558449,0.6757038276289565,1.0,1.0,False,0.0015669335718767642,0.0,0.0,0.001414501523925586,,0.021767546932237713,0.05423468429844837,0.08038210136144394,0.026147417062995573,0.055917293599860744,0.03948351861285519,0.06060157541509987,0.021118056802244677,0.03916263113349406,0.5342367193892977|0.2799241776227348|0.7266037696034754,0.7390907322078221|0.009988929087291862|0.6818776614275823,0.3186161865538811|0.04073907497930594|0.6796739071706337
84,,,,0.0,2,2,2,,0.11532124690711498,0.0026643541641533375,0.10074212099425495,0.011897557880729437,,0.10074212099425495,0.6653024325847902,1.0,1.0,False,0.0017165744429295665,0.0,0.0,0.0014077640396569118,,0.021635866855479243,0.05392009683769248,0.0804331778648282,0.026513081027135725,0.056413548779970075,0.03952623391725996,0.06090118807899752,0.021374954161737555,0.03973138723848586,0.531402545417304|0.25913168841003437|0.7258996722862121,0.7367950404918897|-0.009560683450915944|0.678856665341068,0.3156960209110956|0.02207353350746439|0.6756114634537231
85,,,,0.0,2,2,2,,0.11430107895284891,0.0026247981004416943,0.09988113702274859,0.011777926003560424,,0.09988113702274859,0.6828554939514964,1.0,1.0,False,0.0017120065593307504,0.0,0.0,0.0014048047545644803,,0.021854651234677544,0.052944634894628216,0.08049316894030761,0.027548534045679397,0.056567463895492526,0.03941355537398549,0.06145094957284895,0.022037394198863455,0.04051819650277419,0.5290216070065917|0.23725758723228654|0.7267120278569577,0.7345957590775152|-0.02934000308096862|0.6776818909800598,0.3126757146082136|0.0028359077011195118|0.6730296210333739
86,,,,0.0,2,2,2,,0.11795934499241412,0.0026110720355063677,0.10338438302278519,0.011946775019168854,,0.10338438302278519,0.7039207645238799,1.0,1.0,False,0.0017023971584955132,0.0,0.0,0.0013911975381833681,,0.022133037317499056,0.052335570968175225,0.07935754846233992,0.02702197749416469,0.05686557186644127,0.03957457891397682,0.05975537797255872,0.020180799058581902,0.03821404011831653,0.5263040205703869|0.21587720902784618|0.7288088951270703,0.7320778883526703|-0.04814291577803895|0.678092313048918,0.310615528723019|-0.019888462799606307|0.6736795730482029
87,,,,0.0,2,2,2,,0.11589156999252737,0.0026243559550493956,0.10139854508452117,0.011851714923977852,,0.10139854508452117,0.7377401293812752,1.0,1.0,False,0.0020415776436829985,0.0,0.0,0.0014679691255016143,,0.022522602227213428,0.05202448067509307,0.07838686227942883,0.02636238160433576,0.0566982583845624,0.0394933665107388,0.06199238095550386,0.022499014444765063,0.039703318410152066,0.5223117577614135|0.1931311577286205|0.7313729930170793,0.7306721262614266|-0.06746384118573555|0.6814724785845071,0.307009630183043|-0.040638941364602166|0.6715363323805693
88,,,,0.0,2,2,2,,0.11444805515930057,0.0026322719641029835,0.10019183694384992,0.011606462998315692,,0.10019183694384992,0.7629322751527816,1.0,1.0,False,0.002427440940232159,0.0,0.0,0.0014306066687719348,,0.022770556732162564,0.05167485160244185,0.07865353694747709,0.026978685345035246,0.05336751110686767,0.039589975463028844,0.06195791802520531,0.022367942562176467,0.03876312433662683,0.5169110731750302|0.17198135310906426|0.730408341477053,0.7293417760051644|-0.0873871500638001|0.682968457325247,0.30515560334378794|-0.06419503059880796|0.671105172583809
89,,,,0.0,2,2,2,,0.11149370321072638,0.0026891478337347507,0.09697329322807491,0.011813686927780509,,0.09697329322807491,0.7367540937821496,1.0,1.0,False,0.002376213769510971,0.0,0.0,0.001353437623846405,,0.02233399466986782,0.051297621187728105,0.08121538971674293,0.029917768529014822,0.05125639452984649,0.0399114196952542,0.05919961770607433,0.01928819801082013,0.03695373342244578,0.5197596611502963|0.14627172347936054|0.7337453255737646,0.7288035492939439|-0.1092201525659991|0.6833998735741661,0.3066348895133532|-0.087187867766343|0.676785224916407
90,,,,0.0,2,2,2,,0.10762769891880453,0.002651655115187168,0.09324292303062975,0.011716551845893264,,0.09324292303062975,0.7228473920561848,1.0,1.0,False,0.0034712620464982524,0.0,0.0,0.0011434154904638074,,0.022330348953483747,0.05108688241584495,0.08068101408400978,0.02959413166816483,0.04841285396093881,0.03907005146331291,0.05930500833343043,0.020234956870117518,0.037590902364197654,0.515641464595393|0.12275396511277836|0.7362388897423722,0.7284463009155698|-0.13508398639271868|0.6907935655388621,0.30575786158485496|-0.11163672552222045|0.677678658181663
91,,,,0.0,2,2,2,,0.10787433991208673,0.002664071973413229,0.09343117102980614,0.011761632980778813,,0.09343117102980614,0.6922541326627405,1.0,1.0,False,0.0015973182785904705,0.0,0.0,0.0011898169485047587,,0.021925693916913094,0.05120678272609865,0.08260529019296835,0.031398507466869695,0.04937370646001074,0.039043695649939224,0.06137435821284244,0.022330662562903218,0.03866563756151365,0.5101634175883755|0.10263510070660319|0.7350210902411681,0.7279183446024496|-0.14795703906486835|0.6862921314253662,0.3049731807931859|-0.1346924502127904|0.6761270364421909
92,,,,0.0,2,2,2,,0.10836535110138357,0.00266628316603601,0.09352727211080492,0.01215417287312448,,0.09352727211080492,0.6822888424828504,1.0,1.0,False,0.001644043703026954,0.0,0.0,0.0011602524622328907,,0.021854731359959724,0.05176764694933557,0.08156661034821092,0.029798963398875347,0.05329014378509028,0.03899495115191409,0.06071508069353037,0.021720129541616277,0.03730950688504314,0.5057416735124788|0.08184935587323902|0.7340191522998175,0.7293092690606253|-0.16203637290038034|0.685877005032648,0.30607548158262227|-0.1607716265825406|0.6786783187804903
93,,,,0.0,2,2,2,,0.11003875895403326,0.0026302121113985777,0.09535811305977404,0.012033266946673393,,0.09535811305977404,0.6758535871332562,1.0,1.0,False,0.0014491237036929512,0.0,0.0,0.0011546227394638373,,0.02174874612668884,0.05251810766007785,0.08077699396793318,0.028258886307855335,0.053259555440019216,0.03902641846104848,0.061243330298709105,0.022216911837660627,0.03711647143714202,0.5019582516886216|0.06205023266711714|0.7350415414113112,0.7304417099349713|-0.17726750821764484|0.6883829932951041,0.3074425555889742|-0.18494430822982785|0.6813057214642438
94,,,,0.0,2,2,2,,0.11027550301514566,0.002612429903820157,0.09568248898722231,0.011963807046413422,,0.09568248898722231,0.6722401318818261,1.0,1.0,False,0.0018496578882771508,0.0,0.0,0.0011513903703600653,,0.02173937777253909,0.05337867936515988,0.0801989139321612,0.026820234567001326,0.05280731820324691,0.03923634126538478,0.06010690200367544,0.02087056073829066,0.0363410211713528,0.5004903289037472|0.04187141042071016|0.7357106484806505,0.7317365889683891|-0.19206705985715744|0.6906286098723606,0.3097642644691852|-0.21008882194036993|0.6862436471839024
95,,,,0.0,2,2,2,,0.11084012407809496,0.0026377090252935886,0.0957372491247952,0.012448156950995326,,0.0957372491247952,0.6691065786063198,1.0,1.0,False,0.0018468549804988854,0.0,0.0,0.0011409548259608039,,0.021708050331385394,0.05324327289408438,0.07987950297170407,0.026636230077619692,0.05163253857178851,0.039320056580962465,0.05967741375167394,0.020357357170711472,0.035897930725165436,0.499948618080067|0.02110359801568974|0.7357124821124471,0.733046243808476|-0.2078261336951545|0.6939907461046734,0.312486004093269|-0.23416070190157592|0.6894569071752259
96,,,,0.0,2,2,2,,0.11710913782007992,0.0026523738633841276,0.10154469613917172,0.01289501297287643,,0.10154469613917172,0.6623693018317459,1.0,1.0,False,0.0017600964830210702,0.0,0.0,0.0011561806479791286,,0.021578569195616144,0.05264279447243873,0.0791799908998628,0.026537196427424074,0.050745753290983686,0.039595738524436035,0.05941981001567941,0.019824071491243378,0.03537737777585402,0.4991929581316244|0.0013091571425276791|0.734799613717372,0.7347297843029424|-0.22186416075315085|0.6965309889613033,0.3151280901859698|-0.25810631742058904|0.6917688001847858
97,,,,0.0,2,2,2,,0.12376477802172303,0.0026490509044378996,0.10756621416658163,0.01352830813266337,,0.10756621416658163,0.6591673733786964,1.0,1.0,False,0.0017784849163822308,0.0,0.0,0.0014164059563548182,,0.021527244880951764,0.05186772513673518,0.07919569152157142,0.02732796638483624,0.05145124516324302,0.039767764578703284,0.060418348432967346,0.020650583854264062,0.03599531984493775,0.4961150333181457|-0.01653696758612944|0.7334244027283165,0.7358582934056074|-0.23713654925669084|0.6964247158300384,0.31659899905939126|-0.27951789707077135|0.6942535506717743
98,,,,0.0,2,2,2,,0.14675608091056347,0.002723593031987548,0.13116875593550503,0.012845793040469289,,0.13116875593550503,0.6599923790601884,1.0,1.0,False,0.004461155556108168,0.0,0.0,0.0014144420530540877,,0.021581458734318153,0.05101938130571162,0.07891739569969794,0.02789801439398632,0.05155551711018195,0.040257295241883505,0.059228859647298175,0.01897156440541467,0.034650139758379314,0.49527691666274776|-0.03287671008366233|0.7342949257248952,0.7374414370079831|-0.25341368162713346|0.6975369689855979,0.3201248090330891|-0.29959783263866785|0.6968798823498075
99,,,,0.0,2,2,2,,0.11923405714333057,0.0026611860375851393,0.10429023089818656,0.012266185134649277,,0.10429023089818656,0.671798071091953,1.0,1.0,False,0.004319497969817496,0.0,0.0,0.0014288421658894112,,0.02178831812024934,0.05020037318986627,0.0783106512247014,0.028110278034835137,0.05126696982601849,0.040929933158895,0.05942318728652707,0.018493254127632065,0.03490838046856047,0.49449768622397383|-0.048811074021570484|0.735259665491012,0.7389023210690205|-0.26975632828900314|0.6970579466377931,0.3219526477982287|-0.31849029699158027|0.6979362762918024
100,,,,0.0,2,2,2,,0.11869274801574647,0.0026734129060059786,0.10388312512077391,0.012118178885430098,,0.10388312512077391,0.6794755300227787,1.0,1.0,False,0.0014062668676123949,0.0,0.0,0.0014290592312344603,,0.021841811392019603,0.049869754028211734,0.07731756320414981,0.02744780917593808,0.05095005977811213,0.04117591618043275,0.06803991307874087,0.026863996898308116,0.042627470165463074,0.4933058454096556|-0.06426760259062012|0.734414985123403,0.739603990878456|-0.28571084853086604|0.6942400692473194,0.31777223878949346|-0.3317139740598872|0.6916521959464467
101,,,,0.0,2,2,2,,0.11772822798229754,0.0026466920971870422,0.10313161509111524,0.011932741152122617,,0.10313161509111524,0.6745592986467301,1.0,1.0,False,0.0021371395309993796,0.0,0.0,0.0014163175646988162,,0.021796334697394455,0.05012815757372075,0.0771481369740778,0.027019979400357046,0.05010573835328386,0.041063160271135754,0.06796045822862672,0.026897297957490962,0.04300827467838965,0.49463558730359186|-0.08051507977505244|0.7329089818865924,0.7400832925248674|-0.3031582687000859|0.6908183944052658,0.3189052824195798|-0.34949995634732506|0.6897561764486039
102,,,,0.0,2,2,2,,0.11755233397707343,0.0026779421605169773,0.10282043484039605,0.012033301871269941,,0.10282043484039605,0.6676366806129379,1.0,1.0,False,0.0046144497391725214,0.0,0.0,0.0014142925096062085,,0.021799998327752406,0.050887856121957245,0.07792761188318713,0.027039755761229883,0.049945082309670694,0.04023130942507063,0.05946124111342382,0.019229931688353186,0.0380147225688251,0.49675317840821837|-0.09725026490013584|0.7317526077524181,0.7405271361675326|-0.3212838109499394|0.6858041889787516,0.32446039472090654|-0.3726252005232752|0.6937818285855224
103,,,,0.0,2,2,2,,0.11755765904672444,0.0026367490645498037,0.1027637179940939,0.012137823970988393,,0.1027637179940939,0.6709950618695834,1.0,1.0,False,0.004889337911453684,0.0,0.0,0.0014132795658267448,,0.021864819296152412,0.052053548970268836,0.07879995843257523,0.026746409462306393,0.049154891687434296,0.0391092353510085,0.05971850868989777,0.020609273338889268,0.03933199277527834,0.5009473807378059|-0.11325114286535133|0.7304590655680926,0.7407992719777954|-0.34026912987708485|0.6813453624543556,0.3238790530973437|-0.38928033530647665|0.6916200535982631
104,,,,0.0,2,2,2,,0.12163911992684007,0.002698250114917755,0.10677025187760592,0.012152898823842406,,0.10677025187760592,0.6790477775986636,1.0,1.0,False,0.004958863346895034,0.0,0.0,0.0014089165255298211,,0.021985600316614017,0.05296771424189847,0.07873599807498355,0.025768283833085076,0.047404147726676296,0.03796130654290091,0.06004818007022446,0.022086873527323546,0.04097685411062904,0.5053202973826532|-0.13069472765370374|0.730500816256159,0.7410328720609682|-0.36063037122383457|0.6795194358261992,0.32325520394477014|-0.4043916842130898|0.6896150535287969
105,,,,0.0,2,2,2,,0.12089936109259725,0.0026656698901206255,0.10636840108782053,0.011848584050312638,,0.10636840108782053,0.6926851771317578,1.0,1.0,False,0.0014848307377469672,0.0,0.0,0.001405134883538142,,0.022138670006699723,0.05350023260415402,0.0798918714705175,0.026391638866363483,0.045737812099051436,0.03711203527518356,0.06870138009810198,0.03158934482291842,0.047368718498352884,0.5098405955639428|-0.14654536387155975|0.730071058104039,0.7405381025838148|-0.38409794008987114|0.6750447980413556,0.3184753235163491|-0.4110914946765891|0.6807393470186781
106,,,,0.0,2,2,2,,0.12022815295495093,0.0026681791059672832,0.10537049896083772,0.012168445158749819,,0.10537049896083772,0.7060594883189096,1.0,1.0,False,0.001459538576699372,0.0,0.0,0.0011729152701034336,,0.022306542402777765,0.05412634430526514,0.08002556438487189,0.025899220079606752,0.04309847775705907,0.03634802915806794,0.070460327219156,0.034112298061088064,0.047780682433961316,0.5155622883900159|-0.16526779717209072|0.731184310898531,0.7402449896522969|-0.4081262888644616|0.6760541208127323,0.3183830756561155|-0.41972947590959386|0.6777403235206297
107,,,,0.0,2,2,2,,0.11873653391376138,0.00270293396897614,0.10408750711940229,0.011927688959985971,,0.10408750711940229,0.719852295055728,1.0,1.0,False,0.0014317059669203443,0.0,0.0,0.0014207141843990375,,0.02236145209951839,0.05482173867011342,0.08135559842078459,0.02653385975067117,0.04324292799180321,0.03560123242083103,0.07196593899397416,0.03636470657314313,0.048542986060833626,0.5199158078495222|-0.18423744874828163|0.7314538195245839,0.7409999697762665|-0.43379625510268993|0.6784195829900833,0.31713650910792157|-0.42835520671739896|0.6759035220228677
108,,,,0.0,2,2,2,,0.11846080096438527,0.002632749965414405,0.10348030412569642,0.012330236146226525,,0.10348030412569642,0.725286079796259,1.0,1.0,False,0.0016148622168385002,0.0,0.0,0.0014244387699996462,,0.02224637264574615,0.0552368818839593,0.08093644996005893,0.025699568076099626,0.043059914887891536,0.03496290298900075,0.07190494744627374,0.036942044457272984,0.04845978839472073,0.5269336857971774|-0.20339731192369312|0.7324742680491079,0.7393169552334262|-0.45628855313049804|0.6805514323233114,0.3157745278358973|-0.43760048303567717|0.6758154024702678
109,,,,0.0,2,2,2,,0.11641305196098983,0.0026280370075255632,0.10192897100932896,0.011839512968435884,,0.10192897100932896,0.7610040246799067,1.0,1.0,False,0.0014856964140059492,0.0,0.0,0.001417425903530827,,0.022532701949988947,0.056012868311818176,0.08012443199784754,0.02411156368602936,0.04422214114961645,0.03483913335289958,0.07134691879459877,0.03650778544169919,0.04764988912264838,0.5333528047818891|-0.21944419845297433|0.7320021264714055,0.7365105616469968|-0.4790208112262123|0.6809518809541696,0.31344724995732465|-0.4461199006280889|0.6762989876169206
110,,,,0.0,2,2,2,,0.13530281302519143,0.002640889957547188,0.12076062895357609,0.011882026912644506,,0.12076062895357609,0.7080714828751437,1.0,1.0,False,0.0017799040434446217,0.0,0.0,0.0012080659661947368,,0.021945027014716793,0.05608804471666944,0.07950843287906437,0.023420388162394924,0.04382209745751194,0.03515241213300122,0.06934443370255604,0.034192021569554816,0.04491399339525819,0.5335193187990328|-0.23917528666403523|0.7340952897136822,0.7314069782336075|-0.5034672864305578|0.6847356343867821,0.3083634593514538|-0.4591734073514365|0.678473064458231
111,,,,0.0,2,2,2,,0.10935208084993064,0.0026610319036990404,0.09448369918391109,0.012187927961349487,,0.09448369918391109,0.6857889097724493,1.0,1.0,False,0.0014365442732863568,0.0,0.0,0.0012082624677856213,,0.021852655603315133,0.05577113393807282,0.07927810280940983,0.023506968871337013,0.04459858360190554,0.03572954787296409,0.06903487857798549,0.033305330705021396,0.04523346362306131,0.5404800526388531|-0.25522593419895834|0.7356236763704983,0.726757746696852|-0.5258344471854834|0.6843519589437712,0.3046889330892394|-0.4669125286355946|0.6797856224736101
112,,,,0.0,2,2,2,,0.10960564692504704,0.0026617939583957195,0.09462205483578146,0.012304038973525167,,0.09462205483578146,0.686926729147501,1.0,1.0,False,0.0014375314860620644,0.0,0.0,0.001203117060209282,,0.021985019876515077,0.055248476280676646,0.08199107972734036,0.026742603446663717,0.04205481217546016,0.03602896960882871,0.06887520734431757,0.03284623773548886,0.045234069934380755,0.5442637720606684|-0.2692489125779904|0.7344474277356177,0.7188264461276925|-0.5533069055127854|0.6844185434417555,0.30032269914911613|-0.4745315221359598|0.6800587174411699
113,,,,0.0,2,2,2,,0.10991432913579047,0.002630671951919794,0.09513997286558151,0.012125445064157248,,0.09513997286558151,0.6799362533794974,1.0,1.0,False,0.0026946160011093873,0.0,0.0,0.0012110984963110906,,0.021901950110123698,0.05566647986554079,0.07678480241399789,0.0211183225484571,0.037352977091829484,0.03583825587427293,0.0691663359204351,0.03332808004616217,0.04641647302010283,0.5478796898886404|-0.2838537206501322|0.7347772746428001,0.708404195958155|-0.5796160342803418|0.6877347239940025,0.2957023376061231|-0.4796981422271105|0.681505052817334
114,,,,0.0,2,2,2,,0.11311779706738889,0.0026093730702996254,0.09805543394759297,0.01243568491190672,,0.09805543394759297,0.6766495315160994,1.0,1.0,False,0.0021697728875186423,0.0,0.0,0.0012165088824669995,,0.02186855307075213,0.0558757900289848,0.07701648016217712,0.021140690133192315,0.03695849354884907,0.035844354745566666,0.06713143669200967,0.03128708194644301,0.047905289247265094,0.550268484936629|-0.29915465519601464|0.7353464638046425,0.701214366044375|-0.6003414890198969|0.6904074935536699,0.2924207484050948|-0.48700623720570385|0.6837534683755787
115,,,,0.0,2,2,2,,0.11583387805148959,0.0026814481243491173,0.10092273796908557,0.012209833832457662,,0.10092273796908557,0.6665899966598757,1.0,1.0,False,0.0016328696079940808,0.0,0.0,0.0012292768534478194,,0.021684412348132964,0.05593824760482853,0.07724133281135095,0.021303085206522424,0.035855292837246644,0.03589319932958406,0.06660673954707932,0.030713540217495262,0.048463952418111696,0.5512562256207906|-0.31477187652709426|0.7358357682508145,0.6933284774277522|-0.6196455741176021|0.6911710544558959,0.28716566016851497|-0.4930221616520233|0.6867877882713254
116,,,,0.0,2,2,2,,0.12031139992177486,0.0027149079833179712,0.10453489981591702,0.01304296194575727,,0.10453489981591702,0.6567734087230521,1.0,1.0,False,0.001430430100830285,0.0,0.0,0.0014024044337592107,,0.021465134450054376,0.056955765568527744,0.07831510214953079,0.021359336581003044,0.03684955109081076,0.03528753059383781,0.06738368416362782,0.03209615356979001,0.0491523354898171,0.5534340751893988|-0.3299396594973349|0.7366897177729321,0.6863202135285842|-0.6369650031235079|0.6943576767347357,0.2828961420825864|-0.4976557933600393|0.6848588128535251
117,,,,0.0,2,2,2,,0.12387831904925406,0.0025934979785233736,0.10801249905489385,0.013255530968308449,,0.10801249905489385,0.6414170127345395,1.0,1.0,False,0.0022600963717937933,0.0,0.0,0.0014368056655045677,,0.021278513814266285,0.0570566810003831,0.07693785947058909,0.01988117847020599,0.03642767852656691,0.03500568239384986,0.06556668332969849,0.030561000935848633,0.04921760495825363,0.5547924639454688|-0.34424253880593003|0.7388172482208428,0.6769797390301476|-0.6543755773362471|0.6932903190667767,0.2785665301244544|-0.5047735624653331|0.6857331863019338
118,,,,0.0,2,2,2,,0.12108034384436905,0.002686189953237772,0.10562058188952506,0.012756923912093043,,0.10562058188952506,0.6518554925872528,1.0,1.0,False,0.0014334405951597663,0.0,0.0,0.0014426324975122576,,0.021482836323397165,0.05576177716425725,0.07896612352949095,0.023204346365233698,0.039226318620281114,0.03483489255930243,0.06312287116998558,0.028287978610683148,0.048756632069567554,0.5539322216051962|-0.35626191020161657|0.7403154378569893,0.6706090447003404|-0.6686245171868702|0.6911051579175974,0.2734639933716522|-0.5139411298960712|0.6845886987026358
119,,,,0.0,2,2,2,,0.1197115529794246,0.002638267120346427,0.10419116006232798,0.012864999007433653,,0.10419116006232798,0.6503192098455914,1.0,1.0,False,0.0036696678128883137,0.0,0.0,0.0014467305535359406,,0.021531586069633256,0.05475018218066663,0.07897714340640294,0.02422696122573631,0.04021162275570861,0.03552033205987898,0.055740628454453364,0.020220296394574386,0.04153166257123897,0.5525561685819794|-0.36870057981517884|0.7403218985827098,0.6630403926721569|-0.6836347228650294|0.6886496780220179,0.2709998577467256|-0.5271274343558857|0.6841604566315382
120,,,,0.0,2,2,2,,0.12018363713286817,0.0026593459770083427,0.10485931299626827,0.01264654309488833,,0.10485931299626827,0.6460621673582664,1.0,1.0,False,0.0014136824510734315,0.0,0.0,0.0014162795364974809,,0.021490379872148937,0.0535846723992566,0.07953981412470118,0.02595514172544458,0.04171259165819575,0.036018969630686425,0.05626343740306468,0.020244467772378254,0.04124319269814476,0.5534186382756778|-0.3791513008004512|0.7390790609792458,0.6565776108966545|-0.6975867073208823|0.6845252230607201,0.26410981892498975|-0.5362640542104081|0.677335718673046
121,,,,0.0,2,2,2,,0.11877295095473528,0.0026163358706980944,0.10369167500175536,0.012448047054931521,,0.10369167500175536,0.6440523442102724,1.0,1.0,False,0.001563046512398577,0.0,0.0,0.0014113777464790824,,0.021491478153731904,0.05216890439881354,0.07908754480149399,0.026918640402680452,0.042194487534787814,0.03670326799095206,0.0561435383193164,0.01944027032836434,0.04062783613215163,0.5511852464899107|-0.38892052131950644|0.7374727681331482,0.6497328019202607|-0.7104438274825101|0.6793981145102601,0.2580872556063703|-0.5456526796397979|0.6696565273964655
122,,,,0.0,2,2,2,,0.12292367406189442,0.002634481992572546,0.1082160270307213,0.012056628940626979,,0.1082160270307213,0.6625787494381199,1.0,1.0,False,0.001586928079278481,0.0,0.0,0.0014139101719836925,,0.02180721397767351,0.05039925341482985,0.07845586054565043,0.02805660713082058,0.04340391989715847,0.03737979340805761,0.05716577574336751,0.0197859823353099,0.0409040808614545,0.548553350903833|-0.39884264075088377|0.737921073545048,0.6435760532524634|-0.7224610061629695|0.6728909502584719,0.25189643751576296|-0.5544452829984833|0.6618118493518649
123,,,,0.0,2,2,2,,0.12339948094449937,0.0026172020006924868,0.10844883392564952,0.012315340107306838,,0.10844883392564952,0.6819547076922887,1.0,1.0,False,0.0015758126338658862,0.0,0.0,0.0014019965047832612,,0.02209429738791783,0.048590236256571745,0.07690684859972456,0.028316612343152817,0.04339070541062531,0.03783253773622625,0.05737400015895674,0.019541462422730485,0.04089918235030348,0.5461436956975948|-0.4104951047277564|0.7372845905560899,0.6379078951842757|-0.7358054548851887|0.6673657529019592,0.2465011382945077|-0.565449327899743|0.6527224481806709
124,,,,0.0,2,2,2,,0.1477777708787471,0.0026363851502537727,0.13252986501902342,0.012592732906341553,,0.13252986501902342,0.7022049116915531,1.0,1.0,False,0.001564271760878061,0.0,0.0,0.001403719305477367,,0.022278901430082442,0.046601115321645445,0.0774315147468214,0.03083039942517596,0.0451370174102985,0.0381141854321234,0.057502325906076776,0.019388140473953375,0.04055863441223731,0.5421270249023374|-0.42139221552974165|0.7337352871133749,0.6342186778246526|-0.7458818766093388|0.6610944486418037,0.24195231924401278|-0.5771815243485563|0.6425516011924759
125,,,,0.0,2,2,2,,0.12373221386224031,0.002647477900609374,0.10875697806477547,0.012310439953580499,,0.10875697806477547,0.7167304323868066,1.0,1.0,False,0.00155031737847907,0.0,0.0,0.001429869233875512,,0.022314095151559382,0.044502139896591894,0.08003220778728215,0.035530067890690256,0.04768506116382719,0.03819874678334629,0.05820839526193297,0.020009648478586682,0.04090657644457111,0.5357349316841803|-0.43140103988514156|0.7316337035844418,0.6325072428959143|-0.7532150821800527|0.6548366192283664,0.2382654868388747|-0.5880598729064486|0.63341470135245
126,,,,0.0,2,2,2,,0.14085904601961374,0.00268572592176497,0.12546010315418243,0.012692722026258707,,0.12546010315418243,0.7308841052726045,1.0,1.0,False,0.0015688845869873229,0.0,0.0,0.0014214470327858384,,0.02232107205972837,0.043265443969175484,0.08126528177229672,0.03799983780312124,0.049723175868627165,0.03873991025243634,0.05714011488638095,0.01840020463394461,0.03816024462949908,0.525757548931707|-0.4371697064765707|0.7268628362914146,0.6304813413706565|-0.7637607992163495|0.6481592208869845,0.2356193408790509|-0.6009025829248479|0.6272016381698106
127,,,,0.0,2,2,2,,0.12144785490818322,0.002717680996283889,0.10627320106141269,0.012437039986252785,,0.10627320106141269,0.6733148995504252,1.0,1.0,False,0.0015751805271640232,0.0,0.0,0.001408290625202304,,0.021455454907362018,0.04252775919215564,0.07898982454171358,0.03646206534955794,0.049554105353657514,0.03946046908564276,0.05742537360147059,0.01796490451582783,0.03766262643786932,0.5242788553642102|-0.44694232459703187|0.7217684118433929,0.6268820388758124|-0.7817266852890198|0.6454280602849617,0.23360505051497046|-0.6117712795382215|0.6185751004955666
128,,,,0.0,2,2,2,,0.11993629089556634,0.0027145349886268377,0.10496048908680677,0.012243859004229307,,0.10496048908680677,0.6580066547556748,1.0,1.0,False,0.0015874599443889727,0.0,0.0,0.001270648481930998,,0.021367498249570956,0.04177182841045491,0.08025235167066326,0.03848052326020835,0.0519900023674508,0.03929337046680483,0.05756106648096481,0.01826769601415998,0.03642701601804703,0.5206266108642164|-0.45127640032168137|0.7183105136383662,0.6252586706499507|-0.7928910899417965|0.638742502508784,0.23030326450003435|-0.6240229516303964|0.6090568866413172
129,,,,0.0,2,2,2,,0.12073939316906035,0.0026834849268198013,0.10569221386685967,0.012346509844064713,,0.10569221386685967,0.6594162238668067,1.0,1.0,False,0.0015660173970400426,0.0,0.0,0.0014256348554376322,,0.02143003719615452,0.041129601799476265,0.08195123506666808,0.04082163326719182,0.05406597088633522,0.0391301753395377,0.05615425325268513,0.01702407791314743,0.03430809382823911,0.52126687708278|-0.45862064438805694|0.7176417291964698,0.6235455692024097|-0.8037669936696988|0.6321040914250398,0.22768718533192606|-0.6370265271309586|0.5994220382985903
130,,,,0.0,2,2,2,,0.12202480109408498,0.002680000150576234,0.10698251496069133,0.012345094000920653,,0.10698251496069133,0.6586880199799146,1.0,1.0,False,0.0015541496424033678,0.0,0.0,0.001427070327300654,,0.02142455003011442,0.04000050704978831,0.08330385707620062,0.043303350026412314,0.056074051552722444,0.03899501941497049,0.05641044523356483,0.017415425818594343,0.034820555878392806,0.5199006074116044|-0.4634851274610267|0.7172391308393103,0.621425942405808|-0.8136679668115016|0.6253941712688476,0.224562789078043|-0.646772967545891|0.5896796317327324
131,,,,0.0,2,2,2,,0.12223932007327676,0.002663412131369114,0.10714483889751136,0.012414081953465939,,0.10714483889751136,0.6504700071007956,1.0,1.0,False,0.001530781068199219,0.0,0.0,0.0011079125343730193,,0.021365279832997772,0.03896155319826337,0.08345583734613385,0.04449428414787048,0.05652917936843292,0.037822671556629286,0.056244332411786786,0.0184216608551575,0.03536858823541167,0.5199755951384963|-0.4688747799594346|0.7186726616971941,0.6178567324534003|-0.825031188408069|0.6175875968089161,0.22163618980018848|-0.6551662140293618|0.5788847512547989
132,,,,0.0,2,2,2,,0.1240398280788213,0.0026841319631785154,0.10879945987835526,0.01253970107063651,,0.10879945987835526,0.645451754029846,1.0,1.0,False,0.0015132534463197407,0.0,0.0,0.0011772058435563304,,0.021270691644689352,0.037777260080334885,0.0831547232064066,0.045377463126071715,0.057121618232653014,0.0369565349353064,0.055407164757852935,0.018450629822546534,0.03537278997481553,0.5220918276360256|-0.4736699190226967|0.7189107471713856,0.6139056120880276|-0.8365367480520335|0.6071333906804678,0.21805867387530867|-0.665061757859142|0.5663714954133854
133,,,,0.0,2,2,2,,0.12370989401824772,0.0026741670444607735,0.10833151102997363,0.012686640955507755,,0.10833151102997363,0.6379530903098372,1.0,1.0,False,0.0015051555667418871,0.0,0.0,0.001405407835515781,,0.021139417615656696,0.03688969202023942,0.08211226554849675,0.04522257352825733,0.056221547119111724,0.03739512761863865,0.05505497854565833,0.01765985092701968,0.03425706388653915,0.5237005945568941|-0.47755065180267553|0.7206210788975275,0.6083439210069481|-0.8498635538266144|0.5967451133437107,0.21524888483223792|-0.67240497395997|0.5527916627705022
134,,,,0.0,2,2,2,,0.14771903795190156,0.0026755169965326786,0.13220807607285678,0.012818509014323354,,0.13220807607285678,0.6378886504184553,1.0,1.0,False,0.001480169789381397,0.0,0.0,0.0013922580920098936,,0.021083936487617513,0.03636324980399681,0.08050343989829434,0.04414019009429753,0.05562850865816417,0.03783063549552053,0.05562286614733462,0.017792230651814088,0.034397781868151664,0.5258737028177768|-0.48191046150199873|0.7199232777478874,0.6019144927656345|-0.8633319749256337|0.5820276286944569,0.21207966433045816|-0.6769617460880121|0.5394267736847377
135,,,,0.0,2,2,2,,0.12591028003953397,0.0026915271300822496,0.11039049411192536,0.012810468906536698,,0.11039049411192536,0.6252539570805372,1.0,1.0,False,0.0014747535491096836,0.0,0.0,0.0014125686369353423,,0.021052538674716834,0.03716821007807109,0.07962221216430862,0.04245400208623753,0.05387241054181491,0.03738867590478526,0.05565708433073227,0.018268408425947014,0.03396598421248075,0.5279061512333826|-0.4836025728480454|0.7170448831423173,0.5946038685577062|-0.8764189752912545|0.5632176253411537,0.2081728899618214|-0.6818578951327212|0.5222835445468753
136,,,,0.0,2,2,2,,0.1292343409731984,0.0026390990242362022,0.1134040909819305,0.013170117978006601,,0.1134040909819305,0.6143879834354785,1.0,1.0,False,0.0014582151461931328,0.0,0.0,0.001413612552133191,,0.021080641475491744,0.03780495403265198,0.07975384164372275,0.04194888761107077,0.052934416104382834,0.0368517681028159,0.055984991576000266,0.019133223473184365,0.03467786307643339,0.5311842098731219|-0.4888582522437288|0.7150058127560178,0.5875242906710625|-0.8884743922285159|0.5427096902830973,0.20480879566441307|-0.6849133794132708|0.5047381211525601
137,,,,0.0,2,2,2,,0.1254558339715004,0.0026947299484163523,0.10975754307582974,0.012985320994630456,,0.10975754307582974,0.614062022893817,1.0,1.0,False,0.0014496031304476048,0.0,0.0,0.0014106461827724348,,0.021094745127113148,0.03760201398436941,0.07953330178828115,0.04193128780391174,0.05085553834227259,0.035277974634717206,0.056284082116258925,0.02100610748154172,0.03596675422990367,0.535206294861256|-0.49540188459889445|0.7130345526104358,0.5788759021472913|-0.9025387283499356|0.5213163013412833,0.20114245144578488|-0.6884389219293007|0.48548672611090327
138,,,,0.0,2,2,2,,0.125416852068156,0.0026211810763925314,0.10990613605827093,0.012873250991106033,,0.10990613605827093,0.6133391048438247,1.0,1.0,False,0.0014498146534563973,0.0,0.0,0.001411964025020666,,0.02108767752400858,0.03719016018660909,0.08109590551355335,0.04390574532694426,0.052167728441612216,0.03349995747610454,0.05673596632399123,0.023236008847886687,0.037984429850719405,0.5393160442474437|-0.4998937245025372|0.7082465323129394,0.5731010835860427|-0.9125272099197502|0.496298987747574,0.19839501988611918|-0.6909834132110169|0.4639933674214848
139,,,,0.0,2,2,2,,0.12607730622403324,0.0027004790026694536,0.11002485896460712,0.013331911992281675,,0.11002485896460712,0.6087197641210427,1.0,1.0,False,0.0014485747581777196,0.0,0.0,0.0014130191361460672,,0.021027304536920862,0.037038735688581556,0.07958858235871138,0.04254984667012983,0.052071990339961884,0.032157867581038,0.05704852395227681,0.024890656371238808,0.03950503142886165,0.5428129036896993|-0.5076395377676232|0.7047106846571585,0.5664947088937138|-0.9211958532982512|0.4696977168902133,0.1957755358242728|-0.6939778102335553|0.4410147293759318
140,,,,0.0,2,2,2,,0.12706265994347632,0.0026446599513292313,0.11114833899773657,0.013251472031697631,,0.11114833899773657,0.6155294833756181,1.0,1.0,False,0.0014475924429408135,0.0,0.0,0.0014141307793621553,,0.021070741131939175,0.03578640923127751,0.07911319504772926,0.04332678581645175,0.05266501505232362,0.0300754923830141,0.05894464893758491,0.02886915655457081,0.04142655956038522,0.5452264373836838|-0.5134922698591902|0.6983092444144371,0.560675842267497|-0.9301284348382903|0.44102753036264886,0.19012788075455997|-0.700167567177539|0.41806418254540856
141,,,,0.0,2,2,2,,0.12718417798168957,0.002642465988174081,0.11138503183610737,0.013139504007995129,,0.11138503183610737,0.6304399035403921,1.0,1.0,False,0.004046923889734919,0.0,0.0,0.0014142400536834878,,0.02119098819566456,0.03574854234825055,0.07628551252324159,0.04053697017499104,0.05145520083864723,0.029128209657845315,0.05930012640405039,0.030171916746205077,0.042542456588296446,0.549564360020072|-0.5187502827305766|0.6898734263625972,0.5536780397357547|-0.9387203654904976|0.41264630743369685,0.188233537099584|-0.7040897347035384|0.3914576452398927
142,,,,0.0,2,2,2,,0.13035609107464552,0.0026104769203811884,0.11455266713164747,0.013175832107663155,,0.11455266713164747,0.6496471069781194,1.0,1.0,False,0.0014588445569258222,0.0,0.0,0.0014121505024816713,,0.021306763472196805,0.03462375263846536,0.07441369283800932,0.03978994019954396,0.05333796554720132,0.028020788934438465,0.0598612150232887,0.03184042608885024,0.04393862791166538,0.552579144282249|-0.5258898304673292|0.6827585153263263,0.5488090701361367|-0.9508342305040425|0.38598825794326125,0.18840612875384985|-0.7069432749608293|0.3644939452585898
143,,,,0.0,2,2,2,,0.12968662986531854,0.002668939996510744,0.11396080511622131,0.013038253178820014,,0.11396080511622131,0.6613097908502347,1.0,1.0,False,0.003087239971282532,0.0,0.0,0.0014132294120496067,,0.02134907274862433,0.03369328420338895,0.07346588323152119,0.03977259902813224,0.05592445234381497,0.026296471248980664,0.060127110580696884,0.03383063933171622,0.045234711478884235,0.5544095182790869|-0.5320805666811714|0.6735581982638874,0.5461156579273614|-0.9561526607736597|0.35559175414075544,0.1888059663972119|-0.7099032416536967|0.3360915652147143
144,,,,0.0,2,2,2,,0.15248680487275124,0.0026135980151593685,0.13644608203321695,0.013406173093244433,,0.13644608203321695,0.6854578897507099,1.0,1.0,False,0.0036284412039187253,0.0,0.0,0.0014097182583161058,,0.021424111428224677,0.033285469857844606,0.07351994486428504,0.04023447500644043,0.05846809078487527,0.025350095900338942,0.06033920737939043,0.03498911147905148,0.04584120472912621,0.5568784097764998|-0.5374936490506219|0.6619686311992661,0.5444819020498146|-0.9634956297427063|0.3266268026198591,0.1890234141398561|-0.7136769847562427|0.3084650154419825
145,,,,0.0,2,2,2,,0.12863640603609383,0.0026299410965293646,0.11282969010062516,0.013159135822206736,,0.11282969010062516,0.7075930590558929,1.0,1.0,False,0.005454537737469012,0.0,0.0,0.0014087091519015974,,0.021586967640184872,0.032705732092806486,0.07159020877691635,0.03888447668410987,0.05828598396624598,0.024063446130862132,0.06034263121397877,0.036279185083116644,0.04652056339855237,0.5614185997796397|-0.5434732237447294|0.6494334568441621,0.5413668915224737|-0.9713226661713378|0.30154032592181274,0.189435758609357|-0.7168900896150423|0.28227568366094424
146,,,,0.0,2,2,2,,0.1290427609346807,0.00264334911480546,0.11302944202907383,0.013351859990507364,,0.11302944202907383,0.7386019686984161,1.0,1.0,False,0.005880403858316452,0.0,0.0,0.0014056695361746154,,0.021909534991108672,0.03168998651567943,0.0714462959338631,0.03975630941818367,0.05956090911312718,0.02323291434889417,0.06027122841517496,0.03703831406628079,0.04588165552388838,0.5594008073913684|-0.5445895575587366|0.6353068529321864,0.5394578043348439|-0.9766952127005881|0.2765130571914089,0.18929585317361305|-0.7198258155182283|0.25497266201304475
147,,,,0.0,2,2,2,,0.1301766550168395,0.002581612905487418,0.1139424869325012,0.01363441301509738,,0.1139424869325012,0.785171355794785,1.0,1.0,False,0.005937966191299451,0.0,0.0,0.0013823843827806635,,0.02228391410624801,0.030619936521373375,0.06758301150279404,0.036963074981420665,0.06004465444279182,0.02300405103576325,0.06173499461284734,0.038730943577084086,0.0468212345158828,0.5598169334803089|-0.5480042148345834|0.6233565447060233,0.5330475007608746|-0.9847424327192824|0.2563664527536585,0.18922722953065022|-0.7202476055160575|0.23209548303048538
148,,,,0.0,2,2,2,,0.1338266171514988,0.0026204970199614763,0.11756080808117986,0.01362634589895606,,0.11756080808117986,0.7985927725844383,1.0,1.0,False,0.005834023587871426,0.0,0.0,0.0013851690059959194,,0.022424594696817013,0.030423132318076654,0.06750523991315116,0.03708210759507451,0.05972911821373319,0.022649022153710126,0.062148195056677416,0.03949917290296729,0.04644877945974544,0.5608074929223806|-0.5542250580170125|0.6115797652493904,0.5299265364942767|-0.9897477389615746|0.23439335068688172,0.189459123211821|-0.7211242624725027|0.21066142026311058
149,,,,0.0,2,2,2,,0.137967990944162,0.002631907118484378,0.12158243102021515,0.013736363034695387,,0.12158243102021515,0.8128487106626033,1.0,1.0,False,0.0014478884101043997,0.0,0.0,0.0013886755220508778,,0.022523289594188554,0.029357986456967522,0.07108888809254224,0.04173090163557472,0.06359634696028231,0.022605804200706885,0.06124886996998071,0.03864306576927383,0.04826393860620374,0.561064700767899|-0.5594637634936694|0.6000022448625724,0.5304100830845603|-0.9947683019920984|0.21549985498354324,0.18827456216769176|-0.722783149316245|0.19104569937236238
150,,,,0.0,2,2,2,,0.14399488386698067,0.002607296919450164,0.12786963721737266,0.013499516062438488,,0.12786963721737266,0.8235024490402987,1.0,1.0,False,0.0014480065215305878,0.0,0.0,0.0013969733731466405,,0.022810467501170266,0.028421487278345592,0.0715740100370623,0.04315252275871671,0.0584539828938418,0.022795398613914934,0.059796934363107436,0.0370015357491925,0.0485572748722107,0.5651480368506541|-0.5651867085124777|0.587460479164868,0.5247816205811692|-0.9999040093178556|0.1938060984355657,0.18904264813778063|-0.7210948355220057|0.1760708775990795
151,,,,0.0,2,2,2,,0.14821087196469307,0.0026400818023830652,0.13166248495690525,0.013890317175537348,,0.13166248495690525,0.8266953522783727,1.0,1.0,False,0.0014488589032238576,0.0,0.0,0.0014028396329557853,,0.02282710363150038,0.027491255393820906,0.07158544448463061,0.044094189090809706,0.05990028436603683,0.024166264173624576,0.058473499379253426,0.03430723520562885,0.04675273727380388,0.5645710065669117|-0.5667817297303629|0.5781177727408693,0.5218187251152281|-1.0026970208339505|0.18241964639454164,0.18896310474865483|-0.7196734078641219|0.16429194389525179
152,,,,0.0,2,2,2,,0.1509263759944588,0.002640197053551674,0.1342619468923658,0.014006620040163398,,0.1342619468923658,0.8320658824373701,1.0,1.0,False,0.0015012596699503639,0.0,0.0,0.001404357994832279,,0.022929820386621145,0.02702965980338548,0.07061864971236968,0.0435889899089842,0.056471407054108955,0.023788094968484014,0.05773510766739606,0.03394701269891205,0.046909469256455456,0.565299123880103|-0.5681861172447259|0.5679596880831335,0.5160679278175171|-1.005776694982306|0.1684193107598265,0.1884206084836663|-0.7178974021602904|0.15333903600336485
153,,,,0.0,2,2,2,,0.17533324798569083,0.002633708994835615,0.1585603898856789,0.014121325919404626,,0.1585603898856789,0.8385275874716486,1.0,1.0,False,0.0014495486001369698,0.0,0.0,0.0014133743963036917,,0.02304956439133509,0.02688294377487423,0.0693661774726758,0.042483233697801576,0.054033853973408055,0.023580982661257258,0.058033466275860215,0.03445248361460296,0.04752466033074353,0.5646385847280095|-0.569495511875709|0.5601241654688022,0.511640076303766|-1.0068950900965883|0.156750803390844,0.18697990648816715|-0.7155922023194824|0.1445044456291502
154,,,,0.0,2,2,2,,0.15165603486821055,0.0026112000923603773,0.13478361000306904,0.014242955949157476,,0.13478361000306904,0.8321081910078966,1.0,1.0,False,0.0014498943226576196,0.0,0.0,0.001407669392069339,,0.023014712486190886,0.027578374618385686,0.06886273782326957,0.041284363204883885,0.051626259139877013,0.023521168087791845,0.05765192850956292,0.03413076042177107,0.04781661049633332,0.5651680775100276|-0.5726810081921216|0.5540850409492577,0.5084855102279006|-1.0069996010369329|0.1459725845121826,0.1856843690130314|-0.7139336566435368|0.1379742923598313
155,,,,0.0,2,2,2,,0.15248571312986314,0.0025838958099484444,0.1354584319051355,0.014426172943785787,,0.1354584319051355,0.8234163348278289,1.0,1.0,False,0.0014505174970498753,0.0,0.0,0.0014158891195507936,,0.022844837854513272,0.028482638957139813,0.06549922681480462,0.037016587857664804,0.04858290808431659,0.02312318671560958,0.0577370751503708,0.03461388843476122,0.04916618147255367,0.5640509560739877|-0.5709917279439318|0.551171810284403,0.5036852502525385|-1.0073334804568035|0.14107256394601686,0.18414856164005536|-0.712122551534101|0.13759998291549022
156,,,,0.0,2,2,2,,0.15082323108799756,0.0026546961162239313,0.13389666401781142,0.014251681044697762,,0.13389666401781142,0.8197034833317439,1.0,1.0,False,0.0014506725039728219,0.0,0.0,0.0014010306028851662,,0.0227340069885259,0.029430555194348028,0.06345331542871338,0.03402276023436535,0.048972305933174094,0.022366269712316186,0.059423987943955266,0.03705771823163908,0.05233244256892508,0.5646283649800213|-0.5725407999197735|0.5495378285108926,0.5024635281344546|-1.0055255018764515|0.13825566114777357,0.18218234420851256|-0.709963460139429|0.137629736635371
157,,,,0.0,2,2,2,,0.15050876117311418,0.002634715987369418,0.13377493992447853,0.01408202201128006,,0.13377493992447853,0.8168098373836179,1.0,1.0,False,0.0014505173673189584,0.0,0.0,0.0013819276275047082,,0.022670370209900467,0.029674758276009964,0.06133726747162766,0.031662509195617694,0.0472064550471749,0.022004248975370743,0.06056388262460532,0.03855963364923458,0.05440572212138893,0.563041228802186|-0.5744761818174267|0.5485238521212855,0.4979516250114168|-1.0078506700750964|0.13800770444463703,0.18149722975299626|-0.7084486921023809|0.1375753289140053
158,,,,0.0,2,2,2,,0.15061024599708617,0.002627924783155322,0.13386285002343357,0.014102529035881162,,0.13386285002343357,0.830580494170383,1.0,1.0,False,0.0014502026550088157,0.0,0.0,0.0013909146141110335,,0.02277133684119484,0.028822959556492993,0.06327915657114602,0.03445619701465303,0.05276151421742292,0.023525633929019848,0.060839651884929936,0.03731401795591009,0.054606873946090026,0.5640980376641525|-0.5756572585907913|0.5466342071167338,0.5027825580703758|-1.0053272717297717|0.1396873209034346,0.18241317964097978|-0.7079217355099579|0.13755787263480834
159,,,,0.0,2,2,2,,0.1493630800396204,0.002642435021698475,0.13286070292815566,0.013842335902154446,,0.13286070292815566,0.8290369483867409,1.0,1.0,False,0.0017059389914752532,0.0,0.0,0.0013751145911731581,,0.022733722348219906,0.028222029035005217,0.06328809314774919,0.035066064112743975,0.05360142417225283,0.02496753139055983,0.06206382706755794,0.03709629567699811,0.05437083297932715,0.5630540235296877|-0.5779892312079151|0.5451959754259842,0.5011622424866825|-1.007501518487032|0.13946745806111194,0.18196016362863782|-0.7076524089580882|0.13750567665461205
160,,,,0.0,2,2,2,,0.14976995205506682,0.0025718219112604856,0.13300967984832823,0.014169331872835755,,0.13300967984832823,0.8302951566864192,1.0,1.0,False,0.0014503107757115295,0.0,0.0,0.0014032957083143132,,0.022767938832803338,0.027716878355266827,0.06454970535308571,0.03683282699781888,0.05407290772789268,0.026678162967446153,0.06247109011404185,0.035792927146595696,0.05603132715257906,0.5623156948912587|-0.5800130132125978|0.543501759828018,0.4994716440405003|-1.0110541953246701|0.13806416844149533,0.18178234944423863|-0.7081232261817078|0.13742671674337895
161,,,,0.0,2,2,2,,0.1517262849956751,0.0026268931105732918,0.13483426091261208,0.01424722420051694,,0.13483426091261208,0.8287855438536744,1.0,1.0,False,0.0014505891079689068,0.0,0.0,0.0013984467010160072,,0.02275929468573262,0.027859850731173672,0.06444770561006763,0.03658785487889396,0.05399457374073601,0.028178550168756502,0.06281356686127998,0.034635016692523474,0.05644577654284374,0.5611235720267396|-0.5824067599516769|0.5431296602960913,0.49699708720562974|-1.013654848359401|0.13806133827412648,0.18250806066566883|-0.7071526708115989|0.13728999457240815
162,,,,0.0,2,2,2,,0.15293227578513324,0.0026619809214025736,0.13589213113300502,0.01435997593216598,,0.13589213113300502,0.8222924765279762,1.0,1.0,False,0.00180793291057893,0.0,0.0,0.0013889059154271592,,0.022702971656877093,0.029374126293451857,0.06395169313062553,0.03457756683717367,0.05265689359388583,0.029207366910765007,0.06331639018942478,0.03410902327865978,0.056097298146041974,0.5590638219593703|-0.5841089247147251|0.5433812252713991,0.495043174675474|-1.01538940814095|0.13805460179173218,0.18204923860233724|-0.7069778470324354|0.13711876990094776
163,,,,0.0,2,2,2,,0.15306409308686852,0.002653161995112896,0.13597386702895164,0.014419273007661104,,0.13597386702895164,0.816203001649058,1.0,1.0,False,0.001700276673655965,0.0,0.0,0.0013854433316996047,,0.022680388488360674,0.03150428727660695,0.06368855206234311,0.03218426478573616,0.05120868189550577,0.03064899263967678,0.06351629065019881,0.03286729801052203,0.05345530290274017,0.5581172616120201|-0.5856284885086804|0.5431008630447839,0.4941488092165172|-1.0166615365213727|0.13804063448500667,0.1797467105152789|-0.709934584910709|0.13717862203163017
164,,,,0.0,2,2,2,,0.15409863297827542,0.0026413039304316044,0.13691462692804635,0.014524420024827123,,0.13691462692804635,0.8001398306412567,1.0,1.0,False,0.0014507362288706527,0.0,0.0,0.0012889109051400984,,0.022514706378338932,0.0342397784909616,0.06281794045461285,0.028578161963651247,0.049203416856701286,0.03187776298455548,0.06381957645157221,0.03194181346701673,0.049886402580579456,0.5568025641057881|-0.5875654898715067|0.5436867630268667,0.4929167873313278|-1.017325336727303|0.13877010606386192,0.17897143422272072|-0.7109698091437227|0.13717979307129202
165,,,,0.0,2,2,2,,0.1756153260357678,0.0026666789781302214,0.158635820960626,0.014295626897364855,,0.158635820960626,0.7880150211770808,1.0,1.0,False,0.0014507112219127975,0.0,0.0,0.0013196198129995862,,0.022397641904418907,0.03852701768521481,0.06295067081549613,0.024423653130281317,0.045578895269099404,0.03195709422104406,0.0635511511116901,0.03159405689064604,0.04519198118080376,0.5556563742924125|-0.5885055521340025|0.5446076256706598,0.49444510326853564|-1.0155812553468393|0.13788290932355635,0.17972451975249296|-0.7105323276694412|0.13714518078315996
166,,,,0.0,2,2,2,,0.15266385511495173,0.002703188918530941,0.13557053403928876,0.014373300829902291,,0.13557053403928876,0.7841323191555518,1.0,1.0,False,0.0014505837566802585,0.0,0.0,0.0012959390837481,,0.022412985380567987,0.044143587607936095,0.06226379615415172,0.018120208546215627,0.041624821937471995,0.032630351534713914,0.06540424964708277,0.03277389811236886,0.04231071357998092,0.5536897954720468|-0.588056304354973|0.5463643379365465,0.4941698435114309|-1.0147934618119232|0.13930391308484383,0.1776582242755812|-0.7109882415965842|0.1393526553928071
167,,,,0.0,2,2,2,,0.15190483815968037,0.002706635044887662,0.13490246213041246,0.014278760878369212,,0.13490246213041246,0.778663857648117,1.0,1.0,False,0.0014506609771920073,0.0,0.0,0.0011261414680698325,,0.02240104694307511,0.05102108597820686,0.06215581660114459,0.011134730622937732,0.03569536699543324,0.03403831060581309,0.06820398766178261,0.03416567705596952,0.04061072695443609,0.5523708768869133|-0.5876005015631408|0.550165681611435,0.4945529922586807|-1.0140449560688367|0.14295399984203583,0.17730973189568805|-0.7098452038153806|0.14590827115384641
168,,,,0.0,2,2,2,,0.15076619503088295,0.002696033101528883,0.13395501696504653,0.014097432838752866,,0.13395501696504653,0.7655713124656819,1.0,1.0,False,0.0014497423208503259,0.0,0.0,0.0014146648601923125,,0.022276935248489366,0.057945770332680925,0.06422690522781474,0.006281134895133815,0.032536873756665044,0.03768593914257465,0.07312099001244958,0.03543505086987493,0.036827284963562315,0.5496428931041912|-0.585506692096671|0.5572667273921644,0.4973827069311053|-1.0133458596781229|0.14721897963766117,0.17672050406326126|-0.7098401907430539|0.15701001803676157
169,,,,0.0,2,2,2,,0.14876893209293485,0.0026287459768354893,0.13198805088177323,0.0141336671076715,,0.13198805088177323,0.7528957295649799,1.0,1.0,False,0.001467967767774702,0.0,0.0,0.0014140956226035366,,0.022158470252794753,0.06520212713187788,0.07011340160209206,0.00491127447021418,0.028256177499627576,0.04522794336980984,0.06985939948710103,0.024631456117291187,0.03001119350255934,0.546550008785604|-0.5861854250804605|0.5658518061770286,0.50353994266019|-1.013816863554018|0.15221667808584805,0.18109034135415156|-0.709564020165907|0.16864747347954684
170,,,,0.0,2,2,2,,0.14690572582185268,0.002649066038429737,0.13039096305146813,0.013848182978108525,,0.13039096305146813,0.7364600726424899,1.0,1.0,False,0.0014685360650437754,0.0,0.0,0.0014133496049578854,,0.021982908752794274,0.07218582435300443,0.08044609254619767,0.00826026819319324,0.025758081374698802,0.049393140583701305,0.07408087632906972,0.024687735745368415,0.03011583247213626,0.5446906511824969|-0.5862139814358804|0.5741799506363475,0.5122527957709431|-1.0161465549272155|0.1616487435798601,0.1824441105620242|-0.6977691688481986|0.1807661345739118
171,,,,0.0,2,2,2,,0.14314375002868474,0.0026556968223303556,0.1272881340701133,0.013182199094444513,,0.1272881340701133,0.7284675424402477,1.0,1.0,False,0.001405691748323154,0.0,0.0,0.0014139061901861508,,0.021851552999550685,0.0817515852275083,0.09496166055994788,0.013210075332439578,0.025750816249905502,0.05656154740956927,0.07889549863592962,0.022333951226360352,0.027865319104865616,0.5427469552878826|-0.5867709510243976|0.5855983578510051,0.5248080193903771|-1.0163971689344242|0.17806299149802873,0.18456340730251256|-0.6920679434919971|0.19711994927063484
172,,,,0.0,2,2,2,,0.13943396392278373,0.002644760999828577,0.12370992684736848,0.013060817029327154,,0.12370992684736848,0.7187268560046819,1.0,1.0,False,0.0014043103945423699,0.0,0.0,0.0014144663651791919,,0.021772243578805542,0.08741630480404104,0.09606143159542406,0.008645126791383018,0.025322935435615847,0.06847629255171706,0.09239661196316577,0.023920319411448718,0.02790456397647331,0.5430559104318844|-0.5860029924912077|0.5968616224865662,0.5387459613036227|-1.013996131120196|0.19518290077901318,0.18432531732632138|-0.6808652044393809|0.21500821170480067
173,,,,0.0,2,2,2,,0.1344309370033443,0.0026757989544421434,0.11899213586002588,0.012742536142468452,,0.11899213586002588,0.7096631340853419,1.0,1.0,False,0.0014357814199419255,0.0,0.0,0.0014136858261994604,,0.02169981447483348,0.08849723896939748,0.101276318714174,0.012779079744776517,0.02440702722614013,0.07654651471494775,0.09865608759874359,0.022109572883795836,0.028044343851091266,0.5442687796946251|-0.5868547585385406|0.6082303710526525,0.553223536978194|-1.00928495276463|0.2121639153674873,0.18582318642535414|-0.6694039347780965|0.2324460731735788
174,,,,0.0,2,2,2,,0.12866109097376466,0.00267207995057106,0.1133795699570328,0.012588676996529102,,0.1133795699570328,0.6924697917826201,1.0,1.0,False,0.0014079546262876184,0.0,0.0,0.001413738646572125,,0.02152565921842616,0.09535643335873249,0.10429138992262413,0.008934956563891636,0.02426349143609825,0.08196116553129464,0.09988326561991048,0.017922100088615847,0.02823395248653956,0.5451360889477036|-0.5840961643356979|0.6192426300095173,0.56902578585087|-1.0032490790422428|0.2324899197499758,0.1879838802844549|-0.6573585122318542|0.2516732145015983
175,,,,0.0,2,2,2,,0.12366340705193579,0.0027241590432822704,0.10880594700574875,0.012115671066567302,,0.10880594700574875,0.6981847904120897,1.0,1.0,False,0.00146550463470543,0.0,0.0,0.001413347629809959,,0.021576630781663754,0.10933019893862801,0.11395832935148968,0.00462813041286167,0.024634060104695505,0.09345158665985749,0.10485726321578774,0.01140567655593025,0.026628812654803238,0.5480448454391176|-0.5832590843246654|0.6306679667794928,0.5861329283397041|-0.995658708926146|0.2558025874458826,0.19144809585503797|-0.6459973380144689|0.2715143463901472
176,,,,0.0,2,2,2,,0.14359535300172865,0.002650665119290352,0.12906882702372968,0.011857361998409033,,0.12906882702372968,0.6949396520013201,1.0,1.0,False,0.0014016370983983076,0.0,0.0,0.0014162383668682068,,0.021553238904104818,0.11992225228588647,0.13103142711837776,0.011109174832491284,0.02556979392675747,0.10911909928107438,0.11507217435427683,0.005953075073202446,0.025223926585257607,0.5477274059383522|-0.5866270983277965|0.6441231403448732,0.6064832400379179|-0.9825161036696534|0.28257427814357494,0.19504467319230925|-0.6347423278657591|0.29478315082156853
177,,,,0.0,2,2,2,,0.11751319793984294,0.0026379269547760487,0.10300185903906822,0.011856656055897474,,0.10300185903906822,0.6903532379899187,1.0,1.0,False,0.0013950211567190368,0.0,0.0,0.0011469005185544287,,0.021415458791672413,0.12856650670278466,0.13073525597597466,0.002168749273189996,0.026229126114064933,0.11736156216501047,0.12679319681473142,0.009431634649720952,0.02530403299663571,0.5481653940415459|-0.5930898434531051|0.6602953493794744,0.6248754779395642|-0.9697404142521419|0.3117132468265687,0.20400914452533042|-0.6192984795209507|0.32573690123130383
178,,,,0.0,2,2,2,,0.1145188461523503,0.002644703956320882,0.1000571760814637,0.011798114981502295,,0.1000571760814637,0.6696163415736764,1.0,1.0,False,0.001394827380279469,0.0,0.0,0.0014118199945194043,,0.021219485922429695,0.1450407403415181,0.13610262539700002,0.008938114944518072,0.02663573601272716,0.12793315693065788,0.14019669073999946,0.012263533809341587,0.02611856241098221,0.5429061740363363|-0.5984158725645953|0.6735931519788834,0.6416694358427975|-0.9582571333814095|0.3425494689045781,0.2098843616882586|-0.6066079089436021|0.3512365732671563
179,,,,0.0,2,2,2,,0.10866867285221815,0.0027208449319005013,0.09429374802857637,0.011637685121968389,,0.09429374802857637,0.6550700679645539,1.0,1.0,False,0.0014216501111557062,0.0,0.0,0.0014121738156701667,,0.021097933047847846,0.16799531309944574,0.14975204144031937,0.01824327165912637,0.02725729569145104,0.1430239994661397,0.15147625033822495,0.00845225087208526,0.02607236385972625,0.5385675961133327|-0.5985919734040616|0.6850391759326339,0.6569765101531436|-0.9444912314312474|0.37801692843924617,0.21663148222617776|-0.5950942775227527|0.37796713571603285
180,,,,0.0,2,2,2,,0.10306724603287876,0.002691654022783041,0.08904171688482165,0.011317535070702434,,0.08904171688482165,0.6590062887992334,1.0,1.0,False,0.0014211810839510272,0.0,0.0,0.0013843916851863003,,0.02114311823818902,0.19553606696033513,0.17104771158198934,0.02448835537834579,0.027464822047459803,0.1612148843364886,0.15998884286797715,0.0012260414685114351,0.024335446252094092,0.5349158181448677|-0.6018608108102903|0.6961264266672456,0.6713225273604098|-0.9310397961322129|0.4122365261846721,0.22605497370247588|-0.5857803479728062|0.4071089792859812
181,,,,0.0,2,2,2,,0.10078010894358158,0.0026822059880942106,0.08691265806555748,0.011167540913447738,,0.08691265806555748,0.6618838094722237,1.0,1.0,False,0.001420430195841517,0.0,0.0,0.001410749668976645,,0.02117798774605933,0.2254965775237558,0.19665345925944747,0.028843118264308326,0.027318233486457854,0.18111092103285248,0.175041652488308,0.006069268544544482,0.02517263861368163,0.5339890541913427|-0.6051551039341863|0.7065616470065496,0.6844878367049709|-0.9168702506625848|0.4459549444507747,0.23055443889262803|-0.5780577561984434|0.4358699997325093
182,,,,0.0,2,2,2,,0.10057008196599782,0.002678923076018691,0.08644236880354583,0.011430658167228103,,0.08644236880354583,0.6783584526476417,1.0,1.0,False,0.0014199945063363903,0.0,0.0,0.0013754747274493137,,0.02144502082664187,0.2560121685361162,0.22278589007472477,0.03322627846139142,0.028417558882246615,0.2015446298344794,0.18847220519563318,0.013072424638846225,0.024541477179541745,0.531893579123491|-0.61025048073248|0.7172097608320269,0.6947256698968868|-0.9049699477087055|0.4777128416856566,0.23998152627151292|-0.575723518545134|0.4657038027478087
183,,,,0.0,2,2,2,,0.10269018588587642,0.002706819912418723,0.08790568704716861,0.012054331135004759,,0.08790568704716861,0.6884254566166029,1.0,1.0,False,0.001420230459645646,0.0,0.0,0.00141412630890633,,0.021571840305943914,0.2856512034311202,0.25007564969891033,0.035575553732209886,0.028810619521587824,0.22180153031505706,0.20459544720509154,0.01720608310996552,0.02408302160256166,0.5287589143480009|-0.6119961962339356|0.7267611351839165,0.7039949117616358|-0.891796877573929|0.5089085667964056,0.24478631283638244|-0.5734576764331302|0.49153125748569426
184,,,,0.0,2,2,2,,0.09961309120990336,0.0027630890253931284,0.08538691815920174,0.01144612510688603,,0.08538691815920174,0.7101554694322667,1.0,1.0,False,0.0014195413625186365,0.0,0.0,0.0014102373122337885,,0.021879139138198087,0.3130544755253803,0.2779894884276737,0.03506498709770661,0.027039494597172847,0.24108689094692043,0.22442933263078854,0.016657558316131887,0.02474089701461894,0.5231253044647943|-0.6162161826152757|0.7364234619858555,0.7109870505502784|-0.8779152201012603|0.5406224005041336,0.250863388529163|-0.5695532172620047|0.5188525425707236
185,,,,0.0,2,2,2,,0.09720780304633081,0.002681315876543522,0.08331356500275433,0.011195998173207045,,0.08331356500275433,0.7223463131044051,1.0,1.0,False,0.0014468034230304856,0.0,0.0,0.001420445891559692,,0.022061103811167822,0.33778397384238973,0.2986355735909825,0.039148400251407256,0.027616363847285098,0.2589417099700439,0.24511932151129262,0.013822388458751278,0.026500986530580098,0.5193790803543258|-0.6227701409018008|0.7456569942578535,0.7140070566922403|-0.8648447998939295|0.5642637628770406,0.2546093234375683|-0.5689997335298695|0.5468632516110534
186,,,,0.0,2,2,2,,0.09314082399941981,0.002643113024532795,0.0793301819358021,0.011151497950777411,,0.0793301819358021,0.6698270166691079,1.0,1.0,False,0.001377133949734325,0.0,0.0,0.0014162685080873604,,0.021446231080532754,0.359344136490238,0.32198349630574064,0.03736064018449736,0.02511169491393422,0.27530081417143243,0.2628179955359913,0.01248281863544115,0.027604395837283868,0.5251774035133951|-0.6397160436030619|0.7554567670558556,0.7141452385632461|-0.8575206789374269|0.5927106202093835,0.2617864409539512|-0.5704983949045611|0.5717415346026766
187,,,,0.0,2,2,2,,0.08796052681282163,0.002673588925972581,0.07459587091580033,0.010674158809706569,,0.07459587091580033,0.664595923116391,1.0,1.0,False,0.001437584927498941,0.0,0.0,0.0014185586359615984,,0.021442392543767515,0.3770095537397474,0.33651767535936156,0.04049187838038587,0.018437620000351956,0.2895092066965269,0.2775082550810724,0.012000951615454503,0.026794481497081395,0.5229408472746272|-0.6528418892966935|0.7640305538997102,0.706771353916886|-0.8465806069529958|0.6139882821566728,0.2629491533559215|-0.5796086683064227|0.5945393135900751
188,,,,0.0,2,2,2,,0.0861930069513619,0.002688758075237274,0.07280611107125878,0.010679137893021107,,0.07280611107125878,0.6405490899913331,1.0,1.0,False,0.0014119612395950172,0.0,0.0,0.0014412796141147224,,0.021074204411550574,0.39003915902423797,0.3630216556134478,0.027017503410790178,0.01380184341326513,0.30052213316320486,0.28803971698170877,0.012482416181496092,0.024173973760666,0.5186027122728812|-0.6670067372218957|0.7702813254264109,0.708697248265702|-0.825239627545445|0.6406344759665114,0.2669124435545534|-0.5884504371632137|0.6116105872114044
189,,,,0.0,2,2,2,,0.0904113829601556,0.0025970221031457186,0.07694933493621647,0.010847639990970492,,0.07694933493621647,0.6284082455578451,1.0,1.0,False,0.0013800438843145357,0.0,0.0,0.0014412403563822537,,0.020992509681329638,0.3983120323993477,0.37171937566856844,0.026592656730779263,0.013425762703108798,0.3083592293239548,0.2966972282826263,0.011662001041328529,0.02116668071647866,0.5205182955235836|-0.6877027964323057|0.7720732679026319,0.7088412053469347|-0.8254576329521541|0.6507658347602525,0.2744019536020595|-0.605426422788193|0.6293688905246875
190,,,,0.0,2,2,2,,0.09021217911504209,0.0026649588253349066,0.07687833998352289,0.010652515105903149,,0.07687833998352289,0.5978001876066055,1.0,1.0,False,0.0013984286633975732,0.0,0.0,0.0010568027029219213,,0.020636151639746025,0.40278409391672254,0.3786527892974927,0.024131304619229854,0.012505407003043928,0.31361655247816944,0.30510890258000617,0.008507649898163272,0.02108282538283343,0.5234236288484745|-0.7060884634859588|0.7724493762839131,0.707316225534862|-0.8250722687913197|0.6595543247633338,0.27691511957860543|-0.615155191846677|0.6419890672757025
191,,,,0.0,2,2,2,,0.08813425293192267,0.0026388380210846663,0.07485881890170276,0.010618726024404168,,0.07485881890170276,0.5799159151607962,1.0,1.0,False,0.001405101571019269,0.0,0.0,0.0012617402114963416,,0.020458518549726246,0.4038420920325744,0.38583128560199326,0.018010806430581117,0.015225857716309075,0.3166459060158779,0.30814647990667204,0.008499426109205843,0.018992391672630064,0.5265239127859426|-0.7206526253475918|0.7726708369494913,0.7080115403902869|-0.8237745417186885|0.6672181555445854,0.28346897700348367|-0.626234752987479|0.6492677749007393
192,,,,0.0,2,2,2,,0.08849851507693529,0.002662918996065855,0.07529599405825138,0.010521366028115153,,0.07529599405825138,0.5808065729507759,1.0,1.0,False,0.0013971329571136962,0.0,0.0,0.0012481435927750287,,0.020612186868361724,0.40227656445836085,0.38489371469978584,0.017382849758575014,0.017492174892960365,0.3184100408027123,0.3088368184014524,0.009573222401259907,0.015277990561699041,0.5325720719970989|-0.7375690156150592|0.7711189830703435,0.708566194078311|-0.8359490768693354|0.6677982783118359,0.29170124600009173|-0.6406903553308663|0.6543150368539353
193,,,,0.0,2,2,2,,0.08971655811183155,0.002651080023497343,0.07651402615010738,0.010533957043662667,,0.07651402615010738,0.5744187058377731,1.0,1.0,False,0.0014148300888265908,0.0,0.0,0.0014151866099432408,,0.020524764730024694,0.39822651118405494,0.37914559751407295,0.01908091366998199,0.01790403742495567,0.3193566613925735,0.3110435946436004,0.008313066748973141,0.015435926095874297,0.5361781926297173|-0.7566860834196468|0.7694353873032324,0.7079287559940979|-0.8618280999878098|0.664255204045578,0.296467149568062|-0.656045597460937|0.65982872072954
194,,,,0.0,2,2,2,,0.1175501870457083,0.002717578085139394,0.10325185302644968,0.011563358129933476,,0.10325185302644968,0.5697572522109917,1.0,1.0,False,0.0014126147108503885,0.0,0.0,0.0012137669355429966,,0.02043184689867414,0.3923473930866343,0.37429246613545636,0.01805492695117794,0.01920219383123094,0.31994222454913385,0.31259985769125587,0.00734236685787798,0.014391010973035162,0.5419183343561973|-0.7743560793228009|0.7684153095310701,0.7055855113641115|-0.8858839274000619|0.6607811052172269,0.3029685491017328|-0.6730982172035511|0.6640760822770654
195,,,,0.0,2,2,2,,0.09733209107071161,0.0026637439150363207,0.08341445191763341,0.011237632017582655,,0.08341445191763341,0.5677911629853208,1.0,1.0,False,0.0019131195885027721,0.0,0.0,0.0014265970684116183,,0.020329711379120083,0.3863443280470266,0.37310957708297615,0.013234750964050468,0.0205915655850421,0.3212678924959147,0.31648925857896404,0.004778633916950659,0.011909255073988956,0.5520719951109296|-0.7911981824826299|0.7690417905804169,0.7076258332007804|-0.9123241300117202|0.6570426885412821,0.31849939291492574|-0.6917922512696516|0.6696993173290007
