frame,geom_a,geom_b,body_a,body_b,signed_distance,penetration_depth,pair_type,expected_contact,illegal_penetration
0,ground,right_ankle_roll_sphere_2_link,world,right_ankle_roll_sphere_2_link,-0.0006835589638036479,0.0006835589638036479,foot-ground,True,False
0,ground,left_ankle_roll_sphere_5_link,world,left_ankle_roll_sphere_5_link,-0.0007550751540372274,0.0007550751540372274,foot-ground,True,False
0,left_ankle_intermediate_1_link,left_ankle_roll_link,left_ankle_intermediate_1_link,left_ankle_roll_link,-0.0021510294128936347,0.0021510294128936347,self-collision,False,False
0,ground,right_ankle_roll_link,world,right_ankle_roll_link,-0.0014463704650740615,0.0014463704650740615,foot-ground,True,False
0,ground,left_ankle_roll_sphere_1_link,world,left_ankle_roll_sphere_1_link,-0.0005990226807956979,0.0005990226807956979,foot-ground,True,False
0,ground,right_ankle_roll_sphere_3_link,world,right_ankle_roll_sphere_3_link,-0.0009929834106444406,0.0009929834106444406,foot-ground,True,False
0,ground,left_ankle_roll_sphere_2_link,world,left_ankle_roll_sphere_2_link,-0.0009998678891717369,0.0009998678891717369,foot-ground,True,False
0,ground,right_ankle_roll_sphere_4_link,world,right_ankle_roll_sphere_4_link,-0.0006198875371770931,0.0006198875371770931,foot-ground,True,False
0,ground,largebox,world,largebox_link,-0.0031038711506328753,0.0031038711506328753,object-ground,True,False
0,ground,right_ankle_roll_sphere_5_link,world,right_ankle_roll_sphere_5_link,-0.0008026025205181064,0.0008026025205181064,foot-ground,True,False
0,right_knee_link,right_ankle_roll_link,right_knee_link,right_ankle_roll_link,-0.023422146515978917,0.023422146515978917,self-collision,False,False
0,right_ankle_intermediate_1_link,right_ankle_roll_link,right_ankle_intermediate_1_link,right_ankle_roll_link,-0.001944741827599919,0.001944741827599919,self-collision,False,False
0,ground,left_ankle_roll_link,world,left_ankle_roll_link,-0.0014683117942896062,0.0014683117942896062,foot-ground,True,False
0,left_knee_link,left_ankle_roll_link,left_knee_link,left_ankle_roll_link,-0.028121296152426145,0.028121296152426145,self-collision,False,False
0,ground,left_ankle_roll_sphere_3_link,world,left_ankle_roll_sphere_3_link,-0.0005192385691112347,0.0005192385691112347,foot-ground,True,False
0,ground,right_ankle_roll_sphere_1_link,world,right_ankle_roll_sphere_1_link,-0.0009944721916931047,0.0009944721916931047,foot-ground,True,False
0,ground,left_ankle_roll_sphere_4_link,world,left_ankle_roll_sphere_4_link,-0.0010002528191624836,0.0010002528191624836,foot-ground,True,False
1,ground,left_ankle_roll_sphere_5_link,world,left_ankle_roll_sphere_5_link,-0.00017445926468511157,0.00017445926468511157,foot-ground,True,False
1,left_ankle_intermediate_1_link,left_ankle_roll_link,left_ankle_intermediate_1_link,left_ankle_roll_link,-0.00195804799977245,0.00195804799977245,self-collision,False,False
1,ground,right_ankle_roll_link,world,right_ankle_roll_link,-0.0007543228536851104,0.0007543228536851104,foot-ground,True,False
1,ground,left_ankle_roll_sphere_1_link,world,left_ankle_roll_sphere_1_link,-2.1638158440864634e-05,2.1638158440864634e-05,foot-ground,True,False
1,ground,right_ankle_roll_sphere_3_link,world,right_ankle_roll_sphere_3_link,-0.00029720597746698673,0.00029720597746698673,foot-ground,True,False
1,ground,left_ankle_roll_sphere_2_link,world,left_ankle_roll_sphere_2_link,-0.0003942779889770402,0.0003942779889770402,foot-ground,True,False
1,ground,largebox,world,largebox_link,-0.0031473427068362536,0.0031473427068362536,object-ground,True,False
1,ground,right_ankle_roll_sphere_5_link,world,right_ankle_roll_sphere_5_link,-9.469691869699436e-05,9.469691869699436e-05,foot-ground,True,False
1,right_knee_link,right_ankle_roll_link,right_knee_link,right_ankle_roll_link,-0.0244088721890455,0.0244088721890455,self-collision,False,False
1,right_ankle_intermediate_1_link,right_ankle_roll_link,right_ankle_intermediate_1_link,right_ankle_roll_link,-0.0024532720757080018,0.0024532720757080018,self-collision,False,False
1,ground,left_ankle_roll_link,world,left_ankle_roll_link,-0.0008618065140983122,0.0008618065140983122,foot-ground,True,False
1,left_knee_link,left_ankle_roll_link,left_knee_link,left_ankle_roll_link,-0.02986117164111296,0.02986117164111296,self-collision,False,False
1,ground,right_ankle_roll_sphere_1_link,world,right_ankle_roll_sphere_1_link,-0.0002994927216673554,0.0002994927216673554,foot-ground,True,False
1,ground,left_ankle_roll_sphere_4_link,world,left_ankle_roll_sphere_4_link,-0.00040156935343037877,0.00040156935343037877,foot-ground,True,False
2,ground,left_ankle_roll_sphere_5_link,world,left_ankle_roll_sphere_5_link,-9.673787791915616e-05,9.673787791915616e-05,foot-ground,True,False
2,left_ankle_intermediate_1_link,left_ankle_roll_link,left_ankle_intermediate_1_link,left_ankle_roll_link,-0.002024592944106382,0.002024592944106382,self-collision,False,False
2,ground,right_ankle_roll_link,world,right_ankle_roll_link,-0.0006770888994928753,0.0006770888994928753,foot-ground,True,False
2,ground,right_ankle_roll_sphere_3_link,world,right_ankle_roll_sphere_3_link,-0.00022878828049177537,0.00022878828049177537,foot-ground,True,False
2,ground,left_ankle_roll_sphere_2_link,world,left_ankle_roll_sphere_2_link,-0.0002922340768641068,0.0002922340768641068,foot-ground,True,False
2,ground,largebox,world,largebox_link,-0.0031186797000378186,0.0031186797000378186,object-ground,True,False
2,ground,right_ankle_roll_sphere_5_link,world,right_ankle_roll_sphere_5_link,-4.24762516266523e-05,4.24762516266523e-05,foot-ground,True,False
2,right_knee_link,right_ankle_roll_link,right_knee_link,right_ankle_roll_link,-0.026846139923947798,0.026846139923947798,self-collision,False,False
2,right_ankle_intermediate_1_link,right_ankle_roll_link,right_ankle_intermediate_1_link,right_ankle_roll_link,-0.0023695047340207415,0.0023695047340207415,self-collision,False,False
2,ground,left_ankle_roll_link,world,left_ankle_roll_link,-0.0007487152207827988,0.0007487152207827988,foot-ground,True,False
2,left_knee_link,left_ankle_roll_link,left_knee_link,left_ankle_roll_link,-0.031437388656473386,0.031437388656473386,self-collision,False,False
2,ground,right_ankle_roll_sphere_1_link,world,right_ankle_roll_sphere_1_link,-0.00022034741327362894,0.00022034741327362894,foot-ground,True,False
2,ground,left_ankle_roll_sphere_4_link,world,left_ankle_roll_sphere_4_link,-0.00029477083704914763,0.00029477083704914763,foot-ground,True,False
3,pelvis_contour_link,right_hip_roll_link,pelvis_contour_link,right_hip_roll_link,-0.0009640322019569825,0.0009640322019569825,self-collision,False,False
3,ground,left_ankle_roll_sphere_5_link,world,left_ankle_roll_sphere_5_link,-5.577464882540028e-05,5.577464882540028e-05,foot-ground,True,False
3,ground,right_ankle_roll_link,world,right_ankle_roll_link,-0.000613813009079027,0.000613813009079027,foot-ground,True,False
3,ground,right_ankle_roll_sphere_3_link,world,right_ankle_roll_sphere_3_link,-0.00016848445938994188,0.00016848445938994188,foot-ground,True,False
3,ground,left_ankle_roll_sphere_2_link,world,left_ankle_roll_sphere_2_link,-0.000246375317427292,0.000246375317427292,foot-ground,True,False
3,ground,largebox,world,largebox_link,-0.003141146459411881,0.003141146459411881,object-ground,True,False
3,right_knee_link,right_ankle_roll_link,right_knee_link,right_ankle_roll_link,-0.028902095599976946,0.028902095599976946,self-collision,False,False
3,right_ankle_intermediate_1_link,right_ankle_roll_link,right_ankle_intermediate_1_link,right_ankle_roll_link,-0.002174167277352257,0.002174167277352257,self-collision,False,False
3,ground,left_ankle_roll_link,world,left_ankle_roll_link,-0.0007018770111012138,0.0007018770111012138,foot-ground,True,False
3,left_knee_link,left_ankle_roll_link,left_knee_link,left_ankle_roll_link,-0.0328528541989456,0.0328528541989456,self-collision,False,False
3,ground,right_ankle_roll_sphere_1_link,world,right_ankle_roll_sphere_1_link,-0.00015563744042802318,0.00015563744042802318,foot-ground,True,False
3,ground,left_ankle_roll_sphere_4_link,world,left_ankle_roll_sphere_4_link,-0.0002493623282723697,0.0002493623282723697,foot-ground,True,False
4,pelvis_contour_link,right_hip_roll_link,pelvis_contour_link,right_hip_roll_link,-0.003948229503443854,0.003948229503443854,self-collision,False,False
4,ground,right_ankle_roll_link,world,right_ankle_roll_link,-0.0006169229539316201,0.0006169229539316201,foot-ground,True,False
4,ground,right_ankle_roll_sphere_3_link,world,right_ankle_roll_sphere_3_link,-0.00016057144460471153,0.00016057144460471153,foot-ground,True,False
4,ground,left_ankle_roll_sphere_2_link,world,left_ankle_roll_sphere_2_link,-0.00016016805734399547,0.00016016805734399547,foot-ground,True,False
4,pelvis_contour_link,left_hip_roll_link,pelvis_contour_link,left_hip_roll_link,-0.0030276198687383543,0.0030276198687383543,self-collision,False,False
4,ground,largebox,world,largebox_link,-0.0031371618314882943,0.0031371618314882943,object-ground,True,False
4,right_knee_link,right_ankle_roll_link,right_knee_link,right_ankle_roll_link,-0.03110786774236965,0.03110786774236965,self-collision,False,False
4,right_ankle_intermediate_1_link,right_ankle_roll_link,right_ankle_intermediate_1_link,right_ankle_roll_link,-0.0019377428397491236,0.0019377428397491236,self-collision,False,False
4,ground,left_ankle_roll_link,world,left_ankle_roll_link,-0.0006260714993968908,0.0006260714993968908,foot-ground,True,False
4,left_knee_link,left_ankle_roll_link,left_knee_link,left_ankle_roll_link,-0.03436358549959159,0.03436358549959159,self-collision,False,False
4,ground,right_ankle_roll_sphere_1_link,world,right_ankle_roll_sphere_1_link,-0.00016316376195492626,0.00016316376195492626,foot-ground,True,False
4,ground,left_ankle_roll_sphere_4_link,world,left_ankle_roll_sphere_4_link,-0.0001642023859512792,0.0001642023859512792,foot-ground,True,False
5,pelvis_contour_link,right_hip_roll_link,pelvis_contour_link,right_hip_roll_link,-0.00525046469014126,0.00525046469014126,self-collision,False,False
5,ground,right_ankle_roll_link,world,right_ankle_roll_link,-0.0009044907119012853,0.0009044907119012853,foot-ground,True,False
5,ground,right_ankle_roll_sphere_3_link,world,right_ankle_roll_sphere_3_link,-0.00042630330429962223,0.00042630330429962223,foot-ground,True,False
5,ground,left_ankle_roll_sphere_2_link,world,left_ankle_roll_sphere_2_link,-0.0004379938350753598,0.0004379938350753598,foot-ground,True,False
5,pelvis_contour_link,left_hip_roll_link,pelvis_contour_link,left_hip_roll_link,-0.005187049288440063,0.005187049288440063,self-collision,False,False
5,ground,largebox,world,largebox_link,-0.0031110539474660526,0.0031110539474660526,object-ground,True,False
5,ground,right_ankle_roll_sphere_5_link,world,right_ankle_roll_sphere_5_link,-0.00012557512543207635,0.00012557512543207635,foot-ground,True,False
5,right_knee_link,right_ankle_roll_link,right_knee_link,right_ankle_roll_link,-0.033355195076882005,0.033355195076882005,self-collision,False,False
5,ground,left_ankle_roll_link,world,left_ankle_roll_link,-0.0010008670982612697,0.0010008670982612697,foot-ground,True,False
5,left_knee_link,left_ankle_roll_link,left_knee_link,left_ankle_roll_link,-0.036167791746331224,0.036167791746331224,self-collision,False,False
5,ground,right_ankle_roll_sphere_1_link,world,right_ankle_roll_sphere_1_link,-0.00041211865562877214,0.00041211865562877214,foot-ground,True,False
5,ground,left_ankle_roll_sphere_4_link,world,left_ankle_roll_sphere_4_link,-0.0004348245163911203,0.0004348245163911203,foot-ground,True,False
6,pelvis_contour_link,right_hip_roll_link,pelvis_contour_link,right_hip_roll_link,-0.006206603130100505,0.006206603130100505,self-collision,False,False
6,ground,left_ankle_roll_sphere_5_link,world,left_ankle_roll_sphere_5_link,-2.786559662703008e-05,2.786559662703008e-05,foot-ground,True,False
6,ground,right_ankle_roll_link,world,right_ankle_roll_link,-0.0014961521780334705,0.0014961521780334705,foot-ground,True,False
6,ground,right_ankle_roll_sphere_3_link,world,right_ankle_roll_sphere_3_link,-0.0008745010611640935,0.0008745010611640935,foot-ground,True,False
6,pelvis_contour_link,left_hip_roll_link,pelvis_contour_link,left_hip_roll_link,-0.006696868842781437,0.006696868842781437,self-collision,False,False
6,ground,largebox,world,largebox_link,-0.0031355946968038007,0.0031355946968038007,object-ground,True,False
6,ground,right_ankle_roll_sphere_5_link,world,right_ankle_roll_sphere_5_link,-5.5618916673850875e-05,5.5618916673850875e-05,foot-ground,True,False
6,right_knee_link,right_ankle_roll_link,right_knee_link,right_ankle_roll_link,-0.03446956878210858,0.03446956878210858,self-collision,False,False
6,ground,left_ankle_roll_link,world,left_ankle_roll_link,-0.0008038814279248095,0.0008038814279248095,foot-ground,True,False
6,left_knee_link,left_ankle_roll_link,left_knee_link,left_ankle_roll_link,-0.03596268638391392,0.03596268638391392,self-collision,False,False
6,left_hip_yaw_link,largebox,left_hip_yaw_link,largebox_link,-0.0036578880462905528,0.0036578880462905528,other-body-box,False,True
6,ground,right_ankle_roll_sphere_1_link,world,right_ankle_roll_sphere_1_link,-0.0008571413582298777,0.0008571413582298777,foot-ground,True,False
6,ground,left_ankle_roll_sphere_4_link,world,left_ankle_roll_sphere_4_link,-0.0003459875366980279,0.0003459875366980279,foot-ground,True,False
7,pelvis_contour_link,right_hip_roll_link,pelvis_contour_link,right_hip_roll_link,-0.00641101164005492,0.00641101164005492,self-collision,False,False
7,ground,right_ankle_roll_link,world,right_ankle_roll_link,-0.0014640398955797183,0.0014640398955797183,foot-ground,True,False
7,ground,right_ankle_roll_sphere_3_link,world,right_ankle_roll_sphere_3_link,-0.000499634775229448,0.000499634775229448,foot-ground,True,False
7,pelvis_contour_link,left_hip_roll_link,pelvis_contour_link,left_hip_roll_link,-0.007201187443198628,0.007201187443198628,self-collision,False,False
7,ground,largebox,world,largebox_link,-0.0031557274893412313,0.0031557274893412313,object-ground,True,False
7,right_knee_link,right_ankle_roll_link,right_knee_link,right_ankle_roll_link,-0.03552218471230145,0.03552218471230145,self-collision,False,False
7,ground,left_ankle_roll_link,world,left_ankle_roll_link,-0.0009351012811879833,0.0009351012811879833,foot-ground,True,False
7,left_knee_link,left_ankle_roll_link,left_knee_link,left_ankle_roll_link,-0.03566209475692944,0.03566209475692944,self-collision,False,False
7,left_hip_yaw_link,largebox,left_hip_yaw_link,largebox_link,-0.0018857452903573296,0.0018857452903573296,other-body-box,False,True
7,ground,right_ankle_roll_sphere_1_link,world,right_ankle_roll_sphere_1_link,-0.0009695171899613995,0.0009695171899613995,foot-ground,True,False
7,ground,left_ankle_roll_sphere_4_link,world,left_ankle_roll_sphere_4_link,-0.0003908988705601272,0.0003908988705601272,foot-ground,True,False
8,pelvis_contour_link,right_hip_roll_link,pelvis_contour_link,right_hip_roll_link,-0.005896862895135191,0.005896862895135191,self-collision,False,False
8,ground,right_ankle_roll_link,world,right_ankle_roll_link,-0.0010471221329552624,0.0010471221329552624,foot-ground,True,False
8,ground,right_ankle_roll_sphere_3_link,world,right_ankle_roll_sphere_3_link,-0.00033709488110809146,0.00033709488110809146,foot-ground,True,False
8,pelvis_contour_link,left_hip_roll_link,pelvis_contour_link,left_hip_roll_link,-0.008061937663067356,0.008061937663067356,self-collision,False,False
8,ground,largebox,world,largebox_link,-0.002967420815621097,0.002967420815621097,object-ground,True,False
8,right_knee_link,right_ankle_roll_link,right_knee_link,right_ankle_roll_link,-0.03620982883466786,0.03620982883466786,self-collision,False,False
8,ground,left_ankle_roll_link,world,left_ankle_roll_link,-0.0009843697811100435,0.0009843697811100435,foot-ground,True,False
8,left_knee_link,left_ankle_roll_link,left_knee_link,left_ankle_roll_link,-0.03492674453542152,0.03492674453542152,self-collision,False,False
8,left_hip_yaw_link,largebox,left_hip_yaw_link,largebox_link,-0.002305498241134435,0.002305498241134435,other-body-box,False,True
8,ground,right_ankle_roll_sphere_1_link,world,right_ankle_roll_sphere_1_link,-0.0003815530529002178,0.0003815530529002178,foot-ground,True,False
8,ground,left_ankle_roll_sphere_4_link,world,left_ankle_roll_sphere_4_link,-0.00034427410467454105,0.00034427410467454105,foot-ground,True,False
9,pelvis_contour_link,right_hip_roll_link,pelvis_contour_link,right_hip_roll_link,-0.005587544086025062,0.005587544086025062,self-collision,False,False
9,ground,right_ankle_roll_link,world,right_ankle_roll_link,-0.0015040944342478262,0.0015040944342478262,foot-ground,True,False
9,ground,right_ankle_roll_sphere_3_link,world,right_ankle_roll_sphere_3_link,-0.00042493884288927804,0.00042493884288927804,foot-ground,True,False
9,pelvis_contour_link,left_hip_roll_link,pelvis_contour_link,left_hip_roll_link,-0.0088840169975056,0.0088840169975056,self-collision,False,False
9,ground,largebox,world,largebox_link,-0.003008943902417044,0.003008943902417044,object-ground,True,False
9,right_knee_link,right_ankle_roll_link,right_knee_link,right_ankle_roll_link,-0.03686399436899085,0.03686399436899085,self-collision,False,False
9,ground,left_ankle_roll_link,world,left_ankle_roll_link,-0.0009939814476197933,0.0009939814476197933,foot-ground,True,False
9,left_knee_link,left_ankle_roll_link,left_knee_link,left_ankle_roll_link,-0.03457649397304524,0.03457649397304524,self-collision,False,False
9,left_hip_yaw_link,largebox,left_hip_yaw_link,largebox_link,-0.001533302122629962,0.001533302122629962,other-body-box,False,True
9,ground,right_ankle_roll_sphere_1_link,world,right_ankle_roll_sphere_1_link,-0.0009828986011699318,0.0009828986011699318,foot-ground,True,False
9,ground,left_ankle_roll_sphere_4_link,world,left_ankle_roll_sphere_4_link,-0.00018358588747846138,0.00018358588747846138,foot-ground,True,False
10,pelvis_contour_link,right_hip_roll_link,pelvis_contour_link,right_hip_roll_link,-0.005921892853707339,0.005921892853707339,self-collision,False,False
10,ground,right_ankle_roll_link,world,right_ankle_roll_link,-0.0011576554514964449,0.0011576554514964449,foot-ground,True,False
10,ground,right_ankle_roll_sphere_3_link,world,right_ankle_roll_sphere_3_link,-0.0006857273881217081,0.0006857273881217081,foot-ground,True,False
10,pelvis_contour_link,left_hip_roll_link,pelvis_contour_link,left_hip_roll_link,-0.00946007184776787,0.00946007184776787,self-collision,False,False
10,ground,largebox,world,largebox_link,-0.002972382152683306,0.002972382152683306,object-ground,True,False
10,right_knee_link,right_ankle_roll_link,right_knee_link,right_ankle_roll_link,-0.0367984950888785,0.0367984950888785,self-collision,False,False
10,ground,left_ankle_roll_link,world,left_ankle_roll_link,-0.0009862401491567765,0.0009862401491567765,foot-ground,True,False
10,left_knee_link,left_ankle_roll_link,left_knee_link,left_ankle_roll_link,-0.033676351363198326,0.033676351363198326,self-collision,False,False
10,left_hip_yaw_link,largebox,left_hip_yaw_link,largebox_link,-0.0012120535921872622,0.0012120535921872622,other-body-box,False,True
11,pelvis_contour_link,right_hip_roll_link,pelvis_contour_link,right_hip_roll_link,-0.006434922669093762,0.006434922669093762,self-collision,False,False
11,ground,right_ankle_roll_link,world,right_ankle_roll_link,-0.0011435599984130698,0.0011435599984130698,foot-ground,True,False
11,ground,right_ankle_roll_sphere_3_link,world,right_ankle_roll_sphere_3_link,-0.0006894569379045047,0.0006894569379045047,foot-ground,True,False
11,pelvis_contour_link,left_hip_roll_link,pelvis_contour_link,left_hip_roll_link,-0.009570968311301664,0.009570968311301664,self-collision,False,False
11,ground,largebox,world,largebox_link,-0.003018469779875105,0.003018469779875105,object-ground,True,False
11,right_knee_link,right_ankle_roll_link,right_knee_link,right_ankle_roll_link,-0.037052626931522586,0.037052626931522586,self-collision,False,False
11,ground,left_ankle_roll_link,world,left_ankle_roll_link,-0.0009893339392825773,0.0009893339392825773,foot-ground,True,False
11,left_knee_link,left_ankle_roll_link,left_knee_link,left_ankle_roll_link,-0.03332545578425661,0.03332545578425661,self-collision,False,False
11,left_hip_yaw_link,largebox,left_hip_yaw_link,largebox_link,-0.000971860796007043,0.000971860796007043,other-body-box,False,True
12,pelvis_contour_link,right_hip_roll_link,pelvis_contour_link,right_hip_roll_link,-0.005282408175905487,0.005282408175905487,self-collision,False,False
12,ground,right_ankle_roll_link,world,right_ankle_roll_link,-0.0014293184678338365,0.0014293184678338365,foot-ground,True,False
12,ground,right_ankle_roll_sphere_3_link,world,right_ankle_roll_sphere_3_link,-0.0009832726190595982,0.0009832726190595982,foot-ground,True,False
12,pelvis_contour_link,left_hip_roll_link,pelvis_contour_link,left_hip_roll_link,-0.009790221124384588,0.009790221124384588,self-collision,False,False
12,ground,largebox,world,largebox_link,-0.0030128680476467218,0.0030128680476467218,object-ground,True,False
12,right_knee_link,right_ankle_roll_link,right_knee_link,right_ankle_roll_link,-0.03763497730599211,0.03763497730599211,self-collision,False,False
12,ground,left_ankle_roll_link,world,left_ankle_roll_link,-0.000998289670121777,0.000998289670121777,foot-ground,True,False
12,left_knee_link,left_ankle_roll_link,left_knee_link,left_ankle_roll_link,-0.033821641230315,0.033821641230315,self-collision,False,False
12,left_hip_yaw_link,largebox,left_hip_yaw_link,largebox_link,-0.0009096829230521714,0.0009096829230521714,other-body-box,False,True
13,pelvis_contour_link,right_hip_roll_link,pelvis_contour_link,right_hip_roll_link,-0.005922493457557174,0.005922493457557174,self-collision,False,False
13,ground,right_ankle_roll_link,world,right_ankle_roll_link,-0.001443431625730976,0.001443431625730976,foot-ground,True,False
13,ground,right_ankle_roll_sphere_3_link,world,right_ankle_roll_sphere_3_link,-0.0009858879278821396,0.0009858879278821396,foot-ground,True,False
13,pelvis_contour_link,left_hip_roll_link,pelvis_contour_link,left_hip_roll_link,-0.007686885079054226,0.007686885079054226,self-collision,False,False
13,ground,largebox,world,largebox_link,-0.003035093538967387,0.003035093538967387,object-ground,True,False
13,right_knee_link,right_ankle_roll_link,right_knee_link,right_ankle_roll_link,-0.03807184063935404,0.03807184063935404,self-collision,False,False
13,ground,left_ankle_roll_link,world,left_ankle_roll_link,-0.0009942490824770556,0.0009942490824770556,foot-ground,True,False
13,left_knee_link,left_ankle_roll_link,left_knee_link,left_ankle_roll_link,-0.033445820435312246,0.033445820435312246,self-collision,False,False
13,left_hip_yaw_link,largebox,left_hip_yaw_link,largebox_link,-0.0019417335780628764,0.0019417335780628764,other-body-box,False,True
14,pelvis_contour_link,right_hip_roll_link,pelvis_contour_link,right_hip_roll_link,-0.0055994482735223505,0.0055994482735223505,self-collision,False,False
14,left_ankle_intermediate_1_link,left_ankle_roll_link,left_ankle_intermediate_1_link,left_ankle_roll_link,-0.002599416907229271,0.002599416907229271,self-collision,False,False
14,ground,right_ankle_roll_link,world,right_ankle_roll_link,-0.0011451072402246416,0.0011451072402246416,foot-ground,True,False
14,ground,right_ankle_roll_sphere_3_link,world,right_ankle_roll_sphere_3_link,-0.0006726036417767948,0.0006726036417767948,foot-ground,True,False
14,pelvis_contour_link,left_hip_roll_link,pelvis_contour_link,left_hip_roll_link,-0.008337172014327113,0.008337172014327113,self-collision,False,False
14,ground,largebox,world,largebox_link,-0.0030380263466471824,0.0030380263466471824,object-ground,True,False
14,right_knee_link,right_ankle_roll_link,right_knee_link,right_ankle_roll_link,-0.03870685202967386,0.03870685202967386,self-collision,False,False
14,ground,left_ankle_roll_link,world,left_ankle_roll_link,-0.0009989556808532654,0.0009989556808532654,foot-ground,True,False
14,left_knee_link,left_ankle_roll_link,left_knee_link,left_ankle_roll_link,-0.033338098617066186,0.033338098617066186,self-collision,False,False
14,left_hip_yaw_link,largebox,left_hip_yaw_link,largebox_link,-0.0012634383220410106,0.0012634383220410106,other-body-box,False,True
15,pelvis_contour_link,right_hip_roll_link,pelvis_contour_link,right_hip_roll_link,-0.004482102733534846,0.004482102733534846,self-collision,False,False
15,right_rubber_hand_link,largebox,right_rubber_hand_link,largebox_link,-0.00027566890394509214,0.00027566890394509214,hand-box,True,False
15,left_ankle_intermediate_1_link,left_ankle_roll_link,left_ankle_intermediate_1_link,left_ankle_roll_link,-0.0027186439734603607,0.0027186439734603607,self-collision,False,False
15,ground,right_ankle_roll_link,world,right_ankle_roll_link,-0.0012498244901483803,0.0012498244901483803,foot-ground,True,False
15,ground,right_ankle_roll_sphere_3_link,world,right_ankle_roll_sphere_3_link,-0.000789288834847887,0.000789288834847887,foot-ground,True,False
15,pelvis_contour_link,left_hip_roll_link,pelvis_contour_link,left_hip_roll_link,-0.008514115087224411,0.008514115087224411,self-collision,False,False
15,ground,largebox,world,largebox_link,-0.002990893649162163,0.002990893649162163,object-ground,True,False
15,right_knee_link,right_ankle_roll_link,right_knee_link,right_ankle_roll_link,-0.03910420764942199,0.03910420764942199,self-collision,False,False
15,ground,left_ankle_roll_link,world,left_ankle_roll_link,-0.0009995222842600487,0.0009995222842600487,foot-ground,True,False
15,left_knee_link,left_ankle_roll_link,left_knee_link,left_ankle_roll_link,-0.03374024393150998,0.03374024393150998,self-collision,False,False
15,left_hip_yaw_link,largebox,left_hip_yaw_link,largebox_link,-0.0011243719417362852,0.0011243719417362852,other-body-box,False,True
16,pelvis_contour_link,right_hip_roll_link,pelvis_contour_link,right_hip_roll_link,-0.005034369697539315,0.005034369697539315,self-collision,False,False
16,right_rubber_hand_link,largebox,right_rubber_hand_link,largebox_link,-0.0009442083756695391,0.0009442083756695391,hand-box,True,False
16,right_hip_yaw_link,largebox,right_hip_yaw_link,largebox_link,-0.001698123124608028,0.001698123124608028,other-body-box,False,True
16,left_shoulder_yaw_link,largebox,left_shoulder_yaw_link,largebox_link,-0.0009308584558018612,0.0009308584558018612,other-body-box,False,True
16,ground,right_ankle_roll_link,world,right_ankle_roll_link,-0.0010602993659791608,0.0010602993659791608,foot-ground,True,False
16,ground,right_ankle_roll_sphere_3_link,world,right_ankle_roll_sphere_3_link,-0.0005846513166618229,0.0005846513166618229,foot-ground,True,False
16,pelvis_contour_link,left_hip_roll_link,pelvis_contour_link,left_hip_roll_link,-0.009480499572956172,0.009480499572956172,self-collision,False,False
16,ground,largebox,world,largebox_link,-0.002996716034210256,0.002996716034210256,object-ground,True,False
16,right_knee_link,right_ankle_roll_link,right_knee_link,right_ankle_roll_link,-0.03955477408960312,0.03955477408960312,self-collision,False,False
16,ground,right_rubber_hand_link,world,right_rubber_hand_link,-0.0009814203528386578,0.0009814203528386578,robot-ground-excluding-foot,False,True
16,ground,left_ankle_roll_link,world,left_ankle_roll_link,-0.000998803914937535,0.000998803914937535,foot-ground,True,False
16,left_knee_link,left_ankle_roll_link,left_knee_link,left_ankle_roll_link,-0.034259158546638246,0.034259158546638246,self-collision,False,False
16,left_hip_yaw_link,largebox,left_hip_yaw_link,largebox_link,-0.001027973458441564,0.001027973458441564,other-body-box,False,True
17,pelvis_contour_link,right_hip_roll_link,pelvis_contour_link,right_hip_roll_link,-0.004549547750967067,0.004549547750967067,self-collision,False,False
17,right_rubber_hand_link,largebox,right_rubber_hand_link,largebox_link,-0.0010099313872059673,0.0010099313872059673,hand-box,True,False
17,right_hip_yaw_link,largebox,right_hip_yaw_link,largebox_link,-0.0011772639658210599,0.0011772639658210599,other-body-box,False,True
17,left_shoulder_yaw_link,largebox,left_shoulder_yaw_link,largebox_link,-0.0009744222534467523,0.0009744222534467523,other-body-box,False,True
17,ground,right_ankle_roll_link,world,right_ankle_roll_link,-0.0009976389791902865,0.0009976389791902865,foot-ground,True,False
17,ground,right_ankle_roll_sphere_3_link,world,right_ankle_roll_sphere_3_link,-0.0005148856802494771,0.0005148856802494771,foot-ground,True,False
17,pelvis_contour_link,left_hip_roll_link,pelvis_contour_link,left_hip_roll_link,-0.0082050003842601,0.0082050003842601,self-collision,False,False
17,ground,largebox,world,largebox_link,-0.0030182819769577485,0.0030182819769577485,object-ground,True,False
17,right_knee_link,right_ankle_roll_link,right_knee_link,right_ankle_roll_link,-0.03923726448386666,0.03923726448386666,self-collision,False,False
17,ground,right_rubber_hand_link,world,right_rubber_hand_link,-0.00099955273752797,0.00099955273752797,robot-ground-excluding-foot,False,True
17,ground,left_ankle_roll_link,world,left_ankle_roll_link,-0.000999131332258263,0.000999131332258263,foot-ground,True,False
17,left_knee_link,left_ankle_roll_link,left_knee_link,left_ankle_roll_link,-0.03459308691062696,0.03459308691062696,self-collision,False,False
17,left_hip_yaw_link,largebox,left_hip_yaw_link,largebox_link,-0.001010197017084713,0.001010197017084713,other-body-box,False,True
18,pelvis_contour_link,right_hip_roll_link,pelvis_contour_link,right_hip_roll_link,-0.0050999866979900554,0.0050999866979900554,self-collision,False,False
18,right_rubber_hand_link,largebox,right_rubber_hand_link,largebox_link,-0.001025978980635306,0.001025978980635306,hand-box,True,False
18,right_hip_yaw_link,largebox,right_hip_yaw_link,largebox_link,-0.0009863266627432726,0.0009863266627432726,other-body-box,False,True
18,left_shoulder_yaw_link,largebox,left_shoulder_yaw_link,largebox_link,-0.001321118474280611,0.001321118474280611,other-body-box,False,True
18,ground,right_ankle_roll_link,world,right_ankle_roll_link,-0.000997452409771435,0.000997452409771435,foot-ground,True,False
18,ground,right_ankle_roll_sphere_3_link,world,right_ankle_roll_sphere_3_link,-0.0005392136214877217,0.0005392136214877217,foot-ground,True,False
18,pelvis_contour_link,left_hip_roll_link,pelvis_contour_link,left_hip_roll_link,-0.008163168535866475,0.008163168535866475,self-collision,False,False
18,ground,largebox,world,largebox_link,-0.003035532063797697,0.003035532063797697,object-ground,True,False
18,right_knee_link,right_ankle_roll_link,right_knee_link,right_ankle_roll_link,-0.03880554348764326,0.03880554348764326,self-collision,False,False
18,ground,right_rubber_hand_link,world,right_rubber_hand_link,-0.0010009779202405228,0.0010009779202405228,robot-ground-excluding-foot,False,True
18,ground,left_ankle_roll_link,world,left_ankle_roll_link,-0.0009961079772694628,0.0009961079772694628,foot-ground,True,False
18,left_knee_link,left_ankle_roll_link,left_knee_link,left_ankle_roll_link,-0.0348358579993891,0.0348358579993891,self-collision,False,False
18,left_rubber_hand_link,largebox,left_rubber_hand_link,largebox_link,-0.00020290971059142016,0.00020290971059142016,hand-box,True,False
18,left_hip_yaw_link,largebox,left_hip_yaw_link,largebox_link,-0.0011135165344706294,0.0011135165344706294,other-body-box,False,True
19,pelvis_contour_link,right_hip_roll_link,pelvis_contour_link,right_hip_roll_link,-0.0056583341029252665,0.0056583341029252665,self-collision,False,False
19,right_rubber_hand_link,largebox,right_rubber_hand_link,largebox_link,-0.0010250563632436677,0.0010250563632436677,hand-box,True,False
19,right_hip_yaw_link,largebox,right_hip_yaw_link,largebox_link,-0.000959747242115061,0.000959747242115061,other-body-box,False,True
19,left_shoulder_yaw_link,largebox,left_shoulder_yaw_link,largebox_link,-0.0008279923049753224,0.0008279923049753224,other-body-box,False,True
19,ground,right_ankle_roll_link,world,right_ankle_roll_link,-0.0010030092251629326,0.0010030092251629326,foot-ground,True,False
19,ground,right_ankle_roll_sphere_3_link,world,right_ankle_roll_sphere_3_link,-0.000566493936564885,0.000566493936564885,foot-ground,True,False
19,pelvis_contour_link,left_hip_roll_link,pelvis_contour_link,left_hip_roll_link,-0.007886333394063832,0.007886333394063832,self-collision,False,False
19,ground,largebox,world,largebox_link,-0.0029856556847730753,0.0029856556847730753,object-ground,True,False
19,right_knee_link,right_ankle_roll_link,right_knee_link,right_ankle_roll_link,-0.03833920029352725,0.03833920029352725,self-collision,False,False
19,ground,right_rubber_hand_link,world,right_rubber_hand_link,-0.0009997064480574275,0.0009997064480574275,robot-ground-excluding-foot,False,True
19,ground,left_ankle_roll_link,world,left_ankle_roll_link,-0.000994748217781706,0.000994748217781706,foot-ground,True,False
19,left_knee_link,left_ankle_roll_link,left_knee_link,left_ankle_roll_link,-0.035035452948580154,0.035035452948580154,self-collision,False,False
19,left_rubber_hand_link,largebox,left_rubber_hand_link,largebox_link,-0.0004974789010585567,0.0004974789010585567,hand-box,True,False
19,left_hip_yaw_link,largebox,left_hip_yaw_link,largebox_link,-0.0010819165646006879,0.0010819165646006879,other-body-box,False,True
20,pelvis_contour_link,right_hip_roll_link,pelvis_contour_link,right_hip_roll_link,-0.005947151249537541,0.005947151249537541,self-collision,False,False
20,right_rubber_hand_link,largebox,right_rubber_hand_link,largebox_link,-0.0010164283536014396,0.0010164283536014396,hand-box,True,False
20,right_hip_yaw_link,largebox,right_hip_yaw_link,largebox_link,-0.001009772226660724,0.001009772226660724,other-body-box,False,True
20,left_shoulder_yaw_link,largebox,left_shoulder_yaw_link,largebox_link,-0.0010710339646362033,0.0010710339646362033,other-body-box,False,True
20,ground,right_ankle_roll_link,world,right_ankle_roll_link,-0.0009989416492221098,0.0009989416492221098,foot-ground,True,False
20,ground,right_ankle_roll_sphere_3_link,world,right_ankle_roll_sphere_3_link,-0.0005581943977558982,0.0005581943977558982,foot-ground,True,False
20,pelvis_contour_link,left_hip_roll_link,pelvis_contour_link,left_hip_roll_link,-0.007862113891439038,0.007862113891439038,self-collision,False,False
20,ground,largebox,world,largebox_link,-0.0029824674316329125,0.0029824674316329125,object-ground,True,False
20,right_knee_link,right_ankle_roll_link,right_knee_link,right_ankle_roll_link,-0.03815884930642205,0.03815884930642205,self-collision,False,False
20,ground,left_rubber_hand_link,world,left_rubber_hand_link,-0.0009822323603730226,0.0009822323603730226,robot-ground-excluding-foot,False,True
20,ground,right_rubber_hand_link,world,right_rubber_hand_link,-0.0009982788244593671,0.0009982788244593671,robot-ground-excluding-foot,False,True
20,ground,left_ankle_roll_link,world,left_ankle_roll_link,-0.0009977753590954541,0.0009977753590954541,foot-ground,True,False
20,left_knee_link,left_ankle_roll_link,left_knee_link,left_ankle_roll_link,-0.03508763283292557,0.03508763283292557,self-collision,False,False
20,left_rubber_hand_link,largebox,left_rubber_hand_link,largebox_link,-0.0004817546710337989,0.0004817546710337989,hand-box,True,False
20,left_hip_yaw_link,largebox,left_hip_yaw_link,largebox_link,-0.0011415760982982637,0.0011415760982982637,other-body-box,False,True
21,pelvis_contour_link,right_hip_roll_link,pelvis_contour_link,right_hip_roll_link,-0.006326233991539754,0.006326233991539754,self-collision,False,False
21,right_rubber_hand_link,largebox,right_rubber_hand_link,largebox_link,-0.0009880064287485363,0.0009880064287485363,hand-box,True,False
21,right_hip_yaw_link,largebox,right_hip_yaw_link,largebox_link,-0.000992187807147521,0.000992187807147521,other-body-box,False,True
21,left_shoulder_yaw_link,largebox,left_shoulder_yaw_link,largebox_link,-0.0010580767636830246,0.0010580767636830246,other-body-box,False,True
21,ground,right_ankle_roll_link,world,right_ankle_roll_link,-0.0009995422082341027,0.0009995422082341027,foot-ground,True,False
21,ground,right_ankle_roll_sphere_3_link,world,right_ankle_roll_sphere_3_link,-0.0005571212208844529,0.0005571212208844529,foot-ground,True,False
21,pelvis_contour_link,left_hip_roll_link,pelvis_contour_link,left_hip_roll_link,-0.00796941142058663,0.00796941142058663,self-collision,False,False
21,ground,largebox,world,largebox_link,-0.0029389578279449546,0.0029389578279449546,object-ground,True,False
21,right_knee_link,right_ankle_roll_link,right_knee_link,right_ankle_roll_link,-0.03810614200866114,0.03810614200866114,self-collision,False,False
21,ground,left_rubber_hand_link,world,left_rubber_hand_link,-0.0009979064383219133,0.0009979064383219133,robot-ground-excluding-foot,False,True
21,ground,right_rubber_hand_link,world,right_rubber_hand_link,-0.00099969643956406,0.00099969643956406,robot-ground-excluding-foot,False,True
21,ground,left_ankle_roll_link,world,left_ankle_roll_link,-0.0009974926588435656,0.0009974926588435656,foot-ground,True,False
21,left_knee_link,left_ankle_roll_link,left_knee_link,left_ankle_roll_link,-0.03500480739912323,0.03500480739912323,self-collision,False,False
21,left_rubber_hand_link,largebox,left_rubber_hand_link,largebox_link,-0.0009035212687951294,0.0009035212687951294,hand-box,True,False
21,left_hip_yaw_link,largebox,left_hip_yaw_link,largebox_link,-0.0010995269907938948,0.0010995269907938948,other-body-box,False,True
22,pelvis_contour_link,right_hip_roll_link,pelvis_contour_link,right_hip_roll_link,-0.006505237766505606,0.006505237766505606,self-collision,False,False
22,right_rubber_hand_link,largebox,right_rubber_hand_link,largebox_link,-0.000980306948998158,0.000980306948998158,hand-box,True,False
22,right_hip_yaw_link,largebox,right_hip_yaw_link,largebox_link,-0.0008903497724577908,0.0008903497724577908,other-body-box,False,True
22,left_shoulder_yaw_link,largebox,left_shoulder_yaw_link,largebox_link,-0.0006070762520662132,0.0006070762520662132,other-body-box,False,True
22,ground,right_ankle_roll_link,world,right_ankle_roll_link,-0.0009988855721290366,0.0009988855721290366,foot-ground,True,False
22,ground,right_ankle_roll_sphere_3_link,world,right_ankle_roll_sphere_3_link,-0.0005680792786736484,0.0005680792786736484,foot-ground,True,False
22,pelvis_contour_link,left_hip_roll_link,pelvis_contour_link,left_hip_roll_link,-0.00741141838205385,0.00741141838205385,self-collision,False,False
22,ground,largebox,world,largebox_link,-0.0029502151468231153,0.0029502151468231153,object-ground,True,False
22,right_knee_link,right_ankle_roll_link,right_knee_link,right_ankle_roll_link,-0.0380852441230311,0.0380852441230311,self-collision,False,False
22,ground,left_rubber_hand_link,world,left_rubber_hand_link,-0.000996622911277431,0.000996622911277431,robot-ground-excluding-foot,False,True
22,ground,right_rubber_hand_link,world,right_rubber_hand_link,-0.0009972887339154968,0.0009972887339154968,robot-ground-excluding-foot,False,True
22,ground,left_ankle_roll_link,world,left_ankle_roll_link,-0.0009933606017899776,0.0009933606017899776,foot-ground,True,False
22,left_knee_link,left_ankle_roll_link,left_knee_link,left_ankle_roll_link,-0.0346382120603444,0.0346382120603444,self-collision,False,False
22,left_rubber_hand_link,largebox,left_rubber_hand_link,largebox_link,-0.0009428979907314117,0.0009428979907314117,hand-box,True,False
22,left_hip_yaw_link,largebox,left_hip_yaw_link,largebox_link,-0.0018548473147301375,0.0018548473147301375,other-body-box,False,True
23,pelvis_contour_link,right_hip_roll_link,pelvis_contour_link,right_hip_roll_link,-0.006524075398381526,0.006524075398381526,self-collision,False,False
23,right_rubber_hand_link,largebox,right_rubber_hand_link,largebox_link,-0.0010104995967977898,0.0010104995967977898,hand-box,True,False
23,right_hip_yaw_link,largebox,right_hip_yaw_link,largebox_link,-0.0010175882242605266,0.0010175882242605266,other-body-box,False,True
23,left_shoulder_yaw_link,largebox,left_shoulder_yaw_link,largebox_link,-0.0008822419809445398,0.0008822419809445398,other-body-box,False,True
23,ground,right_ankle_roll_link,world,right_ankle_roll_link,-0.0009999578428132316,0.0009999578428132316,foot-ground,True,False
23,ground,right_ankle_roll_sphere_3_link,world,right_ankle_roll_sphere_3_link,-0.0005759905279718895,0.0005759905279718895,foot-ground,True,False
23,pelvis_contour_link,left_hip_roll_link,pelvis_contour_link,left_hip_roll_link,-0.00709037372831349,0.00709037372831349,self-collision,False,False
23,ground,largebox,world,largebox_link,-0.003077930906285109,0.003077930906285109,object-ground,True,False
23,right_knee_link,right_ankle_roll_link,right_knee_link,right_ankle_roll_link,-0.0382539994690948,0.0382539994690948,self-collision,False,False
23,ground,left_rubber_hand_link,world,left_rubber_hand_link,-0.0009986971609675793,0.0009986971609675793,robot-ground-excluding-foot,False,True
23,ground,right_rubber_hand_link,world,right_rubber_hand_link,-0.0010000061052335557,0.0010000061052335557,robot-ground-excluding-foot,False,True
23,ground,left_ankle_roll_link,world,left_ankle_roll_link,-0.001000062534359622,0.001000062534359622,foot-ground,True,False
23,left_knee_link,left_ankle_roll_link,left_knee_link,left_ankle_roll_link,-0.03430113727413528,0.03430113727413528,self-collision,False,False
23,left_rubber_hand_link,largebox,left_rubber_hand_link,largebox_link,-0.0009629536326488108,0.0009629536326488108,hand-box,True,False
23,left_hip_yaw_link,largebox,left_hip_yaw_link,largebox_link,-0.0010748160001439189,0.0010748160001439189,other-body-box,False,True
24,pelvis_contour_link,right_hip_roll_link,pelvis_contour_link,right_hip_roll_link,-0.005631765509116232,0.005631765509116232,self-collision,False,False
24,right_rubber_hand_link,largebox,right_rubber_hand_link,largebox_link,-0.0010190009534597616,0.0010190009534597616,hand-box,True,False
24,right_hip_yaw_link,largebox,right_hip_yaw_link,largebox_link,-0.0009886387369535121,0.0009886387369535121,other-body-box,False,True
24,left_shoulder_yaw_link,largebox,left_shoulder_yaw_link,largebox_link,-0.000989572323779539,0.000989572323779539,other-body-box,False,True
24,ground,right_ankle_roll_link,world,right_ankle_roll_link,-0.0010103008773375416,0.0010103008773375416,foot-ground,True,False
24,ground,right_ankle_roll_sphere_3_link,world,right_ankle_roll_sphere_3_link,-0.0005898990171053385,0.0005898990171053385,foot-ground,True,False
24,pelvis_contour_link,left_hip_roll_link,pelvis_contour_link,left_hip_roll_link,-0.006846471309929658,0.006846471309929658,self-collision,False,False
24,ground,largebox,world,largebox_link,-0.003059761113823445,0.003059761113823445,object-ground,True,False
24,right_knee_link,right_ankle_roll_link,right_knee_link,right_ankle_roll_link,-0.038239635154061036,0.038239635154061036,self-collision,False,False
24,ground,left_rubber_hand_link,world,left_rubber_hand_link,-0.0009973016321543349,0.0009973016321543349,robot-ground-excluding-foot,False,True
24,ground,right_rubber_hand_link,world,right_rubber_hand_link,-0.000999944643355108,0.000999944643355108,robot-ground-excluding-foot,False,True
24,ground,left_ankle_roll_link,world,left_ankle_roll_link,-0.0009999522357109908,0.0009999522357109908,foot-ground,True,False
24,left_knee_link,left_ankle_roll_link,left_knee_link,left_ankle_roll_link,-0.03426824575735532,0.03426824575735532,self-collision,False,False
24,left_rubber_hand_link,largebox,left_rubber_hand_link,largebox_link,-0.0009767369883883492,0.0009767369883883492,hand-box,True,False
24,left_hip_yaw_link,largebox,left_hip_yaw_link,largebox_link,-0.0009974804397978598,0.0009974804397978598,other-body-box,False,True
25,pelvis_contour_link,right_hip_roll_link,pelvis_contour_link,right_hip_roll_link,-0.005911859820567578,0.005911859820567578,self-collision,False,False
25,right_rubber_hand_link,largebox,right_rubber_hand_link,largebox_link,-0.0010480863611917052,0.0010480863611917052,hand-box,True,False
25,right_hip_yaw_link,largebox,right_hip_yaw_link,largebox_link,-0.00106534013498516,0.00106534013498516,other-body-box,False,True
25,left_shoulder_yaw_link,largebox,left_shoulder_yaw_link,largebox_link,-0.0014670860438765893,0.0014670860438765893,other-body-box,False,True
25,ground,right_ankle_roll_link,world,right_ankle_roll_link,-0.0010221007984890784,0.0010221007984890784,foot-ground,True,False
25,ground,right_ankle_roll_sphere_3_link,world,right_ankle_roll_sphere_3_link,-0.0006026913544309826,0.0006026913544309826,foot-ground,True,False
25,pelvis_contour_link,left_hip_roll_link,pelvis_contour_link,left_hip_roll_link,-0.00640214717445442,0.00640214717445442,self-collision,False,False
25,ground,largebox,world,largebox_link,-0.00284940048380658,0.00284940048380658,object-ground,True,False
25,right_knee_link,right_ankle_roll_link,right_knee_link,right_ankle_roll_link,-0.03819205700040665,0.03819205700040665,self-collision,False,False
25,ground,left_rubber_hand_link,world,left_rubber_hand_link,-0.00098373409972409,0.00098373409972409,robot-ground-excluding-foot,False,True
25,ground,right_rubber_hand_link,world,right_rubber_hand_link,-0.00099457155428892,0.00099457155428892,robot-ground-excluding-foot,False,True
25,ground,left_ankle_roll_link,world,left_ankle_roll_link,-0.0009959089976753419,0.0009959089976753419,foot-ground,True,False
25,left_knee_link,left_ankle_roll_link,left_knee_link,left_ankle_roll_link,-0.034026359013130975,0.034026359013130975,self-collision,False,False
25,left_rubber_hand_link,largebox,left_rubber_hand_link,largebox_link,-0.0006589527877507717,0.0006589527877507717,hand-box,True,False
25,left_hip_yaw_link,largebox,left_hip_yaw_link,largebox_link,-0.0010227036542605206,0.0010227036542605206,other-body-box,False,True
26,pelvis_contour_link,right_hip_roll_link,pelvis_contour_link,right_hip_roll_link,-0.00611222315040362,0.00611222315040362,self-collision,False,False
26,right_rubber_hand_link,largebox,right_rubber_hand_link,largebox_link,-0.0010086159703775743,0.0010086159703775743,hand-box,True,False
26,left_ankle_intermediate_1_link,left_ankle_roll_link,left_ankle_intermediate_1_link,left_ankle_roll_link,-0.0029785420022660353,0.0029785420022660353,self-collision,False,False
26,right_hip_yaw_link,largebox,right_hip_yaw_link,largebox_link,-0.0010103155016017856,0.0010103155016017856,other-body-box,False,True
26,left_shoulder_yaw_link,largebox,left_shoulder_yaw_link,largebox_link,-0.0009978440033472369,0.0009978440033472369,other-body-box,False,True
26,ground,right_ankle_roll_link,world,right_ankle_roll_link,-0.0009996406786005607,0.0009996406786005607,foot-ground,True,False
26,ground,right_ankle_roll_sphere_3_link,world,right_ankle_roll_sphere_3_link,-0.0005871505293608094,0.0005871505293608094,foot-ground,True,False
26,pelvis_contour_link,left_hip_roll_link,pelvis_contour_link,left_hip_roll_link,-0.0069511025314061975,0.0069511025314061975,self-collision,False,False
26,ground,largebox,world,largebox_link,-0.0011607672289883075,0.0011607672289883075,object-ground,True,False
26,right_knee_link,right_ankle_roll_link,right_knee_link,right_ankle_roll_link,-0.038032932068033876,0.038032932068033876,self-collision,False,False
26,ground,left_rubber_hand_link,world,left_rubber_hand_link,-0.0009996181923769276,0.0009996181923769276,robot-ground-excluding-foot,False,True
26,ground,right_rubber_hand_link,world,right_rubber_hand_link,-0.0009899375870843913,0.0009899375870843913,robot-ground-excluding-foot,False,True
26,ground,left_ankle_roll_link,world,left_ankle_roll_link,-0.0009995798514160492,0.0009995798514160492,foot-ground,True,False
26,left_knee_link,left_ankle_roll_link,left_knee_link,left_ankle_roll_link,-0.03396631448303153,0.03396631448303153,self-collision,False,False
26,left_rubber_hand_link,largebox,left_rubber_hand_link,largebox_link,-0.0010620927939144764,0.0010620927939144764,hand-box,True,False
26,left_hip_yaw_link,largebox,left_hip_yaw_link,largebox_link,-0.001063583998459905,0.001063583998459905,other-body-box,False,True
27,pelvis_contour_link,right_hip_roll_link,pelvis_contour_link,right_hip_roll_link,-0.0061587456669362495,0.0061587456669362495,self-collision,False,False
27,right_rubber_hand_link,largebox,right_rubber_hand_link,largebox_link,-0.0009920184784069502,0.0009920184784069502,hand-box,True,False
27,right_hip_yaw_link,largebox,right_hip_yaw_link,largebox_link,-0.0009926722817544392,0.0009926722817544392,other-body-box,False,True
27,left_shoulder_yaw_link,largebox,left_shoulder_yaw_link,largebox_link,-0.0009069137640539682,0.0009069137640539682,other-body-box,False,True
27,ground,right_ankle_roll_link,world,right_ankle_roll_link,-0.0009985046675286685,0.0009985046675286685,foot-ground,True,False
27,ground,right_ankle_roll_sphere_3_link,world,right_ankle_roll_sphere_3_link,-0.0005990543988821746,0.0005990543988821746,foot-ground,True,False
27,pelvis_contour_link,left_hip_roll_link,pelvis_contour_link,left_hip_roll_link,-0.007015303681807028,0.007015303681807028,self-collision,False,False
27,right_knee_link,right_ankle_roll_link,right_knee_link,right_ankle_roll_link,-0.038051963352161766,0.038051963352161766,self-collision,False,False
27,ground,left_rubber_hand_link,world,left_rubber_hand_link,-0.0009834631360105955,0.0009834631360105955,robot-ground-excluding-foot,False,True
27,ground,right_rubber_hand_link,world,right_rubber_hand_link,-0.0009933783562281195,0.0009933783562281195,robot-ground-excluding-foot,False,True
27,ground,left_ankle_roll_link,world,left_ankle_roll_link,-0.0009973664421217068,0.0009973664421217068,foot-ground,True,False
27,left_knee_link,left_ankle_roll_link,left_knee_link,left_ankle_roll_link,-0.03425867640919564,0.03425867640919564,self-collision,False,False
27,left_rubber_hand_link,largebox,left_rubber_hand_link,largebox_link,-0.0015045536013035404,0.0015045536013035404,hand-box,True,False
27,left_hip_yaw_link,largebox,left_hip_yaw_link,largebox_link,-0.0009545737409651367,0.0009545737409651367,other-body-box,False,True
28,pelvis_contour_link,right_hip_roll_link,pelvis_contour_link,right_hip_roll_link,-0.0061721256670868585,0.0061721256670868585,self-collision,False,False
28,right_rubber_hand_link,largebox,right_rubber_hand_link,largebox_link,-0.001001564844301514,0.001001564844301514,hand-box,True,False
28,right_hip_yaw_link,largebox,right_hip_yaw_link,largebox_link,-0.0009848953722832593,0.0009848953722832593,other-body-box,False,True
28,left_shoulder_yaw_link,largebox,left_shoulder_yaw_link,largebox_link,-0.0009046092171593467,0.0009046092171593467,other-body-box,False,True
28,ground,right_ankle_roll_link,world,right_ankle_roll_link,-0.000999528566651725,0.000999528566651725,foot-ground,True,False
28,ground,right_ankle_roll_sphere_3_link,world,right_ankle_roll_sphere_3_link,-0.0006125019967524138,0.0006125019967524138,foot-ground,True,False
28,pelvis_contour_link,left_hip_roll_link,pelvis_contour_link,left_hip_roll_link,-0.006939171461813984,0.006939171461813984,self-collision,False,False
28,ground,largebox,world,largebox_link,-6.949847258658215e-05,6.949847258658215e-05,object-ground,True,False
28,right_knee_link,right_ankle_roll_link,right_knee_link,right_ankle_roll_link,-0.03801784844729575,0.03801784844729575,self-collision,False,False
28,ground,left_rubber_hand_link,world,left_rubber_hand_link,-0.000998106000147339,0.000998106000147339,robot-ground-excluding-foot,False,True
28,ground,right_rubber_hand_link,world,right_rubber_hand_link,-0.0009958731968784523,0.0009958731968784523,robot-ground-excluding-foot,False,True
28,ground,left_ankle_roll_link,world,left_ankle_roll_link,-0.0009997565771851166,0.0009997565771851166,foot-ground,True,False
28,left_knee_link,left_ankle_roll_link,left_knee_link,left_ankle_roll_link,-0.03436256262007978,0.03436256262007978,self-collision,False,False
28,left_rubber_hand_link,largebox,left_rubber_hand_link,largebox_link,-0.0011898090215814727,0.0011898090215814727,hand-box,True,False
28,left_hip_yaw_link,largebox,left_hip_yaw_link,largebox_link,-0.0010137745749041055,0.0010137745749041055,other-body-box,False,True
29,pelvis_contour_link,right_hip_roll_link,pelvis_contour_link,right_hip_roll_link,-0.006350900608967314,0.006350900608967314,self-collision,False,False
29,right_rubber_hand_link,largebox,right_rubber_hand_link,largebox_link,-0.000976624252042424,0.000976624252042424,hand-box,True,False
29,right_hip_yaw_link,largebox,right_hip_yaw_link,largebox_link,-0.001174783863660031,0.001174783863660031,other-body-box,False,True
29,left_shoulder_yaw_link,largebox,left_shoulder_yaw_link,largebox_link,-0.000738829210291253,0.000738829210291253,other-body-box,False,True
29,ground,right_ankle_roll_link,world,right_ankle_roll_link,-0.0009984210314964923,0.0009984210314964923,foot-ground,True,False
29,ground,right_ankle_roll_sphere_3_link,world,right_ankle_roll_sphere_3_link,-0.0006162588193422162,0.0006162588193422162,foot-ground,True,False
29,pelvis_contour_link,left_hip_roll_link,pelvis_contour_link,left_hip_roll_link,-0.0069624752555276365,0.0069624752555276365,self-collision,False,False
29,right_knee_link,right_ankle_roll_link,right_knee_link,right_ankle_roll_link,-0.03774792045707839,0.03774792045707839,self-collision,False,False
29,ground,left_rubber_hand_link,world,left_rubber_hand_link,-0.000998456363498157,0.000998456363498157,robot-ground-excluding-foot,False,True
29,ground,right_rubber_hand_link,world,right_rubber_hand_link,-0.0009928729596178354,0.0009928729596178354,robot-ground-excluding-foot,False,True
29,ground,left_ankle_roll_link,world,left_ankle_roll_link,-0.0009983525082813416,0.0009983525082813416,foot-ground,True,False
29,left_knee_link,left_ankle_roll_link,left_knee_link,left_ankle_roll_link,-0.03498386034153664,0.03498386034153664,self-collision,False,False
29,left_rubber_hand_link,largebox,left_rubber_hand_link,largebox_link,-0.0010169287200568478,0.0010169287200568478,hand-box,True,False
29,left_hip_yaw_link,largebox,left_hip_yaw_link,largebox_link,-0.0009294096284495623,0.0009294096284495623,other-body-box,False,True
30,pelvis_contour_link,right_hip_roll_link,pelvis_contour_link,right_hip_roll_link,-0.006371473083379611,0.006371473083379611,self-collision,False,False
30,right_rubber_hand_link,largebox,right_rubber_hand_link,largebox_link,-0.0009846902000115176,0.0009846902000115176,hand-box,True,False
30,right_hip_yaw_link,largebox,right_hip_yaw_link,largebox_link,-0.0008499809396070312,0.0008499809396070312,other-body-box,False,True
30,left_shoulder_yaw_link,largebox,left_shoulder_yaw_link,largebox_link,-0.0007789578623579735,0.0007789578623579735,other-body-box,False,True
30,ground,right_ankle_roll_link,world,right_ankle_roll_link,-0.0009989420603098986,0.0009989420603098986,foot-ground,True,False
30,ground,right_ankle_roll_sphere_3_link,world,right_ankle_roll_sphere_3_link,-0.0005909178018672105,0.0005909178018672105,foot-ground,True,False
30,pelvis_contour_link,left_hip_roll_link,pelvis_contour_link,left_hip_roll_link,-0.006955207473178945,0.006955207473178945,self-collision,False,False
30,right_knee_link,right_ankle_roll_link,right_knee_link,right_ankle_roll_link,-0.038022694032971815,0.038022694032971815,self-collision,False,False
30,ground,left_rubber_hand_link,world,left_rubber_hand_link,-0.0009922016701289366,0.0009922016701289366,robot-ground-excluding-foot,False,True
30,ground,right_rubber_hand_link,world,right_rubber_hand_link,-0.000995239871584036,0.000995239871584036,robot-ground-excluding-foot,False,True
30,ground,left_ankle_roll_link,world,left_ankle_roll_link,-0.000999039041932534,0.000999039041932534,foot-ground,True,False
30,left_knee_link,left_ankle_roll_link,left_knee_link,left_ankle_roll_link,-0.03547935446490097,0.03547935446490097,self-collision,False,False
30,left_rubber_hand_link,largebox,left_rubber_hand_link,largebox_link,-0.00034426504089914156,0.00034426504089914156,hand-box,True,False
30,left_hip_yaw_link,largebox,left_hip_yaw_link,largebox_link,-0.0008172736023638605,0.0008172736023638605,other-body-box,False,True
31,pelvis_contour_link,right_hip_roll_link,pelvis_contour_link,right_hip_roll_link,-0.006380524371911153,0.006380524371911153,self-collision,False,False
31,right_hip_yaw_link,largebox,right_hip_yaw_link,largebox_link,-0.0014050961264712863,0.0014050961264712863,other-body-box,False,True
31,left_shoulder_yaw_link,largebox,left_shoulder_yaw_link,largebox_link,-0.0008553000848192105,0.0008553000848192105,other-body-box,False,True
31,ground,right_ankle_roll_link,world,right_ankle_roll_link,-0.001011226131773263,0.001011226131773263,foot-ground,True,False
31,ground,right_ankle_roll_sphere_3_link,world,right_ankle_roll_sphere_3_link,-0.0006009929432418916,0.0006009929432418916,foot-ground,True,False
31,pelvis_contour_link,left_hip_roll_link,pelvis_contour_link,left_hip_roll_link,-0.006870091055808297,0.006870091055808297,self-collision,False,False
31,right_knee_link,right_ankle_roll_link,right_knee_link,right_ankle_roll_link,-0.03803881015389071,0.03803881015389071,self-collision,False,False
31,ground,left_rubber_hand_link,world,left_rubber_hand_link,-0.0009984522265571033,0.0009984522265571033,robot-ground-excluding-foot,False,True
31,ground,right_rubber_hand_link,world,right_rubber_hand_link,-0.0009791493724719547,0.0009791493724719547,robot-ground-excluding-foot,False,True
31,ground,left_ankle_roll_link,world,left_ankle_roll_link,-0.0009982790879995984,0.0009982790879995984,foot-ground,True,False
31,left_knee_link,left_ankle_roll_link,left_knee_link,left_ankle_roll_link,-0.0373959206118773,0.0373959206118773,self-collision,False,False
31,left_rubber_hand_link,largebox,left_rubber_hand_link,largebox_link,-0.0008801630611234845,0.0008801630611234845,hand-box,True,False
31,left_hip_yaw_link,largebox,left_hip_yaw_link,largebox_link,-0.0009497575978277412,0.0009497575978277412,other-body-box,False,True
32,pelvis_contour_link,right_hip_roll_link,pelvis_contour_link,right_hip_roll_link,-0.006165223311740839,0.006165223311740839,self-collision,False,False
32,right_rubber_hand_link,largebox,right_rubber_hand_link,largebox_link,-0.0009634269201419104,0.0009634269201419104,hand-box,True,False
32,right_hip_yaw_link,largebox,right_hip_yaw_link,largebox_link,-0.0014719411860165121,0.0014719411860165121,other-body-box,False,True
32,left_shoulder_yaw_link,largebox,left_shoulder_yaw_link,largebox_link,-0.0012220249377275227,0.0012220249377275227,other-body-box,False,True
32,ground,right_ankle_roll_link,world,right_ankle_roll_link,-0.0010047088475353613,0.0010047088475353613,foot-ground,True,False
32,ground,right_ankle_roll_sphere_3_link,world,right_ankle_roll_sphere_3_link,-0.0005920620163207017,0.0005920620163207017,foot-ground,True,False
32,pelvis_contour_link,left_hip_roll_link,pelvis_contour_link,left_hip_roll_link,-0.006242133049778276,0.006242133049778276,self-collision,False,False
32,right_knee_link,right_ankle_roll_link,right_knee_link,right_ankle_roll_link,-0.03867505210811323,0.03867505210811323,self-collision,False,False
32,ground,left_rubber_hand_link,world,left_rubber_hand_link,-0.000999720435748766,0.000999720435748766,robot-ground-excluding-foot,False,True
32,ground,right_rubber_hand_link,world,right_rubber_hand_link,-0.0009927898642170668,0.0009927898642170668,robot-ground-excluding-foot,False,True
32,ground,left_ankle_roll_link,world,left_ankle_roll_link,-0.0009964848856939754,0.0009964848856939754,foot-ground,True,False
32,left_knee_link,left_ankle_roll_link,left_knee_link,left_ankle_roll_link,-0.038588854828749686,0.038588854828749686,self-collision,False,False
32,left_rubber_hand_link,largebox,left_rubber_hand_link,largebox_link,-0.0009259964279674099,0.0009259964279674099,hand-box,True,False
32,left_hip_yaw_link,largebox,left_hip_yaw_link,largebox_link,-0.001078246722421905,0.001078246722421905,other-body-box,False,True
32,ground,left_ankle_roll_sphere_4_link,world,left_ankle_roll_sphere_4_link,-0.00018809698692461973,0.00018809698692461973,foot-ground,True,False
33,pelvis_contour_link,right_hip_roll_link,pelvis_contour_link,right_hip_roll_link,-0.006978915933908272,0.006978915933908272,self-collision,False,False
33,right_rubber_hand_link,largebox,right_rubber_hand_link,largebox_link,-0.0007689192078597085,0.0007689192078597085,hand-box,True,False
33,left_shoulder_yaw_link,largebox,left_shoulder_yaw_link,largebox_link,-0.00035678582889292487,0.00035678582889292487,other-body-box,False,True
33,ground,right_ankle_roll_link,world,right_ankle_roll_link,-0.0009985424248246666,0.0009985424248246666,foot-ground,True,False
33,ground,right_ankle_roll_sphere_3_link,world,right_ankle_roll_sphere_3_link,-0.0005400817144656329,0.0005400817144656329,foot-ground,True,False
33,pelvis_contour_link,left_hip_roll_link,pelvis_contour_link,left_hip_roll_link,-0.007621115016712435,0.007621115016712435,self-collision,False,False
33,right_knee_link,right_ankle_roll_link,right_knee_link,right_ankle_roll_link,-0.03949646555936068,0.03949646555936068,self-collision,False,False
33,ground,left_rubber_hand_link,world,left_rubber_hand_link,-0.0009994745013842815,0.0009994745013842815,robot-ground-excluding-foot,False,True
33,ground,right_rubber_hand_link,world,right_rubber_hand_link,-0.0009982280349438988,0.0009982280349438988,robot-ground-excluding-foot,False,True
33,ground,left_ankle_roll_link,world,left_ankle_roll_link,-0.0010027990765761885,0.0010027990765761885,foot-ground,True,False
33,left_knee_link,left_ankle_roll_link,left_knee_link,left_ankle_roll_link,-0.04050114225860493,0.04050114225860493,self-collision,False,False
33,left_rubber_hand_link,largebox,left_rubber_hand_link,largebox_link,-0.0010143495632737032,0.0010143495632737032,hand-box,True,False
33,ground,left_ankle_roll_sphere_4_link,world,left_ankle_roll_sphere_4_link,-0.0005272451128610521,0.0005272451128610521,foot-ground,True,False
34,pelvis_contour_link,right_hip_roll_link,pelvis_contour_link,right_hip_roll_link,-0.007058943426344486,0.007058943426344486,self-collision,False,False
34,right_rubber_hand_link,largebox,right_rubber_hand_link,largebox_link,-0.0008915441299637422,0.0008915441299637422,hand-box,True,False
34,ground,right_ankle_roll_link,world,right_ankle_roll_link,-0.0010047285070735532,0.0010047285070735532,foot-ground,True,False
34,ground,right_ankle_roll_sphere_3_link,world,right_ankle_roll_sphere_3_link,-0.00031769022604293245,0.00031769022604293245,foot-ground,True,False
34,pelvis_contour_link,left_hip_roll_link,pelvis_contour_link,left_hip_roll_link,-0.00758388612294339,0.00758388612294339,self-collision,False,False
34,right_knee_link,right_ankle_roll_link,right_knee_link,right_ankle_roll_link,-0.03949529628701878,0.03949529628701878,self-collision,False,False
34,ground,left_ankle_roll_link,world,left_ankle_roll_link,-0.00133562904084851,0.00133562904084851,foot-ground,True,False
34,left_knee_link,left_ankle_roll_link,left_knee_link,left_ankle_roll_link,-0.04054990395841479,0.04054990395841479,self-collision,False,False
34,left_rubber_hand_link,largebox,left_rubber_hand_link,largebox_link,-0.0011797290013372957,0.0011797290013372957,hand-box,True,False
34,ground,left_ankle_roll_sphere_4_link,world,left_ankle_roll_sphere_4_link,-0.0008919279958166269,0.0008919279958166269,foot-ground,True,False
35,pelvis_contour_link,right_hip_roll_link,pelvis_contour_link,right_hip_roll_link,-0.006584052933107709,0.006584052933107709,self-collision,False,False
35,right_rubber_hand_link,largebox,right_rubber_hand_link,largebox_link,-0.0036219244258699212,0.0036219244258699212,hand-box,True,False
35,ground,right_ankle_roll_link,world,right_ankle_roll_link,-0.0010592461051185942,0.0010592461051185942,foot-ground,True,False
35,ground,right_ankle_roll_sphere_3_link,world,right_ankle_roll_sphere_3_link,-0.0002161424099567195,0.0002161424099567195,foot-ground,True,False
35,pelvis_contour_link,left_hip_roll_link,pelvis_contour_link,left_hip_roll_link,-0.006748236891964743,0.006748236891964743,self-collision,False,False
35,right_knee_link,right_ankle_roll_link,right_knee_link,right_ankle_roll_link,-0.03878511577193702,0.03878511577193702,self-collision,False,False
35,ground,left_ankle_roll_link,world,left_ankle_roll_link,-0.0014610098617669279,0.0014610098617669279,foot-ground,True,False
35,left_knee_link,left_ankle_roll_link,left_knee_link,left_ankle_roll_link,-0.03976484468852384,0.03976484468852384,self-collision,False,False
35,left_rubber_hand_link,largebox,left_rubber_hand_link,largebox_link,-0.0012178717011200046,0.0012178717011200046,hand-box,True,False
35,ground,left_ankle_roll_sphere_4_link,world,left_ankle_roll_sphere_4_link,-0.0009774801086829292,0.0009774801086829292,foot-ground,True,False
36,pelvis_contour_link,right_hip_roll_link,pelvis_contour_link,right_hip_roll_link,-0.007731922978172601,0.007731922978172601,self-collision,False,False
36,right_rubber_hand_link,largebox,right_rubber_hand_link,largebox_link,-0.003675641310266431,0.003675641310266431,hand-box,True,False
36,left_shoulder_yaw_link,largebox,left_shoulder_yaw_link,largebox_link,-0.0005987184745709917,0.0005987184745709917,other-body-box,False,True
36,ground,right_ankle_roll_link,world,right_ankle_roll_link,-0.0010100039457693957,0.0010100039457693957,foot-ground,True,False
36,ground,right_ankle_roll_sphere_3_link,world,right_ankle_roll_sphere_3_link,-7.220716712761071e-05,7.220716712761071e-05,foot-ground,True,False
36,pelvis_contour_link,left_hip_roll_link,pelvis_contour_link,left_hip_roll_link,-0.008322233097597345,0.008322233097597345,self-collision,False,False
36,right_knee_link,right_ankle_roll_link,right_knee_link,right_ankle_roll_link,-0.037604997551759334,0.037604997551759334,self-collision,False,False
36,ground,left_ankle_roll_link,world,left_ankle_roll_link,-0.001615083088164309,0.001615083088164309,foot-ground,True,False
36,left_knee_link,left_ankle_roll_link,left_knee_link,left_ankle_roll_link,-0.0387818065923454,0.0387818065923454,self-collision,False,False
36,left_rubber_hand_link,largebox,left_rubber_hand_link,largebox_link,-0.0011661652339764045,0.0011661652339764045,hand-box,True,False
36,ground,left_ankle_roll_sphere_4_link,world,left_ankle_roll_sphere_4_link,-0.0009873419205337656,0.0009873419205337656,foot-ground,True,False
37,pelvis_contour_link,right_hip_roll_link,pelvis_contour_link,right_hip_roll_link,-0.008002729884827711,0.008002729884827711,self-collision,False,False
37,right_rubber_hand_link,largebox,right_rubber_hand_link,largebox_link,-0.0032068962253535283,0.0032068962253535283,hand-box,True,False
37,left_shoulder_yaw_link,largebox,left_shoulder_yaw_link,largebox_link,-0.0006652172390312072,0.0006652172390312072,other-body-box,False,True
37,ground,right_ankle_roll_link,world,right_ankle_roll_link,-0.001199352953546149,0.001199352953546149,foot-ground,True,False
37,ground,right_ankle_roll_sphere_3_link,world,right_ankle_roll_sphere_3_link,-0.0003855576795032843,0.0003855576795032843,foot-ground,True,False
37,pelvis_contour_link,left_hip_roll_link,pelvis_contour_link,left_hip_roll_link,-0.006855494524708308,0.006855494524708308,self-collision,False,False
37,right_knee_link,right_ankle_roll_link,right_knee_link,right_ankle_roll_link,-0.03618399405659664,0.03618399405659664,self-collision,False,False
37,ground,left_ankle_roll_link,world,left_ankle_roll_link,-0.0016301571303789335,0.0016301571303789335,foot-ground,True,False
37,left_knee_link,left_ankle_roll_link,left_knee_link,left_ankle_roll_link,-0.03735017191955811,0.03735017191955811,self-collision,False,False
37,left_rubber_hand_link,largebox,left_rubber_hand_link,largebox_link,-0.0011607480182241614,0.0011607480182241614,hand-box,True,False
37,ground,left_ankle_roll_sphere_4_link,world,left_ankle_roll_sphere_4_link,-0.000984759193516714,0.000984759193516714,foot-ground,True,False
38,pelvis_contour_link,right_hip_roll_link,pelvis_contour_link,right_hip_roll_link,-0.007203214886844292,0.007203214886844292,self-collision,False,False
38,right_rubber_hand_link,largebox,right_rubber_hand_link,largebox_link,-0.0025767313200953518,0.0025767313200953518,hand-box,True,False
38,left_shoulder_yaw_link,largebox,left_shoulder_yaw_link,largebox_link,-0.0014465597034775818,0.0014465597034775818,other-body-box,False,True
38,ground,right_ankle_roll_link,world,right_ankle_roll_link,-0.0018730092548165655,0.0018730092548165655,foot-ground,True,False
38,ground,right_ankle_roll_sphere_3_link,world,right_ankle_roll_sphere_3_link,-0.0009689785389201287,0.0009689785389201287,foot-ground,True,False
38,pelvis_contour_link,left_hip_roll_link,pelvis_contour_link,left_hip_roll_link,-0.007684257651243531,0.007684257651243531,self-collision,False,False
38,right_knee_link,right_ankle_roll_link,right_knee_link,right_ankle_roll_link,-0.034935967045573973,0.034935967045573973,self-collision,False,False
38,ground,left_ankle_roll_link,world,left_ankle_roll_link,-0.0014046084518939302,0.0014046084518939302,foot-ground,True,False
38,left_knee_link,left_ankle_roll_link,left_knee_link,left_ankle_roll_link,-0.035580040827165677,0.035580040827165677,self-collision,False,False
38,left_rubber_hand_link,largebox,left_rubber_hand_link,largebox_link,-0.004671153765581915,0.004671153765581915,hand-box,True,False
38,ground,left_ankle_roll_sphere_4_link,world,left_ankle_roll_sphere_4_link,-0.0009476837931890495,0.0009476837931890495,foot-ground,True,False
39,pelvis_contour_link,right_hip_roll_link,pelvis_contour_link,right_hip_roll_link,-0.007243390686750187,0.007243390686750187,self-collision,False,False
39,right_rubber_hand_link,largebox,right_rubber_hand_link,largebox_link,-0.0020570961700139,0.0020570961700139,hand-box,True,False
39,ground,right_ankle_roll_link,world,right_ankle_roll_link,-0.0018217375556004653,0.0018217375556004653,foot-ground,True,False
39,ground,right_ankle_roll_sphere_3_link,world,right_ankle_roll_sphere_3_link,-0.0009596925013127906,0.0009596925013127906,foot-ground,True,False
39,pelvis_contour_link,left_hip_roll_link,pelvis_contour_link,left_hip_roll_link,-0.008108129118558474,0.008108129118558474,self-collision,False,False
39,right_knee_link,right_ankle_roll_link,right_knee_link,right_ankle_roll_link,-0.03332849888071354,0.03332849888071354,self-collision,False,False
39,ground,left_ankle_roll_link,world,left_ankle_roll_link,-0.0014336849898299378,0.0014336849898299378,foot-ground,True,False
39,left_knee_link,left_ankle_roll_link,left_knee_link,left_ankle_roll_link,-0.03396381158496664,0.03396381158496664,self-collision,False,False
39,left_rubber_hand_link,largebox,left_rubber_hand_link,largebox_link,-0.00444154908802899,0.00444154908802899,hand-box,True,False
39,ground,left_ankle_roll_sphere_4_link,world,left_ankle_roll_sphere_4_link,-0.0009806770952226025,0.0009806770952226025,foot-ground,True,False
39,head_link,largebox,torso_link,largebox_link,-0.0005546877187050242,0.0005546877187050242,other-body-box,False,True
40,pelvis_contour_link,right_hip_roll_link,pelvis_contour_link,right_hip_roll_link,-0.0076300688548079365,0.0076300688548079365,self-collision,False,False
40,right_rubber_hand_link,largebox,right_rubber_hand_link,largebox_link,-0.0035435985130749664,0.0035435985130749664,hand-box,True,False
40,left_ankle_intermediate_1_link,left_ankle_roll_link,left_ankle_intermediate_1_link,left_ankle_roll_link,-0.002431967767304574,0.002431967767304574,self-collision,False,False
40,ground,right_ankle_roll_link,world,right_ankle_roll_link,-0.0017708739790558634,0.0017708739790558634,foot-ground,True,False
40,ground,right_ankle_roll_sphere_3_link,world,right_ankle_roll_sphere_3_link,-0.000953601173737678,0.000953601173737678,foot-ground,True,False
40,pelvis_contour_link,left_hip_roll_link,pelvis_contour_link,left_hip_roll_link,-0.006620446300420371,0.006620446300420371,self-collision,False,False
40,right_knee_link,right_ankle_roll_link,right_knee_link,right_ankle_roll_link,-0.031787586723989875,0.031787586723989875,self-collision,False,False
40,right_ankle_intermediate_1_link,right_ankle_roll_link,right_ankle_intermediate_1_link,right_ankle_roll_link,-0.0021920841118964196,0.0021920841118964196,self-collision,False,False
40,ground,left_ankle_roll_link,world,left_ankle_roll_link,-0.0012340087590052215,0.0012340087590052215,foot-ground,True,False
40,left_knee_link,left_ankle_roll_link,left_knee_link,left_ankle_roll_link,-0.03260236262901123,0.03260236262901123,self-collision,False,False
40,left_rubber_hand_link,largebox,left_rubber_hand_link,largebox_link,-0.0011127802159275751,0.0011127802159275751,hand-box,True,False
40,ground,left_ankle_roll_sphere_4_link,world,left_ankle_roll_sphere_4_link,-0.0007852789130732797,0.0007852789130732797,foot-ground,True,False
40,head_link,largebox,torso_link,largebox_link,-0.0010905686589041674,0.0010905686589041674,other-body-box,False,True
41,pelvis_contour_link,right_hip_roll_link,pelvis_contour_link,right_hip_roll_link,-0.007101555788424738,0.007101555788424738,self-collision,False,False
41,right_rubber_hand_link,largebox,right_rubber_hand_link,largebox_link,-0.0019797282508078884,0.0019797282508078884,hand-box,True,False
41,left_ankle_intermediate_1_link,left_ankle_roll_link,left_ankle_intermediate_1_link,left_ankle_roll_link,-0.0025234877667257294,0.0025234877667257294,self-collision,False,False
41,ground,right_ankle_roll_link,world,right_ankle_roll_link,-0.0016920775269495744,0.0016920775269495744,foot-ground,True,False
41,ground,right_ankle_roll_sphere_3_link,world,right_ankle_roll_sphere_3_link,-0.0009509113770448203,0.0009509113770448203,foot-ground,True,False
41,pelvis_contour_link,left_hip_roll_link,pelvis_contour_link,left_hip_roll_link,-0.006703878325096654,0.006703878325096654,self-collision,False,False
41,right_knee_link,right_ankle_roll_link,right_knee_link,right_ankle_roll_link,-0.03049705787197418,0.03049705787197418,self-collision,False,False
41,right_ankle_intermediate_1_link,right_ankle_roll_link,right_ankle_intermediate_1_link,right_ankle_roll_link,-0.0022714109869104437,0.0022714109869104437,self-collision,False,False
41,ground,left_ankle_roll_link,world,left_ankle_roll_link,-0.0014304108417341477,0.0014304108417341477,foot-ground,True,False
41,left_knee_link,left_ankle_roll_link,left_knee_link,left_ankle_roll_link,-0.0314745497798721,0.0314745497798721,self-collision,False,False
41,left_rubber_hand_link,largebox,left_rubber_hand_link,largebox_link,-0.0012296577891560828,0.0012296577891560828,hand-box,True,False
41,ground,left_ankle_roll_sphere_4_link,world,left_ankle_roll_sphere_4_link,-0.0009764655283134053,0.0009764655283134053,foot-ground,True,False
41,head_link,largebox,torso_link,largebox_link,-0.0011246566156088433,0.0011246566156088433,other-body-box,False,True
42,pelvis_contour_link,right_hip_roll_link,pelvis_contour_link,right_hip_roll_link,-0.007535472201698437,0.007535472201698437,self-collision,False,False
42,right_rubber_hand_link,largebox,right_rubber_hand_link,largebox_link,-0.0032618871823888035,0.0032618871823888035,hand-box,True,False
42,left_ankle_intermediate_1_link,left_ankle_roll_link,left_ankle_intermediate_1_link,left_ankle_roll_link,-0.002503996886349613,0.002503996886349613,self-collision,False,False
42,ground,right_ankle_roll_link,world,right_ankle_roll_link,-0.002091590369980318,0.002091590369980318,foot-ground,True,False
42,ground,right_ankle_roll_sphere_3_link,world,right_ankle_roll_sphere_3_link,-0.0009714677792181893,0.0009714677792181893,foot-ground,True,False
42,pelvis_contour_link,left_hip_roll_link,pelvis_contour_link,left_hip_roll_link,-0.005960994636932254,0.005960994636932254,self-collision,False,False
42,right_knee_link,right_ankle_roll_link,right_knee_link,right_ankle_roll_link,-0.029719097501015812,0.029719097501015812,self-collision,False,False
42,right_ankle_intermediate_1_link,right_ankle_roll_link,right_ankle_intermediate_1_link,right_ankle_roll_link,-0.0022510800888380367,0.0022510800888380367,self-collision,False,False
42,ground,left_ankle_roll_link,world,left_ankle_roll_link,-0.0015754191052553823,0.0015754191052553823,foot-ground,True,False
42,left_knee_link,left_ankle_roll_link,left_knee_link,left_ankle_roll_link,-0.031111984622686384,0.031111984622686384,self-collision,False,False
42,left_rubber_hand_link,largebox,left_rubber_hand_link,largebox_link,-0.0030832338076483834,0.0030832338076483834,hand-box,True,False
42,ground,right_ankle_roll_sphere_1_link,world,right_ankle_roll_sphere_1_link,-0.00012424038361664568,0.00012424038361664568,foot-ground,True,False
42,ground,left_ankle_roll_sphere_4_link,world,left_ankle_roll_sphere_4_link,-0.0009784055490775307,0.0009784055490775307,foot-ground,True,False
43,pelvis_contour_link,right_hip_roll_link,pelvis_contour_link,right_hip_roll_link,-0.006908121670079939,0.006908121670079939,self-collision,False,False
43,right_rubber_hand_link,largebox,right_rubber_hand_link,largebox_link,-4.886031660135404e-05,4.886031660135404e-05,hand-box,True,False
43,left_ankle_intermediate_1_link,left_ankle_roll_link,left_ankle_intermediate_1_link,left_ankle_roll_link,-0.002452854407975033,0.002452854407975033,self-collision,False,False
43,ground,right_ankle_roll_link,world,right_ankle_roll_link,-0.0018893493545855747,0.0018893493545855747,foot-ground,True,False
43,ground,right_ankle_roll_sphere_3_link,world,right_ankle_roll_sphere_3_link,-0.0009232096788092349,0.0009232096788092349,foot-ground,True,False
43,ground,left_ankle_roll_sphere_2_link,world,left_ankle_roll_sphere_2_link,-0.0002189377004312874,0.0002189377004312874,foot-ground,True,False
43,pelvis_contour_link,left_hip_roll_link,pelvis_contour_link,left_hip_roll_link,-0.0059546382052341335,0.0059546382052341335,self-collision,False,False
43,right_knee_link,right_ankle_roll_link,right_knee_link,right_ankle_roll_link,-0.028955713944612854,0.028955713944612854,self-collision,False,False
43,right_ankle_intermediate_1_link,right_ankle_roll_link,right_ankle_intermediate_1_link,right_ankle_roll_link,-0.002230338224312539,0.002230338224312539,self-collision,False,False
43,ground,left_ankle_roll_link,world,left_ankle_roll_link,-0.0017763703360382764,0.0017763703360382764,foot-ground,True,False
43,left_knee_link,left_ankle_roll_link,left_knee_link,left_ankle_roll_link,-0.030756304717853677,0.030756304717853677,self-collision,False,False
43,left_rubber_hand_link,largebox,left_rubber_hand_link,largebox_link,-0.003309694822486345,0.003309694822486345,hand-box,True,False
43,ground,right_ankle_roll_sphere_1_link,world,right_ankle_roll_sphere_1_link,-0.00017671332018791546,0.00017671332018791546,foot-ground,True,False
43,ground,left_ankle_roll_sphere_4_link,world,left_ankle_roll_sphere_4_link,-0.0009149556462620832,0.0009149556462620832,foot-ground,True,False
44,pelvis_contour_link,right_hip_roll_link,pelvis_contour_link,right_hip_roll_link,-0.005614322337671604,0.005614322337671604,self-collision,False,False
44,left_ankle_intermediate_1_link,left_ankle_roll_link,left_ankle_intermediate_1_link,left_ankle_roll_link,-0.0022799541017965996,0.0022799541017965996,self-collision,False,False
44,ground,right_ankle_roll_link,world,right_ankle_roll_link,-0.0017958685104552674,0.0017958685104552674,foot-ground,True,False
44,ground,right_ankle_roll_sphere_3_link,world,right_ankle_roll_sphere_3_link,-0.000929596208381493,0.000929596208381493,foot-ground,True,False
44,ground,left_ankle_roll_sphere_2_link,world,left_ankle_roll_sphere_2_link,-0.0009033278513730326,0.0009033278513730326,foot-ground,True,False
44,pelvis_contour_link,left_hip_roll_link,pelvis_contour_link,left_hip_roll_link,-0.0050305348578724846,0.0050305348578724846,self-collision,False,False
44,right_knee_link,right_ankle_roll_link,right_knee_link,right_ankle_roll_link,-0.028491827932670355,0.028491827932670355,self-collision,False,False
44,right_ankle_intermediate_1_link,right_ankle_roll_link,right_ankle_intermediate_1_link,right_ankle_roll_link,-0.002327362691492918,0.002327362691492918,self-collision,False,False
44,ground,left_ankle_roll_link,world,left_ankle_roll_link,-0.0014924605890326466,0.0014924605890326466,foot-ground,True,False
44,left_knee_link,left_ankle_roll_link,left_knee_link,left_ankle_roll_link,-0.03060945800497336,0.03060945800497336,self-collision,False,False
44,left_rubber_hand_link,largebox,left_rubber_hand_link,largebox_link,-0.0012790531368837704,0.0012790531368837704,hand-box,True,False
44,ground,right_ankle_roll_sphere_1_link,world,right_ankle_roll_sphere_1_link,-0.0002235158497310664,0.0002235158497310664,foot-ground,True,False
44,ground,left_ankle_roll_sphere_4_link,world,left_ankle_roll_sphere_4_link,-5.532509279577557e-05,5.532509279577557e-05,foot-ground,True,False
45,pelvis_contour_link,right_hip_roll_link,pelvis_contour_link,right_hip_roll_link,-0.0033930647067499514,0.0033930647067499514,self-collision,False,False
45,left_ankle_intermediate_1_link,left_ankle_roll_link,left_ankle_intermediate_1_link,left_ankle_roll_link,-0.002172832189053467,0.002172832189053467,self-collision,False,False
45,ground,right_ankle_roll_link,world,right_ankle_roll_link,-0.0016316304443618965,0.0016316304443618965,foot-ground,True,False
45,ground,right_ankle_roll_sphere_3_link,world,right_ankle_roll_sphere_3_link,-0.0009090715099094341,0.0009090715099094341,foot-ground,True,False
45,pelvis_contour_link,left_hip_roll_link,pelvis_contour_link,left_hip_roll_link,-0.003665357435925054,0.003665357435925054,self-collision,False,False
45,right_knee_link,right_ankle_roll_link,right_knee_link,right_ankle_roll_link,-0.028281666595236066,0.028281666595236066,self-collision,False,False
45,right_ankle_intermediate_1_link,right_ankle_roll_link,right_ankle_intermediate_1_link,right_ankle_roll_link,-0.0021849808978312013,0.0021849808978312013,self-collision,False,False
45,ground,left_ankle_roll_link,world,left_ankle_roll_link,-0.001388612995032696,0.001388612995032696,foot-ground,True,False
45,left_knee_link,left_ankle_roll_link,left_knee_link,left_ankle_roll_link,-0.029402090209505183,0.029402090209505183,self-collision,False,False
45,left_rubber_hand_link,largebox,left_rubber_hand_link,largebox_link,-0.0008255961222183167,0.0008255961222183167,hand-box,True,False
45,ground,right_ankle_roll_sphere_1_link,world,right_ankle_roll_sphere_1_link,-0.0002761759016777802,0.0002761759016777802,foot-ground,True,False
45,ground,left_ankle_roll_sphere_4_link,world,left_ankle_roll_sphere_4_link,-0.0009256796964901446,0.0009256796964901446,foot-ground,True,False
46,pelvis_contour_link,right_hip_roll_link,pelvis_contour_link,right_hip_roll_link,-0.0021189443666011915,0.0021189443666011915,self-collision,False,False
46,right_rubber_hand_link,largebox,right_rubber_hand_link,largebox_link,-0.00450692991351323,0.00450692991351323,hand-box,True,False
46,left_ankle_intermediate_1_link,left_ankle_roll_link,left_ankle_intermediate_1_link,left_ankle_roll_link,-0.0021624984780196504,0.0021624984780196504,self-collision,False,False
46,ground,right_ankle_roll_link,world,right_ankle_roll_link,-0.0014429844431371602,0.0014429844431371602,foot-ground,True,False
46,ground,right_ankle_roll_sphere_3_link,world,right_ankle_roll_sphere_3_link,-0.0008916596488294853,0.0008916596488294853,foot-ground,True,False
46,pelvis_contour_link,left_hip_roll_link,pelvis_contour_link,left_hip_roll_link,-0.0018108919721998018,0.0018108919721998018,self-collision,False,False
46,right_knee_link,right_ankle_roll_link,right_knee_link,right_ankle_roll_link,-0.028873816768940574,0.028873816768940574,self-collision,False,False
46,right_ankle_intermediate_1_link,right_ankle_roll_link,right_ankle_intermediate_1_link,right_ankle_roll_link,-0.0021790664193123838,0.0021790664193123838,self-collision,False,False
46,ground,left_ankle_roll_link,world,left_ankle_roll_link,-0.0014694028679318079,0.0014694028679318079,foot-ground,True,False
46,left_knee_link,left_ankle_roll_link,left_knee_link,left_ankle_roll_link,-0.029963109185972364,0.029963109185972364,self-collision,False,False
46,left_rubber_hand_link,largebox,left_rubber_hand_link,largebox_link,-0.0010362941309222662,0.0010362941309222662,hand-box,True,False
46,ground,right_ankle_roll_sphere_1_link,world,right_ankle_roll_sphere_1_link,-0.0005113778152994351,0.0005113778152994351,foot-ground,True,False
46,ground,left_ankle_roll_sphere_4_link,world,left_ankle_roll_sphere_4_link,-0.0009097916418826816,0.0009097916418826816,foot-ground,True,False
47,ground,right_ankle_roll_sphere_2_link,world,right_ankle_roll_sphere_2_link,-0.00035438669661605384,0.00035438669661605384,foot-ground,True,False
47,pelvis_contour_link,right_hip_roll_link,pelvis_contour_link,right_hip_roll_link,-0.00020802509151006399,0.00020802509151006399,self-collision,False,False
47,right_rubber_hand_link,largebox,right_rubber_hand_link,largebox_link,-0.0033063648835007925,0.0033063648835007925,hand-box,True,False
47,left_ankle_intermediate_1_link,left_ankle_roll_link,left_ankle_intermediate_1_link,left_ankle_roll_link,-0.0021267360701962,0.0021267360701962,self-collision,False,False
47,ground,right_ankle_roll_link,world,right_ankle_roll_link,-0.0014438974367164022,0.0014438974367164022,foot-ground,True,False
47,ground,right_ankle_roll_sphere_3_link,world,right_ankle_roll_sphere_3_link,-0.0009418865960394663,0.0009418865960394663,foot-ground,True,False
47,ground,left_ankle_roll_sphere_2_link,world,left_ankle_roll_sphere_2_link,-0.00018242469718434112,0.00018242469718434112,foot-ground,True,False
47,ground,right_ankle_roll_sphere_4_link,world,right_ankle_roll_sphere_4_link,-0.00023344984533200854,0.00023344984533200854,foot-ground,True,False
47,ground,right_ankle_roll_sphere_5_link,world,right_ankle_roll_sphere_5_link,-0.0005803858141690604,0.0005803858141690604,foot-ground,True,False
47,right_knee_link,right_ankle_roll_link,right_knee_link,right_ankle_roll_link,-0.029883488214106857,0.029883488214106857,self-collision,False,False
47,right_ankle_intermediate_1_link,right_ankle_roll_link,right_ankle_intermediate_1_link,right_ankle_roll_link,-0.0020812352611028623,0.0020812352611028623,self-collision,False,False
47,ground,left_ankle_roll_link,world,left_ankle_roll_link,-0.001863990922604808,0.001863990922604808,foot-ground,True,False
47,left_knee_link,left_ankle_roll_link,left_knee_link,left_ankle_roll_link,-0.030918007926276275,0.030918007926276275,self-collision,False,False
47,ground,right_ankle_roll_sphere_1_link,world,right_ankle_roll_sphere_1_link,-0.0009447506555389359,0.0009447506555389359,foot-ground,True,False
47,ground,left_ankle_roll_sphere_4_link,world,left_ankle_roll_sphere_4_link,-0.0009352297871138586,0.0009352297871138586,foot-ground,True,False
48,ground,right_ankle_roll_sphere_2_link,world,right_ankle_roll_sphere_2_link,-0.0006122157104701048,0.0006122157104701048,foot-ground,True,False
48,right_rubber_hand_link,largebox,right_rubber_hand_link,largebox_link,-0.0007084389772103183,0.0007084389772103183,hand-box,True,False
48,left_ankle_intermediate_1_link,left_ankle_roll_link,left_ankle_intermediate_1_link,left_ankle_roll_link,-0.0019703629469370876,0.0019703629469370876,self-collision,False,False
48,left_shoulder_yaw_link,largebox,left_shoulder_yaw_link,largebox_link,-0.0003176652285776377,0.0003176652285776377,other-body-box,False,True
48,ground,right_ankle_roll_link,world,right_ankle_roll_link,-0.0013779213453372595,0.0013779213453372595,foot-ground,True,False
48,ground,right_ankle_roll_sphere_3_link,world,right_ankle_roll_sphere_3_link,-0.0009268411534245962,0.0009268411534245962,foot-ground,True,False
48,ground,left_ankle_roll_sphere_2_link,world,left_ankle_roll_sphere_2_link,-0.0002181522412702695,0.0002181522412702695,foot-ground,True,False
48,ground,right_ankle_roll_sphere_4_link,world,right_ankle_roll_sphere_4_link,-0.0005538853669579463,0.0005538853669579463,foot-ground,True,False
48,ground,right_ankle_roll_sphere_5_link,world,right_ankle_roll_sphere_5_link,-0.0007371572961159837,0.0007371572961159837,foot-ground,True,False
48,right_knee_link,right_ankle_roll_link,right_knee_link,right_ankle_roll_link,-0.031230284594822577,0.031230284594822577,self-collision,False,False
48,right_ankle_intermediate_1_link,right_ankle_roll_link,right_ankle_intermediate_1_link,right_ankle_roll_link,-0.0020381318540341753,0.0020381318540341753,self-collision,False,False
48,ground,left_ankle_roll_link,world,left_ankle_roll_link,-0.001368264572893605,0.001368264572893605,foot-ground,True,False
48,left_knee_link,left_ankle_roll_link,left_knee_link,left_ankle_roll_link,-0.032123691890827366,0.032123691890827366,self-collision,False,False
48,ground,right_ankle_roll_sphere_1_link,world,right_ankle_roll_sphere_1_link,-0.0009230121991923154,0.0009230121991923154,foot-ground,True,False
49,ground,right_ankle_roll_sphere_2_link,world,right_ankle_roll_sphere_2_link,-0.0006408045797423626,0.0006408045797423626,foot-ground,True,False
49,right_rubber_hand_link,largebox,right_rubber_hand_link,largebox_link,-0.002769026388705756,0.002769026388705756,hand-box,True,False
49,left_shoulder_yaw_link,largebox,left_shoulder_yaw_link,largebox_link,-0.0009883146867009363,0.0009883146867009363,other-body-box,False,True
49,torso_link,largebox,torso_link,largebox_link,-0.0008312344615241524,0.0008312344615241524,other-body-box,False,True
49,ground,right_ankle_roll_link,world,right_ankle_roll_link,-0.0014025476758762617,0.0014025476758762617,foot-ground,True,False
49,ground,right_ankle_roll_sphere_3_link,world,right_ankle_roll_sphere_3_link,-0.0009524566593222808,0.0009524566593222808,foot-ground,True,False
49,ground,right_ankle_roll_sphere_4_link,world,right_ankle_roll_sphere_4_link,-0.0005840197963874255,0.0005840197963874255,foot-ground,True,False
49,ground,right_ankle_roll_sphere_5_link,world,right_ankle_roll_sphere_5_link,-0.0007651697912144156,0.0007651697912144156,foot-ground,True,False
49,right_knee_link,right_ankle_roll_link,right_knee_link,right_ankle_roll_link,-0.03223811172196503,0.03223811172196503,self-collision,False,False
49,right_ankle_intermediate_1_link,right_ankle_roll_link,right_ankle_intermediate_1_link,right_ankle_roll_link,-0.0020267688725564975,0.0020267688725564975,self-collision,False,False
49,ground,left_ankle_roll_link,world,left_ankle_roll_link,-0.0010016174978093248,0.0010016174978093248,foot-ground,True,False
49,left_knee_link,left_ankle_roll_link,left_knee_link,left_ankle_roll_link,-0.032911439212667065,0.032911439212667065,self-collision,False,False
49,left_rubber_hand_link,largebox,left_rubber_hand_link,largebox_link,-0.0005250815481937787,0.0005250815481937787,hand-box,True,False
49,ground,right_ankle_roll_sphere_1_link,world,right_ankle_roll_sphere_1_link,-0.0009478352988547432,0.0009478352988547432,foot-ground,True,False
49,ground,left_ankle_roll_sphere_4_link,world,left_ankle_roll_sphere_4_link,-4.1624199178506675e-05,4.1624199178506675e-05,foot-ground,True,False
50,ground,right_ankle_roll_sphere_2_link,world,right_ankle_roll_sphere_2_link,-0.0006578461031278389,0.0006578461031278389,foot-ground,True,False
50,left_shoulder_yaw_link,largebox,left_shoulder_yaw_link,largebox_link,-0.0007512572452927774,0.0007512572452927774,other-body-box,False,True
50,torso_link,largebox,torso_link,largebox_link,-0.0001909608811942326,0.0001909608811942326,other-body-box,False,True
50,ground,right_ankle_roll_link,world,right_ankle_roll_link,-0.0014181012141533042,0.0014181012141533042,foot-ground,True,False
50,ground,right_ankle_roll_sphere_3_link,world,right_ankle_roll_sphere_3_link,-0.0009666072235009647,0.0009666072235009647,foot-ground,True,False
50,ground,right_ankle_roll_sphere_4_link,world,right_ankle_roll_sphere_4_link,-0.0005978519641313016,0.0005978519641313016,foot-ground,True,False
50,ground,right_ankle_roll_sphere_5_link,world,right_ankle_roll_sphere_5_link,-0.0007787867074574217,0.0007787867074574217,foot-ground,True,False
50,right_knee_link,right_ankle_roll_link,right_knee_link,right_ankle_roll_link,-0.032849871857555724,0.032849871857555724,self-collision,False,False
50,ground,left_ankle_roll_link,world,left_ankle_roll_link,-0.0009988349119699862,0.0009988349119699862,foot-ground,True,False
50,left_knee_link,left_ankle_roll_link,left_knee_link,left_ankle_roll_link,-0.03338974925895341,0.03338974925895341,self-collision,False,False
50,ground,right_ankle_roll_sphere_1_link,world,right_ankle_roll_sphere_1_link,-0.0009651421526025604,0.0009651421526025604,foot-ground,True,False
50,ground,left_ankle_roll_sphere_4_link,world,left_ankle_roll_sphere_4_link,-0.0001260713685246979,0.0001260713685246979,foot-ground,True,False
51,ground,right_ankle_roll_sphere_2_link,world,right_ankle_roll_sphere_2_link,-0.0006643823788911448,0.0006643823788911448,foot-ground,True,False
51,left_shoulder_yaw_link,largebox,left_shoulder_yaw_link,largebox_link,-0.0009318787471675333,0.0009318787471675333,other-body-box,False,True
51,torso_link,largebox,torso_link,largebox_link,-0.0012527276449784686,0.0012527276449784686,other-body-box,False,True
51,ground,right_ankle_roll_link,world,right_ankle_roll_link,-0.00142802622041905,0.00142802622041905,foot-ground,True,False
51,ground,right_ankle_roll_sphere_3_link,world,right_ankle_roll_sphere_3_link,-0.0009745610823570497,0.0009745610823570497,foot-ground,True,False
51,ground,right_ankle_roll_sphere_4_link,world,right_ankle_roll_sphere_4_link,-0.0006006632939218734,0.0006006632939218734,foot-ground,True,False
51,ground,right_ankle_roll_sphere_5_link,world,right_ankle_roll_sphere_5_link,-0.0007837814897944028,0.0007837814897944028,foot-ground,True,False
51,right_knee_link,right_ankle_roll_link,right_knee_link,right_ankle_roll_link,-0.03326444853654545,0.03326444853654545,self-collision,False,False
51,ground,left_ankle_roll_link,world,left_ankle_roll_link,-0.0010058816639351709,0.0010058816639351709,foot-ground,True,False
51,left_knee_link,left_ankle_roll_link,left_knee_link,left_ankle_roll_link,-0.034466254811333336,0.034466254811333336,self-collision,False,False
51,left_rubber_hand_link,largebox,left_rubber_hand_link,largebox_link,-0.0016956262789223908,0.0016956262789223908,hand-box,True,False
51,ground,right_ankle_roll_sphere_1_link,world,right_ankle_roll_sphere_1_link,-0.0009759638692537929,0.0009759638692537929,foot-ground,True,False
51,ground,left_ankle_roll_sphere_4_link,world,left_ankle_roll_sphere_4_link,-0.00019981260769253838,0.00019981260769253838,foot-ground,True,False
52,ground,right_ankle_roll_sphere_2_link,world,right_ankle_roll_sphere_2_link,-0.0006642295365795808,0.0006642295365795808,foot-ground,True,False
52,right_rubber_hand_link,largebox,right_rubber_hand_link,largebox_link,-0.0032649415330547327,0.0032649415330547327,hand-box,True,False
52,left_shoulder_yaw_link,largebox,left_shoulder_yaw_link,largebox_link,-0.0009896782758240658,0.0009896782758240658,other-body-box,False,True
52,torso_link,largebox,torso_link,largebox_link,-0.0009920360024927577,0.0009920360024927577,other-body-box,False,True
52,ground,right_ankle_roll_link,world,right_ankle_roll_link,-0.0014267424044537881,0.0014267424044537881,foot-ground,True,False
52,ground,right_ankle_roll_sphere_3_link,world,right_ankle_roll_sphere_3_link,-0.0009740378708053788,0.0009740378708053788,foot-ground,True,False
52,ground,right_ankle_roll_sphere_4_link,world,right_ankle_roll_sphere_4_link,-0.0006019730793536812,0.0006019730793536812,foot-ground,True,False
52,ground,right_ankle_roll_sphere_5_link,world,right_ankle_roll_sphere_5_link,-0.0007843288800279706,0.0007843288800279706,foot-ground,True,False
52,right_knee_link,right_ankle_roll_link,right_knee_link,right_ankle_roll_link,-0.034140649103163945,0.034140649103163945,self-collision,False,False
52,ground,left_ankle_roll_link,world,left_ankle_roll_link,-0.001196668443168479,0.001196668443168479,foot-ground,True,False
52,left_knee_link,left_ankle_roll_link,left_knee_link,left_ankle_roll_link,-0.034589697481971104,0.034589697481971104,self-collision,False,False
52,left_rubber_hand_link,largebox,left_rubber_hand_link,largebox_link,-0.0015642122840698325,0.0015642122840698325,hand-box,True,False
52,ground,right_ankle_roll_sphere_1_link,world,right_ankle_roll_sphere_1_link,-0.0009742835294559949,0.0009742835294559949,foot-ground,True,False
52,ground,left_ankle_roll_sphere_4_link,world,left_ankle_roll_sphere_4_link,-1.762941303042314e-05,1.762941303042314e-05,foot-ground,True,False
53,ground,right_ankle_roll_sphere_2_link,world,right_ankle_roll_sphere_2_link,-0.0006796476215465063,0.0006796476215465063,foot-ground,True,False
53,right_rubber_hand_link,largebox,right_rubber_hand_link,largebox_link,-0.003447810907768037,0.003447810907768037,hand-box,True,False
53,left_shoulder_yaw_link,largebox,left_shoulder_yaw_link,largebox_link,-0.0010456070528102601,0.0010456070528102601,other-body-box,False,True
53,torso_link,largebox,torso_link,largebox_link,-0.000982051568265488,0.000982051568265488,other-body-box,False,True
53,ground,right_ankle_roll_link,world,right_ankle_roll_link,-0.0014421281631083402,0.0014421281631083402,foot-ground,True,False
53,ground,right_ankle_roll_sphere_3_link,world,right_ankle_roll_sphere_3_link,-0.0009895671556861855,0.0009895671556861855,foot-ground,True,False
53,ground,right_ankle_roll_sphere_4_link,world,right_ankle_roll_sphere_4_link,-0.0006176930764102929,0.0006176930764102929,foot-ground,True,False
53,ground,right_ankle_roll_sphere_5_link,world,right_ankle_roll_sphere_5_link,-0.0007999871703388414,0.0007999871703388414,foot-ground,True,False
53,right_knee_link,right_ankle_roll_link,right_knee_link,right_ankle_roll_link,-0.034622528689612214,0.034622528689612214,self-collision,False,False
53,ground,left_ankle_roll_link,world,left_ankle_roll_link,-0.0009945362990259263,0.0009945362990259263,foot-ground,True,False
53,left_knee_link,left_ankle_roll_link,left_knee_link,left_ankle_roll_link,-0.03508821048821481,0.03508821048821481,self-collision,False,False
53,left_rubber_hand_link,largebox,left_rubber_hand_link,largebox_link,-0.0009937368131994057,0.0009937368131994057,hand-box,True,False
53,left_wrist_yaw_link,largebox,left_wrist_yaw_link,largebox_link,-0.0006599627328614521,0.0006599627328614521,other-body-box,False,True
53,ground,right_ankle_roll_sphere_1_link,world,right_ankle_roll_sphere_1_link,-0.0009895426876097525,0.0009895426876097525,foot-ground,True,False
53,ground,left_ankle_roll_sphere_4_link,world,left_ankle_roll_sphere_4_link,-0.00016421381918792482,0.00016421381918792482,foot-ground,True,False
54,ground,right_ankle_roll_sphere_2_link,world,right_ankle_roll_sphere_2_link,-0.0006814740517780858,0.0006814740517780858,foot-ground,True,False
54,right_rubber_hand_link,largebox,right_rubber_hand_link,largebox_link,-0.0010274709413487376,0.0010274709413487376,hand-box,True,False
54,left_shoulder_yaw_link,largebox,left_shoulder_yaw_link,largebox_link,-0.0010114514083942316,0.0010114514083942316,other-body-box,False,True
54,torso_link,largebox,torso_link,largebox_link,-0.0010228493813474598,0.0010228493813474598,other-body-box,False,True
54,ground,right_ankle_roll_link,world,right_ankle_roll_link,-0.0014441842215228845,0.0014441842215228845,foot-ground,True,False
54,ground,right_ankle_roll_sphere_3_link,world,right_ankle_roll_sphere_3_link,-0.0009914213514688247,0.0009914213514688247,foot-ground,True,False
54,ground,right_ankle_roll_sphere_4_link,world,right_ankle_roll_sphere_4_link,-0.0006191212368178113,0.0006191212368178113,foot-ground,True,False
54,ground,right_ankle_roll_sphere_5_link,world,right_ankle_roll_sphere_5_link,-0.0008015856699779026,0.0008015856699779026,foot-ground,True,False
54,right_knee_link,right_ankle_roll_link,right_knee_link,right_ankle_roll_link,-0.03507687537933532,0.03507687537933532,self-collision,False,False
54,ground,left_ankle_roll_link,world,left_ankle_roll_link,-0.000997011139946713,0.000997011139946713,foot-ground,True,False
54,left_knee_link,left_ankle_roll_link,left_knee_link,left_ankle_roll_link,-0.03566815503432566,0.03566815503432566,self-collision,False,False
54,left_rubber_hand_link,largebox,left_rubber_hand_link,largebox_link,-0.001095837521300061,0.001095837521300061,hand-box,True,False
54,left_wrist_yaw_link,largebox,left_wrist_yaw_link,largebox_link,-0.0005248640374546087,0.0005248640374546087,other-body-box,False,True
54,ground,right_ankle_roll_sphere_1_link,world,right_ankle_roll_sphere_1_link,-0.0009917241473205952,0.0009917241473205952,foot-ground,True,False
54,ground,left_ankle_roll_sphere_4_link,world,left_ankle_roll_sphere_4_link,-0.0002489863846735869,0.0002489863846735869,foot-ground,True,False
55,ground,right_ankle_roll_sphere_2_link,world,right_ankle_roll_sphere_2_link,-0.0006808989184610521,0.0006808989184610521,foot-ground,True,False
55,right_rubber_hand_link,largebox,right_rubber_hand_link,largebox_link,-0.0010051216163351473,0.0010051216163351473,hand-box,True,False
55,left_shoulder_yaw_link,largebox,left_shoulder_yaw_link,largebox_link,-0.0009272367481140131,0.0009272367481140131,other-body-box,False,True
55,torso_link,largebox,torso_link,largebox_link,-0.000998483000911668,0.000998483000911668,other-body-box,False,True
55,ground,right_ankle_roll_link,world,right_ankle_roll_link,-0.0014445091300182948,0.0014445091300182948,foot-ground,True,False
55,ground,right_ankle_roll_sphere_3_link,world,right_ankle_roll_sphere_3_link,-0.0009907599728452487,0.0009907599728452487,foot-ground,True,False
55,ground,right_ankle_roll_sphere_4_link,world,right_ankle_roll_sphere_4_link,-0.0006165684207039999,0.0006165684207039999,foot-ground,True,False
55,ground,right_ankle_roll_sphere_5_link,world,right_ankle_roll_sphere_5_link,-0.0007997644475496888,0.0007997644475496888,foot-ground,True,False
55,right_knee_link,right_ankle_roll_link,right_knee_link,right_ankle_roll_link,-0.0355860382724075,0.0355860382724075,self-collision,False,False
55,ground,left_ankle_roll_link,world,left_ankle_roll_link,-0.0010449290467455727,0.0010449290467455727,foot-ground,True,False
55,left_knee_link,left_ankle_roll_link,left_knee_link,left_ankle_roll_link,-0.0358021825414058,0.0358021825414058,self-collision,False,False
55,left_rubber_hand_link,largebox,left_rubber_hand_link,largebox_link,-0.00044175154904935177,0.00044175154904935177,hand-box,True,False
55,ground,right_ankle_roll_sphere_1_link,world,right_ankle_roll_sphere_1_link,-0.0009927252119120945,0.0009927252119120945,foot-ground,True,False
56,ground,right_ankle_roll_sphere_2_link,world,right_ankle_roll_sphere_2_link,-0.0006833925061660853,0.0006833925061660853,foot-ground,True,False
56,right_rubber_hand_link,largebox,right_rubber_hand_link,largebox_link,-0.0010378924113163962,0.0010378924113163962,hand-box,True,False
56,torso_link,largebox,torso_link,largebox_link,-0.001122638635728021,0.001122638635728021,other-body-box,False,True
56,ground,right_ankle_roll_link,world,right_ankle_roll_link,-0.0014469747035076863,0.0014469747035076863,foot-ground,True,False
56,ground,right_ankle_roll_sphere_3_link,world,right_ankle_roll_sphere_3_link,-0.0009928801789445127,0.0009928801789445127,foot-ground,True,False
56,ground,right_ankle_roll_sphere_4_link,world,right_ankle_roll_sphere_4_link,-0.0006183203727246683,0.0006183203727246683,foot-ground,True,False
56,ground,right_ankle_roll_sphere_5_link,world,right_ankle_roll_sphere_5_link,-0.0008016168856867746,0.0008016168856867746,foot-ground,True,False
56,right_knee_link,right_ankle_roll_link,right_knee_link,right_ankle_roll_link,-0.03609790971790741,0.03609790971790741,self-collision,False,False
56,ground,left_ankle_roll_link,world,left_ankle_roll_link,-0.0010901540508934451,0.0010901540508934451,foot-ground,True,False
56,left_knee_link,left_ankle_roll_link,left_knee_link,left_ankle_roll_link,-0.03532418802594253,0.03532418802594253,self-collision,False,False
56,left_rubber_hand_link,largebox,left_rubber_hand_link,largebox_link,-0.0006141821237184292,0.0006141821237184292,hand-box,True,False
56,left_wrist_yaw_link,largebox,left_wrist_yaw_link,largebox_link,-0.000490704376151424,0.000490704376151424,other-body-box,False,True
56,ground,right_ankle_roll_sphere_1_link,world,right_ankle_roll_sphere_1_link,-0.0009955256780159556,0.0009955256780159556,foot-ground,True,False
57,ground,right_ankle_roll_sphere_2_link,world,right_ankle_roll_sphere_2_link,-0.0006842675704643994,0.0006842675704643994,foot-ground,True,False
57,right_rubber_hand_link,largebox,right_rubber_hand_link,largebox_link,-0.0009936300304136392,0.0009936300304136392,hand-box,True,False
57,left_ankle_intermediate_1_link,left_ankle_roll_link,left_ankle_intermediate_1_link,left_ankle_roll_link,-0.002872344738582694,0.002872344738582694,self-collision,False,False
57,torso_link,largebox,torso_link,largebox_link,-0.0009868924868277479,0.0009868924868277479,other-body-box,False,True
57,ground,right_ankle_roll_link,world,right_ankle_roll_link,-0.0014482665753184285,0.0014482665753184285,foot-ground,True,False
57,ground,right_ankle_roll_sphere_3_link,world,right_ankle_roll_sphere_3_link,-0.00099551963318244,0.00099551963318244,foot-ground,True,False
57,ground,left_ankle_roll_sphere_2_link,world,left_ankle_roll_sphere_2_link,-1.1141956678273161e-05,1.1141956678273161e-05,foot-ground,True,False
57,ground,right_ankle_roll_sphere_4_link,world,right_ankle_roll_sphere_4_link,-0.000622133212021903,0.000622133212021903,foot-ground,True,False
57,ground,right_ankle_roll_sphere_5_link,world,right_ankle_roll_sphere_5_link,-0.0008051771492673726,0.0008051771492673726,foot-ground,True,False
57,right_knee_link,right_ankle_roll_link,right_knee_link,right_ankle_roll_link,-0.036664856155878306,0.036664856155878306,self-collision,False,False
57,ground,left_ankle_roll_link,world,left_ankle_roll_link,-0.002506826345064026,0.002506826345064026,foot-ground,True,False
57,left_knee_link,left_ankle_roll_link,left_knee_link,left_ankle_roll_link,-0.033242637560641,0.033242637560641,self-collision,False,False
57,left_rubber_hand_link,largebox,left_rubber_hand_link,largebox_link,-6.375333072176914e-05,6.375333072176914e-05,hand-box,True,False
57,left_wrist_yaw_link,largebox,left_wrist_yaw_link,largebox_link,-0.001548859226040783,0.001548859226040783,other-body-box,False,True
57,ground,right_ankle_roll_sphere_1_link,world,right_ankle_roll_sphere_1_link,-0.0009954229214315128,0.0009954229214315128,foot-ground,True,False
57,ground,left_ankle_roll_sphere_4_link,world,left_ankle_roll_sphere_4_link,-0.0009859375457067733,0.0009859375457067733,foot-ground,True,False
58,ground,right_ankle_roll_sphere_2_link,world,right_ankle_roll_sphere_2_link,-0.0006193838029698645,0.0006193838029698645,foot-ground,True,False
58,right_rubber_hand_link,largebox,right_rubber_hand_link,largebox_link,-0.0012299417872058405,0.0012299417872058405,hand-box,True,False
58,left_ankle_intermediate_1_link,left_ankle_roll_link,left_ankle_intermediate_1_link,left_ankle_roll_link,-0.0027980918806779637,0.0027980918806779637,self-collision,False,False
58,torso_link,largebox,torso_link,largebox_link,-0.0009596326002176692,0.0009596326002176692,other-body-box,False,True
58,ground,right_ankle_roll_link,world,right_ankle_roll_link,-0.0014566642699997655,0.0014566642699997655,foot-ground,True,False
58,ground,right_ankle_roll_sphere_3_link,world,right_ankle_roll_sphere_3_link,-0.000994094114971411,0.000994094114971411,foot-ground,True,False
58,ground,left_ankle_roll_sphere_2_link,world,left_ankle_roll_sphere_2_link,-0.00028036948464940214,0.00028036948464940214,foot-ground,True,False
58,ground,right_ankle_roll_sphere_4_link,world,right_ankle_roll_sphere_4_link,-0.000546747960892816,0.000546747960892816,foot-ground,True,False
58,ground,right_ankle_roll_sphere_5_link,world,right_ankle_roll_sphere_5_link,-0.0007662613913551912,0.0007662613913551912,foot-ground,True,False
58,right_knee_link,right_ankle_roll_link,right_knee_link,right_ankle_roll_link,-0.037439227314993356,0.037439227314993356,self-collision,False,False
58,ground,left_ankle_roll_link,world,left_ankle_roll_link,-0.0018330167755749652,0.0018330167755749652,foot-ground,True,False
58,left_knee_link,left_ankle_roll_link,left_knee_link,left_ankle_roll_link,-0.030413625236327457,0.030413625236327457,self-collision,False,False
58,left_rubber_hand_link,largebox,left_rubber_hand_link,largebox_link,-0.0006920827974736393,0.0006920827974736393,hand-box,True,False
58,left_wrist_yaw_link,largebox,left_wrist_yaw_link,largebox_link,-0.0017916827502396926,0.0017916827502396926,other-body-box,False,True
58,ground,right_ankle_roll_sphere_1_link,world,right_ankle_roll_sphere_1_link,-0.0009921722647020263,0.0009921722647020263,foot-ground,True,False
58,ground,left_ankle_roll_sphere_4_link,world,left_ankle_roll_sphere_4_link,-0.0009800333415191818,0.0009800333415191818,foot-ground,True,False
59,ground,right_ankle_roll_sphere_2_link,world,right_ankle_roll_sphere_2_link,-0.0006191522915191252,0.0006191522915191252,foot-ground,True,False
59,right_rubber_hand_link,largebox,right_rubber_hand_link,largebox_link,-0.0010196654759748042,0.0010196654759748042,hand-box,True,False
59,ground,left_ankle_roll_sphere_5_link,world,left_ankle_roll_sphere_5_link,-0.0006287224951834263,0.0006287224951834263,foot-ground,True,False
59,left_ankle_intermediate_1_link,left_ankle_roll_link,left_ankle_intermediate_1_link,left_ankle_roll_link,-0.0029702333861738456,0.0029702333861738456,self-collision,False,False
59,torso_link,largebox,torso_link,largebox_link,-0.0010594318204175807,0.0010594318204175807,other-body-box,False,True
59,ground,right_ankle_roll_link,world,right_ankle_roll_link,-0.0014566231631645069,0.0014566231631645069,foot-ground,True,False
59,ground,left_ankle_roll_sphere_1_link,world,left_ankle_roll_sphere_1_link,-0.00038974655334140986,0.00038974655334140986,foot-ground,True,False
59,ground,right_ankle_roll_sphere_3_link,world,right_ankle_roll_sphere_3_link,-0.0009946242517414597,0.0009946242517414597,foot-ground,True,False
59,ground,left_ankle_roll_sphere_2_link,world,left_ankle_roll_sphere_2_link,-0.0009797496440570206,0.0009797496440570206,foot-ground,True,False
59,ground,right_ankle_roll_sphere_4_link,world,right_ankle_roll_sphere_4_link,-0.0005477638501091764,0.0005477638501091764,foot-ground,True,False
59,ground,right_ankle_roll_sphere_5_link,world,right_ankle_roll_sphere_5_link,-0.0007671763950891702,0.0007671763950891702,foot-ground,True,False
59,right_knee_link,right_ankle_roll_link,right_knee_link,right_ankle_roll_link,-0.03830084927646005,0.03830084927646005,self-collision,False,False
59,ground,left_ankle_roll_link,world,left_ankle_roll_link,-0.001485525487660077,0.001485525487660077,foot-ground,True,False
59,left_knee_link,left_ankle_roll_link,left_knee_link,left_ankle_roll_link,-0.027936153721702855,0.027936153721702855,self-collision,False,False
59,left_rubber_hand_link,largebox,left_rubber_hand_link,largebox_link,-0.0012018768009401798,0.0012018768009401798,hand-box,True,False
59,ground,left_ankle_roll_sphere_3_link,world,left_ankle_roll_sphere_3_link,-0.00028061807270308905,0.00028061807270308905,foot-ground,True,False
59,ground,right_ankle_roll_sphere_1_link,world,right_ankle_roll_sphere_1_link,-0.0009915359595460268,0.0009915359595460268,foot-ground,True,False
59,ground,left_ankle_roll_sphere_4_link,world,left_ankle_roll_sphere_4_link,-0.0009886217815618234,0.0009886217815618234,foot-ground,True,False
60,ground,right_ankle_roll_sphere_2_link,world,right_ankle_roll_sphere_2_link,-0.00012058861234231621,0.00012058861234231621,foot-ground,True,False
60,right_rubber_hand_link,largebox,right_rubber_hand_link,largebox_link,-0.0012377456073117687,0.0012377456073117687,hand-box,True,False
60,ground,left_ankle_roll_sphere_5_link,world,left_ankle_roll_sphere_5_link,-0.0006310356372151325,0.0006310356372151325,foot-ground,True,False
60,left_ankle_intermediate_1_link,left_ankle_roll_link,left_ankle_intermediate_1_link,left_ankle_roll_link,-0.0030818051229503235,0.0030818051229503235,self-collision,False,False
60,torso_link,largebox,torso_link,largebox_link,-0.0010884665468332971,0.0010884665468332971,other-body-box,False,True
60,ground,right_ankle_roll_link,world,right_ankle_roll_link,-0.0015410041950450204,0.0015410041950450204,foot-ground,True,False
60,ground,left_ankle_roll_sphere_1_link,world,left_ankle_roll_sphere_1_link,-0.0009812048074626161,0.0009812048074626161,foot-ground,True,False
60,ground,right_ankle_roll_sphere_3_link,world,right_ankle_roll_sphere_3_link,-0.0009929605039409447,0.0009929605039409447,foot-ground,True,False
60,ground,left_ankle_roll_sphere_2_link,world,left_ankle_roll_sphere_2_link,-0.0003955887863602526,0.0003955887863602526,foot-ground,True,False
60,ground,right_ankle_roll_sphere_5_link,world,right_ankle_roll_sphere_5_link,-0.00046053194269805777,0.00046053194269805777,foot-ground,True,False
60,right_knee_link,right_ankle_roll_link,right_knee_link,right_ankle_roll_link,-0.03923792531586767,0.03923792531586767,self-collision,False,False
60,ground,left_ankle_roll_link,world,left_ankle_roll_link,-0.001486248859011819,0.001486248859011819,foot-ground,True,False
60,left_knee_link,left_ankle_roll_link,left_knee_link,left_ankle_roll_link,-0.02560086568260861,0.02560086568260861,self-collision,False,False
60,left_rubber_hand_link,largebox,left_rubber_hand_link,largebox_link,-0.0013024246508737403,0.0013024246508737403,hand-box,True,False
60,left_wrist_yaw_link,largebox,left_wrist_yaw_link,largebox_link,-0.00025278846039553104,0.00025278846039553104,other-body-box,False,True
60,ground,left_ankle_roll_sphere_3_link,world,left_ankle_roll_sphere_3_link,-0.0009884432666866878,0.0009884432666866878,foot-ground,True,False
60,ground,right_ankle_roll_sphere_1_link,world,right_ankle_roll_sphere_1_link,-0.0009912361384976703,0.0009912361384976703,foot-ground,True,False
60,ground,left_ankle_roll_sphere_4_link,world,left_ankle_roll_sphere_4_link,-0.00028570404136385365,0.00028570404136385365,foot-ground,True,False
61,right_rubber_hand_link,largebox,right_rubber_hand_link,largebox_link,-0.0013367021960744158,0.0013367021960744158,hand-box,True,False
61,left_ankle_intermediate_1_link,left_ankle_roll_link,left_ankle_intermediate_1_link,left_ankle_roll_link,-0.0025164845305896827,0.0025164845305896827,self-collision,False,False
61,torso_link,largebox,torso_link,largebox_link,-0.0010625014575604275,0.0010625014575604275,other-body-box,False,True
61,ground,right_ankle_roll_link,world,right_ankle_roll_link,-0.0015960722616475687,0.0015960722616475687,foot-ground,True,False
61,ground,left_ankle_roll_sphere_1_link,world,left_ankle_roll_sphere_1_link,-0.00038956904761009836,0.00038956904761009836,foot-ground,True,False
61,ground,right_ankle_roll_sphere_3_link,world,right_ankle_roll_sphere_3_link,-0.0008899492284165844,0.0008899492284165844,foot-ground,True,False
61,right_knee_link,right_ankle_roll_link,right_knee_link,right_ankle_roll_link,-0.04005131963297057,0.04005131963297057,self-collision,False,False
61,ground,left_ankle_roll_link,world,left_ankle_roll_link,-0.0017301520344904682,0.0017301520344904682,foot-ground,True,False
61,left_knee_link,left_ankle_roll_link,left_knee_link,left_ankle_roll_link,-0.024310071618102266,0.024310071618102266,self-collision,False,False
61,left_rubber_hand_link,largebox,left_rubber_hand_link,largebox_link,-0.0015353499004636256,0.0015353499004636256,hand-box,True,False
61,ground,left_ankle_roll_sphere_3_link,world,left_ankle_roll_sphere_3_link,-0.0009903473571581485,0.0009903473571581485,foot-ground,True,False
61,ground,right_ankle_roll_sphere_1_link,world,right_ankle_roll_sphere_1_link,-0.0009818587555345667,0.0009818587555345667,foot-ground,True,False
62,right_rubber_hand_link,largebox,right_rubber_hand_link,largebox_link,-0.001195794871053174,0.001195794871053174,hand-box,True,False
62,left_ankle_intermediate_1_link,left_ankle_roll_link,left_ankle_intermediate_1_link,left_ankle_roll_link,-0.002070931872334869,0.002070931872334869,self-collision,False,False
62,torso_link,largebox,torso_link,largebox_link,-0.0010341449588849028,0.0010341449588849028,other-body-box,False,True
62,ground,right_ankle_roll_link,world,right_ankle_roll_link,-0.0014966690401869154,0.0014966690401869154,foot-ground,True,False
62,ground,left_ankle_roll_sphere_1_link,world,left_ankle_roll_sphere_1_link,-0.00016201223004431563,0.00016201223004431563,foot-ground,True,False
62,ground,right_ankle_roll_sphere_3_link,world,right_ankle_roll_sphere_3_link,-0.00045003967043069897,0.00045003967043069897,foot-ground,True,False
62,right_knee_link,right_ankle_roll_link,right_knee_link,right_ankle_roll_link,-0.041038827006516315,0.041038827006516315,self-collision,False,False
62,ground,left_ankle_roll_link,world,left_ankle_roll_link,-0.0020514812833883483,0.0020514812833883483,foot-ground,True,False
62,left_knee_link,left_ankle_roll_link,left_knee_link,left_ankle_roll_link,-0.023356243306632815,0.023356243306632815,self-collision,False,False
62,left_rubber_hand_link,largebox,left_rubber_hand_link,largebox_link,-0.0014595945662719823,0.0014595945662719823,hand-box,True,False
62,ground,left_ankle_roll_sphere_3_link,world,left_ankle_roll_sphere_3_link,-0.000990854430195402,0.000990854430195402,foot-ground,True,False
62,ground,right_ankle_roll_sphere_1_link,world,right_ankle_roll_sphere_1_link,-0.0009914310336101599,0.0009914310336101599,foot-ground,True,False
63,right_rubber_hand_link,largebox,right_rubber_hand_link,largebox_link,-0.0010270331439481972,0.0010270331439481972,hand-box,True,False
63,left_ankle_intermediate_1_link,left_ankle_roll_link,left_ankle_intermediate_1_link,left_ankle_roll_link,-0.002006818165234847,0.002006818165234847,self-collision,False,False
63,torso_link,largebox,torso_link,largebox_link,-0.0010252949129503919,0.0010252949129503919,other-body-box,False,True
63,ground,right_ankle_roll_link,world,right_ankle_roll_link,-0.0015049278953883603,0.0015049278953883603,foot-ground,True,False
63,ground,left_ankle_roll_sphere_1_link,world,left_ankle_roll_sphere_1_link,-0.00018870580769387007,0.00018870580769387007,foot-ground,True,False
63,ground,right_ankle_roll_sphere_3_link,world,right_ankle_roll_sphere_3_link,-1.2203325270863756e-05,1.2203325270863756e-05,foot-ground,True,False
63,right_knee_link,right_ankle_roll_link,right_knee_link,right_ankle_roll_link,-0.04190903389281492,0.04190903389281492,self-collision,False,False
63,ground,left_ankle_roll_link,world,left_ankle_roll_link,-0.0013496433356776152,0.0013496433356776152,foot-ground,True,False
63,left_knee_link,left_ankle_roll_link,left_knee_link,left_ankle_roll_link,-0.022909958572674388,0.022909958572674388,self-collision,False,False
63,left_rubber_hand_link,largebox,left_rubber_hand_link,largebox_link,-0.0010278626178333167,0.0010278626178333167,hand-box,True,False
63,left_wrist_yaw_link,largebox,left_wrist_yaw_link,largebox_link,-0.001423090670224253,0.001423090670224253,other-body-box,False,True
63,ground,right_ankle_roll_sphere_1_link,world,right_ankle_roll_sphere_1_link,-0.0009946694348086952,0.0009946694348086952,foot-ground,True,False
64,right_rubber_hand_link,largebox,right_rubber_hand_link,largebox_link,-0.00031085573997152727,0.00031085573997152727,hand-box,True,False
64,left_ankle_intermediate_1_link,left_ankle_roll_link,left_ankle_intermediate_1_link,left_ankle_roll_link,-0.001867109286797633,0.001867109286797633,self-collision,False,False
64,torso_link,largebox,torso_link,largebox_link,-0.0009821176828049144,0.0009821176828049144,other-body-box,False,True
64,ground,right_ankle_roll_link,world,right_ankle_roll_link,-0.001397567843514927,0.001397567843514927,foot-ground,True,False
64,ground,right_ankle_roll_sphere_3_link,world,right_ankle_roll_sphere_3_link,-0.0009387413264006451,0.0009387413264006451,foot-ground,True,False
64,right_knee_link,right_ankle_roll_link,right_knee_link,right_ankle_roll_link,-0.04214650140842263,0.04214650140842263,self-collision,False,False
64,ground,left_ankle_roll_link,world,left_ankle_roll_link,-0.002426886946445054,0.002426886946445054,foot-ground,True,False
64,left_knee_link,left_ankle_roll_link,left_knee_link,left_ankle_roll_link,-0.02260068027236202,0.02260068027236202,self-collision,False,False
64,left_rubber_hand_link,largebox,left_rubber_hand_link,largebox_link,-0.0009063603752137994,0.0009063603752137994,hand-box,True,False
64,left_wrist_yaw_link,largebox,left_wrist_yaw_link,largebox_link,-0.0019229239167758427,0.0019229239167758427,other-body-box,False,True
64,ground,left_ankle_roll_sphere_3_link,world,left_ankle_roll_sphere_3_link,-0.0009432641280903943,0.0009432641280903943,foot-ground,True,False
65,right_rubber_hand_link,largebox,right_rubber_hand_link,largebox_link,-0.000753859399288126,0.000753859399288126,hand-box,True,False
65,left_ankle_intermediate_1_link,left_ankle_roll_link,left_ankle_intermediate_1_link,left_ankle_roll_link,-0.002042450188289441,0.002042450188289441,self-collision,False,False
65,torso_link,largebox,torso_link,largebox_link,-0.0010180657055210984,0.0010180657055210984,other-body-box,False,True
65,ground,right_ankle_roll_link,world,right_ankle_roll_link,-0.0010092970410909077,0.0010092970410909077,foot-ground,True,False
65,ground,right_ankle_roll_sphere_3_link,world,right_ankle_roll_sphere_3_link,-0.0005332511475439365,0.0005332511475439365,foot-ground,True,False
65,right_knee_link,right_ankle_roll_link,right_knee_link,right_ankle_roll_link,-0.042763000834568715,0.042763000834568715,self-collision,False,False
65,ground,left_ankle_roll_link,world,left_ankle_roll_link,-0.0025033167312316987,0.0025033167312316987,foot-ground,True,False
65,left_knee_link,left_ankle_roll_link,left_knee_link,left_ankle_roll_link,-0.023014466526623575,0.023014466526623575,self-collision,False,False
65,left_rubber_hand_link,largebox,left_rubber_hand_link,largebox_link,-0.000947564895933492,0.000947564895933492,hand-box,True,False
65,left_wrist_yaw_link,largebox,left_wrist_yaw_link,largebox_link,-0.0014330726463397947,0.0014330726463397947,other-body-box,False,True
65,ground,left_ankle_roll_sphere_3_link,world,left_ankle_roll_sphere_3_link,-0.000974156002202335,0.000974156002202335,foot-ground,True,False
66,right_rubber_hand_link,largebox,right_rubber_hand_link,largebox_link,-0.001263593121274706,0.001263593121274706,hand-box,True,False
66,left_ankle_intermediate_1_link,left_ankle_roll_link,left_ankle_intermediate_1_link,left_ankle_roll_link,-0.002406519828166448,0.002406519828166448,self-collision,False,False
66,torso_link,largebox,torso_link,largebox_link,-0.001343602720725201,0.001343602720725201,other-body-box,False,True
66,ground,right_ankle_roll_link,world,right_ankle_roll_link,-0.0010205151862544108,0.0010205151862544108,foot-ground,True,False
66,ground,right_ankle_roll_sphere_3_link,world,right_ankle_roll_sphere_3_link,-0.0005673827019602755,0.0005673827019602755,foot-ground,True,False
66,right_knee_link,right_ankle_roll_link,right_knee_link,right_ankle_roll_link,-0.04283233386915189,0.04283233386915189,self-collision,False,False
66,ground,left_ankle_roll_link,world,left_ankle_roll_link,-0.0023818836892745,0.0023818836892745,foot-ground,True,False
66,left_knee_link,left_ankle_roll_link,left_knee_link,left_ankle_roll_link,-0.024019142299329915,0.024019142299329915,self-collision,False,False
66,left_rubber_hand_link,largebox,left_rubber_hand_link,largebox_link,-0.0010524185568149963,0.0010524185568149963,hand-box,True,False
66,left_wrist_yaw_link,largebox,left_wrist_yaw_link,largebox_link,-0.0022888709279138414,0.0022888709279138414,other-body-box,False,True
66,ground,left_ankle_roll_sphere_3_link,world,left_ankle_roll_sphere_3_link,-0.000932618422607205,0.000932618422607205,foot-ground,True,False
67,right_rubber_hand_link,largebox,right_rubber_hand_link,largebox_link,-0.0006728502846477941,0.0006728502846477941,hand-box,True,False
67,left_ankle_intermediate_1_link,left_ankle_roll_link,left_ankle_intermediate_1_link,left_ankle_roll_link,-0.0029303021281333747,0.0029303021281333747,self-collision,False,False
67,torso_link,largebox,torso_link,largebox_link,-0.001024570389371815,0.001024570389371815,other-body-box,False,True
67,ground,right_ankle_roll_link,world,right_ankle_roll_link,-0.0009782680289990645,0.0009782680289990645,foot-ground,True,False
67,ground,left_ankle_roll_sphere_1_link,world,left_ankle_roll_sphere_1_link,-1.5880737837643648e-05,1.5880737837643648e-05,foot-ground,True,False
67,ground,right_ankle_roll_sphere_3_link,world,right_ankle_roll_sphere_3_link,-0.00023782833047716456,0.00023782833047716456,foot-ground,True,False
67,right_knee_link,right_ankle_roll_link,right_knee_link,right_ankle_roll_link,-0.0425868569485503,0.0425868569485503,self-collision,False,False
67,ground,left_ankle_roll_link,world,left_ankle_roll_link,-0.0022899698080855804,0.0022899698080855804,foot-ground,True,False
67,left_knee_link,left_ankle_roll_link,left_knee_link,left_ankle_roll_link,-0.025279035528473326,0.025279035528473326,self-collision,False,False
67,left_rubber_hand_link,largebox,left_rubber_hand_link,largebox_link,-0.0007870329034541518,0.0007870329034541518,hand-box,True,False
67,left_wrist_yaw_link,largebox,left_wrist_yaw_link,largebox_link,-0.002888500046994716,0.002888500046994716,other-body-box,False,True
67,ground,left_ankle_roll_sphere_3_link,world,left_ankle_roll_sphere_3_link,-0.0009614061226775701,0.0009614061226775701,foot-ground,True,False
68,left_ankle_intermediate_1_link,left_ankle_roll_link,left_ankle_intermediate_1_link,left_ankle_roll_link,-0.0033325991944692657,0.0033325991944692657,self-collision,False,False
68,torso_link,largebox,torso_link,largebox_link,-0.00048408591692905567,0.00048408591692905567,other-body-box,False,True
68,ground,left_ankle_roll_sphere_1_link,world,left_ankle_roll_sphere_1_link,-7.884276143203372e-05,7.884276143203372e-05,foot-ground,True,False
68,right_knee_link,right_ankle_roll_link,right_knee_link,right_ankle_roll_link,-0.043042607367765995,0.043042607367765995,self-collision,False,False
68,right_ankle_intermediate_1_link,right_ankle_roll_link,right_ankle_intermediate_1_link,right_ankle_roll_link,-5.0773447319782394e-05,5.0773447319782394e-05,self-collision,False,False
68,ground,left_ankle_roll_link,world,left_ankle_roll_link,-0.002176778347585076,0.002176778347585076,foot-ground,True,False
68,left_knee_link,left_ankle_roll_link,left_knee_link,left_ankle_roll_link,-0.02778980471578535,0.02778980471578535,self-collision,False,False
68,left_rubber_hand_link,largebox,left_rubber_hand_link,largebox_link,-0.0005732099317176109,0.0005732099317176109,hand-box,True,False
68,left_wrist_yaw_link,largebox,left_wrist_yaw_link,largebox_link,-0.003899743910570949,0.003899743910570949,other-body-box,False,True
68,ground,left_ankle_roll_sphere_3_link,world,left_ankle_roll_sphere_3_link,-0.0009656464418899236,0.0009656464418899236,foot-ground,True,False
69,right_rubber_hand_link,largebox,right_rubber_hand_link,largebox_link,-0.001955388790503068,0.001955388790503068,hand-box,True,False
69,left_ankle_intermediate_1_link,left_ankle_roll_link,left_ankle_intermediate_1_link,left_ankle_roll_link,-0.0031659939699959783,0.0031659939699959783,self-collision,False,False
69,torso_link,largebox,torso_link,largebox_link,-0.0007707743356066277,0.0007707743356066277,other-body-box,False,True
69,ground,left_ankle_roll_sphere_1_link,world,left_ankle_roll_sphere_1_link,-0.0001628162712513188,0.0001628162712513188,foot-ground,True,False
69,right_knee_link,right_ankle_roll_link,right_knee_link,right_ankle_roll_link,-0.04359758616576595,0.04359758616576595,self-collision,False,False
69,right_ankle_intermediate_1_link,right_ankle_roll_link,right_ankle_intermediate_1_link,right_ankle_roll_link,-0.0002603439035276933,0.0002603439035276933,self-collision,False,False
69,ground,left_ankle_roll_link,world,left_ankle_roll_link,-0.0020414012366347656,0.0020414012366347656,foot-ground,True,False
69,left_knee_link,left_ankle_roll_link,left_knee_link,left_ankle_roll_link,-0.02946274800859086,0.02946274800859086,self-collision,False,False
69,left_rubber_hand_link,largebox,left_rubber_hand_link,largebox_link,-0.0004795115770228203,0.0004795115770228203,hand-box,True,False
69,left_wrist_yaw_link,largebox,left_wrist_yaw_link,largebox_link,-0.0021261180620519154,0.0021261180620519154,other-body-box,False,True
69,ground,left_ankle_roll_sphere_3_link,world,left_ankle_roll_sphere_3_link,-0.0009823110704991157,0.0009823110704991157,foot-ground,True,False
70,right_rubber_hand_link,largebox,right_rubber_hand_link,largebox_link,-0.0008611456468658879,0.0008611456468658879,hand-box,True,False
70,ground,left_ankle_roll_link,world,left_ankle_roll_link,-0.0019093185436916543,0.0019093185436916543,foot-ground,True,False
70,left_knee_link,left_ankle_roll_link,left_knee_link,left_ankle_roll_link,-0.030599396450478267,0.030599396450478267,self-collision,False,False
70,torso_link,largebox,torso_link,largebox_link,-0.0009514385584874219,0.0009514385584874219,other-body-box,False,True
70,left_rubber_hand_link,largebox,left_rubber_hand_link,largebox_link,-0.00032513408564184554,0.00032513408564184554,hand-box,True,False
70,left_ankle_intermediate_1_link,left_ankle_roll_link,left_ankle_intermediate_1_link,left_ankle_roll_link,-0.0031041257293703134,0.0031041257293703134,self-collision,False,False
70,left_wrist_yaw_link,largebox,left_wrist_yaw_link,largebox_link,-0.0021531805628517836,0.0021531805628517836,other-body-box,False,True
70,right_knee_link,right_ankle_roll_link,right_knee_link,right_ankle_roll_link,-0.04462402420557013,0.04462402420557013,self-collision,False,False
70,ground,left_ankle_roll_sphere_3_link,world,left_ankle_roll_sphere_3_link,-0.0009878052362578505,0.0009878052362578505,foot-ground,True,False
70,right_ankle_intermediate_1_link,right_ankle_roll_link,right_ankle_intermediate_1_link,right_ankle_roll_link,-0.0007389696041100458,0.0007389696041100458,self-collision,False,False
70,ground,left_ankle_roll_sphere_1_link,world,left_ankle_roll_sphere_1_link,-0.00023121939335632707,0.00023121939335632707,foot-ground,True,False
71,ground,left_ankle_roll_link,world,left_ankle_roll_link,-0.0014084986199152418,0.0014084986199152418,foot-ground,True,False
71,left_knee_link,left_ankle_roll_link,left_knee_link,left_ankle_roll_link,-0.032966949652860594,0.032966949652860594,self-collision,False,False
71,torso_link,largebox,torso_link,largebox_link,-0.001022513741490566,0.001022513741490566,other-body-box,False,True
71,left_rubber_hand_link,largebox,left_rubber_hand_link,largebox_link,-0.0009861828795076077,0.0009861828795076077,hand-box,True,False
71,left_ankle_intermediate_1_link,left_ankle_roll_link,left_ankle_intermediate_1_link,left_ankle_roll_link,-0.0030953785164901104,0.0030953785164901104,self-collision,False,False
71,right_knee_link,right_ankle_roll_link,right_knee_link,right_ankle_roll_link,-0.04113764164501543,0.04113764164501543,self-collision,False,False
71,ground,left_ankle_roll_sphere_3_link,world,left_ankle_roll_sphere_3_link,-0.0007676329330017174,0.0007676329330017174,foot-ground,True,False
71,ground,left_ankle_roll_sphere_1_link,world,left_ankle_roll_sphere_1_link,-0.00021128104786406667,0.00021128104786406667,foot-ground,True,False
72,right_rubber_hand_link,largebox,right_rubber_hand_link,largebox_link,-0.00409619509940308,0.00409619509940308,hand-box,True,False
72,ground,left_ankle_roll_link,world,left_ankle_roll_link,-0.0014381630619264459,0.0014381630619264459,foot-ground,True,False
72,ground,left_ankle_roll_sphere_5_link,world,left_ankle_roll_sphere_5_link,-0.00039999824367681607,0.00039999824367681607,foot-ground,True,False
72,left_knee_link,left_ankle_roll_link,left_knee_link,left_ankle_roll_link,-0.03437520962341439,0.03437520962341439,self-collision,False,False
72,torso_link,largebox,torso_link,largebox_link,-0.0009456898728558705,0.0009456898728558705,other-body-box,False,True
72,left_rubber_hand_link,largebox,left_rubber_hand_link,largebox_link,-0.001450123481890761,0.001450123481890761,hand-box,True,False
72,right_knee_link,right_ankle_roll_link,right_knee_link,right_ankle_roll_link,-0.036178756465430395,0.036178756465430395,self-collision,False,False
72,ground,left_ankle_roll_sphere_3_link,world,left_ankle_roll_sphere_3_link,-0.0009715891628072409,0.0009715891628072409,foot-ground,True,False
72,ground,left_ankle_roll_sphere_1_link,world,left_ankle_roll_sphere_1_link,-0.0005158085394481966,0.0005158085394481966,foot-ground,True,False
73,ground,left_ankle_roll_link,world,left_ankle_roll_link,-0.0014107446716042464,0.0014107446716042464,foot-ground,True,False
73,ground,left_ankle_roll_sphere_5_link,world,left_ankle_roll_sphere_5_link,-0.0009991228828262295,0.0009991228828262295,foot-ground,True,False
73,left_knee_link,left_ankle_roll_link,left_knee_link,left_ankle_roll_link,-0.03511209675909785,0.03511209675909785,self-collision,False,False
73,torso_link,largebox,torso_link,largebox_link,-0.0009540602393589975,0.0009540602393589975,other-body-box,False,True
73,left_rubber_hand_link,largebox,left_rubber_hand_link,largebox_link,-0.0008180063790697162,0.0008180063790697162,hand-box,True,False
73,right_knee_link,right_ankle_roll_link,right_knee_link,right_ankle_roll_link,-0.03440814605350448,0.03440814605350448,self-collision,False,False
73,ground,left_ankle_roll_sphere_3_link,world,left_ankle_roll_sphere_3_link,-0.0009991108238741877,0.0009991108238741877,foot-ground,True,False
73,ground,left_ankle_roll_sphere_1_link,world,left_ankle_roll_sphere_1_link,-0.0006612160810421193,0.0006612160810421193,foot-ground,True,False
73,ground,left_ankle_roll_sphere_4_link,world,left_ankle_roll_sphere_4_link,-0.0009211587680880975,0.0009211587680880975,foot-ground,True,False
73,ground,left_ankle_roll_sphere_2_link,world,left_ankle_roll_sphere_2_link,-0.0005962560345537096,0.0005962560345537096,foot-ground,True,False
74,ground,left_ankle_roll_sphere_5_link,world,left_ankle_roll_sphere_5_link,-0.0009985661713179722,0.0009985661713179722,foot-ground,True,False
74,torso_link,largebox,torso_link,largebox_link,-0.0009891593320838499,0.0009891593320838499,other-body-box,False,True
74,ground,left_ankle_roll_sphere_1_link,world,left_ankle_roll_sphere_1_link,-0.0005965830031049542,0.0005965830031049542,foot-ground,True,False
74,ground,left_ankle_roll_sphere_2_link,world,left_ankle_roll_sphere_2_link,-0.0006616538376967877,0.0006616538376967877,foot-ground,True,False
74,right_knee_link,right_ankle_roll_link,right_knee_link,right_ankle_roll_link,-0.03429484633193969,0.03429484633193969,self-collision,False,False
74,ground,left_ankle_roll_link,world,left_ankle_roll_link,-0.0014102299602583197,0.0014102299602583197,foot-ground,True,False
74,left_knee_link,left_ankle_roll_link,left_knee_link,left_ankle_roll_link,-0.035869972388548055,0.035869972388548055,self-collision,False,False
74,left_rubber_hand_link,largebox,left_rubber_hand_link,largebox_link,-0.0014898651972887755,0.0014898651972887755,hand-box,True,False
74,ground,left_ankle_roll_sphere_3_link,world,left_ankle_roll_sphere_3_link,-0.0009206344336242294,0.0009206344336242294,foot-ground,True,False
74,ground,left_ankle_roll_sphere_4_link,world,left_ankle_roll_sphere_4_link,-0.0009987194351344297,0.0009987194351344297,foot-ground,True,False
75,ground,left_ankle_roll_sphere_5_link,world,left_ankle_roll_sphere_5_link,-0.0009987784781055496,0.0009987784781055496,foot-ground,True,False
75,torso_link,largebox,torso_link,largebox_link,-0.0009388683826127425,0.0009388683826127425,other-body-box,False,True
75,ground,left_ankle_roll_sphere_1_link,world,left_ankle_roll_sphere_1_link,-0.0005872635033740926,0.0005872635033740926,foot-ground,True,False
75,ground,left_ankle_roll_sphere_2_link,world,left_ankle_roll_sphere_2_link,-0.0006547043231413937,0.0006547043231413937,foot-ground,True,False
75,right_knee_link,right_ankle_roll_link,right_knee_link,right_ankle_roll_link,-0.03471303413629062,0.03471303413629062,self-collision,False,False
75,ground,left_ankle_roll_link,world,left_ankle_roll_link,-0.0014111517948027924,0.0014111517948027924,foot-ground,True,False
75,left_knee_link,left_ankle_roll_link,left_knee_link,left_ankle_roll_link,-0.036055771778017914,0.036055771778017914,self-collision,False,False
75,left_rubber_hand_link,largebox,left_rubber_hand_link,largebox_link,-0.0010256008207106676,0.0010256008207106676,hand-box,True,False
75,ground,left_ankle_roll_sphere_3_link,world,left_ankle_roll_sphere_3_link,-0.0009185461373138219,0.0009185461373138219,foot-ground,True,False
75,ground,left_ankle_roll_sphere_4_link,world,left_ankle_roll_sphere_4_link,-0.000999475121034584,0.000999475121034584,foot-ground,True,False
76,ground,left_ankle_roll_sphere_5_link,world,left_ankle_roll_sphere_5_link,-0.0009988213138129058,0.0009988213138129058,foot-ground,True,False
76,torso_link,largebox,torso_link,largebox_link,-0.0009434530489073889,0.0009434530489073889,other-body-box,False,True
76,ground,left_ankle_roll_sphere_1_link,world,left_ankle_roll_sphere_1_link,-0.0005770913735593441,0.0005770913735593441,foot-ground,True,False
76,left_ankle_roll_link,right_ankle_roll_link,left_ankle_roll_link,right_ankle_roll_link,-0.029278928277429617,0.029278928277429617,self-collision,False,False
76,ground,left_ankle_roll_sphere_2_link,world,left_ankle_roll_sphere_2_link,-0.0006464086008804082,0.0006464086008804082,foot-ground,True,False
76,left_ankle_roll_link,right_ankle_roll_sphere_3_link,left_ankle_roll_link,right_ankle_roll_sphere_3_link,-0.008820383915063859,0.008820383915063859,self-collision,False,False
76,right_knee_link,right_ankle_roll_link,right_knee_link,right_ankle_roll_link,-0.03568280854880079,0.03568280854880079,self-collision,False,False
76,ground,left_ankle_roll_link,world,left_ankle_roll_link,-0.0014117046199188694,0.0014117046199188694,foot-ground,True,False
76,left_knee_link,left_ankle_roll_link,left_knee_link,left_ankle_roll_link,-0.0364870316117151,0.0364870316117151,self-collision,False,False
76,left_rubber_hand_link,largebox,left_rubber_hand_link,largebox_link,-0.0010395193365917155,0.0010395193365917155,hand-box,True,False
76,ground,left_ankle_roll_sphere_3_link,world,left_ankle_roll_sphere_3_link,-0.00091648662725258,0.00091648662725258,foot-ground,True,False
76,ground,left_ankle_roll_sphere_4_link,world,left_ankle_roll_sphere_4_link,-0.000999667300037854,0.000999667300037854,foot-ground,True,False
76,left_ankle_roll_sphere_2_link,right_ankle_roll_link,left_ankle_roll_sphere_2_link,right_ankle_roll_link,-0.015423247419947606,0.015423247419947606,self-collision,False,False
77,right_rubber_hand_link,largebox,right_rubber_hand_link,largebox_link,-0.0012295655884252688,0.0012295655884252688,hand-box,True,False
77,ground,left_ankle_roll_sphere_5_link,world,left_ankle_roll_sphere_5_link,-0.00099798758523082,0.00099798758523082,foot-ground,True,False
77,torso_link,largebox,torso_link,largebox_link,-0.0009017815436751925,0.0009017815436751925,other-body-box,False,True
77,ground,right_ankle_roll_link,world,right_ankle_roll_link,-0.0003321554088267509,0.0003321554088267509,foot-ground,True,False
77,left_knee_link,right_ankle_roll_link,left_knee_link,right_ankle_roll_link,-0.004393572980811264,0.004393572980811264,self-collision,False,False
77,ground,left_ankle_roll_sphere_1_link,world,left_ankle_roll_sphere_1_link,-0.0005764320671441175,0.0005764320671441175,foot-ground,True,False
77,left_ankle_roll_link,right_ankle_roll_link,left_ankle_roll_link,right_ankle_roll_link,-0.022402668317461266,0.022402668317461266,self-collision,False,False
77,ground,left_ankle_roll_sphere_2_link,world,left_ankle_roll_sphere_2_link,-0.0006457788252143886,0.0006457788252143886,foot-ground,True,False
77,right_knee_link,right_ankle_roll_link,right_knee_link,right_ankle_roll_link,-0.03586580931710073,0.03586580931710073,self-collision,False,False
77,ground,left_ankle_roll_link,world,left_ankle_roll_link,-0.0014108854187714522,0.0014108854187714522,foot-ground,True,False
77,left_knee_link,left_ankle_roll_link,left_knee_link,left_ankle_roll_link,-0.037274968064757996,0.037274968064757996,self-collision,False,False
77,left_rubber_hand_link,largebox,left_rubber_hand_link,largebox_link,-0.0008482294944266167,0.0008482294944266167,hand-box,True,False
77,ground,left_ankle_roll_sphere_3_link,world,left_ankle_roll_sphere_3_link,-0.0009156550946990165,0.0009156550946990165,foot-ground,True,False
77,ground,left_ankle_roll_sphere_4_link,world,left_ankle_roll_sphere_4_link,-0.0009988712043833446,0.0009988712043833446,foot-ground,True,False
78,ground,left_ankle_roll_sphere_5_link,world,left_ankle_roll_sphere_5_link,-0.0009981973488057223,0.0009981973488057223,foot-ground,True,False
78,torso_link,largebox,torso_link,largebox_link,-0.0008888711273336014,0.0008888711273336014,other-body-box,False,True
78,ground,right_ankle_roll_link,world,right_ankle_roll_link,-0.0011347685949482864,0.0011347685949482864,foot-ground,True,False
78,left_knee_link,right_ankle_roll_link,left_knee_link,right_ankle_roll_link,-0.0031829629285564237,0.0031829629285564237,self-collision,False,False
78,ground,left_ankle_roll_sphere_1_link,world,left_ankle_roll_sphere_1_link,-0.0005752858433651876,0.0005752858433651876,foot-ground,True,False
78,left_ankle_roll_link,right_ankle_roll_link,left_ankle_roll_link,right_ankle_roll_link,-0.013104314858734756,0.013104314858734756,self-collision,False,False
78,ground,right_ankle_roll_sphere_3_link,world,right_ankle_roll_sphere_3_link,-0.0005154225003790825,0.0005154225003790825,foot-ground,True,False
78,ground,left_ankle_roll_sphere_2_link,world,left_ankle_roll_sphere_2_link,-0.0006448219833298787,0.0006448219833298787,foot-ground,True,False
78,right_knee_link,right_ankle_roll_link,right_knee_link,right_ankle_roll_link,-0.03668533513775918,0.03668533513775918,self-collision,False,False
78,left_ankle_roll_link,right_ankle_roll_sphere_1_link,left_ankle_roll_link,right_ankle_roll_sphere_1_link,-0.04314759256518902,0.04314759256518902,self-collision,False,False
78,ground,left_ankle_roll_link,world,left_ankle_roll_link,-0.0014111403492245364,0.0014111403492245364,foot-ground,True,False
78,left_knee_link,left_ankle_roll_link,left_knee_link,left_ankle_roll_link,-0.03798791833154991,0.03798791833154991,self-collision,False,False
78,left_rubber_hand_link,largebox,left_rubber_hand_link,largebox_link,-0.001074278916680993,0.001074278916680993,hand-box,True,False
78,ground,left_ankle_roll_sphere_3_link,world,left_ankle_roll_sphere_3_link,-0.0009156184610944673,0.0009156184610944673,foot-ground,True,False
78,ground,left_ankle_roll_sphere_4_link,world,left_ankle_roll_sphere_4_link,-0.000999061829052096,0.000999061829052096,foot-ground,True,False
79,right_rubber_hand_link,largebox,right_rubber_hand_link,largebox_link,-0.0006072078191767388,0.0006072078191767388,hand-box,True,False
79,ground,left_ankle_roll_sphere_5_link,world,left_ankle_roll_sphere_5_link,-0.0010000995230684982,0.0010000995230684982,foot-ground,True,False
79,torso_link,largebox,torso_link,largebox_link,-0.0009315811738672825,0.0009315811738672825,other-body-box,False,True
79,ground,right_ankle_roll_link,world,right_ankle_roll_link,-0.0016644264874994229,0.0016644264874994229,foot-ground,True,False
79,ground,left_ankle_roll_sphere_1_link,world,left_ankle_roll_sphere_1_link,-0.0005869500845329658,0.0005869500845329658,foot-ground,True,False
79,ground,left_ankle_roll_sphere_2_link,world,left_ankle_roll_sphere_2_link,-0.0006548033619059408,0.0006548033619059408,foot-ground,True,False
79,right_knee_link,right_ankle_roll_link,right_knee_link,right_ankle_roll_link,-0.03437697495491579,0.03437697495491579,self-collision,False,False
79,ground,left_ankle_roll_link,world,left_ankle_roll_link,-0.0014125967924117147,0.0014125967924117147,foot-ground,True,False
79,left_knee_link,left_ankle_roll_link,left_knee_link,left_ankle_roll_link,-0.03840695588296891,0.03840695588296891,self-collision,False,False
79,left_rubber_hand_link,largebox,left_rubber_hand_link,largebox_link,-0.0010800544138077767,0.0010800544138077767,hand-box,True,False
79,ground,left_ankle_roll_sphere_3_link,world,left_ankle_roll_sphere_3_link,-0.000919469367186918,0.000919469367186918,foot-ground,True,False
79,ground,right_ankle_roll_sphere_1_link,world,right_ankle_roll_sphere_1_link,-0.0009511061515555834,0.0009511061515555834,foot-ground,True,False
79,ground,left_ankle_roll_sphere_4_link,world,left_ankle_roll_sphere_4_link,-0.0010008933000344887,0.0010008933000344887,foot-ground,True,False
80,right_rubber_hand_link,largebox,right_rubber_hand_link,largebox_link,-0.0007285125234107043,0.0007285125234107043,hand-box,True,False
80,ground,left_ankle_roll_sphere_5_link,world,left_ankle_roll_sphere_5_link,-0.001004697663517135,0.001004697663517135,foot-ground,True,False
80,torso_link,largebox,torso_link,largebox_link,-0.0009400106399243269,0.0009400106399243269,other-body-box,False,True
80,ground,right_ankle_roll_link,world,right_ankle_roll_link,-0.0012981212538957232,0.0012981212538957232,foot-ground,True,False
80,ground,left_ankle_roll_sphere_1_link,world,left_ankle_roll_sphere_1_link,-0.0006640531463439374,0.0006640531463439374,foot-ground,True,False
80,ground,left_ankle_roll_sphere_2_link,world,left_ankle_roll_sphere_2_link,-0.0006025938522264121,0.0006025938522264121,foot-ground,True,False
80,right_knee_link,right_ankle_roll_link,right_knee_link,right_ankle_roll_link,-0.028211389389785485,0.028211389389785485,self-collision,False,False
80,right_ankle_intermediate_1_link,right_ankle_roll_link,right_ankle_intermediate_1_link,right_ankle_roll_link,-0.0027762708557445004,0.0027762708557445004,self-collision,False,False
80,ground,left_ankle_roll_link,world,left_ankle_roll_link,-0.0014150116418873288,0.0014150116418873288,foot-ground,True,False
80,left_knee_link,left_ankle_roll_link,left_knee_link,left_ankle_roll_link,-0.03899905107524412,0.03899905107524412,self-collision,False,False
80,left_rubber_hand_link,largebox,left_rubber_hand_link,largebox_link,-0.001318761260116541,0.001318761260116541,hand-box,True,False
80,ground,left_ankle_roll_sphere_3_link,world,left_ankle_roll_sphere_3_link,-0.0010024812227000758,0.0010024812227000758,foot-ground,True,False
80,ground,right_ankle_roll_sphere_1_link,world,right_ankle_roll_sphere_1_link,-0.0007780104888731416,0.0007780104888731416,foot-ground,True,False
80,ground,left_ankle_roll_sphere_4_link,world,left_ankle_roll_sphere_4_link,-0.0009287300697590475,0.0009287300697590475,foot-ground,True,False
81,ground,right_ankle_roll_sphere_2_link,world,right_ankle_roll_sphere_2_link,-0.00026303369830647707,0.00026303369830647707,foot-ground,True,False
81,right_rubber_hand_link,largebox,right_rubber_hand_link,largebox_link,-0.0008081885802168204,0.0008081885802168204,hand-box,True,False
81,ground,left_ankle_roll_sphere_5_link,world,left_ankle_roll_sphere_5_link,-0.0010036395379766283,0.0010036395379766283,foot-ground,True,False
81,torso_link,largebox,torso_link,largebox_link,-0.0009652878929100744,0.0009652878929100744,other-body-box,False,True
81,ground,right_ankle_roll_link,world,right_ankle_roll_link,-0.0012384768589719618,0.0012384768589719618,foot-ground,True,False
81,ground,left_ankle_roll_sphere_1_link,world,left_ankle_roll_sphere_1_link,-0.0006592437317954085,0.0006592437317954085,foot-ground,True,False
81,ground,right_ankle_roll_sphere_3_link,world,right_ankle_roll_sphere_3_link,-0.0008008088036403549,0.0008008088036403549,foot-ground,True,False
81,ground,left_ankle_roll_sphere_2_link,world,left_ankle_roll_sphere_2_link,-0.0005984624417321579,0.0005984624417321579,foot-ground,True,False
81,ground,right_ankle_roll_sphere_4_link,world,right_ankle_roll_sphere_4_link,-0.00029147510472211837,0.00029147510472211837,foot-ground,True,False
81,ground,right_ankle_roll_sphere_5_link,world,right_ankle_roll_sphere_5_link,-0.0005544814696312938,0.0005544814696312938,foot-ground,True,False
81,right_knee_link,right_ankle_roll_link,right_knee_link,right_ankle_roll_link,-0.023820006629541826,0.023820006629541826,self-collision,False,False
81,right_ankle_intermediate_1_link,right_ankle_roll_link,right_ankle_intermediate_1_link,right_ankle_roll_link,-0.0023703177980669843,0.0023703177980669843,self-collision,False,False
81,ground,left_ankle_roll_link,world,left_ankle_roll_link,-0.0014136436684118736,0.0014136436684118736,foot-ground,True,False
81,left_knee_link,left_ankle_roll_link,left_knee_link,left_ankle_roll_link,-0.03926048073307756,0.03926048073307756,self-collision,False,False
81,left_rubber_hand_link,largebox,left_rubber_hand_link,largebox_link,-0.0012978310545102567,0.0012978310545102567,hand-box,True,False
81,ground,left_ankle_roll_sphere_3_link,world,left_ankle_roll_sphere_3_link,-0.0010006571066237561,0.0010006571066237561,foot-ground,True,False
81,ground,right_ankle_roll_sphere_1_link,world,right_ankle_roll_sphere_1_link,-0.0006874784474050063,0.0006874784474050063,foot-ground,True,False
81,ground,left_ankle_roll_sphere_4_link,world,left_ankle_roll_sphere_4_link,-0.0009277195585478499,0.0009277195585478499,foot-ground,True,False
82,ground,right_ankle_roll_sphere_2_link,world,right_ankle_roll_sphere_2_link,-0.0007153108521130947,0.0007153108521130947,foot-ground,True,False
82,right_rubber_hand_link,largebox,right_rubber_hand_link,largebox_link,-0.0010361135066150606,0.0010361135066150606,hand-box,True,False
82,ground,left_ankle_roll_sphere_5_link,world,left_ankle_roll_sphere_5_link,-0.0010008465752318575,0.0010008465752318575,foot-ground,True,False
82,torso_link,largebox,torso_link,largebox_link,-0.0009640160266224385,0.0009640160266224385,other-body-box,False,True
82,ground,right_ankle_roll_link,world,right_ankle_roll_link,-0.0012402884240282734,0.0012402884240282734,foot-ground,True,False
82,ground,left_ankle_roll_sphere_1_link,world,left_ankle_roll_sphere_1_link,-0.0006617703929852779,0.0006617703929852779,foot-ground,True,False
82,ground,left_ankle_roll_sphere_2_link,world,left_ankle_roll_sphere_2_link,-0.0005977239281404539,0.0005977239281404539,foot-ground,True,False
82,right_knee_link,right_ankle_roll_link,right_knee_link,right_ankle_roll_link,-0.02181788795969479,0.02181788795969479,self-collision,False,False
82,right_ankle_intermediate_1_link,right_ankle_roll_link,right_ankle_intermediate_1_link,right_ankle_roll_link,-0.004600749443073773,0.004600749443073773,self-collision,False,False
82,ground,left_ankle_roll_link,world,left_ankle_roll_link,-0.0014121139498971189,0.0014121139498971189,foot-ground,True,False
82,left_knee_link,left_ankle_roll_link,left_knee_link,left_ankle_roll_link,-0.03972648201674078,0.03972648201674078,self-collision,False,False
82,left_rubber_hand_link,largebox,left_rubber_hand_link,largebox_link,-0.0013945744048420444,0.0013945744048420444,hand-box,True,False
82,ground,left_ankle_roll_sphere_3_link,world,left_ankle_roll_sphere_3_link,-0.0010002113578578059,0.0010002113578578059,foot-ground,True,False
82,ground,left_ankle_roll_sphere_4_link,world,left_ankle_roll_sphere_4_link,-0.0009233556000440143,0.0009233556000440143,foot-ground,True,False
83,ground,right_ankle_roll_sphere_2_link,world,right_ankle_roll_sphere_2_link,-0.0009205686668169967,0.0009205686668169967,foot-ground,True,False
83,right_rubber_hand_link,largebox,right_rubber_hand_link,largebox_link,-0.0011772044432279416,0.0011772044432279416,hand-box,True,False
83,ground,left_ankle_roll_sphere_5_link,world,left_ankle_roll_sphere_5_link,-0.0009970079763621268,0.0009970079763621268,foot-ground,True,False
83,torso_link,largebox,torso_link,largebox_link,-0.0009741253489887608,0.0009741253489887608,other-body-box,False,True
83,ground,right_ankle_roll_link,world,right_ankle_roll_link,-0.0016299090921798771,0.0016299090921798771,foot-ground,True,False
83,ground,left_ankle_roll_sphere_1_link,world,left_ankle_roll_sphere_1_link,-0.0006593452243954757,0.0006593452243954757,foot-ground,True,False
83,ground,left_ankle_roll_sphere_2_link,world,left_ankle_roll_sphere_2_link,-0.0005943715683907258,0.0005943715683907258,foot-ground,True,False
83,right_knee_link,right_ankle_roll_link,right_knee_link,right_ankle_roll_link,-0.020916610513101994,0.020916610513101994,self-collision,False,False
83,right_ankle_intermediate_1_link,right_ankle_roll_link,right_ankle_intermediate_1_link,right_ankle_roll_link,-0.005075640766942793,0.005075640766942793,self-collision,False,False
83,ground,left_ankle_roll_link,world,left_ankle_roll_link,-0.0014086395516969066,0.0014086395516969066,foot-ground,True,False
83,left_knee_link,left_ankle_roll_link,left_knee_link,left_ankle_roll_link,-0.04043427634727226,0.04043427634727226,self-collision,False,False
83,left_rubber_hand_link,largebox,left_rubber_hand_link,largebox_link,-0.0012289472404338891,0.0012289472404338891,hand-box,True,False
83,ground,left_ankle_roll_sphere_3_link,world,left_ankle_roll_sphere_3_link,-0.0009970290562840252,0.0009970290562840252,foot-ground,True,False
83,ground,left_ankle_roll_sphere_4_link,world,left_ankle_roll_sphere_4_link,-0.0009190606690783259,0.0009190606690783259,foot-ground,True,False
84,ground,right_ankle_roll_sphere_2_link,world,right_ankle_roll_sphere_2_link,-0.0009829344286744297,0.0009829344286744297,foot-ground,True,False
84,ground,left_ankle_roll_sphere_5_link,world,left_ankle_roll_sphere_5_link,-0.0005597014981173374,0.0005597014981173374,foot-ground,True,False
84,torso_link,largebox,torso_link,largebox_link,-0.0009378351412904079,0.0009378351412904079,other-body-box,False,True
84,ground,right_ankle_roll_link,world,right_ankle_roll_link,-0.001736821313710682,0.001736821313710682,foot-ground,True,False
84,right_knee_link,right_ankle_roll_link,right_knee_link,right_ankle_roll_link,-0.021470829841697944,0.021470829841697944,self-collision,False,False
84,right_ankle_intermediate_1_link,right_ankle_roll_link,right_ankle_intermediate_1_link,right_ankle_roll_link,-0.0048748424948173025,0.0048748424948173025,self-collision,False,False
84,ground,left_ankle_roll_link,world,left_ankle_roll_link,-0.001022633178910659,0.001022633178910659,foot-ground,True,False
84,left_knee_link,left_ankle_roll_link,left_knee_link,left_ankle_roll_link,-0.04128273531258389,0.04128273531258389,self-collision,False,False
84,left_rubber_hand_link,largebox,left_rubber_hand_link,largebox_link,-0.0011173965028227345,0.0011173965028227345,hand-box,True,False
84,ground,left_ankle_roll_sphere_3_link,world,left_ankle_roll_sphere_3_link,-0.0006001306374750865,0.0006001306374750865,foot-ground,True,False
84,ground,left_ankle_roll_sphere_4_link,world,left_ankle_roll_sphere_4_link,-0.0003319331984824583,0.0003319331984824583,foot-ground,True,False
85,ground,right_ankle_roll_sphere_2_link,world,right_ankle_roll_sphere_2_link,-0.0009863226354129657,0.0009863226354129657,foot-ground,True,False
85,right_rubber_hand_link,largebox,right_rubber_hand_link,largebox_link,-0.004279718834497667,0.004279718834497667,hand-box,True,False
85,ground,left_ankle_roll_sphere_5_link,world,left_ankle_roll_sphere_5_link,-0.0005245907242195534,0.0005245907242195534,foot-ground,True,False
85,torso_link,largebox,torso_link,largebox_link,-0.0009949022262704527,0.0009949022262704527,other-body-box,False,True
85,ground,right_ankle_roll_link,world,right_ankle_roll_link,-0.0017323400393427016,0.0017323400393427016,foot-ground,True,False
85,right_knee_link,right_ankle_roll_link,right_knee_link,right_ankle_roll_link,-0.02235815119977068,0.02235815119977068,self-collision,False,False
85,right_ankle_intermediate_1_link,right_ankle_roll_link,right_ankle_intermediate_1_link,right_ankle_roll_link,-0.004422943412101477,0.004422943412101477,self-collision,False,False
85,ground,left_ankle_roll_link,world,left_ankle_roll_link,-0.0009979382410265115,0.0009979382410265115,foot-ground,True,False
85,left_knee_link,left_ankle_roll_link,left_knee_link,left_ankle_roll_link,-0.04134246389787927,0.04134246389787927,self-collision,False,False
85,left_rubber_hand_link,largebox,left_rubber_hand_link,largebox_link,-0.0010728963918444079,0.0010728963918444079,hand-box,True,False
86,ground,right_ankle_roll_sphere_2_link,world,right_ankle_roll_sphere_2_link,-0.0009884002840533672,0.0009884002840533672,foot-ground,True,False
86,right_rubber_hand_link,largebox,right_rubber_hand_link,largebox_link,-0.000801850200508894,0.000801850200508894,hand-box,True,False
86,torso_link,largebox,torso_link,largebox_link,-0.000954724385082345,0.000954724385082345,other-body-box,False,True
86,ground,right_ankle_roll_link,world,right_ankle_roll_link,-0.0017092003093055856,0.0017092003093055856,foot-ground,True,False
86,right_knee_link,right_ankle_roll_link,right_knee_link,right_ankle_roll_link,-0.023293013867426868,0.023293013867426868,self-collision,False,False
86,right_ankle_intermediate_1_link,right_ankle_roll_link,right_ankle_intermediate_1_link,right_ankle_roll_link,-0.002131644856796247,0.002131644856796247,self-collision,False,False
86,left_knee_link,left_ankle_roll_link,left_knee_link,left_ankle_roll_link,-0.041654341603505424,0.041654341603505424,self-collision,False,False
86,left_rubber_hand_link,largebox,left_rubber_hand_link,largebox_link,-0.0013071248816940162,0.0013071248816940162,hand-box,True,False
87,ground,right_ankle_roll_sphere_2_link,world,right_ankle_roll_sphere_2_link,-0.0009898007470218765,0.0009898007470218765,foot-ground,True,False
87,right_rubber_hand_link,largebox,right_rubber_hand_link,largebox_link,-0.0020787062801709832,0.0020787062801709832,hand-box,True,False
87,torso_link,largebox,torso_link,largebox_link,-0.0009309189429283493,0.0009309189429283493,other-body-box,False,True
87,ground,right_ankle_roll_link,world,right_ankle_roll_link,-0.0016934632648341642,0.0016934632648341642,foot-ground,True,False
87,right_knee_link,right_ankle_roll_link,right_knee_link,right_ankle_roll_link,-0.02454237271371419,0.02454237271371419,self-collision,False,False
87,right_ankle_intermediate_1_link,right_ankle_roll_link,right_ankle_intermediate_1_link,right_ankle_roll_link,-0.00261710957235603,0.00261710957235603,self-collision,False,False
87,left_knee_link,left_ankle_roll_link,left_knee_link,left_ankle_roll_link,-0.04176047147750209,0.04176047147750209,self-collision,False,False
87,left_rubber_hand_link,largebox,left_rubber_hand_link,largebox_link,-0.0006297370117471363,0.0006297370117471363,hand-box,True,False
88,ground,right_ankle_roll_sphere_2_link,world,right_ankle_roll_sphere_2_link,-0.0009896786755657873,0.0009896786755657873,foot-ground,True,False
88,right_rubber_hand_link,largebox,right_rubber_hand_link,largebox_link,-0.001822642067251079,0.001822642067251079,hand-box,True,False
88,torso_link,largebox,torso_link,largebox_link,-0.0009257385234882343,0.0009257385234882343,other-body-box,False,True
88,ground,right_ankle_roll_link,world,right_ankle_roll_link,-0.0016556979583882275,0.0016556979583882275,foot-ground,True,False
88,right_knee_link,right_ankle_roll_link,right_knee_link,right_ankle_roll_link,-0.027098944231094213,0.027098944231094213,self-collision,False,False
88,right_ankle_intermediate_1_link,right_ankle_roll_link,right_ankle_intermediate_1_link,right_ankle_roll_link,-0.0033229871812984896,0.0033229871812984896,self-collision,False,False
88,left_knee_link,left_ankle_roll_link,left_knee_link,left_ankle_roll_link,-0.042322463884184536,0.042322463884184536,self-collision,False,False
88,left_rubber_hand_link,largebox,left_rubber_hand_link,largebox_link,-0.0014438849175760493,0.0014438849175760493,hand-box,True,False
89,ground,right_ankle_roll_sphere_2_link,world,right_ankle_roll_sphere_2_link,-0.0009392120001494543,0.0009392120001494543,foot-ground,True,False
89,right_rubber_hand_link,largebox,right_rubber_hand_link,largebox_link,-0.005202066361129257,0.005202066361129257,hand-box,True,False
89,left_knee_link,left_ankle_roll_link,left_knee_link,left_ankle_roll_link,-0.04027773320624739,0.04027773320624739,self-collision,False,False
89,torso_link,largebox,torso_link,largebox_link,-0.0009343540731984179,0.0009343540731984179,other-body-box,False,True
89,left_rubber_hand_link,largebox,left_rubber_hand_link,largebox_link,-0.0010015540119616834,0.0010015540119616834,hand-box,True,False
89,ground,right_ankle_roll_link,world,right_ankle_roll_link,-0.001535431058983773,0.001535431058983773,foot-ground,True,False
89,right_knee_link,right_ankle_roll_link,right_knee_link,right_ankle_roll_link,-0.029127782848385048,0.029127782848385048,self-collision,False,False
89,right_ankle_intermediate_1_link,right_ankle_roll_link,right_ankle_intermediate_1_link,right_ankle_roll_link,-0.003245834978651649,0.003245834978651649,self-collision,False,False
90,ground,right_ankle_roll_sphere_2_link,world,right_ankle_roll_sphere_2_link,-0.0009800316976377758,0.0009800316976377758,foot-ground,True,False
90,right_rubber_hand_link,largebox,right_rubber_hand_link,largebox_link,-0.005206516266538175,0.005206516266538175,hand-box,True,False
90,left_knee_link,left_ankle_roll_link,left_knee_link,left_ankle_roll_link,-0.03681263639332971,0.03681263639332971,self-collision,False,False
90,torso_link,largebox,torso_link,largebox_link,-0.0009533892620716689,0.0009533892620716689,other-body-box,False,True
90,left_rubber_hand_link,largebox,left_rubber_hand_link,largebox_link,-0.0010207339487800365,0.0010207339487800365,hand-box,True,False
90,ground,right_ankle_roll_link,world,right_ankle_roll_link,-0.0015067549653846324,0.0015067549653846324,foot-ground,True,False
90,right_knee_link,right_ankle_roll_link,right_knee_link,right_ankle_roll_link,-0.030887167808437893,0.030887167808437893,self-collision,False,False
90,right_ankle_intermediate_1_link,right_ankle_roll_link,right_ankle_intermediate_1_link,right_ankle_roll_link,-0.0031703181031115246,0.0031703181031115246,self-collision,False,False
91,ground,right_ankle_roll_sphere_4_link,world,right_ankle_roll_sphere_4_link,-0.0001671580594946277,0.0001671580594946277,foot-ground,True,False
91,ground,right_ankle_roll_sphere_2_link,world,right_ankle_roll_sphere_2_link,-0.000997794225078885,0.000997794225078885,foot-ground,True,False
91,right_rubber_hand_link,largebox,right_rubber_hand_link,largebox_link,-0.0019451044051877336,0.0019451044051877336,hand-box,True,False
91,left_knee_link,left_ankle_roll_link,left_knee_link,left_ankle_roll_link,-0.03311549523593893,0.03311549523593893,self-collision,False,False
91,torso_link,largebox,torso_link,largebox_link,-0.0009152824233884943,0.0009152824233884943,other-body-box,False,True
91,left_rubber_hand_link,largebox,left_rubber_hand_link,largebox_link,-0.0009537027184160912,0.0009537027184160912,hand-box,True,False
91,ground,right_ankle_roll_link,world,right_ankle_roll_link,-0.0014727619734114343,0.0014727619734114343,foot-ground,True,False
91,right_knee_link,right_ankle_roll_link,right_knee_link,right_ankle_roll_link,-0.03251776126627695,0.03251776126627695,self-collision,False,False
91,right_ankle_intermediate_1_link,right_ankle_roll_link,right_ankle_intermediate_1_link,right_ankle_roll_link,-0.003071220877142608,0.003071220877142608,self-collision,False,False
92,ground,right_ankle_roll_sphere_4_link,world,right_ankle_roll_sphere_4_link,-0.00043330811290247847,0.00043330811290247847,foot-ground,True,False
92,ground,right_ankle_roll_sphere_2_link,world,right_ankle_roll_sphere_2_link,-0.0009969707978268036,0.0009969707978268036,foot-ground,True,False
92,left_knee_link,left_ankle_roll_link,left_knee_link,left_ankle_roll_link,-0.031040129923140147,0.031040129923140147,self-collision,False,False
92,torso_link,largebox,torso_link,largebox_link,-0.0009789266900400856,0.0009789266900400856,other-body-box,False,True
92,left_rubber_hand_link,largebox,left_rubber_hand_link,largebox_link,-0.0008472381806494123,0.0008472381806494123,hand-box,True,False
92,left_ankle_intermediate_1_link,left_ankle_roll_link,left_ankle_intermediate_1_link,left_ankle_roll_link,-0.0019170512814039031,0.0019170512814039031,self-collision,False,False
92,ground,right_ankle_roll_link,world,right_ankle_roll_link,-0.001421422521451672,0.001421422521451672,foot-ground,True,False
92,right_knee_link,right_ankle_roll_link,right_knee_link,right_ankle_roll_link,-0.03387809722989549,0.03387809722989549,self-collision,False,False
92,right_ankle_intermediate_1_link,right_ankle_roll_link,right_ankle_intermediate_1_link,right_ankle_roll_link,-0.0029523413936020093,0.0029523413936020093,self-collision,False,False
92,ground,right_ankle_roll_sphere_1_link,world,right_ankle_roll_sphere_1_link,-0.00020613584433563491,0.00020613584433563491,foot-ground,True,False
93,ground,right_ankle_roll_sphere_2_link,world,right_ankle_roll_sphere_2_link,-0.000782442528407634,0.000782442528407634,foot-ground,True,False
93,left_ankle_intermediate_1_link,left_ankle_roll_link,left_ankle_intermediate_1_link,left_ankle_roll_link,-0.002037790570023873,0.002037790570023873,self-collision,False,False
93,torso_link,largebox,torso_link,largebox_link,-0.0010160400183811535,0.0010160400183811535,other-body-box,False,True
93,ground,right_ankle_roll_link,world,right_ankle_roll_link,-0.0013956030546359265,0.0013956030546359265,foot-ground,True,False
93,ground,right_ankle_roll_sphere_3_link,world,right_ankle_roll_sphere_3_link,-0.0007696618818808952,0.0007696618818808952,foot-ground,True,False
93,ground,right_ankle_roll_sphere_4_link,world,right_ankle_roll_sphere_4_link,-0.0009959722792443537,0.0009959722792443537,foot-ground,True,False
93,ground,right_ankle_roll_sphere_5_link,world,right_ankle_roll_sphere_5_link,-0.0009057194983339697,0.0009057194983339697,foot-ground,True,False
93,right_knee_link,right_ankle_roll_link,right_knee_link,right_ankle_roll_link,-0.03466507358916379,0.03466507358916379,self-collision,False,False
93,left_knee_link,left_ankle_roll_link,left_knee_link,left_ankle_roll_link,-0.03198183913780453,0.03198183913780453,self-collision,False,False
93,left_rubber_hand_link,largebox,left_rubber_hand_link,largebox_link,-0.0008755588673823034,0.0008755588673823034,hand-box,True,False
93,ground,right_ankle_roll_sphere_1_link,world,right_ankle_roll_sphere_1_link,-0.0005938505306047502,0.0005938505306047502,foot-ground,True,False
94,ground,right_ankle_roll_sphere_2_link,world,right_ankle_roll_sphere_2_link,-0.0006449434874902611,0.0006449434874902611,foot-ground,True,False
94,torso_link,largebox,torso_link,largebox_link,-0.0010150499086130915,0.0010150499086130915,other-body-box,False,True
94,ground,right_ankle_roll_link,world,right_ankle_roll_link,-0.0014087163719337797,0.0014087163719337797,foot-ground,True,False
94,ground,right_ankle_roll_sphere_3_link,world,right_ankle_roll_sphere_3_link,-0.0009153827460491861,0.0009153827460491861,foot-ground,True,False
94,ground,right_ankle_roll_sphere_4_link,world,right_ankle_roll_sphere_4_link,-0.000996392411161058,0.000996392411161058,foot-ground,True,False
94,ground,right_ankle_roll_sphere_5_link,world,right_ankle_roll_sphere_5_link,-0.000996440298398629,0.000996440298398629,foot-ground,True,False
94,right_knee_link,right_ankle_roll_link,right_knee_link,right_ankle_roll_link,-0.03554125423254076,0.03554125423254076,self-collision,False,False
94,left_knee_link,left_ankle_roll_link,left_knee_link,left_ankle_roll_link,-0.03373485615492963,0.03373485615492963,self-collision,False,False
94,left_rubber_hand_link,largebox,left_rubber_hand_link,largebox_link,-0.0008693022223692087,0.0008693022223692087,hand-box,True,False
94,ground,right_ankle_roll_sphere_1_link,world,right_ankle_roll_sphere_1_link,-0.0005774354332303685,0.0005774354332303685,foot-ground,True,False
95,ground,right_ankle_roll_sphere_2_link,world,right_ankle_roll_sphere_2_link,-0.000656640551387695,0.000656640551387695,foot-ground,True,False
95,right_rubber_hand_link,largebox,right_rubber_hand_link,largebox_link,-0.0001362939058909135,0.0001362939058909135,hand-box,True,False
95,torso_link,largebox,torso_link,largebox_link,-0.001044563894770506,0.001044563894770506,other-body-box,False,True
95,ground,right_ankle_roll_link,world,right_ankle_roll_link,-0.0014076188717996319,0.0014076188717996319,foot-ground,True,False
95,left_ankle_roll_link,right_ankle_roll_link,left_ankle_roll_link,right_ankle_roll_link,-0.007893460014060869,0.007893460014060869,self-collision,False,False
95,ground,right_ankle_roll_sphere_3_link,world,right_ankle_roll_sphere_3_link,-0.0009180665598615299,0.0009180665598615299,foot-ground,True,False
95,ground,right_ankle_roll_sphere_4_link,world,right_ankle_roll_sphere_4_link,-0.0009958224870243683,0.0009958224870243683,foot-ground,True,False
95,ground,right_ankle_roll_sphere_5_link,world,right_ankle_roll_sphere_5_link,-0.0009960859675652743,0.0009960859675652743,foot-ground,True,False
95,right_knee_link,right_ankle_roll_link,right_knee_link,right_ankle_roll_link,-0.03638153991641696,0.03638153991641696,self-collision,False,False
95,left_knee_link,left_ankle_roll_link,left_knee_link,left_ankle_roll_link,-0.03534811155547471,0.03534811155547471,self-collision,False,False
95,left_rubber_hand_link,largebox,left_rubber_hand_link,largebox_link,-0.000831983908790912,0.000831983908790912,hand-box,True,False
95,ground,right_ankle_roll_sphere_1_link,world,right_ankle_roll_sphere_1_link,-0.0005918439454186642,0.0005918439454186642,foot-ground,True,False
96,ground,right_ankle_roll_sphere_2_link,world,right_ankle_roll_sphere_2_link,-0.0006584936867333633,0.0006584936867333633,foot-ground,True,False
96,right_rubber_hand_link,largebox,right_rubber_hand_link,largebox_link,-0.0003440228750920399,0.0003440228750920399,hand-box,True,False
96,torso_link,largebox,torso_link,largebox_link,-0.00107297607195736,0.00107297607195736,other-body-box,False,True
96,ground,right_ankle_roll_link,world,right_ankle_roll_link,-0.0014079594083695086,0.0014079594083695086,foot-ground,True,False
96,left_ankle_roll_link,right_ankle_roll_link,left_ankle_roll_link,right_ankle_roll_link,-0.01666711226614495,0.01666711226614495,self-collision,False,False
96,ground,right_ankle_roll_sphere_3_link,world,right_ankle_roll_sphere_3_link,-0.0009186751114081152,0.0009186751114081152,foot-ground,True,False
96,ground,right_ankle_roll_sphere_4_link,world,right_ankle_roll_sphere_4_link,-0.0009962647968456409,0.0009962647968456409,foot-ground,True,False
96,ground,right_ankle_roll_sphere_5_link,world,right_ankle_roll_sphere_5_link,-0.0009964470485965818,0.0009964470485965818,foot-ground,True,False
96,right_knee_link,right_ankle_roll_link,right_knee_link,right_ankle_roll_link,-0.03738122505708838,0.03738122505708838,self-collision,False,False
96,left_knee_link,left_ankle_roll_link,left_knee_link,left_ankle_roll_link,-0.03623837987496614,0.03623837987496614,self-collision,False,False
96,left_rubber_hand_link,largebox,left_rubber_hand_link,largebox_link,-0.0005777692890630293,0.0005777692890630293,hand-box,True,False
96,ground,right_ankle_roll_sphere_1_link,world,right_ankle_roll_sphere_1_link,-0.0005938356155354247,0.0005938356155354247,foot-ground,True,False
97,ground,right_ankle_roll_sphere_2_link,world,right_ankle_roll_sphere_2_link,-0.0006581962269519839,0.0006581962269519839,foot-ground,True,False
97,right_rubber_hand_link,largebox,right_rubber_hand_link,largebox_link,-0.00022041929043382924,0.00022041929043382924,hand-box,True,False
97,torso_link,largebox,torso_link,largebox_link,-0.0008893624765671099,0.0008893624765671099,other-body-box,False,True
97,left_ankle_roll_link,right_ankle_pitch_link,left_ankle_roll_link,right_ankle_pitch_link,-0.006959376676849441,0.006959376676849441,self-collision,False,False
97,ground,right_ankle_roll_link,world,right_ankle_roll_link,-0.0014086632483605657,0.0014086632483605657,foot-ground,True,False
97,left_ankle_roll_link,right_ankle_roll_link,left_ankle_roll_link,right_ankle_roll_link,-0.02931997486440846,0.02931997486440846,self-collision,False,False
97,ground,right_ankle_roll_sphere_3_link,world,right_ankle_roll_sphere_3_link,-0.0009190580426929806,0.0009190580426929806,foot-ground,True,False
97,ground,right_ankle_roll_sphere_4_link,world,right_ankle_roll_sphere_4_link,-0.0009969328453316361,0.0009969328453316361,foot-ground,True,False
97,ground,right_ankle_roll_sphere_5_link,world,right_ankle_roll_sphere_5_link,-0.000997083332423261,0.000997083332423261,foot-ground,True,False
97,right_knee_link,right_ankle_roll_link,right_knee_link,right_ankle_roll_link,-0.03818654826416043,0.03818654826416043,self-collision,False,False
97,left_ankle_roll_sphere_2_link,right_ankle_pitch_link,left_ankle_roll_sphere_2_link,right_ankle_pitch_link,-0.0013416697002043704,0.0013416697002043704,self-collision,False,False
97,left_ankle_roll_link,right_ankle_roll_sphere_1_link,left_ankle_roll_link,right_ankle_roll_sphere_1_link,-0.009371808066653914,0.009371808066653914,self-collision,False,False
97,ground,left_ankle_roll_link,world,left_ankle_roll_link,-0.000984291036434673,0.000984291036434673,foot-ground,True,False
97,left_knee_link,left_ankle_roll_link,left_knee_link,left_ankle_roll_link,-0.03570329034426947,0.03570329034426947,self-collision,False,False
97,left_rubber_hand_link,largebox,left_rubber_hand_link,largebox_link,-0.0009594194908951609,0.0009594194908951609,hand-box,True,False
97,left_ankle_roll_link,right_knee_link,left_ankle_roll_link,right_knee_link,-0.010592415199614083,0.010592415199614083,self-collision,False,False
97,ground,right_ankle_roll_sphere_1_link,world,right_ankle_roll_sphere_1_link,-0.0005933005580864388,0.0005933005580864388,foot-ground,True,False
97,ground,left_ankle_roll_sphere_4_link,world,left_ankle_roll_sphere_4_link,-0.0005451384824858877,0.0005451384824858877,foot-ground,True,False
97,left_ankle_roll_sphere_2_link,right_ankle_roll_link,left_ankle_roll_sphere_2_link,right_ankle_roll_link,-0.03736315439789345,0.03736315439789345,self-collision,False,False
98,ground,right_ankle_roll_sphere_2_link,world,right_ankle_roll_sphere_2_link,-0.0006591837770621852,0.0006591837770621852,foot-ground,True,False
98,right_rubber_hand_link,largebox,right_rubber_hand_link,largebox_link,-0.0018981432250062685,0.0018981432250062685,hand-box,True,False
98,torso_link,largebox,torso_link,largebox_link,-0.0009835120831408195,0.0009835120831408195,other-body-box,False,True
98,ground,right_ankle_roll_link,world,right_ankle_roll_link,-0.0014091614485789786,0.0014091614485789786,foot-ground,True,False
98,ground,right_ankle_roll_sphere_3_link,world,right_ankle_roll_sphere_3_link,-0.0009196104997676443,0.0009196104997676443,foot-ground,True,False
98,ground,right_ankle_roll_sphere_4_link,world,right_ankle_roll_sphere_4_link,-0.0009974711125634401,0.0009974711125634401,foot-ground,True,False
98,ground,right_ankle_roll_sphere_5_link,world,right_ankle_roll_sphere_5_link,-0.000997575976883376,0.000997575976883376,foot-ground,True,False
98,right_knee_link,right_ankle_roll_link,right_knee_link,right_ankle_roll_link,-0.03841355162913329,0.03841355162913329,self-collision,False,False
98,ground,left_ankle_roll_link,world,left_ankle_roll_link,-0.001829656323837879,0.001829656323837879,foot-ground,True,False
98,left_knee_link,left_ankle_roll_link,left_knee_link,left_ankle_roll_link,-0.03443461868421824,0.03443461868421824,self-collision,False,False
98,left_rubber_hand_link,largebox,left_rubber_hand_link,largebox_link,-0.0009648471032867451,0.0009648471032867451,hand-box,True,False
98,ground,right_ankle_roll_sphere_1_link,world,right_ankle_roll_sphere_1_link,-0.0005942999330656928,0.0005942999330656928,foot-ground,True,False
98,ground,left_ankle_roll_sphere_4_link,world,left_ankle_roll_sphere_4_link,-0.0009676300764633839,0.0009676300764633839,foot-ground,True,False
99,ground,right_ankle_roll_sphere_2_link,world,right_ankle_roll_sphere_2_link,-0.0006540435857589162,0.0006540435857589162,foot-ground,True,False
99,left_ankle_intermediate_1_link,left_ankle_roll_link,left_ankle_intermediate_1_link,left_ankle_roll_link,-0.0028538926271059473,0.0028538926271059473,self-collision,False,False
99,torso_link,largebox,torso_link,largebox_link,-0.0009553914286320325,0.0009553914286320325,other-body-box,False,True
99,ground,right_ankle_roll_link,world,right_ankle_roll_link,-0.0014072783179363835,0.0014072783179363835,foot-ground,True,False
99,ground,right_ankle_roll_sphere_3_link,world,right_ankle_roll_sphere_3_link,-0.0009190986378437944,0.0009190986378437944,foot-ground,True,False
99,ground,left_ankle_roll_sphere_2_link,world,left_ankle_roll_sphere_2_link,-0.0002713165711435454,0.0002713165711435454,foot-ground,True,False
99,ground,right_ankle_roll_sphere_4_link,world,right_ankle_roll_sphere_4_link,-0.0009949342137114776,0.0009949342137114776,foot-ground,True,False
99,ground,right_ankle_roll_sphere_5_link,world,right_ankle_roll_sphere_5_link,-0.0009963777194988413,0.0009963777194988413,foot-ground,True,False
99,right_knee_link,right_ankle_roll_link,right_knee_link,right_ankle_roll_link,-0.03863135787309627,0.03863135787309627,self-collision,False,False
99,ground,left_ankle_roll_link,world,left_ankle_roll_link,-0.0017574557246933728,0.0017574557246933728,foot-ground,True,False
99,left_knee_link,left_ankle_roll_link,left_knee_link,left_ankle_roll_link,-0.029916585026588893,0.029916585026588893,self-collision,False,False
99,left_rubber_hand_link,largebox,left_rubber_hand_link,largebox_link,-0.0009187063946612117,0.0009187063946612117,hand-box,True,False
99,ground,right_ankle_roll_sphere_1_link,world,right_ankle_roll_sphere_1_link,-0.0005908472725358457,0.0005908472725358457,foot-ground,True,False
99,ground,left_ankle_roll_sphere_4_link,world,left_ankle_roll_sphere_4_link,-0.0009582343748704798,0.0009582343748704798,foot-ground,True,False
100,ground,right_ankle_roll_sphere_2_link,world,right_ankle_roll_sphere_2_link,-0.0006524131978487653,0.0006524131978487653,foot-ground,True,False
100,right_rubber_hand_link,largebox,right_rubber_hand_link,largebox_link,-0.0008513272457710275,0.0008513272457710275,hand-box,True,False
100,ground,left_ankle_roll_sphere_5_link,world,left_ankle_roll_sphere_5_link,-0.0005984510633178638,0.0005984510633178638,foot-ground,True,False
100,left_ankle_intermediate_1_link,left_ankle_roll_link,left_ankle_intermediate_1_link,left_ankle_roll_link,-0.0028621450568724477,0.0028621450568724477,self-collision,False,False
100,torso_link,largebox,torso_link,largebox_link,-0.0009897820976244726,0.0009897820976244726,other-body-box,False,True
100,ground,right_ankle_roll_link,world,right_ankle_roll_link,-0.0014060539989370277,0.0014060539989370277,foot-ground,True,False
100,ground,left_ankle_roll_sphere_1_link,world,left_ankle_roll_sphere_1_link,-0.00034572971115757935,0.00034572971115757935,foot-ground,True,False
100,ground,right_ankle_roll_sphere_3_link,world,right_ankle_roll_sphere_3_link,-0.0009179234146294768,0.0009179234146294768,foot-ground,True,False
100,ground,left_ankle_roll_sphere_2_link,world,left_ankle_roll_sphere_2_link,-0.0009434949062935736,0.0009434949062935736,foot-ground,True,False
100,ground,right_ankle_roll_sphere_4_link,world,right_ankle_roll_sphere_4_link,-0.0009936545427810762,0.0009936545427810762,foot-ground,True,False
100,ground,right_ankle_roll_sphere_5_link,world,right_ankle_roll_sphere_5_link,-0.0009951925572448455,0.0009951925572448455,foot-ground,True,False
100,right_knee_link,right_ankle_roll_link,right_knee_link,right_ankle_roll_link,-0.03884842384699011,0.03884842384699011,self-collision,False,False
100,ground,left_ankle_roll_link,world,left_ankle_roll_link,-0.0014560755552499999,0.0014560755552499999,foot-ground,True,False
100,left_knee_link,left_ankle_roll_link,left_knee_link,left_ankle_roll_link,-0.024945870526548578,0.024945870526548578,self-collision,False,False
100,left_rubber_hand_link,largebox,left_rubber_hand_link,largebox_link,-0.000970969491967566,0.000970969491967566,hand-box,True,False
100,ground,left_ankle_roll_sphere_3_link,world,left_ankle_roll_sphere_3_link,-0.0002446510247002395,0.0002446510247002395,foot-ground,True,False
100,ground,right_ankle_roll_sphere_1_link,world,right_ankle_roll_sphere_1_link,-0.0005893039243890985,0.0005893039243890985,foot-ground,True,False
100,ground,left_ankle_roll_sphere_4_link,world,left_ankle_roll_sphere_4_link,-0.0009619692588634298,0.0009619692588634298,foot-ground,True,False
101,ground,right_ankle_roll_sphere_2_link,world,right_ankle_roll_sphere_2_link,-0.0006575152054364144,0.0006575152054364144,foot-ground,True,False
101,ground,left_ankle_roll_sphere_5_link,world,left_ankle_roll_sphere_5_link,-0.0005826676163378846,0.0005826676163378846,foot-ground,True,False
101,left_ankle_intermediate_1_link,left_ankle_roll_link,left_ankle_intermediate_1_link,left_ankle_roll_link,-0.0019910192607562466,0.0019910192607562466,self-collision,False,False
101,torso_link,largebox,torso_link,largebox_link,-0.0009491085989754428,0.0009491085989754428,other-body-box,False,True
101,ground,right_ankle_roll_link,world,right_ankle_roll_link,-0.0014087577211923143,0.0014087577211923143,foot-ground,True,False
101,ground,left_ankle_roll_sphere_1_link,world,left_ankle_roll_sphere_1_link,-0.0009639175477830315,0.0009639175477830315,foot-ground,True,False
101,ground,right_ankle_roll_sphere_3_link,world,right_ankle_roll_sphere_3_link,-0.0009196385202927737,0.0009196385202927737,foot-ground,True,False
101,ground,left_ankle_roll_sphere_2_link,world,left_ankle_roll_sphere_2_link,-0.0003781825537561628,0.0003781825537561628,foot-ground,True,False
101,ground,right_ankle_roll_sphere_4_link,world,right_ankle_roll_sphere_4_link,-0.0009968379377289357,0.0009968379377289357,foot-ground,True,False
101,ground,right_ankle_roll_sphere_5_link,world,right_ankle_roll_sphere_5_link,-0.0009974016934233441,0.0009974016934233441,foot-ground,True,False
101,right_knee_link,right_ankle_roll_link,right_knee_link,right_ankle_roll_link,-0.03912218219379057,0.03912218219379057,self-collision,False,False
101,ground,left_ankle_roll_link,world,left_ankle_roll_link,-0.0014531685598366678,0.0014531685598366678,foot-ground,True,False
101,left_knee_link,left_ankle_roll_link,left_knee_link,left_ankle_roll_link,-0.022833703320740015,0.022833703320740015,self-collision,False,False
101,left_rubber_hand_link,largebox,left_rubber_hand_link,largebox_link,-0.0010069561260726,0.0010069561260726,hand-box,True,False
101,ground,left_ankle_roll_sphere_3_link,world,left_ankle_roll_sphere_3_link,-0.0009434120269047113,0.0009434120269047113,foot-ground,True,False
101,ground,right_ankle_roll_sphere_1_link,world,right_ankle_roll_sphere_1_link,-0.0005931823575729437,0.0005931823575729437,foot-ground,True,False
101,ground,left_ankle_roll_sphere_4_link,world,left_ankle_roll_sphere_4_link,-0.0002405300340724689,0.0002405300340724689,foot-ground,True,False
102,ground,right_ankle_roll_sphere_2_link,world,right_ankle_roll_sphere_2_link,-0.0006603400721076061,0.0006603400721076061,foot-ground,True,False
102,left_ankle_intermediate_1_link,left_ankle_roll_link,left_ankle_intermediate_1_link,left_ankle_roll_link,-0.004703316833844257,0.004703316833844257,self-collision,False,False
102,torso_link,largebox,torso_link,largebox_link,-0.0009600217421800034,0.0009600217421800034,other-body-box,False,True
102,ground,right_ankle_roll_link,world,right_ankle_roll_link,-0.0014098728403928104,0.0014098728403928104,foot-ground,True,False
102,ground,left_ankle_roll_sphere_1_link,world,left_ankle_roll_sphere_1_link,-0.0004577223330024761,0.0004577223330024761,foot-ground,True,False
102,ground,right_ankle_roll_sphere_3_link,world,right_ankle_roll_sphere_3_link,-0.0009205866045070175,0.0009205866045070175,foot-ground,True,False
102,ground,right_ankle_roll_sphere_4_link,world,right_ankle_roll_sphere_4_link,-0.0009981715298792567,0.0009981715298792567,foot-ground,True,False
102,ground,right_ankle_roll_sphere_5_link,world,right_ankle_roll_sphere_5_link,-0.0009983633080547808,0.0009983633080547808,foot-ground,True,False
102,right_knee_link,right_ankle_roll_link,right_knee_link,right_ankle_roll_link,-0.03943976626625073,0.03943976626625073,self-collision,False,False
102,ground,left_ankle_roll_link,world,left_ankle_roll_link,-0.0011276177685060201,0.0011276177685060201,foot-ground,True,False
102,left_knee_link,left_ankle_roll_link,left_knee_link,left_ankle_roll_link,-0.021868109276625053,0.021868109276625053,self-collision,False,False
102,left_rubber_hand_link,largebox,left_rubber_hand_link,largebox_link,-0.0009904312553324635,0.0009904312553324635,hand-box,True,False
102,ground,left_ankle_roll_sphere_3_link,world,left_ankle_roll_sphere_3_link,-0.00017271095230238145,0.00017271095230238145,foot-ground,True,False
102,ground,right_ankle_roll_sphere_1_link,world,right_ankle_roll_sphere_1_link,-0.0005956859676307406,0.0005956859676307406,foot-ground,True,False
103,ground,right_ankle_roll_sphere_2_link,world,right_ankle_roll_sphere_2_link,-0.0006612981486451867,0.0006612981486451867,foot-ground,True,False
103,right_rubber_hand_link,largebox,right_rubber_hand_link,largebox_link,-0.0005748685807872023,0.0005748685807872023,hand-box,True,False
103,left_ankle_intermediate_1_link,left_ankle_roll_link,left_ankle_intermediate_1_link,left_ankle_roll_link,-0.004763602992576055,0.004763602992576055,self-collision,False,False
103,torso_link,largebox,torso_link,largebox_link,-0.0009687728572584792,0.0009687728572584792,other-body-box,False,True
103,ground,right_ankle_roll_link,world,right_ankle_roll_link,-0.0014099098874065623,0.0014099098874065623,foot-ground,True,False
103,ground,left_ankle_roll_sphere_1_link,world,left_ankle_roll_sphere_1_link,-0.00036392860327669457,0.00036392860327669457,foot-ground,True,False
103,ground,right_ankle_roll_sphere_3_link,world,right_ankle_roll_sphere_3_link,-0.0009204799740440061,0.0009204799740440061,foot-ground,True,False
103,ground,right_ankle_roll_sphere_4_link,world,right_ankle_roll_sphere_4_link,-0.0009983380848765959,0.0009983380848765959,foot-ground,True,False
103,ground,right_ankle_roll_sphere_5_link,world,right_ankle_roll_sphere_5_link,-0.0009982974718519095,0.0009982974718519095,foot-ground,True,False
103,right_knee_link,right_ankle_roll_link,right_knee_link,right_ankle_roll_link,-0.04002132026001479,0.04002132026001479,self-collision,False,False
103,ground,left_ankle_roll_link,world,left_ankle_roll_link,-0.001821995913985821,0.001821995913985821,foot-ground,True,False
103,left_knee_link,left_ankle_roll_link,left_knee_link,left_ankle_roll_link,-0.02156948330509202,0.02156948330509202,self-collision,False,False
103,left_rubber_hand_link,largebox,left_rubber_hand_link,largebox_link,-0.0009105059131923332,0.0009105059131923332,hand-box,True,False
103,ground,left_ankle_roll_sphere_3_link,world,left_ankle_roll_sphere_3_link,-0.0009927026685077707,0.0009927026685077707,foot-ground,True,False
103,ground,right_ankle_roll_sphere_1_link,world,right_ankle_roll_sphere_1_link,-0.0005964163896180269,0.0005964163896180269,foot-ground,True,False
104,ground,right_ankle_roll_sphere_2_link,world,right_ankle_roll_sphere_2_link,-0.0006612114419361206,0.0006612114419361206,foot-ground,True,False
104,right_rubber_hand_link,largebox,right_rubber_hand_link,largebox_link,-0.00030065229898440515,0.00030065229898440515,hand-box,True,False
104,left_ankle_intermediate_1_link,left_ankle_roll_link,left_ankle_intermediate_1_link,left_ankle_roll_link,-0.004359314324721988,0.004359314324721988,self-collision,False,False
104,torso_link,largebox,torso_link,largebox_link,-0.0009475098100420742,0.0009475098100420742,other-body-box,False,True
104,ground,right_ankle_roll_link,world,right_ankle_roll_link,-0.0014080403000486415,0.0014080403000486415,foot-ground,True,False
104,ground,left_ankle_roll_sphere_1_link,world,left_ankle_roll_sphere_1_link,-0.0003049146353040306,0.0003049146353040306,foot-ground,True,False
104,ground,right_ankle_roll_sphere_3_link,world,right_ankle_roll_sphere_3_link,-0.000919167581594822,0.000919167581594822,foot-ground,True,False
104,ground,right_ankle_roll_sphere_4_link,world,right_ankle_roll_sphere_4_link,-0.0009965353536112607,0.0009965353536112607,foot-ground,True,False
104,ground,right_ankle_roll_sphere_5_link,world,right_ankle_roll_sphere_5_link,-0.0009965428319960333,0.0009965428319960333,foot-ground,True,False
104,right_knee_link,right_ankle_roll_link,right_knee_link,right_ankle_roll_link,-0.04055166421446241,0.04055166421446241,self-collision,False,False
104,ground,left_ankle_roll_link,world,left_ankle_roll_link,-0.0017651201596191358,0.0017651201596191358,foot-ground,True,False
104,left_knee_link,left_ankle_roll_link,left_knee_link,left_ankle_roll_link,-0.022468575828893042,0.022468575828893042,self-collision,False,False
104,left_rubber_hand_link,largebox,left_rubber_hand_link,largebox_link,-0.0007359778100503866,0.0007359778100503866,hand-box,True,False
104,ground,left_ankle_roll_sphere_3_link,world,left_ankle_roll_sphere_3_link,-0.000991080147764281,0.000991080147764281,foot-ground,True,False
104,ground,right_ankle_roll_sphere_1_link,world,right_ankle_roll_sphere_1_link,-0.0005967382985890895,0.0005967382985890895,foot-ground,True,False
105,right_rubber_hand_link,largebox,right_rubber_hand_link,largebox_link,-0.00023459770207145958,0.00023459770207145958,hand-box,True,False
105,left_ankle_intermediate_1_link,left_ankle_roll_link,left_ankle_intermediate_1_link,left_ankle_roll_link,-0.0021035749732178227,0.0021035749732178227,self-collision,False,False
105,torso_link,largebox,torso_link,largebox_link,-0.0009483768431823442,0.0009483768431823442,other-body-box,False,True
105,ground,right_ankle_roll_link,world,right_ankle_roll_link,-0.0014910314627114701,0.0014910314627114701,foot-ground,True,False
105,ground,left_ankle_roll_sphere_1_link,world,left_ankle_roll_sphere_1_link,-0.00033703762929594965,0.00033703762929594965,foot-ground,True,False
105,ground,right_ankle_roll_sphere_3_link,world,right_ankle_roll_sphere_3_link,-0.0003646534302272379,0.0003646534302272379,foot-ground,True,False
105,ground,right_ankle_roll_sphere_4_link,world,right_ankle_roll_sphere_4_link,-0.0009891647691028056,0.0009891647691028056,foot-ground,True,False
105,ground,right_ankle_roll_sphere_5_link,world,right_ankle_roll_sphere_5_link,-0.0009549873421300812,0.0009549873421300812,foot-ground,True,False
105,right_knee_link,right_ankle_roll_link,right_knee_link,right_ankle_roll_link,-0.04105222392051683,0.04105222392051683,self-collision,False,False
105,ground,left_ankle_roll_link,world,left_ankle_roll_link,-0.0016988825389041007,0.0016988825389041007,foot-ground,True,False
105,left_knee_link,left_ankle_roll_link,left_knee_link,left_ankle_roll_link,-0.023443246076295637,0.023443246076295637,self-collision,False,False
105,left_rubber_hand_link,largebox,left_rubber_hand_link,largebox_link,-0.0009105253609928976,0.0009105253609928976,hand-box,True,False
105,ground,left_ankle_roll_sphere_3_link,world,left_ankle_roll_sphere_3_link,-0.0009901977267615476,0.0009901977267615476,foot-ground,True,False
106,right_rubber_hand_link,largebox,right_rubber_hand_link,largebox_link,-0.0005997870905511959,0.0005997870905511959,hand-box,True,False
106,left_ankle_intermediate_1_link,left_ankle_roll_link,left_ankle_intermediate_1_link,left_ankle_roll_link,-0.00263693791887612,0.00263693791887612,self-collision,False,False
106,torso_link,largebox,torso_link,largebox_link,-0.0009303834570098951,0.0009303834570098951,other-body-box,False,True
106,ground,right_ankle_roll_link,world,right_ankle_roll_link,-0.0010001843705569717,0.0010001843705569717,foot-ground,True,False
106,ground,left_ankle_roll_sphere_1_link,world,left_ankle_roll_sphere_1_link,-0.00043844823378849564,0.00043844823378849564,foot-ground,True,False
106,ground,right_ankle_roll_sphere_5_link,world,right_ankle_roll_sphere_5_link,-0.0005113437767952254,0.0005113437767952254,foot-ground,True,False
106,right_knee_link,right_ankle_roll_link,right_knee_link,right_ankle_roll_link,-0.0405196522074984,0.0405196522074984,self-collision,False,False
106,ground,left_ankle_roll_link,world,left_ankle_roll_link,-0.0016211588441277097,0.0016211588441277097,foot-ground,True,False
106,left_knee_link,left_ankle_roll_link,left_knee_link,left_ankle_roll_link,-0.024587519499193827,0.024587519499193827,self-collision,False,False
106,left_rubber_hand_link,largebox,left_rubber_hand_link,largebox_link,-0.0007427535618245579,0.0007427535618245579,hand-box,True,False
106,ground,left_ankle_roll_sphere_3_link,world,left_ankle_roll_sphere_3_link,-0.0009909018050286182,0.0009909018050286182,foot-ground,True,False
107,right_rubber_hand_link,largebox,right_rubber_hand_link,largebox_link,-0.001098603800662637,0.001098603800662637,hand-box,True,False
107,ground,left_ankle_roll_sphere_5_link,world,left_ankle_roll_sphere_5_link,-0.00012016804960652671,0.00012016804960652671,foot-ground,True,False
107,left_ankle_intermediate_1_link,left_ankle_roll_link,left_ankle_intermediate_1_link,left_ankle_roll_link,-0.0031288624043502855,0.0031288624043502855,self-collision,False,False
107,torso_link,largebox,torso_link,largebox_link,-0.0009211801973174755,0.0009211801973174755,other-body-box,False,True
107,ground,right_ankle_roll_link,world,right_ankle_roll_link,-0.000999222169092845,0.000999222169092845,foot-ground,True,False
107,ground,left_ankle_roll_sphere_1_link,world,left_ankle_roll_sphere_1_link,-0.0004860396402413319,0.0004860396402413319,foot-ground,True,False
107,ground,right_ankle_roll_sphere_5_link,world,right_ankle_roll_sphere_5_link,-0.00037027766747118034,0.00037027766747118034,foot-ground,True,False
107,right_knee_link,right_ankle_roll_link,right_knee_link,right_ankle_roll_link,-0.0392252785638226,0.0392252785638226,self-collision,False,False
107,left_wrist_pitch_link,largebox,left_wrist_pitch_link,largebox_link,-6.554766258906608e-05,6.554766258906608e-05,other-body-box,False,True
107,ground,left_ankle_roll_link,world,left_ankle_roll_link,-0.0015188866095732882,0.0015188866095732882,foot-ground,True,False
107,left_knee_link,left_ankle_roll_link,left_knee_link,left_ankle_roll_link,-0.025731225140733116,0.025731225140733116,self-collision,False,False
107,left_rubber_hand_link,largebox,left_rubber_hand_link,largebox_link,-0.0008407319835362914,0.0008407319835362914,hand-box,True,False
107,ground,left_ankle_roll_sphere_3_link,world,left_ankle_roll_sphere_3_link,-0.000993895207669948,0.000993895207669948,foot-ground,True,False
108,right_rubber_hand_link,largebox,right_rubber_hand_link,largebox_link,-0.0010186022005341938,0.0010186022005341938,hand-box,True,False
108,ground,left_ankle_roll_sphere_5_link,world,left_ankle_roll_sphere_5_link,-0.0004940108538732868,0.0004940108538732868,foot-ground,True,False
108,left_ankle_intermediate_1_link,left_ankle_roll_link,left_ankle_intermediate_1_link,left_ankle_roll_link,-0.003264101876556652,0.003264101876556652,self-collision,False,False
108,torso_link,largebox,torso_link,largebox_link,-0.0009396271219559993,0.0009396271219559993,other-body-box,False,True
108,ground,left_ankle_roll_sphere_1_link,world,left_ankle_roll_sphere_1_link,-0.00052458233077102,0.00052458233077102,foot-ground,True,False
108,right_knee_link,right_ankle_roll_link,right_knee_link,right_ankle_roll_link,-0.039689114507301365,0.039689114507301365,self-collision,False,False
108,left_wrist_pitch_link,largebox,left_wrist_pitch_link,largebox_link,-0.00042806588633199916,0.00042806588633199916,other-body-box,False,True
108,ground,left_ankle_roll_link,world,left_ankle_roll_link,-0.0014475597251939337,0.0014475597251939337,foot-ground,True,False
108,left_knee_link,left_ankle_roll_link,left_knee_link,left_ankle_roll_link,-0.02813309105647352,0.02813309105647352,self-collision,False,False
108,left_rubber_hand_link,largebox,left_rubber_hand_link,largebox_link,-0.0005566646098322248,0.0005566646098322248,hand-box,True,False
108,ground,left_ankle_roll_sphere_3_link,world,left_ankle_roll_sphere_3_link,-0.0009962006786067802,0.0009962006786067802,foot-ground,True,False
109,right_rubber_hand_link,largebox,right_rubber_hand_link,largebox_link,-9.366414836231574e-05,9.366414836231574e-05,hand-box,True,False
109,ground,left_ankle_roll_sphere_5_link,world,left_ankle_roll_sphere_5_link,-0.0007985879192444539,0.0007985879192444539,foot-ground,True,False
109,left_ankle_intermediate_1_link,left_ankle_roll_link,left_ankle_intermediate_1_link,left_ankle_roll_link,-0.0031784029355572674,0.0031784029355572674,self-collision,False,False
109,torso_link,largebox,torso_link,largebox_link,-0.000921867395666881,0.000921867395666881,other-body-box,False,True
109,ground,left_ankle_roll_sphere_1_link,world,left_ankle_roll_sphere_1_link,-0.00056233833618683,0.00056233833618683,foot-ground,True,False
109,ground,left_ankle_roll_sphere_2_link,world,left_ankle_roll_sphere_2_link,-0.00015318497611325598,0.00015318497611325598,foot-ground,True,False
109,right_knee_link,right_ankle_roll_link,right_knee_link,right_ankle_roll_link,-0.04074658442875426,0.04074658442875426,self-collision,False,False
109,left_wrist_pitch_link,largebox,left_wrist_pitch_link,largebox_link,-0.001454668752826918,0.001454668752826918,other-body-box,False,True
109,ground,left_ankle_roll_link,world,left_ankle_roll_link,-0.0014028799262608034,0.0014028799262608034,foot-ground,True,False
109,left_knee_link,left_ankle_roll_link,left_knee_link,left_ankle_roll_link,-0.029486848956287448,0.029486848956287448,self-collision,False,False
109,left_rubber_hand_link,largebox,left_rubber_hand_link,largebox_link,-0.001015500224359478,0.001015500224359478,hand-box,True,False
109,ground,left_ankle_roll_sphere_3_link,world,left_ankle_roll_sphere_3_link,-0.0009976771707523478,0.0009976771707523478,foot-ground,True,False
109,ground,left_ankle_roll_sphere_4_link,world,left_ankle_roll_sphere_4_link,-0.0005066931386640576,0.0005066931386640576,foot-ground,True,False
110,left_wrist_pitch_link,largebox,left_wrist_pitch_link,largebox_link,-0.000811169058629227,0.000811169058629227,other-body-box,False,True
110,right_rubber_hand_link,largebox,right_rubber_hand_link,largebox_link,-0.0003546772459523395,0.0003546772459523395,hand-box,True,False
110,ground,left_ankle_roll_link,world,left_ankle_roll_link,-0.0014446111044482887,0.0014446111044482887,foot-ground,True,False
110,ground,left_ankle_roll_sphere_5_link,world,left_ankle_roll_sphere_5_link,-0.0004322935435506067,0.0004322935435506067,foot-ground,True,False
110,left_knee_link,left_ankle_roll_link,left_knee_link,left_ankle_roll_link,-0.031182312441177945,0.031182312441177945,self-collision,False,False
110,torso_link,largebox,torso_link,largebox_link,-0.0009724737188552546,0.0009724737188552546,other-body-box,False,True
110,left_rubber_hand_link,largebox,left_rubber_hand_link,largebox_link,-0.0012096242166486915,0.0012096242166486915,hand-box,True,False
110,left_ankle_intermediate_1_link,left_ankle_roll_link,left_ankle_intermediate_1_link,left_ankle_roll_link,-0.002978508469863278,0.002978508469863278,self-collision,False,False
110,right_knee_link,right_ankle_roll_link,right_knee_link,right_ankle_roll_link,-0.038139106116933275,0.038139106116933275,self-collision,False,False
110,ground,left_ankle_roll_sphere_3_link,world,left_ankle_roll_sphere_3_link,-0.000490402346727317,0.000490402346727317,foot-ground,True,False
110,ground,left_ankle_roll_sphere_1_link,world,left_ankle_roll_sphere_1_link,-0.0009952589171784076,0.0009952589171784076,foot-ground,True,False
110,ground,left_ankle_roll_sphere_4_link,world,left_ankle_roll_sphere_4_link,-0.000492925056754019,0.000492925056754019,foot-ground,True,False
110,ground,left_ankle_roll_sphere_2_link,world,left_ankle_roll_sphere_2_link,-0.0009973611755339914,0.0009973611755339914,foot-ground,True,False
111,left_wrist_pitch_link,largebox,left_wrist_pitch_link,largebox_link,-0.002660612042362495,0.002660612042362495,other-body-box,False,True
111,right_rubber_hand_link,largebox,right_rubber_hand_link,largebox_link,-0.000395168248991537,0.000395168248991537,hand-box,True,False
111,ground,left_ankle_roll_link,world,left_ankle_roll_link,-0.0014371671237332281,0.0014371671237332281,foot-ground,True,False
111,ground,left_ankle_roll_sphere_5_link,world,left_ankle_roll_sphere_5_link,-0.0005489806954767596,0.0005489806954767596,foot-ground,True,False
111,left_knee_link,left_ankle_roll_link,left_knee_link,left_ankle_roll_link,-0.03255295087239368,0.03255295087239368,self-collision,False,False
111,torso_link,largebox,torso_link,largebox_link,-0.000927353314238058,0.000927353314238058,other-body-box,False,True
111,left_rubber_hand_link,largebox,left_rubber_hand_link,largebox_link,-0.000990435205943302,0.000990435205943302,hand-box,True,False
111,left_ankle_intermediate_1_link,left_ankle_roll_link,left_ankle_intermediate_1_link,left_ankle_roll_link,-0.0028507191717581787,0.0028507191717581787,self-collision,False,False
111,right_knee_link,right_ankle_roll_link,right_knee_link,right_ankle_roll_link,-0.037069683542632015,0.037069683542632015,self-collision,False,False
111,ground,left_ankle_roll_sphere_3_link,world,left_ankle_roll_sphere_3_link,-0.0005962630967464811,0.0005962630967464811,foot-ground,True,False
111,ground,left_ankle_roll_sphere_1_link,world,left_ankle_roll_sphere_1_link,-0.000997839214921254,0.000997839214921254,foot-ground,True,False
111,ground,left_ankle_roll_sphere_4_link,world,left_ankle_roll_sphere_4_link,-0.0005961882599885169,0.0005961882599885169,foot-ground,True,False
111,ground,left_ankle_roll_sphere_2_link,world,left_ankle_roll_sphere_2_link,-0.0009977768509562826,0.0009977768509562826,foot-ground,True,False
112,left_wrist_pitch_link,largebox,left_wrist_pitch_link,largebox_link,-0.0013360796433111582,0.0013360796433111582,other-body-box,False,True
112,right_rubber_hand_link,largebox,right_rubber_hand_link,largebox_link,-0.0005715619290548035,0.0005715619290548035,hand-box,True,False
112,ground,left_ankle_roll_link,world,left_ankle_roll_link,-0.0014350166140387512,0.0014350166140387512,foot-ground,True,False
112,ground,left_ankle_roll_sphere_5_link,world,left_ankle_roll_sphere_5_link,-0.000558564404370277,0.000558564404370277,foot-ground,True,False
112,left_knee_link,left_ankle_roll_link,left_knee_link,left_ankle_roll_link,-0.033978750821672704,0.033978750821672704,self-collision,False,False
112,torso_link,largebox,torso_link,largebox_link,-0.0009649236705634168,0.0009649236705634168,other-body-box,False,True
112,left_rubber_hand_link,largebox,left_rubber_hand_link,largebox_link,-0.0007433709442809799,0.0007433709442809799,hand-box,True,False
112,right_knee_link,right_ankle_roll_link,right_knee_link,right_ankle_roll_link,-0.036483338155092415,0.036483338155092415,self-collision,False,False
112,ground,left_ankle_roll_sphere_3_link,world,left_ankle_roll_sphere_3_link,-0.0006047168020543092,0.0006047168020543092,foot-ground,True,False
112,ground,left_ankle_roll_sphere_1_link,world,left_ankle_roll_sphere_1_link,-0.0009964428237570792,0.0009964428237570792,foot-ground,True,False
112,ground,left_ankle_roll_sphere_4_link,world,left_ankle_roll_sphere_4_link,-0.0006045854116055035,0.0006045854116055035,foot-ground,True,False
112,ground,left_ankle_roll_sphere_2_link,world,left_ankle_roll_sphere_2_link,-0.0009963333317164055,0.0009963333317164055,foot-ground,True,False
113,right_rubber_hand_link,largebox,right_rubber_hand_link,largebox_link,-0.001063439501198915,0.001063439501198915,hand-box,True,False
113,ground,left_ankle_roll_sphere_5_link,world,left_ankle_roll_sphere_5_link,-0.0005712897221282756,0.0005712897221282756,foot-ground,True,False
113,torso_link,largebox,torso_link,largebox_link,-0.000940942016038962,0.000940942016038962,other-body-box,False,True
113,ground,left_ankle_roll_sphere_1_link,world,left_ankle_roll_sphere_1_link,-0.0009983407096316793,0.0009983407096316793,foot-ground,True,False
113,ground,left_ankle_roll_sphere_2_link,world,left_ankle_roll_sphere_2_link,-0.0009985294598415266,0.0009985294598415266,foot-ground,True,False
113,right_knee_link,right_ankle_roll_link,right_knee_link,right_ankle_roll_link,-0.036896443632328746,0.036896443632328746,self-collision,False,False
113,left_wrist_pitch_link,largebox,left_wrist_pitch_link,largebox_link,-0.001137465977455801,0.001137465977455801,other-body-box,False,True
113,ground,left_ankle_roll_link,world,left_ankle_roll_link,-0.001436369054902631,0.001436369054902631,foot-ground,True,False
113,left_knee_link,left_ankle_roll_link,left_knee_link,left_ankle_roll_link,-0.03502694548611904,0.03502694548611904,self-collision,False,False
113,left_rubber_hand_link,largebox,left_rubber_hand_link,largebox_link,-0.0007229755742906158,0.0007229755742906158,hand-box,True,False
113,ground,left_ankle_roll_sphere_3_link,world,left_ankle_roll_sphere_3_link,-0.000616139141750612,0.000616139141750612,foot-ground,True,False
113,ground,left_ankle_roll_sphere_4_link,world,left_ankle_roll_sphere_4_link,-0.0006163656420024302,0.0006163656420024302,foot-ground,True,False
114,right_rubber_hand_link,largebox,right_rubber_hand_link,largebox_link,-0.00031703204056307555,0.00031703204056307555,hand-box,True,False
114,ground,left_ankle_roll_sphere_5_link,world,left_ankle_roll_sphere_5_link,-0.0005710727146312584,0.0005710727146312584,foot-ground,True,False
114,torso_link,largebox,torso_link,largebox_link,-0.0009399821962209204,0.0009399821962209204,other-body-box,False,True
114,ground,left_ankle_roll_sphere_1_link,world,left_ankle_roll_sphere_1_link,-0.0009982224715454372,0.0009982224715454372,foot-ground,True,False
114,ground,left_ankle_roll_sphere_2_link,world,left_ankle_roll_sphere_2_link,-0.0009987002403475656,0.0009987002403475656,foot-ground,True,False
114,right_knee_link,right_ankle_roll_link,right_knee_link,right_ankle_roll_link,-0.03763230377891183,0.03763230377891183,self-collision,False,False
114,ground,left_ankle_roll_link,world,left_ankle_roll_link,-0.0014364701354613353,0.0014364701354613353,foot-ground,True,False
114,left_knee_link,left_ankle_roll_link,left_knee_link,left_ankle_roll_link,-0.03591970109251563,0.03591970109251563,self-collision,False,False
114,left_rubber_hand_link,largebox,left_rubber_hand_link,largebox_link,-0.0010588923406626843,0.0010588923406626843,hand-box,True,False
114,ground,left_ankle_roll_sphere_3_link,world,left_ankle_roll_sphere_3_link,-0.0006157743313831661,0.0006157743313831661,foot-ground,True,False
114,ground,left_ankle_roll_sphere_4_link,world,left_ankle_roll_sphere_4_link,-0.0006163476539457194,0.0006163476539457194,foot-ground,True,False
115,right_rubber_hand_link,largebox,right_rubber_hand_link,largebox_link,-0.0006419291366898394,0.0006419291366898394,hand-box,True,False
115,ground,left_ankle_roll_sphere_5_link,world,left_ankle_roll_sphere_5_link,-0.0006038088222939239,0.0006038088222939239,foot-ground,True,False
115,torso_link,largebox,torso_link,largebox_link,-0.0009455482965569223,0.0009455482965569223,other-body-box,False,True
115,ground,left_ankle_roll_sphere_1_link,world,left_ankle_roll_sphere_1_link,-0.000997650972941899,0.000997650972941899,foot-ground,True,False
115,ground,left_ankle_roll_sphere_2_link,world,left_ankle_roll_sphere_2_link,-0.000999076895264457,0.000999076895264457,foot-ground,True,False
115,right_knee_link,right_ankle_roll_link,right_knee_link,right_ankle_roll_link,-0.0376274667805164,0.0376274667805164,self-collision,False,False
115,left_wrist_pitch_link,largebox,left_wrist_pitch_link,largebox_link,-0.00012484913956042898,0.00012484913956042898,other-body-box,False,True
115,ground,left_ankle_roll_link,world,left_ankle_roll_link,-0.0014343556577969818,0.0014343556577969818,foot-ground,True,False
115,left_knee_link,left_ankle_roll_link,left_knee_link,left_ankle_roll_link,-0.03676172807401598,0.03676172807401598,self-collision,False,False
115,left_rubber_hand_link,largebox,left_rubber_hand_link,largebox_link,-0.0011049710646807293,0.0011049710646807293,hand-box,True,False
115,ground,left_ankle_roll_sphere_3_link,world,left_ankle_roll_sphere_3_link,-0.0006444853859329412,0.0006444853859329412,foot-ground,True,False
115,ground,left_ankle_roll_sphere_4_link,world,left_ankle_roll_sphere_4_link,-0.0006461964927200114,0.0006461964927200114,foot-ground,True,False
116,right_rubber_hand_link,largebox,right_rubber_hand_link,largebox_link,-0.0009167638512238563,0.0009167638512238563,hand-box,True,False
116,ground,left_ankle_roll_sphere_5_link,world,left_ankle_roll_sphere_5_link,-0.0005936426048591568,0.0005936426048591568,foot-ground,True,False
116,torso_link,largebox,torso_link,largebox_link,-0.0009327103615316135,0.0009327103615316135,other-body-box,False,True
116,ground,right_ankle_roll_link,world,right_ankle_roll_link,-0.0005579673687727132,0.0005579673687727132,foot-ground,True,False
116,ground,left_ankle_roll_sphere_1_link,world,left_ankle_roll_sphere_1_link,-0.0009946790581193228,0.0009946790581193228,foot-ground,True,False
116,left_ankle_roll_link,right_ankle_roll_link,left_ankle_roll_link,right_ankle_roll_link,-0.00958091524251184,0.00958091524251184,self-collision,False,False
116,ground,right_ankle_roll_sphere_3_link,world,right_ankle_roll_sphere_3_link,-0.00011020028680119431,0.00011020028680119431,foot-ground,True,False
116,ground,left_ankle_roll_sphere_2_link,world,left_ankle_roll_sphere_2_link,-0.000996641318330829,0.000996641318330829,foot-ground,True,False
116,right_knee_link,right_ankle_roll_link,right_knee_link,right_ankle_roll_link,-0.03664190170759224,0.03664190170759224,self-collision,False,False
116,left_ankle_roll_link,right_ankle_roll_sphere_1_link,left_ankle_roll_link,right_ankle_roll_sphere_1_link,-0.0021131760643223058,0.0021131760643223058,self-collision,False,False
116,left_wrist_pitch_link,largebox,left_wrist_pitch_link,largebox_link,-0.00033190745936889643,0.00033190745936889643,other-body-box,False,True
116,ground,left_ankle_roll_link,world,left_ankle_roll_link,-0.0014322623977059794,0.0014322623977059794,foot-ground,True,False
116,left_knee_link,left_ankle_roll_link,left_knee_link,left_ankle_roll_link,-0.03708218974835495,0.03708218974835495,self-collision,False,False
116,left_rubber_hand_link,largebox,left_rubber_hand_link,largebox_link,-0.0010601480280487824,0.0010601480280487824,hand-box,True,False
116,ground,left_ankle_roll_sphere_3_link,world,left_ankle_roll_sphere_3_link,-0.0006347828890865609,0.0006347828890865609,foot-ground,True,False
116,ground,left_ankle_roll_sphere_4_link,world,left_ankle_roll_sphere_4_link,-0.0006371376013403684,0.0006371376013403684,foot-ground,True,False
116,left_ankle_roll_sphere_2_link,right_ankle_roll_link,left_ankle_roll_sphere_2_link,right_ankle_roll_link,-0.014856366840550389,0.014856366840550389,self-collision,False,False
117,right_rubber_hand_link,largebox,right_rubber_hand_link,largebox_link,-0.0012021301511918464,0.0012021301511918464,hand-box,True,False
117,ground,left_ankle_roll_sphere_5_link,world,left_ankle_roll_sphere_5_link,-0.0005967548478706354,0.0005967548478706354,foot-ground,True,False
117,torso_link,largebox,torso_link,largebox_link,-0.0009484228756736768,0.0009484228756736768,other-body-box,False,True
117,ground,right_ankle_roll_link,world,right_ankle_roll_link,-0.0016422617616298207,0.0016422617616298207,foot-ground,True,False
117,ground,left_ankle_roll_sphere_1_link,world,left_ankle_roll_sphere_1_link,-0.000996072933674214,0.000996072933674214,foot-ground,True,False
117,left_ankle_roll_link,right_ankle_roll_link,left_ankle_roll_link,right_ankle_roll_link,-0.015830001209092517,0.015830001209092517,self-collision,False,False
117,ground,right_ankle_roll_sphere_3_link,world,right_ankle_roll_sphere_3_link,-0.0007771880077580865,0.0007771880077580865,foot-ground,True,False
117,ground,left_ankle_roll_sphere_2_link,world,left_ankle_roll_sphere_2_link,-0.000997255412010403,0.000997255412010403,foot-ground,True,False
117,right_knee_link,right_ankle_roll_link,right_knee_link,right_ankle_roll_link,-0.03562184645033353,0.03562184645033353,self-collision,False,False
117,left_ankle_roll_link,right_ankle_roll_sphere_1_link,left_ankle_roll_link,right_ankle_roll_sphere_1_link,-0.03418393262894526,0.03418393262894526,self-collision,False,False
117,left_wrist_pitch_link,largebox,left_wrist_pitch_link,largebox_link,-0.0002188225727803167,0.0002188225727803167,other-body-box,False,True
117,ground,left_ankle_roll_link,world,left_ankle_roll_link,-0.0014329668699703015,0.0014329668699703015,foot-ground,True,False
117,left_knee_link,left_ankle_roll_link,left_knee_link,left_ankle_roll_link,-0.03723746314326068,0.03723746314326068,self-collision,False,False
117,left_rubber_hand_link,largebox,left_rubber_hand_link,largebox_link,-0.0008547030004462941,0.0008547030004462941,hand-box,True,False
117,ground,left_ankle_roll_sphere_3_link,world,left_ankle_roll_sphere_3_link,-0.0006381410792869946,0.0006381410792869946,foot-ground,True,False
117,ground,left_ankle_roll_sphere_4_link,world,left_ankle_roll_sphere_4_link,-0.0006395600532904206,0.0006395600532904206,foot-ground,True,False
117,left_ankle_roll_sphere_2_link,right_ankle_roll_link,left_ankle_roll_sphere_2_link,right_ankle_roll_link,-0.005371938808205773,0.005371938808205773,self-collision,False,False
118,right_rubber_hand_link,largebox,right_rubber_hand_link,largebox_link,-0.0009600891460279648,0.0009600891460279648,hand-box,True,False
118,ground,left_ankle_roll_sphere_5_link,world,left_ankle_roll_sphere_5_link,-0.000769664298314105,0.000769664298314105,foot-ground,True,False
118,torso_link,largebox,torso_link,largebox_link,-0.0009436777021837872,0.0009436777021837872,other-body-box,False,True
118,ground,right_ankle_roll_link,world,right_ankle_roll_link,-0.001379475975642315,0.001379475975642315,foot-ground,True,False
118,ground,left_ankle_roll_sphere_1_link,world,left_ankle_roll_sphere_1_link,-0.0006223321793079354,0.0006223321793079354,foot-ground,True,False
118,ground,left_ankle_roll_sphere_2_link,world,left_ankle_roll_sphere_2_link,-0.0009964033049565208,0.0009964033049565208,foot-ground,True,False
118,right_knee_link,right_ankle_roll_link,right_knee_link,right_ankle_roll_link,-0.03282838025503712,0.03282838025503712,self-collision,False,False
118,right_ankle_intermediate_1_link,right_ankle_roll_link,right_ankle_intermediate_1_link,right_ankle_roll_link,-0.0026017381846365206,0.0026017381846365206,self-collision,False,False
118,left_wrist_pitch_link,largebox,left_wrist_pitch_link,largebox_link,-0.00018487184697389691,0.00018487184697389691,other-body-box,False,True
118,ground,left_ankle_roll_link,world,left_ankle_roll_link,-0.0014610954376189783,0.0014610954376189783,foot-ground,True,False
118,left_knee_link,left_ankle_roll_link,left_knee_link,left_ankle_roll_link,-0.03714540900689317,0.03714540900689317,self-collision,False,False
118,left_rubber_hand_link,largebox,left_rubber_hand_link,largebox_link,-0.0006580865761370569,0.0006580865761370569,hand-box,True,False
118,ground,left_ankle_roll_sphere_3_link,world,left_ankle_roll_sphere_3_link,-0.0005494009328005462,0.0005494009328005462,foot-ground,True,False
118,ground,right_ankle_roll_sphere_1_link,world,right_ankle_roll_sphere_1_link,-0.0009373251621811974,0.0009373251621811974,foot-ground,True,False
118,ground,left_ankle_roll_sphere_4_link,world,left_ankle_roll_sphere_4_link,-0.0009982862835788515,0.0009982862835788515,foot-ground,True,False
119,ground,right_ankle_roll_sphere_2_link,world,right_ankle_roll_sphere_2_link,-0.0009306135475657768,0.0009306135475657768,foot-ground,True,False
119,ground,left_ankle_roll_sphere_5_link,world,left_ankle_roll_sphere_5_link,-0.0009244392360100882,0.0009244392360100882,foot-ground,True,False
119,torso_link,largebox,torso_link,largebox_link,-0.0008818100448355071,0.0008818100448355071,other-body-box,False,True
119,ground,right_ankle_roll_link,world,right_ankle_roll_link,-0.001378198858253049,0.001378198858253049,foot-ground,True,False
119,ground,left_ankle_roll_sphere_1_link,world,left_ankle_roll_sphere_1_link,-0.0007276013659060282,0.0007276013659060282,foot-ground,True,False
119,ground,right_ankle_roll_sphere_3_link,world,right_ankle_roll_sphere_3_link,-0.0005552079171173693,0.0005552079171173693,foot-ground,True,False
119,ground,left_ankle_roll_sphere_2_link,world,left_ankle_roll_sphere_2_link,-0.0005568560161207025,0.0005568560161207025,foot-ground,True,False
119,ground,right_ankle_roll_sphere_4_link,world,right_ankle_roll_sphere_4_link,-0.0005396155990725375,0.0005396155990725375,foot-ground,True,False
119,ground,right_ankle_roll_sphere_5_link,world,right_ankle_roll_sphere_5_link,-0.0005015648653118763,0.0005015648653118763,foot-ground,True,False
119,right_knee_link,right_ankle_roll_link,right_knee_link,right_ankle_roll_link,-0.029812245584369845,0.029812245584369845,self-collision,False,False
119,right_ankle_intermediate_1_link,right_ankle_roll_link,right_ankle_intermediate_1_link,right_ankle_roll_link,-0.0028969517557667357,0.0028969517557667357,self-collision,False,False
119,left_wrist_pitch_link,largebox,left_wrist_pitch_link,largebox_link,-0.00014537858605642717,0.00014537858605642717,other-body-box,False,True
119,ground,left_ankle_roll_link,world,left_ankle_roll_link,-0.0013956507492785333,0.0013956507492785333,foot-ground,True,False
119,left_knee_link,left_ankle_roll_link,left_knee_link,left_ankle_roll_link,-0.03719864505730197,0.03719864505730197,self-collision,False,False
119,left_rubber_hand_link,largebox,left_rubber_hand_link,largebox_link,-0.000992266894541946,0.000992266894541946,hand-box,True,False
119,ground,left_ankle_roll_sphere_3_link,world,left_ankle_roll_sphere_3_link,-0.0009971800727237327,0.0009971800727237327,foot-ground,True,False
119,ground,right_ankle_roll_sphere_1_link,world,right_ankle_roll_sphere_1_link,-0.0009436071459364729,0.0009436071459364729,foot-ground,True,False
119,ground,left_ankle_roll_sphere_4_link,world,left_ankle_roll_sphere_4_link,-0.000792285652981342,0.000792285652981342,foot-ground,True,False
120,ground,right_ankle_roll_sphere_2_link,world,right_ankle_roll_sphere_2_link,-0.0009246204012398921,0.0009246204012398921,foot-ground,True,False
120,right_rubber_hand_link,largebox,right_rubber_hand_link,largebox_link,-0.00193117615040303,0.00193117615040303,hand-box,True,False
120,ground,left_ankle_roll_sphere_5_link,world,left_ankle_roll_sphere_5_link,-0.0006767762333532738,0.0006767762333532738,foot-ground,True,False
120,torso_link,largebox,torso_link,largebox_link,-0.00083057388035572,0.00083057388035572,other-body-box,False,True
120,ground,right_ankle_roll_link,world,right_ankle_roll_link,-0.0014098397605659674,0.0014098397605659674,foot-ground,True,False
120,ground,left_ankle_roll_sphere_1_link,world,left_ankle_roll_sphere_1_link,-0.0009597947897180296,0.0009597947897180296,foot-ground,True,False
120,ground,left_ankle_roll_sphere_2_link,world,left_ankle_roll_sphere_2_link,-0.0004319412456691525,0.0004319412456691525,foot-ground,True,False
120,ground,right_ankle_roll_sphere_4_link,world,right_ankle_roll_sphere_4_link,-0.00010231672066202731,0.00010231672066202731,foot-ground,True,False
120,right_knee_link,right_ankle_roll_link,right_knee_link,right_ankle_roll_link,-0.027869522415141512,0.027869522415141512,self-collision,False,False
120,right_ankle_intermediate_1_link,right_ankle_roll_link,right_ankle_intermediate_1_link,right_ankle_roll_link,-0.003326650367502501,0.003326650367502501,self-collision,False,False
120,left_wrist_pitch_link,largebox,left_wrist_pitch_link,largebox_link,-0.00018505289864788332,0.00018505289864788332,other-body-box,False,True
120,ground,left_ankle_roll_link,world,left_ankle_roll_link,-0.0014711108545064633,0.0014711108545064633,foot-ground,True,False
120,left_knee_link,left_ankle_roll_link,left_knee_link,left_ankle_roll_link,-0.03772077470711324,0.03772077470711324,self-collision,False,False
120,left_rubber_hand_link,largebox,left_rubber_hand_link,largebox_link,-0.001091898312348169,0.001091898312348169,hand-box,True,False
120,ground,left_ankle_roll_sphere_3_link,world,left_ankle_roll_sphere_3_link,-0.0009954980212921105,0.0009954980212921105,foot-ground,True,False
120,ground,left_ankle_roll_sphere_4_link,world,left_ankle_roll_sphere_4_link,-0.00036207376843345584,0.00036207376843345584,foot-ground,True,False
121,ground,right_ankle_roll_sphere_2_link,world,right_ankle_roll_sphere_2_link,-0.0009582925738924426,0.0009582925738924426,foot-ground,True,False
121,right_rubber_hand_link,largebox,right_rubber_hand_link,largebox_link,-0.001136582269509398,0.001136582269509398,hand-box,True,False
121,ground,left_ankle_roll_sphere_5_link,world,left_ankle_roll_sphere_5_link,-0.0007802681029895576,0.0007802681029895576,foot-ground,True,False
121,torso_link,largebox,torso_link,largebox_link,-0.0009914975040671986,0.0009914975040671986,other-body-box,False,True
121,ground,right_ankle_roll_link,world,right_ankle_roll_link,-0.0015632277246596903,0.0015632277246596903,foot-ground,True,False
121,ground,left_ankle_roll_sphere_1_link,world,left_ankle_roll_sphere_1_link,-0.0007276148409768755,0.0007276148409768755,foot-ground,True,False
121,ground,left_ankle_roll_sphere_2_link,world,left_ankle_roll_sphere_2_link,-0.00032071835963477704,0.00032071835963477704,foot-ground,True,False
121,right_knee_link,right_ankle_roll_link,right_knee_link,right_ankle_roll_link,-0.025893353781059475,0.025893353781059475,self-collision,False,False
121,right_ankle_intermediate_1_link,right_ankle_roll_link,right_ankle_intermediate_1_link,right_ankle_roll_link,-0.003213030923568394,0.003213030923568394,self-collision,False,False
121,left_wrist_pitch_link,largebox,left_wrist_pitch_link,largebox_link,-0.00016251961605931453,0.00016251961605931453,other-body-box,False,True
121,ground,left_ankle_roll_link,world,left_ankle_roll_link,-0.0014125456316779784,0.0014125456316779784,foot-ground,True,False
121,left_knee_link,left_ankle_roll_link,left_knee_link,left_ankle_roll_link,-0.03832134424304601,0.03832134424304601,self-collision,False,False
121,left_rubber_hand_link,largebox,left_rubber_hand_link,largebox_link,-0.0008203669031050104,0.0008203669031050104,hand-box,True,False
121,ground,left_ankle_roll_sphere_3_link,world,left_ankle_roll_sphere_3_link,-0.0009974479388807416,0.0009974479388807416,foot-ground,True,False
121,ground,left_ankle_roll_sphere_4_link,world,left_ankle_roll_sphere_4_link,-0.0005091721612702207,0.0005091721612702207,foot-ground,True,False
122,ground,right_ankle_roll_sphere_2_link,world,right_ankle_roll_sphere_2_link,-0.000992729596993011,0.000992729596993011,foot-ground,True,False
122,right_rubber_hand_link,largebox,right_rubber_hand_link,largebox_link,-0.0009629409793747573,0.0009629409793747573,hand-box,True,False
122,torso_link,largebox,torso_link,largebox_link,-0.0009918367490537178,0.0009918367490537178,other-body-box,False,True
122,ground,right_ankle_roll_link,world,right_ankle_roll_link,-0.0015920962518687423,0.0015920962518687423,foot-ground,True,False
122,ground,left_ankle_roll_sphere_1_link,world,left_ankle_roll_sphere_1_link,-0.0005831875418265678,0.0005831875418265678,foot-ground,True,False
122,ground,left_ankle_roll_sphere_2_link,world,left_ankle_roll_sphere_2_link,-0.00025902476992144523,0.00025902476992144523,foot-ground,True,False
122,right_knee_link,right_ankle_roll_link,right_knee_link,right_ankle_roll_link,-0.025855107101352248,0.025855107101352248,self-collision,False,False
122,right_ankle_intermediate_1_link,right_ankle_roll_link,right_ankle_intermediate_1_link,right_ankle_roll_link,-0.003220789352281747,0.003220789352281747,self-collision,False,False
122,ground,left_ankle_roll_link,world,left_ankle_roll_link,-0.0010017817745930392,0.0010017817745930392,foot-ground,True,False
122,left_knee_link,left_ankle_roll_link,left_knee_link,left_ankle_roll_link,-0.03942448654326197,0.03942448654326197,self-collision,False,False
122,left_rubber_hand_link,largebox,left_rubber_hand_link,largebox_link,-0.0006818311235576302,0.0006818311235576302,hand-box,True,False
123,ground,right_ankle_roll_sphere_2_link,world,right_ankle_roll_sphere_2_link,-0.0009945884001990547,0.0009945884001990547,foot-ground,True,False
123,right_rubber_hand_link,largebox,right_rubber_hand_link,largebox_link,-0.0009647753239384188,0.0009647753239384188,hand-box,True,False
123,left_shoulder_yaw_link,largebox,left_shoulder_yaw_link,largebox_link,-0.0006697380726447405,0.0006697380726447405,other-body-box,False,True
123,torso_link,largebox,torso_link,largebox_link,-0.0009879708814356097,0.0009879708814356097,other-body-box,False,True
123,ground,right_ankle_roll_link,world,right_ankle_roll_link,-0.0015816265836952302,0.0015816265836952302,foot-ground,True,False
123,right_knee_link,right_ankle_roll_link,right_knee_link,right_ankle_roll_link,-0.027225337704794295,0.027225337704794295,self-collision,False,False
123,right_ankle_intermediate_1_link,right_ankle_roll_link,right_ankle_intermediate_1_link,right_ankle_roll_link,-0.0033799834243184446,0.0033799834243184446,self-collision,False,False
123,left_knee_link,left_ankle_roll_link,left_knee_link,left_ankle_roll_link,-0.040316946291646255,0.040316946291646255,self-collision,False,False
123,left_rubber_hand_link,largebox,left_rubber_hand_link,largebox_link,-0.0009587998121537294,0.0009587998121537294,hand-box,True,False
124,ground,right_ankle_roll_sphere_2_link,world,right_ankle_roll_sphere_2_link,-0.0009917918723547038,0.0009917918723547038,foot-ground,True,False
124,right_rubber_hand_link,largebox,right_rubber_hand_link,largebox_link,-0.0006258827949561785,0.0006258827949561785,hand-box,True,False
124,left_shoulder_yaw_link,largebox,left_shoulder_yaw_link,largebox_link,-0.0006921231250836685,0.0006921231250836685,other-body-box,False,True
124,torso_link,largebox,torso_link,largebox_link,-0.0009432740057562089,0.0009432740057562089,other-body-box,False,True
124,ground,right_ankle_roll_link,world,right_ankle_roll_link,-0.0015725705159221164,0.0015725705159221164,foot-ground,True,False
124,right_knee_link,right_ankle_roll_link,right_knee_link,right_ankle_roll_link,-0.028442705470376917,0.028442705470376917,self-collision,False,False
124,right_ankle_intermediate_1_link,right_ankle_roll_link,right_ankle_intermediate_1_link,right_ankle_roll_link,-0.0033039592158820574,0.0033039592158820574,self-collision,False,False
124,left_knee_link,left_ankle_roll_link,left_knee_link,left_ankle_roll_link,-0.040926752038882824,0.040926752038882824,self-collision,False,False
124,left_rubber_hand_link,largebox,left_rubber_hand_link,largebox_link,-0.000422770052957433,0.000422770052957433,hand-box,True,False
125,ground,right_ankle_roll_sphere_2_link,world,right_ankle_roll_sphere_2_link,-0.0009901462225266984,0.0009901462225266984,foot-ground,True,False
125,right_rubber_hand_link,largebox,right_rubber_hand_link,largebox_link,-0.0008378418121787745,0.0008378418121787745,hand-box,True,False
125,left_shoulder_yaw_link,largebox,left_shoulder_yaw_link,largebox_link,-0.0007468740935364926,0.0007468740935364926,other-body-box,False,True
125,torso_link,largebox,torso_link,largebox_link,-0.0009654333648725089,0.0009654333648725089,other-body-box,False,True
125,ground,right_ankle_roll_link,world,right_ankle_roll_link,-0.0015568856856333774,0.0015568856856333774,foot-ground,True,False
125,right_knee_link,right_ankle_roll_link,right_knee_link,right_ankle_roll_link,-0.02946418240482629,0.02946418240482629,self-collision,False,False
125,right_ankle_intermediate_1_link,right_ankle_roll_link,right_ankle_intermediate_1_link,right_ankle_roll_link,-0.003171283455282739,0.003171283455282739,self-collision,False,False
125,left_knee_link,left_ankle_roll_link,left_knee_link,left_ankle_roll_link,-0.041946311127046304,0.041946311127046304,self-collision,False,False
125,left_rubber_hand_link,largebox,left_rubber_hand_link,largebox_link,-0.00037080531638787606,0.00037080531638787606,hand-box,True,False
126,ground,right_ankle_roll_sphere_2_link,world,right_ankle_roll_sphere_2_link,-0.000993872067279837,0.000993872067279837,foot-ground,True,False
126,right_rubber_hand_link,largebox,right_rubber_hand_link,largebox_link,-0.0009248979085804826,0.0009248979085804826,hand-box,True,False
126,left_shoulder_yaw_link,largebox,left_shoulder_yaw_link,largebox_link,-0.0008067298064719786,0.0008067298064719786,other-body-box,False,True
126,torso_link,largebox,torso_link,largebox_link,-0.0009701149326267894,0.0009701149326267894,other-body-box,False,True
126,ground,right_ankle_roll_link,world,right_ankle_roll_link,-0.0015739518675936537,0.0015739518675936537,foot-ground,True,False
126,right_knee_link,right_ankle_roll_link,right_knee_link,right_ankle_roll_link,-0.03051312485980187,0.03051312485980187,self-collision,False,False
126,right_ankle_intermediate_1_link,right_ankle_roll_link,right_ankle_intermediate_1_link,right_ankle_roll_link,-0.003180669379216683,0.003180669379216683,self-collision,False,False
126,left_knee_link,left_ankle_roll_link,left_knee_link,left_ankle_roll_link,-0.04285612236946973,0.04285612236946973,self-collision,False,False
126,left_rubber_hand_link,largebox,left_rubber_hand_link,largebox_link,-0.0004973218473097174,0.0004973218473097174,hand-box,True,False
127,ground,right_ankle_roll_sphere_2_link,world,right_ankle_roll_sphere_2_link,-0.0009930876965365916,0.0009930876965365916,foot-ground,True,False
127,right_rubber_hand_link,largebox,right_rubber_hand_link,largebox_link,-0.0009421346437365613,0.0009421346437365613,hand-box,True,False
127,left_shoulder_yaw_link,largebox,left_shoulder_yaw_link,largebox_link,-0.0007454578512993554,0.0007454578512993554,other-body-box,False,True
127,torso_link,largebox,torso_link,largebox_link,-0.0009734397753841662,0.0009734397753841662,other-body-box,False,True
127,ground,right_ankle_roll_link,world,right_ankle_roll_link,-0.0015817460554822874,0.0015817460554822874,foot-ground,True,False
127,right_knee_link,right_ankle_roll_link,right_knee_link,right_ankle_roll_link,-0.03105834546308689,0.03105834546308689,self-collision,False,False
127,right_ankle_intermediate_1_link,right_ankle_roll_link,right_ankle_intermediate_1_link,right_ankle_roll_link,-0.0030785732809223004,0.0030785732809223004,self-collision,False,False
127,left_knee_link,left_ankle_roll_link,left_knee_link,left_ankle_roll_link,-0.04244317174267545,0.04244317174267545,self-collision,False,False
127,left_rubber_hand_link,largebox,left_rubber_hand_link,largebox_link,-0.0010327880112141752,0.0010327880112141752,hand-box,True,False
128,ground,right_ankle_roll_sphere_2_link,world,right_ankle_roll_sphere_2_link,-0.0009955269933223194,0.0009955269933223194,foot-ground,True,False
128,right_rubber_hand_link,largebox,right_rubber_hand_link,largebox_link,-0.0008188681695322914,0.0008188681695322914,hand-box,True,False
128,left_shoulder_yaw_link,largebox,left_shoulder_yaw_link,largebox_link,-0.0007462851741748266,0.0007462851741748266,other-body-box,False,True
128,torso_link,largebox,torso_link,largebox_link,-0.0009604015189726145,0.0009604015189726145,other-body-box,False,True
128,ground,right_ankle_roll_link,world,right_ankle_roll_link,-0.0015945559655925513,0.0015945559655925513,foot-ground,True,False
128,right_knee_link,right_ankle_roll_link,right_knee_link,right_ankle_roll_link,-0.03097885889300875,0.03097885889300875,self-collision,False,False
128,right_ankle_intermediate_1_link,right_ankle_roll_link,right_ankle_intermediate_1_link,right_ankle_roll_link,-0.0031834727881101393,0.0031834727881101393,self-collision,False,False
128,left_knee_link,left_ankle_roll_link,left_knee_link,left_ankle_roll_link,-0.04231412761588571,0.04231412761588571,self-collision,False,False
128,left_rubber_hand_link,largebox,left_rubber_hand_link,largebox_link,-0.0006029668968901142,0.0006029668968901142,hand-box,True,False
129,ground,right_ankle_roll_sphere_2_link,world,right_ankle_roll_sphere_2_link,-0.0009940639889219572,0.0009940639889219572,foot-ground,True,False
129,right_rubber_hand_link,largebox,right_rubber_hand_link,largebox_link,-0.0008222567837731509,0.0008222567837731509,hand-box,True,False
129,left_shoulder_yaw_link,largebox,left_shoulder_yaw_link,largebox_link,-0.0007548541133883535,0.0007548541133883535,other-body-box,False,True
129,torso_link,largebox,torso_link,largebox_link,-0.0009877388372338675,0.0009877388372338675,other-body-box,False,True
129,ground,right_ankle_roll_link,world,right_ankle_roll_link,-0.0015735058555716927,0.0015735058555716927,foot-ground,True,False
129,right_knee_link,right_ankle_roll_link,right_knee_link,right_ankle_roll_link,-0.030779284300085558,0.030779284300085558,self-collision,False,False
129,right_ankle_intermediate_1_link,right_ankle_roll_link,right_ankle_intermediate_1_link,right_ankle_roll_link,-0.0031274132533436194,0.0031274132533436194,self-collision,False,False
129,left_knee_link,left_ankle_roll_link,left_knee_link,left_ankle_roll_link,-0.04202491335024977,0.04202491335024977,self-collision,False,False
129,left_rubber_hand_link,largebox,left_rubber_hand_link,largebox_link,-0.00025455576429547766,0.00025455576429547766,hand-box,True,False
130,ground,right_ankle_roll_sphere_2_link,world,right_ankle_roll_sphere_2_link,-0.0009949189796073397,0.0009949189796073397,foot-ground,True,False
130,right_rubber_hand_link,largebox,right_rubber_hand_link,largebox_link,-0.0008276539484238649,0.0008276539484238649,hand-box,True,False
130,left_shoulder_yaw_link,largebox,left_shoulder_yaw_link,largebox_link,-0.0007527471692994059,0.0007527471692994059,other-body-box,False,True
130,torso_link,largebox,torso_link,largebox_link,-0.0009069850934875084,0.0009069850934875084,other-body-box,False,True
130,ground,right_ankle_roll_link,world,right_ankle_roll_link,-0.0015615445852743583,0.0015615445852743583,foot-ground,True,False
130,right_knee_link,right_ankle_roll_link,right_knee_link,right_ankle_roll_link,-0.03064981908626868,0.03064981908626868,self-collision,False,False
130,right_ankle_intermediate_1_link,right_ankle_roll_link,right_ankle_intermediate_1_link,right_ankle_roll_link,-0.003222337515058002,0.003222337515058002,self-collision,False,False
130,left_knee_link,left_ankle_roll_link,left_knee_link,left_ankle_roll_link,-0.04138015816240803,0.04138015816240803,self-collision,False,False
130,left_rubber_hand_link,largebox,left_rubber_hand_link,largebox_link,-1.4875553301707534e-05,1.4875553301707534e-05,hand-box,True,False
131,ground,right_ankle_roll_sphere_2_link,world,right_ankle_roll_sphere_2_link,-0.0009922257067111777,0.0009922257067111777,foot-ground,True,False
131,right_rubber_hand_link,largebox,right_rubber_hand_link,largebox_link,-0.0007810669623927874,0.0007810669623927874,hand-box,True,False
131,left_shoulder_yaw_link,largebox,left_shoulder_yaw_link,largebox_link,-0.0006708319064610557,0.0006708319064610557,other-body-box,False,True
131,ground,right_ankle_roll_link,world,right_ankle_roll_link,-0.0015386050962745562,0.0015386050962745562,foot-ground,True,False
131,right_knee_link,right_ankle_roll_link,right_knee_link,right_ankle_roll_link,-0.030382436890517506,0.030382436890517506,self-collision,False,False
131,right_ankle_intermediate_1_link,right_ankle_roll_link,right_ankle_intermediate_1_link,right_ankle_roll_link,-0.0031447915806581545,0.0031447915806581545,self-collision,False,False
131,left_knee_link,left_ankle_roll_link,left_knee_link,left_ankle_roll_link,-0.04053004277142758,0.04053004277142758,self-collision,False,False
132,ground,right_ankle_roll_sphere_2_link,world,right_ankle_roll_sphere_2_link,-0.000992777821635686,0.000992777821635686,foot-ground,True,False
132,right_rubber_hand_link,largebox,right_rubber_hand_link,largebox_link,-0.0007835534758522528,0.0007835534758522528,hand-box,True,False
132,left_shoulder_yaw_link,largebox,left_shoulder_yaw_link,largebox_link,-0.0007077553564068945,0.0007077553564068945,other-body-box,False,True
132,ground,right_ankle_roll_link,world,right_ankle_roll_link,-0.0015208663541282155,0.0015208663541282155,foot-ground,True,False
132,ground,left_ankle_roll_sphere_2_link,world,left_ankle_roll_sphere_2_link,-0.0006034614396801625,0.0006034614396801625,foot-ground,True,False
132,right_knee_link,right_ankle_roll_link,right_knee_link,right_ankle_roll_link,-0.03015914217701507,0.03015914217701507,self-collision,False,False
132,right_ankle_intermediate_1_link,right_ankle_roll_link,right_ankle_intermediate_1_link,right_ankle_roll_link,-0.0031434937705919763,0.0031434937705919763,self-collision,False,False
132,ground,left_ankle_roll_link,world,left_ankle_roll_link,-0.000981320485375116,0.000981320485375116,foot-ground,True,False
132,left_knee_link,left_ankle_roll_link,left_knee_link,left_ankle_roll_link,-0.03951286112186425,0.03951286112186425,self-collision,False,False
133,ground,right_ankle_roll_sphere_2_link,world,right_ankle_roll_sphere_2_link,-0.0009962662938009749,0.0009962662938009749,foot-ground,True,False
133,right_rubber_hand_link,largebox,right_rubber_hand_link,largebox_link,-0.0008794960158789583,0.0008794960158789583,hand-box,True,False
133,left_shoulder_yaw_link,largebox,left_shoulder_yaw_link,largebox_link,-0.0007334060579652496,0.0007334060579652496,other-body-box,False,True
133,ground,right_ankle_roll_link,world,right_ankle_roll_link,-0.0015131395647454138,0.0015131395647454138,foot-ground,True,False
133,ground,left_ankle_roll_sphere_2_link,world,left_ankle_roll_sphere_2_link,-0.0005039018249578904,0.0005039018249578904,foot-ground,True,False
133,ground,right_ankle_roll_sphere_4_link,world,right_ankle_roll_sphere_4_link,-2.810642759281095e-05,2.810642759281095e-05,foot-ground,True,False
133,right_knee_link,right_ankle_roll_link,right_knee_link,right_ankle_roll_link,-0.029738854183938013,0.029738854183938013,self-collision,False,False
133,right_ankle_intermediate_1_link,right_ankle_roll_link,right_ankle_intermediate_1_link,right_ankle_roll_link,-0.0032453864526594822,0.0032453864526594822,self-collision,False,False
133,ground,left_ankle_roll_link,world,left_ankle_roll_link,-0.0009470254011539579,0.0009470254011539579,foot-ground,True,False
133,left_knee_link,left_ankle_roll_link,left_knee_link,left_ankle_roll_link,-0.03482436227094071,0.03482436227094071,self-collision,False,False
134,ground,right_ankle_roll_sphere_2_link,world,right_ankle_roll_sphere_2_link,-0.000992054347895478,0.000992054347895478,foot-ground,True,False
134,right_rubber_hand_link,largebox,right_rubber_hand_link,largebox_link,-0.0009472044788384065,0.0009472044788384065,hand-box,True,False
134,left_ankle_intermediate_1_link,left_ankle_roll_link,left_ankle_intermediate_1_link,left_ankle_roll_link,-0.0027840130865644797,0.0027840130865644797,self-collision,False,False
134,left_shoulder_yaw_link,largebox,left_shoulder_yaw_link,largebox_link,-0.0005440510311884444,0.0005440510311884444,other-body-box,False,True
134,ground,right_ankle_roll_link,world,right_ankle_roll_link,-0.0014880856899679266,0.0014880856899679266,foot-ground,True,False
134,ground,left_ankle_roll_sphere_2_link,world,left_ankle_roll_sphere_2_link,-0.00022343170511733828,0.00022343170511733828,foot-ground,True,False
134,ground,right_ankle_roll_sphere_4_link,world,right_ankle_roll_sphere_4_link,-9.545398535544102e-05,9.545398535544102e-05,foot-ground,True,False
134,right_knee_link,right_ankle_roll_link,right_knee_link,right_ankle_roll_link,-0.02971521217790643,0.02971521217790643,self-collision,False,False
134,right_ankle_intermediate_1_link,right_ankle_roll_link,right_ankle_intermediate_1_link,right_ankle_roll_link,-0.0032334882691017752,0.0032334882691017752,self-collision,False,False
134,ground,left_ankle_roll_link,world,left_ankle_roll_link,-0.0010481074970337366,0.0010481074970337366,foot-ground,True,False
134,left_knee_link,left_ankle_roll_link,left_knee_link,left_ankle_roll_link,-0.028841756677296354,0.028841756677296354,self-collision,False,False
134,left_rubber_hand_link,largebox,left_rubber_hand_link,largebox_link,-0.0003457505048181514,0.0003457505048181514,hand-box,True,False
135,ground,right_ankle_roll_sphere_2_link,world,right_ankle_roll_sphere_2_link,-0.0009952419024308627,0.0009952419024308627,foot-ground,True,False
135,right_rubber_hand_link,largebox,right_rubber_hand_link,largebox_link,-0.0008045036287039897,0.0008045036287039897,hand-box,True,False
135,ground,left_ankle_roll_sphere_5_link,world,left_ankle_roll_sphere_5_link,-0.0005938007158906673,0.0005938007158906673,foot-ground,True,False
135,left_ankle_intermediate_1_link,left_ankle_roll_link,left_ankle_intermediate_1_link,left_ankle_roll_link,-0.0026738359043907978,0.0026738359043907978,self-collision,False,False
135,left_shoulder_yaw_link,largebox,left_shoulder_yaw_link,largebox_link,-0.0004978482549629765,0.0004978482549629765,other-body-box,False,True
135,ground,right_ankle_roll_link,world,right_ankle_roll_link,-0.0014825932512163506,0.0014825932512163506,foot-ground,True,False
135,ground,left_ankle_roll_sphere_2_link,world,left_ankle_roll_sphere_2_link,-0.0005613204039313221,0.0005613204039313221,foot-ground,True,False
135,ground,right_ankle_roll_sphere_4_link,world,right_ankle_roll_sphere_4_link,-0.00012700261608868026,0.00012700261608868026,foot-ground,True,False
135,right_knee_link,right_ankle_roll_link,right_knee_link,right_ankle_roll_link,-0.029754680010461665,0.029754680010461665,self-collision,False,False
135,right_ankle_intermediate_1_link,right_ankle_roll_link,right_ankle_intermediate_1_link,right_ankle_roll_link,-0.0031942003748575143,0.0031942003748575143,self-collision,False,False
135,ground,left_ankle_roll_link,world,left_ankle_roll_link,-0.0014200112895103104,0.0014200112895103104,foot-ground,True,False
135,left_knee_link,left_ankle_roll_link,left_knee_link,left_ankle_roll_link,-0.024685365122081845,0.024685365122081845,self-collision,False,False
135,left_rubber_hand_link,largebox,left_rubber_hand_link,largebox_link,-0.00014886703460884054,0.00014886703460884054,hand-box,True,False
135,ground,left_ankle_roll_sphere_3_link,world,left_ankle_roll_sphere_3_link,-0.00011770938289632892,0.00011770938289632892,foot-ground,True,False
135,ground,left_ankle_roll_sphere_4_link,world,left_ankle_roll_sphere_4_link,-0.000986816612216365,0.000986816612216365,foot-ground,True,False
136,ground,right_ankle_roll_sphere_2_link,world,right_ankle_roll_sphere_2_link,-0.0009967308860366298,0.0009967308860366298,foot-ground,True,False
136,right_rubber_hand_link,largebox,right_rubber_hand_link,largebox_link,-0.0008290074395456287,0.0008290074395456287,hand-box,True,False
136,ground,left_ankle_roll_sphere_5_link,world,left_ankle_roll_sphere_5_link,-0.0007688689640867495,0.0007688689640867495,foot-ground,True,False
136,left_ankle_intermediate_1_link,left_ankle_roll_link,left_ankle_intermediate_1_link,left_ankle_roll_link,-0.0025404152847408185,0.0025404152847408185,self-collision,False,False
136,left_shoulder_yaw_link,largebox,left_shoulder_yaw_link,largebox_link,-0.00041657334622217934,0.00041657334622217934,other-body-box,False,True
136,ground,right_ankle_roll_link,world,right_ankle_roll_link,-0.0014652999848049492,0.0014652999848049492,foot-ground,True,False
136,ground,left_ankle_roll_sphere_1_link,world,left_ankle_roll_sphere_1_link,-0.0006247119013078678,0.0006247119013078678,foot-ground,True,False
136,ground,left_ankle_roll_sphere_2_link,world,left_ankle_roll_sphere_2_link,-0.000996077717497097,0.000996077717497097,foot-ground,True,False
136,ground,right_ankle_roll_sphere_4_link,world,right_ankle_roll_sphere_4_link,-0.00019794998579178696,0.00019794998579178696,foot-ground,True,False
136,right_knee_link,right_ankle_roll_link,right_knee_link,right_ankle_roll_link,-0.02971267357177637,0.02971267357177637,self-collision,False,False
136,right_ankle_intermediate_1_link,right_ankle_roll_link,right_ankle_intermediate_1_link,right_ankle_roll_link,-0.003232403610840845,0.003232403610840845,self-collision,False,False
136,ground,left_ankle_roll_link,world,left_ankle_roll_link,-0.0014592208209091885,0.0014592208209091885,foot-ground,True,False
136,left_knee_link,left_ankle_roll_link,left_knee_link,left_ankle_roll_link,-0.024325022865912344,0.024325022865912344,self-collision,False,False
136,left_rubber_hand_link,largebox,left_rubber_hand_link,largebox_link,-0.0002207790989342956,0.0002207790989342956,hand-box,True,False
136,ground,left_ankle_roll_sphere_3_link,world,left_ankle_roll_sphere_3_link,-0.0005504206159853932,0.0005504206159853932,foot-ground,True,False
136,ground,left_ankle_roll_sphere_4_link,world,left_ankle_roll_sphere_4_link,-0.000996059595412469,0.000996059595412469,foot-ground,True,False
137,ground,right_ankle_roll_sphere_2_link,world,right_ankle_roll_sphere_2_link,-0.0009979962033420794,0.0009979962033420794,foot-ground,True,False
137,right_rubber_hand_link,largebox,right_rubber_hand_link,largebox_link,-0.0008267634789231038,0.0008267634789231038,hand-box,True,False
137,ground,left_ankle_roll_sphere_5_link,world,left_ankle_roll_sphere_5_link,-0.0008075403881582848,0.0008075403881582848,foot-ground,True,False
137,left_ankle_intermediate_1_link,left_ankle_roll_link,left_ankle_intermediate_1_link,left_ankle_roll_link,-0.0025439235445278846,0.0025439235445278846,self-collision,False,False
137,left_shoulder_yaw_link,largebox,left_shoulder_yaw_link,largebox_link,-0.0007485914305149638,0.0007485914305149638,other-body-box,False,True
137,ground,right_ankle_roll_link,world,right_ankle_roll_link,-0.0014481229500631007,0.0014481229500631007,foot-ground,True,False
137,ground,left_ankle_roll_sphere_1_link,world,left_ankle_roll_sphere_1_link,-0.0006872970153774657,0.0006872970153774657,foot-ground,True,False
137,ground,left_ankle_roll_sphere_2_link,world,left_ankle_roll_sphere_2_link,-0.000997011148068899,0.000997011148068899,foot-ground,True,False
137,ground,right_ankle_roll_sphere_4_link,world,right_ankle_roll_sphere_4_link,-0.0002683699934417248,0.0002683699934417248,foot-ground,True,False
137,right_knee_link,right_ankle_roll_link,right_knee_link,right_ankle_roll_link,-0.029376942317981658,0.029376942317981658,self-collision,False,False
137,right_ankle_intermediate_1_link,right_ankle_roll_link,right_ankle_intermediate_1_link,right_ankle_roll_link,-0.0033062123928386394,0.0033062123928386394,self-collision,False,False
137,ground,left_ankle_roll_link,world,left_ankle_roll_link,-0.00144955385179266,0.00144955385179266,foot-ground,True,False
137,left_knee_link,left_ankle_roll_link,left_knee_link,left_ankle_roll_link,-0.024229539322837945,0.024229539322837945,self-collision,False,False
137,left_rubber_hand_link,largebox,left_rubber_hand_link,largebox_link,-0.0005844010905343561,0.0005844010905343561,hand-box,True,False
137,ground,left_ankle_roll_sphere_3_link,world,left_ankle_roll_sphere_3_link,-0.0006253554552344649,0.0006253554552344649,foot-ground,True,False
137,ground,left_ankle_roll_sphere_4_link,world,left_ankle_roll_sphere_4_link,-0.0009970124144641863,0.0009970124144641863,foot-ground,True,False
138,ground,right_ankle_roll_sphere_2_link,world,right_ankle_roll_sphere_2_link,-0.0009988742255454082,0.0009988742255454082,foot-ground,True,False
138,right_rubber_hand_link,largebox,right_rubber_hand_link,largebox_link,-0.0007637398984040589,0.0007637398984040589,hand-box,True,False
138,ground,left_ankle_roll_sphere_5_link,world,left_ankle_roll_sphere_5_link,-0.0008076390811555942,0.0008076390811555942,foot-ground,True,False
138,left_ankle_intermediate_1_link,left_ankle_roll_link,left_ankle_intermediate_1_link,left_ankle_roll_link,-0.002494958938234218,0.002494958938234218,self-collision,False,False
138,left_shoulder_yaw_link,largebox,left_shoulder_yaw_link,largebox_link,-0.0003598123390570612,0.0003598123390570612,other-body-box,False,True
138,ground,right_ankle_roll_link,world,right_ankle_roll_link,-0.0014433935189600323,0.0014433935189600323,foot-ground,True,False
138,ground,left_ankle_roll_sphere_1_link,world,left_ankle_roll_sphere_1_link,-0.0006876316422499236,0.0006876316422499236,foot-ground,True,False
138,ground,left_ankle_roll_sphere_2_link,world,left_ankle_roll_sphere_2_link,-0.00099739673530463,0.00099739673530463,foot-ground,True,False
138,ground,right_ankle_roll_sphere_4_link,world,right_ankle_roll_sphere_4_link,-0.0003780187584860621,0.0003780187584860621,foot-ground,True,False
138,pelvis_contour_link,left_hip_roll_link,pelvis_contour_link,left_hip_roll_link,-0.0003806545935005484,0.0003806545935005484,self-collision,False,False
138,right_knee_link,right_ankle_roll_link,right_knee_link,right_ankle_roll_link,-0.02930059900725518,0.02930059900725518,self-collision,False,False
138,right_ankle_intermediate_1_link,right_ankle_roll_link,right_ankle_intermediate_1_link,right_ankle_roll_link,-0.003271552698361102,0.003271552698361102,self-collision,False,False
138,ground,left_ankle_roll_link,world,left_ankle_roll_link,-0.0014498178030514855,0.0014498178030514855,foot-ground,True,False
138,left_knee_link,left_ankle_roll_link,left_knee_link,left_ankle_roll_link,-0.02433724381908671,0.02433724381908671,self-collision,False,False
138,ground,left_ankle_roll_sphere_3_link,world,left_ankle_roll_sphere_3_link,-0.0006254510892829473,0.0006254510892829473,foot-ground,True,False
138,ground,left_ankle_roll_sphere_4_link,world,left_ankle_roll_sphere_4_link,-0.0009971692009485963,0.0009971692009485963,foot-ground,True,False
139,ground,right_ankle_roll_sphere_2_link,world,right_ankle_roll_sphere_2_link,-0.000998633368034181,0.000998633368034181,foot-ground,True,False
139,pelvis_contour_link,right_hip_roll_link,pelvis_contour_link,right_hip_roll_link,-0.0008840301699001851,0.0008840301699001851,self-collision,False,False
139,right_rubber_hand_link,largebox,right_rubber_hand_link,largebox_link,-0.0007617062848741946,0.0007617062848741946,hand-box,True,False
139,ground,left_ankle_roll_sphere_5_link,world,left_ankle_roll_sphere_5_link,-0.0008109679138174992,0.0008109679138174992,foot-ground,True,False
139,left_ankle_intermediate_1_link,left_ankle_roll_link,left_ankle_intermediate_1_link,left_ankle_roll_link,-0.00273228207568528,0.00273228207568528,self-collision,False,False
139,left_shoulder_yaw_link,largebox,left_shoulder_yaw_link,largebox_link,-5.7799888213194706e-05,5.7799888213194706e-05,other-body-box,False,True
139,ground,right_ankle_roll_link,world,right_ankle_roll_link,-0.001425870488194255,0.001425870488194255,foot-ground,True,False
139,ground,left_ankle_roll_sphere_1_link,world,left_ankle_roll_sphere_1_link,-0.00069214231792854,0.00069214231792854,foot-ground,True,False
139,ground,left_ankle_roll_sphere_2_link,world,left_ankle_roll_sphere_2_link,-0.0009966684254184037,0.0009966684254184037,foot-ground,True,False
139,ground,right_ankle_roll_sphere_4_link,world,right_ankle_roll_sphere_4_link,-0.00044583228238664115,0.00044583228238664115,foot-ground,True,False
139,pelvis_contour_link,left_hip_roll_link,pelvis_contour_link,left_hip_roll_link,-0.0016463959724066224,0.0016463959724066224,self-collision,False,False
139,right_knee_link,right_ankle_roll_link,right_knee_link,right_ankle_roll_link,-0.028870240795670715,0.028870240795670715,self-collision,False,False
139,right_ankle_intermediate_1_link,right_ankle_roll_link,right_ankle_intermediate_1_link,right_ankle_roll_link,-0.0033017731603449674,0.0033017731603449674,self-collision,False,False
139,ground,left_ankle_roll_link,world,left_ankle_roll_link,-0.0014486219437513902,0.0014486219437513902,foot-ground,True,False
139,left_knee_link,left_ankle_roll_link,left_knee_link,left_ankle_roll_link,-0.02458836899623297,0.02458836899623297,self-collision,False,False
139,left_rubber_hand_link,largebox,left_rubber_hand_link,largebox_link,-0.0012900699306222646,0.0012900699306222646,hand-box,True,False
139,ground,left_ankle_roll_sphere_3_link,world,left_ankle_roll_sphere_3_link,-0.0006317719817294743,0.0006317719817294743,foot-ground,True,False
139,ground,right_ankle_roll_sphere_1_link,world,right_ankle_roll_sphere_1_link,-0.0001656188370034407,0.0001656188370034407,foot-ground,True,False
139,ground,left_ankle_roll_sphere_4_link,world,left_ankle_roll_sphere_4_link,-0.0009972033107173072,0.0009972033107173072,foot-ground,True,False
140,ground,right_ankle_roll_sphere_2_link,world,right_ankle_roll_sphere_2_link,-0.0009985880621195637,0.0009985880621195637,foot-ground,True,False
140,pelvis_contour_link,right_hip_roll_link,pelvis_contour_link,right_hip_roll_link,-0.002667009573650958,0.002667009573650958,self-collision,False,False
140,right_rubber_hand_link,largebox,right_rubber_hand_link,largebox_link,-0.00070402871056717,0.00070402871056717,hand-box,True,False
140,ground,left_ankle_roll_sphere_5_link,world,left_ankle_roll_sphere_5_link,-0.0008097730139396157,0.0008097730139396157,foot-ground,True,False
140,left_ankle_intermediate_1_link,left_ankle_roll_link,left_ankle_intermediate_1_link,left_ankle_roll_link,-0.0029413817130130165,0.0029413817130130165,self-collision,False,False
140,left_shoulder_yaw_link,largebox,left_shoulder_yaw_link,largebox_link,-0.00035507017941435737,0.00035507017941435737,other-body-box,False,True
140,ground,right_ankle_roll_link,world,right_ankle_roll_link,-0.0014164625873570105,0.0014164625873570105,foot-ground,True,False
140,ground,left_ankle_roll_sphere_1_link,world,left_ankle_roll_sphere_1_link,-0.000690698158413521,0.000690698158413521,foot-ground,True,False
140,ground,left_ankle_roll_sphere_2_link,world,left_ankle_roll_sphere_2_link,-0.0009956388734742609,0.0009956388734742609,foot-ground,True,False
140,ground,right_ankle_roll_sphere_4_link,world,right_ankle_roll_sphere_4_link,-0.0004999337540717427,0.0004999337540717427,foot-ground,True,False
140,pelvis_contour_link,left_hip_roll_link,pelvis_contour_link,left_hip_roll_link,-0.002861261240777055,0.002861261240777055,self-collision,False,False
140,ground,right_ankle_roll_sphere_5_link,world,right_ankle_roll_sphere_5_link,-5.9276708381106845e-05,5.9276708381106845e-05,foot-ground,True,False
140,right_knee_link,right_ankle_roll_link,right_knee_link,right_ankle_roll_link,-0.028935010219729024,0.028935010219729024,self-collision,False,False
140,right_ankle_intermediate_1_link,right_ankle_roll_link,right_ankle_intermediate_1_link,right_ankle_roll_link,-0.0033278499654033344,0.0033278499654033344,self-collision,False,False
140,ground,left_ankle_roll_link,world,left_ankle_roll_link,-0.0014477088140070794,0.0014477088140070794,foot-ground,True,False
140,left_knee_link,left_ankle_roll_link,left_knee_link,left_ankle_roll_link,-0.025007788704075523,0.025007788704075523,self-collision,False,False
140,left_rubber_hand_link,largebox,left_rubber_hand_link,largebox_link,-0.0012917721231400642,0.0012917721231400642,hand-box,True,False
140,ground,left_ankle_roll_sphere_3_link,world,left_ankle_roll_sphere_3_link,-0.0006303239009036203,0.0006303239009036203,foot-ground,True,False
140,ground,right_ankle_roll_sphere_1_link,world,right_ankle_roll_sphere_1_link,-0.00037417833513445336,0.00037417833513445336,foot-ground,True,False
140,ground,left_ankle_roll_sphere_4_link,world,left_ankle_roll_sphere_4_link,-0.0009962527589765123,0.0009962527589765123,foot-ground,True,False
141,ground,right_ankle_roll_sphere_2_link,world,right_ankle_roll_sphere_2_link,-0.000998104068026767,0.000998104068026767,foot-ground,True,False
141,pelvis_contour_link,right_hip_roll_link,pelvis_contour_link,right_hip_roll_link,-0.003986950704542483,0.003986950704542483,self-collision,False,False
141,right_rubber_hand_link,largebox,right_rubber_hand_link,largebox_link,-0.00062775065367697,0.00062775065367697,hand-box,True,False
141,ground,left_ankle_roll_sphere_5_link,world,left_ankle_roll_sphere_5_link,-0.0008090693329769949,0.0008090693329769949,foot-ground,True,False
141,left_ankle_intermediate_1_link,left_ankle_roll_link,left_ankle_intermediate_1_link,left_ankle_roll_link,-0.0029256807251818034,0.0029256807251818034,self-collision,False,False
141,left_shoulder_yaw_link,largebox,left_shoulder_yaw_link,largebox_link,-0.0005092623816197739,0.0005092623816197739,other-body-box,False,True
141,ground,right_ankle_roll_link,world,right_ankle_roll_link,-0.0014079330129407736,0.0014079330129407736,foot-ground,True,False
141,ground,left_ankle_roll_sphere_1_link,world,left_ankle_roll_sphere_1_link,-0.000690070747206283,0.000690070747206283,foot-ground,True,False
141,ground,right_ankle_roll_sphere_3_link,world,right_ankle_roll_sphere_3_link,-8.331055942412385e-05,8.331055942412385e-05,foot-ground,True,False
141,ground,left_ankle_roll_sphere_2_link,world,left_ankle_roll_sphere_2_link,-0.000994522539977046,0.000994522539977046,foot-ground,True,False
141,ground,right_ankle_roll_sphere_4_link,world,right_ankle_roll_sphere_4_link,-0.0005776251161470165,0.0005776251161470165,foot-ground,True,False
141,pelvis_contour_link,left_hip_roll_link,pelvis_contour_link,left_hip_roll_link,-0.003014296299406624,0.003014296299406624,self-collision,False,False
141,ground,right_ankle_roll_sphere_5_link,world,right_ankle_roll_sphere_5_link,-0.0002761535046553734,0.0002761535046553734,foot-ground,True,False
141,right_knee_link,right_ankle_roll_link,right_knee_link,right_ankle_roll_link,-0.029138198689587835,0.029138198689587835,self-collision,False,False
141,right_ankle_intermediate_1_link,right_ankle_roll_link,right_ankle_intermediate_1_link,right_ankle_roll_link,-0.0032465082579967997,0.0032465082579967997,self-collision,False,False
141,ground,left_ankle_roll_link,world,left_ankle_roll_link,-0.0014465661960532915,0.0014465661960532915,foot-ground,True,False
141,left_knee_link,left_ankle_roll_link,left_knee_link,left_ankle_roll_link,-0.025612415071348538,0.025612415071348538,self-collision,False,False
141,left_rubber_hand_link,largebox,left_rubber_hand_link,largebox_link,-0.0040432799761290356,0.0040432799761290356,hand-box,True,False
141,ground,left_ankle_roll_sphere_3_link,world,left_ankle_roll_sphere_3_link,-0.0006298958689581876,0.0006298958689581876,foot-ground,True,False
141,ground,right_ankle_roll_sphere_1_link,world,right_ankle_roll_sphere_1_link,-0.0005861752707576875,0.0005861752707576875,foot-ground,True,False
141,ground,left_ankle_roll_sphere_4_link,world,left_ankle_roll_sphere_4_link,-0.0009952380202831032,0.0009952380202831032,foot-ground,True,False
142,ground,right_ankle_roll_sphere_2_link,world,right_ankle_roll_sphere_2_link,-0.0009972028346728707,0.0009972028346728707,foot-ground,True,False
142,pelvis_contour_link,right_hip_roll_link,pelvis_contour_link,right_hip_roll_link,-0.00503454504428455,0.00503454504428455,self-collision,False,False
142,right_rubber_hand_link,largebox,right_rubber_hand_link,largebox_link,-0.0009318485942470672,0.0009318485942470672,hand-box,True,False
142,ground,left_ankle_roll_sphere_5_link,world,left_ankle_roll_sphere_5_link,-0.0008089738012812221,0.0008089738012812221,foot-ground,True,False
142,left_ankle_intermediate_1_link,left_ankle_roll_link,left_ankle_intermediate_1_link,left_ankle_roll_link,-0.002850405406381748,0.002850405406381748,self-collision,False,False
142,left_shoulder_yaw_link,largebox,left_shoulder_yaw_link,largebox_link,-0.00012122701017079629,0.00012122701017079629,other-body-box,False,True
142,ground,right_ankle_roll_link,world,right_ankle_roll_link,-0.001416989102750666,0.001416989102750666,foot-ground,True,False
142,ground,left_ankle_roll_sphere_1_link,world,left_ankle_roll_sphere_1_link,-0.0006894515586552503,0.0006894515586552503,foot-ground,True,False
142,ground,right_ankle_roll_sphere_3_link,world,right_ankle_roll_sphere_3_link,-0.0006140829192703414,0.0006140829192703414,foot-ground,True,False
142,ground,left_ankle_roll_sphere_2_link,world,left_ankle_roll_sphere_2_link,-0.000993889979821745,0.000993889979821745,foot-ground,True,False
142,ground,right_ankle_roll_sphere_4_link,world,right_ankle_roll_sphere_4_link,-0.0006716934830950606,0.0006716934830950606,foot-ground,True,False
142,pelvis_contour_link,left_hip_roll_link,pelvis_contour_link,left_hip_roll_link,-0.004205080224169502,0.004205080224169502,self-collision,False,False
142,ground,right_ankle_roll_sphere_5_link,world,right_ankle_roll_sphere_5_link,-0.0006040281739007535,0.0006040281739007535,foot-ground,True,False
142,right_knee_link,right_ankle_roll_link,right_knee_link,right_ankle_roll_link,-0.0292029274094828,0.0292029274094828,self-collision,False,False
142,right_ankle_intermediate_1_link,right_ankle_roll_link,right_ankle_intermediate_1_link,right_ankle_roll_link,-0.0032471507560173085,0.0032471507560173085,self-collision,False,False
142,ground,left_ankle_roll_link,world,left_ankle_roll_link,-0.001446201033797525,0.001446201033797525,foot-ground,True,False
142,left_knee_link,left_ankle_roll_link,left_knee_link,left_ankle_roll_link,-0.027558452186251747,0.027558452186251747,self-collision,False,False
142,left_rubber_hand_link,largebox,left_rubber_hand_link,largebox_link,-0.000921914402091259,0.000921914402091259,hand-box,True,False
142,ground,left_ankle_roll_sphere_3_link,world,left_ankle_roll_sphere_3_link,-0.0006297525346820902,0.0006297525346820902,foot-ground,True,False
142,ground,right_ankle_roll_sphere_1_link,world,right_ankle_roll_sphere_1_link,-0.0009491940314856053,0.0009491940314856053,foot-ground,True,False
142,ground,left_ankle_roll_sphere_4_link,world,left_ankle_roll_sphere_4_link,-0.0009950786400818859,0.0009950786400818859,foot-ground,True,False
143,ground,right_ankle_roll_sphere_2_link,world,right_ankle_roll_sphere_2_link,-0.0009977534891871002,0.0009977534891871002,foot-ground,True,False
143,pelvis_contour_link,right_hip_roll_link,pelvis_contour_link,right_hip_roll_link,-0.005879011622729607,0.005879011622729607,self-collision,False,False
143,right_rubber_hand_link,largebox,right_rubber_hand_link,largebox_link,-0.000852418620476178,0.000852418620476178,hand-box,True,False
143,ground,left_ankle_roll_sphere_5_link,world,left_ankle_roll_sphere_5_link,-0.0008056577078606559,0.0008056577078606559,foot-ground,True,False
143,left_ankle_intermediate_1_link,left_ankle_roll_link,left_ankle_intermediate_1_link,left_ankle_roll_link,-0.002726623459823635,0.002726623459823635,self-collision,False,False
143,left_shoulder_yaw_link,largebox,left_shoulder_yaw_link,largebox_link,-0.0006600605730875397,0.0006600605730875397,other-body-box,False,True
143,ground,right_ankle_roll_link,world,right_ankle_roll_link,-0.0014339962379052856,0.0014339962379052856,foot-ground,True,False
143,ground,left_ankle_roll_sphere_1_link,world,left_ankle_roll_sphere_1_link,-0.0006851513697981723,0.0006851513697981723,foot-ground,True,False
143,ground,right_ankle_roll_sphere_3_link,world,right_ankle_roll_sphere_3_link,-0.0006373322700603942,0.0006373322700603942,foot-ground,True,False
143,ground,left_ankle_roll_sphere_2_link,world,left_ankle_roll_sphere_2_link,-0.000991824818813959,0.000991824818813959,foot-ground,True,False
143,ground,right_ankle_roll_sphere_4_link,world,right_ankle_roll_sphere_4_link,-0.0006373608040005042,0.0006373608040005042,foot-ground,True,False
143,pelvis_contour_link,left_hip_roll_link,pelvis_contour_link,left_hip_roll_link,-0.0050145010123831685,0.0050145010123831685,self-collision,False,False
143,ground,right_ankle_roll_sphere_5_link,world,right_ankle_roll_sphere_5_link,-0.0005949471178522221,0.0005949471178522221,foot-ground,True,False
143,right_knee_link,right_ankle_roll_link,right_knee_link,right_ankle_roll_link,-0.02948121017632324,0.02948121017632324,self-collision,False,False
143,right_ankle_intermediate_1_link,right_ankle_roll_link,right_ankle_intermediate_1_link,right_ankle_roll_link,-0.0032359451674447703,0.0032359451674447703,self-collision,False,False
143,ground,left_ankle_roll_link,world,left_ankle_roll_link,-0.0014445800839980316,0.0014445800839980316,foot-ground,True,False
143,left_knee_link,left_ankle_roll_link,left_knee_link,left_ankle_roll_link,-0.028586722896140893,0.028586722896140893,self-collision,False,False
143,left_rubber_hand_link,largebox,left_rubber_hand_link,largebox_link,-0.003091777108929883,0.003091777108929883,hand-box,True,False
143,ground,left_ankle_roll_sphere_3_link,world,left_ankle_roll_sphere_3_link,-0.000625109468603331,0.000625109468603331,foot-ground,True,False
143,ground,right_ankle_roll_sphere_1_link,world,right_ankle_roll_sphere_1_link,-0.0009977297109036746,0.0009977297109036746,foot-ground,True,False
143,ground,left_ankle_roll_sphere_4_link,world,left_ankle_roll_sphere_4_link,-0.0009931176074222765,0.0009931176074222765,foot-ground,True,False
144,ground,right_ankle_roll_sphere_2_link,world,right_ankle_roll_sphere_2_link,-0.0009947400189544838,0.0009947400189544838,foot-ground,True,False
144,pelvis_contour_link,right_hip_roll_link,pelvis_contour_link,right_hip_roll_link,-0.00593259289491542,0.00593259289491542,self-collision,False,False
144,right_rubber_hand_link,largebox,right_rubber_hand_link,largebox_link,-0.0008485164179652255,0.0008485164179652255,hand-box,True,False
144,ground,left_ankle_roll_sphere_5_link,world,left_ankle_roll_sphere_5_link,-0.0008039139017913212,0.0008039139017913212,foot-ground,True,False
144,left_ankle_intermediate_1_link,left_ankle_roll_link,left_ankle_intermediate_1_link,left_ankle_roll_link,-0.002741577651736757,0.002741577651736757,self-collision,False,False
144,left_shoulder_yaw_link,largebox,left_shoulder_yaw_link,largebox_link,-0.000500818875892664,0.000500818875892664,other-body-box,False,True
144,ground,right_ankle_roll_link,world,right_ankle_roll_link,-0.0014616409786685526,0.0014616409786685526,foot-ground,True,False
144,ground,left_ankle_roll_sphere_1_link,world,left_ankle_roll_sphere_1_link,-0.0006832555693134781,0.0006832555693134781,foot-ground,True,False
144,ground,right_ankle_roll_sphere_3_link,world,right_ankle_roll_sphere_3_link,-0.0005190255746084253,0.0005190255746084253,foot-ground,True,False
144,ground,left_ankle_roll_sphere_2_link,world,left_ankle_roll_sphere_2_link,-0.0009878263652288574,0.0009878263652288574,foot-ground,True,False
144,ground,right_ankle_roll_sphere_4_link,world,right_ankle_roll_sphere_4_link,-0.0009931440148423188,0.0009931440148423188,foot-ground,True,False
144,pelvis_contour_link,left_hip_roll_link,pelvis_contour_link,left_hip_roll_link,-0.004892088620095866,0.004892088620095866,self-collision,False,False
144,ground,right_ankle_roll_sphere_5_link,world,right_ankle_roll_sphere_5_link,-0.0007512488095334112,0.0007512488095334112,foot-ground,True,False
144,right_knee_link,right_ankle_roll_link,right_knee_link,right_ankle_roll_link,-0.03011676283792475,0.03011676283792475,self-collision,False,False
144,right_ankle_intermediate_1_link,right_ankle_roll_link,right_ankle_intermediate_1_link,right_ankle_roll_link,-0.0031450508347652534,0.0031450508347652534,self-collision,False,False
144,left_wrist_pitch_link,largebox,left_wrist_pitch_link,largebox_link,-3.6968662982819755e-05,3.6968662982819755e-05,other-body-box,False,True
144,ground,left_ankle_roll_link,world,left_ankle_roll_link,-0.001440713384421477,0.001440713384421477,foot-ground,True,False
144,left_knee_link,left_ankle_roll_link,left_knee_link,left_ankle_roll_link,-0.030058157151244325,0.030058157151244325,self-collision,False,False
144,left_rubber_hand_link,largebox,left_rubber_hand_link,largebox_link,-0.0037642052686523153,0.0037642052686523153,hand-box,True,False
144,ground,left_ankle_roll_sphere_3_link,world,left_ankle_roll_sphere_3_link,-0.0006245005890294459,0.0006245005890294459,foot-ground,True,False
144,ground,right_ankle_roll_sphere_1_link,world,right_ankle_roll_sphere_1_link,-0.0005996413187595749,0.0005996413187595749,foot-ground,True,False
144,ground,left_ankle_roll_sphere_4_link,world,left_ankle_roll_sphere_4_link,-0.0009899855441279038,0.0009899855441279038,foot-ground,True,False
145,ground,right_ankle_roll_sphere_2_link,world,right_ankle_roll_sphere_2_link,-0.0009936413970960392,0.0009936413970960392,foot-ground,True,False
145,pelvis_contour_link,right_hip_roll_link,pelvis_contour_link,right_hip_roll_link,-0.006455657389974487,0.006455657389974487,self-collision,False,False
145,right_rubber_hand_link,largebox,right_rubber_hand_link,largebox_link,-0.0006036649500920227,0.0006036649500920227,hand-box,True,False
145,ground,left_ankle_roll_sphere_5_link,world,left_ankle_roll_sphere_5_link,-0.0008032226140066425,0.0008032226140066425,foot-ground,True,False
145,left_ankle_intermediate_1_link,left_ankle_roll_link,left_ankle_intermediate_1_link,left_ankle_roll_link,-0.0025564456895277032,0.0025564456895277032,self-collision,False,False
145,left_shoulder_yaw_link,largebox,left_shoulder_yaw_link,largebox_link,-0.002027122341011045,0.002027122341011045,other-body-box,False,True
145,ground,right_ankle_roll_link,world,right_ankle_roll_link,-0.0014455050871969612,0.0014455050871969612,foot-ground,True,False
145,ground,left_ankle_roll_sphere_1_link,world,left_ankle_roll_sphere_1_link,-0.0006842152403384863,0.0006842152403384863,foot-ground,True,False
145,ground,right_ankle_roll_sphere_3_link,world,right_ankle_roll_sphere_3_link,-0.0006196229956223478,0.0006196229956223478,foot-ground,True,False
145,ground,left_ankle_roll_sphere_2_link,world,left_ankle_roll_sphere_2_link,-0.0009881820432525229,0.0009881820432525229,foot-ground,True,False
145,ground,right_ankle_roll_sphere_4_link,world,right_ankle_roll_sphere_4_link,-0.0009916470336770655,0.0009916470336770655,foot-ground,True,False
145,pelvis_contour_link,left_hip_roll_link,pelvis_contour_link,left_hip_roll_link,-0.004675111472902338,0.004675111472902338,self-collision,False,False
145,ground,right_ankle_roll_sphere_5_link,world,right_ankle_roll_sphere_5_link,-0.0008017530891685073,0.0008017530891685073,foot-ground,True,False
145,right_knee_link,right_ankle_roll_link,right_knee_link,right_ankle_roll_link,-0.03084880596370232,0.03084880596370232,self-collision,False,False
145,right_ankle_intermediate_1_link,right_ankle_roll_link,right_ankle_intermediate_1_link,right_ankle_roll_link,-0.0030043001057236535,0.0030043001057236535,self-collision,False,False
145,left_wrist_pitch_link,largebox,left_wrist_pitch_link,largebox_link,-0.0006105121051572793,0.0006105121051572793,other-body-box,False,True
145,ground,left_ankle_roll_link,world,left_ankle_roll_link,-0.0014402426903784953,0.0014402426903784953,foot-ground,True,False
145,left_knee_link,left_ankle_roll_link,left_knee_link,left_ankle_roll_link,-0.031677409577315574,0.031677409577315574,self-collision,False,False
145,left_rubber_hand_link,largebox,left_rubber_hand_link,largebox_link,-0.005380834764767528,0.005380834764767528,hand-box,True,False
145,ground,left_ankle_roll_sphere_3_link,world,left_ankle_roll_sphere_3_link,-0.0006243136930781023,0.0006243136930781023,foot-ground,True,False
145,ground,right_ankle_roll_sphere_1_link,world,right_ankle_roll_sphere_1_link,-0.0006836213653837733,0.0006836213653837733,foot-ground,True,False
145,ground,left_ankle_roll_sphere_4_link,world,left_ankle_roll_sphere_4_link,-0.0009890738565749456,0.0009890738565749456,foot-ground,True,False
146,ground,right_ankle_roll_sphere_2_link,world,right_ankle_roll_sphere_2_link,-0.0009915630859568631,0.0009915630859568631,foot-ground,True,False
146,pelvis_contour_link,right_hip_roll_link,pelvis_contour_link,right_hip_roll_link,-0.006887569994777076,0.006887569994777076,self-collision,False,False
146,right_rubber_hand_link,largebox,right_rubber_hand_link,largebox_link,-0.0007450243628970149,0.0007450243628970149,hand-box,True,False
146,ground,left_ankle_roll_sphere_5_link,world,left_ankle_roll_sphere_5_link,-0.0008032737453470924,0.0008032737453470924,foot-ground,True,False
146,left_ankle_intermediate_1_link,left_ankle_roll_link,left_ankle_intermediate_1_link,left_ankle_roll_link,-0.0026430796667004375,0.0026430796667004375,self-collision,False,False
146,left_shoulder_yaw_link,largebox,left_shoulder_yaw_link,largebox_link,-0.001816108452178139,0.001816108452178139,other-body-box,False,True
146,ground,right_ankle_roll_link,world,right_ankle_roll_link,-0.001444052111317519,0.001444052111317519,foot-ground,True,False
146,ground,left_ankle_roll_sphere_1_link,world,left_ankle_roll_sphere_1_link,-0.0006811788356033124,0.0006811788356033124,foot-ground,True,False
146,ground,right_ankle_roll_sphere_3_link,world,right_ankle_roll_sphere_3_link,-0.0006185225903953149,0.0006185225903953149,foot-ground,True,False
146,ground,left_ankle_roll_sphere_2_link,world,left_ankle_roll_sphere_2_link,-0.0009859145416163456,0.0009859145416163456,foot-ground,True,False
146,ground,right_ankle_roll_sphere_4_link,world,right_ankle_roll_sphere_4_link,-0.0009906416448881945,0.0009906416448881945,foot-ground,True,False
146,pelvis_contour_link,left_hip_roll_link,pelvis_contour_link,left_hip_roll_link,-0.004923671480358785,0.004923671480358785,self-collision,False,False
146,ground,right_ankle_roll_sphere_5_link,world,right_ankle_roll_sphere_5_link,-0.0008008254867857062,0.0008008254867857062,foot-ground,True,False
146,right_knee_link,right_ankle_roll_link,right_knee_link,right_ankle_roll_link,-0.03205715269634235,0.03205715269634235,self-collision,False,False
146,right_ankle_intermediate_1_link,right_ankle_roll_link,right_ankle_intermediate_1_link,right_ankle_roll_link,-0.00290448644684492,0.00290448644684492,self-collision,False,False
146,left_wrist_pitch_link,largebox,left_wrist_pitch_link,largebox_link,-0.0004082075646994615,0.0004082075646994615,other-body-box,False,True
146,ground,left_ankle_roll_link,world,left_ankle_roll_link,-0.0014395299281790355,0.0014395299281790355,foot-ground,True,False
146,left_knee_link,left_ankle_roll_link,left_knee_link,left_ankle_roll_link,-0.032939099655759946,0.032939099655759946,self-collision,False,False
146,left_rubber_hand_link,largebox,left_rubber_hand_link,largebox_link,-0.005743680713078583,0.005743680713078583,hand-box,True,False
146,ground,left_ankle_roll_sphere_3_link,world,left_ankle_roll_sphere_3_link,-0.0006236189473458774,0.0006236189473458774,foot-ground,True,False
146,ground,right_ankle_roll_sphere_1_link,world,right_ankle_roll_sphere_1_link,-0.0006814638738794612,0.0006814638738794612,foot-ground,True,False
146,ground,left_ankle_roll_sphere_4_link,world,left_ankle_roll_sphere_4_link,-0.0009893017945615179,0.0009893017945615179,foot-ground,True,False
147,ground,right_ankle_roll_sphere_2_link,world,right_ankle_roll_sphere_2_link,-0.0009974934481396377,0.0009974934481396377,foot-ground,True,False
147,pelvis_contour_link,right_hip_roll_link,pelvis_contour_link,right_hip_roll_link,-0.0067417094030631786,0.0067417094030631786,self-collision,False,False
147,right_rubber_hand_link,largebox,right_rubber_hand_link,largebox_link,-0.0006748000701162771,0.0006748000701162771,hand-box,True,False
147,ground,left_ankle_roll_sphere_5_link,world,left_ankle_roll_sphere_5_link,-0.0007550237570647404,0.0007550237570647404,foot-ground,True,False
147,left_shoulder_yaw_link,largebox,left_shoulder_yaw_link,largebox_link,-0.002048550082127662,0.002048550082127662,other-body-box,False,True
147,ground,right_ankle_roll_link,world,right_ankle_roll_link,-0.0014492669205464909,0.0014492669205464909,foot-ground,True,False
147,ground,left_ankle_roll_sphere_1_link,world,left_ankle_roll_sphere_1_link,-0.0006008780954599507,0.0006008780954599507,foot-ground,True,False
147,ground,right_ankle_roll_sphere_3_link,world,right_ankle_roll_sphere_3_link,-0.0006237091526761244,0.0006237091526761244,foot-ground,True,False
147,ground,left_ankle_roll_sphere_2_link,world,left_ankle_roll_sphere_2_link,-0.0009930707354999123,0.0009930707354999123,foot-ground,True,False
147,ground,right_ankle_roll_sphere_4_link,world,right_ankle_roll_sphere_4_link,-0.0009954204415786134,0.0009954204415786134,foot-ground,True,False
147,pelvis_contour_link,left_hip_roll_link,pelvis_contour_link,left_hip_roll_link,-0.005713815841148759,0.005713815841148759,self-collision,False,False
147,ground,right_ankle_roll_sphere_5_link,world,right_ankle_roll_sphere_5_link,-0.0008056766856799685,0.0008056766856799685,foot-ground,True,False
147,right_knee_link,right_ankle_roll_link,right_knee_link,right_ankle_roll_link,-0.032837676739237376,0.032837676739237376,self-collision,False,False
147,right_ankle_intermediate_1_link,right_ankle_roll_link,right_ankle_intermediate_1_link,right_ankle_roll_link,-0.002975418622234355,0.002975418622234355,self-collision,False,False
147,ground,left_ankle_roll_link,world,left_ankle_roll_link,-0.0014607671161649474,0.0014607671161649474,foot-ground,True,False
147,left_knee_link,left_ankle_roll_link,left_knee_link,left_ankle_roll_link,-0.03415065084774374,0.03415065084774374,self-collision,False,False
147,left_rubber_hand_link,largebox,left_rubber_hand_link,largebox_link,-0.0059433583599778905,0.0059433583599778905,hand-box,True,False
147,ground,left_ankle_roll_sphere_3_link,world,left_ankle_roll_sphere_3_link,-0.0005241240318213094,0.0005241240318213094,foot-ground,True,False
147,ground,right_ankle_roll_sphere_1_link,world,right_ankle_roll_sphere_1_link,-0.0006877340407208969,0.0006877340407208969,foot-ground,True,False
147,ground,left_ankle_roll_sphere_4_link,world,left_ankle_roll_sphere_4_link,-0.000994755199869266,0.000994755199869266,foot-ground,True,False
148,ground,right_ankle_roll_sphere_2_link,world,right_ankle_roll_sphere_2_link,-0.0009933832408071967,0.0009933832408071967,foot-ground,True,False
148,pelvis_contour_link,right_hip_roll_link,pelvis_contour_link,right_hip_roll_link,-0.006687545330319761,0.006687545330319761,self-collision,False,False
148,right_rubber_hand_link,largebox,right_rubber_hand_link,largebox_link,-0.0008846389615167899,0.0008846389615167899,hand-box,True,False
148,ground,left_ankle_roll_sphere_5_link,world,left_ankle_roll_sphere_5_link,-0.0007594499915823004,0.0007594499915823004,foot-ground,True,False
148,left_shoulder_yaw_link,largebox,left_shoulder_yaw_link,largebox_link,-0.0024104156966705675,0.0024104156966705675,other-body-box,False,True
148,ground,right_ankle_roll_link,world,right_ankle_roll_link,-0.0014459537862785768,0.0014459537862785768,foot-ground,True,False
148,ground,left_ankle_roll_sphere_1_link,world,left_ankle_roll_sphere_1_link,-0.00060886243573914,0.00060886243573914,foot-ground,True,False
148,ground,right_ankle_roll_sphere_3_link,world,right_ankle_roll_sphere_3_link,-0.0006203877602122881,0.0006203877602122881,foot-ground,True,False
148,ground,left_ankle_roll_sphere_2_link,world,left_ankle_roll_sphere_2_link,-0.000990419533942021,0.000990419533942021,foot-ground,True,False
148,ground,right_ankle_roll_sphere_4_link,world,right_ankle_roll_sphere_4_link,-0.0009925849308792074,0.0009925849308792074,foot-ground,True,False
148,pelvis_contour_link,left_hip_roll_link,pelvis_contour_link,left_hip_roll_link,-0.005951045758894283,0.005951045758894283,self-collision,False,False
148,ground,right_ankle_roll_sphere_5_link,world,right_ankle_roll_sphere_5_link,-0.0008027434348614046,0.0008027434348614046,foot-ground,True,False
148,right_knee_link,right_ankle_roll_link,right_knee_link,right_ankle_roll_link,-0.03366289896006963,0.03366289896006963,self-collision,False,False
148,right_ankle_intermediate_1_link,right_ankle_roll_link,right_ankle_intermediate_1_link,right_ankle_roll_link,-0.0028002921322612673,0.0028002921322612673,self-collision,False,False
148,ground,left_ankle_roll_link,world,left_ankle_roll_link,-0.0014565775873861438,0.0014565775873861438,foot-ground,True,False
148,left_knee_link,left_ankle_roll_link,left_knee_link,left_ankle_roll_link,-0.035495197159079256,0.035495197159079256,self-collision,False,False
148,left_rubber_hand_link,largebox,left_rubber_hand_link,largebox_link,-0.006036995088332192,0.006036995088332192,hand-box,True,False
148,ground,left_ankle_roll_sphere_3_link,world,left_ankle_roll_sphere_3_link,-0.0005347463635298642,0.0005347463635298642,foot-ground,True,False
148,ground,right_ankle_roll_sphere_1_link,world,right_ankle_roll_sphere_1_link,-0.0006832189319180967,0.0006832189319180967,foot-ground,True,False
148,ground,left_ankle_roll_sphere_4_link,world,left_ankle_roll_sphere_4_link,-0.0009926148813733235,0.0009926148813733235,foot-ground,True,False
149,ground,right_ankle_roll_sphere_2_link,world,right_ankle_roll_sphere_2_link,-0.000995648756386215,0.000995648756386215,foot-ground,True,False
149,pelvis_contour_link,right_hip_roll_link,pelvis_contour_link,right_hip_roll_link,-0.007590139753505781,0.007590139753505781,self-collision,False,False
149,right_rubber_hand_link,largebox,right_rubber_hand_link,largebox_link,-0.0006942692230978154,0.0006942692230978154,hand-box,True,False
149,ground,left_ankle_roll_sphere_5_link,world,left_ankle_roll_sphere_5_link,-0.0008064579592211287,0.0008064579592211287,foot-ground,True,False
149,left_shoulder_yaw_link,largebox,left_shoulder_yaw_link,largebox_link,-0.0007250175527032249,0.0007250175527032249,other-body-box,False,True
149,ground,right_ankle_roll_link,world,right_ankle_roll_link,-0.0014487003812742767,0.0014487003812742767,foot-ground,True,False
149,ground,left_ankle_roll_sphere_1_link,world,left_ankle_roll_sphere_1_link,-0.0006858528708711389,0.0006858528708711389,foot-ground,True,False
149,ground,right_ankle_roll_sphere_3_link,world,right_ankle_roll_sphere_3_link,-0.0006231572885267355,0.0006231572885267355,foot-ground,True,False
149,ground,left_ankle_roll_sphere_2_link,world,left_ankle_roll_sphere_2_link,-0.000995591582832126,0.000995591582832126,foot-ground,True,False
149,ground,right_ankle_roll_sphere_4_link,world,right_ankle_roll_sphere_4_link,-0.0009956254657142163,0.0009956254657142163,foot-ground,True,False
149,pelvis_contour_link,left_hip_roll_link,pelvis_contour_link,left_hip_roll_link,-0.005942652070872925,0.005942652070872925,self-collision,False,False
149,ground,right_ankle_roll_sphere_5_link,world,right_ankle_roll_sphere_5_link,-0.0008057369882454616,0.0008057369882454616,foot-ground,True,False
149,right_knee_link,right_ankle_roll_link,right_knee_link,right_ankle_roll_link,-0.0344529943730032,0.0344529943730032,self-collision,False,False
149,ground,left_ankle_roll_link,world,left_ankle_roll_link,-0.001448318119015076,0.001448318119015076,foot-ground,True,False
149,left_knee_link,left_ankle_roll_link,left_knee_link,left_ankle_roll_link,-0.03680881602503547,0.03680881602503547,self-collision,False,False
149,left_rubber_hand_link,largebox,left_rubber_hand_link,largebox_link,-0.0009934057638829874,0.0009934057638829874,hand-box,True,False
149,ground,left_ankle_roll_sphere_3_link,world,left_ankle_roll_sphere_3_link,-0.0006242214970582733,0.0006242214970582733,foot-ground,True,False
149,ground,right_ankle_roll_sphere_1_link,world,right_ankle_roll_sphere_1_link,-0.0006852586087299798,0.0006852586087299798,foot-ground,True,False
149,ground,left_ankle_roll_sphere_4_link,world,left_ankle_roll_sphere_4_link,-0.00099590795141146,0.00099590795141146,foot-ground,True,False
150,ground,right_ankle_roll_sphere_2_link,world,right_ankle_roll_sphere_2_link,-0.0009952180547006554,0.0009952180547006554,foot-ground,True,False
150,pelvis_contour_link,right_hip_roll_link,pelvis_contour_link,right_hip_roll_link,-0.0072423897319355834,0.0072423897319355834,self-collision,False,False
150,right_rubber_hand_link,largebox,right_rubber_hand_link,largebox_link,-0.0007780501973331105,0.0007780501973331105,hand-box,True,False
150,ground,left_ankle_roll_sphere_5_link,world,left_ankle_roll_sphere_5_link,-0.0008072371603121886,0.0008072371603121886,foot-ground,True,False
150,left_shoulder_yaw_link,largebox,left_shoulder_yaw_link,largebox_link,-0.0007637157777432707,0.0007637157777432707,other-body-box,False,True
150,ground,right_ankle_roll_link,world,right_ankle_roll_link,-0.0014481491593746967,0.0014481491593746967,foot-ground,True,False
150,ground,left_ankle_roll_sphere_1_link,world,left_ankle_roll_sphere_1_link,-0.0006866141113133139,0.0006866141113133139,foot-ground,True,False
150,ground,right_ankle_roll_sphere_3_link,world,right_ankle_roll_sphere_3_link,-0.0006228326297394856,0.0006228326297394856,foot-ground,True,False
150,ground,left_ankle_roll_sphere_2_link,world,left_ankle_roll_sphere_2_link,-0.000993453241969161,0.000993453241969161,foot-ground,True,False
150,ground,right_ankle_roll_sphere_4_link,world,right_ankle_roll_sphere_4_link,-0.0009950477549523903,0.0009950477549523903,foot-ground,True,False
150,pelvis_contour_link,left_hip_roll_link,pelvis_contour_link,left_hip_roll_link,-0.005064462943327311,0.005064462943327311,self-collision,False,False
150,ground,right_ankle_roll_sphere_5_link,world,right_ankle_roll_sphere_5_link,-0.0008052709891871934,0.0008052709891871934,foot-ground,True,False
150,right_knee_link,right_ankle_roll_link,right_knee_link,right_ankle_roll_link,-0.034968290867048835,0.034968290867048835,self-collision,False,False
150,ground,left_ankle_roll_link,world,left_ankle_roll_link,-0.0014462637526921895,0.0014462637526921895,foot-ground,True,False
150,left_knee_link,left_ankle_roll_link,left_knee_link,left_ankle_roll_link,-0.03831315359629861,0.03831315359629861,self-collision,False,False
150,left_rubber_hand_link,largebox,left_rubber_hand_link,largebox_link,-0.0009153099927831226,0.0009153099927831226,hand-box,True,False
150,ground,left_ankle_roll_sphere_3_link,world,left_ankle_roll_sphere_3_link,-0.0006265859467954214,0.0006265859467954214,foot-ground,True,False
150,ground,right_ankle_roll_sphere_1_link,world,right_ankle_roll_sphere_1_link,-0.0006850387836898992,0.0006850387836898992,foot-ground,True,False
150,ground,left_ankle_roll_sphere_4_link,world,left_ankle_roll_sphere_4_link,-0.0009947929035824385,0.0009947929035824385,foot-ground,True,False
151,ground,right_ankle_roll_sphere_2_link,world,right_ankle_roll_sphere_2_link,-0.0009955249954089153,0.0009955249954089153,foot-ground,True,False
151,pelvis_contour_link,right_hip_roll_link,pelvis_contour_link,right_hip_roll_link,-0.007745680210076836,0.007745680210076836,self-collision,False,False
151,right_rubber_hand_link,largebox,right_rubber_hand_link,largebox_link,-0.0013085424713707855,0.0013085424713707855,hand-box,True,False
151,ground,left_ankle_roll_sphere_5_link,world,left_ankle_roll_sphere_5_link,-0.000806976818680259,0.000806976818680259,foot-ground,True,False
151,ground,right_ankle_roll_link,world,right_ankle_roll_link,-0.0014485694027988813,0.0014485694027988813,foot-ground,True,False
151,ground,left_ankle_roll_sphere_1_link,world,left_ankle_roll_sphere_1_link,-0.0006866015033085383,0.0006866015033085383,foot-ground,True,False
151,ground,right_ankle_roll_sphere_3_link,world,right_ankle_roll_sphere_3_link,-0.0006230749933867344,0.0006230749933867344,foot-ground,True,False
151,ground,left_ankle_roll_sphere_2_link,world,left_ankle_roll_sphere_2_link,-0.000996281074975825,0.000996281074975825,foot-ground,True,False
151,ground,right_ankle_roll_sphere_4_link,world,right_ankle_roll_sphere_4_link,-0.0009955000278856476,0.0009955000278856476,foot-ground,True,False
151,pelvis_contour_link,left_hip_roll_link,pelvis_contour_link,left_hip_roll_link,-0.004892248896784981,0.004892248896784981,self-collision,False,False
151,ground,right_ankle_roll_sphere_5_link,world,right_ankle_roll_sphere_5_link,-0.0008056333474520906,0.0008056333474520906,foot-ground,True,False
151,right_knee_link,right_ankle_roll_link,right_knee_link,right_ankle_roll_link,-0.03563609918462088,0.03563609918462088,self-collision,False,False
151,ground,left_ankle_roll_link,world,left_ankle_roll_link,-0.0014488919582801955,0.0014488919582801955,foot-ground,True,False
151,left_knee_link,left_ankle_roll_link,left_knee_link,left_ankle_roll_link,-0.03932829271253896,0.03932829271253896,self-collision,False,False
151,left_rubber_hand_link,largebox,left_rubber_hand_link,largebox_link,-0.0009267516737095222,0.0009267516737095222,hand-box,True,False
151,ground,left_ankle_roll_sphere_3_link,world,left_ankle_roll_sphere_3_link,-0.0006247969146758797,0.0006247969146758797,foot-ground,True,False
151,ground,right_ankle_roll_sphere_1_link,world,right_ankle_roll_sphere_1_link,-0.0006851707999931565,0.0006851707999931565,foot-ground,True,False
151,ground,left_ankle_roll_sphere_4_link,world,left_ankle_roll_sphere_4_link,-0.0009964124006766216,0.0009964124006766216,foot-ground,True,False
152,ground,right_ankle_roll_sphere_2_link,world,right_ankle_roll_sphere_2_link,-0.0009958200944017196,0.0009958200944017196,foot-ground,True,False
152,pelvis_contour_link,right_hip_roll_link,pelvis_contour_link,right_hip_roll_link,-0.006626739947948879,0.006626739947948879,self-collision,False,False
152,right_rubber_hand_link,largebox,right_rubber_hand_link,largebox_link,-0.0015023604786178896,0.0015023604786178896,hand-box,True,False
152,ground,left_ankle_roll_sphere_5_link,world,left_ankle_roll_sphere_5_link,-0.0008068682364112323,0.0008068682364112323,foot-ground,True,False
152,left_shoulder_yaw_link,largebox,left_shoulder_yaw_link,largebox_link,-0.0007290219076878379,0.0007290219076878379,other-body-box,False,True
152,ground,right_ankle_roll_link,world,right_ankle_roll_link,-0.0014489015937658237,0.0014489015937658237,foot-ground,True,False
152,ground,left_ankle_roll_sphere_1_link,world,left_ankle_roll_sphere_1_link,-0.000687353189557669,0.000687353189557669,foot-ground,True,False
152,ground,right_ankle_roll_sphere_3_link,world,right_ankle_roll_sphere_3_link,-0.0006233469147931435,0.0006233469147931435,foot-ground,True,False
152,ground,left_ankle_roll_sphere_2_link,world,left_ankle_roll_sphere_2_link,-0.0009974565371413625,0.0009974565371413625,foot-ground,True,False
152,ground,right_ankle_roll_sphere_4_link,world,right_ankle_roll_sphere_4_link,-0.0009958422909736577,0.0009958422909736577,foot-ground,True,False
152,pelvis_contour_link,left_hip_roll_link,pelvis_contour_link,left_hip_roll_link,-0.004915121087938817,0.004915121087938817,self-collision,False,False
152,ground,right_ankle_roll_sphere_5_link,world,right_ankle_roll_sphere_5_link,-0.0008059452987920551,0.0008059452987920551,foot-ground,True,False
152,right_knee_link,right_ankle_roll_link,right_knee_link,right_ankle_roll_link,-0.0362391554151017,0.0362391554151017,self-collision,False,False
152,ground,left_ankle_roll_link,world,left_ankle_roll_link,-0.0014496177671689744,0.0014496177671689744,foot-ground,True,False
152,left_knee_link,left_ankle_roll_link,left_knee_link,left_ankle_roll_link,-0.04025210496793635,0.04025210496793635,self-collision,False,False
152,left_rubber_hand_link,largebox,left_rubber_hand_link,largebox_link,-0.0009191472467247053,0.0009191472467247053,hand-box,True,False
152,ground,left_ankle_roll_sphere_3_link,world,left_ankle_roll_sphere_3_link,-0.0006245469254334652,0.0006245469254334652,foot-ground,True,False
152,ground,right_ankle_roll_sphere_1_link,world,right_ankle_roll_sphere_1_link,-0.0006854072809179606,0.0006854072809179606,foot-ground,True,False
152,ground,left_ankle_roll_sphere_4_link,world,left_ankle_roll_sphere_4_link,-0.0009966709425338989,0.0009966709425338989,foot-ground,True,False
153,ground,right_ankle_roll_sphere_2_link,world,right_ankle_roll_sphere_2_link,-0.0009961986926059927,0.0009961986926059927,foot-ground,True,False
153,pelvis_contour_link,right_hip_roll_link,pelvis_contour_link,right_hip_roll_link,-0.007230185507202377,0.007230185507202377,self-collision,False,False
153,right_rubber_hand_link,largebox,right_rubber_hand_link,largebox_link,-0.0007890745603945509,0.0007890745603945509,hand-box,True,False
153,ground,left_ankle_roll_sphere_5_link,world,left_ankle_roll_sphere_5_link,-0.0008075388273332809,0.0008075388273332809,foot-ground,True,False
153,left_shoulder_yaw_link,largebox,left_shoulder_yaw_link,largebox_link,-0.0012635713865805226,0.0012635713865805226,other-body-box,False,True
153,ground,right_ankle_roll_link,world,right_ankle_roll_link,-0.0014492743800861851,0.0014492743800861851,foot-ground,True,False
153,ground,left_ankle_roll_sphere_1_link,world,left_ankle_roll_sphere_1_link,-0.0006872438839987558,0.0006872438839987558,foot-ground,True,False
153,ground,right_ankle_roll_sphere_3_link,world,right_ankle_roll_sphere_3_link,-0.0006237454471039973,0.0006237454471039973,foot-ground,True,False
153,ground,left_ankle_roll_sphere_2_link,world,left_ankle_roll_sphere_2_link,-0.0009969731233402104,0.0009969731233402104,foot-ground,True,False
153,ground,right_ankle_roll_sphere_4_link,world,right_ankle_roll_sphere_4_link,-0.0009962168078335052,0.0009962168078335052,foot-ground,True,False
153,pelvis_contour_link,left_hip_roll_link,pelvis_contour_link,left_hip_roll_link,-0.005179729029405208,0.005179729029405208,self-collision,False,False
153,ground,right_ankle_roll_sphere_5_link,world,right_ankle_roll_sphere_5_link,-0.0008063315786648343,0.0008063315786648343,foot-ground,True,False
153,right_knee_link,right_ankle_roll_link,right_knee_link,right_ankle_roll_link,-0.03670164083664279,0.03670164083664279,self-collision,False,False
153,ground,left_ankle_roll_link,world,left_ankle_roll_link,-0.00144954173704738,0.00144954173704738,foot-ground,True,False
153,left_knee_link,left_ankle_roll_link,left_knee_link,left_ankle_roll_link,-0.04095806518788875,0.04095806518788875,self-collision,False,False
153,left_rubber_hand_link,largebox,left_rubber_hand_link,largebox_link,-0.0009181859909134088,0.0009181859909134088,hand-box,True,False
153,ground,left_ankle_roll_sphere_3_link,world,left_ankle_roll_sphere_3_link,-0.0006253401970269549,0.0006253401970269549,foot-ground,True,False
153,ground,right_ankle_roll_sphere_1_link,world,right_ankle_roll_sphere_1_link,-0.0006858058919980694,0.0006858058919980694,foot-ground,True,False
153,ground,left_ankle_roll_sphere_4_link,world,left_ankle_roll_sphere_4_link,-0.0009970152842366997,0.0009970152842366997,foot-ground,True,False
154,ground,right_ankle_roll_sphere_2_link,world,right_ankle_roll_sphere_2_link,-0.0009967337946250139,0.0009967337946250139,foot-ground,True,False
154,pelvis_contour_link,right_hip_roll_link,pelvis_contour_link,right_hip_roll_link,-0.008008864134668059,0.008008864134668059,self-collision,False,False
154,right_rubber_hand_link,largebox,right_rubber_hand_link,largebox_link,-0.0013902308927342816,0.0013902308927342816,hand-box,True,False
154,ground,left_ankle_roll_sphere_5_link,world,left_ankle_roll_sphere_5_link,-0.000807699015196609,0.000807699015196609,foot-ground,True,False
154,left_shoulder_yaw_link,largebox,left_shoulder_yaw_link,largebox_link,-0.0008478737499235112,0.0008478737499235112,other-body-box,False,True
154,ground,right_ankle_roll_link,world,right_ankle_roll_link,-0.0014497788347763683,0.0014497788347763683,foot-ground,True,False
154,ground,left_ankle_roll_sphere_1_link,world,left_ankle_roll_sphere_1_link,-0.0006875119194834104,0.0006875119194834104,foot-ground,True,False
154,ground,right_ankle_roll_sphere_3_link,world,right_ankle_roll_sphere_3_link,-0.0006242620548373113,0.0006242620548373113,foot-ground,True,False
154,ground,left_ankle_roll_sphere_2_link,world,left_ankle_roll_sphere_2_link,-0.0009973745780649064,0.0009973745780649064,foot-ground,True,False
154,ground,right_ankle_roll_sphere_4_link,world,right_ankle_roll_sphere_4_link,-0.0009967053000616245,0.0009967053000616245,foot-ground,True,False
154,pelvis_contour_link,left_hip_roll_link,pelvis_contour_link,left_hip_roll_link,-0.005462492342494005,0.005462492342494005,self-collision,False,False
154,ground,right_ankle_roll_sphere_5_link,world,right_ankle_roll_sphere_5_link,-0.000806828920782948,0.000806828920782948,foot-ground,True,False
154,right_knee_link,right_ankle_roll_link,right_knee_link,right_ankle_roll_link,-0.036997526472969,0.036997526472969,self-collision,False,False
154,ground,right_rubber_hand_link,world,right_rubber_hand_link,-0.0005631128577925082,0.0005631128577925082,robot-ground-excluding-foot,False,True
154,ground,left_ankle_roll_link,world,left_ankle_roll_link,-0.001449884748999368,0.001449884748999368,foot-ground,True,False
154,left_knee_link,left_ankle_roll_link,left_knee_link,left_ankle_roll_link,-0.04172493462076757,0.04172493462076757,self-collision,False,False
154,left_rubber_hand_link,largebox,left_rubber_hand_link,largebox_link,-0.0009306847718824063,0.0009306847718824063,hand-box,True,False
154,ground,left_ankle_roll_sphere_3_link,world,left_ankle_roll_sphere_3_link,-0.0006254387077927149,0.0006254387077927149,foot-ground,True,False
154,ground,right_ankle_roll_sphere_1_link,world,right_ankle_roll_sphere_1_link,-0.0006863644236047494,0.0006863644236047494,foot-ground,True,False
154,ground,left_ankle_roll_sphere_4_link,world,left_ankle_roll_sphere_4_link,-0.0009972738980905107,0.0009972738980905107,foot-ground,True,False
155,ground,right_ankle_roll_sphere_2_link,world,right_ankle_roll_sphere_2_link,-0.0009974250831812836,0.0009974250831812836,foot-ground,True,False
155,pelvis_contour_link,right_hip_roll_link,pelvis_contour_link,right_hip_roll_link,-0.007594004043068814,0.007594004043068814,self-collision,False,False
155,right_rubber_hand_link,largebox,right_rubber_hand_link,largebox_link,-0.00100287040968082,0.00100287040968082,hand-box,True,False
155,right_hip_yaw_link,largebox,right_hip_yaw_link,largebox_link,-0.0010552748745205898,0.0010552748745205898,other-body-box,False,True
155,left_shoulder_yaw_link,largebox,left_shoulder_yaw_link,largebox_link,-0.00047117971537963266,0.00047117971537963266,other-body-box,False,True
155,ground,right_ankle_roll_link,world,right_ankle_roll_link,-0.0014505416293782367,0.0014505416293782367,foot-ground,True,False
155,ground,left_ankle_roll_sphere_1_link,world,left_ankle_roll_sphere_1_link,-0.00013430584210569457,0.00013430584210569457,foot-ground,True,False
155,ground,right_ankle_roll_sphere_3_link,world,right_ankle_roll_sphere_3_link,-0.0006251927494064424,0.0006251927494064424,foot-ground,True,False
155,ground,left_ankle_roll_sphere_2_link,world,left_ankle_roll_sphere_2_link,-0.0007048478395777205,0.0007048478395777205,foot-ground,True,False
155,ground,right_ankle_roll_sphere_4_link,world,right_ankle_roll_sphere_4_link,-0.0009975451698916614,0.0009975451698916614,foot-ground,True,False
155,pelvis_contour_link,left_hip_roll_link,pelvis_contour_link,left_hip_roll_link,-0.005393137564011025,0.005393137564011025,self-collision,False,False
155,ground,largebox,world,largebox_link,-0.0021489751312105954,0.0021489751312105954,object-ground,True,False
155,ground,right_ankle_roll_sphere_5_link,world,right_ankle_roll_sphere_5_link,-0.0008077325735710078,0.0008077325735710078,foot-ground,True,False
155,right_knee_link,right_ankle_roll_link,right_knee_link,right_ankle_roll_link,-0.037068074482976,0.037068074482976,self-collision,False,False
155,ground,right_rubber_hand_link,world,right_rubber_hand_link,-0.0010000335480797734,0.0010000335480797734,robot-ground-excluding-foot,False,True
155,ground,left_ankle_roll_link,world,left_ankle_roll_link,-0.0011138418477996924,0.0011138418477996924,foot-ground,True,False
155,left_knee_link,left_ankle_roll_link,left_knee_link,left_ankle_roll_link,-0.042181319603917106,0.042181319603917106,self-collision,False,False
155,left_rubber_hand_link,largebox,left_rubber_hand_link,largebox_link,-0.0005924994964195268,0.0005924994964195268,hand-box,True,False
155,ground,right_ankle_roll_sphere_1_link,world,right_ankle_roll_sphere_1_link,-0.0006871313994436029,0.0006871313994436029,foot-ground,True,False
155,ground,left_ankle_roll_sphere_4_link,world,left_ankle_roll_sphere_4_link,-4.051255063261799e-05,4.051255063261799e-05,foot-ground,True,False
156,ground,right_ankle_roll_sphere_2_link,world,right_ankle_roll_sphere_2_link,-0.000997553300505864,0.000997553300505864,foot-ground,True,False
156,pelvis_contour_link,right_hip_roll_link,pelvis_contour_link,right_hip_roll_link,-0.00833029915296181,0.00833029915296181,self-collision,False,False
156,right_rubber_hand_link,largebox,right_rubber_hand_link,largebox_link,-0.0010066920239058114,0.0010066920239058114,hand-box,True,False
156,right_hip_yaw_link,largebox,right_hip_yaw_link,largebox_link,-0.0009942376714733303,0.0009942376714733303,other-body-box,False,True
156,left_shoulder_yaw_link,largebox,left_shoulder_yaw_link,largebox_link,-0.0009433894725421332,0.0009433894725421332,other-body-box,False,True
156,ground,right_ankle_roll_link,world,right_ankle_roll_link,-0.0014505904037817804,0.0014505904037817804,foot-ground,True,False
156,ground,left_ankle_roll_sphere_1_link,world,left_ankle_roll_sphere_1_link,-6.888293611462173e-05,6.888293611462173e-05,foot-ground,True,False
156,ground,right_ankle_roll_sphere_3_link,world,right_ankle_roll_sphere_3_link,-0.0006251723474319541,0.0006251723474319541,foot-ground,True,False
156,ground,left_ankle_roll_sphere_2_link,world,left_ankle_roll_sphere_2_link,-0.0006211179247814563,0.0006211179247814563,foot-ground,True,False
156,ground,right_ankle_roll_sphere_4_link,world,right_ankle_roll_sphere_4_link,-0.000997532133254756,0.000997532133254756,foot-ground,True,False
156,pelvis_contour_link,left_hip_roll_link,pelvis_contour_link,left_hip_roll_link,-0.005151852589873981,0.005151852589873981,self-collision,False,False
156,ground,largebox,world,largebox_link,-0.007328516060234547,0.007328516060234547,object-ground,True,False
156,ground,right_ankle_roll_sphere_5_link,world,right_ankle_roll_sphere_5_link,-0.0008076991639429992,0.0008076991639429992,foot-ground,True,False
156,right_knee_link,right_ankle_roll_link,right_knee_link,right_ankle_roll_link,-0.03711582823721124,0.03711582823721124,self-collision,False,False
156,ground,left_rubber_hand_link,world,left_rubber_hand_link,-0.0009118487430132688,0.0009118487430132688,robot-ground-excluding-foot,False,True
156,ground,right_rubber_hand_link,world,right_rubber_hand_link,-0.0009997073115757676,0.0009997073115757676,robot-ground-excluding-foot,False,True
156,ground,left_ankle_roll_link,world,left_ankle_roll_link,-0.001025114960935672,0.001025114960935672,foot-ground,True,False
156,left_knee_link,left_ankle_roll_link,left_knee_link,left_ankle_roll_link,-0.04262478603356129,0.04262478603356129,self-collision,False,False
156,left_rubber_hand_link,largebox,left_rubber_hand_link,largebox_link,-0.0008372890303228464,0.0008372890303228464,hand-box,True,False
156,ground,right_ankle_roll_sphere_1_link,world,right_ankle_roll_sphere_1_link,-0.000687253478986862,0.000687253478986862,foot-ground,True,False
157,ground,right_ankle_roll_sphere_2_link,world,right_ankle_roll_sphere_2_link,-0.00099707182520306,0.00099707182520306,foot-ground,True,False
157,pelvis_contour_link,right_hip_roll_link,pelvis_contour_link,right_hip_roll_link,-0.008451260113135156,0.008451260113135156,self-collision,False,False
157,right_rubber_hand_link,largebox,right_rubber_hand_link,largebox_link,-0.0009967989533340715,0.0009967989533340715,hand-box,True,False
157,left_ankle_intermediate_1_link,left_ankle_roll_link,left_ankle_intermediate_1_link,left_ankle_roll_link,-0.00015591005358467358,0.00015591005358467358,self-collision,False,False
157,right_hip_yaw_link,largebox,right_hip_yaw_link,largebox_link,-0.0010469765956112181,0.0010469765956112181,other-body-box,False,True
157,left_shoulder_yaw_link,largebox,left_shoulder_yaw_link,largebox_link,-0.0007667166759209726,0.0007667166759209726,other-body-box,False,True
157,ground,right_ankle_roll_link,world,right_ankle_roll_link,-0.0014502020401541624,0.0014502020401541624,foot-ground,True,False
157,ground,right_ankle_roll_sphere_3_link,world,right_ankle_roll_sphere_3_link,-0.0006247549013707636,0.0006247549013707636,foot-ground,True,False
157,ground,left_ankle_roll_sphere_2_link,world,left_ankle_roll_sphere_2_link,-0.0005946922726341305,0.0005946922726341305,foot-ground,True,False
157,ground,right_ankle_roll_sphere_4_link,world,right_ankle_roll_sphere_4_link,-0.0009971938575355386,0.0009971938575355386,foot-ground,True,False
157,pelvis_contour_link,left_hip_roll_link,pelvis_contour_link,left_hip_roll_link,-0.0052055951011816814,0.0052055951011816814,self-collision,False,False
157,ground,largebox,world,largebox_link,-0.008619395416428366,0.008619395416428366,object-ground,True,False
157,ground,right_ankle_roll_sphere_5_link,world,right_ankle_roll_sphere_5_link,-0.0008073373738828075,0.0008073373738828075,foot-ground,True,False
157,right_knee_link,right_ankle_roll_link,right_knee_link,right_ankle_roll_link,-0.03727269521355975,0.03727269521355975,self-collision,False,False
157,ground,left_rubber_hand_link,world,left_rubber_hand_link,-0.0009964533313165796,0.0009964533313165796,robot-ground-excluding-foot,False,True
157,ground,right_rubber_hand_link,world,right_rubber_hand_link,-0.0009995164861101719,0.0009995164861101719,robot-ground-excluding-foot,False,True
157,ground,left_ankle_roll_link,world,left_ankle_roll_link,-0.000999656501558456,0.000999656501558456,foot-ground,True,False
157,left_knee_link,left_ankle_roll_link,left_knee_link,left_ankle_roll_link,-0.04301078535473796,0.04301078535473796,self-collision,False,False
157,left_rubber_hand_link,largebox,left_rubber_hand_link,largebox_link,-0.0009769906660997418,0.0009769906660997418,hand-box,True,False
157,ground,right_ankle_roll_sphere_1_link,world,right_ankle_roll_sphere_1_link,-0.000686706028399083,0.000686706028399083,foot-ground,True,False
158,ground,right_ankle_roll_sphere_2_link,world,right_ankle_roll_sphere_2_link,-0.0009970609045525094,0.0009970609045525094,foot-ground,True,False
158,pelvis_contour_link,right_hip_roll_link,pelvis_contour_link,right_hip_roll_link,-0.008518118365543947,0.008518118365543947,self-collision,False,False
158,right_rubber_hand_link,largebox,right_rubber_hand_link,largebox_link,-0.0010078521788634137,0.0010078521788634137,hand-box,True,False
158,left_ankle_intermediate_1_link,left_ankle_roll_link,left_ankle_intermediate_1_link,left_ankle_roll_link,-0.00038100080007591464,0.00038100080007591464,self-collision,False,False
158,right_hip_yaw_link,largebox,right_hip_yaw_link,largebox_link,-0.0005897724178871161,0.0005897724178871161,other-body-box,False,True
158,left_shoulder_yaw_link,largebox,left_shoulder_yaw_link,largebox_link,-0.0014324454804951758,0.0014324454804951758,other-body-box,False,True
158,ground,right_ankle_roll_link,world,right_ankle_roll_link,-0.0014501835411298465,0.0014501835411298465,foot-ground,True,False
158,ground,right_ankle_roll_sphere_3_link,world,right_ankle_roll_sphere_3_link,-0.0006246253233785385,0.0006246253233785385,foot-ground,True,False
158,ground,left_ankle_roll_sphere_2_link,world,left_ankle_roll_sphere_2_link,-0.0005787784283058433,0.0005787784283058433,foot-ground,True,False
158,ground,right_ankle_roll_sphere_4_link,world,right_ankle_roll_sphere_4_link,-0.0009971482569830587,0.0009971482569830587,foot-ground,True,False
158,pelvis_contour_link,left_hip_roll_link,pelvis_contour_link,left_hip_roll_link,-0.005128256988038732,0.005128256988038732,self-collision,False,False
158,ground,largebox,world,largebox_link,-0.00670149025878225,0.00670149025878225,object-ground,True,False
158,ground,right_ankle_roll_sphere_5_link,world,right_ankle_roll_sphere_5_link,-0.0008072448813137593,0.0008072448813137593,foot-ground,True,False
158,right_knee_link,right_ankle_roll_link,right_knee_link,right_ankle_roll_link,-0.03738881514516121,0.03738881514516121,self-collision,False,False
158,ground,right_rubber_hand_link,world,right_rubber_hand_link,-0.0009993300063616123,0.0009993300063616123,robot-ground-excluding-foot,False,True
158,ground,left_ankle_roll_link,world,left_ankle_roll_link,-0.0010048182065364765,0.0010048182065364765,foot-ground,True,False
158,left_knee_link,left_ankle_roll_link,left_knee_link,left_ankle_roll_link,-0.04338586853846563,0.04338586853846563,self-collision,False,False
158,left_rubber_hand_link,largebox,left_rubber_hand_link,largebox_link,-0.001079286731087925,0.001079286731087925,hand-box,True,False
158,ground,right_ankle_roll_sphere_1_link,world,right_ankle_roll_sphere_1_link,-0.0006866251265487391,0.0006866251265487391,foot-ground,True,False
159,ground,right_ankle_roll_sphere_2_link,world,right_ankle_roll_sphere_2_link,-0.0009975705221443544,0.0009975705221443544,foot-ground,True,False
159,pelvis_contour_link,right_hip_roll_link,pelvis_contour_link,right_hip_roll_link,-0.008630094261570978,0.008630094261570978,self-collision,False,False
159,right_rubber_hand_link,largebox,right_rubber_hand_link,largebox_link,-0.0010020116182525435,0.0010020116182525435,hand-box,True,False
159,left_ankle_intermediate_1_link,left_ankle_roll_link,left_ankle_intermediate_1_link,left_ankle_roll_link,-0.0006207609010730752,0.0006207609010730752,self-collision,False,False
159,right_hip_yaw_link,largebox,right_hip_yaw_link,largebox_link,-0.0008801329187203971,0.0008801329187203971,other-body-box,False,True
159,left_shoulder_yaw_link,largebox,left_shoulder_yaw_link,largebox_link,-0.0011629790876802881,0.0011629790876802881,other-body-box,False,True
159,ground,right_ankle_roll_link,world,right_ankle_roll_link,-0.001450596142941081,0.001450596142941081,foot-ground,True,False
159,ground,right_ankle_roll_sphere_3_link,world,right_ankle_roll_sphere_3_link,-0.0006251078418232732,0.0006251078418232732,foot-ground,True,False
159,ground,left_ankle_roll_sphere_2_link,world,left_ankle_roll_sphere_2_link,-0.0005833239201558952,0.0005833239201558952,foot-ground,True,False
159,ground,right_ankle_roll_sphere_4_link,world,right_ankle_roll_sphere_4_link,-0.0009975167108985028,0.0009975167108985028,foot-ground,True,False
159,pelvis_contour_link,left_hip_roll_link,pelvis_contour_link,left_hip_roll_link,-0.005143522293861683,0.005143522293861683,self-collision,False,False
159,ground,largebox,world,largebox_link,-0.006064336136306719,0.006064336136306719,object-ground,True,False
159,ground,right_ankle_roll_sphere_5_link,world,right_ankle_roll_sphere_5_link,-0.0008076548782822079,0.0008076548782822079,foot-ground,True,False
159,right_knee_link,right_ankle_roll_link,right_knee_link,right_ankle_roll_link,-0.03767255490578905,0.03767255490578905,self-collision,False,False
159,ground,right_rubber_hand_link,world,right_rubber_hand_link,-0.0010000595645961313,0.0010000595645961313,robot-ground-excluding-foot,False,True
159,ground,left_ankle_roll_link,world,left_ankle_roll_link,-0.0009995774344626687,0.0009995774344626687,foot-ground,True,False
159,left_knee_link,left_ankle_roll_link,left_knee_link,left_ankle_roll_link,-0.0437572280117354,0.0437572280117354,self-collision,False,False
159,left_rubber_hand_link,largebox,left_rubber_hand_link,largebox_link,-0.0015888181864427697,0.0015888181864427697,hand-box,True,False
159,ground,right_ankle_roll_sphere_1_link,world,right_ankle_roll_sphere_1_link,-0.0006872297979149946,0.0006872297979149946,foot-ground,True,False
160,ground,right_ankle_roll_sphere_2_link,world,right_ankle_roll_sphere_2_link,-0.0009973478901169853,0.0009973478901169853,foot-ground,True,False
160,pelvis_contour_link,right_hip_roll_link,pelvis_contour_link,right_hip_roll_link,-0.008767193846962562,0.008767193846962562,self-collision,False,False
160,right_rubber_hand_link,largebox,right_rubber_hand_link,largebox_link,-0.0010119601644292125,0.0010119601644292125,hand-box,True,False
160,left_ankle_intermediate_1_link,left_ankle_roll_link,left_ankle_intermediate_1_link,left_ankle_roll_link,-0.0005744070536927298,0.0005744070536927298,self-collision,False,False
160,right_hip_yaw_link,largebox,right_hip_yaw_link,largebox_link,-0.0008409700177256091,0.0008409700177256091,other-body-box,False,True
160,left_shoulder_yaw_link,largebox,left_shoulder_yaw_link,largebox_link,-0.0013047985654363603,0.0013047985654363603,other-body-box,False,True
160,ground,right_ankle_roll_link,world,right_ankle_roll_link,-0.001450241661878706,0.001450241661878706,foot-ground,True,False
160,ground,right_ankle_roll_sphere_3_link,world,right_ankle_roll_sphere_3_link,-0.0006246319825818835,0.0006246319825818835,foot-ground,True,False
160,ground,left_ankle_roll_sphere_2_link,world,left_ankle_roll_sphere_2_link,-0.0009740412800279983,0.0009740412800279983,foot-ground,True,False
160,ground,right_ankle_roll_sphere_4_link,world,right_ankle_roll_sphere_4_link,-0.000997058310842086,0.000997058310842086,foot-ground,True,False
160,pelvis_contour_link,left_hip_roll_link,pelvis_contour_link,left_hip_roll_link,-0.005162283036509008,0.005162283036509008,self-collision,False,False
160,ground,largebox,world,largebox_link,-0.0059366206472082905,0.0059366206472082905,object-ground,True,False
160,ground,right_ankle_roll_sphere_5_link,world,right_ankle_roll_sphere_5_link,-0.0008071598400496418,0.0008071598400496418,foot-ground,True,False
160,right_knee_link,right_ankle_roll_link,right_knee_link,right_ankle_roll_link,-0.03791297385889619,0.03791297385889619,self-collision,False,False
160,ground,left_rubber_hand_link,world,left_rubber_hand_link,-0.0009936243762944108,0.0009936243762944108,robot-ground-excluding-foot,False,True
160,ground,right_rubber_hand_link,world,right_rubber_hand_link,-0.000998586415702385,0.000998586415702385,robot-ground-excluding-foot,False,True
160,ground,left_ankle_roll_link,world,left_ankle_roll_link,-0.0013986807178694716,0.0013986807178694716,foot-ground,True,False
160,left_knee_link,left_ankle_roll_link,left_knee_link,left_ankle_roll_link,-0.04368400062845956,0.04368400062845956,self-collision,False,False
160,left_rubber_hand_link,largebox,left_rubber_hand_link,largebox_link,-0.0009454608190844621,0.0009454608190844621,hand-box,True,False
160,ground,right_ankle_roll_sphere_1_link,world,right_ankle_roll_sphere_1_link,-0.0006869926165668184,0.0006869926165668184,foot-ground,True,False
161,ground,right_ankle_roll_sphere_2_link,world,right_ankle_roll_sphere_2_link,-0.000997388151552702,0.000997388151552702,foot-ground,True,False
161,pelvis_contour_link,right_hip_roll_link,pelvis_contour_link,right_hip_roll_link,-0.008769960490506074,0.008769960490506074,self-collision,False,False
161,right_rubber_hand_link,largebox,right_rubber_hand_link,largebox_link,-0.0010128070090030944,0.0010128070090030944,hand-box,True,False
161,ground,left_ankle_roll_sphere_5_link,world,left_ankle_roll_sphere_5_link,-1.7888528842421002e-05,1.7888528842421002e-05,foot-ground,True,False
161,left_ankle_intermediate_1_link,left_ankle_roll_link,left_ankle_intermediate_1_link,left_ankle_roll_link,-0.0005061311436671406,0.0005061311436671406,self-collision,False,False
161,left_shoulder_yaw_link,largebox,left_shoulder_yaw_link,largebox_link,-0.0016931986301746832,0.0016931986301746832,other-body-box,False,True
161,ground,right_ankle_roll_link,world,right_ankle_roll_link,-0.0014502536218905931,0.0014502536218905931,foot-ground,True,False
161,ground,right_ankle_roll_sphere_3_link,world,right_ankle_roll_sphere_3_link,-0.0006246275057021659,0.0006246275057021659,foot-ground,True,False
161,ground,right_ankle_roll_sphere_4_link,world,right_ankle_roll_sphere_4_link,-0.0009970499164690212,0.0009970499164690212,foot-ground,True,False
161,pelvis_contour_link,left_hip_roll_link,pelvis_contour_link,left_hip_roll_link,-0.0051815923679696535,0.0051815923679696535,self-collision,False,False
161,ground,largebox,world,largebox_link,-0.005039517427734258,0.005039517427734258,object-ground,True,False
161,ground,right_ankle_roll_sphere_5_link,world,right_ankle_roll_sphere_5_link,-0.0008071477186172493,0.0008071477186172493,foot-ground,True,False
161,right_knee_link,right_ankle_roll_link,right_knee_link,right_ankle_roll_link,-0.038207137608948505,0.038207137608948505,self-collision,False,False
161,ground,left_rubber_hand_link,world,left_rubber_hand_link,-0.0009888050810789584,0.0009888050810789584,robot-ground-excluding-foot,False,True
161,ground,right_rubber_hand_link,world,right_rubber_hand_link,-0.000999303950722591,0.000999303950722591,robot-ground-excluding-foot,False,True
161,ground,left_ankle_roll_link,world,left_ankle_roll_link,-0.0010129981550677306,0.0010129981550677306,foot-ground,True,False
161,left_knee_link,left_ankle_roll_link,left_knee_link,left_ankle_roll_link,-0.043605130067175674,0.043605130067175674,self-collision,False,False
161,left_rubber_hand_link,largebox,left_rubber_hand_link,largebox_link,-0.0009356662877507832,0.0009356662877507832,hand-box,True,False
161,ground,right_ankle_roll_sphere_1_link,world,right_ankle_roll_sphere_1_link,-0.0006870361425803202,0.0006870361425803202,foot-ground,True,False
161,ground,left_ankle_roll_sphere_4_link,world,left_ankle_roll_sphere_4_link,-0.0005929172563863298,0.0005929172563863298,foot-ground,True,False
162,ground,right_ankle_roll_sphere_2_link,world,right_ankle_roll_sphere_2_link,-0.000997612528966521,0.000997612528966521,foot-ground,True,False
162,pelvis_contour_link,right_hip_roll_link,pelvis_contour_link,right_hip_roll_link,-0.008804873152039386,0.008804873152039386,self-collision,False,False
162,right_rubber_hand_link,largebox,right_rubber_hand_link,largebox_link,-0.0010092735497494593,0.0010092735497494593,hand-box,True,False
162,ground,left_ankle_roll_sphere_5_link,world,left_ankle_roll_sphere_5_link,-8.776533892128607e-05,8.776533892128607e-05,foot-ground,True,False
162,left_ankle_intermediate_1_link,left_ankle_roll_link,left_ankle_intermediate_1_link,left_ankle_roll_link,-0.0004755301098572501,0.0004755301098572501,self-collision,False,False
162,left_shoulder_yaw_link,largebox,left_shoulder_yaw_link,largebox_link,-0.0009909078247345576,0.0009909078247345576,other-body-box,False,True
162,ground,right_ankle_roll_link,world,right_ankle_roll_link,-0.001450626791106923,0.001450626791106923,foot-ground,True,False
162,ground,right_ankle_roll_sphere_3_link,world,right_ankle_roll_sphere_3_link,-0.0006250645714008752,0.0006250645714008752,foot-ground,True,False
162,ground,right_ankle_roll_sphere_4_link,world,right_ankle_roll_sphere_4_link,-0.0009975255263777833,0.0009975255263777833,foot-ground,True,False
162,pelvis_contour_link,left_hip_roll_link,pelvis_contour_link,left_hip_roll_link,-0.005288173841544064,0.005288173841544064,self-collision,False,False
162,ground,largebox,world,largebox_link,-0.0034113582408976384,0.0034113582408976384,object-ground,True,False
162,ground,right_ankle_roll_sphere_5_link,world,right_ankle_roll_sphere_5_link,-0.0008076332353006829,0.0008076332353006829,foot-ground,True,False
162,right_knee_link,right_ankle_roll_link,right_knee_link,right_ankle_roll_link,-0.03844733174011655,0.03844733174011655,self-collision,False,False
162,ground,left_rubber_hand_link,world,left_rubber_hand_link,-0.0009970804107873182,0.0009970804107873182,robot-ground-excluding-foot,False,True
162,ground,right_rubber_hand_link,world,right_rubber_hand_link,-0.000999191233028121,0.000999191233028121,robot-ground-excluding-foot,False,True
162,ground,left_ankle_roll_link,world,left_ankle_roll_link,-0.0010029003114021898,0.0010029003114021898,foot-ground,True,False
162,left_knee_link,left_ankle_roll_link,left_knee_link,left_ankle_roll_link,-0.04356035900876315,0.04356035900876315,self-collision,False,False
162,left_rubber_hand_link,largebox,left_rubber_hand_link,largebox_link,-0.0009428741363851911,0.0009428741363851911,hand-box,True,False
162,ground,right_ankle_roll_sphere_1_link,world,right_ankle_roll_sphere_1_link,-0.0006872283998190986,0.0006872283998190986,foot-ground,True,False
162,ground,left_ankle_roll_sphere_4_link,world,left_ankle_roll_sphere_4_link,-0.0005738991505841893,0.0005738991505841893,foot-ground,True,False
163,ground,right_ankle_roll_sphere_2_link,world,right_ankle_roll_sphere_2_link,-0.0009976164311218455,0.0009976164311218455,foot-ground,True,False
163,pelvis_contour_link,right_hip_roll_link,pelvis_contour_link,right_hip_roll_link,-0.0073707733891239385,0.0073707733891239385,self-collision,False,False
163,right_rubber_hand_link,largebox,right_rubber_hand_link,largebox_link,-0.0010128116154894812,0.0010128116154894812,hand-box,True,False
163,ground,left_ankle_roll_sphere_5_link,world,left_ankle_roll_sphere_5_link,-0.00014011882345346238,0.00014011882345346238,foot-ground,True,False
163,left_ankle_intermediate_1_link,left_ankle_roll_link,left_ankle_intermediate_1_link,left_ankle_roll_link,-0.00046807927016229156,0.00046807927016229156,self-collision,False,False
163,left_shoulder_yaw_link,largebox,left_shoulder_yaw_link,largebox_link,-0.0009359292403632452,0.0009359292403632452,other-body-box,False,True
163,ground,right_ankle_roll_link,world,right_ankle_roll_link,-0.00145062125711138,0.00145062125711138,foot-ground,True,False
163,ground,right_ankle_roll_sphere_3_link,world,right_ankle_roll_sphere_3_link,-0.0006250328434958567,0.0006250328434958567,foot-ground,True,False
163,ground,right_ankle_roll_sphere_4_link,world,right_ankle_roll_sphere_4_link,-0.0009975090018963855,0.0009975090018963855,foot-ground,True,False
163,pelvis_contour_link,left_hip_roll_link,pelvis_contour_link,left_hip_roll_link,-0.005272706468033017,0.005272706468033017,self-collision,False,False
163,ground,largebox,world,largebox_link,-0.0027335402352362537,0.0027335402352362537,object-ground,True,False
163,ground,right_ankle_roll_sphere_5_link,world,right_ankle_roll_sphere_5_link,-0.0008076065569205702,0.0008076065569205702,foot-ground,True,False
163,right_knee_link,right_ankle_roll_link,right_knee_link,right_ankle_roll_link,-0.03861121833704553,0.03861121833704553,self-collision,False,False
163,ground,left_rubber_hand_link,world,left_rubber_hand_link,-0.0009977014505627019,0.0009977014505627019,robot-ground-excluding-foot,False,True
163,ground,right_rubber_hand_link,world,right_rubber_hand_link,-0.0009993576510318875,0.0009993576510318875,robot-ground-excluding-foot,False,True
163,ground,left_ankle_roll_link,world,left_ankle_roll_link,-0.0010013844294861178,0.0010013844294861178,foot-ground,True,False
163,left_knee_link,left_ankle_roll_link,left_knee_link,left_ankle_roll_link,-0.04355439385044385,0.04355439385044385,self-collision,False,False
163,left_rubber_hand_link,largebox,left_rubber_hand_link,largebox_link,-0.0010778994618924342,0.0010778994618924342,hand-box,True,False
163,ground,right_ankle_roll_sphere_1_link,world,right_ankle_roll_sphere_1_link,-0.0006872196324547398,0.0006872196324547398,foot-ground,True,False
163,ground,left_ankle_roll_sphere_4_link,world,left_ankle_roll_sphere_4_link,-0.0005203273574541185,0.0005203273574541185,foot-ground,True,False
164,ground,right_ankle_roll_sphere_2_link,world,right_ankle_roll_sphere_2_link,-0.0009968964843911935,0.0009968964843911935,foot-ground,True,False
164,pelvis_contour_link,right_hip_roll_link,pelvis_contour_link,right_hip_roll_link,-0.00730063904368157,0.00730063904368157,self-collision,False,False
164,right_rubber_hand_link,largebox,right_rubber_hand_link,largebox_link,-0.0010200095484050042,0.0010200095484050042,hand-box,True,False
164,ground,left_ankle_roll_sphere_5_link,world,left_ankle_roll_sphere_5_link,-0.00012788536939861272,0.00012788536939861272,foot-ground,True,False
164,left_ankle_intermediate_1_link,left_ankle_roll_link,left_ankle_intermediate_1_link,left_ankle_roll_link,-0.0004881387786366681,0.0004881387786366681,self-collision,False,False
164,left_shoulder_yaw_link,largebox,left_shoulder_yaw_link,largebox_link,-0.0016611056481232872,0.0016611056481232872,other-body-box,False,True
164,ground,right_ankle_roll_link,world,right_ankle_roll_link,-0.001449899409807491,0.001449899409807491,foot-ground,True,False
164,ground,right_ankle_roll_sphere_3_link,world,right_ankle_roll_sphere_3_link,-0.0006242956835073371,0.0006242956835073371,foot-ground,True,False
164,ground,right_ankle_roll_sphere_4_link,world,right_ankle_roll_sphere_4_link,-0.00099678290388469,0.00099678290388469,foot-ground,True,False
164,pelvis_contour_link,left_hip_roll_link,pelvis_contour_link,left_hip_roll_link,-0.005324657424275278,0.005324657424275278,self-collision,False,False
164,ground,largebox,world,largebox_link,-0.0033070616425555366,0.0033070616425555366,object-ground,True,False
164,ground,right_ankle_roll_sphere_5_link,world,right_ankle_roll_sphere_5_link,-0.0008068740957895898,0.0008068740957895898,foot-ground,True,False
164,right_knee_link,right_ankle_roll_link,right_knee_link,right_ankle_roll_link,-0.03882388877793294,0.03882388877793294,self-collision,False,False
164,ground,left_rubber_hand_link,world,left_rubber_hand_link,-0.0009910496988888018,0.0009910496988888018,robot-ground-excluding-foot,False,True
164,ground,right_rubber_hand_link,world,right_rubber_hand_link,-0.0009975104798409518,0.0009975104798409518,robot-ground-excluding-foot,False,True
164,ground,left_ankle_roll_link,world,left_ankle_roll_link,-0.0010019902164173436,0.0010019902164173436,foot-ground,True,False
164,left_knee_link,left_ankle_roll_link,left_knee_link,left_ankle_roll_link,-0.043595882138561554,0.043595882138561554,self-collision,False,False
164,left_rubber_hand_link,largebox,left_rubber_hand_link,largebox_link,-0.0009539183006301855,0.0009539183006301855,hand-box,True,False
164,ground,right_ankle_roll_sphere_1_link,world,right_ankle_roll_sphere_1_link,-0.000686490467410066,0.000686490467410066,foot-ground,True,False
164,ground,left_ankle_roll_sphere_4_link,world,left_ankle_roll_sphere_4_link,-0.00048171611348953296,0.00048171611348953296,foot-ground,True,False
165,ground,right_ankle_roll_sphere_2_link,world,right_ankle_roll_sphere_2_link,-0.0009975038086707513,0.0009975038086707513,foot-ground,True,False
165,pelvis_contour_link,right_hip_roll_link,pelvis_contour_link,right_hip_roll_link,-0.008577580583199962,0.008577580583199962,self-collision,False,False
165,right_rubber_hand_link,largebox,right_rubber_hand_link,largebox_link,-0.001000668981695721,0.001000668981695721,hand-box,True,False
165,ground,left_ankle_roll_sphere_5_link,world,left_ankle_roll_sphere_5_link,-0.00021079430583316027,0.00021079430583316027,foot-ground,True,False
165,left_ankle_intermediate_1_link,left_ankle_roll_link,left_ankle_intermediate_1_link,left_ankle_roll_link,-0.000285803175034946,0.000285803175034946,self-collision,False,False
165,right_hip_yaw_link,largebox,right_hip_yaw_link,largebox_link,-0.0005415705137989252,0.0005415705137989252,other-body-box,False,True
165,left_shoulder_yaw_link,largebox,left_shoulder_yaw_link,largebox_link,-0.0010348111293479317,0.0010348111293479317,other-body-box,False,True
165,ground,right_ankle_roll_link,world,right_ankle_roll_link,-0.0014505734139564144,0.0014505734139564144,foot-ground,True,False
165,ground,right_ankle_roll_sphere_3_link,world,right_ankle_roll_sphere_3_link,-0.0006250374315101967,0.0006250374315101967,foot-ground,True,False
165,ground,right_ankle_roll_sphere_4_link,world,right_ankle_roll_sphere_4_link,-0.0009975107535721275,0.0009975107535721275,foot-ground,True,False
165,pelvis_contour_link,left_hip_roll_link,pelvis_contour_link,left_hip_roll_link,-0.005317852732231038,0.005317852732231038,self-collision,False,False
165,ground,largebox,world,largebox_link,-0.0036989498235192875,0.0036989498235192875,object-ground,True,False
165,ground,right_ankle_roll_sphere_5_link,world,right_ankle_roll_sphere_5_link,-0.0008076232103524815,0.0008076232103524815,foot-ground,True,False
165,right_knee_link,right_ankle_roll_link,right_knee_link,right_ankle_roll_link,-0.03886706877907095,0.03886706877907095,self-collision,False,False
165,ground,left_rubber_hand_link,world,left_rubber_hand_link,-0.0009988587506198493,0.0009988587506198493,robot-ground-excluding-foot,False,True
165,ground,right_rubber_hand_link,world,right_rubber_hand_link,-0.0009969275153835916,0.0009969275153835916,robot-ground-excluding-foot,False,True
165,ground,left_ankle_roll_link,world,left_ankle_roll_link,-0.0010003121943493384,0.0010003121943493384,foot-ground,True,False
165,left_knee_link,left_ankle_roll_link,left_knee_link,left_ankle_roll_link,-0.04328337182749828,0.04328337182749828,self-collision,False,False
165,left_rubber_hand_link,largebox,left_rubber_hand_link,largebox_link,-0.0011466293209496242,0.0011466293209496242,hand-box,True,False
165,ground,right_ankle_roll_sphere_1_link,world,right_ankle_roll_sphere_1_link,-0.0006871093736191434,0.0006871093736191434,foot-ground,True,False
165,ground,left_ankle_roll_sphere_4_link,world,left_ankle_roll_sphere_4_link,-0.0002293450923536956,0.0002293450923536956,foot-ground,True,False
166,ground,right_ankle_roll_sphere_2_link,world,right_ankle_roll_sphere_2_link,-0.0009975573906836127,0.0009975573906836127,foot-ground,True,False
166,pelvis_contour_link,right_hip_roll_link,pelvis_contour_link,right_hip_roll_link,-0.008557564904268733,0.008557564904268733,self-collision,False,False
166,right_rubber_hand_link,largebox,right_rubber_hand_link,largebox_link,-0.0014613916297841478,0.0014613916297841478,hand-box,True,False
166,ground,left_ankle_roll_sphere_5_link,world,left_ankle_roll_sphere_5_link,-0.00016765392989385574,0.00016765392989385574,foot-ground,True,False
166,left_ankle_intermediate_1_link,left_ankle_roll_link,left_ankle_intermediate_1_link,left_ankle_roll_link,-0.00019793437668946812,0.00019793437668946812,self-collision,False,False
166,left_shoulder_yaw_link,largebox,left_shoulder_yaw_link,largebox_link,-0.0010792636738284206,0.0010792636738284206,other-body-box,False,True
166,ground,right_ankle_roll_link,world,right_ankle_roll_link,-0.0014506231161418755,0.0014506231161418755,foot-ground,True,False
166,ground,right_ankle_roll_sphere_3_link,world,right_ankle_roll_sphere_3_link,-0.0006250743164235772,0.0006250743164235772,foot-ground,True,False
166,ground,right_ankle_roll_sphere_4_link,world,right_ankle_roll_sphere_4_link,-0.0009975555213387775,0.0009975555213387775,foot-ground,True,False
166,pelvis_contour_link,left_hip_roll_link,pelvis_contour_link,left_hip_roll_link,-0.005324321248266303,0.005324321248266303,self-collision,False,False
166,ground,largebox,world,largebox_link,-0.0033454913191396374,0.0033454913191396374,object-ground,True,False
166,ground,right_ankle_roll_sphere_5_link,world,right_ankle_roll_sphere_5_link,-0.0008076629224394788,0.0008076629224394788,foot-ground,True,False
166,right_knee_link,right_ankle_roll_link,right_knee_link,right_ankle_roll_link,-0.038907702599025595,0.038907702599025595,self-collision,False,False
166,ground,left_rubber_hand_link,world,left_rubber_hand_link,-0.0009991844455805865,0.0009991844455805865,robot-ground-excluding-foot,False,True
166,ground,right_rubber_hand_link,world,right_rubber_hand_link,-0.000998106607402266,0.000998106607402266,robot-ground-excluding-foot,False,True
166,ground,left_ankle_roll_link,world,left_ankle_roll_link,-0.0009998502380762254,0.0009998502380762254,foot-ground,True,False
166,left_knee_link,left_ankle_roll_link,left_knee_link,left_ankle_roll_link,-0.04315032466940294,0.04315032466940294,self-collision,False,False
166,left_rubber_hand_link,largebox,left_rubber_hand_link,largebox_link,-0.0010214693669837183,0.0010214693669837183,hand-box,True,False
166,ground,right_ankle_roll_sphere_1_link,world,right_ankle_roll_sphere_1_link,-0.000687156386587613,0.000687156386587613,foot-ground,True,False
166,ground,left_ankle_roll_sphere_4_link,world,left_ankle_roll_sphere_4_link,-0.0001894845364530549,0.0001894845364530549,foot-ground,True,False
167,ground,right_ankle_roll_sphere_2_link,world,right_ankle_roll_sphere_2_link,-0.000997557298531032,0.000997557298531032,foot-ground,True,False
167,pelvis_contour_link,right_hip_roll_link,pelvis_contour_link,right_hip_roll_link,-0.00860597020493016,0.00860597020493016,self-collision,False,False
167,right_rubber_hand_link,largebox,right_rubber_hand_link,largebox_link,-0.0010931644308331684,0.0010931644308331684,hand-box,True,False
167,ground,left_ankle_roll_sphere_5_link,world,left_ankle_roll_sphere_5_link,-0.00016989762727021972,0.00016989762727021972,foot-ground,True,False
167,left_ankle_intermediate_1_link,left_ankle_roll_link,left_ankle_intermediate_1_link,left_ankle_roll_link,-0.00015991013384379638,0.00015991013384379638,self-collision,False,False
167,left_shoulder_yaw_link,largebox,left_shoulder_yaw_link,largebox_link,-0.0010135490069953929,0.0010135490069953929,other-body-box,False,True
167,ground,right_ankle_roll_link,world,right_ankle_roll_link,-0.001450619033762597,0.001450619033762597,foot-ground,True,False
167,ground,right_ankle_roll_sphere_3_link,world,right_ankle_roll_sphere_3_link,-0.0006250790601589505,0.0006250790601589505,foot-ground,True,False
167,ground,right_ankle_roll_sphere_4_link,world,right_ankle_roll_sphere_4_link,-0.0009975508308709127,0.0009975508308709127,foot-ground,True,False
167,pelvis_contour_link,left_hip_roll_link,pelvis_contour_link,left_hip_roll_link,-0.005394868735490832,0.005394868735490832,self-collision,False,False
167,ground,largebox,world,largebox_link,-0.0032885224614347397,0.0032885224614347397,object-ground,True,False
167,ground,right_ankle_roll_sphere_5_link,world,right_ankle_roll_sphere_5_link,-0.0008076625005871514,0.0008076625005871514,foot-ground,True,False
167,right_knee_link,right_ankle_roll_link,right_knee_link,right_ankle_roll_link,-0.03887667746275569,0.03887667746275569,self-collision,False,False
167,ground,left_rubber_hand_link,world,left_rubber_hand_link,-0.0009998732995817189,0.0009998732995817189,robot-ground-excluding-foot,False,True
167,ground,right_rubber_hand_link,world,right_rubber_hand_link,-0.0009988787069212246,0.0009988787069212246,robot-ground-excluding-foot,False,True
167,ground,left_ankle_roll_link,world,left_ankle_roll_link,-0.000999711393081481,0.000999711393081481,foot-ground,True,False
167,left_knee_link,left_ankle_roll_link,left_knee_link,left_ankle_roll_link,-0.04310462708414567,0.04310462708414567,self-collision,False,False
167,left_rubber_hand_link,largebox,left_rubber_hand_link,largebox_link,-0.0009475740228124946,0.0009475740228124946,hand-box,True,False
167,ground,right_ankle_roll_sphere_1_link,world,right_ankle_roll_sphere_1_link,-0.0006871641562710617,0.0006871641562710617,foot-ground,True,False
167,ground,left_ankle_roll_sphere_4_link,world,left_ankle_roll_sphere_4_link,-0.0002196660321973241,0.0002196660321973241,foot-ground,True,False
168,ground,right_ankle_roll_sphere_2_link,world,right_ankle_roll_sphere_2_link,-0.0009971783555187885,0.0009971783555187885,foot-ground,True,False
168,pelvis_contour_link,right_hip_roll_link,pelvis_contour_link,right_hip_roll_link,-0.008508121449466596,0.008508121449466596,self-collision,False,False
168,right_rubber_hand_link,largebox,right_rubber_hand_link,largebox_link,-0.001307001207642447,0.001307001207642447,hand-box,True,False
168,ground,left_ankle_roll_sphere_5_link,world,left_ankle_roll_sphere_5_link,-0.0001797589776822107,0.0001797589776822107,foot-ground,True,False
168,left_shoulder_yaw_link,largebox,left_shoulder_yaw_link,largebox_link,-0.00012780033494386167,0.00012780033494386167,other-body-box,False,True
168,ground,right_ankle_roll_link,world,right_ankle_roll_link,-0.0014501290588260565,0.0014501290588260565,foot-ground,True,False
168,ground,right_ankle_roll_sphere_3_link,world,right_ankle_roll_sphere_3_link,-0.000624526960870341,0.000624526960870341,foot-ground,True,False
168,ground,right_ankle_roll_sphere_4_link,world,right_ankle_roll_sphere_4_link,-0.0009969814808906225,0.0009969814808906225,foot-ground,True,False
168,pelvis_contour_link,left_hip_roll_link,pelvis_contour_link,left_hip_roll_link,-0.005377939059568612,0.005377939059568612,self-collision,False,False
168,ground,largebox,world,largebox_link,-0.00327682267585247,0.00327682267585247,object-ground,True,False
168,ground,right_ankle_roll_sphere_5_link,world,right_ankle_roll_sphere_5_link,-0.0008070795442573627,0.0008070795442573627,foot-ground,True,False
168,right_knee_link,right_ankle_roll_link,right_knee_link,right_ankle_roll_link,-0.038446402073710334,0.038446402073710334,self-collision,False,False
168,ground,left_rubber_hand_link,world,left_rubber_hand_link,-0.00047086409707072785,0.00047086409707072785,robot-ground-excluding-foot,False,True
168,ground,left_ankle_roll_link,world,left_ankle_roll_link,-0.000999539725006729,0.000999539725006729,foot-ground,True,False
168,left_knee_link,left_ankle_roll_link,left_knee_link,left_ankle_roll_link,-0.04276400737541017,0.04276400737541017,self-collision,False,False
168,left_rubber_hand_link,largebox,left_rubber_hand_link,largebox_link,-0.0009250750225122811,0.0009250750225122811,hand-box,True,False
168,ground,right_ankle_roll_sphere_1_link,world,right_ankle_roll_sphere_1_link,-0.0006867995888352211,0.0006867995888352211,foot-ground,True,False
168,ground,left_ankle_roll_sphere_4_link,world,left_ankle_roll_sphere_4_link,-0.00018879990613960684,0.00018879990613960684,foot-ground,True,False
169,ground,right_ankle_roll_sphere_2_link,world,right_ankle_roll_sphere_2_link,-0.0009965270805045575,0.0009965270805045575,foot-ground,True,False
169,pelvis_contour_link,right_hip_roll_link,pelvis_contour_link,right_hip_roll_link,-0.00890491630954729,0.00890491630954729,self-collision,False,False
169,right_rubber_hand_link,largebox,right_rubber_hand_link,largebox_link,-0.0010470787389270653,0.0010470787389270653,hand-box,True,False
169,ground,left_ankle_roll_sphere_5_link,world,left_ankle_roll_sphere_5_link,-0.00014008683098479507,0.00014008683098479507,foot-ground,True,False
169,left_shoulder_yaw_link,largebox,left_shoulder_yaw_link,largebox_link,-0.0007468545533565046,0.0007468545533565046,other-body-box,False,True
169,ground,right_ankle_roll_link,world,right_ankle_roll_link,-0.001467117364189894,0.001467117364189894,foot-ground,True,False
169,ground,right_ankle_roll_sphere_3_link,world,right_ankle_roll_sphere_3_link,-0.0005030864355543762,0.0005030864355543762,foot-ground,True,False
169,ground,right_ankle_roll_sphere_4_link,world,right_ankle_roll_sphere_4_link,-0.000996496919557127,0.000996496919557127,foot-ground,True,False
169,pelvis_contour_link,left_hip_roll_link,pelvis_contour_link,left_hip_roll_link,-0.004750734355603678,0.004750734355603678,self-collision,False,False
169,ground,largebox,world,largebox_link,-0.0033650770584381373,0.0033650770584381373,object-ground,True,False
169,ground,right_ankle_roll_sphere_5_link,world,right_ankle_roll_sphere_5_link,-0.0007449507715226933,0.0007449507715226933,foot-ground,True,False
169,right_knee_link,right_ankle_roll_link,right_knee_link,right_ankle_roll_link,-0.03788628713545589,0.03788628713545589,self-collision,False,False
169,ground,left_ankle_roll_link,world,left_ankle_roll_link,-0.0010009367074624437,0.0010009367074624437,foot-ground,True,False
169,left_knee_link,left_ankle_roll_link,left_knee_link,left_ankle_roll_link,-0.04235736286137595,0.04235736286137595,self-collision,False,False
169,ground,right_ankle_roll_sphere_1_link,world,right_ankle_roll_sphere_1_link,-0.0005853516771689325,0.0005853516771689325,foot-ground,True,False
169,ground,left_ankle_roll_sphere_4_link,world,left_ankle_roll_sphere_4_link,-0.00015436244823514422,0.00015436244823514422,foot-ground,True,False
170,ground,right_ankle_roll_sphere_2_link,world,right_ankle_roll_sphere_2_link,-0.0009976524470201023,0.0009976524470201023,foot-ground,True,False
170,pelvis_contour_link,right_hip_roll_link,pelvis_contour_link,right_hip_roll_link,-0.008811131585411469,0.008811131585411469,self-collision,False,False
170,ground,left_ankle_roll_sphere_5_link,world,left_ankle_roll_sphere_5_link,-0.00012603388059440317,0.00012603388059440317,foot-ground,True,False
170,ground,right_ankle_roll_link,world,right_ankle_roll_link,-0.0014682474042625425,0.0014682474042625425,foot-ground,True,False
170,ground,right_ankle_roll_sphere_3_link,world,right_ankle_roll_sphere_3_link,-0.0005042356002668445,0.0005042356002668445,foot-ground,True,False
170,ground,right_ankle_roll_sphere_4_link,world,right_ankle_roll_sphere_4_link,-0.0009976336482879098,0.0009976336482879098,foot-ground,True,False
170,pelvis_contour_link,left_hip_roll_link,pelvis_contour_link,left_hip_roll_link,-0.0043518895133148605,0.0043518895133148605,self-collision,False,False
170,ground,largebox,world,largebox_link,-0.0033603405169984057,0.0033603405169984057,object-ground,True,False
170,ground,right_ankle_roll_sphere_5_link,world,right_ankle_roll_sphere_5_link,-0.0007460951768969116,0.0007460951768969116,foot-ground,True,False
170,right_knee_link,right_ankle_roll_link,right_knee_link,right_ankle_roll_link,-0.03722925597063301,0.03722925597063301,self-collision,False,False
170,ground,left_ankle_roll_link,world,left_ankle_roll_link,-0.0009997902404097793,0.0009997902404097793,foot-ground,True,False
170,left_knee_link,left_ankle_roll_link,left_knee_link,left_ankle_roll_link,-0.0418004222383441,0.0418004222383441,self-collision,False,False
170,ground,right_ankle_roll_sphere_1_link,world,right_ankle_roll_sphere_1_link,-0.000586487407002549,0.000586487407002549,foot-ground,True,False
170,ground,left_ankle_roll_sphere_4_link,world,left_ankle_roll_sphere_4_link,-5.7168020236526666e-05,5.7168020236526666e-05,foot-ground,True,False
171,ground,right_ankle_roll_sphere_2_link,world,right_ankle_roll_sphere_2_link,-0.0009984564594352789,0.0009984564594352789,foot-ground,True,False
171,pelvis_contour_link,right_hip_roll_link,pelvis_contour_link,right_hip_roll_link,-0.009016816076651682,0.009016816076651682,self-collision,False,False
171,ground,left_ankle_roll_sphere_5_link,world,left_ankle_roll_sphere_5_link,-0.00012926312542975004,0.00012926312542975004,foot-ground,True,False
171,ground,right_ankle_roll_link,world,right_ankle_roll_link,-0.0014025317985483614,0.0014025317985483614,foot-ground,True,False
171,ground,right_ankle_roll_sphere_3_link,world,right_ankle_roll_sphere_3_link,-0.0004595561813302137,0.0004595561813302137,foot-ground,True,False
171,ground,right_ankle_roll_sphere_4_link,world,right_ankle_roll_sphere_4_link,-0.0006769484941999823,0.0006769484941999823,foot-ground,True,False
171,pelvis_contour_link,left_hip_roll_link,pelvis_contour_link,left_hip_roll_link,-0.005402124564404517,0.005402124564404517,self-collision,False,False
171,ground,largebox,world,largebox_link,-0.0033176622921406163,0.0033176622921406163,object-ground,True,False
171,ground,right_ankle_roll_sphere_5_link,world,right_ankle_roll_sphere_5_link,-0.0005282965740818308,0.0005282965740818308,foot-ground,True,False
171,right_knee_link,right_ankle_roll_link,right_knee_link,right_ankle_roll_link,-0.03662847383457399,0.03662847383457399,self-collision,False,False
171,ground,left_ankle_roll_link,world,left_ankle_roll_link,-0.0009996738290664747,0.0009996738290664747,foot-ground,True,False
171,left_knee_link,left_ankle_roll_link,left_knee_link,left_ankle_roll_link,-0.040830176972591586,0.040830176972591586,self-collision,False,False
171,ground,right_ankle_roll_sphere_1_link,world,right_ankle_roll_sphere_1_link,-0.0008172961987104694,0.0008172961987104694,foot-ground,True,False
172,ground,right_ankle_roll_sphere_2_link,world,right_ankle_roll_sphere_2_link,-0.0009994849632006626,0.0009994849632006626,foot-ground,True,False
172,pelvis_contour_link,right_hip_roll_link,pelvis_contour_link,right_hip_roll_link,-0.008437368928928393,0.008437368928928393,self-collision,False,False
172,ground,left_ankle_roll_sphere_5_link,world,left_ankle_roll_sphere_5_link,-0.0001477861672578946,0.0001477861672578946,foot-ground,True,False
172,ground,right_ankle_roll_link,world,right_ankle_roll_link,-0.0014357963398115847,0.0014357963398115847,foot-ground,True,False
172,ground,right_ankle_roll_sphere_3_link,world,right_ankle_roll_sphere_3_link,-0.00063782626306813,0.00063782626306813,foot-ground,True,False
172,ground,right_ankle_roll_sphere_4_link,world,right_ankle_roll_sphere_4_link,-0.0006379322093427895,0.0006379322093427895,foot-ground,True,False
172,pelvis_contour_link,left_hip_roll_link,pelvis_contour_link,left_hip_roll_link,-0.005613867171440315,0.005613867171440315,self-collision,False,False
172,ground,largebox,world,largebox_link,-0.0032773474505289335,0.0032773474505289335,object-ground,True,False
172,ground,right_ankle_roll_sphere_5_link,world,right_ankle_roll_sphere_5_link,-0.0005953425794155654,0.0005953425794155654,foot-ground,True,False
172,right_knee_link,right_ankle_roll_link,right_knee_link,right_ankle_roll_link,-0.03566124874873036,0.03566124874873036,self-collision,False,False
172,ground,left_ankle_roll_link,world,left_ankle_roll_link,-0.0009997078186233035,0.0009997078186233035,foot-ground,True,False
172,left_knee_link,left_ankle_roll_link,left_knee_link,left_ankle_roll_link,-0.040031375642362865,0.040031375642362865,self-collision,False,False
172,ground,right_ankle_roll_sphere_1_link,world,right_ankle_roll_sphere_1_link,-0.0009993966746384446,0.0009993966746384446,foot-ground,True,False
173,ground,right_ankle_roll_sphere_2_link,world,right_ankle_roll_sphere_2_link,-0.0009968728031746433,0.0009968728031746433,foot-ground,True,False
173,pelvis_contour_link,right_hip_roll_link,pelvis_contour_link,right_hip_roll_link,-0.008362594232670079,0.008362594232670079,self-collision,False,False
173,ground,left_ankle_roll_sphere_5_link,world,left_ankle_roll_sphere_5_link,-0.00016920425580692604,0.00016920425580692604,foot-ground,True,False
173,ground,right_ankle_roll_link,world,right_ankle_roll_link,-0.0014348600281456937,0.0014348600281456937,foot-ground,True,False
173,ground,right_ankle_roll_sphere_3_link,world,right_ankle_roll_sphere_3_link,-0.0006402908118856498,0.0006402908118856498,foot-ground,True,False
173,ground,right_ankle_roll_sphere_4_link,world,right_ankle_roll_sphere_4_link,-0.0006372088082110426,0.0006372088082110426,foot-ground,True,False
173,pelvis_contour_link,left_hip_roll_link,pelvis_contour_link,left_hip_roll_link,-0.005125642402139224,0.005125642402139224,self-collision,False,False
173,ground,largebox,world,largebox_link,-0.003212840348059298,0.003212840348059298,object-ground,True,False
173,ground,right_ankle_roll_sphere_5_link,world,right_ankle_roll_sphere_5_link,-0.0005964666145984584,0.0005964666145984584,foot-ground,True,False
173,right_knee_link,right_ankle_roll_link,right_knee_link,right_ankle_roll_link,-0.03466837072490547,0.03466837072490547,self-collision,False,False
173,ground,left_ankle_roll_link,world,left_ankle_roll_link,-0.000999739361689258,0.000999739361689258,foot-ground,True,False
173,left_knee_link,left_ankle_roll_link,left_knee_link,left_ankle_roll_link,-0.0394002207345123,0.0394002207345123,self-collision,False,False
173,ground,right_ankle_roll_sphere_1_link,world,right_ankle_roll_sphere_1_link,-0.0009994411395701465,0.0009994411395701465,foot-ground,True,False
174,ground,right_ankle_roll_sphere_2_link,world,right_ankle_roll_sphere_2_link,-0.0008411585448486461,0.0008411585448486461,foot-ground,True,False
174,pelvis_contour_link,right_hip_roll_link,pelvis_contour_link,right_hip_roll_link,-0.008044939706790044,0.008044939706790044,self-collision,False,False
174,ground,left_ankle_roll_sphere_5_link,world,left_ankle_roll_sphere_5_link,-0.00016155012260722895,0.00016155012260722895,foot-ground,True,False
174,ground,right_ankle_roll_link,world,right_ankle_roll_link,-0.0014035032313320789,0.0014035032313320789,foot-ground,True,False
174,ground,right_ankle_roll_sphere_3_link,world,right_ankle_roll_sphere_3_link,-0.0007817302042717389,0.0007817302042717389,foot-ground,True,False
174,ground,right_ankle_roll_sphere_4_link,world,right_ankle_roll_sphere_4_link,-0.0005922011977038113,0.0005922011977038113,foot-ground,True,False
174,pelvis_contour_link,left_hip_roll_link,pelvis_contour_link,left_hip_roll_link,-0.004968702142997272,0.004968702142997272,self-collision,False,False
174,ground,largebox,world,largebox_link,-0.0032808881487431663,0.0032808881487431663,object-ground,True,False
174,ground,right_ankle_roll_sphere_5_link,world,right_ankle_roll_sphere_5_link,-0.0006595347288390506,0.0006595347288390506,foot-ground,True,False
174,right_knee_link,right_ankle_roll_link,right_knee_link,right_ankle_roll_link,-0.0335773413659857,0.0335773413659857,self-collision,False,False
174,ground,left_ankle_roll_link,world,left_ankle_roll_link,-0.0009995611745095452,0.0009995611745095452,foot-ground,True,False
174,left_knee_link,left_ankle_roll_link,left_knee_link,left_ankle_roll_link,-0.03865447475289674,0.03865447475289674,self-collision,False,False
174,ground,right_ankle_roll_sphere_1_link,world,right_ankle_roll_sphere_1_link,-0.0009990993836552524,0.0009990993836552524,foot-ground,True,False
175,ground,right_ankle_roll_sphere_2_link,world,right_ankle_roll_sphere_2_link,-0.0006020700141360974,0.0006020700141360974,foot-ground,True,False
175,pelvis_contour_link,right_hip_roll_link,pelvis_contour_link,right_hip_roll_link,-0.0085636189252329,0.0085636189252329,self-collision,False,False
175,ground,left_ankle_roll_sphere_5_link,world,left_ankle_roll_sphere_5_link,-0.0002044671929336021,0.0002044671929336021,foot-ground,True,False
175,ground,right_ankle_roll_link,world,right_ankle_roll_link,-0.0014655106709570154,0.0014655106709570154,foot-ground,True,False
175,ground,right_ankle_roll_sphere_3_link,world,right_ankle_roll_sphere_3_link,-0.0009982599594940298,0.0009982599594940298,foot-ground,True,False
175,ground,right_ankle_roll_sphere_4_link,world,right_ankle_roll_sphere_4_link,-0.0005231738989847487,0.0005231738989847487,foot-ground,True,False
175,pelvis_contour_link,left_hip_roll_link,pelvis_contour_link,left_hip_roll_link,-0.004780159050486829,0.004780159050486829,self-collision,False,False
175,ground,largebox,world,largebox_link,-0.0032480913721732174,0.0032480913721732174,object-ground,True,False
175,ground,right_ankle_roll_sphere_5_link,world,right_ankle_roll_sphere_5_link,-0.0007560927398148126,0.0007560927398148126,foot-ground,True,False
175,right_knee_link,right_ankle_roll_link,right_knee_link,right_ankle_roll_link,-0.03258715342118754,0.03258715342118754,self-collision,False,False
175,right_ankle_intermediate_1_link,right_ankle_roll_link,right_ankle_intermediate_1_link,right_ankle_roll_link,-0.0023989993837995327,0.0023989993837995327,self-collision,False,False
175,ground,left_ankle_roll_link,world,left_ankle_roll_link,-0.0009997317502584806,0.0009997317502584806,foot-ground,True,False
175,left_knee_link,left_ankle_roll_link,left_knee_link,left_ankle_roll_link,-0.03791830792897713,0.03791830792897713,self-collision,False,False
175,ground,right_ankle_roll_sphere_1_link,world,right_ankle_roll_sphere_1_link,-0.0009979750645605,0.0009979750645605,foot-ground,True,False
176,pelvis_contour_link,right_hip_roll_link,pelvis_contour_link,right_hip_roll_link,-0.008121928131525916,0.008121928131525916,self-collision,False,False
176,ground,left_ankle_roll_sphere_5_link,world,left_ankle_roll_sphere_5_link,-0.0001947429514778205,0.0001947429514778205,foot-ground,True,False
176,ground,right_ankle_roll_link,world,right_ankle_roll_link,-0.0013993634792444712,0.0013993634792444712,foot-ground,True,False
176,ground,right_ankle_roll_sphere_3_link,world,right_ankle_roll_sphere_3_link,-0.0009970611974812775,0.0009970611974812775,foot-ground,True,False
176,ground,right_ankle_roll_sphere_4_link,world,right_ankle_roll_sphere_4_link,-0.0004509573686263353,0.0004509573686263353,foot-ground,True,False
176,pelvis_contour_link,left_hip_roll_link,pelvis_contour_link,left_hip_roll_link,-0.005441438619728414,0.005441438619728414,self-collision,False,False
176,ground,largebox,world,largebox_link,-0.0032414610302861635,0.0032414610302861635,object-ground,True,False
176,ground,right_ankle_roll_sphere_5_link,world,right_ankle_roll_sphere_5_link,-0.0007940504138142781,0.0007940504138142781,foot-ground,True,False
176,right_knee_link,right_ankle_roll_link,right_knee_link,right_ankle_roll_link,-0.03176670466237422,0.03176670466237422,self-collision,False,False
176,right_ankle_intermediate_1_link,right_ankle_roll_link,right_ankle_intermediate_1_link,right_ankle_roll_link,-0.0024363420045336037,0.0024363420045336037,self-collision,False,False
176,ground,left_ankle_roll_link,world,left_ankle_roll_link,-0.0009993862068006856,0.0009993862068006856,foot-ground,True,False
176,left_knee_link,left_ankle_roll_link,left_knee_link,left_ankle_roll_link,-0.037178730490723316,0.037178730490723316,self-collision,False,False
176,ground,right_ankle_roll_sphere_1_link,world,right_ankle_roll_sphere_1_link,-0.00035620293361270355,0.00035620293361270355,foot-ground,True,False
177,pelvis_contour_link,right_hip_roll_link,pelvis_contour_link,right_hip_roll_link,-0.007732566462787721,0.007732566462787721,self-collision,False,False
177,ground,left_ankle_roll_sphere_5_link,world,left_ankle_roll_sphere_5_link,-0.00021199058630666772,0.00021199058630666772,foot-ground,True,False
177,ground,right_ankle_roll_link,world,right_ankle_roll_link,-0.0013934709546284708,0.0013934709546284708,foot-ground,True,False
177,ground,right_ankle_roll_sphere_3_link,world,right_ankle_roll_sphere_3_link,-0.0009894370230229153,0.0009894370230229153,foot-ground,True,False
177,ground,right_ankle_roll_sphere_4_link,world,right_ankle_roll_sphere_4_link,-0.00041806286331348263,0.00041806286331348263,foot-ground,True,False
177,pelvis_contour_link,left_hip_roll_link,pelvis_contour_link,left_hip_roll_link,-0.005296589541580507,0.005296589541580507,self-collision,False,False
177,ground,largebox,world,largebox_link,-0.003209678411143918,0.003209678411143918,object-ground,True,False
177,ground,right_ankle_roll_sphere_5_link,world,right_ankle_roll_sphere_5_link,-0.0007654370242912321,0.0007654370242912321,foot-ground,True,False
177,right_knee_link,right_ankle_roll_link,right_knee_link,right_ankle_roll_link,-0.030832529839703665,0.030832529839703665,self-collision,False,False
177,right_ankle_intermediate_1_link,right_ankle_roll_link,right_ankle_intermediate_1_link,right_ankle_roll_link,-0.002493348754342997,0.002493348754342997,self-collision,False,False
177,ground,left_ankle_roll_link,world,left_ankle_roll_link,-0.0009927202628769068,0.0009927202628769068,foot-ground,True,False
177,left_knee_link,left_ankle_roll_link,left_knee_link,left_ankle_roll_link,-0.0361768065610408,0.0361768065610408,self-collision,False,False
177,ground,right_ankle_roll_sphere_1_link,world,right_ankle_roll_sphere_1_link,-0.00041748232016802344,0.00041748232016802344,foot-ground,True,False
178,ground,right_ankle_roll_sphere_2_link,world,right_ankle_roll_sphere_2_link,-0.00026914450632407796,0.00026914450632407796,foot-ground,True,False
178,pelvis_contour_link,right_hip_roll_link,pelvis_contour_link,right_hip_roll_link,-0.007175375604316275,0.007175375604316275,self-collision,False,False
178,ground,left_ankle_roll_sphere_5_link,world,left_ankle_roll_sphere_5_link,-0.00010708738988890725,0.00010708738988890725,foot-ground,True,False
178,ground,right_ankle_roll_link,world,right_ankle_roll_link,-0.001408655932028005,0.001408655932028005,foot-ground,True,False
178,ground,right_ankle_roll_sphere_3_link,world,right_ankle_roll_sphere_3_link,-0.0009944070991236833,0.0009944070991236833,foot-ground,True,False
178,ground,right_ankle_roll_sphere_4_link,world,right_ankle_roll_sphere_4_link,-0.0004815098042230811,0.0004815098042230811,foot-ground,True,False
178,pelvis_contour_link,left_hip_roll_link,pelvis_contour_link,left_hip_roll_link,-0.004753757088426125,0.004753757088426125,self-collision,False,False
178,ground,largebox,world,largebox_link,-0.0032372118068071387,0.0032372118068071387,object-ground,True,False
178,ground,right_ankle_roll_sphere_5_link,world,right_ankle_roll_sphere_5_link,-0.0007679710092193493,0.0007679710092193493,foot-ground,True,False
178,right_knee_link,right_ankle_roll_link,right_knee_link,right_ankle_roll_link,-0.030542856119181533,0.030542856119181533,self-collision,False,False
178,right_ankle_intermediate_1_link,right_ankle_roll_link,right_ankle_intermediate_1_link,right_ankle_roll_link,-0.002456675000267805,0.002456675000267805,self-collision,False,False
178,ground,left_ankle_roll_link,world,left_ankle_roll_link,-0.0009988601098430486,0.0009988601098430486,foot-ground,True,False
178,left_knee_link,left_ankle_roll_link,left_knee_link,left_ankle_roll_link,-0.03539492062873284,0.03539492062873284,self-collision,False,False
178,ground,right_ankle_roll_sphere_1_link,world,right_ankle_roll_sphere_1_link,-0.0006965589187412453,0.0006965589187412453,foot-ground,True,False
179,ground,right_ankle_roll_sphere_2_link,world,right_ankle_roll_sphere_2_link,-0.0002958316664948791,0.0002958316664948791,foot-ground,True,False
179,pelvis_contour_link,right_hip_roll_link,pelvis_contour_link,right_hip_roll_link,-0.006403349791789609,0.006403349791789609,self-collision,False,False
179,ground,left_ankle_roll_sphere_5_link,world,left_ankle_roll_sphere_5_link,-1.91348857179292e-05,1.91348857179292e-05,foot-ground,True,False
179,ground,right_ankle_roll_link,world,right_ankle_roll_link,-0.001421563108404869,0.001421563108404869,foot-ground,True,False
179,ground,right_ankle_roll_sphere_3_link,world,right_ankle_roll_sphere_3_link,-0.0009975431901297098,0.0009975431901297098,foot-ground,True,False
179,ground,right_ankle_roll_sphere_4_link,world,right_ankle_roll_sphere_4_link,-0.0008618060009835246,0.0008618060009835246,foot-ground,True,False
179,pelvis_contour_link,left_hip_roll_link,pelvis_contour_link,left_hip_roll_link,-0.004175889686454437,0.004175889686454437,self-collision,False,False
179,ground,largebox,world,largebox_link,-0.0032177457428858303,0.0032177457428858303,object-ground,True,False
179,ground,right_ankle_roll_sphere_5_link,world,right_ankle_roll_sphere_5_link,-0.0009975905681351453,0.0009975905681351453,foot-ground,True,False
179,right_knee_link,right_ankle_roll_link,right_knee_link,right_ankle_roll_link,-0.030067009205268586,0.030067009205268586,self-collision,False,False
179,right_ankle_intermediate_1_link,right_ankle_roll_link,right_ankle_intermediate_1_link,right_ankle_roll_link,-0.002303472343496593,0.002303472343496593,self-collision,False,False
179,ground,left_ankle_roll_link,world,left_ankle_roll_link,-0.000999807906265783,0.000999807906265783,foot-ground,True,False
179,left_knee_link,left_ankle_roll_link,left_knee_link,left_ankle_roll_link,-0.034584783415124803,0.034584783415124803,self-collision,False,False
179,ground,right_ankle_roll_sphere_1_link,world,right_ankle_roll_sphere_1_link,-0.00040894599078336504,0.00040894599078336504,foot-ground,True,False
180,ground,right_ankle_roll_sphere_2_link,world,right_ankle_roll_sphere_2_link,-0.0002952238815798194,0.0002952238815798194,foot-ground,True,False
180,pelvis_contour_link,right_hip_roll_link,pelvis_contour_link,right_hip_roll_link,-0.004848650404497751,0.004848650404497751,self-collision,False,False
180,ground,right_ankle_roll_link,world,right_ankle_roll_link,-0.0014212167531885353,0.0014212167531885353,foot-ground,True,False
180,ground,right_ankle_roll_sphere_3_link,world,right_ankle_roll_sphere_3_link,-0.0009972279698914196,0.0009972279698914196,foot-ground,True,False
180,ground,right_ankle_roll_sphere_4_link,world,right_ankle_roll_sphere_4_link,-0.0008612805639633949,0.0008612805639633949,foot-ground,True,False
180,pelvis_contour_link,left_hip_roll_link,pelvis_contour_link,left_hip_roll_link,-0.0033022106041129956,0.0033022106041129956,self-collision,False,False
180,ground,largebox,world,largebox_link,-0.0032865042744878725,0.0032865042744878725,object-ground,True,False
180,ground,right_ankle_roll_sphere_5_link,world,right_ankle_roll_sphere_5_link,-0.0009971819884424136,0.0009971819884424136,foot-ground,True,False
180,right_knee_link,right_ankle_roll_link,right_knee_link,right_ankle_roll_link,-0.02984692369222175,0.02984692369222175,self-collision,False,False
180,right_ankle_intermediate_1_link,right_ankle_roll_link,right_ankle_intermediate_1_link,right_ankle_roll_link,-0.0022937044577663324,0.0022937044577663324,self-collision,False,False
180,ground,left_ankle_roll_link,world,left_ankle_roll_link,-0.000999515709202127,0.000999515709202127,foot-ground,True,False
180,left_knee_link,left_ankle_roll_link,left_knee_link,left_ankle_roll_link,-0.03346965156282511,0.03346965156282511,self-collision,False,False
180,ground,right_ankle_roll_sphere_1_link,world,right_ankle_roll_sphere_1_link,-0.0004085133865198388,0.0004085133865198388,foot-ground,True,False
181,ground,right_ankle_roll_sphere_2_link,world,right_ankle_roll_sphere_2_link,-0.00029437738155023343,0.00029437738155023343,foot-ground,True,False
181,pelvis_contour_link,right_hip_roll_link,pelvis_contour_link,right_hip_roll_link,-0.0038143038119240052,0.0038143038119240052,self-collision,False,False
181,ground,left_ankle_roll_sphere_5_link,world,left_ankle_roll_sphere_5_link,-5.2503437362838405e-05,5.2503437362838405e-05,foot-ground,True,False
181,left_ankle_intermediate_1_link,left_ankle_roll_link,left_ankle_intermediate_1_link,left_ankle_roll_link,-0.0022249927804844083,0.0022249927804844083,self-collision,False,False
181,ground,right_ankle_roll_link,world,right_ankle_roll_link,-0.0014202101071398715,0.0014202101071398715,foot-ground,True,False
181,ground,right_ankle_roll_sphere_3_link,world,right_ankle_roll_sphere_3_link,-0.0009961611799274598,0.0009961611799274598,foot-ground,True,False
181,ground,right_ankle_roll_sphere_4_link,world,right_ankle_roll_sphere_4_link,-0.0008605023825061535,0.0008605023825061535,foot-ground,True,False
181,pelvis_contour_link,left_hip_roll_link,pelvis_contour_link,left_hip_roll_link,-0.002238153624920511,0.002238153624920511,self-collision,False,False
181,ground,largebox,world,largebox_link,-0.0033173785393516286,0.0033173785393516286,object-ground,True,False
181,ground,right_ankle_roll_sphere_5_link,world,right_ankle_roll_sphere_5_link,-0.000996264710715753,0.000996264710715753,foot-ground,True,False
181,right_knee_link,right_ankle_roll_link,right_knee_link,right_ankle_roll_link,-0.0295873412705564,0.0295873412705564,self-collision,False,False
181,right_ankle_intermediate_1_link,right_ankle_roll_link,right_ankle_intermediate_1_link,right_ankle_roll_link,-0.0023420977436497403,0.0023420977436497403,self-collision,False,False
181,ground,left_ankle_roll_link,world,left_ankle_roll_link,-0.000999408638500135,0.000999408638500135,foot-ground,True,False
181,left_knee_link,left_ankle_roll_link,left_knee_link,left_ankle_roll_link,-0.032246265458036744,0.032246265458036744,self-collision,False,False
181,ground,right_ankle_roll_sphere_1_link,world,right_ankle_roll_sphere_1_link,-0.0004074263794013209,0.0004074263794013209,foot-ground,True,False
182,ground,right_ankle_roll_sphere_2_link,world,right_ankle_roll_sphere_2_link,-0.0002939140019051238,0.0002939140019051238,foot-ground,True,False
182,pelvis_contour_link,right_hip_roll_link,pelvis_contour_link,right_hip_roll_link,-0.001790290161314101,0.001790290161314101,self-collision,False,False
182,ground,left_ankle_roll_sphere_5_link,world,left_ankle_roll_sphere_5_link,-0.00010611044263607577,0.00010611044263607577,foot-ground,True,False
182,left_ankle_intermediate_1_link,left_ankle_roll_link,left_ankle_intermediate_1_link,left_ankle_roll_link,-0.0022648215483159206,0.0022648215483159206,self-collision,False,False
182,ground,right_ankle_roll_link,world,right_ankle_roll_link,-0.0014198815903258659,0.0014198815903258659,foot-ground,True,False
182,ground,right_ankle_roll_sphere_3_link,world,right_ankle_roll_sphere_3_link,-0.0009958596031496977,0.0009958596031496977,foot-ground,True,False
182,ground,right_ankle_roll_sphere_4_link,world,right_ankle_roll_sphere_4_link,-0.0008600500265932972,0.0008600500265932972,foot-ground,True,False
182,pelvis_contour_link,left_hip_roll_link,pelvis_contour_link,left_hip_roll_link,-0.0005926939048153529,0.0005926939048153529,self-collision,False,False
182,ground,largebox,world,largebox_link,-0.003268673999005517,0.003268673999005517,object-ground,True,False
182,ground,right_ankle_roll_sphere_5_link,world,right_ankle_roll_sphere_5_link,-0.0009958905195069324,0.0009958905195069324,foot-ground,True,False
182,right_knee_link,right_ankle_roll_link,right_knee_link,right_ankle_roll_link,-0.029427211570944467,0.029427211570944467,self-collision,False,False
182,right_ankle_intermediate_1_link,right_ankle_roll_link,right_ankle_intermediate_1_link,right_ankle_roll_link,-0.002279458371366616,0.002279458371366616,self-collision,False,False
182,ground,left_ankle_roll_link,world,left_ankle_roll_link,-0.0009950013994065796,0.0009950013994065796,foot-ground,True,False
182,left_knee_link,left_ankle_roll_link,left_knee_link,left_ankle_roll_link,-0.030871231612847022,0.030871231612847022,self-collision,False,False
182,ground,right_ankle_roll_sphere_1_link,world,right_ankle_roll_sphere_1_link,-0.00040708864903545635,0.00040708864903545635,foot-ground,True,False
183,ground,right_ankle_roll_sphere_2_link,world,right_ankle_roll_sphere_2_link,-0.0002939972358862791,0.0002939972358862791,foot-ground,True,False
183,left_ankle_intermediate_1_link,left_ankle_roll_link,left_ankle_intermediate_1_link,left_ankle_roll_link,-0.002189550743060875,0.002189550743060875,self-collision,False,False
183,ground,right_ankle_roll_link,world,right_ankle_roll_link,-0.0014200852249323034,0.0014200852249323034,foot-ground,True,False
183,ground,right_ankle_roll_sphere_3_link,world,right_ankle_roll_sphere_3_link,-0.0009961027780492375,0.0009961027780492375,foot-ground,True,False
183,ground,right_ankle_roll_sphere_4_link,world,right_ankle_roll_sphere_4_link,-0.0008600983132633485,0.0008600983132633485,foot-ground,True,False
183,ground,largebox,world,largebox_link,-0.003248747666651869,0.003248747666651869,object-ground,True,False
183,ground,right_ankle_roll_sphere_5_link,world,right_ankle_roll_sphere_5_link,-0.000996034049512282,0.000996034049512282,foot-ground,True,False
183,right_knee_link,right_ankle_roll_link,right_knee_link,right_ankle_roll_link,-0.029406736565616265,0.029406736565616265,self-collision,False,False
183,right_ankle_intermediate_1_link,right_ankle_roll_link,right_ankle_intermediate_1_link,right_ankle_roll_link,-0.0022616400922465946,0.0022616400922465946,self-collision,False,False
183,left_knee_link,left_ankle_roll_link,left_knee_link,left_ankle_roll_link,-0.029746072250910527,0.029746072250910527,self-collision,False,False
183,ground,right_ankle_roll_sphere_1_link,world,right_ankle_roll_sphere_1_link,-0.00040733428987451813,0.00040733428987451813,foot-ground,True,False
184,ground,right_ankle_roll_sphere_2_link,world,right_ankle_roll_sphere_2_link,-0.0002933922260680696,0.0002933922260680696,foot-ground,True,False
184,left_ankle_intermediate_1_link,left_ankle_roll_link,left_ankle_intermediate_1_link,left_ankle_roll_link,-0.00216475033530375,0.00216475033530375,self-collision,False,False
184,ground,right_ankle_roll_link,world,right_ankle_roll_link,-0.0014194661862873756,0.0014194661862873756,foot-ground,True,False
184,ground,right_ankle_roll_sphere_3_link,world,right_ankle_roll_sphere_3_link,-0.000995593053483147,0.000995593053483147,foot-ground,True,False
184,ground,right_ankle_roll_sphere_4_link,world,right_ankle_roll_sphere_4_link,-0.0008591679584086407,0.0008591679584086407,foot-ground,True,False
184,ground,largebox,world,largebox_link,-0.003252260322485906,0.003252260322485906,object-ground,True,False
184,ground,right_ankle_roll_sphere_5_link,world,right_ankle_roll_sphere_5_link,-0.0009952798577415939,0.0009952798577415939,foot-ground,True,False
184,right_knee_link,right_ankle_roll_link,right_knee_link,right_ankle_roll_link,-0.029472019520997733,0.029472019520997733,self-collision,False,False
184,right_ankle_intermediate_1_link,right_ankle_roll_link,right_ankle_intermediate_1_link,right_ankle_roll_link,-0.0021936087848723612,0.0021936087848723612,self-collision,False,False
184,left_knee_link,left_ankle_roll_link,left_knee_link,left_ankle_roll_link,-0.029453711168272195,0.029453711168272195,self-collision,False,False
184,ground,right_ankle_roll_sphere_1_link,world,right_ankle_roll_sphere_1_link,-0.00040707980529682605,0.00040707980529682605,foot-ground,True,False
185,ground,right_ankle_roll_sphere_2_link,world,right_ankle_roll_sphere_2_link,-0.0006834630061558203,0.0006834630061558203,foot-ground,True,False
185,left_ankle_intermediate_1_link,left_ankle_roll_link,left_ankle_intermediate_1_link,left_ankle_roll_link,-0.002093324288345119,0.002093324288345119,self-collision,False,False
185,ground,right_ankle_roll_link,world,right_ankle_roll_link,-0.0014469404357891173,0.0014469404357891173,foot-ground,True,False
185,ground,right_ankle_roll_sphere_3_link,world,right_ankle_roll_sphere_3_link,-0.0009944165345805228,0.0009944165345805228,foot-ground,True,False
185,ground,right_ankle_roll_sphere_4_link,world,right_ankle_roll_sphere_4_link,-0.0006217303718253553,0.0006217303718253553,foot-ground,True,False
185,ground,largebox,world,largebox_link,-0.003276638306620089,0.003276638306620089,object-ground,True,False
185,ground,right_ankle_roll_sphere_5_link,world,right_ankle_roll_sphere_5_link,-0.0008044645762498954,0.0008044645762498954,foot-ground,True,False
185,right_knee_link,right_ankle_roll_link,right_knee_link,right_ankle_roll_link,-0.029423005196981267,0.029423005196981267,self-collision,False,False
185,right_ankle_intermediate_1_link,right_ankle_roll_link,right_ankle_intermediate_1_link,right_ankle_roll_link,-0.0021904083821501913,0.0021904083821501913,self-collision,False,False
185,left_knee_link,left_ankle_roll_link,left_knee_link,left_ankle_roll_link,-0.02927225667675043,0.02927225667675043,self-collision,False,False
185,ground,right_ankle_roll_sphere_1_link,world,right_ankle_roll_sphere_1_link,-0.000994034808451792,0.000994034808451792,foot-ground,True,False
186,ground,right_ankle_roll_sphere_2_link,world,right_ankle_roll_sphere_2_link,-0.0009464175999888197,0.0009464175999888197,foot-ground,True,False
186,left_ankle_intermediate_1_link,left_ankle_roll_link,left_ankle_intermediate_1_link,left_ankle_roll_link,-0.002357670951215099,0.002357670951215099,self-collision,False,False
186,ground,right_ankle_roll_link,world,right_ankle_roll_link,-0.0013825333915597725,0.0013825333915597725,foot-ground,True,False
186,ground,right_ankle_roll_sphere_3_link,world,right_ankle_roll_sphere_3_link,-0.0005898612572449195,0.0005898612572449195,foot-ground,True,False
186,ground,right_ankle_roll_sphere_4_link,world,right_ankle_roll_sphere_4_link,-0.0005896373847109363,0.0005896373847109363,foot-ground,True,False
186,ground,largebox,world,largebox_link,-0.0032708946587824417,0.0032708946587824417,object-ground,True,False
186,ground,right_ankle_roll_sphere_5_link,world,right_ankle_roll_sphere_5_link,-0.0005477773728328221,0.0005477773728328221,foot-ground,True,False
186,right_knee_link,right_ankle_roll_link,right_knee_link,right_ankle_roll_link,-0.02905567412743884,0.02905567412743884,self-collision,False,False
186,right_ankle_intermediate_1_link,right_ankle_roll_link,right_ankle_intermediate_1_link,right_ankle_roll_link,-0.0020212536450133073,0.0020212536450133073,self-collision,False,False
186,left_knee_link,left_ankle_roll_link,left_knee_link,left_ankle_roll_link,-0.024333210406976585,0.024333210406976585,self-collision,False,False
186,ground,right_ankle_roll_sphere_1_link,world,right_ankle_roll_sphere_1_link,-0.0009466041604338079,0.0009466041604338079,foot-ground,True,False
187,ground,right_ankle_roll_sphere_2_link,world,right_ankle_roll_sphere_2_link,-0.0009773188816018822,0.0009773188816018822,foot-ground,True,False
187,left_ankle_intermediate_1_link,left_ankle_roll_link,left_ankle_intermediate_1_link,left_ankle_roll_link,-0.002350640067678905,0.002350640067678905,self-collision,False,False
187,ground,right_ankle_roll_link,world,right_ankle_roll_link,-0.0014396919597897094,0.0014396919597897094,foot-ground,True,False
187,ground,right_ankle_roll_sphere_3_link,world,right_ankle_roll_sphere_3_link,-0.0005108117678850185,0.0005108117678850185,foot-ground,True,False
187,ground,right_ankle_roll_sphere_4_link,world,right_ankle_roll_sphere_4_link,-0.0009712572377993138,0.0009712572377993138,foot-ground,True,False
187,ground,largebox,world,largebox_link,-0.003246855073097632,0.003246855073097632,object-ground,True,False
187,ground,right_ankle_roll_sphere_5_link,world,right_ankle_roll_sphere_5_link,-0.0007358071970034906,0.0007358071970034906,foot-ground,True,False
187,right_knee_link,right_ankle_roll_link,right_knee_link,right_ankle_roll_link,-0.028865021544307007,0.028865021544307007,self-collision,False,False
187,right_ankle_intermediate_1_link,right_ankle_roll_link,right_ankle_intermediate_1_link,right_ankle_roll_link,-0.0020544178582260764,0.0020544178582260764,self-collision,False,False
187,left_knee_link,left_ankle_roll_link,left_knee_link,left_ankle_roll_link,-0.024050637606298428,0.024050637606298428,self-collision,False,False
187,ground,right_ankle_roll_sphere_1_link,world,right_ankle_roll_sphere_1_link,-0.0005936143233399712,0.0005936143233399712,foot-ground,True,False
188,ground,right_ankle_roll_sphere_2_link,world,right_ankle_roll_sphere_2_link,-0.0009522348966950816,0.0009522348966950816,foot-ground,True,False
188,left_ankle_intermediate_1_link,left_ankle_roll_link,left_ankle_intermediate_1_link,left_ankle_roll_link,-0.0024318885971127274,0.0024318885971127274,self-collision,False,False
188,ground,right_ankle_roll_link,world,right_ankle_roll_link,-0.0014108318936670687,0.0014108318936670687,foot-ground,True,False
188,ground,right_ankle_roll_sphere_3_link,world,right_ankle_roll_sphere_3_link,-0.000511720690988089,0.000511720690988089,foot-ground,True,False
188,ground,right_ankle_roll_sphere_4_link,world,right_ankle_roll_sphere_4_link,-0.0009461643001665949,0.0009461643001665949,foot-ground,True,False
188,ground,largebox,world,largebox_link,-0.0032757478639100224,0.0032757478639100224,object-ground,True,False
188,ground,right_ankle_roll_sphere_5_link,world,right_ankle_roll_sphere_5_link,-0.0007239690566800848,0.0007239690566800848,foot-ground,True,False
188,right_knee_link,right_ankle_roll_link,right_knee_link,right_ankle_roll_link,-0.028416453324482838,0.028416453324482838,self-collision,False,False
188,right_ankle_intermediate_1_link,right_ankle_roll_link,right_ankle_intermediate_1_link,right_ankle_roll_link,-0.002108322199008167,0.002108322199008167,self-collision,False,False
188,left_knee_link,left_ankle_roll_link,left_knee_link,left_ankle_roll_link,-0.024189420006936663,0.024189420006936663,self-collision,False,False
188,ground,right_ankle_roll_sphere_1_link,world,right_ankle_roll_sphere_1_link,-0.0005901985557129957,0.0005901985557129957,foot-ground,True,False
189,ground,right_ankle_roll_sphere_2_link,world,right_ankle_roll_sphere_2_link,-0.00043448547652287766,0.00043448547652287766,foot-ground,True,False
189,left_ankle_intermediate_1_link,left_ankle_roll_link,left_ankle_intermediate_1_link,left_ankle_roll_link,-0.002918597272719675,0.002918597272719675,self-collision,False,False
189,right_hip_yaw_link,right_rubber_hand_link,right_hip_yaw_link,right_rubber_hand_link,-0.002303665096328178,0.002303665096328178,self-collision,False,False
189,ground,right_ankle_roll_link,world,right_ankle_roll_link,-0.0013815189109203131,0.0013815189109203131,foot-ground,True,False
189,ground,right_ankle_roll_sphere_3_link,world,right_ankle_roll_sphere_3_link,-0.000966728473535231,0.000966728473535231,foot-ground,True,False
189,ground,right_ankle_roll_sphere_4_link,world,right_ankle_roll_sphere_4_link,-0.0008555620429144149,0.0008555620429144149,foot-ground,True,False
189,ground,largebox,world,largebox_link,-0.0032510369856921795,0.0032510369856921795,object-ground,True,False
189,ground,right_ankle_roll_sphere_5_link,world,right_ankle_roll_sphere_5_link,-0.0009617735447671706,0.0009617735447671706,foot-ground,True,False
189,right_knee_link,right_ankle_roll_link,right_knee_link,right_ankle_roll_link,-0.02794876033473251,0.02794876033473251,self-collision,False,False
189,right_ankle_intermediate_1_link,right_ankle_roll_link,right_ankle_intermediate_1_link,right_ankle_roll_link,-0.002071824806493955,0.002071824806493955,self-collision,False,False
189,left_knee_link,left_ankle_roll_link,left_knee_link,left_ankle_roll_link,-0.024905137633178726,0.024905137633178726,self-collision,False,False
189,ground,right_ankle_roll_sphere_1_link,world,right_ankle_roll_sphere_1_link,-0.0005271241687068917,0.0005271241687068917,foot-ground,True,False
190,ground,right_ankle_roll_sphere_2_link,world,right_ankle_roll_sphere_2_link,-0.0005533941579231446,0.0005533941579231446,foot-ground,True,False
190,left_ankle_intermediate_1_link,left_ankle_roll_link,left_ankle_intermediate_1_link,left_ankle_roll_link,-0.0031846206691882872,0.0031846206691882872,self-collision,False,False
190,ground,right_ankle_roll_link,world,right_ankle_roll_link,-0.0013976015169348058,0.0013976015169348058,foot-ground,True,False
190,ground,right_ankle_roll_sphere_3_link,world,right_ankle_roll_sphere_3_link,-0.0009856262908660247,0.0009856262908660247,foot-ground,True,False
190,ground,right_ankle_roll_sphere_4_link,world,right_ankle_roll_sphere_4_link,-0.0008988776340167438,0.0008988776340167438,foot-ground,True,False
190,ground,largebox,world,largebox_link,-0.00328116008836285,0.00328116008836285,object-ground,True,False
190,ground,right_ankle_roll_sphere_5_link,world,right_ankle_roll_sphere_5_link,-0.000983747554303859,0.000983747554303859,foot-ground,True,False
190,right_knee_link,right_ankle_roll_link,right_knee_link,right_ankle_roll_link,-0.02740510975150348,0.02740510975150348,self-collision,False,False
190,right_ankle_intermediate_1_link,right_ankle_roll_link,right_ankle_intermediate_1_link,right_ankle_roll_link,-0.0022790024617139193,0.0022790024617139193,self-collision,False,False
190,left_knee_link,left_ankle_roll_link,left_knee_link,left_ankle_roll_link,-0.02551243177555501,0.02551243177555501,self-collision,False,False
190,ground,right_ankle_roll_sphere_1_link,world,right_ankle_roll_sphere_1_link,-0.0006256847052975431,0.0006256847052975431,foot-ground,True,False
191,ground,right_ankle_roll_sphere_2_link,world,right_ankle_roll_sphere_2_link,-0.0005612292959562342,0.0005612292959562342,foot-ground,True,False
191,left_ankle_intermediate_1_link,left_ankle_roll_link,left_ankle_intermediate_1_link,left_ankle_roll_link,-0.003228598910598207,0.003228598910598207,self-collision,False,False
191,ground,right_ankle_roll_link,world,right_ankle_roll_link,-0.001404888937016003,0.001404888937016003,foot-ground,True,False
191,ground,right_ankle_roll_sphere_3_link,world,right_ankle_roll_sphere_3_link,-0.00099252580522607,0.00099252580522607,foot-ground,True,False
191,ground,right_ankle_roll_sphere_4_link,world,right_ankle_roll_sphere_4_link,-0.000907530587614276,0.000907530587614276,foot-ground,True,False
191,ground,largebox,world,largebox_link,-0.003271797423049755,0.003271797423049755,object-ground,True,False
191,ground,right_ankle_roll_sphere_5_link,world,right_ankle_roll_sphere_5_link,-0.0009916028112977064,0.0009916028112977064,foot-ground,True,False
191,right_knee_link,right_ankle_roll_link,right_knee_link,right_ankle_roll_link,-0.026749547063599,0.026749547063599,self-collision,False,False
191,right_ankle_intermediate_1_link,right_ankle_roll_link,right_ankle_intermediate_1_link,right_ankle_roll_link,-0.002458847014156773,0.002458847014156773,self-collision,False,False
191,left_knee_link,left_ankle_roll_link,left_knee_link,left_ankle_roll_link,-0.02593436431934787,0.02593436431934787,self-collision,False,False
191,ground,right_ankle_roll_sphere_1_link,world,right_ankle_roll_sphere_1_link,-0.0006320586439660615,0.0006320586439660615,foot-ground,True,False
192,ground,right_ankle_roll_sphere_2_link,world,right_ankle_roll_sphere_2_link,-0.0005154232681785905,0.0005154232681785905,foot-ground,True,False
192,left_ankle_intermediate_1_link,left_ankle_roll_link,left_ankle_intermediate_1_link,left_ankle_roll_link,-0.0031619923842780284,0.0031619923842780284,self-collision,False,False
192,ground,right_ankle_roll_link,world,right_ankle_roll_link,-0.0014033870378114613,0.0014033870378114613,foot-ground,True,False
192,ground,right_ankle_roll_sphere_3_link,world,right_ankle_roll_sphere_3_link,-0.0009951973697568664,0.0009951973697568664,foot-ground,True,False
192,ground,right_ankle_roll_sphere_4_link,world,right_ankle_roll_sphere_4_link,-0.0006562256791141008,0.0006562256791141008,foot-ground,True,False
192,ground,largebox,world,largebox_link,-0.0032728570565166704,0.0032728570565166704,object-ground,True,False
192,ground,right_ankle_roll_sphere_5_link,world,right_ankle_roll_sphere_5_link,-0.0008455997658263553,0.0008455997658263553,foot-ground,True,False
192,right_knee_link,right_ankle_roll_link,right_knee_link,right_ankle_roll_link,-0.02538485340028282,0.02538485340028282,self-collision,False,False
192,right_ankle_intermediate_1_link,right_ankle_roll_link,right_ankle_intermediate_1_link,right_ankle_roll_link,-0.002602966194487036,0.002602966194487036,self-collision,False,False
192,left_knee_link,left_ankle_roll_link,left_knee_link,left_ankle_roll_link,-0.027925170623023826,0.027925170623023826,self-collision,False,False
192,ground,right_ankle_roll_sphere_1_link,world,right_ankle_roll_sphere_1_link,-0.0007978996770475573,0.0007978996770475573,foot-ground,True,False
193,ground,right_ankle_roll_sphere_2_link,world,right_ankle_roll_sphere_2_link,-0.00048264698943270134,0.00048264698943270134,foot-ground,True,False
193,left_ankle_intermediate_1_link,left_ankle_roll_link,left_ankle_intermediate_1_link,left_ankle_roll_link,-0.003080750801813345,0.003080750801813345,self-collision,False,False
193,ground,right_ankle_roll_link,world,right_ankle_roll_link,-0.0014250894041685572,0.0014250894041685572,foot-ground,True,False
193,ground,right_ankle_roll_sphere_3_link,world,right_ankle_roll_sphere_3_link,-0.0009974689806283533,0.0009974689806283533,foot-ground,True,False
193,ground,right_ankle_roll_sphere_4_link,world,right_ankle_roll_sphere_4_link,-0.0005389678617241265,0.0005389678617241265,foot-ground,True,False
193,ground,largebox,world,largebox_link,-0.0032953839276314845,0.0032953839276314845,object-ground,True,False
193,ground,right_ankle_roll_sphere_5_link,world,right_ankle_roll_sphere_5_link,-0.0007793395151605665,0.0007793395151605665,foot-ground,True,False
193,right_knee_link,right_ankle_roll_link,right_knee_link,right_ankle_roll_link,-0.02540713461602445,0.02540713461602445,self-collision,False,False
193,right_ankle_intermediate_1_link,right_ankle_roll_link,right_ankle_intermediate_1_link,right_ankle_roll_link,-0.0027861539553642317,0.0027861539553642317,self-collision,False,False
193,left_knee_link,left_ankle_roll_link,left_knee_link,left_ankle_roll_link,-0.02867319615541658,0.02867319615541658,self-collision,False,False
193,ground,right_ankle_roll_sphere_1_link,world,right_ankle_roll_sphere_1_link,-0.0008647312551862225,0.0008647312551862225,foot-ground,True,False
194,ground,right_ankle_roll_sphere_2_link,world,right_ankle_roll_sphere_2_link,-8.564902643488827e-05,8.564902643488827e-05,foot-ground,True,False
194,left_ankle_intermediate_1_link,left_ankle_roll_link,left_ankle_intermediate_1_link,left_ankle_roll_link,-0.003198949119421979,0.003198949119421979,self-collision,False,False
194,ground,right_ankle_roll_link,world,right_ankle_roll_link,-0.001413757444565622,0.001413757444565622,foot-ground,True,False
194,ground,right_ankle_roll_sphere_3_link,world,right_ankle_roll_sphere_3_link,-0.0009986243878057693,0.0009986243878057693,foot-ground,True,False
194,ground,right_ankle_roll_sphere_4_link,world,right_ankle_roll_sphere_4_link,-0.0003783951540388677,0.0003783951540388677,foot-ground,True,False
194,ground,largebox,world,largebox_link,-0.0033404760773517728,0.0033404760773517728,object-ground,True,False
194,ground,right_ankle_roll_sphere_5_link,world,right_ankle_roll_sphere_5_link,-0.0007290311705793256,0.0007290311705793256,foot-ground,True,False
194,right_knee_link,right_ankle_roll_link,right_knee_link,right_ankle_roll_link,-0.02525777449057895,0.02525777449057895,self-collision,False,False
194,right_ankle_intermediate_1_link,right_ankle_roll_link,right_ankle_intermediate_1_link,right_ankle_roll_link,-0.0028433817217672352,0.0028433817217672352,self-collision,False,False
194,ground,left_ankle_roll_link,world,left_ankle_roll_link,-0.0006685523933793666,0.0006685523933793666,foot-ground,True,False
194,left_knee_link,left_ankle_roll_link,left_knee_link,left_ankle_roll_link,-0.028938992339068742,0.028938992339068742,self-collision,False,False
194,left_hip_roll_link,left_rubber_hand_link,left_hip_roll_link,left_rubber_hand_link,-0.005291833677056795,0.005291833677056795,self-collision,False,False
194,ground,right_ankle_roll_sphere_1_link,world,right_ankle_roll_sphere_1_link,-0.0006025067212406384,0.0006025067212406384,foot-ground,True,False
195,left_ankle_intermediate_1_link,left_ankle_roll_link,left_ankle_intermediate_1_link,left_ankle_roll_link,-0.0030476804114802497,0.0030476804114802497,self-collision,False,False
195,ground,right_ankle_roll_link,world,right_ankle_roll_link,-0.0012041849608235913,0.0012041849608235913,foot-ground,True,False
195,ground,right_ankle_roll_sphere_3_link,world,right_ankle_roll_sphere_3_link,-0.0007728256486795549,0.0007728256486795549,foot-ground,True,False
195,ground,left_ankle_roll_sphere_2_link,world,left_ankle_roll_sphere_2_link,-0.000961500768132238,0.000961500768132238,foot-ground,True,False
195,left_hip_roll_link,left_wrist_yaw_link,left_hip_roll_link,left_wrist_yaw_link,-0.0009029791684381921,0.0009029791684381921,self-collision,False,False
195,ground,largebox,world,largebox_link,-0.003311939486839499,0.003311939486839499,object-ground,True,False
195,ground,right_ankle_roll_sphere_5_link,world,right_ankle_roll_sphere_5_link,-1.9976619458183208e-05,1.9976619458183208e-05,foot-ground,True,False
195,right_knee_link,right_ankle_roll_link,right_knee_link,right_ankle_roll_link,-0.02469490361816605,0.02469490361816605,self-collision,False,False
195,right_ankle_intermediate_1_link,right_ankle_roll_link,right_ankle_intermediate_1_link,right_ankle_roll_link,-0.0028117936686193473,0.0028117936686193473,self-collision,False,False
195,ground,left_ankle_roll_link,world,left_ankle_roll_link,-0.0019075293758177188,0.0019075293758177188,foot-ground,True,False
195,left_knee_link,left_ankle_roll_link,left_knee_link,left_ankle_roll_link,-0.02910024445564946,0.02910024445564946,self-collision,False,False
195,left_hip_roll_link,left_rubber_hand_link,left_hip_roll_link,left_rubber_hand_link,-0.01586990298680656,0.01586990298680656,self-collision,False,False
195,left_hip_roll_link,left_thumb_link,left_hip_roll_link,left_thumb_link,-0.002387357210079752,0.002387357210079752,self-collision,False,False
