frame_idx,active_event,nearest_trigger,distance_to_trigger,semantic_score,base_budget,final_budget_after_rescue,configured_semantic_refine_iterations,minimum_semantic_refine_iterations,base_sqp_iterations,semantic_refine_iterations,actual_sqp_iterations,convex_solver_calls,semantic_body_parts,frame_wall_time,mesh_time,optimization_time,collision_check_time,jacobian_time,solver_time,coarse_total_cost,final_total_cost,coarse_left_hand_object_error,coarse_right_hand_object_error,semantic_vertex_weight_mean,semantic_vertex_weight_max,semantic_boosted_vertex_count,semantic_weight_l1,semantic_weight_l2,is_critical_interaction_neighborhood,penetration_depth,raw_penetration_depth,raw_penetration_pair_count,expected_contact_penetration_depth,expected_contact_penetration_pair_count,illegal_penetration_depth,illegal_penetration_pair_count,left_hand_box_signed_distance,right_hand_box_signed_distance,self_collision_violation,joint_limit_violation,foot_sticking_error,velocity_limit_violation,final_laplacian_error,left_hand_demo_object_distance,left_hand_robot_object_distance,left_hand_object_error,left_hand_local_laplacian_error,left_hand_object_neighbor_laplacian_error,right_hand_demo_object_distance,right_hand_robot_object_distance,right_hand_object_error,right_hand_local_laplacian_error,right_hand_object_neighbor_laplacian_error,pelvis_robot_position,left_hand_robot_position,right_hand_robot_position
0,,lift,19,2.5261637809256925e-20,50,50,0,0,50,0,50,50,,1.8089057859033346,0.00257235299795866,1.7948228300083429,0.0114783039316535,,1.7948228300083429,1.1843197111200612,1.1843197111200612,,,1.0,1.0,0,0.0,0.0,False,0.0014683117942896062,0.028121296152426145,17,0.0031038711506328753,13,0.0,0,0.08330191633362816,0.14348423131428412,,0.0,0.0,,0.02216287178401527,0.222575568590948,0.261747590605622,0.03917202201467404,0.0673238599442344,0.018941533531892946,0.2745051197479645,0.29032930133646623,0.01582418158850174,0.05567150598183199,0.017795206513540027,0.6347837536785604|0.8022254605390892|0.7704831134259317,0.8535500641405531|0.6324761172535904|0.5958030154155177,0.39922125349784665|0.6539254724494161|0.6124329095519923
1,,lift,18,2.576757109154981e-18,2,2,0,0,2,0,2,2,,0.0921652598772198,0.0027642189525067806,0.07821049191989005,0.011164763942360878,,0.07821049191989005,0.7522796835342794,0.7522796835342794,,,1.0,1.0,0,0.0,0.0,False,0.0008618065140983122,0.02986117164111296,14,0.0031473427068362536,10,0.0,0,0.05648909465402596,0.1167468985500193,,0.0,0.001602318679462273,,0.021507266009788615,0.19466303616604216,0.23410059979236628,0.03943756362632411,0.06194177950250897,0.017485154122083155,0.24702061277048,0.2616260927172897,0.01460547994680969,0.050360143801756664,0.01662527632596058,0.634966888976732|0.8105347363590003|0.7586585046929529,0.8672929556770137|0.6428567156554494|0.5585341868628808,0.38948802865318943|0.651589451840023|0.5742381828494985
2,,lift,17,2.0469717131642043e-16,2,2,0,0,2,0,2,2,,0.09731912892311811,0.0027603921480476856,0.08279319084249437,0.011734311003237963,,0.08279319084249437,0.709602344328849,0.709602344328849,,,1.0,1.0,0,0.0,0.0,False,0.0007487152207827988,0.031437388656473386,13,0.0031186797000378186,9,0.0,0,0.02860719478903917,0.0839065590072785,,0.0,0.0014978421665217195,,0.021087189445256328,0.16702964198679293,0.202932966071004,0.03590332408421107,0.057363093150882165,0.017921863145598006,0.218889967517298,0.2265190818468393,0.007629114329541303,0.04472889725629413,0.016585712127882048,0.6289277224485098|0.8226474256496064|0.7420897088742396,0.8722882118988076|0.6521594976035633|0.5165103220982952,0.3871825105964536|0.6413949335485624|0.5310731163130751
3,,lift,16,1.2664165549094176e-14,2,2,0,0,2,0,2,2,,0.1007931218482554,0.002786271972581744,0.08616043487563729,0.011819709092378616,,0.08616043487563729,0.6998206170528202,0.6998206170528202,,,1.0,1.0,0,0.0,0.0,False,0.0007018770111012138,0.0328528541989456,12,0.003141146459411881,8,0.0,0,0.004958148041380284,0.05140771081711115,,0.0,0.0015619835780543287,,0.021011448692806432,0.14084248028933713,0.16683538439888795,0.025992904109550824,0.05219048139124675,0.018696247419196513,0.19075423092319974,0.19196754400807706,0.001213313084877321,0.03489736616887677,0.01697826045487717,0.6210297949400098|0.837664692260075|0.7208131733401721,0.8783624223808002|0.6549530795325477|0.47193090582124697,0.38664312361107217|0.6272751502309634|0.48529909523863407
4,,lift,15,6.101936677605324e-13,2,2,0,0,2,0,2,2,,0.10465037496760488,0.002776720095425844,0.08988671004772186,0.011960475007072091,,0.08988671004772186,0.7085496583745072,0.7085496583745072,,,1.0,1.0,0,0.0,0.0,False,0.0006260714993968908,0.03436358549959159,12,0.0031371618314882943,7,0.0,0,-0.01047609259449267,0.024137390268547776,,0.0,0.0017885666411128754,,0.02119042076120044,0.11775434054355444,0.13857745438438213,0.02082311384082769,0.046695318316322704,0.01877883826563073,0.16346603677236926,0.16396418394455087,0.0004981471721816066,0.03006702956716749,0.017990794179886947,0.6114696524006547|0.856425911343671|0.6941627244571237,0.8841320130919756|0.6536976876786562|0.43091239002955395,0.38582344185935796|0.6164025512374487|0.4386099492443654
5,,lift,14,2.289734845645553e-11,2,2,0,0,2,0,2,2,,0.10661395103670657,0.002811739919707179,0.09136789990589023,0.012406751979142427,,0.09136789990589023,0.6766850317717439,0.6766850317717439,,,1.0,1.0,0,0.0,0.0,False,0.0010008670982612697,0.036167791746331224,12,0.0031110539474660526,8,0.0,0,-0.018151751295768292,0.008951794349103537,,0.0,0.0015608839938536885,,0.021002829083921495,0.09956860049399487,0.1192094638987996,0.01964086340480474,0.041378817738600644,0.018866397540957144,0.13873854643006756,0.14932867065857738,0.010590124228509828,0.03035751275903562,0.018172175016847997,0.6082095963737044|0.8692279747617605|0.6657605500984335,0.890545225358443|0.6505504520730025|0.3918645542743151,0.3839301644196605|0.6000560874288536|0.39632159337380923
6,,lift,13,6.691586091292782e-10,2,2,0,0,2,0,2,2,,0.11034466698765755,0.0027668168768286705,0.09501553908921778,0.012535242130979896,,0.09501553908921778,0.6992529091391538,0.6992529091391538,,,1.0,1.0,0,0.0,0.0,False,0.0036578880462905528,0.03596268638391392,13,0.0031355946968038007,8,0.0036578880462905528,1,-0.017400105934010313,-0.0036286812678341107,,0.0,0.0015628022324350598,,0.021295095489415886,0.08879512663570269,0.09942560020845251,0.010630473572749821,0.0415662312835575,0.019653698105941923,0.11883766528894972,0.1373073448076454,0.018469679518695672,0.030835580818325548,0.018528863670964874,0.6074562507821675|0.8837596554823388|0.6437505947948661,0.8957232853569064|0.648159672577739|0.35367273351812506,0.38924121589623695|0.586092826612217|0.363767518324596
7,,lift,12,1.522997974471263e-08,2,2,0,0,2,0,2,2,,0.11500831786543131,0.002755498979240656,0.09982581413351,0.012399089056998491,,0.09982581413351,0.7074627970385987,0.7074627970385987,,,1.0,1.0,0,0.0,0.0,False,0.0018857452903573296,0.03566209475692944,11,0.0031557274893412313,6,0.0018857452903573296,1,-0.020145008612081128,-0.010882618161749846,,0.0,0.001396962169584826,,0.021476682015098104,0.08391605980249676,0.0863859747898572,0.002469914987360433,0.03758451731862834,0.019518196820789577,0.10638536290407621,0.11996975972545915,0.013584396821382932,0.03056428062376838,0.018730206637811816,0.6062538915689463|0.8902650156532012|0.6264220759030295,0.897427045285449|0.6391273693405009|0.3190177385036814,0.39679789117385494|0.5730265980672671|0.3310253351934326
8,,lift,11,2.699578503363014e-07,2,2,0,0,2,0,2,2,,0.13989538419991732,0.0027431410271674395,0.12438652710989118,0.01273724203929305,,0.12438652710989118,0.7051894185467226,0.7051894185467226,,,1.0,1.0,0,0.0,0.0,False,0.002305498241134435,0.03620982883466786,11,0.002967420815621097,6,0.002305498241134435,1,-0.015931205081123778,-0.008213483296691138,,0.0,0.0012910031851725292,,0.02140330787140613,0.08027341396293271,0.08595208698073552,0.00567867301780281,0.03744310913310918,0.0192776960309166,0.09965398132270455,0.11184166655337087,0.012187685230666323,0.031058068915877597,0.019146308339215958,0.6033463693646861|0.8956986822384848|0.6108150463755321,0.8988085519123039|0.6328592841767233|0.29184650685421754,0.40218801468729326|0.5626605571483149|0.2969061674420498
9,,lift,10,3.726653172078671e-06,2,2,0,0,2,0,2,2,,0.11886096396483481,0.0028055550064891577,0.10322982096113265,0.012798583833500743,,0.10322982096113265,0.7018754661568866,0.7018754661568866,,,1.0,1.0,0,0.0,0.0,False,0.001533302122629962,0.03686399436899085,11,0.003008943902417044,6,0.001533302122629962,1,-0.00558360861268703,-0.0012594512170061023,,0.0,0.0013383544504652891,,0.021394802621883285,0.078574444051005,0.09613889881150146,0.017564454760496465,0.03753199458127525,0.018929072729802095,0.08475699918663318,0.10273025182010269,0.017973252633469508,0.03297958275018331,0.020030206663700444,0.6081977572619031|0.9000853260807489|0.5968546974538681,0.903390101134821|0.6271762190105515|0.2670946256821265,0.40694880083114465|0.556082220311537|0.26809012084716727
10,,lift,9,4.006529739295107e-05,2,2,0,0,2,0,2,2,,0.12063927412964404,0.0027340520173311234,0.10492982505820692,0.01294861501082778,,0.10492982505820692,0.7104086435643786,0.7104086435643786,,,1.0,1.0,0,0.0,0.0,False,0.0012120535921872622,0.0367984950888785,9,0.002972382152683306,4,0.0012120535921872622,1,0.004879292878303687,0.0006239387669211283,,0.0,0.0013141811688290972,,0.021475314307965763,0.0745574537008932,0.0891784742205152,0.014621020519621997,0.03649702549476431,0.018774687527446012,0.07821379770334051,0.10072394867785564,0.022510150974515128,0.03461866903648352,0.01988608661575895,0.611892174371548|0.902737836666427|0.5861750124589183,0.903620968773634|0.6214196330386529|0.2447267690545019,0.41235959604772493|0.5462624542755335|0.2441712325363451
11,,lift,8,0.00033546262790251185,2,2,0,0,2,0,2,2,,0.12421871395781636,0.002785160206258297,0.10856550303287804,0.012841165997087955,,0.10856550303287804,0.7185037541991662,0.7185037541991662,,,1.0,1.0,0,0.0,0.0,False,0.0011435599984130698,0.037052626931522586,9,0.003018469779875105,4,0.000971860796007043,1,-0.0014729612175496953,-0.014334074497636351,,0.0,0.0013408134528106734,,0.02156262005303591,0.07612232754810105,0.08637155940316564,0.010249231855064586,0.03713989933853254,0.018865829243610854,0.07599210873720244,0.10245389534098337,0.02646178660378093,0.03435310921002296,0.019288706617125076,0.6146328245874043|0.9052677484494823|0.5753828453643128,0.9037712629409472|0.6162757490968863|0.22609088281143963,0.4191528593255201|0.5427896683554365|0.22112135488410525
12,,lift,7,0.002187491118182885,2,2,0,0,2,0,2,2,,0.1300896171014756,0.002850675955414772,0.11383489612489939,0.013375803828239441,,0.11383489612489939,0.7155511447002991,0.7155511447002991,,,1.0,1.0060456816930348,45,0.14011275815615054,0.014877887893157426,False,0.0014291935831762942,0.037635383223029395,9,0.0030128680476467218,4,0.0009096018238385628,1,-0.011268390976342246,-0.026959068545474807,,0.0,0.0013485683581563551,,0.021504909425069295,0.07950557536863648,0.0866347096887249,0.007129134320088423,0.03708262882524741,0.01897567205243847,0.06475706662099791,0.08657827594617827,0.021821209325180363,0.033163365351760024,0.01870801543340103,0.6144015462643112|0.9063629094861062|0.5629226954207671,0.9023915787310268|0.6105824201603325|0.20610032243180046,0.42789949598951615|0.5356223186302664|0.19859231746596795
13,,lift,6,0.011108996538242306,2,2,0,0,2,0,2,2,,0.13230646401643753,0.002842203015461564,0.11597430799156427,0.013462764909490943,,0.11597430799156427,0.7252360728571784,0.7252360728571784,,,0.9999999999999999,1.0305863442666106,45,0.7088591948275378,0.07527028781293757,False,0.0019413384374370873,0.03808676522947227,9,0.003035093538967387,4,0.0019413384374370873,1,-0.019504923012632958,-0.031282005674167834,,0.0,0.0013577642629065856,,0.021629983636286033,0.0731831569668558,0.09061919326315676,0.017436036296300958,0.03624876959686364,0.0186978831971656,0.059706961524533954,0.07836712755000483,0.018660166025470874,0.033858171867067764,0.019341039123435846,0.6161625978845265|0.9081713899687461|0.552521200748751,0.9007993661276581|0.6032472365592682|0.18774304897248117,0.4332060055862218|0.5305185352396825|0.1793806516668744
14,,lift,5,0.04393693362340742,2,2,0,0,2,0,2,2,,0.13698035199195147,0.002890713047236204,0.12014837493188679,0.013899952173233032,,0.12014837493188679,0.7223284206023463,0.7223284206023463,,,1.0,1.1206553182143504,42,2.7101040706607904,0.2920254584353749,False,0.0011979689271751082,0.038729433020937676,10,0.0030380263466471824,4,0.0011979689271751082,1,-0.026153905169444158,-0.037348895088401335,,0.0,0.0013567632018084566,,0.02167966545172178,0.06960966218364845,0.08635705076363508,0.01674738857998663,0.03318674154366468,0.018754708760816276,0.058226961794825144,0.07333208047163112,0.015105118676805973,0.032877289137607374,0.01993210201986786,0.617477104081619|0.9086219837856649|0.5421219575468396,0.8983600128358601|0.5984535133869353|0.17098996716139553,0.43941102049663605|0.5309174281463023|0.15868372146497015
15,,lift,4,0.1353352832366127,2,2,0,0,2,0,2,2,,0.14402425102889538,0.0028194189071655273,0.12670169887132943,0.014470356050878763,,0.12670169887132943,0.7281386624426807,0.7281386624426807,,,1.0,1.3619631041860505,40,7.93673251703633,0.8654578461736607,False,0.0014529146060790893,0.0392517912607519,11,0.002990893649162163,5,0.0012822785530555159,1,-0.03158589980236748,-0.029252933513747692,,0.0,0.001366787772331655,,0.021755336902803082,0.06819076923508341,0.07669197897934342,0.00850120974426001,0.0296534574329654,0.018622442679063073,0.051732893876668254,0.07369541362976827,0.021962519753100013,0.03527336098903365,0.020198464697953986,0.6212623062241263|0.9083105384572718|0.5317780755223578,0.8949915932675772|0.588733545428422|0.15600899642604252,0.43953246018489284|0.5297860077158282|0.1404791184386494
16,,lift,3,0.32465246735834974,2,2,0,0,2,0,2,2,right_hand|left_hand,0.14783041295595467,0.0028711711056530476,0.13048294908367097,0.014447397086769342,,0.13048294908367097,0.7266888794892326,0.7266888794892326,,,1.0000000000000002,1.8171092872517056,39,17.684193051248844,1.9411860553071407,False,0.0016553733687421773,0.03940673817144735,13,0.002996716034210256,5,0.0016553733687421773,4,-0.03999025459300043,-0.02882194720984721,,0.0,0.0013993789306730702,,0.02177831956789657,0.06402632931514866,0.07025257988809794,0.006226250572949274,0.030455702519833653,0.019030616194594244,0.04456511921968228,0.06903817633851736,0.02447305711883508,0.03796373753719619,0.020373156593693927,0.624079579959483|0.9095620406626987|0.5247335437796914,0.8903897362354694|0.5845495275622091|0.14534996689328844,0.44299108332002457|0.5263489660442155|0.13554756998805506
17,,lift,2,0.6065306597126334,2,2,0,0,2,0,2,2,right_hand|left_hand,0.1484299418516457,0.0028210170567035675,0.13115445408038795,0.014426379930227995,,0.13115445408038795,0.7430787733380415,0.7430787733380415,,,0.9999999999999996,2.4060742606442664,38,30.014812930188516,3.318174939919557,False,0.0014241044024379812,0.0389590837469041,15,0.0030182819769577485,6,0.0014241044024379812,5,-0.03209237610634119,-0.02843841212655107,,0.0,0.0014088023432568774,,0.0218519133705817,0.058311006527179424,0.07304735525164309,0.014736348724463666,0.03158690006153687,0.018476080476426765,0.039410877470981445,0.069166960920608,0.02975608344962656,0.04636007421159743,0.020793638545235832,0.6265048403079447|0.9122043308493275|0.5193248092634373,0.8931725387055062|0.5828803893749087|0.13528075112503787,0.44283073730326206|0.5249264060846184|0.13548373697641736
18,,lift,1,0.8824969025845955,2,2,0,0,2,0,2,2,right_hand|left_hand,0.14808781305328012,0.0028525860980153084,0.13070844113826752,0.014497709926217794,,0.13070844113826752,0.7804738023556195,0.7804738023556195,,,1.0,2.924704739715589,36,39.88240640984433,4.478682253291861,False,0.0010556677801737968,0.03878384223468051,15,0.003035532063797697,6,0.0010556677801737968,5,-0.028916673733940357,-0.02917607907784081,,0.0,0.00138295516897456,,0.022032886876966043,0.05258928045085924,0.0708387185236606,0.018249438072801355,0.03595550928337652,0.018485397393381627,0.034969496022889825,0.06909946555368457,0.034129969530794745,0.054733758943704164,0.021595460938543906,0.6257359313597085|0.9118668122130353|0.5164463308444596,0.892084597798014|0.5756556205800645|0.13521593328033538,0.4429186398950455|0.5262554658243319|0.13517486409973212
19,lift,lift,0,1.0,2,2,0,0,2,0,2,2,right_hand|left_hand,0.17128245602361858,0.002878416096791625,0.15385016915388405,0.01452402607537806,,0.15385016915388405,0.8210094661355223,0.8210094661355223,,,0.9999999999999999,3.1355532986265096,35,43.548537854344524,4.932678576958031,False,0.0011383198400882338,0.038755579602557516,15,0.0029856556847730753,6,0.0011383198400882338,5,-0.026804819728187823,-0.02949168206230368,,0.0,0.0013969143248386382,,0.022107553855511056,0.04693967049141904,0.0695094439176576,0.022569773426238567,0.04103399100379224,0.018348745990289152,0.03153757446137274,0.06883202582008278,0.03729445135871005,0.061278923190581,0.021700588327156038,0.6237911525947377|0.9115224713524885|0.514368799379346,0.8910904765223793|0.5713666180667252|0.1353607099458022,0.44317178011947633|0.5267065708022401|0.1350611162738654
20,lift,lift,1,0.8824969025845955,2,2,0,0,2,0,2,2,right_hand|left_hand,0.14709466602653265,0.002817275933921337,0.12994809495285153,0.01430038595572114,,0.12994809495285153,0.8867545266378883,0.8867545266378883,,,0.9999999999999999,2.978486758257618,33,38.97875860099747,4.499267112959043,False,0.0010931312061701198,0.03853024920295847,15,0.0029824674316329125,6,0.0010931312061701198,5,-0.027200071074455323,-0.02909114478976882,,0.0,0.0014081056366940811,,0.022555263600845425,0.042137197001041356,0.0680485723417353,0.02591137534069394,0.05014170609291453,0.019684296737530624,0.030081807189030255,0.06925936339525222,0.03917755620622197,0.0654870112903548,0.021605631055757177,0.6222500582495853|0.9099662592833502|0.5138692172775724,0.8898769467250968|0.569479432377154|0.13619751376171546,0.4427608556981818|0.5257798715617031|0.1349763473071004
21,lift,lift,2,0.6065306597126334,2,2,0,0,2,0,2,2,right_hand|left_hand,0.14939752081409097,0.0028449599631130695,0.13209764193743467,0.014423646964132786,,0.13209764193743467,0.927008044468836,0.927008044468836,,,0.9999999999999996,2.4720529161057283,32,28.46921756196711,3.3202884712313363,False,0.001093128038318139,0.03822545090590948,15,0.0029389578279449546,6,0.001093128038318139,5,-0.02863502389572581,-0.028037923616270888,,0.0,0.0014144807871420994,,0.02294776218322681,0.03866287067761362,0.06666929312772904,0.02800642245011542,0.05496898764483683,0.020059713247452305,0.029937430837878223,0.06963928668070235,0.039701855842824124,0.07060147077857089,0.02227935635118495,0.619827270594461|0.9108641968920895|0.5114197493225944,0.88853677020191|0.5690938597315865|0.13686825096023794,0.4422932633855165|0.522875042815143|0.1350783854222946
22,lift,lift,3,0.32465246735834974,2,2,0,0,2,0,2,2,right_hand|left_hand,0.14717030292376876,0.00283361179754138,0.1300767578650266,0.014228683896362782,,0.1300767578650266,0.9100365449117725,0.9100365449117725,,,1.0,1.8510462625843818,32,16.459069466680457,1.919577117933228,False,0.001704060240471067,0.038123261249746715,15,0.0029502151468231153,6,0.001704060240471067,5,-0.028354300056115278,-0.02671449562717676,,0.0,0.0013936887423897449,,0.02300122077972396,0.03735674281998337,0.06664923184852427,0.029292489028540897,0.05871810181763533,0.020335686591376603,0.03126426443896467,0.07047073005792755,0.03920646561896288,0.07304449141147226,0.021772102206269513,0.6190220117316276|0.9115579757520003|0.5095050486693605,0.8883815378945209|0.5678908187737947|0.13710188428849954,0.441392655719031|0.5193735437873556|0.13520223932041622
23,lift,lift,4,0.25,2,2,0,0,2,0,2,2,right_hand|left_hand,0.1458523590117693,0.0028260969556868076,0.12884038384072483,0.014156980905681849,,0.12884038384072483,0.930212649687949,0.930212649687949,,,1.0000000000000002,1.6695553926077986,32,12.949071282278956,1.510215445792283,False,0.0011115038585488846,0.03814652597331092,15,0.003077930906285109,6,0.0011115038585488846,5,-0.0275518671599162,-0.025127925609391255,,0.0,0.0013809277463621569,,0.023201117481810273,0.036789626405801315,0.06694601166892224,0.03015638526312092,0.06171851528345856,0.02053177599742207,0.032377184243247814,0.07123961525742327,0.038862431014175455,0.07507635044435214,0.021851935867409644,0.6179442704722506|0.9121329015126308|0.5061060992145648,0.8886259596848702|0.5660293235619276|0.13719763815115338,0.44102587550776606|0.5148074235741622|0.13537506460019286
24,lift,lift,5,0.25,2,2,0,0,2,0,2,2,right_hand|left_hand,0.14583527483046055,0.002764355856925249,0.12882268289104104,0.014219571836292744,,0.12882268289104104,0.9455518668503696,0.9455518668503696,,,1.0000000000000002,1.6695553926077986,32,12.949071282278956,1.510215445792283,False,0.0019135547497112354,0.038161048832433014,15,0.003059761113823445,6,0.0019135547497112354,5,-0.02543574879688748,-0.024174993773360853,,0.0,0.0013993918306423041,,0.023307493590047156,0.03570710406711344,0.06692340224394865,0.031216298176835203,0.06279393918154356,0.02062899772194109,0.031150753970617714,0.07193133361827009,0.040780579647652374,0.07684426605359278,0.02178012891630336,0.6164889736355509|0.9117744384821913|0.5040963983301104,0.888289566136428|0.5608047667296715|0.13721857924534722,0.4407951239278623|0.5118512333349056|0.13543617535319108
25,lift,lift,6,0.25,2,2,0,0,2,0,2,2,right_hand|left_hand,0.14569137198850513,0.002820911817252636,0.12875539204105735,0.01408479199744761,,0.12875539204105735,0.9743390897265555,0.9743390897265555,,,1.0,1.6766173803578768,30,12.575075429159256,1.5000886208753708,False,0.0010777306977646645,0.03802469796456284,15,0.00284940048380658,6,0.0010777306977646645,5,-0.025947022638847628,-0.02391414941762271,,0.0,0.0014141416570760622,,0.023431068699713887,0.031443064163288646,0.06699942105380151,0.03555635689051286,0.06779552197613113,0.021038399563506335,0.026889081374842517,0.07136468336638299,0.04447560199154048,0.0783390930811253,0.02225079114198256,0.618713418165277|0.9106793079949002|0.5033575944430313,0.8886099456831088|0.5609584516384338|0.13720207130143075,0.44204647270007263|0.5091785425550922|0.13559900427221935
26,lift,lift,7,0.25,2,2,0,0,2,0,2,2,right_hand|left_hand,0.14840962295420468,0.0028051321860402822,0.1312105800025165,0.01436565793119371,,0.1312105800025165,0.9797785892260056,0.9797785892260056,,,0.9999999999999999,1.6837367826425094,28,12.163087558317866,1.4882267465830386,False,0.0010258103927410361,0.03788291142363784,15,0.0011607672289883075,6,0.0010258103927410361,5,-0.02669140817417137,-0.026929742428349,,0.0,0.001285907837655078,,0.02343600511661007,0.02728719847017925,0.06622046257519477,0.038933264105015526,0.06900538636433354,0.0207690399262509,0.024626742472030148,0.07020342395142447,0.045576681479394324,0.0780945339968272,0.021572869501339062,0.6189415429678122|0.9088983705138337|0.5031370014569333,0.8886894003547937|0.5607726851797086|0.13725096454646263,0.44253963596955176|0.5144801221883138|0.13516158342178886
27,lift,lift,8,0.25,2,2,0,0,2,0,2,2,right_hand|left_hand,0.14632884808816016,0.002873607911169529,0.12893679412081838,0.014488371089100838,,0.12893679412081838,0.9733056770011947,0.9733056770011947,,,1.0,1.6801698610110605,29,12.373859394547384,1.4943794658406537,True,0.001630390717134167,0.037881287159983346,14,0.001630390717134167,5,0.0009953097446074866,5,-0.03195925494301122,-0.028076021031113285,,0.0,0.0013854566387538013,,0.02347353881522817,0.026344933036570133,0.06483282899840097,0.03848789596183083,0.0677409681721741,0.02045233440803059,0.024136155590451434,0.06972204551170331,0.045585889921251885,0.0763239720098306,0.02135167764253661,0.6192228359172648|0.9097493670328395|0.5019386555401033,0.8883446950948184|0.5696005625893765|0.13748800356624732,0.44329826531037014|0.5145331395468224|0.13508550510983985
28,lift,lift,9,0.25,2,2,0,0,2,0,2,2,right_hand|left_hand,0.14638884901069105,0.002815381158143282,0.12885921192355454,0.014682203065603971,,0.12885921192355454,0.9513158117036746,0.9513158117036746,,,1.0,1.6801698610110605,29,12.373859394547384,1.4943794658406537,True,0.001154443929091989,0.03779019407762549,15,0.001154443929091989,6,0.0010466538981149381,5,-0.03233608928412934,-0.029312731782683343,,0.0,0.0014143648960889077,,0.023296145520225478,0.02473398841874053,0.06377303267141912,0.039039044252678595,0.0662767358401476,0.02034755211152163,0.022772098598587653,0.06916383410486185,0.04639173550627419,0.07475119260678056,0.021096956566788626,0.6176215256308076|0.9098648582735713|0.5042359702619736,0.8877363574331851|0.5661845060398096|0.13761925730070002,0.4441138483760629|0.5135775213612332|0.13500352240360886
29,lift,lift,10,0.25,2,2,0,0,2,0,2,2,right_hand|left_hand,0.14593327906914055,0.002808577148243785,0.1286764231044799,0.014417808037251234,,0.1286764231044799,0.9361456540388436,0.9361456540388436,,,1.0,1.6801698610110605,29,12.373859394547384,1.4943794658406537,True,0.0012051736774525146,0.037467494838038407,14,0.0010138971666294044,5,0.0012051736774525146,5,-0.03221695931446433,-0.03148054913334164,,0.0,0.001415072498493916,,0.023287575811524033,0.025322629422426395,0.06527433766362617,0.03995170824119977,0.06353373658891218,0.020483876902745567,0.022617856403851232,0.06715298932921424,0.044535132925363,0.0721751008803876,0.0211896242753972,0.61992724668549|0.9107445009202922|0.5074671242476578,0.8877158966001938|0.5648251520107617|0.13764670214979688,0.44552047441026466|0.5123144319033961|0.13520247337712102
30,lift,place,10,0.25,2,2,0,0,2,0,2,2,right_hand|left_hand,0.14402482798323035,0.0028411000967025757,0.12668507592752576,0.014466807013377547,,0.12668507592752576,0.9030925248073074,0.9030925248073074,,,1.0,1.6801698610110605,29,12.373859394547384,1.4943794658406537,True,0.0010392882514485974,0.03751474375498026,14,0.0009989947728707912,5,0.0010392882514485974,5,-0.03277631086457333,-0.03331459759804645,,0.0,0.001415740283609927,,0.023081864173205697,0.02569152784587973,0.06655716457294775,0.040865636727068014,0.05977675589319259,0.019835167142774435,0.02207419619357838,0.06478319045053325,0.042708994256954874,0.0688897705055563,0.02130745020870307,0.6220516095375577|0.9105045716502654|0.5104777693226449,0.8866197287381405|0.5648008979472655|0.13766002379785336,0.44705790196540285|0.5088427674820688|0.13551870246385156
31,lift,place,9,0.25,2,2,0,0,2,0,2,2,right_hand|left_hand,0.1441827139351517,0.002777431160211563,0.12698612990789115,0.014389373129233718,,0.12698612990789115,0.8533632791812154,0.8533632791812154,,,1.0,1.6837367826425091,28,12.16308755831787,1.4882267465830383,True,0.001471478719387631,0.03772945896242369,13,0.001471478719387631,5,0.0010943944496046715,4,-0.035220591065684204,-0.032277084880433904,,0.0,0.00139176589622424,,0.022765211597480083,0.025699321141880678,0.06691999624774077,0.04122067510586009,0.054533213984503996,0.019339630775899508,0.021329846123886942,0.06514500674061194,0.043815160616724996,0.0635128812210328,0.020159043952724418,0.624119051092711|0.9072862359820122|0.5125130764312759,0.8840525469078124|0.5652606941194305|0.13755069518912627,0.44654066054159486|0.5080761865965316|0.13546893283436134
32,lift,place,8,0.25,2,2,0,0,2,0,2,2,right_hand|left_hand,0.14561848109588027,0.002856587991118431,0.12804102688096464,0.014691164949908853,,0.12804102688096464,0.7945993533021127,0.7945993533021127,,,1.0,1.6801698610110605,29,12.373859394547384,1.4943794658406537,True,0.001272367138852093,0.03851990064197208,15,0.0010173430227313277,6,0.001272367138852093,5,-0.03419570343674039,-0.0317243708422108,,0.0,0.0013761540316943,,0.022319954020909475,0.02620099128199984,0.07038927902518663,0.04418828774318679,0.04789037728635658,0.018354454738746227,0.02211831179660422,0.06425374253135947,0.04213543073475525,0.05713849059201912,0.02060472407080194,0.6250100637508796|0.8995290315415969|0.5169963294019838,0.8823110390214121|0.5605396858648011|0.1375062700722897,0.44874480891373697|0.5039537501800888|0.13526361511877072
33,lift,place,7,0.25,2,2,0,0,2,0,2,2,right_hand|left_hand,0.14866703702136874,0.0028422370087355375,0.13091720710508525,0.014877561014145613,,0.13091720710508525,0.7338581277085966,0.7338581277085966,,,0.9999999999999999,1.6837367826425094,28,12.163087558317866,1.4882267465830386,True,0.0013146898907817756,0.04044516812807075,13,0.0013146898907817756,6,0.0009551546906548802,3,-0.03521069694767398,-0.032387990237415565,,0.0,0.0012978385008599572,,0.021910205397108164,0.026911834767950258,0.0620570835629983,0.035145248795048045,0.03958109852207034,0.018128893276344423,0.022946397203677464,0.056249212066772476,0.03330281486309501,0.04701418686718506,0.020130617935243914,0.6230811720564441|0.8897284122636169|0.5204970057727275,0.8770997280566472|0.5536718883697889|0.13740224779277124,0.4528992697020531|0.5036873288379606|0.1346756066708386
34,lift,place,6,0.25,2,2,0,0,2,0,2,2,right_hand|left_hand,0.14802383305504918,0.0027980401646345854,0.13074551802128553,0.014450479997321963,,0.13074551802128553,0.7180295416700571,0.7180295416700571,,,0.9999999999999999,1.6801698610110605,29,12.373859394547383,1.4943794658406537,True,0.0011619422584473738,0.040704810452359186,10,0.0011619422584473738,5,0.0004203303174378642,1,-0.033424380881001525,-0.03060572477348522,,0.0,0.0013848526022531562,,0.02176697811316426,0.027928037298889173,0.06537257627276785,0.03744453897387868,0.04358728826715838,0.017546869718852408,0.024002788856349398,0.0504420408212281,0.0264392519648787,0.03861518568779199,0.021042904336414654,0.6252251527238591|0.8923106831146107|0.5292920675777234,0.8797515553245424|0.5535570637241196|0.15313437010002143,0.4575970418512017|0.5019046448806521|0.13690175814522954
35,lift,place,5,0.25,2,2,0,0,2,0,2,2,right_hand|left_hand,0.14562314213253558,0.0027938929852098227,0.12864159396849573,0.014158683130517602,,0.12864159396849573,0.708125607081058,0.708125607081058,,,1.0,1.6801698610110605,29,12.373859394547384,1.4943794658406537,True,0.0012966817698898264,0.03983036810072321,11,0.0012966817698898264,6,0.00024872957341584567,1,-0.03302372390604802,-0.03061659900443381,,0.0,0.001224669110300182,,0.02181452296204282,0.029322161609551225,0.06420876387341398,0.034886602263862754,0.043294227534478445,0.017612296805143677,0.025333554594958,0.04964859784915404,0.02431504325419604,0.03600982498676351,0.021026156768371853,0.6237250410037999|0.8939873109948266|0.544527561466087,0.8791259265520519|0.5450540560167196|0.17137363093987631,0.45775951426288075|0.5004012581821374|0.1535403949416142
36,lift,place,4,0.25,2,2,0,0,2,0,2,2,right_hand|left_hand,0.14703979203477502,0.002827954012900591,0.12970069702714682,0.014478741213679314,,0.12970069702714682,0.6928553051103544,0.6928553051103544,,,1.0,1.6801698610110605,29,12.373859394547384,1.4943794658406537,True,0.0016151184486466637,0.03895685537073401,11,0.0016151184486466637,6,0.0005931304999946124,1,-0.033101145885801486,-0.03263012437190582,,0.0,0.0014582933343646983,,0.02163120884414384,0.03130343505431578,0.06290401125395638,0.0316005761996406,0.041091107405474295,0.017517031581912115,0.026588516920129236,0.04893597627367953,0.022347459353550293,0.03426429966767143,0.02070953884368654,0.6237218774793437|0.8949521902696347|0.5641546769142277,0.8776940010477433|0.5371697007833544|0.19077561010623767,0.4568585818972767|0.4986130102447547|0.1770552214634247
37,lift,place,3,0.32465246735834974,2,2,0,0,2,0,2,2,right_hand|left_hand,0.14423479489050806,0.0028048581443727016,0.12757697678171098,0.013823050074279308,,0.12757697678171098,0.6774816594700135,0.6774816594700135,,,0.9999999999999999,1.8609673246162255,30,16.00125767293179,1.9088000457794865,True,0.0019200999319460461,0.03778811938025767,10,0.0019200999319460461,6,0.0,0,-0.03346427931729856,-0.03056880813366014,,0.0,0.0014680716600660054,,0.021545430687778123,0.03375589518207893,0.06262839439053916,0.02887249920846023,0.03842212582270487,0.017628296393149345,0.02796416232611147,0.04937541631306242,0.021411253986950953,0.03391976604013673,0.020407975805330464,0.6195689373383129|0.8947966340887048|0.5836232949575969,0.875714143134134|0.5311125064822744|0.21433816236372866,0.4542226661444744|0.4970577746471823|0.1972104694749684
38,lift,place,2,0.6065306597126334,2,2,0,0,2,0,2,2,right_hand|left_hand,0.14220560411922634,0.0028333060909062624,0.12495832587592304,0.014379831030964851,,0.12495832587592304,0.662721201526419,0.662721201526419,,,1.0000000000000002,2.5063760264962935,29,27.404456174336392,3.3096106294455296,True,0.0017782362007881351,0.03665402453837066,13,0.0017782362007881351,7,0.0010720576727587389,2,-0.03440195810355462,-0.0290326669139489,,0.0,0.0013727342502055716,,0.021384219932755626,0.036744128846563404,0.062563843549555,0.025819714702991603,0.035180375703817476,0.01833172854203752,0.02991824115629804,0.050673704808438066,0.020755463652140028,0.034441855853509076,0.021184926224416884,0.6163714676257112|0.8945919794104263|0.6005842084394865,0.8717747446010685|0.5317176773270018|0.2365460792184396,0.4511789553010631|0.5019876408027405|0.21773005900015407
39,lift,place,1,0.8824969025845955,2,2,0,0,2,0,2,2,right_hand|left_hand,0.13762293313629925,0.002826957032084465,0.12050772993825376,0.01425896305590868,,0.12050772993825376,0.6439760693801388,0.6439760693801388,,,0.9999999999999999,3.034232674565178,30,37.80663941796374,4.509977685932451,True,0.0030824440604906578,0.034950355790382276,12,0.0030824440604906578,7,0.0011331478349431295,1,-0.033664887631269735,-0.030154170304365735,,0.0,0.0014795984712227303,,0.021420486669987138,0.03939630956635782,0.06081423881330499,0.021417929246947173,0.03169234220045148,0.018113183807568562,0.03153447099792206,0.047824025233547104,0.016289554235625045,0.029263960200870024,0.02108697065852993,0.6163710671113246|0.893413172880493|0.6195817640398248,0.8682307178311892|0.5250652965089416|0.26504869866223596,0.4512166558988038|0.4900843905797825|0.2479399406490658
40,lift|place,place,0,1.0,2,2,0,0,2,0,2,2,right_hand|left_hand,0.1537897230591625,0.0028319968841969967,0.136874444084242,0.014053178019821644,,0.136874444084242,0.6501399157092368,0.6501399157092368,,,1.0000000000000004,3.2211615354341974,31,42.130418801138966,4.96770172052522,True,0.0033018014931673195,0.03322585811916909,13,0.0033018014931673195,7,0.001177881190333685,1,-0.033288716522015704,-0.029540783132624426,,0.0,0.0014371813637313814,,0.02145940286445621,0.041099633093159775,0.06087847628434926,0.019778843191189485,0.031826572636652936,0.018604013071631734,0.033285816620185815,0.050190974202820426,0.01690515758263461,0.030555383898269946,0.020961390285931497,0.6109222663750756|0.8942854147608492|0.635763385228521,0.8631487385074762|0.5274744737264256|0.29298364830322116,0.4457429460296887|0.49369542377521636|0.2770958144216128
41,lift|place,place,1,0.8824969025845955,2,2,0,0,2,0,2,2,right_hand|left_hand,0.13013077108189464,0.0028273139614611864,0.11328364000655711,0.013989659026265144,,0.11328364000655711,0.6460017734648076,0.6460017734648076,,,0.9999999999999998,2.996845271270637,32,38.61859980942825,4.503983695485923,True,0.0017938496521303637,0.03228204179142255,15,0.0017938496521303637,8,9.074088114754963e-05,1,-0.031010157494611335,-0.02794490293485552,,0.0,0.0014427931278409062,,0.0215261918849406,0.043174152491047266,0.061780838483600234,0.018606685992552968,0.03135676672460042,0.01845618075350725,0.03532677739183851,0.04968575109323908,0.014358973701400574,0.0269408794128831,0.02124222209636479,0.608194306946729|0.8906177626340318|0.6537200576032882,0.8599719146576404|0.5265923174830868|0.32409577641104004,0.4437943314980678|0.48537657407723533|0.3089759962623174
42,lift|place,place,2,0.6065306597126334,2,2,0,0,2,0,2,2,right_hand|left_hand,0.1302115370053798,0.0028007871005684137,0.11351545201614499,0.013862778199836612,,0.11351545201614499,0.6463045020675056,0.6463045020675056,,,1.0,2.4833920750154586,31,28.13659806803516,3.317655760605117,True,0.0033147414838291672,0.03142302784596651,14,0.0033147414838291672,8,0.0,0,-0.03107491909175053,-0.027883343544182537,,0.0,0.0014333155764863982,,0.02142532257820309,0.04431518889612136,0.06208672040006326,0.017771531503941895,0.03131330851457275,0.01861902010200201,0.03730398362212385,0.050913890577260326,0.013609906955136475,0.026865763543592908,0.0213023015946394,0.603715525717693|0.8882691028453611|0.6699541046919231,0.856517082629049|0.5261041753966033|0.3597803966844204,0.4387217133190635|0.4859343938981983|0.34325847060983344
43,lift|place,place,3,0.32465246735834974,2,2,0,0,2,0,2,2,right_hand|left_hand,0.12865542597137392,0.0028369741048663855,0.11216182704083622,0.013622791972011328,,0.11216182704083622,0.6533571766350588,0.6533571766350588,,,0.9999999999999999,1.8559940489620845,31,16.236274219022757,1.9144591881099022,True,0.001652506411265034,0.03064446417369504,14,0.001652506411265034,8,0.0,0,-0.029176011226796916,-0.026899956942484593,,0.0,0.001496773034084371,,0.02136422688621997,0.04515242212278731,0.06695830687194698,0.02180588474915967,0.036076441616093614,0.018677184848993857,0.038905617084151564,0.052570645518859496,0.013665028434707932,0.027999119874387492,0.02157807717852483,0.5986541332899498|0.889044773246468|0.6841815595909417,0.8552464686634138|0.5320026643973916|0.3954511430653299,0.43221683097614866|0.4857650060408856|0.37969764933551314
44,lift|place,place,4,0.25,2,2,0,0,2,0,2,2,right_hand|left_hand,0.1292088779155165,0.0028800650034099817,0.11246790713630617,0.013830885058268905,,0.11246790713630617,0.6322813061745471,0.6322813061745471,,,1.0,1.673079253161878,31,12.766793576102705,1.5053641577349146,True,0.001606937565308178,0.029878302503069193,13,0.001606937565308178,7,0.0,0,-0.028827295594453517,-0.026402873705055896,,0.0,0.0014382218261998166,,0.02115032860088363,0.04558979301930462,0.06746591558381751,0.021876122564512893,0.03707346139479231,0.018579356461705554,0.039558003577122504,0.053420880388099876,0.013862876810977372,0.028634680374086133,0.021235677684619442,0.5913152833262789|0.8896806286453572|0.6958500564116614,0.8510272525770665|0.5320951769049426|0.42844467849875006,0.4270326792311566|0.4856700848712887|0.4130084409059275
45,lift|place,place,5,0.25,2,2,0,0,2,0,2,2,right_hand|left_hand,0.12844315194524825,0.002896230900660157,0.11189250089228153,0.013624282088130713,,0.11189250089228153,0.6430266514654609,0.6430266514654609,,,1.0,1.673079253161878,31,12.766793576102705,1.5053641577349146,True,0.0014672233289378736,0.02973153647924423,15,0.0014672233289378736,9,0.0,0,-0.027267954210717704,-0.025934358822803816,,0.0,0.0014365425190950765,,0.021327091728897487,0.045321410987796004,0.06893325185118937,0.023611840863393366,0.03960118010194045,0.018756209332059914,0.03955574037981286,0.05442289843731852,0.014867158057505658,0.02977365944674569,0.02132827188763931,0.5835312794015697|0.8893965320134544|0.7062353787257221,0.8478255423281471|0.5315358089381333|0.4608503166628146,0.42146111216538684|0.48535711573590834|0.44471315194073247
46,lift,release,5,0.25,2,2,0,0,2,0,2,2,right_hand|left_hand,0.1279335750732571,0.002884371904656291,0.1114980629645288,0.013521695043891668,,0.1114980629645288,0.6712829752582039,0.6712829752582039,,,1.0,1.673079253161878,31,12.766793576102705,1.5053641577349146,True,0.001388712475303748,0.03040033478259324,16,0.001388712475303748,10,0.0,0,-0.028397045804826604,-0.025774830722587794,,0.0,0.0014412658921013136,,0.021669264704950748,0.045371744869698076,0.06895056966191927,0.023578824792221197,0.04051107201088288,0.018509396315840747,0.039796004214663484,0.05500205953087916,0.015206055316215675,0.030183221895654533,0.02160365337022458,0.5754289248786773|0.8851228301714921|0.7139238124969215,0.8423811113757559|0.5318718192199368|0.4928250054743678,0.41602364177833184|0.4851319883614747|0.4752652017669785
47,lift,release,4,0.25,2,2,0,0,2,0,2,2,right_hand|left_hand,0.12809582496993244,0.002847073832526803,0.11149867088533938,0.013719390844926238,,0.11149867088533938,0.696018975108034,0.696018975108034,,,1.0,1.673079253161878,31,12.766793576102705,1.5053641577349146,True,0.004192393038576367,0.030478223328353315,15,0.004192393038576367,10,0.0,0,-0.02828437265221062,-0.026853384613684028,,0.0,0.0014124128091630023,,0.021999276705234872,0.04539990454306814,0.069706956412193,0.024307051869124865,0.04208067812150423,0.018926296263888257,0.04030086310138736,0.054426373092472,0.01412550999108464,0.028979619132311434,0.02168772699504765,0.5667955826666911|0.879431441745933|0.719517825321487,0.8373354805153346|0.5321725658919081|0.5225279930380318,0.4116755930310083|0.4835466924940333|0.5047236835350141
48,lift,release,3,0.32465246735834974,2,2,0,0,2,0,2,2,right_hand|left_hand,0.12815771205350757,0.0028246662113815546,0.11152960988692939,0.013772965176030993,,0.11152960988692939,0.7319033778935742,0.7319033778935742,,,0.9999999999999999,1.8559940489620845,31,16.236274219022757,1.9144591881099022,True,0.0021820740793856847,0.031463120286664176,16,0.0021820740793856847,10,0.00012416009861800081,2,-0.028489971431383765,-0.025986345662644794,,0.0,0.0014203312539169384,,0.022436297798498855,0.045355222799172264,0.06982634292292225,0.02447112012374999,0.042952778297791094,0.018632836550394098,0.04045546363171159,0.054881988247797324,0.014426524616085734,0.02851558818124067,0.02223641898069273,0.5569512508044054|0.8704624208533779|0.7220876365195167,0.8312170757154178|0.5316222795671535|0.5484596859278222,0.4070222051518869|0.4835534206008825|0.5288127262016764
49,lift,release,2,0.6065306597126334,2,2,0,0,2,0,2,2,right_hand|left_hand,0.15084060397930443,0.002875233069062233,0.13457638188265264,0.013359006959944963,,0.13457638188265264,0.736317854192574,0.736317854192574,,,1.0,2.4833920750154586,31,28.13659806803516,3.317655760605117,True,0.0017485074411486973,0.0326921857509157,14,0.0017485074411486973,10,0.0001808216696774223,1,-0.027350580011432868,-0.02346865476297033,,0.0,0.0014068677793277384,,0.02247859016870365,0.04411848653710435,0.06885771806571582,0.024739231528611468,0.041782843410784344,0.0180931898694898,0.04059159351652607,0.05643041634528528,0.01583882282875921,0.029259050958238005,0.02141945199628019,0.5518842343150202|0.8648261093287277|0.722498027506587,0.8249821284638222|0.5268579230271083|0.5676634966062117,0.4018336518873197|0.4836009673769014|0.5500471608636065
50,lift,release,1,0.8824969025845955,2,2,0,0,2,0,2,2,right_hand|left_hand,0.12698109494522214,0.0028075319714844227,0.110500562004745,0.013639478012919426,,0.110500562004745,0.7312938114595774,0.7312938114595774,,,0.9999999999999998,2.996845271270637,32,38.618599809428254,4.503983695485923,True,0.0014215660725490527,0.03366860882675479,12,0.0014215660725490527,9,0.0003935387465145712,1,-0.028342992062350802,-0.022217073527848186,,0.0,0.0013629374807931152,,0.02248441658706811,0.04299833347474767,0.06811120425443229,0.025112870779684618,0.042004695509356836,0.017188647466843714,0.039546160245616836,0.05711830747495149,0.01757214722933465,0.029953946337057887,0.02060082247100109,0.5444390076156644|0.8579021521224808|0.7240493727923116,0.8171210289389607|0.5232842108082582|0.5839659726955597,0.3983860302547618|0.48370106714157635|0.567227383938555
51,lift|release,release,0,1.0,2,2,0,0,2,0,2,2,right_hand|left_hand,0.12427057488821447,0.0028832019306719303,0.10811174591071904,0.013245576992630959,,0.10811174591071904,0.7527075146870502,0.7527075146870502,,,0.9999999999999999,3.177794204946092,33,42.90537414160027,4.952511207977911,True,0.0021040031051480085,0.03489240900357535,15,0.0021040031051480085,10,0.0013212992545755115,3,-0.03034200977526602,-0.02327613837888265,,0.0,0.0014077703222273566,,0.022832847308617083,0.0430331024640381,0.07068101126614108,0.02764790880210298,0.0429896152719914,0.01653070966260001,0.0389231022401135,0.05682160148190316,0.017898499241789663,0.030143062700226094,0.021014426498783,0.5393818438891932|0.8458250896715045|0.7248021353189825,0.8100731123320462|0.5224592172611836|0.5974031700295478,0.39371001968175035|0.48153413047038|0.5863578551464428
52,lift|release,release,1,0.8824969025845955,2,2,0,0,2,0,2,2,right_hand|left_hand,0.12017972115427256,0.0028528389520943165,0.10416312981396914,0.013134649023413658,,0.10416312981396914,0.7305232261360879,0.7305232261360879,,,1.0,2.9603463937443903,34,39.30909576511552,4.4934547802038605,True,0.0028102250598147638,0.035001836595933145,14,0.0015158273604920502,9,0.0028102250598147638,3,-0.02934031187797892,-0.023424264308806286,,0.0,0.001391400757936482,,0.022464379573172596,0.04354814501566332,0.07128531761777186,0.02773717260210854,0.04479780586327977,0.0160884051056823,0.03888576392798141,0.057469660514557756,0.018583896586576346,0.03164913820351372,0.020720908005649775,0.5328439047200658|0.8298537656021181|0.7244366951978193,0.8056591281169964|0.5161943535757363|0.6127304844941424,0.3874404398726809|0.48300581198163145|0.6033174328223634
53,lift|release,release,2,0.6065306597126334,2,2,0,0,2,0,2,2,right_hand|left_hand,0.12006751610897481,0.002825757022947073,0.10407379502430558,0.013135567074641585,,0.10407379502430558,0.7288757806605655,0.7288757806605655,,,1.0000000000000002,2.4386306631442984,35,29.33678215039353,3.322933994113293,True,0.0027280868865897923,0.03548058371325716,15,0.0022004214477973766,10,0.0027280868865897923,3,-0.02972330021374958,-0.0236004675324768,,0.0,0.0013701804305154732,,0.022312624187532343,0.0439225774101812,0.07665743131998595,0.032734853909804754,0.048680471447799696,0.015972904642268693,0.03883741285180156,0.05836695203011103,0.01952953917830947,0.032690195092462425,0.020674327864577128,0.5281432159141694|0.8138589891870562|0.7269284106445427,0.8009751355330389|0.5182570087794176|0.6267509475634018,0.38152953531884776|0.48076196473109756|0.617572556425167
54,lift,release,3,0.32465246735834974,2,2,0,0,2,0,2,2,right_hand|left_hand,0.11970425699837506,0.0028716360684484243,0.10377813805826008,0.013022878905758262,,0.10377813805826008,0.725507702812598,0.725507702812598,,,0.9999999999999999,1.8363538944766409,35,17.05505980893542,1.931801440260777,True,0.002082348518616897,0.03565121469915178,14,0.0014449665104546358,9,0.002082348518616897,3,-0.02911522618047968,-0.022446688815872307,,0.0,0.0013518260440337413,,0.022183819328565123,0.04456305780223359,0.08174078055807348,0.03717772275583989,0.053139809772767145,0.0162054695536816,0.03914922911374541,0.06044375813680243,0.02129452902305702,0.03454935770876404,0.02041835675358762,0.522925819647044|0.7979310295451499|0.7305337929504611,0.7965007189255088|0.5187615430265307|0.6380126761786388,0.3748525652814753|0.4786975038255152|0.6297478058210055
55,lift,release,4,0.25,2,2,0,0,2,0,2,2,right_hand|left_hand,0.11927200388163328,0.002926429035142064,0.10318136517889798,0.013132718857377768,,0.10318136517889798,0.7166161612871849,0.7166161612871849,,,0.9999999999999998,1.659068553083131,35,13.439829317773679,1.5223096209449638,True,0.0014449745536874413,0.03602786831008675,15,0.0014449745536874413,10,0.0010390892424683301,3,-0.028902675665793964,-0.0237903924136873,,0.0,0.0013456329702835775,,0.022095191391885254,0.045977777571562344,0.08387819467535118,0.03790041710378884,0.0541575001395636,0.0162283683740428,0.039528284363214,0.05999208486185502,0.02046380049864102,0.03373737853572427,0.020790862851588463,0.5192917053481331|0.782310366953407|0.7328449126416695,0.7923941660066413|0.5144430853903781|0.6481673778783857,0.37008952530584277|0.47195122824031244|0.6418212232638973
56,lift,release,5,0.25,2,2,0,0,2,0,2,2,right_hand|left_hand,0.11853340407833457,0.0028662860859185457,0.10276718903332949,0.0128708491101861,,0.10276718903332949,0.7219468296361027,0.7219468296361027,,,0.9999999999999998,1.659068553083131,35,13.439829317773679,1.5223096209449638,True,0.0017762386375551747,0.036474081895017635,13,0.0014493376772628484,8,0.0017762386375551747,3,-0.02924355447073701,-0.022229663590424664,,0.0,0.0013603775024996756,,0.022212677363157952,0.046856424441654033,0.0845004375843583,0.03764401314270426,0.05443874165503242,0.016799097940295403,0.040072941428593856,0.06143664449441543,0.021363703065821575,0.03432542557079816,0.020908557097511566,0.5173051026954569|0.7684762368654443|0.7343194258650534,0.7876790776246313|0.5080151417172672|0.6563053703515754,0.3657146044763476|0.4655433369729684|0.6464327838288177
57,lift,release,6,0.25,2,2,0,0,2,0,2,2,right_hand|left_hand,0.11701623490080237,0.002847887109965086,0.10115637094713748,0.0129822778981179,,0.10115637094713748,0.7237324247262327,0.7237324247262327,,,0.9999999999999998,1.659068553083131,35,13.439829317773679,1.5223096209449638,True,0.0020508041613113252,0.036952804711522624,17,0.0020508041613113252,11,0.0016427521889761099,3,-0.02912469194175138,-0.024390001550976592,,0.0,0.0013904004572228507,,0.022296583976100456,0.047106205861016825,0.08532804232340434,0.03822183646238751,0.05580476641881209,0.01700248966533871,0.04059147177297748,0.05979895428960855,0.01920748251663107,0.03250574402612806,0.02133810983316226,0.5141713350532875|0.7555005379969519|0.7354752533060654,0.7838276741363049|0.49987844908105367|0.6613784910043966,0.3630511104206045|0.45483396740936205|0.6529116061714751
58,lift,release,7,0.25,2,2,0,0,2,0,2,2,right_hand|left_hand,0.11833070497959852,0.00285514909774065,0.10223160497844219,0.013213494094088674,,0.10223160497844219,0.7307811043193237,0.7307811043193237,,,0.9999999999999998,1.659068553083131,35,13.439829317773679,1.5223096209449638,True,0.0028623065403794584,0.037695365124496866,18,0.0014543742382286673,13,0.0028623065403794584,2,-0.028802180250849574,-0.024852931082101293,,0.0,0.0013354158604108562,,0.022414173927409693,0.04747470353695365,0.08528658879838703,0.037811885261433385,0.05647678765026333,0.017132803688917213,0.041238220421284645,0.05945238851789013,0.018214168096605483,0.03157972416679165,0.021557128938688396,0.513159860792216|0.7427303560350199|0.7338508778430376,0.7804460118799567|0.4886573553095876|0.6635326672358958,0.36057848146257615|0.4447676476973138|0.6542847171039895
59,lift,release,8,0.25,2,2,0,0,2,0,2,2,right_hand|left_hand,0.11741558508947492,0.0028101091738790274,0.10160862002521753,0.012965667061507702,,0.10160862002521753,0.7305859911706816,0.7305859911706816,,,0.9999999999999998,1.659068553083131,35,13.439829317773679,1.5223096209449638,True,0.0014834149720026474,0.03851571312249588,19,0.0014834149720026474,14,0.001422736429214741,2,-0.029151531767883654,-0.02383088093824348,,0.0,0.0013352301219992143,,0.022442068430572976,0.04783961738034645,0.08505274289101736,0.03721312551067091,0.05651233269104931,0.017055304656426726,0.041370924921126,0.060209094193601445,0.018838169272475447,0.032272422985579585,0.02179504604210582,0.5109640465174976|0.7291058254037232|0.7321005673191285,0.7772732324193243|0.4768036866763781|0.6658723917125045,0.35735661249999745|0.4336333100508522|0.6524515415395635
60,lift,release,9,0.25,2,2,0,0,2,0,2,2,right_hand|left_hand,0.11824229406192899,0.002788752084597945,0.1025871408637613,0.012837064918130636,,0.1025871408637613,0.7293134930706636,0.7293134930706636,,,0.9999999999999998,1.659068553083131,35,13.439829317773679,1.5223096209449638,True,0.0038465351705201795,0.03937286948681637,18,0.0038465351705201795,14,0.0011663401570856935,1,-0.028587030969079663,-0.026793479939371423,,0.0,0.001338127848044156,,0.022407820431956497,0.04849226055337269,0.08710708289327077,0.038614822339898075,0.05801435419604555,0.016942868527975257,0.041350422090621605,0.05744344001288076,0.016093017922259152,0.033682402801787706,0.021993916424332502,0.5099409270129242|0.7149428382951107|0.7293437336832106,0.7732494705097709|0.46624274710475877|0.6634007834385737,0.35621619640620994|0.418261272204907|0.6535790815221857
61,lift,release,10,0.25,2,2,0,0,2,0,2,2,right_hand|left_hand,0.11802430101670325,0.0028607959393411875,0.1022255199495703,0.012909607030451298,,0.1022255199495703,0.7136686020778897,0.7136686020778897,,,1.0,1.655600904813642,36,13.584910552203988,1.525547309695319,True,0.0014963307332140456,0.04015745431033718,15,0.0014963307332140456,10,0.0011467847867952935,2,-0.029028853965607837,-0.027118729625579263,,0.0,0.0013344834099482874,,0.022213461805234633,0.04899456267311318,0.08600790661414857,0.03701334394103539,0.05680428069971983,0.016993815550999974,0.04132883089483988,0.05697796150146772,0.015649130606627842,0.03271728779090089,0.022095198517183015,0.5080643303300275|0.6991898560175028|0.7264953420804734,0.7698418720432855|0.4522888890208698|0.664023059544646,0.3528043029144243|0.402821358729494|0.6530004442489865
62,lift,release,11,0.25,2,2,0,0,2,0,2,2,right_hand|left_hand,0.11764712701551616,0.0028479499742388725,0.10176307009533048,0.01300766202621162,,0.10176307009533048,0.7016940034938867,0.7016940034938867,,,1.0,1.655600904813642,36,13.584910552203988,1.525547309695319,True,0.0016266420601988157,0.041120222843658155,11,0.0016266420601988157,7,0.0010352715792468214,1,-0.028952072860070288,-0.02746258265898227,,0.0,0.0013291060730583942,,0.022056344865657693,0.049394518204468864,0.0861570280573533,0.036762509852884435,0.05635931673656002,0.01677086768012859,0.04091367850967092,0.05627015967193847,0.015356481162267552,0.0321399909333846,0.021981804234157024,0.5098659282198983|0.6835269090889792|0.7234427636918268,0.7664471794623489|0.4386027985727518|0.6623004664371072,0.35013475955269746|0.3876118631217973|0.6525792495949466
63,lift,release,12,0.25,2,2,0,0,2,0,2,2,right_hand|left_hand,0.11785042309202254,0.002875913865864277,0.10177856893278658,0.0131660180632025,,0.10177856893278658,0.688667397765425,0.688667397765425,,,1.0,1.655600904813642,36,13.584910552203988,1.525547309695319,True,0.0017628046359683125,0.0419188784200486,12,0.0015018723013029735,7,0.0017628046359683125,2,-0.029119748272147916,-0.027316058101661156,,0.0,0.0013157548768391026,,0.02190168476528667,0.049733938832591626,0.08438088733759416,0.03464694850500254,0.05442741853413037,0.01681550565484166,0.04040591621269891,0.05591852613052787,0.015512609917828962,0.03196008644340743,0.021824214850671795,0.5108578841729527|0.6663472886000806|0.7208744322407346,0.7635469209931753|0.4217211112193147|0.6620104456541456,0.34751855019531197|0.37228548207662415|0.652857379469717
64,lift,release,13,0.25,2,2,0,0,2,0,2,2,right_hand|left_hand,0.1189039929304272,0.002846288029104471,0.10274524497799575,0.013279689941555262,,0.10274524497799575,0.6826780308391326,0.6826780308391326,,,1.0,1.655600904813642,36,13.584910552203988,1.525547309695319,True,0.0016753600639192075,0.04205958907001622,11,0.0016753600639192075,6,0.0010127651246331082,2,-0.029217241675773664,-0.02696227980457877,,0.0,0.001316449902002474,,0.02184566827890594,0.05013678328391289,0.08405116367355864,0.03391438038964575,0.053301483418788015,0.016874315460358866,0.03949828466078453,0.055855067599135715,0.016356782938351182,0.03232261618911578,0.0216742899615771,0.5121210129402926|0.6480892454413772|0.7191774343321881,0.760904265914711|0.4048328197739865|0.661195574698385,0.34502258117001294|0.3567755606445138|0.6541555090562419
65,lift,release,14,0.25,2,2,0,0,2,0,2,2,right_hand|left_hand,0.14029055112041533,0.0028653990011662245,0.12404762208461761,0.013347327010706067,,0.12404762208461761,0.6799226560264799,0.6799226560264799,,,0.9999999999999998,1.659068553083131,35,13.439829317773679,1.5223096209449638,True,0.0027560009973601474,0.04235694182322883,11,0.0017312818574807404,6,0.0027560009973601474,2,-0.029445746495532887,-0.02678020482950849,,0.0,0.0012414116536461621,,0.021800157223834427,0.05044326989977869,0.08361507626239084,0.033171806362612154,0.0521091459432484,0.016982177374045872,0.03849170584953987,0.05587370025282017,0.017381994403280303,0.03327153353775018,0.021256806230208636,0.5136193544854133|0.6284911729526507|0.7185332010725253,0.7585421690031504|0.3858901594321322|0.6612567781671873,0.34310359687041153|0.34116308338760487|0.655929213572017
66,lift,release,15,0.25,2,2,0,0,2,0,2,2,right_hand|left_hand,0.12045805505476892,0.002790028927847743,0.10498507507145405,0.012654263991862535,,0.10498507507145405,0.695958228646167,0.695958228646167,,,0.9999999999999998,1.659068553083131,35,13.439829317773679,1.5223096209449638,True,0.0032241971294765526,0.04222026484748859,10,0.0017075094792375033,5,0.0032241971294765526,2,-0.029666319194777913,-0.025539591521251737,,0.0,0.0014165677468856548,,0.021956062525037647,0.051031612626181985,0.08490750017964017,0.03387588755345819,0.05198752971099259,0.0171032886786241,0.0376196995923931,0.05900666929182024,0.02138696969942714,0.037582276809474596,0.021403400898088808,0.5147016317313674|0.6092641236655002|0.7201795104237803,0.7570532607341944|0.36710592076688175|0.6628206588254808,0.34012552214864017|0.3300269280058163|0.6570873335090764
67,lift,release,16,0.25,2,2,0,0,2,0,2,2,right_hand|left_hand,0.12030031206086278,0.0028248741291463375,0.10474280104972422,0.012702350039035082,,0.10474280104972422,0.7042063937163808,0.7042063937163808,,,0.9999999999999998,1.659068553083131,35,13.439829317773679,1.5223096209449638,True,0.002100957423883984,0.042104104253840646,11,0.0016990889601728384,6,0.002100957423883984,2,-0.02981222247740334,-0.02683394601689848,,0.0,0.0014378891361895188,,0.022150713098576007,0.052160158948375626,0.0854887091201456,0.03332855017176997,0.051033128717061414,0.017145482227465966,0.037032972472281,0.05728951230787796,0.020256539835596957,0.03473254572132565,0.0217979128935196,0.5178259983681307|0.5888916758394762|0.7198080290740143,0.7561782428742926|0.3459548386389258|0.6657868709010408,0.33878497192773693|0.30908378944754245|0.6632196156857731
68,lift,release,17,0.25,2,2,0,0,2,0,2,2,right_hand|left_hand,0.12053756811656058,0.002814760897308588,0.10497366404160857,0.012715346179902554,,0.10497366404160857,0.7156382739197316,0.7156382739197316,,,0.9999999999999998,1.659068553083131,35,13.439829317773679,1.5223096209449638,True,0.00169463568214491,0.0427527804095674,8,0.0016633726190414533,3,0.00169463568214491,2,-0.029993939050488194,-0.02700157837790762,,0.0,0.0014357607910770725,,0.022291779641930833,0.053379002177505394,0.08492939984735728,0.03155039766985189,0.04975982318672931,0.01715004436802004,0.03671912429589608,0.05802447722064831,0.021305352924752233,0.03574296068709656,0.021786359390638544,0.5208978571918806|0.5685325765070296|0.7203906472611314,0.7553277457393545|0.32323244513385185|0.66898991565133,0.3370125540980392|0.2921262443698407|0.6682359443169524
69,lift,release,18,0.25,2,2,0,0,2,0,2,2,right_hand|left_hand,0.11913076415657997,0.0028541390784084797,0.10338648105971515,0.012860903982073069,,0.10338648105971515,0.7548177147477412,0.7548177147477412,,,0.9999999999999998,1.659068553083131,35,13.439829317773679,1.5223096209449638,True,0.004844454582093066,0.043369054019352676,10,0.004844454582093066,4,0.002994040898529532,2,-0.030222201798990156,-0.02928224139779978,,0.0,0.0014674048652863734,,0.02260298974948636,0.05388450247948265,0.08460731062709254,0.030722808147609887,0.04875926591940518,0.017048563457969314,0.03700867742774968,0.05839906279227023,0.02139038536452055,0.03592858065762637,0.02209406010198101,0.523313518563264|0.5484620951750909|0.7212649912393782,0.7540011884249508|0.2996358689844419|0.672329444133336,0.33621096780485454|0.27720492503266614|0.6754192626209072
70,lift,release,19,0.25,2,2,0,0,2,0,2,2,right_hand|left_hand,0.11563492892310023,0.0028402679599821568,0.1002031909301877,0.012560745002701879,,0.1002031909301877,0.854683815559716,0.854683815559716,,,0.9999999999999998,1.659068553083131,35,13.439829317773679,1.5223096209449638,True,0.0021601068252248556,0.04444535824782128,9,0.00157712755688098,3,0.0021601068252248556,2,-0.029973289265498693,-0.020671077199278187,,0.0,0.0014243374809557304,,0.023234283760551668,0.054745524450562334,0.08406598624801641,0.029320461797454074,0.04851450801702127,0.01693431280367684,0.03771509751251009,0.06908808816222606,0.031372990649715965,0.04278143815667606,0.02248292787441334,0.5257280209090642|0.5296283004674873|0.7215334285438885,0.7540889184125844|0.27759866311647574|0.6774376837037372,0.3319565240500847|0.2705667562135389|0.6709065747320382
71,,release,20,1.9287498479639178e-22,2,2,0,0,2,0,2,2,,0.11069763195700943,0.0028063601348549128,0.09521355596370995,0.01264695287682116,,0.09521355596370995,0.7308289111391226,0.7308289111391226,,,1.0,1.0,0,0.0,0.0,True,0.004569945374521281,0.040493619507738554,9,0.004569945374521281,5,0.0009436845727116699,1,-0.03126872924389623,-0.030401678979247393,,0.0,0.0013495036102865426,,0.022320466884277145,0.055322868465104334,0.07971027132520139,0.02438740286009706,0.04990730242248868,0.017646688955558168,0.03816458677540281,0.058228294165862976,0.020063707390460164,0.0346374856029953,0.021470305961358915,0.5261204140800598|0.4981441253514499|0.7309080424949633,0.7542515387486037|0.25971646679107135|0.6882549915239131,0.3354104222163213|0.24414872924711184|0.6863840761625446
72,,release,21,1.146876582225596e-24,2,2,0,0,2,0,2,2,,0.1069018510170281,0.002789114834740758,0.09167767711915076,0.012406374095007777,,0.09167767711915076,0.6907511985013699,0.6907511985013699,,,1.0,1.0,0,0.0,0.0,True,0.002095119233186171,0.035454713125869286,10,0.002095119233186171,6,0.0009585626647408696,1,-0.03099529570840076,-0.028435859831915877,,0.0,0.0012473498633186761,,0.022051223478853292,0.055568303809093826,0.07895097550655053,0.023382671697456704,0.050410461611290945,0.01760579393113897,0.03799352123234755,0.05924271178577595,0.021249190553428395,0.035488375383046646,0.021086948789596233,0.5304377933961615|0.4776904651240367|0.7337886356712794,0.7528176299761272|0.23996920448891237|0.6905043624751752,0.3334117748598534|0.2261621607152027|0.6898368415181111
73,,release,22,5.311092249679095e-27,2,2,0,0,2,0,2,2,,0.10692848195321858,0.0027611111290752888,0.09129801206290722,0.0128352758474648,,0.09129801206290722,0.6586046757009697,0.6586046757009697,,,1.0,1.0,0,0.0,0.0,True,0.0046590990908695895,0.0347505600484207,11,0.0046590990908695895,8,0.0009540045844895484,1,-0.030934367332829282,-0.030179508897205665,,0.0,0.001121493731518969,,0.021796752159463546,0.05525468948402768,0.0794618085250192,0.024207119040991522,0.04925410078474303,0.01783366262597291,0.037862509163204494,0.05853920805923439,0.020676698896029896,0.03497224420032403,0.020792269387561138,0.5337612379408067|0.459205261221969|0.7365636632377536,0.7516810316775059|0.2175710756231246|0.6933579088226419,0.33327428236996215|0.20968463468767787|0.6948951301112856
74,,release,23,1.915478951967148e-29,2,2,0,0,2,0,2,2,,0.10826182714663446,0.0027447249740362167,0.09268778515979648,0.01280122296884656,,0.09268778515979648,0.6607597439416582,0.6607597439416582,,,1.0,1.0,0,0.0,0.0,True,0.004586806703566343,0.03548331469409058,13,0.004586806703566343,8,0.0009859298932676647,2,-0.03150145285376027,-0.029839476602822046,,0.0,0.0011137411555763315,,0.021847803684985703,0.0552517462021013,0.07985881049256587,0.024607064290464567,0.04692222206759616,0.018538574887268653,0.03773448116883345,0.05818572893505893,0.020451247766225485,0.03527883387365206,0.02001025058266383,0.5363672722894066|0.43961484043013|0.7367608585655204,0.7496761454789906|0.19526682632078596|0.6957965289983526,0.33191271113974163|0.19143622007483277|0.698089400730985
75,,release,24,5.380186160021138e-32,2,2,0,0,2,0,2,2,,0.10998984496109188,0.0027796400245279074,0.09379166108556092,0.013388121034950018,,0.09379166108556092,0.6682970583472816,0.6682970583472816,,,1.0,1.0,0,0.0,0.0,True,0.004398510326620003,0.035605207511602704,12,0.004398510326620003,8,0.001075818774448442,2,-0.031895889033712876,-0.029524382919795755,,0.0,0.0011191168662888944,,0.021961674512616432,0.05504233004156982,0.08029121943697864,0.025248889395408827,0.045906872317229654,0.01864756941217014,0.03780574298591345,0.05845862684079771,0.020652883854884257,0.03766807821977389,0.0200258843295117,0.5387737884560557|0.4216621582717221|0.7376485058701011,0.7481352508172586|0.173821872342097|0.6978751425143506,0.3303710883512255|0.17488310863565237|0.7008815537883741
76,,release,25,1.1769109439216723e-34,2,2,0,0,2,0,2,2,,0.13912996393628418,0.0027572051621973515,0.12211544811725616,0.01422741706483066,,0.12211544811725616,0.6644129268413829,0.6644129268413829,,,1.0,1.0,0,0.0,0.0,True,0.004245890181476392,0.03603698090981214,15,0.004245890181476392,8,0.0009732055773913062,2,-0.03181174825096633,-0.029074616370358797,,0.0,0.0011136253262036045,,0.021851294893578094,0.05502234518738768,0.08078115596733773,0.02575881077995005,0.045494343633565554,0.018425662147301604,0.037929833137146575,0.058388378636790625,0.02045854549964405,0.03748555332244861,0.0195674816550655,0.539217878791457|0.40303036992294683|0.7363993067892128,0.7465562040787812|0.15301058374022392|0.6982853441844177,0.32885915299701013|0.15743621775607522|0.7020467552852272
77,,release,26,2.005008781961654e-37,2,2,0,0,2,0,2,2,,0.12191263493150473,0.0027528428472578526,0.1050150878727436,0.014116673963144422,,0.1050150878727436,0.6515206750109785,0.6515206750109785,,,1.0,1.0,0,0.0,0.0,True,0.0017166001166915995,0.036855398779226306,14,0.0017166001166915995,8,0.0009859877366817926,2,-0.031266082025737774,-0.026847668564549565,,0.0,0.001401972713926151,,0.021608436693713037,0.054896188116882357,0.08212164398972202,0.027225455872839664,0.04514285225576514,0.018514555708207342,0.037866171346140474,0.05985928942814495,0.02199311808200448,0.03885014341919704,0.018843017281180673,0.5361371252585806|0.38317893554986493|0.7350549608541711,0.7460943375167719|0.13093902219507841|0.6996535413976653,0.32638538627158825|0.14038116920037|0.7011017750340333
78,,release,27,2.6602064159439866e-40,2,2,0,0,2,0,2,2,,0.1249955790117383,0.0027998818550258875,0.10838455497287214,0.013783934991806746,,0.10838455497287214,0.6517112846012697,0.6517112846012697,,,1.0,1.0,0,0.0,0.0,True,0.0014482405240447901,0.03754658764271582,16,0.0014482405240447901,10,0.000900565423704619,1,-0.03039544901418445,-0.026054962889322297,,0.0,0.0014291119014062069,,0.02153679115088361,0.05424781529848365,0.08081669689600797,0.026568881597524317,0.05056847238697949,0.01826614825786032,0.038394989384729065,0.0610900864922772,0.022695097107548134,0.039938717836048354,0.01889547950130431,0.5389922458172159|0.36661126321013965|0.733445892870631,0.7454183007337664|0.1135420579770057|0.6960515859785242,0.32543553104646195|0.1253750033794284|0.6992862726905952
79,,release,28,2.7487850079102147e-43,2,2,0,0,2,0,2,2,,0.12289053993299603,0.0027633230201900005,0.10691017401404679,0.013184910174459219,,0.10691017401404679,0.659635237774503,0.659635237774503,,,1.0,1.0,0,0.0,0.0,True,0.0016733378076275,0.03793624377212454,13,0.0016733378076275,10,0.0009421605866314214,1,-0.030583090001483626,-0.02642423040431474,,0.0,0.00142212159372994,,0.02168957835568201,0.053541845803466416,0.07962456922766596,0.026082723424199546,0.05186059892219683,0.018473750391451056,0.03885015828802071,0.06076487565147976,0.021914717363459055,0.03994141697380084,0.019373359877647153,0.5384531631656394|0.35021214394171435|0.734170971486623,0.7445837283625057|0.09374694670898727|0.6946269376036838,0.32427642991350103|0.1084516375766963|0.6989781999591561
80,,release,29,2.2120380336009962e-46,2,2,0,0,2,0,2,2,,0.11955382209271193,0.0027846931479871273,0.10385571583174169,0.012884379830211401,,0.10385571583174169,0.6937626406603168,0.6937626406603168,,,1.0,1.0,0,0.0,0.0,True,0.0014603196874443426,0.038521070131738944,15,0.0014603196874443426,10,0.000932026079259532,2,-0.030368716847776867,-0.02649695691723153,,0.0,0.0014444903308229228,,0.022010135540959028,0.05281163420317074,0.07868463368263273,0.02587299947946199,0.053940428805027175,0.018756496958852058,0.03909757151750115,0.06065944166488598,0.02156187014738483,0.03995484707937151,0.019762701697564576,0.5386267702892927|0.33371930437572433|0.7328135533417708,0.7431398947477804|0.073990187132986|0.690766709030295,0.32352584309527677|0.0918835359837691|0.6952688677976502
81,,release,30,1.3863432936411706e-49,2,2,0,0,2,0,2,2,,0.11964708613231778,0.0028134749736636877,0.10423456807620823,0.01257026195526123,,0.10423456807620823,0.7081818845033988,0.7081818845033988,,,1.0,1.0,0,0.0,0.0,True,0.0014552432187922536,0.038786158002817095,18,0.0014552432187922536,14,0.0009551292600452621,1,-0.030451164103311612,-0.026606598165962225,,0.0,0.0014558724087370969,,0.02211189939000397,0.05296259291520634,0.07830348670117536,0.025340893785969022,0.056409708576859854,0.019062488619338805,0.03961493467729736,0.060875095643763664,0.021260160966466303,0.03933740825075664,0.019777983369813654,0.5381464288022898|0.317361156521489|0.731535139653297,0.7423079305351725|0.05350543891229495|0.6884426300999477,0.32251666453834776|0.07597601458127927|0.6900709387425317
82,,release,31,6.766675675168404e-53,2,2,0,0,2,0,2,2,,0.11963277007453144,0.002809740835800767,0.10429611196741462,0.012498449068516493,,0.10429611196741462,0.6987491704287222,0.6987491704287222,,,1.0,1.0,0,0.0,0.0,True,0.0014604420562060738,0.03923548825474457,14,0.0014604420562060738,10,0.0009492803898374647,1,-0.03030331783064355,-0.026727407182214336,,0.0,0.0014243855399829466,,0.022021100920373675,0.05349538631266275,0.07878681463428655,0.0252914283216238,0.05665374024173039,0.01907224815973174,0.03953561794581501,0.0606632539285337,0.02112763598271869,0.03928608438196221,0.019745405560936003,0.5367140394048011|0.2994780030505081|0.7293828954591612,0.7406563965852287|0.03244467036547795|0.6845348903227663,0.3210009999777017|0.058953224974273216|0.6847876575079507
83,,release,32,2.572209372642415e-56,2,2,0,0,2,0,2,2,,0.11663576308637857,0.002776186913251877,0.10128825600259006,0.012541519943624735,,0.10128825600259006,0.6791314502018835,0.6791314502018835,,,1.0,1.0,0,0.0,0.0,True,0.0015662679615692232,0.04006642322950857,14,0.0015662679615692232,10,0.0009069215901713473,1,-0.03026476783287002,-0.02662559016014754,,0.0,0.0014147433227600136,,0.021804074243629505,0.05423468429844837,0.07977123910310734,0.025536554804658967,0.05644322428143546,0.018826559051302882,0.03948351861285519,0.06060345233295637,0.02111993372010118,0.03913578635625626,0.019898856725258603,0.5339330985410671|0.2797595118193438|0.7266845586317012,0.7389189462108499|0.010997484153416792|0.6812954779916133,0.31862455263131956|0.04072136127287783|0.6796135907069626
84,,release,33,7.61489029373637e-60,2,2,0,0,2,0,2,2,,0.11601834394969046,0.002794880885630846,0.10080738086253405,0.012386965099722147,,0.10080738086253405,0.6683099435740898,0.6683099435740898,,,1.0,1.0,0,0.0,0.0,True,0.001716209117976434,0.040690477411386566,12,0.001716209117976434,8,0.0009703618345509313,1,-0.03011218990088871,-0.026387637012241782,,0.0,0.0014117691823322008,,0.021671757638793098,0.05392009683769248,0.08036271982475753,0.026442622987065047,0.05664765875336055,0.018806044640798294,0.03952623391725996,0.06090786110143255,0.021381627184172587,0.03971057604732346,0.02014585331903073,0.5309798487519987|0.25895013228005925|0.725960979631878,0.7367302028179562|-0.00937254974328201|0.6785671979178836,0.31567667973114844|0.022032236910247957|0.675569585818993
85,,release,34,1.7556880978548265e-63,2,2,0,0,2,0,2,2,,0.11378539516590536,0.00275736884213984,0.09872182901017368,0.012277447152882814,,0.09872182901017368,0.6854769650522947,0.6854769650522947,,,1.0,1.0,0,0.0,0.0,True,0.0017118211356412262,0.040864464139285905,8,0.0017118211356412262,4,0.0009356069359926639,1,-0.030344896056616832,-0.02631224505815588,,0.0,0.0010549878774909819,,0.02188798041520135,0.052944634894628216,0.08050703277946028,0.027562397884832064,0.056548715529226475,0.018982778686821723,0.03941355537398549,0.06144289835774052,0.02202934298375503,0.040469145624217585,0.020582911354078626,0.5286014151409494|0.23709173043962883|0.7267997941383142,0.7344801830095145|-0.02943906706848254|0.6776296972987733,0.31267572528590093|0.0027869391132118934|0.6729595018291242
86,,release,35,3.1525171551450254e-67,2,2,0,0,2,0,2,2,,0.11779743782244623,0.002780287992209196,0.10277542797848582,0.012212061090394855,,0.10277542797848582,0.7076693369734963,0.7076693369734963,,,1.0,1.0,0,0.0,0.0,True,0.0017019745459000701,0.04121528270144126,8,0.0017019745459000701,4,0.0009161158219587601,1,-0.0312004422291281,-0.02575312970646415,,0.0,0.001391135044738606,,0.022167199008534668,0.052335570968175225,0.07933420381634419,0.026998632848168967,0.056929061777805705,0.019433631361457454,0.03957457891397682,0.06239778143901852,0.022823202525041705,0.04044790025736656,0.020786276447849812,0.5259623066914826|0.2159757514896863|0.7287988558871954,0.732063179278443|-0.0481489310514809|0.6781486561418117,0.3092746029926432|-0.01790930975387934|0.6711337460596318
87,,release,36,4.408531331463226e-71,2,2,0,0,2,0,2,2,,0.11560508399270475,0.0027542719617486,0.10032645706087351,0.012496631126850843,,0.10032645706087351,0.739612243172479,0.739612243172479,,,1.0,1.0,0,0.0,0.0,True,0.0020995193952855623,0.041567186673950235,8,0.0020995193952855623,4,0.0008625434545848493,1,-0.03197569664993338,-0.02957807410196267,,0.0,0.0014593467232942858,,0.022553565646730105,0.05202448067509307,0.0782469264093031,0.02622244573421003,0.05683362576932475,0.019665300435935833,0.0394933665107388,0.059516295223928234,0.020022928713189433,0.03750304391210445,0.021102859424002078,0.5220179887308675|0.19297125953147948|0.73137159102163,0.7304745641909114|-0.06723010762521102|0.6809119063825574,0.3083813240683254|-0.04256121246145113|0.673490993494411
88,,release,37,4.801277241771782e-75,2,2,0,0,2,0,2,2,,0.11566361389122903,0.002753742039203644,0.10060120816342533,0.012279387097805738,,0.10060120816342533,0.7659348404728368,0.7659348404728368,,,1.0,1.0,0,0.0,0.0,True,0.0016321636483951733,0.042227496896165034,7,0.0016321636483951733,3,0.0009096829559293029,1,-0.03139006115585197,-0.026307979934379944,,0.0,0.0014325977741019178,,0.022792204834678007,0.05167485160244185,0.07903209593977241,0.027357244337330562,0.053766676884532634,0.019849188128994135,0.039589975463028844,0.0625900177472501,0.023000042284221263,0.03924758369899273,0.020760684857983592,0.516488657495851|0.17200736997794416|0.7304247573124729,0.7295670989686232|-0.08745910795643153|0.6822861917474725,0.30494313102500964|-0.0635153471834089|0.6705171278695367
89,,release,38,4.0723586257611754e-79,2,2,0,0,2,0,2,2,,0.11238705995492637,0.0027969081420451403,0.09680880699306726,0.012750063091516495,,0.09680880699306726,0.7380455400452436,0.7380455400452436,,,1.0,1.0,0,0.0,0.0,True,0.0025376983810596887,0.03982264714793393,8,0.0025376983810596887,4,0.0009293606961468803,1,-0.03220742408327659,-0.03095683956747841,,0.0,0.0013556730776852085,,0.022340838464851572,0.051297621187728105,0.0804376083769561,0.029139987189227994,0.05111571461789846,0.019313511597064664,0.0399114196952542,0.059067654400071785,0.019156234704817587,0.036828592756569974,0.02131431249034516,0.5198761873831756|0.1461206214163495|0.7338526052402312,0.7283544071310908|-0.10853592226042763|0.683402870779169,0.30664620553240063|-0.08743472703261312|0.6767780144500618
90,,release,39,2.6900579025827697e-83,2,2,0,0,2,0,2,2,,0.13142418209463358,0.002744056982919574,0.11589765013195574,0.012753609102219343,,0.11589765013195574,0.7242659615821124,0.7242659615821124,,,1.0,1.0,0,0.0,0.0,True,0.0032474587182153153,0.03620075208983803,8,0.0032474587182153153,4,0.0008995655762529392,1,-0.03309347511407701,-0.028910156133070686,,0.0,0.0011668666860115452,,0.022337010761520962,0.05108688241584495,0.08042491729327046,0.029338034877425513,0.04824300369820848,0.01883258910835245,0.03907005146331291,0.05978749668285121,0.020717445219538298,0.03795901794725792,0.021089045942532015,0.5155605103779551|0.122738375995638|0.7362327774570229,0.728325185907871|-0.13537900503422445|0.6907045376782833,0.3054152279122014|-0.11141318174066427|0.6771750367192177
91,,contact,40,1.3838965267367376e-87,2,2,0,0,2,0,2,2,,0.10853722994215786,0.0027633439749479294,0.09322190284729004,0.012523965910077095,,0.09322190284729004,0.6917829458958399,0.6917829458958399,,,1.0,1.0,0,0.0,0.0,True,0.0020077505531243822,0.032260345204514596,10,0.0020077505531243822,5,0.0009437574476582472,1,-0.03186219593181505,-0.029450676587236657,,0.0,0.0011883482449692347,,0.02193560567077812,0.05120678272609865,0.0826101133434276,0.03140333061732895,0.04914055329862022,0.017746085211145707,0.039043695649939224,0.058431248136327205,0.01938755248638798,0.03621437314212614,0.02046230697391169,0.5101084096392684|0.10228324428142069|0.7352014607385342,0.7276847633694261|-0.14815605652428657|0.6862405366234446,0.30674779047691664|-0.13664866935894882|0.6786023564866639
92,,contact,39,2.6900579025827697e-83,2,2,0,0,2,0,2,2,,0.11018147692084312,0.0028495651204138994,0.09450916713103652,0.012793326051905751,,0.09450916713103652,0.6837443720647722,0.6837443720647722,,,1.0,1.0,0,0.0,0.0,True,0.0014070506580629062,0.03329152096639881,13,0.0014070506580629062,8,0.0009457931686995963,1,-0.030675834558236303,-0.025303545372745262,,0.0,0.0011646679016861434,,0.021861165617574535,0.05176764694933557,0.08148587631846799,0.029718229369132418,0.053482843395202706,0.0170835507401078,0.03899495115191409,0.06138687406451772,0.022391922912603626,0.03782023927740299,0.020453325703315327,0.5056736859987633|0.08194967521778748|0.7341633844426718,0.7295134063029786|-0.16185232967842758|0.686173109095713,0.3057921310902031|-0.16013998120577283|0.6780401071024292
93,,contact,38,4.0723586257611754e-79,2,2,0,0,2,0,2,2,,0.11081683216616511,0.0027477771509438753,0.09550305898301303,0.012535386951640248,,0.09550305898301303,0.6767323086094099,0.6767323086094099,,,1.0,1.0,0,0.0,0.0,True,0.0014487870828188108,0.034202642522186105,12,0.0014487870828188108,8,0.0009626929719931399,1,-0.03065010303322957,-0.025038815494342614,,0.0,0.0011562417316519082,,0.02175557779570115,0.05251810766007785,0.08064688796246659,0.028128780302388745,0.05351006696189912,0.016860036343443775,0.03902641846104848,0.06141362610929346,0.022387207648244985,0.037288774534144184,0.020349692616978558,0.5019742064046125|0.06198658454810448|0.7351346548842238,0.7306102501428582|-0.17698579374658854|0.6885774056246661,0.3071798404432865|-0.18511774254211988|0.6812854067998413
94,,contact,37,4.801277241771782e-75,2,2,0,0,2,0,2,2,,0.11078961216844618,0.0027938608545809984,0.09526468301191926,0.012702873907983303,,0.09526468301191926,0.6726550009444312,0.6726550009444312,,,1.0,1.0,0,0.0,0.0,True,0.0018318551150540568,0.035009070585530655,12,0.0018318551150540568,8,0.0009862756807140771,1,-0.030629589582689576,-0.026441240563265467,,0.0,0.0011520377107994706,,0.021742580471006447,0.05337867936515988,0.08024681574618985,0.026868136381029965,0.05277196142328173,0.01690743514364608,0.03923634126538478,0.06009107618074612,0.020854734915361342,0.036312963984164,0.020362993980985875,0.5004296340349781|0.04183658217224326|0.7357832399332755,0.7317830247978859|-0.1921814078447222|0.6908073791421824,0.30973518958790613|-0.21018422900776107|0.6862694386092469
95,,contact,36,4.408531331463226e-71,2,2,0,0,2,0,2,2,,0.11069904500618577,0.0027417950332164764,0.09475387004204094,0.013176067965105176,,0.09475387004204094,0.6695841270478455,0.6695841270478455,,,1.0,1.0,0,0.0,0.0,True,0.0018536120640669645,0.03597457311236582,12,0.0018536120640669645,8,0.0009977408056225379,1,-0.030972474469145084,-0.02676255834752439,,0.0,0.0011418510179124293,,0.02171101180307515,0.05324327289408438,0.07978535759211801,0.02654208469803363,0.051790030249642925,0.016718786741496752,0.039320056580962465,0.059670812475485856,0.02035075589452339,0.035883076657953414,0.020384488137583794,0.4998946896651591|0.02112958188989848|0.7357570957558328,0.7330420202300043|-0.20761744872738935|0.6938608596507971,0.312439991008485|-0.23423760066273894|0.6895301365845182
96,,contact,35,3.1525171551450254e-67,2,2,0,0,2,0,2,2,,0.1173282009549439,0.002794829895719886,0.10066836304031312,0.013835562858730555,,0.10066836304031312,0.6626437150222614,0.6626437150222614,,,1.0,1.0,0,0.0,0.0,True,0.001756174851349615,0.03692122083143287,12,0.001756174851349615,8,0.0009729427986489014,1,-0.030877361699559458,-0.0266618142807431,,0.0,0.001156098309111625,,0.021577705971020683,0.05264279447243873,0.07921944939529965,0.026576654922860925,0.05070621939373693,0.01668585889820997,0.039595738524436035,0.05941776164393043,0.019822023119494395,0.0353588834564389,0.020296047838097894,0.4990899398368416|0.0012754704262669034|0.7348672351835026,0.7347563747890226|-0.221963644052373|0.6966669638315158,0.3150882171639399|-0.2581832670257136|0.6918104216992436
97,,contact,34,1.7556880978548265e-63,2,2,0,0,2,0,2,2,,0.1245584599673748,0.002800903981551528,0.10731301293708384,0.014414614997804165,,0.10731301293708384,0.6593184543103141,0.6593184543103141,,,1.0,1.0,0,0.0,0.0,True,0.0017767905796433059,0.03777225776200868,19,0.0017767905796433059,10,0.0009452588247711585,1,-0.030600308339439053,-0.026399258514889112,,0.0,0.0014164934445930095,,0.02152681584673126,0.05186772513673518,0.07918557500719195,0.027317849870456767,0.05146650263460819,0.016791163083694917,0.039767764578703284,0.06042060283396164,0.020652838255258356,0.03598084460743231,0.020634626054409667,0.4960289689423962|-0.016553258164728225|0.7334825133333346,0.735855746693805|-0.23713429280798|0.6964466327911149,0.3165595007191857|-0.27957509257828755|0.6943019335477096
98,,contact,33,7.61489029373637e-60,2,2,0,0,2,0,2,2,,0.12406682991422713,0.002796411979943514,0.10779022797942162,0.013451640959829092,,0.10779022797942162,0.6607055212394545,0.6607055212394545,,,1.0,1.0,0,0.0,0.0,True,0.0018543079023556515,0.03802765020445226,13,0.0018543079023556515,10,0.0009670587001526232,1,-0.030743123857343235,-0.026821114652038958,,0.0,0.001416664788079124,,0.021580432170122853,0.05101938130571162,0.0789115183937485,0.027892137088036888,0.05158622666593091,0.016948937152057076,0.040257295241883505,0.06118369646546343,0.020926401223579923,0.03628901720050927,0.020957878580204516,0.4951838740265656|-0.032730555376115196|0.7342563667028467,0.7374823005535943|-0.2533913803179023|0.6976159516131683,0.31874911282954993|-0.29881896230128735|0.6953070740018277
99,,contact,32,2.572209372642415e-56,2,2,0,0,2,0,2,2,,0.11982170701958239,0.0027975740376859903,0.10384626081213355,0.013148231199011207,,0.10384626081213355,0.6718450330610178,0.6718450330610178,,,1.0,1.0,0,0.0,0.0,True,0.004285824547664047,0.03823735243881882,15,0.004285824547664047,11,0.0009216718106627303,1,-0.03078023535416108,-0.029821109408588953,,0.0,0.0014292173518839293,,0.021789262455958334,0.05020037318986627,0.0783256031321849,0.028125229942318627,0.051275626407068724,0.017105528573468656,0.040929933158895,0.059309927225519435,0.018379994066624432,0.03472029318191272,0.0214926318530113,0.49444491171505006|-0.048863691371867586|0.735309631062265,0.7388995760057916|-0.2697821587290214|0.6970504286643521,0.3221484559671819|-0.31846366288713956|0.6977342817708099
100,,contact,31,6.766675675168404e-53,2,2,0,0,2,0,2,2,,0.11873683403246105,0.002811813959851861,0.1034014280885458,0.012495909119024873,,0.1034014280885458,0.6793726175105906,0.6793726175105906,,,1.0,1.0,0,0.0,0.0,True,0.0014062324999154878,0.03843862513439403,16,0.0014062324999154878,12,0.0009751523794335609,1,-0.030802050448876628,-0.021907130865379543,,0.0,0.0014291533246105037,,0.021841208559303285,0.049869754028211734,0.07734124192431299,0.02747148789610126,0.05092466289425364,0.017114172859205846,0.04117591618043275,0.06795316914043804,0.026777252960005292,0.0425260934682386,0.021451158199652248,0.4932369952490758|-0.06432317264194036|0.7344649418464848,0.7395739221258614|-0.2857758071507061|0.6942044241232918,0.3178305016527141|-0.33178458296299573|0.6916776720822257
101,,contact,30,1.3863432936411706e-49,2,2,0,0,2,0,2,2,,0.11863860790617764,0.0027949130162596703,0.10337530495598912,0.012438684003427625,,0.10337530495598912,0.6744553381752876,0.6744553381752876,,,1.0,1.0,0,0.0,0.0,True,0.002125827703037486,0.03868570391544032,18,0.002125827703037486,14,0.0009284294129142945,1,-0.031446891626057294,-0.022028289632498144,,0.0,0.0014163147502108194,,0.02179506531100028,0.05012815757372075,0.077161422312396,0.027033264738675254,0.05011295577612835,0.01713713001600145,0.041063160271135754,0.06784703350810016,0.026783873236964406,0.042888492967722604,0.021571403246063756,0.4945809503179757|-0.08056004406511595|0.7329523449051435,0.7400671269538885|-0.3031833657514584|0.6907778359712151,0.3189545831703807|-0.34961015189564737|0.6898435499011508
102,,contact,29,2.2120380336009962e-46,2,2,0,0,2,0,2,2,,0.11741053406149149,0.002803787821903825,0.10220058588311076,0.012376792030408978,,0.10220058588311076,0.6711404494076257,0.6711404494076257,,,1.0,1.0,0,0.0,0.0,True,0.0014409927133363122,0.039021409211877245,13,0.0014409927133363122,9,0.0009433136611530779,1,-0.030670761410627634,-0.023113830876507535,,0.0,0.0014168697158000007,,0.021819823820848225,0.050887856121957245,0.07801404993930752,0.027126193817350278,0.050016228907065974,0.017295435760139657,0.04023130942507063,0.06591440230828423,0.025683092883213597,0.04400970415988003,0.021503556105855005,0.49673196777402223|-0.09701467831163163|0.7317200118743861,0.7406320880921303|-0.32127737051219685|0.6857729362360784,0.3195130604341345|-0.36959422930516117|0.6900345066803609
103,,contact,28,2.7487850079102147e-43,2,2,0,0,2,0,2,2,,0.11633596895262599,0.002805132884532213,0.10113229602575302,0.012370101874694228,,0.10113229602575302,0.6748056514745581,0.6748056514745581,,,1.0,1.0,0,0.0,0.0,True,0.0015228588697760378,0.039639614747915664,13,0.0015228588697760378,9,0.0009522490808950707,1,-0.03057336838170066,-0.023046066138942223,,0.0,0.001413961520112357,,0.02189342653968282,0.052053548970268836,0.07885113441528112,0.026797585445012283,0.04928867612589835,0.017780683887198792,0.0391092353510085,0.06537026528515807,0.026261029934149575,0.04462187751306424,0.0214546118081091,0.501074476695372|-0.11328124696514522|0.7304832658722746,0.7409113390994102|-0.3401772641865376|0.6812844303599738,0.3195769783107121|-0.38688027524956914|0.6876996515671521
104,,contact,27,2.6602064159439866e-40,2,2,0,0,2,0,2,2,,0.14441506611183286,0.002795766107738018,0.12878061016090214,0.012808806961402297,,0.12878061016090214,0.6835229160047829,0.6835229160047829,,,1.0,1.0,0,0.0,0.0,True,0.0015100348984513935,0.04016491864679653,13,0.0015100348984513935,9,0.0009153565700073252,1,-0.030887186450478055,-0.023003262315556938,,0.0,0.0014098989553150074,,0.022021285906647436,0.05296771424189847,0.07938205690162115,0.026414342659722673,0.04793612037024354,0.017951595098670343,0.03796130654290091,0.06551942479949377,0.027558118256592858,0.04606374478461455,0.021507207837372085,0.5052773421903756|-0.13086665813858675|0.7305212570905294,0.7414475352942741|-0.3607555548765031|0.6785664656693072,0.3193018208623304|-0.40173517809140585|0.6855292028625739
105,,contact,26,2.005008781961654e-37,2,2,0,0,2,0,2,2,,0.12116273702122271,0.0028107529506087303,0.10565181681886315,0.012670124880969524,,0.10565181681886315,0.6921322148359192,0.6921322148359192,,,1.0,1.0,0,0.0,0.0,True,0.0025185109901425806,0.04050534919176921,14,0.0014874476424644352,9,0.0025185109901425806,2,-0.03238340932115413,-0.021221243606582618,,0.0,0.0014047761076445445,,0.02215402362818007,0.05350023260415402,0.08032951851963709,0.026829285915483066,0.04426753486749991,0.018102738446834347,0.03711203527518356,0.06863270079392972,0.03152066551874616,0.047226471636883205,0.02157042326129872,0.5096985331541499|-0.1472241832947104|0.7302073605718338,0.739913309843997|-0.38581455350331884|0.6758195881878628,0.3190503015815053|-0.4108826204421182|0.6796267279217576
106,,contact,25,1.1769109439216723e-34,2,2,0,0,2,0,2,2,,0.12040940392762423,0.002761657116934657,0.10481761791743338,0.012799559161067009,,0.10481761791743338,0.7062805541178123,0.7062805541178123,,,1.0,1.0,0,0.0,0.0,True,0.0014630691674196936,0.03985659239324979,11,0.0014630691674196936,7,0.0009622519956776349,1,-0.03364357936865936,-0.0214304321302059,,0.0,0.0012799789281395272,,0.022311652322102915,0.05412634430526514,0.08005335513708811,0.025927010831822972,0.043925833070890714,0.018044567004896823,0.03634802915806794,0.06969825985200197,0.03335023069393403,0.0470296299233547,0.021107637354259245,0.5157140901090063|-0.16542806336316726|0.7311304080594621,0.7408871079882156|-0.4074618056944396|0.6760449071170695,0.31930898673673463|-0.4199865749580484|0.6773796647537894
107,,contact,24,5.380186160021138e-32,2,2,0,0,2,0,2,2,,0.11887397291138768,0.002797001041471958,0.10380920488387346,0.012237510178238153,,0.10380920488387346,0.7199035855146796,0.7199035855146796,,,1.0,1.0,0,0.0,0.0,True,0.0014337288795751406,0.03872485008611898,12,0.0014337288795751406,7,0.0009453354488133531,2,-0.03369873271675594,-0.019873573602055217,,0.0,0.00141781801931719,,0.022361452541773134,0.05482173867011342,0.08153106713576427,0.026709328465650856,0.04347699886847069,0.018589192469541205,0.03560123242083103,0.07179722119584903,0.03619598877501799,0.048362863982762155,0.02157585053828067,0.5198454691613625|-0.1843469793497129|0.7314386761904349,0.741258169894866|-0.43383322552675|0.6783024893844595,0.31742020741034915|-0.4283413777721279|0.6757822924653281
108,,contact,23,1.915478951967148e-29,2,2,0,0,2,0,2,2,,0.11770571488887072,0.0027665039524435997,0.10252246703021228,0.012388280127197504,,0.10252246703021228,0.7251408522512981,0.7251408522512981,,,1.0,1.0,0,0.0,0.0,True,0.0014114366713311073,0.0394783408905679,12,0.0014114366713311073,7,0.0009591779479417445,2,-0.03453976940203596,-0.019699523718820444,,0.0,0.001424188153689386,,0.02224229790701955,0.0552368818839593,0.08092104204406081,0.025684160160101506,0.04355490020450548,0.018273418354658087,0.03496290298900075,0.07168202216167499,0.03671911917267424,0.048226641737039354,0.020882511366910037,0.5269380975815511|-0.2033453339268547|0.7324154951768539,0.739631115048427|-0.45591179469001897|0.6802180599960569,0.31604385397937534|-0.43770919151845256|0.6756955504066379
109,,contact,22,5.311092249679095e-27,2,2,0,0,2,0,2,2,,0.11666731094010174,0.0027730341535061598,0.1013109718915075,0.012552903965115547,,0.1013109718915075,0.7592767707797387,0.7592767707797387,,,1.0,1.0,0,0.0,0.0,True,0.0028003659827198074,0.040634093964155016,13,0.0016001110208154062,8,0.0028003659827198074,2,-0.0351819986439974,-0.020272386162249134,,0.0,0.001417573661221058,,0.02252481769989874,0.056012868311818176,0.08090271298621089,0.024889844674392717,0.042018577724553696,0.018296879476837516,0.03483913335289958,0.07114953720164142,0.036310403848741846,0.04746215602437836,0.021298834344341898,0.533079375112036|-0.21976018517533388|0.7320302262979264,0.7351917089640949|-0.48135225779017327|0.6815892526738501,0.31363927131052366|-0.4461643414768507|0.6763978709061345
110,,contact,21,1.146876582225596e-24,2,2,0,0,2,0,2,2,,0.11343803815543652,0.0028022059705108404,0.09772758511826396,0.012874567182734609,,0.09772758511826396,0.7078063526207614,0.7078063526207614,,,1.0,1.0,0,0.0,0.0,True,0.0018627511364957133,0.03770980996517598,13,0.0014329049984530065,8,0.0018627511364957133,2,-0.036675677676022644,-0.019857304896175876,,0.0,0.0012093290368676293,,0.021944570963237674,0.05608804471666944,0.07934860612288568,0.023260561406216233,0.043772164364712186,0.018539849429881176,0.03515241213300122,0.06931863130892472,0.0341662191759235,0.04484614147197238,0.02055943500785256,0.5337491592989543|-0.2391507488527249|0.7341006610191873,0.7312776594232074|-0.5033696520144445|0.6847643553248717,0.3085747702160395|-0.4590757134576181|0.6782451105771482
111,,contact,20,1.9287498479639178e-22,2,2,0,0,2,0,2,2,,0.10920007480308414,0.002831753110513091,0.0935695271473378,0.012767847161740065,,0.0935695271473378,0.685487152382666,0.685487152382666,,,1.0,1.0,0,0.0,0.0,True,0.0014366592956783011,0.03663763802762596,12,0.0014366592956783011,8,0.0009780297547994088,1,-0.03566122080129652,-0.020699613036002873,,0.0,0.0012076902040210613,,0.021850047654042453,0.05577113393807282,0.07927609007890223,0.023504956140829404,0.044697428236176034,0.01843927527315888,0.03572954787296409,0.06886716179853614,0.033137613925572046,0.045059610873622244,0.020348159660105,0.5405982421247677|-0.25522642709195836|0.735622410806087,0.7268239216525276|-0.5257785966425665|0.6843793983749831,0.30487189303323897|-0.46697272310278803|0.6797826853415778
112,,contact,19,2.5261637809256925e-20,2,2,0,0,2,0,2,2,,0.10930790798738599,0.0027298799250274897,0.09416791517287493,0.012380684958770871,,0.09416791517287493,0.687267134198715,0.687267134198715,,,1.0,1.0,0,0.0,0.0,True,0.0014373913442804129,0.036030472371542666,11,0.0014373913442804129,7,0.000957769548925777,1,-0.033785927323229714,-0.020808637288112664,,0.0,0.001202295586490119,,0.02198701627773714,0.055248476280676646,0.08274133863828434,0.027492862357607693,0.04276155863087361,0.018961251870822073,0.03602896960882871,0.0689368395620743,0.03290786995324559,0.04525053141089223,0.020114661875035914,0.5443890971312|-0.2691854449347718|0.7343979212898414,0.7194308227682908|-0.5528743531422032|0.684313589305229,0.3004480958670554|-0.4743803174038344|0.6799023713992448
113,,contact,18,2.576757109154981e-18,2,2,0,0,2,0,2,2,,0.11041542305611074,0.0027945281472057104,0.09466166398487985,0.012928189942613244,,0.09466166398487985,0.6804819332858626,0.6804819332858626,,,1.0,1.0,0,0.0,0.0,True,0.0014365542393126735,0.03649892595708301,12,0.0014365542393126735,8,0.000952665796660257,2,-0.033460835609243844,-0.020710110433940443,,0.0,0.0012101200709559378,,0.02190282845534905,0.05566647986554079,0.07905060557919108,0.02338412571365029,0.03931828888705236,0.01886112569170895,0.03583825587427293,0.06906798133058935,0.03322972545631642,0.046289213783653554,0.01954117206334944,0.5481261587336337|-0.2837370502421397|0.7347230568479173,0.7101809188607674|-0.5782707593265037|0.6871501311386897,0.2958603683366853|-0.47973330691291|0.6814092649878076
114,,contact,17,2.0469717131642043e-16,2,2,0,0,2,0,2,2,,0.11450832593254745,0.0027264028321951628,0.09876250196248293,0.012989795068278909,,0.09876250196248293,0.6767283194056241,0.6767283194056241,,,1.0,1.0,0,0.0,0.0,True,0.0022375470084054494,0.03724985520599183,12,0.0022375470084054494,8,0.0009528498049634904,2,-0.03315000912152222,-0.022290443613805166,,0.0,0.001215624663202091,,0.021866846391017505,0.0558757900289848,0.07748243271322483,0.021606642684240028,0.037441945344650486,0.019041360222241357,0.035844354745566666,0.06706548188955862,0.03122112714399195,0.047827145375100764,0.01928322161620189,0.5501462613908699|-0.29910795735213674|0.7352851712709921,0.7016492048148375|-0.6002795076308941|0.6899921784439843,0.2924469319274033|-0.4870402745249512|0.6838336127241617
115,,contact,16,1.2664165549094176e-14,2,2,0,0,2,0,2,2,,0.11660597496666014,0.0028266580775380135,0.10063515487127006,0.013115414883941412,,0.10063515487127006,0.6676206800177147,0.6676206800177147,,,1.0,1.0,0,0.0,0.0,True,0.001505681774079115,0.03735235303100043,12,0.001435042738276087,8,0.001505681774079115,2,-0.033242601862937704,-0.020562638404186373,,0.0,0.001232893803452819,,0.021689727087906025,0.05593824760482853,0.07666420871683292,0.020725961112004393,0.03542572697247206,0.019083026941774616,0.03589319932958406,0.0679835200233885,0.03209032069380444,0.04981061539783119,0.018162769373587406,0.5510900421915691|-0.31479912044417296|0.7358117887012213,0.6928650780659692|-0.6200830477144447|0.691029193720035,0.2861988537882522|-0.4920597806192625|0.686527301544795
116,,contact,15,6.101936677605324e-13,2,2,0,0,2,0,2,2,,0.1203633660916239,0.0027414951473474503,0.1037339421454817,0.013858407037332654,,0.1037339421454817,0.6570452974786828,0.6570452974786828,,,1.0,1.0,0,0.0,0.0,True,0.0014309441807547167,0.0366274228954305,15,0.0014309441807547167,9,0.0009491553328958569,1,-0.03352446883141269,-0.020711696762530707,,0.0,0.0014185477315041288,,0.021470751697242,0.056955765568527744,0.07823857655450397,0.02128281098597623,0.03681424544794773,0.018705065813681403,0.03528753059383781,0.06722622501371081,0.031938694419873,0.04899524985538988,0.018622992269844877,0.553400101329084|-0.3300330204553133|0.7366972744834713,0.6862671794155605|-0.6370625632328333|0.6942567855429943,0.2830526920025955|-0.4977640422847802|0.6848139288307665
117,,contact,14,2.289734845645553e-11,2,2,0,0,2,0,2,2,,0.1472972130868584,0.0028322499711066484,0.13033732795156538,0.014092938974499702,,0.13033732795156538,0.6417073424651416,0.6417073424651416,,,1.0,1.0,0,0.0,0.0,True,0.001853385036812906,0.03683097832023202,17,0.001853385036812906,10,0.0011257364150839694,2,-0.03339257383875349,-0.02140184005019563,,0.0,0.0014362708297941764,,0.021281072306578826,0.0570566810003831,0.07781072586010108,0.020754044859717984,0.03722926618036035,0.018626953031553244,0.03500568239384986,0.06540898830036196,0.0304033059065121,0.049070411081741684,0.01828497325803404,0.5548707054241053|-0.3442732430274522|0.7387984968954554,0.677753420291551|-0.6540031432671646|0.6930464121001628,0.27865660949391347|-0.5049085002951952|0.6857484691890673
118,,contact,13,6.691586091292782e-10,2,2,0,0,2,0,2,2,,0.12130945594981313,0.002820190042257309,0.10511420900002122,0.013342275051400065,,0.10511420900002122,0.6520287472993082,0.6520287472993082,,,1.0,1.0,0,0.0,0.0,False,0.001433245823976862,0.037026387658917304,14,0.001433245823976862,9,0.0009435172767388728,2,-0.03365907358673503,-0.02240061699448681,,0.0,0.0014429549898624552,,0.021487062576387772,0.05576177716425725,0.07888029275170781,0.02311851558745056,0.03921439720344489,0.01887415431065223,0.03483489255930243,0.0631012863225298,0.02826639376322737,0.04875432443136119,0.019356673174432553,0.5537611429412301|-0.3564215062442299|0.740367288105332,0.6705783544449864|-0.6688165077623437|0.6910085278154573,0.2734311500908035|-0.5139342008953788|0.6847529639664744
119,,contact,12,1.522997974471263e-08,2,2,0,0,2,0,2,2,,0.11978751001879573,0.0028358169365674257,0.10347325983457267,0.013448812998831272,,0.10347325983457267,0.6506662943429578,0.6506662943429578,,,1.0,1.0,0,0.0,0.0,False,0.003593432159131424,0.037249533173435795,19,0.003593432159131424,14,0.0008508525678243284,2,-0.03366914497965112,-0.03012561052698537,,0.0,0.00144586778509871,,0.02153542010093951,0.05475018218066663,0.07914430429310897,0.024394122112442337,0.040434939772964716,0.019207372975543476,0.03552033205987898,0.05561326440057075,0.020092932340691774,0.041427223047667605,0.019829120358386253,0.5525361859836784|-0.36876976528212774|0.7403081966167019,0.6632934128167544|-0.6838594939862592|0.6886706996798436,0.27102207093353836|-0.5272678015908092|0.6842238445882903
120,,contact,11,2.699578503363014e-07,2,2,0,0,2,0,2,2,,0.12056974181905389,0.002755644964054227,0.10449426807463169,0.01328850886784494,,0.10449426807463169,0.6462117407890944,0.6462117407890944,,,1.0,1.0,0,0.0,0.0,False,0.001412535810297183,0.037615164763827896,16,0.001412535810297183,11,0.0009461015163399339,2,-0.0333603492144956,-0.028019639493109594,,0.0,0.001416021272007048,,0.021493252192730343,0.0535846723992566,0.07936976717926164,0.02578509478000504,0.04160522000859003,0.019373573923382653,0.036018969630686425,0.056207622815771144,0.02018865318508472,0.04119881490315892,0.01991207408889626,0.5533334030239153|-0.3791919599368964|0.7390785184683477,0.6564611376078442|-0.6977940025215797|0.6844724881299731,0.2641031917308413|-0.5363181549045005|0.6774403270820977
121,,contact,10,3.726653172078671e-06,2,2,0,0,2,0,2,2,,0.11947634490206838,0.0027697100304067135,0.10378530900925398,0.012892924947664142,,0.10378530900925398,0.6441869482257813,0.6441869482257813,,,1.0,1.0,0,0.0,0.0,False,0.0015624252350030683,0.038298900507986317,13,0.0015624252350030683,9,0.0009895189127923087,1,-0.032976555443621436,-0.027912514956783596,,0.0,0.001410718763656571,,0.021494617688463377,0.05216890439881354,0.07895674841028735,0.026787844011473813,0.042107472376882074,0.01951081791611704,0.03670326799095206,0.05612053569478575,0.019417267703833688,0.040606626038458896,0.020084745544523844,0.5511426613717254|-0.388991546151371|0.7375022688289969,0.6496341502904416|-0.7105788176161388|0.6793526609026135,0.258117680585126|-0.5456545026369988|0.6696569726402581
122,,contact,9,4.006529739295107e-05,2,2,0,0,2,0,2,2,,0.12429960700683296,0.0028259980026632547,0.10876326402649283,0.01268058200366795,,0.10876326402649283,0.6627977688985633,0.6627977688985633,,,1.0,1.0,0,0.0,0.0,False,0.0015867411199649538,0.03941863937366272,11,0.0015867411199649538,7,0.0009919075609842731,1,-0.03310030610753856,-0.027698913099946765,,0.0,0.0014143662828237035,,0.021810887678158575,0.05039925341482985,0.07840505731131493,0.028005803896485083,0.04337818414291767,0.01993720944697146,0.03737979340805761,0.057163321386843984,0.019783527978786374,0.04090471729355139,0.02039459158980743,0.5485423337208761|-0.3988743192788131|0.7379439085494961,0.643541908951576|-0.7225263927402328|0.6729007841831985,0.25191307656546563|-0.5544308908962562|0.661814348668059
123,,contact,8,0.00033546262790251185,2,2,0,0,2,0,2,2,,0.12789305998012424,0.0028329070191830397,0.11198271904140711,0.01304886001162231,,0.11198271904140711,0.6822625854372012,0.6822625854372012,,,1.0,1.0,0,0.0,0.0,False,0.0015755521904397343,0.04031137884592198,9,0.0015755521904397343,4,0.0010452417914088574,2,-0.03307515583426124,-0.02777857113241211,,0.0,0.001401878205522456,,0.02209838233247092,0.048590236256571745,0.07694548209851677,0.02835524584194503,0.043435606774433054,0.020305344111525053,0.03783253773622625,0.05735486324567639,0.019522325509450135,0.040886213974795464,0.02024205580853044,0.5461573146508274|-0.410521734049895|0.7372887388673861,0.6379505428602337|-0.735816736669993|0.6673816185820947,0.24652690163102542|-0.5654483642005567|0.652732027098302
124,,contact,7,0.002187491118182885,2,2,0,0,2,0,2,2,,0.12623100797645748,0.0028195641934871674,0.11026868503540754,0.013114073779433966,,0.11026868503540754,0.7026548637611523,0.7026548637611523,,,1.0,1.0062511156550118,35,0.12747373100417492,0.014438761277181186,False,0.0015641607859275576,0.040879004495846416,9,0.0015641607859275576,4,0.0009570599809573116,2,-0.03334293394625121,-0.02787384785200686,,0.0,0.0014037446971937836,,0.022282885361240318,0.046601115321645445,0.07741706368557906,0.030815948363933615,0.04512500732843227,0.020802792480458836,0.0381141854321234,0.057462706515861633,0.019348521083738232,0.04051439418755871,0.020429776488397118,0.5421449984580214|-0.4213891371974218|0.7337110878237265,0.6342079092025928|-0.7458997405769644|0.6611187071146917,0.24197848520226933|-0.5772175164911252|0.6425227105894907
125,,contact,6,0.011108996538242306,2,2,0,0,2,0,2,2,,0.12631208100356162,0.0028253968339413404,0.11045370600186288,0.013004560954868793,,0.11045370600186288,0.7175599234347371,0.7175599234347371,,,1.0,1.0317565845145331,34,0.6367867565845599,0.07279161322974907,False,0.0015503560696740228,0.04190573914129464,8,0.0015503560696740228,3,0.000993088498628128,2,-0.034078285503733596,-0.027804947360866805,,0.0,0.0014308322393843857,,0.02231681064704103,0.044502139896591894,0.07994388811829496,0.03544174822170307,0.04759797553003074,0.01970665676790291,0.03819874678334629,0.058010415185764774,0.019811668402418485,0.04067296757752997,0.020454541065085045,0.5358290080943723|-0.4313018925735207|0.7314826308021599,0.6324522044261554|-0.7533282420301552|0.6547479954453098,0.23835328952175383|-0.588282314451075|0.6332510142972354
126,,contact,5,0.04393693362340742,2,2,0,0,2,0,2,2,,0.12578375404700637,0.002867855131626129,0.10985620808787644,0.013029593974351883,,0.10985620808787644,0.7319578100710014,0.7319578100710014,,,0.9999999999999998,1.123805413946415,35,2.5246594216524123,0.28596444466062954,False,0.0015706119824973955,0.042892524097733864,9,0.0015706119824973955,4,0.0009670662779092676,2,-0.034038855236207866,-0.030330058684169714,,0.0,0.0014197952234565818,,0.022313540061743665,0.043265443969175484,0.08074382507107006,0.037478381101894574,0.04924178109263564,0.018635331017212323,0.03873991025243634,0.05649581170862964,0.017755901456193303,0.037387351852626434,0.020291201429011776,0.5260762869057104|-0.4367887283470283|0.7262926018104597,0.6301530126815705|-0.7644183001071574|0.6478611471185987,0.23576323029853377|-0.6017589342854733|0.6266929236980755
127,,contact,4,0.1353352832366127,2,2,0,0,2,0,2,2,,0.12351833004504442,0.0028753660153597593,0.10762687493115664,0.012987607158720493,,0.10762687493115664,0.6762831544582437,0.6762831544582437,,,1.0,1.3700459874791708,35,7.546035823104663,0.8547283348543663,False,0.0015807076281405714,0.04252810287161726,9,0.0015807076281405714,4,0.0009705133247011194,2,-0.03396521400235031,-0.030615417827721814,,0.0,0.0014013709227065625,,0.021422213811323483,0.04252775919215564,0.0779591511209557,0.03543139192880006,0.04831799564750882,0.016742998211432852,0.03946046908564276,0.05564739279278935,0.01618692370714659,0.03550262928832743,0.0203503896138563,0.5251269111561094|-0.4455937967234215|0.7200836475020834,0.6261881591904729|-0.7827243191845378|0.6438274046628868,0.23412096048247616|-0.6140091248739189|0.6172067361849921
128,,contact,3,0.32465246735834974,2,2,0,0,2,0,2,2,right_hand|left_hand,0.14687856892123818,0.002876905957236886,0.13060337910428643,0.013368355110287666,,0.13060337910428643,0.6654481595221187,0.6654481595221187,,,1.0,1.836353894476641,35,17.055059808935415,1.9318014402607766,False,0.001601234880443829,0.04252562599632784,9,0.001601234880443829,4,0.001276430442405302,2,-0.03412654031035167,-0.03036372485260408,,0.0,0.001246337276556119,,0.02128780821112986,0.04177182841045491,0.07685294269734981,0.0350811142868949,0.048235698137931715,0.01636234578909689,0.03929337046680483,0.05423826337153156,0.014944892904726725,0.03231900600648127,0.020574786569431264,0.5228406378595085|-0.44716188851256894|0.7137569967560768,0.622911673518256|-0.7961826206435126|0.6344638927028244,0.23154344952103303|-0.6281780725176235|0.6063225161807801
129,,contact,2,0.6065306597126334,2,2,0,0,2,0,2,2,right_hand|left_hand,0.12417671899311244,0.0028628099244087934,0.10790033498778939,0.013385067926719785,,0.10790033498778939,0.6681397566262656,0.6681397566262656,,,1.0,2.438630663144298,35,29.336782150393528,3.3229339941132925,False,0.001595827974096374,0.042477016114160354,10,0.001595827974096374,4,0.0009581218338707981,3,-0.03433365082533868,-0.030383239707550302,,0.0,0.0014174573922882937,,0.02130697714170979,0.041129601799476265,0.07552121063843112,0.034391608838954854,0.04712697661526997,0.01585728507292563,0.0391301753395377,0.05242194799299115,0.013291772653453451,0.029514641664063677,0.020970631119952912,0.5245945428260379|-0.4511210063080567|0.7098068580322577,0.6191560080037954|-0.8100444605486752|0.6245751544475274,0.22973074468318833|-0.6413570628207396|0.5952136524610725
130,,contact,1,0.8824969025845955,2,2,0,0,2,0,2,2,right_hand|left_hand,0.12590886186808348,0.0028474938590079546,0.10917534003965557,0.013856759062036872,,0.10917534003965557,0.6665801548900171,0.6665801548900171,,,0.9999999999999997,2.960346393744391,34,39.309095765115515,4.493454780203861,False,0.0015893784051794133,0.04214721921163381,10,0.0015893784051794133,4,0.000974660662121013,3,-0.03472155388877063,-0.030108851757193023,,0.0,0.0014314445908147231,,0.02131109679091374,0.04000050704978831,0.0735999132436482,0.03359940619385989,0.04543980600001983,0.015711011599859798,0.03899501941497049,0.051514533386330115,0.012519513971359628,0.02822682432857627,0.0205783661515993,0.524231559922296|-0.45482605550279837|0.7063854191853137,0.6148726334721544|-0.8226961714123573|0.6139693261794604,0.22769778196666676|-0.6523507488791938|0.5835451620052683
131,contact,contact,0,1.0,2,2,0,0,2,0,2,2,right_hand|left_hand,0.12644587107934058,0.0028641561511904,0.10988349001854658,0.013670100830495358,,0.10988349001854658,0.6595566562908357,0.6595566562908357,,,1.0,3.156535709608787,34,43.24310693274166,4.943154803632856,False,0.0017820877960734033,0.041471223281665276,11,0.0015686287589095245,4,0.0017820877960734033,4,-0.03490559584380648,-0.030074389232431997,,0.0,0.0010057243294833386,,0.021313098214321858,0.03896155319826337,0.07244193454330022,0.03348038134503686,0.04408092380172747,0.0160549625801551,0.037822671556629286,0.05086492686162255,0.013042255304993262,0.02806623431187144,0.02036027572484702,0.5248482585848039|-0.4595408019710963|0.7064091437535044,0.6105838650640876|-0.8344390900687708|0.6034363456886931,0.22563340023543668|-0.6609361759566195|0.5709659412122687
132,contact,contact,1,0.8824969025845955,2,2,0,0,2,0,2,2,right_hand|left_hand,0.12620712886564434,0.002852166071534157,0.1096248768735677,0.013700423063710332,,0.1096248768735677,0.656641997496763,0.656641997496763,,,0.9999999999999997,2.960346393744391,34,39.309095765115515,4.493454780203861,False,0.0015447925588947982,0.03988320673936674,12,0.0015447925588947982,6,0.000996557541129553,3,-0.03472389307901125,-0.029552755769158168,,0.0,0.001214356331387854,,0.021266778921115254,0.037777260080334885,0.07212395901169924,0.034346698931364356,0.04463013637090904,0.016334495997088146,0.0369565349353064,0.05112331012828251,0.014166775192976107,0.028548167333745086,0.02032614053904238,0.5266827823804265|-0.4662681375477175|0.7084055330723674,0.6066284995390544|-0.8461794169760929|0.5936556549744345,0.2216715620995112|-0.6702131358224264|0.5576790951948056
133,contact,contact,2,0.6065306597126334,2,2,0,0,2,0,2,2,right_hand|left_hand,0.1277224849909544,0.002848865929991007,0.11095256498083472,0.013885478023439646,,0.11095256498083472,0.6524581041992875,0.6524581041992875,,,0.9999999999999999,2.460813836732504,33,28.779929744457252,3.3220296402460243,False,0.0015178093100220481,0.03539752461127807,9,0.0015178093100220481,5,0.00032606058240806923,1,-0.03467373083234726,-0.02782236601934862,,0.0,0.0014100497615775931,,0.021166344336514337,0.03688969202023942,0.07268263228548062,0.0357929402652412,0.045622321987198546,0.016602142002703477,0.03739512761863865,0.051784388996712664,0.014389261378074017,0.02800245423502649,0.020650726881688786,0.5282138322111214|-0.47335121035524347|0.7116600460005275,0.6025148084785531|-0.8578278716179161|0.5841806540667187,0.21780380981392783|-0.6778773855132938|0.543486491167616
134,contact,contact,3,0.32465246735834974,2,2,0,0,2,0,2,2,right_hand|left_hand,0.12765460181981325,0.0028164589311927557,0.11050463607534766,0.014298316091299057,,0.11050463607534766,0.6495455147922702,0.6495455147922702,,,1.0000000000000002,1.846123770025665,33,16.669737131544604,1.9241659495977772,False,0.0014988880425960936,0.030349630010845507,11,0.0014988880425960936,6,0.0005811285513238756,1,-0.03482275592034689,-0.027403722409331976,,0.0,0.0013969915804354705,,0.02109272503269175,0.03636324980399681,0.0737358253499282,0.037372575545931395,0.04797222510388965,0.01717334168532473,0.03783063549552053,0.05355884051242662,0.01572820501690609,0.030034759357263904,0.020657244076344637,0.5287444431872836|-0.47923164159007886|0.7135747812686057,0.597770803291695|-0.8684042499717167|0.5727454631552444,0.21374130818469472|-0.6800054841143928|0.5316388627111063
135,contact,contact,4,0.25,2,2,0,0,2,0,2,2,right_hand|left_hand,0.1302552919369191,0.0029120768886059523,0.11271751788444817,0.014594313921406865,,0.11271751788444817,0.6315437080329758,0.6315437080329758,,,0.9999999999999996,1.666045712579086,33,13.121965532239948,1.5146513151159817,False,0.001488139532656467,0.030163720518451564,16,0.001488139532656467,11,0.0007109583734351277,1,-0.034444086651616246,-0.029735964859801456,,0.0,0.0014130587031346948,,0.021034422362639953,0.03716821007807109,0.07447977705136664,0.03731156697329555,0.04794803253162253,0.017362337266152605,0.03738867590478526,0.052753136224558884,0.015364460319773628,0.029405991487057893,0.020933206068930402,0.5299936759046461|-0.48154234850858535|0.7125905993074932,0.5914247280169096|-0.8797257384617089|0.5557854218851837,0.2100466450093239|-0.6853721212434382|0.5177440716762749
136,contact,contact,5,0.25,2,2,0,0,2,0,2,2,right_hand|left_hand,0.13467659894376993,0.0028105208184570074,0.11722611705772579,0.014611404854804277,,0.11722611705772579,0.6214821034030897,0.6214821034030897,,,0.9999999999999996,1.666045712579086,33,13.121965532239948,1.5146513151159817,False,0.0014658019601445742,0.02994598255148126,16,0.0014658019601445742,11,0.0006852448295236457,1,-0.03458458125006558,-0.030071467092529502,,0.0,0.0014152548868556218,,0.021068075808321436,0.03780495403265198,0.07451773416496951,0.03671278013231753,0.04693297432205068,0.017664709131434086,0.0368517681028159,0.0531468209531824,0.016295052850366497,0.030245816662418212,0.020895419557477972,0.5330286725511676|-0.48714193725698024|0.711277421449504,0.5841470765815849|-0.8919331815648169|0.535409955422219,0.20642123570377902|-0.688379629234874|0.5003929490167369
137,contact,contact,6,0.25,2,2,0,0,2,0,2,2,right_hand|left_hand,0.13292635581456125,0.0028056970331817865,0.11521168402396142,0.014878664165735245,,0.11521168402396142,0.6212128014953083,0.6212128014953083,,,1.0000000000000002,1.6695553926077986,32,12.949071282278956,1.510215445792283,False,0.0014491542530800892,0.02949333863108211,16,0.0014491542530800892,11,0.0004839377249711563,1,-0.03461804310980199,-0.03047676027881785,,0.0,0.0014089200489641508,,0.021094929284615586,0.03760201398436941,0.07530013660466701,0.037698122620297606,0.04596296573314369,0.017191921076905328,0.035277974634717206,0.053345006958552786,0.01806703232383558,0.03163209688657307,0.02103371506932514,0.5372049810433341|-0.4937557725260309|0.7098471098394608,0.576428746424678|-0.9054511120301726|0.5146331569406308,0.2027842605630452|-0.6917109506794192|0.480978272524772
138,contact,contact,7,0.25,2,2,0,0,2,0,2,2,right_hand|left_hand,0.13134534005075693,0.0027778600342571735,0.11408481211401522,0.014453779207542539,,0.11408481211401522,0.6205030649685881,0.6205030649685881,,,1.0000000000000002,1.6695553926077986,32,12.949071282278956,1.510215445792283,False,0.0014494316000060459,0.029374191790105197,17,0.0014494316000060459,11,0.00031012069910955897,1,-0.034846470019340714,-0.030837848374829946,,0.0,0.001411673967224621,,0.02109165922655923,0.03719016018660909,0.0765078158591732,0.03931765567256411,0.04678253379574639,0.017310085505018374,0.03349995747610454,0.053588909458358536,0.020088951982253994,0.03349493995571841,0.02066771256679589,0.5410157732440899|-0.49872417651276196|0.7053930290077142,0.5701500615460886|-0.9159255456849194|0.4892234570500884,0.19989563611674338|-0.6944887570280114|0.4592366150138095
139,contact,contact,8,0.25,2,2,0,0,2,0,2,2,right_hand|left_hand,0.1548542222008109,0.0029000788927078247,0.13738257996737957,0.014540564035996795,,0.13738257996737957,0.6190700533174922,0.6190700533174922,,,1.0000000000000002,1.6695553926077986,32,12.949071282278956,1.510215445792283,False,0.0014492096237866021,0.028967274459815368,19,0.0014492096237866021,12,0.00023342581195119616,1,-0.03568028281971358,-0.028669644598055655,,0.0,0.0014135877144072276,,0.021066435212192813,0.037038735688581556,0.07689601375034913,0.03985727806176757,0.04665962926067934,0.017356622264931267,0.032157867581038,0.05493193619834476,0.022774068617306756,0.03613682933172925,0.020128278964476606,0.5442295714394715|-0.5066397610687635|0.7016868622095366,0.5638421363922046|-0.9250390465876563|0.4620073042681743,0.19701224110750665|-0.695464417802418|0.4332878909009021
140,contact,contact,9,0.25,2,2,0,0,2,0,2,2,right_hand|left_hand,0.13065729406662285,0.0028469329699873924,0.11357041099108756,0.01420779898762703,,0.11357041099108756,0.6231383314231023,0.6231383314231023,,,1.0000000000000002,1.6730792531618777,31,12.766793576102716,1.5053641577349146,False,0.0014487836948850544,0.029003976434111456,20,0.0014487836948850544,13,0.000244775168337652,1,-0.03576016730578857,-0.03151191841833523,,0.0,0.0014131489582297327,,0.021102729123197883,0.03578640923127751,0.07721394521505691,0.0414275359837794,0.047569049106609446,0.01765024979424187,0.0300754923830141,0.054759429263485884,0.024683936880471786,0.03611724468288223,0.01901965936076529,0.54697267676028|-0.5123906991095322|0.6955065443365048,0.5581582817283848|-0.9339124963326989|0.4336925486675303,0.19201966969053968|-0.7040754181429928|0.41255142516803106
141,contact,contact,10,0.25,2,2,0,0,2,0,2,2,right_hand|left_hand,0.13063897797837853,0.0028497749008238316,0.11337622301653028,0.014382835011929274,,0.11337622301653028,0.6369128288160496,0.6369128288160496,,,1.0000000000000002,1.6730792531618777,31,12.766793576102716,1.5053641577349146,False,0.0020114470511495425,0.02921445345662496,21,0.0020114470511495425,14,0.00019791823351134052,1,-0.03689091812560186,-0.03156191698577793,,0.0,0.001414283741503594,,0.02121108357180869,0.03574854234825055,0.0767196574542037,0.04097111510595315,0.046836689856371794,0.017685678167194966,0.029128209657845315,0.05497797894259385,0.025849769284748532,0.037042736003615566,0.01896333513566304,0.5513122268131235|-0.5179116511689803|0.687068467029605,0.5523697305880549|-0.9424092304619578|0.4046438840978605,0.19013577552733657|-0.7079725534774954|0.3857600998815084
142,contact,contact,11,0.25,2,2,0,0,2,0,2,2,right_hand|left_hand,0.13471917808055878,0.0028437958098948,0.11760403611697257,0.014238568022847176,,0.11760403611697257,0.655946449062329,0.655946449062329,,,1.0000000000000002,1.6695553926077986,32,12.949071282278956,1.510215445792283,False,0.0028784088497317978,0.029191157881619495,21,0.0028784088497317978,14,0.00024575728992179413,1,-0.03763185842563921,-0.031534209890475395,,0.0,0.0014148767450446857,,0.02133192320955735,0.03462375263846536,0.07650193898900218,0.04187818635053682,0.04746510413476966,0.018494746303069402,0.028020788934438465,0.055451723465769334,0.02743093453133087,0.038251558156392584,0.01887042097336621,0.5541675709731242|-0.525463748677661|0.6799944303891896,0.5460742098858328|-0.9544805682755447|0.3781548123707589,0.18998274337371684|-0.7109206007522619|0.35812076716281516
143,contact,contact,12,0.25,2,2,0,0,2,0,2,2,right_hand|left_hand,0.13576440094038844,0.0028675629291683435,0.11823990615084767,0.014627673896029592,,0.11823990615084767,0.6702628191527962,0.6702628191527962,,,1.0000000000000002,1.6695553926077986,32,12.949071282278956,1.510215445792283,False,0.003983725382460335,0.02949738319880038,21,0.003983725382460335,14,0.0006421563522115564,1,-0.039386007131888334,-0.03163469789975437,,0.0,0.0014217286883118894,,0.02137880397440847,0.03369328420338895,0.07452565091068442,0.04083236670729547,0.0501193563024515,0.01832654324844245,0.026296471248980664,0.05567700675491465,0.02938053550593399,0.03948042262586748,0.019045350304510676,0.5556519895203793|-0.5314002622313871|0.6708072257448138,0.5429999090516457|-0.9619065540834926|0.3494473177600208,0.1901716047164699|-0.7141699261006389|0.32983195092208656
144,contact,contact,13,0.25,2,2,0,0,2,0,2,2,right_hand|left_hand,0.13594537414610386,0.002811884041875601,0.11868951586075127,0.014414772158488631,,0.11868951586075127,0.6953315450019966,0.6953315450019966,,,1.0000000000000002,1.6695553926077986,32,12.949071282278956,1.510215445792283,False,0.0014475391150200953,0.03030729992793496,21,0.0014475391150200953,14,0.0006045802073544049,1,-0.03955892095904723,-0.03180015603860653,,0.0,0.001414831179144189,,0.02146596408526159,0.033285469857844606,0.07418118511998353,0.04089571526213893,0.05222566673217295,0.017981030651620586,0.025350095900338942,0.05583161216194038,0.03048151626160144,0.04010246460325718,0.01894696144253342,0.5581472799136662|-0.5370160016475244|0.6591820730263148,0.5411471425616599|-0.9694577168161584|0.32033180265301375,0.19030705393576777|-0.7178735525287806|0.30215105678183235
145,contact,contact,14,0.25,2,2,0,0,2,0,2,2,right_hand|left_hand,0.13473659590817988,0.002816916210576892,0.11754976096563041,0.01434174901805818,,0.11754976096563041,0.7170206070643529,0.7170206070643529,,,1.0000000000000002,1.662550127650893,34,13.285532852830249,1.518680090272744,False,0.0014472166840725047,0.031920925623289104,21,0.0014472166840725047,14,0.0006410348917550157,1,-0.03910237254965665,-0.031806331229201845,,0.0,0.0014139667610976688,,0.02164982463381962,0.032705732092806486,0.07262365149941848,0.03991791940661199,0.052387314983993544,0.01736325571854191,0.024063446130862132,0.056127740389682594,0.03206429425882046,0.041098499451670524,0.018798364951785766,0.5623486584786445|-0.5432410756315039|0.6466765837282649,0.5384917353220027|-0.97756130395237|0.29495392637725537,0.19020536533342758|-0.7206639348812334|0.2751590693833758
146,contact,contact,15,0.25,2,2,0,0,2,0,2,2,right_hand|left_hand,0.13465112703852355,0.0028615868650376797,0.11734517896547914,0.01441400800831616,,0.11734517896547914,0.7475913324215905,0.7475913324215905,,,1.0000000000000002,1.662550127650893,34,13.285532852830249,1.518680090272744,False,0.0014475000133842356,0.03309069705631873,21,0.0014475000133842356,14,0.001175533245312596,1,-0.03881271144468634,-0.03182922217583872,,0.0,0.0014073138907507402,,0.0219769991574328,0.03168998651567943,0.07237870226825256,0.04068871575257313,0.05358326420648504,0.017623131489020945,0.02323291434889417,0.056096474621796066,0.032863560272901896,0.04060231529328685,0.01933262996794049,0.5604949358476711|-0.5444723801923673|0.6325132626601823,0.5365091208210577|-0.9831794321661509|0.2698396307235421,0.19003387698110077|-0.723639912980163|0.24804673847787312
147,contact,contact,16,0.25,2,2,0,0,2,0,2,2,right_hand|left_hand,0.1345883880276233,0.002793549094349146,0.11712419614195824,0.01464189705438912,,0.11712419614195824,0.7925867473271818,0.7925867473271818,,,1.0000000000000002,1.662550127650893,34,13.285532852830249,1.518680090272744,False,0.0015375857640326923,0.03441227796286017,20,0.0015375857640326923,14,0.0008383363047198417,1,-0.03837938407100161,-0.032443511500805045,,0.0,0.0013812453353623376,,0.022343218596192628,0.030619936521373375,0.07094486277226862,0.040324926250895246,0.05481290947097291,0.01736545803625602,0.02300405103576325,0.05670743844637497,0.03370338741061172,0.04060243003361231,0.01996939042610963,0.560689038327909|-0.5486947912799912|0.6204384180105428,0.5319069831693092|-0.990822372134714|0.2476502482733063,0.19029647513320366|-0.7246629047251645|0.22495110452529488
148,contact,contact,17,0.25,2,2,0,0,2,0,2,2,right_hand|left_hand,0.1396317440085113,0.00286126509308815,0.12183287902735174,0.014905245043337345,,0.12183287902735174,0.8057371491692165,0.8057371491692165,,,0.9999999999999996,1.666045712579086,33,13.121965532239944,1.5146513151159817,False,0.001448075176988601,0.03575694694167669,20,0.001448075176988601,14,0.0006334330326987353,1,-0.0383331103479545,-0.032737100773323036,,0.0,0.0013835995958785042,,0.02248431338131875,0.030423132318076654,0.07097027672477088,0.04054714440669423,0.05406352482357089,0.017474629009356285,0.022649022153710126,0.057337118605872935,0.03468809645216281,0.04051144832317111,0.020041086844811967,0.5614791691836846|-0.5547631440661059|0.6085181984393998,0.5284901164397243|-0.9954345878295581|0.2251797003761864,0.19044586500720173|-0.7252097012064219|0.2037795703002357
149,contact,contact,18,0.25,2,2,0,0,2,0,2,2,right_hand|left_hand,0.1660296560730785,0.002832107013091445,0.14810504205524921,0.015060873934999108,,0.14810504205524921,0.8169899807103259,0.8169899807103259,,,1.0000000000000002,1.6695553926077986,32,12.949071282278956,1.510215445792283,False,0.0014480660123228142,0.0370480344346254,19,0.0014480660123228142,14,0.0009163283870631533,1,-0.03875606721718228,-0.03249649772467578,,0.0,0.0013878766191856994,,0.022553115673451578,0.029357986456967522,0.07087413564764934,0.04151614919068182,0.05391141768886723,0.017909971814350865,0.022605804200706885,0.05858024319918889,0.035974438998482,0.04243806741544733,0.020457090035360875,0.5621985297992527|-0.5598549156865684|0.5967720552635812,0.5246837688061365|-0.9990436488067298|0.20512063008057713,0.1894933388687003|-0.7268050279893099|0.18436969362397915
150,contact,contact,19,0.25,2,2,0,0,2,0,2,2,right_hand|left_hand,0.14929532096721232,0.0028042939957231283,0.13141275779344141,0.015048497123643756,,0.13141275779344141,0.827147683461933,0.827147683461933,,,1.0000000000000002,1.6695553926077986,32,12.949071282278956,1.510215445792283,False,0.0037014248201935884,0.03852998892478107,19,0.0037014248201935884,14,0.0007844501789231045,1,-0.03860883355358169,-0.032147349903736355,,0.0,0.0013901672918303829,,0.022858818864799166,0.028421487278345592,0.07122357159011677,0.04280208431177118,0.05108251263512233,0.01798133388520514,0.022795398613914934,0.05922631050797609,0.036430911894061155,0.04246886225384266,0.020875066286811343,0.5654612638291133|-0.5649901280053091|0.5849209832509091,0.5193359135673996|-1.003658421069017|0.18677467911367768,0.1904438507045441|-0.7247890571901039|0.1683883958413995
151,contact,contact,20,0.25,2,2,0,0,2,0,2,2,right_hand|left_hand,0.15448526805266738,0.0028017309959977865,0.1364553039893508,0.015199145069345832,,0.1364553039893508,0.8324229495629405,0.8324229495629405,,,0.9999999999999996,1.666045712579086,33,13.121965532239944,1.5146513151159817,False,0.0014472581872540732,0.039564243798952126,20,0.0014472581872540732,14,0.0004821469404469175,2,-0.03577610482489746,-0.032217543602602206,,0.0,0.0013937765911757848,,0.02288943332120199,0.027491255393820906,0.0739395691850698,0.0464483137912489,0.052051873503508025,0.017875418700595357,0.024166264173624576,0.05798987865589754,0.03382361448227296,0.04067149605439741,0.02177036285641725,0.5655288473278246|-0.5671906201964872|0.5745306266900878,0.5173655188178752|-1.0072301751210442|0.17142053900264348,0.19011011860804672|-0.7231246085890138|0.155687616228741
152,contact,contact,21,0.25,2,2,0,0,2,0,2,2,right_hand|left_hand,0.15683402703143656,0.0028230571188032627,0.1386395120061934,0.015337937977164984,,0.1386395120061934,0.8332347040223091,0.8332347040223091,,,0.9999999999999996,1.666045712579086,33,13.121965532239944,1.5146513151159817,False,0.001809628295200913,0.0404618879769299,20,0.001809628295200913,14,0.0009309204238012181,2,-0.03550340908221017,-0.03306041815895533,,0.0,0.0013977327544036397,,0.022970488099496308,0.02702965980338548,0.0740260561061219,0.046996396302736415,0.049303212744432924,0.017904934989472127,0.023788094968484014,0.05680871795480601,0.033020622986321996,0.04089009449101644,0.021781490673374756,0.5661989381525203|-0.5685986438379182|0.5642644782187485,0.5120146928996024|-1.009963518438632|0.15675990943676638,0.18944628332539773|-0.7213908374702365|0.14477878658654375
153,contact,contact,22,0.25,2,2,0,0,2,0,2,2,right_hand|left_hand,0.15758008300326765,0.0028190140146762133,0.1392139468807727,0.015513862017542124,,0.1392139468807727,0.8395240225436457,0.8395240225436457,,,0.9999999999999996,1.666045712579086,33,13.121965532239944,1.5146513151159817,False,0.0020172527682599667,0.04112986167076288,20,0.0020172527682599667,14,0.0010013673497302894,2,-0.037312018310036166,-0.03300286653804285,,0.0,0.0014058785765983734,,0.02309122539014107,0.02688294377487423,0.07194664275392375,0.04506369897904952,0.04702104955019561,0.018316183170776303,0.023580982661257258,0.05678319773070634,0.033202215069449086,0.04244177145666353,0.02174468694129517,0.5658417736717462|-0.5694578974180972|0.5565691882427267,0.5073698521064985|-1.0099962369095379|0.14571760935479217,0.18721347492690155|-0.7191599735696348|0.1376452744075844
154,contact,contact,23,0.25,2,2,0,0,2,0,2,2,right_hand|left_hand,0.15519489091821015,0.0028037799056619406,0.13691158290021122,0.015451133018359542,,0.13691158290021122,0.8321223938080016,0.8321223938080016,,,0.9999999999999996,1.666045712579086,33,13.121965532239944,1.5146513151159817,False,0.0015715667565358027,0.0417708593559841,20,0.0014502335702308404,14,0.0015715667565358027,2,-0.039574512504430004,-0.033169640838234926,,0.0,0.001405284829946205,,0.023025351748529353,0.027578374618385686,0.06836224419736801,0.04078386957898233,0.045071573705668756,0.01851466465607785,0.023521168087791845,0.05682637686928595,0.0333052087814941,0.04645528688712137,0.021926992834734906,0.5663317750346366|-0.5726392946510008|0.5530824457678277,0.5028106601133082|-1.0095651080266743|0.1393188742486842,0.18426253474725418|-0.7167846119677176|0.13766271041038092
155,contact,contact,24,0.25,2,2,0,0,2,0,2,2,right_hand|left_hand,0.15678025595843792,0.0028247619047760963,0.1381769049912691,0.01574816112406552,,0.1381769049912691,0.829343899557563,0.829343899557563,,,0.9999999999999996,1.666045712579086,33,13.121965532239948,1.5146513151159817,False,0.0014476103132867527,0.04215255689483083,21,0.0021489751312105954,13,0.0011249403963645294,4,-0.03866892693000601,-0.03536405230205375,,0.0,0.0014158835247380251,,0.022913799663434563,0.028482638957139813,0.06579035199685933,0.03730771303971951,0.0460992447264388,0.017804583878017068,0.02312318671560958,0.0566814588759006,0.03355827216029102,0.048106983098169166,0.0217706258546397,0.5649637378950083|-0.5710214292431484|0.550516304405778,0.5016612683716002|-1.0090403351369224|0.13799882334500288,0.18348979074038435|-0.7144145916155716|0.13764843757954057
156,contact,contact,25,0.25,2,2,0,0,2,0,2,2,right_hand|left_hand,0.15484163910150528,0.002830751007422805,0.1363327659200877,0.015648243948817253,,0.1363327659200877,0.8287711891600609,0.8287711891600609,,,0.9999999999999996,1.666045712579086,33,13.121965532239948,1.5146513151159817,False,0.001450557708094248,0.04255609147760894,20,0.007328516060234547,12,0.0010225740388898896,4,-0.038916160846039105,-0.034274498553678256,,0.0,0.0014064033437151049,,0.022797208458398766,0.029430555194348028,0.0627847324305024,0.033354177236154366,0.046908433092269844,0.017762031979880962,0.022366269712316186,0.058610080918307175,0.03624381120599099,0.051507479363917495,0.02167139612630765,0.564161403097419|-0.5713845458540503|0.5488552846782504,0.49867252262882494|-1.0091499246903741|0.1379920901787953,0.18159689221829436|-0.711831124968413|0.1376354220644263
157,contact,contact,26,0.25,2,2,0,0,2,0,2,2,right_hand|left_hand,0.15281762299127877,0.002814686158671975,0.1343536120839417,0.015621104976162314,,0.1343536120839417,0.8291952462194259,0.8291952462194259,,,1.0000000000000002,1.662550127650893,34,13.285532852830249,1.518680090272744,False,0.001450576725913047,0.04294142791392783,20,0.008619395416428366,11,0.0009998870339388843,4,-0.03873332107784577,-0.03346557777542003,,0.0,0.0013945566864139581,,0.02274611104111131,0.029674758276009964,0.06190979675728285,0.03223503848127289,0.04717373554646339,0.017865008773781898,0.022004248975370743,0.05952175938166346,0.03751751040629271,0.05348964731894765,0.02167339489707228,0.5636503558233823|-0.5728214041205061|0.5475741669799349,0.49761171139904825|-1.0091274785505047|0.13800011712592603,0.1813455545309955|-0.7102091030055676|0.13758356054536147
158,contact,contact,27,0.25,2,2,0,0,2,0,2,2,right_hand|left_hand,0.15450073103420436,0.0028288860339671373,0.1361646361183375,0.01547723705880344,,0.1361646361183375,0.8359699021481966,0.8359699021481966,,,1.0000000000000002,1.662550127650893,34,13.285532852830249,1.518680090272744,False,0.001450462255715903,0.04330490277488008,20,0.00670149025878225,11,0.0009998042323281914,4,-0.03820240964276067,-0.032184135136869685,,0.0,0.0013876537919933858,,0.02278849576892632,0.028822959556492993,0.06147546460617109,0.0326525050496781,0.04807977354294607,0.017781125185632254,0.023525633929019848,0.06030073910579089,0.036775105176771045,0.05402628733670047,0.0217858249968379,0.5629352771534599|-0.5746125648004596|0.5462674479320184,0.495850392511465|-1.0110108303028245|0.1379894609918498,0.18219373397999764|-0.7090106847123943|0.1374897170001615
159,contact,contact,28,0.25,2,2,0,0,2,0,2,2,right_hand|left_hand,0.17835192708298564,0.002830435987561941,0.1597501749638468,0.015735703986138105,,0.1597501749638468,0.8308845581154315,0.8308845581154315,,,0.9999999999999998,1.659068553083131,35,13.439829317773679,1.5223096209449638,True,0.0014467540504313897,0.043691235043995524,20,0.006064336136306719,11,0.0009876134538308462,4,-0.03767898191404129,-0.03123477459980073,,0.0,0.0013738441277363904,,0.02272311020971329,0.028222029035005217,0.06083427067705807,0.032612241642052855,0.0479273736258676,0.017823907304399676,0.02496753139055983,0.061087643469075664,0.036120112078515836,0.05345580483974952,0.021751348040377014,0.5614584574672601|-0.5774649193982082|0.5455757383363409,0.4921964191422401|-1.01431192974078|0.1380115712695329,0.18235223188737465|-0.7087131517407069|0.13738814610688077
160,contact,contact,29,0.25,2,2,0,0,2,0,2,2,right_hand|left_hand,0.1526234489865601,0.0028686239384114742,0.13461591699160635,0.015107627958059311,,0.13461591699160635,0.8420354521359523,0.8420354521359523,,,1.0,1.655600904813642,36,13.584910552203988,1.525547309695319,True,0.0014503205332581613,0.04361678407907724,21,0.0059366206472082905,13,0.001001838584279796,3,-0.03645490965360487,-0.029682652499166906,,0.0,0.0014116210604336785,,0.02279197023308192,0.027716878355266827,0.06329377709202383,0.035576898736757,0.05114822756220085,0.01779123770735945,0.026678162967446153,0.06194718897940874,0.03526902601196259,0.05564780065478597,0.02230460777381411,0.5628112485404538|-0.5797344570340532|0.5438502202638034,0.49436923892321205|-1.015392633530706|0.1380277459440605,0.18220602010384826|-0.7083438904989514|0.13710677903224236
161,contact,contact,30,0.25,2,2,0,0,2,0,2,2,right_hand|left_hand,0.15579245705157518,0.0048960361164063215,0.13573858281597495,0.015123491873964667,,0.13573858281597495,0.8392941690089859,0.8392941690089859,,,1.0,1.655600904813642,36,13.584910552203988,1.525547309695319,True,0.001450244041222161,0.043562838624099265,20,0.005039517427734258,12,0.0012893084854476433,3,-0.03567545826476248,-0.02981519926612286,,0.0,0.001402289450775847,,0.022774815775932437,0.027859850731173672,0.06317316623136758,0.03531331550019391,0.05086371082087537,0.01777998675124437,0.028178550168756502,0.062202955122231535,0.03402440495347503,0.055820578341500504,0.021871502125696766,0.5615718848638461|-0.5817139700033648|0.543358211410171,0.4915991201502625|-1.0180377697549536|0.13801010449967374,0.18295971576263365|-0.7073277913134414|0.13654750138523042
162,contact,contact,31,0.25,2,2,0,0,2,0,2,2,right_hand|left_hand,0.15243814210407436,0.002846766961738467,0.13443282013759017,0.015127218095585704,,0.13443282013759017,0.8317653906815334,0.8317653906815334,,,1.0,1.655600904813642,36,13.584910552203988,1.525547309695319,True,0.0019509109365532934,0.043521143641499005,20,0.0034113582408976384,12,0.0019509109365532934,3,-0.03511882251834919,-0.030151637908907958,,0.0,0.0013933187425328977,,0.02271533568953742,0.029374126293451857,0.06293362148452036,0.0335594951910685,0.049729356796761714,0.017785392963612874,0.029207366910765007,0.06241421530713516,0.033206848396370156,0.055032172419662115,0.021856549014716304,0.5590631001953029|-0.5830980305253153|0.5434622851056544,0.4898904925483701|-1.0197034053280174|0.13799213365144158,0.1829118498542627|-0.7068803868601227|0.135602324964898
163,contact,contact,32,0.25,2,2,0,0,2,0,2,2,right_hand|left_hand,0.15248577808961272,0.0027895867824554443,0.13447647308930755,0.015188306104391813,,0.13447647308930755,0.8220376742792481,0.8220376742792481,,,0.9999999999999999,1.6521470994514162,37,13.720831737142275,1.528400137168541,True,0.0018835373200733613,0.04349967860795992,20,0.0027335402352362537,12,0.0018835373200733613,3,-0.034888826399061657,-0.030090354984745105,,0.0,0.0013101719347593714,,0.022688855211038167,0.03150428727660695,0.06265207236363729,0.03114778508703034,0.04807546241160884,0.01790398239053029,0.03064899263967678,0.06267333382881932,0.03202434118914253,0.05227797658464818,0.02169755508810031,0.5577367593144955|-0.5843872144641565|0.5430063678359451,0.4888038441076897|-1.0209717928806108|0.13796294448382548,0.18067726430873624|-0.7093797518016509|0.13491652940615345
164,contact,contact,33,0.25,2,2,0,0,2,0,2,2,right_hand|left_hand,0.15267080999910831,0.0028279139660298824,0.1346337089780718,0.015177770983427763,,0.1346337089780718,0.8009251348999266,0.8009251348999266,,,0.9999999999999997,1.6487070542699152,38,13.847647613920183,1.530874684983692,True,0.0014506307555168588,0.04350067603717714,20,0.0033070616425555366,12,0.0012301922696131423,3,-0.035423809477380885,-0.02970849359046568,,0.0,0.0013245815054945345,,0.02251076472563883,0.0342397784909616,0.062010104775568904,0.0277703262846073,0.0456054511025213,0.017942192759817448,0.03187776298455548,0.06307475810075674,0.031196995116201262,0.04870901163265109,0.021211001187437635,0.5567305084784633|-0.5865822885935749|0.5434063604464601,0.4876867126482912|-1.0215231143484664|0.13787601148757275,0.1794747883479594|-0.7107687655378089|0.13488108340674554
165,contact,contact,34,0.25,2,2,0,0,2,0,2,2,right_hand|left_hand,0.15399739798158407,0.0028274988289922476,0.13587287394329906,0.015265284106135368,,0.13587287394329906,0.7835944264732152,0.7835944264732152,,,0.9999999999999999,1.6452806872004682,39,13.965412488550546,1.5329771565387915,True,0.0014507230586525525,0.04320724227480355,20,0.0036989498235192875,12,0.0012019876757155407,3,-0.036832795735163515,-0.029824563713148677,,0.0,0.0013268750892138554,,0.0223944272668688,0.03852701768521481,0.061386294383907074,0.02285927669869226,0.042061849017679655,0.0181293341627845,0.03195709422104406,0.06306045537284759,0.031103361151803524,0.04420557703061635,0.02050839612190781,0.5555990279277013|-0.5869810173765361|0.5443731333833204,0.48871209104505436|-1.0195966848987144|0.13774083590101086,0.17986348948021588|-0.7103454948094653|0.134743786724451
166,contact,contact,35,0.25,2,2,0,0,2,0,2,2,right_hand|left_hand,0.15288570895791054,0.0029020209331065416,0.13473211508244276,0.015219988999888301,,0.13473211508244276,0.7753285620932033,0.7753285620932033,,,0.9999999999999999,1.641867916825742,40,14.074180236046182,1.5347133959223827,True,0.0014506949351207644,0.04307693096953441,20,0.0033454913191396374,12,0.0009998860275935578,3,-0.03780639639268912,-0.02881888164560742,,0.0,0.0013085951082440434,,0.022429055087057947,0.044143587607936095,0.0611313954574325,0.016987807849496404,0.03775287263998153,0.018306842985419167,0.032630351534713914,0.06378924666270455,0.031158895127990638,0.03979553151843054,0.02042522100210934,0.5544601904377028|-0.5871850217672467|0.5453916016956402,0.48987734749169454|-1.017908410291463|0.13761957266032465,0.17786138703324936|-0.711901497463195|0.1351017766115567
167,contact,contact,36,0.25,2,2,0,0,2,0,2,2,right_hand|left_hand,0.15318377292715013,0.002852494129911065,0.1348330439068377,0.01546583790332079,,0.1348330439068377,0.7656890859072906,0.7656890859072906,,,0.9999999999999999,1.6384686623732923,41,14.174004304687081,1.5360889051028856,True,0.0014507014138117717,0.04297879647838651,19,0.0032885224614347397,12,0.000963978364783763,2,-0.03900702918880583,-0.028873119207021958,,0.0,0.0011725884794537044,,0.022441421002917277,0.05102108597820686,0.061057068286559234,0.010035982308352377,0.030219902714162982,0.017960387142177993,0.03403831060581309,0.06441462342213575,0.030376312816322658,0.035964965122293545,0.02070476572136745,0.5539837504163052|-0.5877087050747313|0.5478468506087347,0.4916039978877328|-1.0157395605419308|0.13813108007550517,0.17817357645416945|-0.7116567804192241|0.13874458199065087
168,,contact,37,4.801277241771782e-75,2,2,0,0,2,0,2,2,,0.1525185308419168,0.0028257600497454405,0.1344104700256139,0.01524984696879983,,0.1344104700256139,0.76906010449975,0.76906010449975,,,1.0,1.0,0,0.0,0.0,True,0.0015176738484958263,0.042372694378726844,16,0.00327682267585247,11,0.0008518614846117767,1,-0.036624796274477234,-0.025908682473771094,,0.0,0.001414930393797183,,0.022285578475836027,0.057945770332680925,0.06324863013106137,0.005302859798380445,0.030393596105660833,0.018265497300948973,0.03768593914257465,0.07231681936513418,0.03463088022255953,0.03640404801213426,0.020320645057243646,0.5505538581353042|-0.5839755276399525|0.5566642193635152,0.4962141886664097|-1.0134988659117858|0.14533459043577007,0.17735588734723295|-0.7091830814079298|0.1555113671884904
169,,contact,38,4.0723586257611754e-79,2,2,0,0,2,0,2,2,,0.14895799197256565,0.0028075510635972023,0.1313206481281668,0.01479917299002409,,0.1313206481281668,0.7575655773821933,0.7575655773821933,,,1.0,1.0,0,0.0,0.0,True,0.0014675755572083372,0.0419964273137394,15,0.0033650770584381373,10,0.0007203295344599403,1,-0.028665255585680782,-0.0327325600568944,,0.0,0.0014132599203852396,,0.022196031591785976,0.06520212713187788,0.07031071020107409,0.005108583069196204,0.027733217463539628,0.018466030914875933,0.04522794336980984,0.06952277253201818,0.024294829162208334,0.030094179027400563,0.020277744598942663,0.5473584046073771|-0.5849933703068587|0.565631772343798,0.5039717210198439|-1.0137649352804827|0.1512247614042116,0.1819404367708743|-0.7085038205399439|0.16783655397135044
170,,contact,39,2.6900579025827697e-83,2,2,0,0,2,0,2,2,,0.14685785816982388,0.0027283881790935993,0.12948990100994706,0.014606029028072953,,0.12948990100994706,0.7406231023346963,0.7406231023346963,,,1.0,1.0,0,0.0,0.0,True,0.0014685548280184424,0.041552308385968684,13,0.0033603405169984057,9,0.0,0,-0.016932284976624246,-0.027102320872783636,,0.0,0.001413362174796508,,0.022023618716568324,0.07218582435300443,0.08080624984910748,0.008620425496103049,0.025837550656070917,0.018369450480794514,0.049393140583701305,0.07358918319284173,0.024196042609140427,0.03011563456148814,0.01981169723813674,0.5455151515102259|-0.5852046850126452|0.5740795099548881,0.5129929707958969|-1.0158288384334044|0.16121067455285046,0.18347661556971123|-0.6968961084433859|0.18018047101320744
171,,contact,40,1.3838965267367376e-87,2,2,0,0,2,0,2,2,,0.1433588268700987,0.002709851134568453,0.12631912506185472,0.014300547074526548,,0.12631912506185472,0.7319112593596946,0.7319112593596946,,,1.0,1.0,0,0.0,0.0,False,0.001406467674629125,0.04061322213591395,13,0.0033176622921406163,9,0.0,0,-0.0021346011489651318,-0.02562187892476331,,0.0,0.0014138873114080902,,0.02188982631646916,0.0817515852275083,0.09522151412420611,0.013469928896697805,0.025787197130515985,0.01890610502887671,0.05656154740956927,0.0783400101077027,0.021778462698133425,0.027673411131154953,0.019581286325227466,0.5435048904264426|-0.5858865629129871|0.5854891938184374,0.5253505037800633|-1.0159951615487863|0.17775439420804517,0.18563059645214336|-0.6913094597688553|0.1966338285408971
172,,contact,41,5.544622590477945e-92,2,2,0,0,2,0,2,2,,0.13908332609571517,0.0028430339880287647,0.12237378908321261,0.013837839011102915,,0.12237378908321261,0.7221248202672498,0.7221248202672498,,,1.0,1.0,0,0.0,0.0,False,0.001403562324911952,0.03985734402174143,13,0.0032773474505289335,9,0.0,0,0.013701183632532477,-0.01332207419482856,,0.0,0.0014144917120306746,,0.021811013759071168,0.08741630480404104,0.09628065897241259,0.008864354168371544,0.025394979947163023,0.018921811747604253,0.06847629255171706,0.09197535503055293,0.023499062478835875,0.02771633163197197,0.020431749446329316,0.5436719705858685|-0.5851951663959262|0.5967279424312931,0.5392347404584158|-1.0135699489246153|0.19492504529773352,0.18528688175753014|-0.6801925825314769|0.21460855070285542
173,,contact,42,1.73008220968259e-96,2,2,0,0,2,0,2,2,,0.13399098394438624,0.002774149179458618,0.11754524102434516,0.013643835205584764,,0.11754524102434516,0.7129458335551943,0.7129458335551943,,,1.0,1.0,0,0.0,0.0,False,0.001435777160973449,0.0392837483743427,13,0.003212840348059298,9,0.0,0,0.027981237340073406,-0.0010217215403702795,,0.0,0.0014139710145213895,,0.021735457800784327,0.08849723896939748,0.10108764939963456,0.012590410430237078,0.02451034876544191,0.0192833601289782,0.07654651471494775,0.0983946253681525,0.021848110653204744,0.027830727734544133,0.020236017432139028,0.5447561941858012|-0.5861393819181825|0.6081123818468344,0.5537144141561783|-1.0088261726543395|0.21192751645408212,0.18674915567765285|-0.6688172632671712|0.23211903305233528
174,,contact,43,4.204243584226447e-101,2,2,0,0,2,0,2,2,,0.1291791070252657,0.0028084581717848778,0.1130293239839375,0.013313088798895478,,0.1130293239839375,0.6956899161498465,0.6956899161498465,,,1.0,1.0,0,0.0,0.0,False,0.0014070447563777622,0.03853614123016716,13,0.0032808881487431663,9,0.0,0,0.044268408682764715,0.014078975273790206,,0.0,0.0014137517130419748,,0.021560629023481503,0.09535643335873249,0.10414434963869207,0.008787916279959576,0.024350652477221485,0.019175213436599396,0.08196116553129464,0.09962847637752438,0.017667310846229745,0.02801723583541554,0.02020776291961132,0.5455380266567407|-0.583406555425097|0.6191064049648936,0.5694886167681401|-1.0027853387576438|0.23228265660216355,0.18886596140260822|-0.6568393020908051|0.2514168061611685
175,,contact,44,7.9567438919514e-106,2,2,0,0,2,0,2,2,,0.12420241790823638,0.0028122428338974714,0.10848377086222172,0.01287768711335957,,0.10848377086222172,0.7014215639899707,0.7014215639899707,,,1.0,1.0,0,0.0,0.0,False,0.00146549157396747,0.037786104348727645,14,0.0032480913721732174,9,0.0,0,0.04484809848912974,0.014220352603553366,,0.0,0.001413394362880496,,0.0216101775792964,0.10933019893862801,0.11388629885525453,0.004556099916626519,0.024714365756054478,0.01928069737935294,0.09345158665985749,0.10467352587151635,0.011221939211658857,0.026436706993801806,0.020431997152090094,0.5483593742714262|-0.582652254102749|0.6305387641668359,0.5865752675009748|-0.9952076481723073|0.2556222877801268,0.19223445825113483|-0.6455378578981592|0.2713180934222583
176,,contact,45,1.172760333284856e-110,2,2,0,0,2,0,2,2,,0.12154540093615651,0.0027939779683947563,0.10597233893349767,0.012748846085742116,,0.10597233893349767,0.6982136073714914,0.6982136073714914,,,1.0,1.0,0,0.0,0.0,False,0.0014020014555772495,0.03701577506671255,13,0.0032414610302861635,8,0.0,0,0.04757612877360451,0.013157012844215998,,0.0,0.0014165143008590742,,0.021587504071991254,0.11992225228588647,0.13102760512277262,0.011105352836886143,0.025693994509904946,0.019383313195010354,0.10911909928107438,0.11492103541624192,0.0058019361351675375,0.02499271684394241,0.02041272216482566,0.5479878106886916|-0.5860776835129106|0.6440052962530252,0.6069025333231065|-0.9820283050274513|0.28242926712382,0.19584881266263185|-0.6343039289829631|0.294637021545331
177,,contact,46,1.3461998461573202e-115,2,2,0,0,2,0,2,2,,0.14194676908664405,0.0027821529656648636,0.12616994208656251,0.012954509817063808,,0.12616994208656251,0.6935656303600536,0.6935656303600536,,,1.0,1.0,0,0.0,0.0,False,0.0013926018131235826,0.036024612598323374,13,0.003209678411143918,8,0.0,0,0.05402575244041863,0.018424463276229375,,0.0,0.0010623416915253954,,0.021449327420751636,0.12856650670278466,0.13068087422847308,0.0021143675256884154,0.026359689492246107,0.019436003746788773,0.11736156216501047,0.1269909620326677,0.00962939986765722,0.0252026447617157,0.019176936593622865,0.5482177737433758|-0.5925559128903555|0.6601661352442394,0.6252502176951349|-0.969205953270438|0.31159006884380974,0.2046663064080687|-0.6188419942430616|0.32565418629636744
178,,contact,47,1.2034725377003785e-120,2,2,0,0,2,0,2,2,,0.11462624394334853,0.0027945160400122404,0.09891251800581813,0.012889011995866895,,0.09891251800581813,0.6727267946571549,0.6727267946571549,,,1.0,1.0,0,0.0,0.0,False,0.001397991344852266,0.03525838184110633,14,0.0032372118068071387,9,0.0,0,0.06607095802164586,0.028364672690523562,,0.0,0.0014132402023528895,,0.02125212907674347,0.1450407403415181,0.13608053561728398,0.008960204724234117,0.026732469887721228,0.01932901479249381,0.12793315693065788,0.14042167815388576,0.012488521223227883,0.026061844136660746,0.01915265981530427,0.5429308863390938|-0.5979154238323212|0.673471930682246,0.6420125613756382|-0.9577055441602557|0.34245440218430956,0.21051519620296277|-0.6061791040472793|0.3512071093481981
179,,contact,48,8.378942533819369e-126,2,2,0,0,2,0,2,2,,0.10897651012055576,0.002828124910593033,0.09377505397424102,0.01234546396881342,,0.09377505397424102,0.6579826464179784,0.6579826464179784,,,1.0,1.0,0,0.0,0.0,False,0.001421844925332899,0.03438011444348307,14,0.0032177457428858303,9,0.0,0,0.08263703370101716,0.03878979379583214,,0.0,0.0014125386950730903,,0.021128470393635666,0.16799531309944574,0.1497620166507814,0.018233296448664338,0.027318820473565746,0.019275444653550574,0.1430239994661397,0.15136539611495253,0.008341396648812838,0.026047942983277703,0.019177574593548522,0.538540707537708|-0.5981527301071881|0.6849709143545017,0.6572721384645692|-0.9439256081765776|0.37796422569619004,0.2172324052045109|-0.5947164842175389|0.3779890871613744
180,,contact,49,4.543270750163927e-131,2,2,0,0,2,0,2,2,,0.10140759195201099,0.0028084369841963053,0.08657035301439464,0.012000609887763858,,0.08657035301439464,0.6622310618584595,0.6622310618584595,,,1.0,1.0,0,0.0,0.0,False,0.0014211343066211773,0.0332998645768009,14,0.0032865042744878725,9,0.0,0,0.10276563145278672,0.050268051917322865,,0.0,0.0013875916067638944,,0.021174573643350212,0.19553606696033513,0.17109449171321417,0.024441575247120956,0.027512787899048836,0.019471688813928224,0.1612148843364886,0.15997169300038747,0.0012431913361011238,0.02445007900509317,0.019260873990012205,0.5347956530117085|-0.6014796931629244|0.6960757916132232,0.6715642971430305|-0.9304837849060051|0.412230124045194,0.22664597864447142|-0.585379094131517|0.40714154894588234
181,,contact,50,1.918555668934785e-136,2,2,0,0,2,0,2,2,,0.09981157700531185,0.0028096851892769337,0.08487972803413868,0.012092130025848746,,0.08487972803413868,0.664889561175154,0.664889561175154,,,1.0,1.0,0,0.0,0.0,False,0.0014207350750814404,0.03204674357312329,15,0.0033173785393516286,9,0.0,0,0.12424154627856154,0.0652303478230003,,0.0,0.0014106771793972745,,0.02120703117769056,0.2254965775237558,0.19670229442753073,0.02879428309622506,0.027314833941077362,0.019622746249116838,0.18111092103285248,0.175045748840679,0.006065172192173479,0.025227893603669536,0.019337234051368935,0.5338530849792505|-0.6048973062666746|0.7065151595346618,0.6846703370552589|-0.9163411349577225|0.4459411946274072,0.23111324832461483|-0.5777067239122005|0.4359088375707798
182,,contact,51,6.3096689141609595e-142,2,2,0,0,2,0,2,2,,0.09865904902108014,0.002835803898051381,0.08376719290390611,0.012025685980916023,,0.08376719290390611,0.6807396471102225,0.6807396471102225,,,1.0,1.0,0,0.0,0.0,False,0.0014202568390994097,0.03069850385398834,15,0.003268673999005517,9,0.0,0,0.14410542746796828,0.07799514772266214,,0.0,0.0013785591808985814,,0.021466507713466663,0.2560121685361162,0.2227979191526112,0.03321424938350498,0.028335343141805913,0.019745847579146606,0.2015446298344794,0.18845371253703336,0.013090917297446047,0.024475182250135025,0.019779337288359906,0.5317539409352424|-0.6101030316155602|0.7172011698194672,0.69481283299586|-0.9044840524369622|0.47770116901316284,0.240523811585351|-0.5754745289412585|0.46574856590195723
183,,contact,52,1.616088413820251e-147,2,2,0,0,2,0,2,2,,0.09917400707490742,0.0027898941189050674,0.08411288121715188,0.012240299955010414,,0.08411288121715188,0.6904323130221823,0.6904323130221823,,,1.0,1.0,0,0.0,0.0,False,0.0014201383372603738,0.02958735334853063,11,0.003248747666651869,7,0.0,0,0.16532606327859511,0.09263017561322506,,0.0,0.0014132760948303187,,0.021589841427050713,0.2856512034311202,0.2500752252755744,0.03557597815554581,0.028694589006678137,0.02009629625107634,0.22180153031505706,0.2045918746407112,0.017209655674345847,0.023947095321784025,0.01991292815378486,0.5286368464526083|-0.6119065841858788|0.7267695351187521,0.7040337969968644|-0.8913691003452914|0.5088879774428411,0.24527950111813904|-0.5732790370312915|0.49160723298093334
184,,contact,53,3.223666022005199e-153,2,2,0,0,2,0,2,2,,0.09767440799623728,0.0028113380540162325,0.08267388911917806,0.01216010213829577,,0.08267388911917806,0.7120372372160346,0.7120372372160346,,,1.0,1.0,0,0.0,0.0,False,0.0014195163742958573,0.029515821362827294,11,0.003252260322485906,7,0.0,0,0.18627666874793647,0.11159979818848775,,0.0,0.0014103070993882927,,0.021895778890578536,0.3130544755253803,0.2779726694023651,0.0350818061230152,0.02691120614345211,0.01949482884240748,0.24108689094692043,0.2244820187962687,0.016604872150651734,0.024624352895669714,0.020355185511497568,0.5229286640582701|-0.6161688396033126|0.7364494713871794,0.7109590063345222|-0.877493649155465|0.5406120583856885,0.2512817294187103|-0.5693946519983889|0.5189568148805037
185,,contact,54,5.007965706612792e-159,2,2,0,0,2,0,2,2,,0.09629788296297193,0.0027832179330289364,0.08131596492603421,0.01217180909588933,,0.08131596492603421,0.7238823017466552,0.7238823017466552,,,1.0,1.0,0,0.0,0.0,False,0.0014467685870603285,0.029437424237337667,11,0.003276638306620089,7,0.0,0,0.19920146336980338,0.13116661638461835,,0.0,0.001420685377552568,,0.022076756584713822,0.33778397384238973,0.2985944165623784,0.03918955728001133,0.02749201586325788,0.019366176093243367,0.2589417099700439,0.24519949431048602,0.013742215659557883,0.026411247149201567,0.020080241386740826,0.5191277673145795|-0.6227712084842001|0.7457194958753517,0.7139305027666465|-0.8644512985833512|0.5642395605277629,0.2549499564531192|-0.5688897934695415|0.5469946086683081
186,,contact,55,6.058973183256686e-165,2,2,0,0,2,0,2,2,,0.09185699000954628,0.0027969060465693474,0.07718014880083501,0.011851667892187834,,0.07718014880083501,0.6703954718426739,0.6703954718426739,,,1.0,1.0,0,0.0,0.0,False,0.0013762713954328341,0.02913166774543069,11,0.0032708946587824417,7,0.0,0,0.21433375151696765,0.146769772165122,,0.0,0.0014166357938559205,,0.02144601054648696,0.359344136490238,0.32201605514706044,0.037328081343177555,0.024989242185690385,0.019355898882280533,0.27530081417143243,0.26288493010065467,0.01241588407077776,0.027558421438744478,0.020014066292856594,0.525088780186417|-0.6397812427882197|0.7555240460379528,0.7140983146962558|-0.8571575649545656|0.592747261102201,0.26210420192231487|-0.5704320296588019|0.571859450687957
187,,contact,56,5.709040105864101e-171,2,2,0,0,2,0,2,2,,0.08878592401742935,0.0028233439661562443,0.07408071705140173,0.011855578050017357,,0.07408071705140173,0.6648002919897402,0.6648002919897402,,,1.0,1.0,0,0.0,0.0,False,0.0014362492971445075,0.02889867903228807,11,0.003246855073097632,7,0.0,0,0.22034306464933628,0.15679170274940724,,0.0,0.0014188378701982612,,0.021443286139516973,0.3770095537397474,0.3365433349901049,0.04046621874964251,0.018332909226465355,0.020596704499133953,0.2895092066965269,0.27753441451163113,0.011974792184895777,0.026721703557409764,0.019376550052438893,0.5229035732103826|-0.6529399020463905|0.764096811642854,0.706717301992423|-0.8462629976736934|0.6140108544393659,0.26322892277395216|-0.5795698860330246|0.5946104787804412
188,,contact,57,4.189416482625785e-177,2,2,0,0,2,0,2,2,,0.08671885798685253,0.0027696730103343725,0.07212803605943918,0.01179188909009099,,0.07212803605943918,0.6403973352262282,0.6403973352262282,,,1.0,1.0,0,0.0,0.0,False,0.0014109036020559865,0.028470976872238152,11,0.0032757478639100224,7,0.0,0,0.24530476751118968,0.16427424480607655,,0.0,0.0014422028360623195,,0.021069759385768855,0.39003915902423797,0.36304264101004113,0.026996518014196835,0.013698282003755136,0.033647891030628596,0.30052213316320486,0.28802962235609536,0.012492510807109503,0.024066360643284122,0.019526461534214258,0.5185660810373592|-0.6670847037896688|0.7703504735884711,0.7086060267751577|-0.8249734101894379|0.6406616984724822,0.2671431775840956|-0.5884346705521821|0.6116359330213245
189,,contact,58,2.394254760948756e-183,2,2,0,0,2,0,2,2,,0.0906121670268476,0.002775407861918211,0.07595235900953412,0.011855378048494458,,0.07595235900953412,0.6284993755958622,0.6284993755958622,,,1.0,1.0,0,0.0,0.0,False,0.0013786216337966471,0.0279989639223385,11,0.0032510369856921795,7,0.0,0,0.24971998150429897,0.1679063954090516,,0.0,0.0014425484262190708,,0.020990165810415268,0.3983120323993477,0.371744738574937,0.026567293824410698,0.013413818704149946,0.03144492929441709,0.3083592293239548,0.2966886274120856,0.011670601911869194,0.02107542151420838,0.018849609169531458,0.52045781473935|-0.6877522361527052|0.7721463199810085,0.7087582300600103|-0.825172297751364|0.6507898918762323,0.2745816665773184|-0.6053948591497417|0.6293751232535278
190,,contact,59,1.065647478940987e-189,2,2,0,0,2,0,2,2,,0.09089122293516994,0.0027669828850775957,0.0765464911237359,0.011550452094525099,,0.0765464911237359,0.5977074021868073,0.5977074021868073,,,1.0,1.0,0,0.0,0.0,False,0.001397779821270883,0.027449484406540242,11,0.00328116008836285,7,0.0,0,0.25352087479078556,0.1706303384317156,,0.0,0.0010873689351647807,,0.020632013430812713,0.40278409391672254,0.37867596697335654,0.024108126943366004,0.012509559203006228,0.0302299628902849,0.31361655247816944,0.3050846297959277,0.008531922682241733,0.02099042367587885,0.018478225958611743,0.5233813410886635|-0.7061274534666696|0.7725049226248242,0.7072643245737108|-0.8248150765223202|0.6595631894300552,0.2770758425456093|-0.6151149760188945|0.6419723727690155
191,,contact,60,3.693883068487256e-196,2,2,0,0,2,0,2,2,,0.08881394402123988,0.002792106941342354,0.07446184917353094,0.011533902958035469,,0.07446184917353094,0.5797508044575079,0.5797508044575079,,,1.0,1.0,0,0.0,0.0,False,0.0014050862548226836,0.027029850758005264,11,0.003271797423049755,7,0.0,0,0.2587640090250467,0.16797551627631968,,0.0,0.0012594336031957509,,0.020453802121087165,0.4038420920325744,0.3858473398484322,0.01799475218414215,0.015253527953504991,,0.3166459060158779,0.3081178323092249,0.008528073706652983,0.018898220551923108,0.018129175510066653,0.5264830671914671|-0.7207120148923204|0.7727142555313213,0.70796085772348|-0.823565374299452|0.6672262172103206,0.28361268984644866|-0.6261985009482125|0.6492438575277297
192,,contact,61,9.971927325624807e-203,2,2,0,0,2,0,2,2,,0.08928473107516766,0.002763531869277358,0.07493197708390653,0.011561146005988121,,0.07493197708390653,0.5805667077062774,0.5805667077062774,,,1.0,1.0,0,0.0,0.0,False,0.001396745748978974,0.02796656787464541,11,0.0032728570565166704,7,0.0,0,0.2558410783223657,0.16162101576431276,,0.0,0.0012486011331839786,,0.020605589169880544,0.40227656445836085,0.38488844296497904,0.017388121493381814,0.01750798597792967,,0.3184100408027123,0.30878260248359246,0.00962743831911983,0.015145517437149661,0.01892215486768384,0.5325195113386593|-0.7376263425267197|0.7711462288188194,0.708512194792836|-0.8357674039805071|0.667795275207683,0.2918868590694128|-0.6406422903055493|0.6542637765604453
193,,contact,62,2.0965317582885168e-209,2,2,0,0,2,0,2,2,,0.1151138108689338,0.0027905369643121958,0.10036679916083813,0.011927610030397773,,0.10036679916083813,0.5741686959678631,0.5741686959678631,,,1.0,1.0,0,0.0,0.0,False,0.0014137323305182352,0.02873369023544814,11,0.0032953839276314845,7,0.0,0,0.24756072107185467,0.15808668172553375,,0.0,0.0014151865954973911,,0.020517906559642935,0.39822651118405494,0.37912206835477763,0.019104442829277313,0.01789638754438794,0.02122290317299761,0.3193566613925735,0.3109872356673556,0.008369425725217927,0.015307853500164382,0.01993135485130372,0.5361406946932253|-0.7567505334002984|0.7694487270123944,0.7078947299517883|-0.861672804718641|0.6642364445432298,0.29662587048677297|-0.6560106662836266|0.6597758341489591
194,,contact,63,3.432813154578963e-216,2,2,0,0,2,0,2,2,,0.09730072901584208,0.0036819151137024164,0.08118401700630784,0.012405222980305552,,0.08118401700630784,0.569442669186914,0.569442669186914,,,1.0,1.0,0,0.0,0.0,False,0.0014120606159235861,0.029008414323094145,13,0.0033404760773517728,8,0.0,0,0.23941860506873347,0.15414347407277873,,0.0,0.001213417140532348,,0.020424091251096527,0.3923473930866343,0.3742609528820164,0.018086440204617915,0.01918546873910464,0.021744878449148648,0.31994222454913385,0.31253955145299933,0.0074026730961345155,0.014263433137900518,0.0201547831574057,0.5418817740848393|-0.7744165500971129|0.7684210289887775,0.7055536124514512|-0.8857441661904798|0.6607633574878629,0.3031127504979491|-0.6730750781397992|0.6640188770158004
195,,contact,64,4.377491037053051e-223,2,2,0,0,2,0,2,2,,0.09977241395972669,0.00279429298825562,0.08421027683652937,0.012736148200929165,,0.08421027683652937,0.5674239362229385,0.5674239362229385,,,1.0,1.0,0,0.0,0.0,False,0.0019122808453050089,0.029191013654594894,12,0.003311939486839499,5,0.0,0,0.23602984326486975,0.1540667352981231,,0.0,0.0014263913876042115,,0.020321306508058485,0.3863443280470266,0.3730605538622796,0.013283774184747021,0.020577644684780325,0.021394974446904053,0.3212678924959147,0.31643552792274027,0.00483236457317443,0.011781012423684942,0.019344815261293925,0.5520294152226278|-0.7912596961341855|0.7690360144118606,0.7075870814756073|-0.9122082680535186|0.6570180237151046,0.3186295776015899|-0.6917762944815307|0.6696437085837962
